ISO-10303-21;
HEADER;
FILE_DESCRIPTION(('STEP AP242'),'1');
FILE_NAME('3209516.stp','2025-07-02T08:26:25',('TraceParts'),('TraceParts S.A.'),'Spatial InterOp 3D',' ',' ');
FILE_SCHEMA(('AP242_MANAGED_MODEL_BASED_3D_ENGINEERING_MIM_LF  {1 0 10303 442 1 1 4}'));
ENDSEC;
DATA;
#1=MECHANICAL_DESIGN_GEOMETRIC_PRESENTATION_REPRESENTATION(' ',(#10,#11,#12,#13,#14,#15,#16,#17,#18,#19,#20,#21,#22,#23,#24,#25,#26,#27,#28,#29,#30,#31,#32,#33,#34,#35,#36,#37,#38,#39,#40,#41,#42,#43,#44,#45,#46,#47,#48,#49,#50,#51,#52,#53,#54,#55,#56,#57,#58,#59,#60,#61,#62,#63,#64,#65,#66,#67,#68,#69,#70,#71,#72,#73,#74,#75,#76,#77,#78,#79,#80,#81,#82,#83,#84,#85,#86,#87,#88,#89,#90,#91,#92,#93,#94,#95,#96,#97,#98,#99,#100,#101,#102,#103,#104,#105,#106,#107,#108,#109,#110,#111,#112,#113,#114,#115,#116,#117,#118,#119,#120,#121,#122,#123,#124,#125,#126,#127,#128,#129,#130,#131,#132,#133,#134,#135,#136,#137,#138,#139,#140,#141,#142,#143,#144,#145,#146,#147,#148,#149,#150,#151,#152,#153,#154,#155,#156,#157,#158,#159,#160,#161,#162,#163,#164,#165,#166,#167,#168,#169,#170,#171,#172,#173,#174,#175,#176,#177,#178,#179,#180,#181,#182,#183,#184,#185,#186,#187,#188,#189,#190,#191,#192,#193,#194,#195,#196,#197,#198,#199,#200,#201,#202,#203,#204,#205,#206,#207,#208,#209,#210,#211,#212,#213,#214,#215,#216,#217,#218,#219,#220,#221,#222,#223,#224,#225),#6);
#2=PRODUCT_DEFINITION_CONTEXT('',#226,'design');
#3=APPLICATION_PROTOCOL_DEFINITION('INTERNATIONAL STANDARD','ap242_managed_model_based_3d_engineering',2014,#226);
#4=PRODUCT_CATEGORY_RELATIONSHIP('NONE','NONE',#227,#228);
#5=SHAPE_DEFINITION_REPRESENTATION(#229,#230);
#6= (GEOMETRIC_REPRESENTATION_CONTEXT(3)GLOBAL_UNCERTAINTY_ASSIGNED_CONTEXT((#233))GLOBAL_UNIT_ASSIGNED_CONTEXT((#235,#236,#237))REPRESENTATION_CONTEXT('NONE','WORKSPACE'));
#10=STYLED_ITEM('',(#239),#240);
#11=STYLED_ITEM('',(#241),#242);
#12=STYLED_ITEM('',(#243),#244);
#13=STYLED_ITEM('',(#245),#246);
#14=STYLED_ITEM('',(#247),#248);
#15=STYLED_ITEM('',(#249),#250);
#16=STYLED_ITEM('',(#251),#252);
#17=STYLED_ITEM('',(#253),#254);
#18=STYLED_ITEM('',(#255),#256);
#19=STYLED_ITEM('',(#257),#258);
#20=STYLED_ITEM('',(#259),#260);
#21=STYLED_ITEM('',(#261),#262);
#22=STYLED_ITEM('',(#263),#264);
#23=STYLED_ITEM('',(#265),#266);
#24=STYLED_ITEM('',(#267),#268);
#25=STYLED_ITEM('',(#269),#270);
#26=STYLED_ITEM('',(#271),#272);
#27=STYLED_ITEM('',(#273),#274);
#28=STYLED_ITEM('',(#275),#276);
#29=STYLED_ITEM('',(#277),#278);
#30=STYLED_ITEM('',(#279),#280);
#31=STYLED_ITEM('',(#281),#282);
#32=STYLED_ITEM('',(#283),#284);
#33=STYLED_ITEM('',(#285),#286);
#34=STYLED_ITEM('',(#287),#288);
#35=STYLED_ITEM('',(#289),#290);
#36=STYLED_ITEM('',(#291),#292);
#37=STYLED_ITEM('',(#293),#294);
#38=STYLED_ITEM('',(#295),#296);
#39=STYLED_ITEM('',(#297),#298);
#40=STYLED_ITEM('',(#299),#300);
#41=STYLED_ITEM('',(#301),#302);
#42=STYLED_ITEM('',(#303),#304);
#43=STYLED_ITEM('',(#305),#306);
#44=STYLED_ITEM('',(#307),#308);
#45=STYLED_ITEM('',(#309),#310);
#46=STYLED_ITEM('',(#311),#312);
#47=STYLED_ITEM('',(#313),#314);
#48=STYLED_ITEM('',(#315),#316);
#49=STYLED_ITEM('',(#317),#318);
#50=STYLED_ITEM('',(#319),#320);
#51=STYLED_ITEM('',(#321),#322);
#52=STYLED_ITEM('',(#323),#324);
#53=STYLED_ITEM('',(#325),#326);
#54=STYLED_ITEM('',(#327),#328);
#55=STYLED_ITEM('',(#329),#330);
#56=STYLED_ITEM('',(#331),#332);
#57=STYLED_ITEM('',(#333),#334);
#58=STYLED_ITEM('',(#335),#336);
#59=STYLED_ITEM('',(#337),#338);
#60=STYLED_ITEM('',(#339),#340);
#61=STYLED_ITEM('',(#341),#342);
#62=STYLED_ITEM('',(#343),#344);
#63=STYLED_ITEM('',(#345),#346);
#64=STYLED_ITEM('',(#347),#348);
#65=STYLED_ITEM('',(#349),#350);
#66=STYLED_ITEM('',(#351),#352);
#67=STYLED_ITEM('',(#353),#354);
#68=STYLED_ITEM('',(#355),#356);
#69=STYLED_ITEM('',(#357),#358);
#70=STYLED_ITEM('',(#359),#360);
#71=STYLED_ITEM('',(#361),#362);
#72=STYLED_ITEM('',(#363),#364);
#73=STYLED_ITEM('',(#365),#366);
#74=STYLED_ITEM('',(#367),#368);
#75=STYLED_ITEM('',(#369),#370);
#76=STYLED_ITEM('',(#371),#372);
#77=STYLED_ITEM('',(#373),#374);
#78=STYLED_ITEM('',(#375),#376);
#79=STYLED_ITEM('',(#377),#378);
#80=STYLED_ITEM('',(#379),#380);
#81=STYLED_ITEM('',(#381),#382);
#82=STYLED_ITEM('',(#383),#384);
#83=STYLED_ITEM('',(#385),#386);
#84=STYLED_ITEM('',(#387),#388);
#85=STYLED_ITEM('',(#389),#390);
#86=STYLED_ITEM('',(#391),#392);
#87=STYLED_ITEM('',(#393),#394);
#88=STYLED_ITEM('',(#395),#396);
#89=STYLED_ITEM('',(#397),#398);
#90=STYLED_ITEM('',(#399),#400);
#91=STYLED_ITEM('',(#401),#402);
#92=STYLED_ITEM('',(#403),#404);
#93=STYLED_ITEM('',(#405),#406);
#94=STYLED_ITEM('',(#407),#408);
#95=STYLED_ITEM('',(#409),#410);
#96=STYLED_ITEM('',(#411),#412);
#97=STYLED_ITEM('',(#413),#414);
#98=STYLED_ITEM('',(#415),#416);
#99=STYLED_ITEM('',(#417),#418);
#100=STYLED_ITEM('',(#419),#420);
#101=STYLED_ITEM('',(#421),#422);
#102=STYLED_ITEM('',(#423),#424);
#103=STYLED_ITEM('',(#425),#426);
#104=STYLED_ITEM('',(#427),#428);
#105=STYLED_ITEM('',(#429),#430);
#106=STYLED_ITEM('',(#431),#432);
#107=STYLED_ITEM('',(#433),#434);
#108=STYLED_ITEM('',(#435),#436);
#109=STYLED_ITEM('',(#437),#438);
#110=STYLED_ITEM('',(#439),#440);
#111=STYLED_ITEM('',(#441),#442);
#112=STYLED_ITEM('',(#443),#444);
#113=STYLED_ITEM('',(#445),#446);
#114=STYLED_ITEM('',(#447),#448);
#115=STYLED_ITEM('',(#449),#450);
#116=STYLED_ITEM('',(#451),#452);
#117=STYLED_ITEM('',(#453),#454);
#118=STYLED_ITEM('',(#455),#456);
#119=STYLED_ITEM('',(#457),#458);
#120=STYLED_ITEM('',(#459),#460);
#121=STYLED_ITEM('',(#461),#462);
#122=STYLED_ITEM('',(#463),#464);
#123=STYLED_ITEM('',(#465),#466);
#124=STYLED_ITEM('',(#467),#468);
#125=STYLED_ITEM('',(#469),#470);
#126=STYLED_ITEM('',(#471),#472);
#127=STYLED_ITEM('',(#473),#474);
#128=STYLED_ITEM('',(#475),#476);
#129=STYLED_ITEM('',(#477),#478);
#130=STYLED_ITEM('',(#479),#480);
#131=STYLED_ITEM('',(#481),#482);
#132=STYLED_ITEM('',(#483),#484);
#133=STYLED_ITEM('',(#485),#486);
#134=STYLED_ITEM('',(#487),#488);
#135=STYLED_ITEM('',(#489),#490);
#136=STYLED_ITEM('',(#491),#492);
#137=STYLED_ITEM('',(#493),#494);
#138=STYLED_ITEM('',(#495),#496);
#139=STYLED_ITEM('',(#497),#498);
#140=STYLED_ITEM('',(#499),#500);
#141=STYLED_ITEM('',(#501),#502);
#142=STYLED_ITEM('',(#503),#504);
#143=STYLED_ITEM('',(#505),#506);
#144=STYLED_ITEM('',(#507),#508);
#145=STYLED_ITEM('',(#509),#510);
#146=STYLED_ITEM('',(#511),#512);
#147=STYLED_ITEM('',(#513),#514);
#148=STYLED_ITEM('',(#515),#516);
#149=STYLED_ITEM('',(#517),#518);
#150=STYLED_ITEM('',(#519),#520);
#151=STYLED_ITEM('',(#521),#522);
#152=STYLED_ITEM('',(#523),#524);
#153=STYLED_ITEM('',(#525),#526);
#154=STYLED_ITEM('',(#527),#528);
#155=STYLED_ITEM('',(#529),#530);
#156=STYLED_ITEM('',(#531),#532);
#157=STYLED_ITEM('',(#533),#534);
#158=STYLED_ITEM('',(#535),#536);
#159=STYLED_ITEM('',(#537),#538);
#160=STYLED_ITEM('',(#539),#540);
#161=STYLED_ITEM('',(#541),#542);
#162=STYLED_ITEM('',(#543),#544);
#163=STYLED_ITEM('',(#545),#546);
#164=STYLED_ITEM('',(#547),#548);
#165=STYLED_ITEM('',(#549),#550);
#166=STYLED_ITEM('',(#551),#552);
#167=STYLED_ITEM('',(#553),#554);
#168=STYLED_ITEM('',(#555),#556);
#169=STYLED_ITEM('',(#557),#558);
#170=STYLED_ITEM('',(#559),#560);
#171=STYLED_ITEM('',(#561),#562);
#172=STYLED_ITEM('',(#563),#564);
#173=STYLED_ITEM('',(#565),#566);
#174=STYLED_ITEM('',(#567),#568);
#175=STYLED_ITEM('',(#569),#570);
#176=STYLED_ITEM('',(#571),#572);
#177=STYLED_ITEM('',(#573),#574);
#178=STYLED_ITEM('',(#575),#576);
#179=STYLED_ITEM('',(#577),#578);
#180=STYLED_ITEM('',(#579),#580);
#181=STYLED_ITEM('',(#581),#582);
#182=STYLED_ITEM('',(#583),#584);
#183=STYLED_ITEM('',(#585),#586);
#184=STYLED_ITEM('',(#587),#588);
#185=STYLED_ITEM('',(#589),#590);
#186=STYLED_ITEM('',(#591),#592);
#187=STYLED_ITEM('',(#593),#594);
#188=STYLED_ITEM('',(#595),#596);
#189=STYLED_ITEM('',(#597),#598);
#190=STYLED_ITEM('',(#599),#600);
#191=STYLED_ITEM('',(#601),#602);
#192=STYLED_ITEM('',(#603),#604);
#193=STYLED_ITEM('',(#605),#606);
#194=STYLED_ITEM('',(#607),#608);
#195=STYLED_ITEM('',(#609),#610);
#196=STYLED_ITEM('',(#611),#612);
#197=STYLED_ITEM('',(#613),#614);
#198=STYLED_ITEM('',(#615),#616);
#199=STYLED_ITEM('',(#617),#618);
#200=STYLED_ITEM('',(#619),#620);
#201=STYLED_ITEM('',(#621),#622);
#202=STYLED_ITEM('',(#623),#624);
#203=STYLED_ITEM('',(#625),#626);
#204=STYLED_ITEM('',(#627),#628);
#205=STYLED_ITEM('',(#629),#630);
#206=STYLED_ITEM('',(#631),#632);
#207=STYLED_ITEM('',(#633),#634);
#208=STYLED_ITEM('',(#635),#636);
#209=STYLED_ITEM('',(#637),#638);
#210=STYLED_ITEM('',(#639),#640);
#211=STYLED_ITEM('',(#641),#642);
#212=STYLED_ITEM('',(#643),#644);
#213=STYLED_ITEM('',(#645),#646);
#214=STYLED_ITEM('',(#647),#648);
#215=STYLED_ITEM('',(#649),#650);
#216=STYLED_ITEM('',(#651),#652);
#217=STYLED_ITEM('',(#653),#654);
#218=STYLED_ITEM('',(#655),#656);
#219=STYLED_ITEM('',(#657),#658);
#220=STYLED_ITEM('',(#659),#660);
#221=STYLED_ITEM('',(#661),#662);
#222=STYLED_ITEM('',(#663),#664);
#223=STYLED_ITEM('',(#665),#666);
#224=STYLED_ITEM('',(#667),#668);
#225=STYLED_ITEM('',(#669),#670);
#226=APPLICATION_CONTEXT('managed model based 3d engineering');
#227=PRODUCT_CATEGORY('part','NONE');
#228=PRODUCT_RELATED_PRODUCT_CATEGORY('detail',' ',(#671));
#229=PRODUCT_DEFINITION_SHAPE('NONE','NONE',#672);
#230=ADVANCED_BREP_SHAPE_REPRESENTATION('PTU_2.5_TWIN_BU-select|1#PTU_2.5_TWIN_BU-select;PTU_2.5_TWIN_BU-select',(#670,#673),#6);
#233=UNCERTAINTY_MEASURE_WITH_UNIT(LENGTH_MEASURE(1.0E-06),#235,'','');
#235= (CONVERSION_BASED_UNIT('MILLIMETRE',#676)LENGTH_UNIT()NAMED_UNIT(#679));
#236= (NAMED_UNIT(#681)PLANE_ANGLE_UNIT()SI_UNIT($,.RADIAN.));
#237= (NAMED_UNIT(#681)SOLID_ANGLE_UNIT()SI_UNIT($,.STERADIAN.));
#239=PRESENTATION_STYLE_ASSIGNMENT((#687));
#240=ADVANCED_FACE('',(#688),#689,.F.);
#241=PRESENTATION_STYLE_ASSIGNMENT((#690));
#242=ADVANCED_FACE('',(#691),#692,.F.);
#243=PRESENTATION_STYLE_ASSIGNMENT((#693));
#244=ADVANCED_FACE('',(#694),#695,.F.);
#245=PRESENTATION_STYLE_ASSIGNMENT((#696));
#246=ADVANCED_FACE('',(#697),#698,.F.);
#247=PRESENTATION_STYLE_ASSIGNMENT((#699));
#248=ADVANCED_FACE('',(#700),#701,.F.);
#249=PRESENTATION_STYLE_ASSIGNMENT((#702));
#250=ADVANCED_FACE('',(#703),#704,.F.);
#251=PRESENTATION_STYLE_ASSIGNMENT((#705));
#252=ADVANCED_FACE('',(#706),#707,.F.);
#253=PRESENTATION_STYLE_ASSIGNMENT((#708));
#254=ADVANCED_FACE('',(#709),#710,.F.);
#255=PRESENTATION_STYLE_ASSIGNMENT((#711));
#256=ADVANCED_FACE('',(#712),#713,.F.);
#257=PRESENTATION_STYLE_ASSIGNMENT((#714));
#258=ADVANCED_FACE('',(#715),#716,.F.);
#259=PRESENTATION_STYLE_ASSIGNMENT((#717));
#260=ADVANCED_FACE('',(#718),#719,.F.);
#261=PRESENTATION_STYLE_ASSIGNMENT((#720));
#262=ADVANCED_FACE('',(#721),#722,.F.);
#263=PRESENTATION_STYLE_ASSIGNMENT((#723));
#264=ADVANCED_FACE('',(#724),#725,.F.);
#265=PRESENTATION_STYLE_ASSIGNMENT((#726));
#266=ADVANCED_FACE('',(#727),#728,.T.);
#267=PRESENTATION_STYLE_ASSIGNMENT((#729));
#268=ADVANCED_FACE('',(#730),#731,.F.);
#269=PRESENTATION_STYLE_ASSIGNMENT((#732));
#270=ADVANCED_FACE('',(#733),#734,.F.);
#271=PRESENTATION_STYLE_ASSIGNMENT((#735));
#272=ADVANCED_FACE('',(#736),#737,.T.);
#273=PRESENTATION_STYLE_ASSIGNMENT((#738));
#274=ADVANCED_FACE('',(#739),#740,.F.);
#275=PRESENTATION_STYLE_ASSIGNMENT((#741));
#276=ADVANCED_FACE('',(#742),#743,.F.);
#277=PRESENTATION_STYLE_ASSIGNMENT((#744));
#278=ADVANCED_FACE('',(#745),#746,.T.);
#279=PRESENTATION_STYLE_ASSIGNMENT((#747));
#280=ADVANCED_FACE('',(#748),#749,.F.);
#281=PRESENTATION_STYLE_ASSIGNMENT((#750));
#282=ADVANCED_FACE('',(#751),#752,.T.);
#283=PRESENTATION_STYLE_ASSIGNMENT((#753));
#284=ADVANCED_FACE('',(#754),#755,.F.);
#285=PRESENTATION_STYLE_ASSIGNMENT((#756));
#286=ADVANCED_FACE('',(#757),#758,.T.);
#287=PRESENTATION_STYLE_ASSIGNMENT((#759));
#288=ADVANCED_FACE('',(#760),#761,.F.);
#289=PRESENTATION_STYLE_ASSIGNMENT((#762));
#290=ADVANCED_FACE('',(#763),#764,.F.);
#291=PRESENTATION_STYLE_ASSIGNMENT((#765));
#292=ADVANCED_FACE('',(#766),#767,.F.);
#293=PRESENTATION_STYLE_ASSIGNMENT((#768));
#294=ADVANCED_FACE('',(#769),#770,.F.);
#295=PRESENTATION_STYLE_ASSIGNMENT((#771));
#296=ADVANCED_FACE('',(#772),#773,.F.);
#297=PRESENTATION_STYLE_ASSIGNMENT((#774));
#298=ADVANCED_FACE('',(#775),#776,.F.);
#299=PRESENTATION_STYLE_ASSIGNMENT((#777));
#300=ADVANCED_FACE('',(#778),#779,.F.);
#301=PRESENTATION_STYLE_ASSIGNMENT((#780));
#302=ADVANCED_FACE('',(#781),#782,.F.);
#303=PRESENTATION_STYLE_ASSIGNMENT((#783));
#304=ADVANCED_FACE('',(#784),#785,.F.);
#305=PRESENTATION_STYLE_ASSIGNMENT((#786));
#306=ADVANCED_FACE('',(#787,#788,#789),#790,.F.);
#307=PRESENTATION_STYLE_ASSIGNMENT((#791));
#308=ADVANCED_FACE('',(#792),#793,.F.);
#309=PRESENTATION_STYLE_ASSIGNMENT((#794));
#310=ADVANCED_FACE('',(#795),#796,.F.);
#311=PRESENTATION_STYLE_ASSIGNMENT((#797));
#312=ADVANCED_FACE('',(#798),#799,.F.);
#313=PRESENTATION_STYLE_ASSIGNMENT((#800));
#314=ADVANCED_FACE('',(#801),#802,.F.);
#315=PRESENTATION_STYLE_ASSIGNMENT((#803));
#316=ADVANCED_FACE('',(#804),#805,.F.);
#317=PRESENTATION_STYLE_ASSIGNMENT((#806));
#318=ADVANCED_FACE('',(#807),#808,.F.);
#319=PRESENTATION_STYLE_ASSIGNMENT((#809));
#320=ADVANCED_FACE('',(#810),#811,.F.);
#321=PRESENTATION_STYLE_ASSIGNMENT((#812));
#322=ADVANCED_FACE('',(#813),#814,.F.);
#323=PRESENTATION_STYLE_ASSIGNMENT((#815));
#324=ADVANCED_FACE('',(#816),#817,.F.);
#325=PRESENTATION_STYLE_ASSIGNMENT((#818));
#326=ADVANCED_FACE('',(#819),#820,.F.);
#327=PRESENTATION_STYLE_ASSIGNMENT((#821));
#328=ADVANCED_FACE('',(#822),#823,.F.);
#329=PRESENTATION_STYLE_ASSIGNMENT((#824));
#330=ADVANCED_FACE('',(#825),#826,.F.);
#331=PRESENTATION_STYLE_ASSIGNMENT((#827));
#332=ADVANCED_FACE('',(#828),#829,.T.);
#333=PRESENTATION_STYLE_ASSIGNMENT((#830));
#334=ADVANCED_FACE('',(#831),#832,.F.);
#335=PRESENTATION_STYLE_ASSIGNMENT((#833));
#336=ADVANCED_FACE('',(#834),#835,.F.);
#337=PRESENTATION_STYLE_ASSIGNMENT((#836));
#338=ADVANCED_FACE('',(#837),#838,.F.);
#339=PRESENTATION_STYLE_ASSIGNMENT((#839));
#340=ADVANCED_FACE('',(#840),#841,.F.);
#341=PRESENTATION_STYLE_ASSIGNMENT((#842));
#342=ADVANCED_FACE('',(#843),#844,.F.);
#343=PRESENTATION_STYLE_ASSIGNMENT((#845));
#344=ADVANCED_FACE('',(#846),#847,.T.);
#345=PRESENTATION_STYLE_ASSIGNMENT((#848));
#346=ADVANCED_FACE('',(#849),#850,.T.);
#347=PRESENTATION_STYLE_ASSIGNMENT((#851));
#348=ADVANCED_FACE('',(#852),#853,.T.);
#349=PRESENTATION_STYLE_ASSIGNMENT((#854));
#350=ADVANCED_FACE('',(#855),#856,.F.);
#351=PRESENTATION_STYLE_ASSIGNMENT((#857));
#352=ADVANCED_FACE('',(#858),#859,.T.);
#353=PRESENTATION_STYLE_ASSIGNMENT((#860));
#354=ADVANCED_FACE('',(#861),#862,.F.);
#355=PRESENTATION_STYLE_ASSIGNMENT((#863));
#356=ADVANCED_FACE('',(#864),#865,.F.);
#357=PRESENTATION_STYLE_ASSIGNMENT((#866));
#358=ADVANCED_FACE('',(#867),#868,.F.);
#359=PRESENTATION_STYLE_ASSIGNMENT((#869));
#360=ADVANCED_FACE('',(#870),#871,.F.);
#361=PRESENTATION_STYLE_ASSIGNMENT((#872));
#362=ADVANCED_FACE('',(#873),#874,.F.);
#363=PRESENTATION_STYLE_ASSIGNMENT((#875));
#364=ADVANCED_FACE('',(#876),#877,.F.);
#365=PRESENTATION_STYLE_ASSIGNMENT((#878));
#366=ADVANCED_FACE('',(#879),#880,.F.);
#367=PRESENTATION_STYLE_ASSIGNMENT((#881));
#368=ADVANCED_FACE('',(#882),#883,.F.);
#369=PRESENTATION_STYLE_ASSIGNMENT((#884));
#370=ADVANCED_FACE('',(#885),#886,.F.);
#371=PRESENTATION_STYLE_ASSIGNMENT((#887));
#372=ADVANCED_FACE('',(#888),#889,.F.);
#373=PRESENTATION_STYLE_ASSIGNMENT((#890));
#374=ADVANCED_FACE('',(#891),#892,.F.);
#375=PRESENTATION_STYLE_ASSIGNMENT((#893));
#376=ADVANCED_FACE('',(#894),#895,.F.);
#377=PRESENTATION_STYLE_ASSIGNMENT((#896));
#378=ADVANCED_FACE('',(#897),#898,.F.);
#379=PRESENTATION_STYLE_ASSIGNMENT((#899));
#380=ADVANCED_FACE('',(#900),#901,.F.);
#381=PRESENTATION_STYLE_ASSIGNMENT((#902));
#382=ADVANCED_FACE('',(#903),#904,.F.);
#383=PRESENTATION_STYLE_ASSIGNMENT((#905));
#384=ADVANCED_FACE('',(#906),#907,.T.);
#385=PRESENTATION_STYLE_ASSIGNMENT((#908));
#386=ADVANCED_FACE('',(#909),#910,.T.);
#387=PRESENTATION_STYLE_ASSIGNMENT((#911));
#388=ADVANCED_FACE('',(#912),#913,.T.);
#389=PRESENTATION_STYLE_ASSIGNMENT((#914));
#390=ADVANCED_FACE('',(#915),#916,.T.);
#391=PRESENTATION_STYLE_ASSIGNMENT((#917));
#392=ADVANCED_FACE('',(#918),#919,.F.);
#393=PRESENTATION_STYLE_ASSIGNMENT((#920));
#394=ADVANCED_FACE('',(#921),#922,.T.);
#395=PRESENTATION_STYLE_ASSIGNMENT((#923));
#396=ADVANCED_FACE('',(#924),#925,.F.);
#397=PRESENTATION_STYLE_ASSIGNMENT((#926));
#398=ADVANCED_FACE('',(#927),#928,.T.);
#399=PRESENTATION_STYLE_ASSIGNMENT((#929));
#400=ADVANCED_FACE('',(#930),#931,.T.);
#401=PRESENTATION_STYLE_ASSIGNMENT((#932));
#402=ADVANCED_FACE('',(#933),#934,.F.);
#403=PRESENTATION_STYLE_ASSIGNMENT((#935));
#404=ADVANCED_FACE('',(#936),#937,.T.);
#405=PRESENTATION_STYLE_ASSIGNMENT((#938));
#406=ADVANCED_FACE('',(#939),#940,.T.);
#407=PRESENTATION_STYLE_ASSIGNMENT((#941));
#408=ADVANCED_FACE('',(#942),#943,.F.);
#409=PRESENTATION_STYLE_ASSIGNMENT((#944));
#410=ADVANCED_FACE('',(#945),#946,.T.);
#411=PRESENTATION_STYLE_ASSIGNMENT((#947));
#412=ADVANCED_FACE('',(#948),#949,.T.);
#413=PRESENTATION_STYLE_ASSIGNMENT((#950));
#414=ADVANCED_FACE('',(#951),#952,.T.);
#415=PRESENTATION_STYLE_ASSIGNMENT((#953));
#416=ADVANCED_FACE('',(#954),#955,.T.);
#417=PRESENTATION_STYLE_ASSIGNMENT((#956));
#418=ADVANCED_FACE('',(#957),#958,.T.);
#419=PRESENTATION_STYLE_ASSIGNMENT((#959));
#420=ADVANCED_FACE('',(#960),#961,.F.);
#421=PRESENTATION_STYLE_ASSIGNMENT((#962));
#422=ADVANCED_FACE('',(#963),#964,.T.);
#423=PRESENTATION_STYLE_ASSIGNMENT((#965));
#424=ADVANCED_FACE('',(#966),#967,.F.);
#425=PRESENTATION_STYLE_ASSIGNMENT((#968));
#426=ADVANCED_FACE('',(#969),#970,.F.);
#427=PRESENTATION_STYLE_ASSIGNMENT((#971));
#428=ADVANCED_FACE('',(#972),#973,.F.);
#429=PRESENTATION_STYLE_ASSIGNMENT((#974));
#430=ADVANCED_FACE('',(#975),#976,.T.);
#431=PRESENTATION_STYLE_ASSIGNMENT((#977));
#432=ADVANCED_FACE('',(#978),#979,.F.);
#433=PRESENTATION_STYLE_ASSIGNMENT((#980));
#434=ADVANCED_FACE('',(#981),#982,.T.);
#435=PRESENTATION_STYLE_ASSIGNMENT((#983));
#436=ADVANCED_FACE('',(#984),#985,.F.);
#437=PRESENTATION_STYLE_ASSIGNMENT((#986));
#438=ADVANCED_FACE('',(#987),#988,.F.);
#439=PRESENTATION_STYLE_ASSIGNMENT((#989));
#440=ADVANCED_FACE('',(#990),#991,.F.);
#441=PRESENTATION_STYLE_ASSIGNMENT((#992));
#442=ADVANCED_FACE('',(#993),#994,.F.);
#443=PRESENTATION_STYLE_ASSIGNMENT((#995));
#444=ADVANCED_FACE('',(#996),#997,.F.);
#445=PRESENTATION_STYLE_ASSIGNMENT((#998));
#446=ADVANCED_FACE('',(#999),#1000,.F.);
#447=PRESENTATION_STYLE_ASSIGNMENT((#1001));
#448=ADVANCED_FACE('',(#1002),#1003,.T.);
#449=PRESENTATION_STYLE_ASSIGNMENT((#1004));
#450=ADVANCED_FACE('',(#1005),#1006,.T.);
#451=PRESENTATION_STYLE_ASSIGNMENT((#1007));
#452=ADVANCED_FACE('',(#1008),#1009,.T.);
#453=PRESENTATION_STYLE_ASSIGNMENT((#1010));
#454=ADVANCED_FACE('',(#1011),#1012,.F.);
#455=PRESENTATION_STYLE_ASSIGNMENT((#1013));
#456=ADVANCED_FACE('',(#1014),#1015,.F.);
#457=PRESENTATION_STYLE_ASSIGNMENT((#1016));
#458=ADVANCED_FACE('',(#1017,#1018),#1019,.F.);
#459=PRESENTATION_STYLE_ASSIGNMENT((#1020));
#460=ADVANCED_FACE('',(#1021),#1022,.F.);
#461=PRESENTATION_STYLE_ASSIGNMENT((#1023));
#462=ADVANCED_FACE('',(#1024),#1025,.T.);
#463=PRESENTATION_STYLE_ASSIGNMENT((#1026));
#464=ADVANCED_FACE('',(#1027),#1028,.T.);
#465=PRESENTATION_STYLE_ASSIGNMENT((#1029));
#466=ADVANCED_FACE('',(#1030),#1031,.F.);
#467=PRESENTATION_STYLE_ASSIGNMENT((#1032));
#468=ADVANCED_FACE('',(#1033),#1034,.F.);
#469=PRESENTATION_STYLE_ASSIGNMENT((#1035));
#470=ADVANCED_FACE('',(#1036),#1037,.F.);
#471=PRESENTATION_STYLE_ASSIGNMENT((#1038));
#472=ADVANCED_FACE('',(#1039),#1040,.T.);
#473=PRESENTATION_STYLE_ASSIGNMENT((#1041));
#474=ADVANCED_FACE('',(#1042),#1043,.F.);
#475=PRESENTATION_STYLE_ASSIGNMENT((#1044));
#476=ADVANCED_FACE('',(#1045),#1046,.F.);
#477=PRESENTATION_STYLE_ASSIGNMENT((#1047));
#478=ADVANCED_FACE('',(#1048),#1049,.T.);
#479=PRESENTATION_STYLE_ASSIGNMENT((#1050));
#480=ADVANCED_FACE('',(#1051),#1052,.T.);
#481=PRESENTATION_STYLE_ASSIGNMENT((#1053));
#482=ADVANCED_FACE('',(#1054),#1055,.T.);
#483=PRESENTATION_STYLE_ASSIGNMENT((#1056));
#484=ADVANCED_FACE('',(#1057),#1058,.T.);
#485=PRESENTATION_STYLE_ASSIGNMENT((#1059));
#486=ADVANCED_FACE('',(#1060),#1061,.F.);
#487=PRESENTATION_STYLE_ASSIGNMENT((#1062));
#488=ADVANCED_FACE('',(#1063),#1064,.F.);
#489=PRESENTATION_STYLE_ASSIGNMENT((#1065));
#490=ADVANCED_FACE('',(#1066),#1067,.F.);
#491=PRESENTATION_STYLE_ASSIGNMENT((#1068));
#492=ADVANCED_FACE('',(#1069),#1070,.F.);
#493=PRESENTATION_STYLE_ASSIGNMENT((#1071));
#494=ADVANCED_FACE('',(#1072),#1073,.F.);
#495=PRESENTATION_STYLE_ASSIGNMENT((#1074));
#496=ADVANCED_FACE('',(#1075),#1076,.F.);
#497=PRESENTATION_STYLE_ASSIGNMENT((#1077));
#498=ADVANCED_FACE('',(#1078),#1079,.F.);
#499=PRESENTATION_STYLE_ASSIGNMENT((#1080));
#500=ADVANCED_FACE('',(#1081),#1082,.F.);
#501=PRESENTATION_STYLE_ASSIGNMENT((#1083));
#502=ADVANCED_FACE('',(#1084),#1085,.F.);
#503=PRESENTATION_STYLE_ASSIGNMENT((#1086));
#504=ADVANCED_FACE('',(#1087),#1088,.F.);
#505=PRESENTATION_STYLE_ASSIGNMENT((#1089));
#506=ADVANCED_FACE('',(#1090),#1091,.F.);
#507=PRESENTATION_STYLE_ASSIGNMENT((#1092));
#508=ADVANCED_FACE('',(#1093),#1094,.F.);
#509=PRESENTATION_STYLE_ASSIGNMENT((#1095));
#510=ADVANCED_FACE('',(#1096),#1097,.F.);
#511=PRESENTATION_STYLE_ASSIGNMENT((#1098));
#512=ADVANCED_FACE('',(#1099),#1100,.F.);
#513=PRESENTATION_STYLE_ASSIGNMENT((#1101));
#514=ADVANCED_FACE('',(#1102),#1103,.T.);
#515=PRESENTATION_STYLE_ASSIGNMENT((#1104));
#516=ADVANCED_FACE('',(#1105),#1106,.T.);
#517=PRESENTATION_STYLE_ASSIGNMENT((#1107));
#518=ADVANCED_FACE('',(#1108),#1109,.F.);
#519=PRESENTATION_STYLE_ASSIGNMENT((#1110));
#520=ADVANCED_FACE('',(#1111),#1112,.F.);
#521=PRESENTATION_STYLE_ASSIGNMENT((#1113));
#522=ADVANCED_FACE('',(#1114),#1115,.T.);
#523=PRESENTATION_STYLE_ASSIGNMENT((#1116));
#524=ADVANCED_FACE('',(#1117),#1118,.F.);
#525=PRESENTATION_STYLE_ASSIGNMENT((#1119));
#526=ADVANCED_FACE('',(#1120),#1121,.F.);
#527=PRESENTATION_STYLE_ASSIGNMENT((#1122));
#528=ADVANCED_FACE('',(#1123),#1124,.T.);
#529=PRESENTATION_STYLE_ASSIGNMENT((#1125));
#530=ADVANCED_FACE('',(#1126),#1127,.F.);
#531=PRESENTATION_STYLE_ASSIGNMENT((#1128));
#532=ADVANCED_FACE('',(#1129),#1130,.T.);
#533=PRESENTATION_STYLE_ASSIGNMENT((#1131));
#534=ADVANCED_FACE('',(#1132),#1133,.F.);
#535=PRESENTATION_STYLE_ASSIGNMENT((#1134));
#536=ADVANCED_FACE('',(#1135),#1136,.F.);
#537=PRESENTATION_STYLE_ASSIGNMENT((#1137));
#538=ADVANCED_FACE('',(#1138),#1139,.F.);
#539=PRESENTATION_STYLE_ASSIGNMENT((#1140));
#540=ADVANCED_FACE('',(#1141),#1142,.T.);
#541=PRESENTATION_STYLE_ASSIGNMENT((#1143));
#542=ADVANCED_FACE('',(#1144),#1145,.F.);
#543=PRESENTATION_STYLE_ASSIGNMENT((#1146));
#544=ADVANCED_FACE('',(#1147),#1148,.F.);
#545=PRESENTATION_STYLE_ASSIGNMENT((#1149));
#546=ADVANCED_FACE('',(#1150),#1151,.F.);
#547=PRESENTATION_STYLE_ASSIGNMENT((#1152));
#548=ADVANCED_FACE('',(#1153),#1154,.F.);
#549=PRESENTATION_STYLE_ASSIGNMENT((#1155));
#550=ADVANCED_FACE('',(#1156),#1157,.T.);
#551=PRESENTATION_STYLE_ASSIGNMENT((#1158));
#552=ADVANCED_FACE('',(#1159),#1160,.F.);
#553=PRESENTATION_STYLE_ASSIGNMENT((#1161));
#554=ADVANCED_FACE('',(#1162),#1163,.F.);
#555=PRESENTATION_STYLE_ASSIGNMENT((#1164));
#556=ADVANCED_FACE('',(#1165),#1166,.F.);
#557=PRESENTATION_STYLE_ASSIGNMENT((#1167));
#558=ADVANCED_FACE('',(#1168),#1169,.F.);
#559=PRESENTATION_STYLE_ASSIGNMENT((#1170));
#560=ADVANCED_FACE('',(#1171),#1172,.F.);
#561=PRESENTATION_STYLE_ASSIGNMENT((#1173));
#562=ADVANCED_FACE('',(#1174),#1175,.T.);
#563=PRESENTATION_STYLE_ASSIGNMENT((#1176));
#564=ADVANCED_FACE('',(#1177),#1178,.T.);
#565=PRESENTATION_STYLE_ASSIGNMENT((#1179));
#566=ADVANCED_FACE('',(#1180),#1181,.F.);
#567=PRESENTATION_STYLE_ASSIGNMENT((#1182));
#568=ADVANCED_FACE('',(#1183),#1184,.T.);
#569=PRESENTATION_STYLE_ASSIGNMENT((#1185));
#570=ADVANCED_FACE('',(#1186),#1187,.T.);
#571=PRESENTATION_STYLE_ASSIGNMENT((#1188));
#572=ADVANCED_FACE('',(#1189),#1190,.F.);
#573=PRESENTATION_STYLE_ASSIGNMENT((#1191));
#574=ADVANCED_FACE('',(#1192),#1193,.F.);
#575=PRESENTATION_STYLE_ASSIGNMENT((#1194));
#576=ADVANCED_FACE('',(#1195),#1196,.T.);
#577=PRESENTATION_STYLE_ASSIGNMENT((#1197));
#578=ADVANCED_FACE('',(#1198),#1199,.T.);
#579=PRESENTATION_STYLE_ASSIGNMENT((#1200));
#580=ADVANCED_FACE('',(#1201),#1202,.F.);
#581=PRESENTATION_STYLE_ASSIGNMENT((#1203));
#582=ADVANCED_FACE('',(#1204),#1205,.T.);
#583=PRESENTATION_STYLE_ASSIGNMENT((#1206));
#584=ADVANCED_FACE('',(#1207),#1208,.T.);
#585=PRESENTATION_STYLE_ASSIGNMENT((#1209));
#586=ADVANCED_FACE('',(#1210),#1211,.T.);
#587=PRESENTATION_STYLE_ASSIGNMENT((#1212));
#588=ADVANCED_FACE('',(#1213),#1214,.F.);
#589=PRESENTATION_STYLE_ASSIGNMENT((#1215));
#590=ADVANCED_FACE('',(#1216),#1217,.T.);
#591=PRESENTATION_STYLE_ASSIGNMENT((#1218));
#592=ADVANCED_FACE('',(#1219),#1220,.T.);
#593=PRESENTATION_STYLE_ASSIGNMENT((#1221));
#594=ADVANCED_FACE('',(#1222),#1223,.F.);
#595=PRESENTATION_STYLE_ASSIGNMENT((#1224));
#596=ADVANCED_FACE('',(#1225),#1226,.F.);
#597=PRESENTATION_STYLE_ASSIGNMENT((#1227));
#598=ADVANCED_FACE('',(#1228),#1229,.F.);
#599=PRESENTATION_STYLE_ASSIGNMENT((#1230));
#600=ADVANCED_FACE('',(#1231),#1232,.T.);
#601=PRESENTATION_STYLE_ASSIGNMENT((#1233));
#602=ADVANCED_FACE('',(#1234),#1235,.F.);
#603=PRESENTATION_STYLE_ASSIGNMENT((#1236));
#604=ADVANCED_FACE('',(#1237),#1238,.F.);
#605=PRESENTATION_STYLE_ASSIGNMENT((#1239));
#606=ADVANCED_FACE('',(#1240),#1241,.F.);
#607=PRESENTATION_STYLE_ASSIGNMENT((#1242));
#608=ADVANCED_FACE('',(#1243),#1244,.T.);
#609=PRESENTATION_STYLE_ASSIGNMENT((#1245));
#610=ADVANCED_FACE('',(#1246),#1247,.F.);
#611=PRESENTATION_STYLE_ASSIGNMENT((#1248));
#612=ADVANCED_FACE('',(#1249),#1250,.T.);
#613=PRESENTATION_STYLE_ASSIGNMENT((#1251));
#614=ADVANCED_FACE('',(#1252),#1253,.F.);
#615=PRESENTATION_STYLE_ASSIGNMENT((#1254));
#616=ADVANCED_FACE('',(#1255),#1256,.F.);
#617=PRESENTATION_STYLE_ASSIGNMENT((#1257));
#618=ADVANCED_FACE('',(#1258),#1259,.F.);
#619=PRESENTATION_STYLE_ASSIGNMENT((#1260));
#620=ADVANCED_FACE('',(#1261),#1262,.F.);
#621=PRESENTATION_STYLE_ASSIGNMENT((#1263));
#622=ADVANCED_FACE('',(#1264),#1265,.F.);
#623=PRESENTATION_STYLE_ASSIGNMENT((#1266));
#624=ADVANCED_FACE('',(#1267),#1268,.F.);
#625=PRESENTATION_STYLE_ASSIGNMENT((#1269));
#626=ADVANCED_FACE('',(#1270),#1271,.T.);
#627=PRESENTATION_STYLE_ASSIGNMENT((#1272));
#628=ADVANCED_FACE('',(#1273),#1274,.T.);
#629=PRESENTATION_STYLE_ASSIGNMENT((#1275));
#630=ADVANCED_FACE('',(#1276),#1277,.T.);
#631=PRESENTATION_STYLE_ASSIGNMENT((#1278));
#632=ADVANCED_FACE('',(#1279),#1280,.F.);
#633=PRESENTATION_STYLE_ASSIGNMENT((#1281));
#634=ADVANCED_FACE('',(#1282),#1283,.F.);
#635=PRESENTATION_STYLE_ASSIGNMENT((#1284));
#636=ADVANCED_FACE('',(#1285),#1286,.F.);
#637=PRESENTATION_STYLE_ASSIGNMENT((#1287));
#638=ADVANCED_FACE('',(#1288),#1289,.F.);
#639=PRESENTATION_STYLE_ASSIGNMENT((#1290));
#640=ADVANCED_FACE('',(#1291),#1292,.F.);
#641=PRESENTATION_STYLE_ASSIGNMENT((#1293));
#642=ADVANCED_FACE('',(#1294),#1295,.T.);
#643=PRESENTATION_STYLE_ASSIGNMENT((#1296));
#644=ADVANCED_FACE('',(#1297),#1298,.T.);
#645=PRESENTATION_STYLE_ASSIGNMENT((#1299));
#646=ADVANCED_FACE('',(#1300),#1301,.F.);
#647=PRESENTATION_STYLE_ASSIGNMENT((#1302));
#648=ADVANCED_FACE('',(#1303),#1304,.T.);
#649=PRESENTATION_STYLE_ASSIGNMENT((#1305));
#650=ADVANCED_FACE('',(#1306),#1307,.F.);
#651=PRESENTATION_STYLE_ASSIGNMENT((#1308));
#652=ADVANCED_FACE('',(#1309),#1310,.F.);
#653=PRESENTATION_STYLE_ASSIGNMENT((#1311));
#654=ADVANCED_FACE('',(#1312),#1313,.T.);
#655=PRESENTATION_STYLE_ASSIGNMENT((#1314));
#656=ADVANCED_FACE('',(#1315),#1316,.T.);
#657=PRESENTATION_STYLE_ASSIGNMENT((#1317));
#658=ADVANCED_FACE('',(#1318),#1319,.T.);
#659=PRESENTATION_STYLE_ASSIGNMENT((#1320));
#660=ADVANCED_FACE('',(#1321),#1322,.T.);
#661=PRESENTATION_STYLE_ASSIGNMENT((#1323));
#662=ADVANCED_FACE('',(#1324),#1325,.T.);
#663=PRESENTATION_STYLE_ASSIGNMENT((#1326));
#664=ADVANCED_FACE('',(#1327),#1328,.F.);
#665=PRESENTATION_STYLE_ASSIGNMENT((#1329));
#666=ADVANCED_FACE('',(#1330),#1331,.T.);
#667=PRESENTATION_STYLE_ASSIGNMENT((#1332));
#668=ADVANCED_FACE('',(#1333),#1334,.F.);
#669=PRESENTATION_STYLE_ASSIGNMENT((#1335));
#670=MANIFOLD_SOLID_BREP('PTU_2.5_TWIN_BU-select|1#PTU_2.5_TWIN_BU-select;PTU_2.5_TWIN_BU-select',#1336);
#671=PRODUCT('PTU_2.5_TWIN_BU-select|1#PTU_2.5_TWIN_BU-select;PTU_2.5_TWIN_BU-select','','PART--DESC',(#1337));
#672=PRODUCT_DEFINITION('','NONE',#1338,#2);
#673=AXIS2_PLACEMENT_3D('',#1339,#1340,#1341);
#676=LENGTH_MEASURE_WITH_UNIT(LENGTH_MEASURE(1.0),#1342);
#679=DIMENSIONAL_EXPONENTS(1.0,0.0,0.0,0.0,0.0,0.0,0.0);
#681=DIMENSIONAL_EXPONENTS(0.0,0.0,0.0,0.0,0.0,0.0,0.0);
#687=SURFACE_STYLE_USAGE(.BOTH.,#1343);
#688=FACE_OUTER_BOUND('',#1344,.T.);
#689=CYLINDRICAL_SURFACE('',#1345,1.0);
#690=SURFACE_STYLE_USAGE(.BOTH.,#1346);
#691=FACE_OUTER_BOUND('',#1347,.T.);
#692=CYLINDRICAL_SURFACE('',#1348,1.0);
#693=SURFACE_STYLE_USAGE(.BOTH.,#1349);
#694=FACE_OUTER_BOUND('',#1350,.T.);
#695=CYLINDRICAL_SURFACE('',#1351,2.40000000000534);
#696=SURFACE_STYLE_USAGE(.BOTH.,#1352);
#697=FACE_OUTER_BOUND('',#1353,.T.);
#698=CYLINDRICAL_SURFACE('',#1354,2.4);
#699=SURFACE_STYLE_USAGE(.BOTH.,#1355);
#700=FACE_OUTER_BOUND('',#1356,.T.);
#701=CONICAL_SURFACE('',#1357,1.4398990952349,0.523598775598299);
#702=SURFACE_STYLE_USAGE(.BOTH.,#1358);
#703=FACE_OUTER_BOUND('',#1359,.T.);
#704=CYLINDRICAL_SURFACE('',#1360,1.0);
#705=SURFACE_STYLE_USAGE(.BOTH.,#1361);
#706=FACE_OUTER_BOUND('',#1362,.T.);
#707=CYLINDRICAL_SURFACE('',#1363,1.0);
#708=SURFACE_STYLE_USAGE(.BOTH.,#1364);
#709=FACE_OUTER_BOUND('',#1365,.T.);
#710=CYLINDRICAL_SURFACE('',#1366,2.4);
#711=SURFACE_STYLE_USAGE(.BOTH.,#1367);
#712=FACE_OUTER_BOUND('',#1368,.T.);
#713=CYLINDRICAL_SURFACE('',#1369,2.40000000000534);
#714=SURFACE_STYLE_USAGE(.BOTH.,#1370);
#715=FACE_OUTER_BOUND('',#1371,.T.);
#716=CONICAL_SURFACE('',#1372,1.4398990952349,0.523598775598299);
#717=SURFACE_STYLE_USAGE(.BOTH.,#1373);
#718=FACE_OUTER_BOUND('',#1374,.T.);
#719=CYLINDRICAL_SURFACE('',#1375,0.700000000000186);
#720=SURFACE_STYLE_USAGE(.BOTH.,#1376);
#721=FACE_OUTER_BOUND('',#1377,.T.);
#722=CYLINDRICAL_SURFACE('',#1378,2.175);
#723=SURFACE_STYLE_USAGE(.BOTH.,#1379);
#724=FACE_OUTER_BOUND('',#1380,.T.);
#725=CYLINDRICAL_SURFACE('',#1381,2.175);
#726=SURFACE_STYLE_USAGE(.BOTH.,#1382);
#727=FACE_OUTER_BOUND('',#1383,.T.);
#728=CYLINDRICAL_SURFACE('',#1384,0.89999999999984);
#729=SURFACE_STYLE_USAGE(.BOTH.,#1385);
#730=FACE_OUTER_BOUND('',#1386,.T.);
#731=CYLINDRICAL_SURFACE('',#1387,15.0);
#732=SURFACE_STYLE_USAGE(.BOTH.,#1388);
#733=FACE_OUTER_BOUND('',#1389,.T.);
#734=CYLINDRICAL_SURFACE('',#1390,15.0);
#735=SURFACE_STYLE_USAGE(.BOTH.,#1391);
#736=FACE_OUTER_BOUND('',#1392,.T.);
#737=CYLINDRICAL_SURFACE('',#1393,0.299999999999998);
#738=SURFACE_STYLE_USAGE(.BOTH.,#1394);
#739=FACE_OUTER_BOUND('',#1395,.T.);
#740=CYLINDRICAL_SURFACE('',#1396,15.0);
#741=SURFACE_STYLE_USAGE(.BOTH.,#1397);
#742=FACE_OUTER_BOUND('',#1398,.T.);
#743=PLANE('',#1399);
#744=SURFACE_STYLE_USAGE(.BOTH.,#1400);
#745=FACE_OUTER_BOUND('',#1401,.T.);
#746=PLANE('',#1402);
#747=SURFACE_STYLE_USAGE(.BOTH.,#1403);
#748=FACE_OUTER_BOUND('',#1404,.T.);
#749=PLANE('',#1405);
#750=SURFACE_STYLE_USAGE(.BOTH.,#1406);
#751=FACE_OUTER_BOUND('',#1407,.T.);
#752=CYLINDRICAL_SURFACE('',#1408,9.499999999999);
#753=SURFACE_STYLE_USAGE(.BOTH.,#1409);
#754=FACE_OUTER_BOUND('',#1410,.T.);
#755=PLANE('',#1411);
#756=SURFACE_STYLE_USAGE(.BOTH.,#1412);
#757=FACE_OUTER_BOUND('',#1413,.T.);
#758=PLANE('',#1414);
#759=SURFACE_STYLE_USAGE(.BOTH.,#1415);
#760=FACE_OUTER_BOUND('',#1416,.T.);
#761=PLANE('',#1417);
#762=SURFACE_STYLE_USAGE(.BOTH.,#1418);
#763=FACE_OUTER_BOUND('',#1419,.T.);
#764=PLANE('',#1420);
#765=SURFACE_STYLE_USAGE(.BOTH.,#1421);
#766=FACE_OUTER_BOUND('',#1422,.T.);
#767=PLANE('',#1423);
#768=SURFACE_STYLE_USAGE(.BOTH.,#1424);
#769=FACE_OUTER_BOUND('',#1425,.T.);
#770=PLANE('',#1426);
#771=SURFACE_STYLE_USAGE(.BOTH.,#1427);
#772=FACE_OUTER_BOUND('',#1428,.T.);
#773=PLANE('',#1429);
#774=SURFACE_STYLE_USAGE(.BOTH.,#1430);
#775=FACE_OUTER_BOUND('',#1431,.T.);
#776=PLANE('',#1432);
#777=SURFACE_STYLE_USAGE(.BOTH.,#1433);
#778=FACE_OUTER_BOUND('',#1434,.T.);
#779=PLANE('',#1435);
#780=SURFACE_STYLE_USAGE(.BOTH.,#1436);
#781=FACE_OUTER_BOUND('',#1437,.T.);
#782=PLANE('',#1438);
#783=SURFACE_STYLE_USAGE(.BOTH.,#1439);
#784=FACE_OUTER_BOUND('',#1440,.T.);
#785=PLANE('',#1441);
#786=SURFACE_STYLE_USAGE(.BOTH.,#1442);
#787=FACE_OUTER_BOUND('',#1443,.T.);
#788=FACE_BOUND('',#1444,.T.);
#789=FACE_BOUND('',#1445,.T.);
#790=PLANE('',#1446);
#791=SURFACE_STYLE_USAGE(.BOTH.,#1447);
#792=FACE_OUTER_BOUND('',#1448,.T.);
#793=PLANE('',#1449);
#794=SURFACE_STYLE_USAGE(.BOTH.,#1450);
#795=FACE_OUTER_BOUND('',#1451,.T.);
#796=PLANE('',#1452);
#797=SURFACE_STYLE_USAGE(.BOTH.,#1453);
#798=FACE_OUTER_BOUND('',#1454,.T.);
#799=PLANE('',#1455);
#800=SURFACE_STYLE_USAGE(.BOTH.,#1456);
#801=FACE_OUTER_BOUND('',#1457,.T.);
#802=PLANE('',#1458);
#803=SURFACE_STYLE_USAGE(.BOTH.,#1459);
#804=FACE_OUTER_BOUND('',#1460,.T.);
#805=CYLINDRICAL_SURFACE('',#1461,15.0);
#806=SURFACE_STYLE_USAGE(.BOTH.,#1462);
#807=FACE_OUTER_BOUND('',#1463,.T.);
#808=PLANE('',#1464);
#809=SURFACE_STYLE_USAGE(.BOTH.,#1465);
#810=FACE_OUTER_BOUND('',#1466,.T.);
#811=PLANE('',#1467);
#812=SURFACE_STYLE_USAGE(.BOTH.,#1468);
#813=FACE_OUTER_BOUND('',#1469,.T.);
#814=PLANE('',#1470);
#815=SURFACE_STYLE_USAGE(.BOTH.,#1471);
#816=FACE_OUTER_BOUND('',#1472,.T.);
#817=PLANE('',#1473);
#818=SURFACE_STYLE_USAGE(.BOTH.,#1474);
#819=FACE_OUTER_BOUND('',#1475,.T.);
#820=PLANE('',#1476);
#821=SURFACE_STYLE_USAGE(.BOTH.,#1477);
#822=FACE_OUTER_BOUND('',#1478,.T.);
#823=PLANE('',#1479);
#824=SURFACE_STYLE_USAGE(.BOTH.,#1480);
#825=FACE_OUTER_BOUND('',#1481,.T.);
#826=PLANE('',#1482);
#827=SURFACE_STYLE_USAGE(.BOTH.,#1483);
#828=FACE_OUTER_BOUND('',#1484,.T.);
#829=CYLINDRICAL_SURFACE('',#1485,0.299999999999998);
#830=SURFACE_STYLE_USAGE(.BOTH.,#1486);
#831=FACE_OUTER_BOUND('',#1487,.T.);
#832=PLANE('',#1488);
#833=SURFACE_STYLE_USAGE(.BOTH.,#1489);
#834=FACE_OUTER_BOUND('',#1490,.T.);
#835=PLANE('',#1491);
#836=SURFACE_STYLE_USAGE(.BOTH.,#1492);
#837=FACE_OUTER_BOUND('',#1493,.T.);
#838=PLANE('',#1494);
#839=SURFACE_STYLE_USAGE(.BOTH.,#1495);
#840=FACE_OUTER_BOUND('',#1496,.T.);
#841=PLANE('',#1497);
#842=SURFACE_STYLE_USAGE(.BOTH.,#1498);
#843=FACE_OUTER_BOUND('',#1499,.T.);
#844=PLANE('',#1500);
#845=SURFACE_STYLE_USAGE(.BOTH.,#1501);
#846=FACE_OUTER_BOUND('',#1502,.T.);
#847=CYLINDRICAL_SURFACE('',#1503,0.299999999999998);
#848=SURFACE_STYLE_USAGE(.BOTH.,#1504);
#849=FACE_OUTER_BOUND('',#1505,.T.);
#850=PLANE('',#1506);
#851=SURFACE_STYLE_USAGE(.BOTH.,#1507);
#852=FACE_OUTER_BOUND('',#1508,.T.);
#853=PLANE('',#1509);
#854=SURFACE_STYLE_USAGE(.BOTH.,#1510);
#855=FACE_OUTER_BOUND('',#1511,.T.);
#856=PLANE('',#1512);
#857=SURFACE_STYLE_USAGE(.BOTH.,#1513);
#858=FACE_OUTER_BOUND('',#1514,.T.);
#859=PLANE('',#1515);
#860=SURFACE_STYLE_USAGE(.BOTH.,#1516);
#861=FACE_OUTER_BOUND('',#1517,.T.);
#862=PLANE('',#1518);
#863=SURFACE_STYLE_USAGE(.BOTH.,#1519);
#864=FACE_OUTER_BOUND('',#1520,.T.);
#865=PLANE('',#1521);
#866=SURFACE_STYLE_USAGE(.BOTH.,#1522);
#867=FACE_OUTER_BOUND('',#1523,.T.);
#868=PLANE('',#1524);
#869=SURFACE_STYLE_USAGE(.BOTH.,#1525);
#870=FACE_OUTER_BOUND('',#1526,.T.);
#871=PLANE('',#1527);
#872=SURFACE_STYLE_USAGE(.BOTH.,#1528);
#873=FACE_OUTER_BOUND('',#1529,.T.);
#874=PLANE('',#1530);
#875=SURFACE_STYLE_USAGE(.BOTH.,#1531);
#876=FACE_OUTER_BOUND('',#1532,.T.);
#877=PLANE('',#1533);
#878=SURFACE_STYLE_USAGE(.BOTH.,#1534);
#879=FACE_OUTER_BOUND('',#1535,.T.);
#880=PLANE('',#1536);
#881=SURFACE_STYLE_USAGE(.BOTH.,#1537);
#882=FACE_OUTER_BOUND('',#1538,.T.);
#883=PLANE('',#1539);
#884=SURFACE_STYLE_USAGE(.BOTH.,#1540);
#885=FACE_OUTER_BOUND('',#1541,.T.);
#886=PLANE('',#1542);
#887=SURFACE_STYLE_USAGE(.BOTH.,#1543);
#888=FACE_OUTER_BOUND('',#1544,.T.);
#889=PLANE('',#1545);
#890=SURFACE_STYLE_USAGE(.BOTH.,#1546);
#891=FACE_OUTER_BOUND('',#1547,.T.);
#892=PLANE('',#1548);
#893=SURFACE_STYLE_USAGE(.BOTH.,#1549);
#894=FACE_OUTER_BOUND('',#1550,.T.);
#895=PLANE('',#1551);
#896=SURFACE_STYLE_USAGE(.BOTH.,#1552);
#897=FACE_OUTER_BOUND('',#1553,.T.);
#898=PLANE('',#1554);
#899=SURFACE_STYLE_USAGE(.BOTH.,#1555);
#900=FACE_OUTER_BOUND('',#1556,.T.);
#901=PLANE('',#1557);
#902=SURFACE_STYLE_USAGE(.BOTH.,#1558);
#903=FACE_OUTER_BOUND('',#1559,.T.);
#904=CYLINDRICAL_SURFACE('',#1560,15.0);
#905=SURFACE_STYLE_USAGE(.BOTH.,#1561);
#906=FACE_OUTER_BOUND('',#1562,.T.);
#907=PLANE('',#1563);
#908=SURFACE_STYLE_USAGE(.BOTH.,#1564);
#909=FACE_OUTER_BOUND('',#1565,.T.);
#910=PLANE('',#1566);
#911=SURFACE_STYLE_USAGE(.BOTH.,#1567);
#912=FACE_OUTER_BOUND('',#1568,.T.);
#913=PLANE('',#1569);
#914=SURFACE_STYLE_USAGE(.BOTH.,#1570);
#915=FACE_OUTER_BOUND('',#1571,.T.);
#916=PLANE('',#1572);
#917=SURFACE_STYLE_USAGE(.BOTH.,#1573);
#918=FACE_OUTER_BOUND('',#1574,.T.);
#919=PLANE('',#1575);
#920=SURFACE_STYLE_USAGE(.BOTH.,#1576);
#921=FACE_OUTER_BOUND('',#1577,.T.);
#922=PLANE('',#1578);
#923=SURFACE_STYLE_USAGE(.BOTH.,#1579);
#924=FACE_OUTER_BOUND('',#1580,.T.);
#925=PLANE('',#1581);
#926=SURFACE_STYLE_USAGE(.BOTH.,#1582);
#927=FACE_OUTER_BOUND('',#1583,.T.);
#928=PLANE('',#1584);
#929=SURFACE_STYLE_USAGE(.BOTH.,#1585);
#930=FACE_OUTER_BOUND('',#1586,.T.);
#931=PLANE('',#1587);
#932=SURFACE_STYLE_USAGE(.BOTH.,#1588);
#933=FACE_OUTER_BOUND('',#1589,.T.);
#934=PLANE('',#1590);
#935=SURFACE_STYLE_USAGE(.BOTH.,#1591);
#936=FACE_OUTER_BOUND('',#1592,.T.);
#937=PLANE('',#1593);
#938=SURFACE_STYLE_USAGE(.BOTH.,#1594);
#939=FACE_OUTER_BOUND('',#1595,.T.);
#940=PLANE('',#1596);
#941=SURFACE_STYLE_USAGE(.BOTH.,#1597);
#942=FACE_OUTER_BOUND('',#1598,.T.);
#943=PLANE('',#1599);
#944=SURFACE_STYLE_USAGE(.BOTH.,#1600);
#945=FACE_OUTER_BOUND('',#1601,.T.);
#946=PLANE('',#1602);
#947=SURFACE_STYLE_USAGE(.BOTH.,#1603);
#948=FACE_OUTER_BOUND('',#1604,.T.);
#949=PLANE('',#1605);
#950=SURFACE_STYLE_USAGE(.BOTH.,#1606);
#951=FACE_OUTER_BOUND('',#1607,.T.);
#952=PLANE('',#1608);
#953=SURFACE_STYLE_USAGE(.BOTH.,#1609);
#954=FACE_OUTER_BOUND('',#1610,.T.);
#955=PLANE('',#1611);
#956=SURFACE_STYLE_USAGE(.BOTH.,#1612);
#957=FACE_OUTER_BOUND('',#1613,.T.);
#958=PLANE('',#1614);
#959=SURFACE_STYLE_USAGE(.BOTH.,#1615);
#960=FACE_OUTER_BOUND('',#1616,.T.);
#961=CYLINDRICAL_SURFACE('',#1617,2.0);
#962=SURFACE_STYLE_USAGE(.BOTH.,#1618);
#963=FACE_OUTER_BOUND('',#1619,.T.);
#964=PLANE('',#1620);
#965=SURFACE_STYLE_USAGE(.BOTH.,#1621);
#966=FACE_OUTER_BOUND('',#1622,.T.);
#967=CYLINDRICAL_SURFACE('',#1623,2.0);
#968=SURFACE_STYLE_USAGE(.BOTH.,#1624);
#969=FACE_OUTER_BOUND('',#1625,.T.);
#970=PLANE('',#1626);
#971=SURFACE_STYLE_USAGE(.BOTH.,#1627);
#972=FACE_OUTER_BOUND('',#1628,.T.);
#973=PLANE('',#1629);
#974=SURFACE_STYLE_USAGE(.BOTH.,#1630);
#975=FACE_OUTER_BOUND('',#1631,.T.);
#976=PLANE('',#1632);
#977=SURFACE_STYLE_USAGE(.BOTH.,#1633);
#978=FACE_OUTER_BOUND('',#1634,.T.);
#979=PLANE('',#1635);
#980=SURFACE_STYLE_USAGE(.BOTH.,#1636);
#981=FACE_OUTER_BOUND('',#1637,.T.);
#982=CYLINDRICAL_SURFACE('',#1638,0.89999999999984);
#983=SURFACE_STYLE_USAGE(.BOTH.,#1639);
#984=FACE_OUTER_BOUND('',#1640,.T.);
#985=PLANE('',#1641);
#986=SURFACE_STYLE_USAGE(.BOTH.,#1642);
#987=FACE_OUTER_BOUND('',#1643,.T.);
#988=PLANE('',#1644);
#989=SURFACE_STYLE_USAGE(.BOTH.,#1645);
#990=FACE_OUTER_BOUND('',#1646,.T.);
#991=PLANE('',#1647);
#992=SURFACE_STYLE_USAGE(.BOTH.,#1648);
#993=FACE_OUTER_BOUND('',#1649,.T.);
#994=PLANE('',#1650);
#995=SURFACE_STYLE_USAGE(.BOTH.,#1651);
#996=FACE_OUTER_BOUND('',#1652,.T.);
#997=PLANE('',#1653);
#998=SURFACE_STYLE_USAGE(.BOTH.,#1654);
#999=FACE_OUTER_BOUND('',#1655,.T.);
#1000=PLANE('',#1656);
#1001=SURFACE_STYLE_USAGE(.BOTH.,#1657);
#1002=FACE_OUTER_BOUND('',#1658,.T.);
#1003=PLANE('',#1659);
#1004=SURFACE_STYLE_USAGE(.BOTH.,#1660);
#1005=FACE_OUTER_BOUND('',#1661,.T.);
#1006=CYLINDRICAL_SURFACE('',#1662,9.499999999999);
#1007=SURFACE_STYLE_USAGE(.BOTH.,#1663);
#1008=FACE_OUTER_BOUND('',#1664,.T.);
#1009=PLANE('',#1665);
#1010=SURFACE_STYLE_USAGE(.BOTH.,#1666);
#1011=FACE_OUTER_BOUND('',#1667,.T.);
#1012=PLANE('',#1668);
#1013=SURFACE_STYLE_USAGE(.BOTH.,#1669);
#1014=FACE_OUTER_BOUND('',#1670,.T.);
#1015=PLANE('',#1671);
#1016=SURFACE_STYLE_USAGE(.BOTH.,#1672);
#1017=FACE_OUTER_BOUND('',#1673,.T.);
#1018=FACE_BOUND('',#1674,.T.);
#1019=PLANE('',#1675);
#1020=SURFACE_STYLE_USAGE(.BOTH.,#1676);
#1021=FACE_OUTER_BOUND('',#1677,.T.);
#1022=PLANE('',#1678);
#1023=SURFACE_STYLE_USAGE(.BOTH.,#1679);
#1024=FACE_OUTER_BOUND('',#1680,.T.);
#1025=PLANE('',#1681);
#1026=SURFACE_STYLE_USAGE(.BOTH.,#1682);
#1027=FACE_OUTER_BOUND('',#1683,.T.);
#1028=PLANE('',#1684);
#1029=SURFACE_STYLE_USAGE(.BOTH.,#1685);
#1030=FACE_OUTER_BOUND('',#1686,.T.);
#1031=CYLINDRICAL_SURFACE('',#1687,2.175);
#1032=SURFACE_STYLE_USAGE(.BOTH.,#1688);
#1033=FACE_OUTER_BOUND('',#1689,.T.);
#1034=PLANE('',#1690);
#1035=SURFACE_STYLE_USAGE(.BOTH.,#1691);
#1036=FACE_OUTER_BOUND('',#1692,.T.);
#1037=PLANE('',#1693);
#1038=SURFACE_STYLE_USAGE(.BOTH.,#1694);
#1039=FACE_OUTER_BOUND('',#1695,.T.);
#1040=PLANE('',#1696);
#1041=SURFACE_STYLE_USAGE(.BOTH.,#1697);
#1042=FACE_OUTER_BOUND('',#1698,.T.);
#1043=PLANE('',#1699);
#1044=SURFACE_STYLE_USAGE(.BOTH.,#1700);
#1045=FACE_OUTER_BOUND('',#1701,.T.);
#1046=PLANE('',#1702);
#1047=SURFACE_STYLE_USAGE(.BOTH.,#1703);
#1048=FACE_OUTER_BOUND('',#1704,.T.);
#1049=PLANE('',#1705);
#1050=SURFACE_STYLE_USAGE(.BOTH.,#1706);
#1051=FACE_OUTER_BOUND('',#1707,.T.);
#1052=PLANE('',#1708);
#1053=SURFACE_STYLE_USAGE(.BOTH.,#1709);
#1054=FACE_OUTER_BOUND('',#1710,.T.);
#1055=PLANE('',#1711);
#1056=SURFACE_STYLE_USAGE(.BOTH.,#1712);
#1057=FACE_OUTER_BOUND('',#1713,.T.);
#1058=PLANE('',#1714);
#1059=SURFACE_STYLE_USAGE(.BOTH.,#1715);
#1060=FACE_OUTER_BOUND('',#1716,.T.);
#1061=PLANE('',#1717);
#1062=SURFACE_STYLE_USAGE(.BOTH.,#1718);
#1063=FACE_OUTER_BOUND('',#1719,.T.);
#1064=PLANE('',#1720);
#1065=SURFACE_STYLE_USAGE(.BOTH.,#1721);
#1066=FACE_OUTER_BOUND('',#1722,.T.);
#1067=PLANE('',#1723);
#1068=SURFACE_STYLE_USAGE(.BOTH.,#1724);
#1069=FACE_OUTER_BOUND('',#1725,.T.);
#1070=PLANE('',#1726);
#1071=SURFACE_STYLE_USAGE(.BOTH.,#1727);
#1072=FACE_OUTER_BOUND('',#1728,.T.);
#1073=PLANE('',#1729);
#1074=SURFACE_STYLE_USAGE(.BOTH.,#1730);
#1075=FACE_OUTER_BOUND('',#1731,.T.);
#1076=PLANE('',#1732);
#1077=SURFACE_STYLE_USAGE(.BOTH.,#1733);
#1078=FACE_OUTER_BOUND('',#1734,.T.);
#1079=PLANE('',#1735);
#1080=SURFACE_STYLE_USAGE(.BOTH.,#1736);
#1081=FACE_OUTER_BOUND('',#1737,.T.);
#1082=CYLINDRICAL_SURFACE('',#1738,0.700000000000186);
#1083=SURFACE_STYLE_USAGE(.BOTH.,#1739);
#1084=FACE_OUTER_BOUND('',#1740,.T.);
#1085=CYLINDRICAL_SURFACE('',#1741,0.799999999999994);
#1086=SURFACE_STYLE_USAGE(.BOTH.,#1742);
#1087=FACE_OUTER_BOUND('',#1743,.T.);
#1088=PLANE('',#1744);
#1089=SURFACE_STYLE_USAGE(.BOTH.,#1745);
#1090=FACE_OUTER_BOUND('',#1746,.T.);
#1091=PLANE('',#1747);
#1092=SURFACE_STYLE_USAGE(.BOTH.,#1748);
#1093=FACE_OUTER_BOUND('',#1749,.T.);
#1094=PLANE('',#1750);
#1095=SURFACE_STYLE_USAGE(.BOTH.,#1751);
#1096=FACE_OUTER_BOUND('',#1752,.T.);
#1097=PLANE('',#1753);
#1098=SURFACE_STYLE_USAGE(.BOTH.,#1754);
#1099=FACE_OUTER_BOUND('',#1755,.T.);
#1100=CONICAL_SURFACE('',#1756,1.4398990952349,0.523598775598299);
#1101=SURFACE_STYLE_USAGE(.BOTH.,#1757);
#1102=FACE_OUTER_BOUND('',#1758,.T.);
#1103=PLANE('',#1759);
#1104=SURFACE_STYLE_USAGE(.BOTH.,#1760);
#1105=FACE_OUTER_BOUND('',#1761,.T.);
#1106=PLANE('',#1762);
#1107=SURFACE_STYLE_USAGE(.BOTH.,#1763);
#1108=FACE_OUTER_BOUND('',#1764,.T.);
#1109=PLANE('',#1765);
#1110=SURFACE_STYLE_USAGE(.BOTH.,#1766);
#1111=FACE_OUTER_BOUND('',#1767,.T.);
#1112=CYLINDRICAL_SURFACE('',#1768,2.40000000000534);
#1113=SURFACE_STYLE_USAGE(.BOTH.,#1769);
#1114=FACE_OUTER_BOUND('',#1770,.T.);
#1115=TOROIDAL_SURFACE('',#1771,1.99018932402344,1.1);
#1116=SURFACE_STYLE_USAGE(.BOTH.,#1772);
#1117=FACE_OUTER_BOUND('',#1773,.T.);
#1118=PLANE('',#1774);
#1119=SURFACE_STYLE_USAGE(.BOTH.,#1775);
#1120=FACE_OUTER_BOUND('',#1776,.T.);
#1121=PLANE('',#1777);
#1122=SURFACE_STYLE_USAGE(.BOTH.,#1778);
#1123=FACE_OUTER_BOUND('',#1779,.T.);
#1124=PLANE('',#1780);
#1125=SURFACE_STYLE_USAGE(.BOTH.,#1781);
#1126=FACE_OUTER_BOUND('',#1782,.T.);
#1127=PLANE('',#1783);
#1128=SURFACE_STYLE_USAGE(.BOTH.,#1784);
#1129=FACE_OUTER_BOUND('',#1785,.T.);
#1130=PLANE('',#1786);
#1131=SURFACE_STYLE_USAGE(.BOTH.,#1787);
#1132=FACE_OUTER_BOUND('',#1788,.T.);
#1133=PLANE('',#1789);
#1134=SURFACE_STYLE_USAGE(.BOTH.,#1790);
#1135=FACE_OUTER_BOUND('',#1791,.T.);
#1136=PLANE('',#1792);
#1137=SURFACE_STYLE_USAGE(.BOTH.,#1793);
#1138=FACE_OUTER_BOUND('',#1794,.T.);
#1139=PLANE('',#1795);
#1140=SURFACE_STYLE_USAGE(.BOTH.,#1796);
#1141=FACE_OUTER_BOUND('',#1797,.T.);
#1142=PLANE('',#1798);
#1143=SURFACE_STYLE_USAGE(.BOTH.,#1799);
#1144=FACE_OUTER_BOUND('',#1800,.T.);
#1145=PLANE('',#1801);
#1146=SURFACE_STYLE_USAGE(.BOTH.,#1802);
#1147=FACE_OUTER_BOUND('',#1803,.T.);
#1148=PLANE('',#1804);
#1149=SURFACE_STYLE_USAGE(.BOTH.,#1805);
#1150=FACE_OUTER_BOUND('',#1806,.T.);
#1151=CYLINDRICAL_SURFACE('',#1807,2.4);
#1152=SURFACE_STYLE_USAGE(.BOTH.,#1808);
#1153=FACE_OUTER_BOUND('',#1809,.T.);
#1154=PLANE('',#1810);
#1155=SURFACE_STYLE_USAGE(.BOTH.,#1811);
#1156=FACE_OUTER_BOUND('',#1812,.T.);
#1157=PLANE('',#1813);
#1158=SURFACE_STYLE_USAGE(.BOTH.,#1814);
#1159=FACE_OUTER_BOUND('',#1815,.T.);
#1160=CYLINDRICAL_SURFACE('',#1816,1.0);
#1161=SURFACE_STYLE_USAGE(.BOTH.,#1817);
#1162=FACE_OUTER_BOUND('',#1818,.T.);
#1163=PLANE('',#1819);
#1164=SURFACE_STYLE_USAGE(.BOTH.,#1820);
#1165=FACE_OUTER_BOUND('',#1821,.T.);
#1166=PLANE('',#1822);
#1167=SURFACE_STYLE_USAGE(.BOTH.,#1823);
#1168=FACE_OUTER_BOUND('',#1824,.T.);
#1169=PLANE('',#1825);
#1170=SURFACE_STYLE_USAGE(.BOTH.,#1826);
#1171=FACE_OUTER_BOUND('',#1827,.T.);
#1172=CYLINDRICAL_SURFACE('',#1828,1.0);
#1173=SURFACE_STYLE_USAGE(.BOTH.,#1829);
#1174=FACE_OUTER_BOUND('',#1830,.T.);
#1175=PLANE('',#1831);
#1176=SURFACE_STYLE_USAGE(.BOTH.,#1832);
#1177=FACE_OUTER_BOUND('',#1833,.T.);
#1178=PLANE('',#1834);
#1179=SURFACE_STYLE_USAGE(.BOTH.,#1835);
#1180=FACE_OUTER_BOUND('',#1836,.T.);
#1181=PLANE('',#1837);
#1182=SURFACE_STYLE_USAGE(.BOTH.,#1838);
#1183=FACE_OUTER_BOUND('',#1839,.T.);
#1184=PLANE('',#1840);
#1185=SURFACE_STYLE_USAGE(.BOTH.,#1841);
#1186=FACE_OUTER_BOUND('',#1842,.T.);
#1187=PLANE('',#1843);
#1188=SURFACE_STYLE_USAGE(.BOTH.,#1844);
#1189=FACE_OUTER_BOUND('',#1845,.T.);
#1190=PLANE('',#1846);
#1191=SURFACE_STYLE_USAGE(.BOTH.,#1847);
#1192=FACE_OUTER_BOUND('',#1848,.T.);
#1193=PLANE('',#1849);
#1194=SURFACE_STYLE_USAGE(.BOTH.,#1850);
#1195=FACE_OUTER_BOUND('',#1851,.T.);
#1196=PLANE('',#1852);
#1197=SURFACE_STYLE_USAGE(.BOTH.,#1853);
#1198=FACE_OUTER_BOUND('',#1854,.T.);
#1199=PLANE('',#1855);
#1200=SURFACE_STYLE_USAGE(.BOTH.,#1856);
#1201=FACE_OUTER_BOUND('',#1857,.T.);
#1202=PLANE('',#1858);
#1203=SURFACE_STYLE_USAGE(.BOTH.,#1859);
#1204=FACE_OUTER_BOUND('',#1860,.T.);
#1205=PLANE('',#1861);
#1206=SURFACE_STYLE_USAGE(.BOTH.,#1862);
#1207=FACE_OUTER_BOUND('',#1863,.T.);
#1208=PLANE('',#1864);
#1209=SURFACE_STYLE_USAGE(.BOTH.,#1865);
#1210=FACE_OUTER_BOUND('',#1866,.T.);
#1211=PLANE('',#1867);
#1212=SURFACE_STYLE_USAGE(.BOTH.,#1868);
#1213=FACE_OUTER_BOUND('',#1869,.T.);
#1214=CONICAL_SURFACE('',#1870,1.4398990952349,0.523598775598299);
#1215=SURFACE_STYLE_USAGE(.BOTH.,#1871);
#1216=FACE_OUTER_BOUND('',#1872,.T.);
#1217=PLANE('',#1873);
#1218=SURFACE_STYLE_USAGE(.BOTH.,#1874);
#1219=FACE_OUTER_BOUND('',#1875,.T.);
#1220=PLANE('',#1876);
#1221=SURFACE_STYLE_USAGE(.BOTH.,#1877);
#1222=FACE_OUTER_BOUND('',#1878,.T.);
#1223=PLANE('',#1879);
#1224=SURFACE_STYLE_USAGE(.BOTH.,#1880);
#1225=FACE_OUTER_BOUND('',#1881,.T.);
#1226=PLANE('',#1882);
#1227=SURFACE_STYLE_USAGE(.BOTH.,#1883);
#1228=FACE_OUTER_BOUND('',#1884,.T.);
#1229=CYLINDRICAL_SURFACE('',#1885,2.4);
#1230=SURFACE_STYLE_USAGE(.BOTH.,#1886);
#1231=FACE_OUTER_BOUND('',#1887,.T.);
#1232=TOROIDAL_SURFACE('',#1888,1.99018932402344,1.1);
#1233=SURFACE_STYLE_USAGE(.BOTH.,#1889);
#1234=FACE_OUTER_BOUND('',#1890,.T.);
#1235=PLANE('',#1891);
#1236=SURFACE_STYLE_USAGE(.BOTH.,#1892);
#1237=FACE_OUTER_BOUND('',#1893,.T.);
#1238=PLANE('',#1894);
#1239=SURFACE_STYLE_USAGE(.BOTH.,#1895);
#1240=FACE_OUTER_BOUND('',#1896,.T.);
#1241=PLANE('',#1897);
#1242=SURFACE_STYLE_USAGE(.BOTH.,#1898);
#1243=FACE_OUTER_BOUND('',#1899,.T.);
#1244=PLANE('',#1900);
#1245=SURFACE_STYLE_USAGE(.BOTH.,#1901);
#1246=FACE_OUTER_BOUND('',#1902,.T.);
#1247=PLANE('',#1903);
#1248=SURFACE_STYLE_USAGE(.BOTH.,#1904);
#1249=FACE_OUTER_BOUND('',#1905,.T.);
#1250=PLANE('',#1906);
#1251=SURFACE_STYLE_USAGE(.BOTH.,#1907);
#1252=FACE_OUTER_BOUND('',#1908,.T.);
#1253=PLANE('',#1909);
#1254=SURFACE_STYLE_USAGE(.BOTH.,#1910);
#1255=FACE_OUTER_BOUND('',#1911,.T.);
#1256=PLANE('',#1912);
#1257=SURFACE_STYLE_USAGE(.BOTH.,#1913);
#1258=FACE_OUTER_BOUND('',#1914,.T.);
#1259=PLANE('',#1915);
#1260=SURFACE_STYLE_USAGE(.BOTH.,#1916);
#1261=FACE_OUTER_BOUND('',#1917,.T.);
#1262=PLANE('',#1918);
#1263=SURFACE_STYLE_USAGE(.BOTH.,#1919);
#1264=FACE_OUTER_BOUND('',#1920,.T.);
#1265=PLANE('',#1921);
#1266=SURFACE_STYLE_USAGE(.BOTH.,#1922);
#1267=FACE_OUTER_BOUND('',#1923,.T.);
#1268=CYLINDRICAL_SURFACE('',#1924,2.40000000000534);
#1269=SURFACE_STYLE_USAGE(.BOTH.,#1925);
#1270=FACE_OUTER_BOUND('',#1926,.T.);
#1271=TOROIDAL_SURFACE('',#1927,1.99018932412977,1.1);
#1272=SURFACE_STYLE_USAGE(.BOTH.,#1928);
#1273=FACE_OUTER_BOUND('',#1929,.T.);
#1274=TOROIDAL_SURFACE('',#1930,1.99018932412977,1.1);
#1275=SURFACE_STYLE_USAGE(.BOTH.,#1931);
#1276=FACE_OUTER_BOUND('',#1932,.T.);
#1277=PLANE('',#1933);
#1278=SURFACE_STYLE_USAGE(.BOTH.,#1934);
#1279=FACE_OUTER_BOUND('',#1935,.T.);
#1280=CYLINDRICAL_SURFACE('',#1936,1.0);
#1281=SURFACE_STYLE_USAGE(.BOTH.,#1937);
#1282=FACE_OUTER_BOUND('',#1938,.T.);
#1283=PLANE('',#1939);
#1284=SURFACE_STYLE_USAGE(.BOTH.,#1940);
#1285=FACE_OUTER_BOUND('',#1941,.T.);
#1286=PLANE('',#1942);
#1287=SURFACE_STYLE_USAGE(.BOTH.,#1943);
#1288=FACE_OUTER_BOUND('',#1944,.T.);
#1289=PLANE('',#1945);
#1290=SURFACE_STYLE_USAGE(.BOTH.,#1946);
#1291=FACE_OUTER_BOUND('',#1947,.T.);
#1292=CYLINDRICAL_SURFACE('',#1948,1.0);
#1293=SURFACE_STYLE_USAGE(.BOTH.,#1949);
#1294=FACE_OUTER_BOUND('',#1950,.T.);
#1295=PLANE('',#1951);
#1296=SURFACE_STYLE_USAGE(.BOTH.,#1952);
#1297=FACE_OUTER_BOUND('',#1953,.T.);
#1298=PLANE('',#1954);
#1299=SURFACE_STYLE_USAGE(.BOTH.,#1955);
#1300=FACE_OUTER_BOUND('',#1956,.T.);
#1301=PLANE('',#1957);
#1302=SURFACE_STYLE_USAGE(.BOTH.,#1958);
#1303=FACE_OUTER_BOUND('',#1959,.T.);
#1304=PLANE('',#1960);
#1305=SURFACE_STYLE_USAGE(.BOTH.,#1961);
#1306=FACE_OUTER_BOUND('',#1962,.T.);
#1307=PLANE('',#1963);
#1308=SURFACE_STYLE_USAGE(.BOTH.,#1964);
#1309=FACE_OUTER_BOUND('',#1965,.T.);
#1310=PLANE('',#1966);
#1311=SURFACE_STYLE_USAGE(.BOTH.,#1967);
#1312=FACE_OUTER_BOUND('',#1968,.T.);
#1313=PLANE('',#1969);
#1314=SURFACE_STYLE_USAGE(.BOTH.,#1970);
#1315=FACE_OUTER_BOUND('',#1971,.T.);
#1316=PLANE('',#1972);
#1317=SURFACE_STYLE_USAGE(.BOTH.,#1973);
#1318=FACE_OUTER_BOUND('',#1974,.T.);
#1319=PLANE('',#1975);
#1320=SURFACE_STYLE_USAGE(.BOTH.,#1976);
#1321=FACE_OUTER_BOUND('',#1977,.T.);
#1322=PLANE('',#1978);
#1323=SURFACE_STYLE_USAGE(.BOTH.,#1979);
#1324=FACE_OUTER_BOUND('',#1980,.T.);
#1325=PLANE('',#1981);
#1326=SURFACE_STYLE_USAGE(.BOTH.,#1982);
#1327=FACE_OUTER_BOUND('',#1983,.T.);
#1328=PLANE('',#1984);
#1329=SURFACE_STYLE_USAGE(.BOTH.,#1985);
#1330=FACE_OUTER_BOUND('',#1986,.T.);
#1331=PLANE('',#1987);
#1332=SURFACE_STYLE_USAGE(.BOTH.,#1988);
#1333=FACE_OUTER_BOUND('',#1989,.T.);
#1334=PLANE('',#1990);
#1335=SURFACE_STYLE_USAGE(.BOTH.,#1991);
#1336=CLOSED_SHELL('',(#240,#242,#244,#246,#248,#250,#252,#254,#256,#258,#260,#262,#264,#266,#268,#270,#272,#274,#276,#278,#280,#282,#284,#286,#288,#290,#292,#294,#296,#298,#300,#302,#304,#306,#308,#310,#312,#314,#316,#318,#320,#322,#324,#326,#328,#330,#332,#334,#336,#338,#340,#342,#344,#346,#348,#350,#352,#354,#356,#358,#360,#362,#364,#366,#368,#370,#372,#374,#376,#378,#380,#382,#384,#386,#388,#390,#392,#394,#396,#398,#400,#402,#404,#406,#408,#410,#412,#414,#416,#418,#420,#422,#424,#426,#428,#430,#432,#434,#436,#438,#440,#442,#444,#446,#448,#450,#452,#454,#456,#458,#460,#462,#464,#466,#468,#470,#472,#474,#476,#478,#480,#482,#484,#486,#488,#490,#492,#494,#496,#498,#500,#502,#504,#506,#508,#510,#512,#514,#516,#518,#520,#522,#524,#526,#528,#530,#532,#534,#536,#538,#540,#542,#544,#546,#548,#550,#552,#554,#556,#558,#560,#562,#564,#566,#568,#570,#572,#574,#576,#578,#580,#582,#584,#586,#588,#590,#592,#594,#596,#598,#600,#602,#604,#606,#608,#610,#612,#614,#616,#618,#620,#622,#624,#626,#628,#630,#632,#634,#636,#638,#640,#642,#644,#646,#648,#650,#652,#654,#656,#658,#660,#662,#664,#666,#668));
#1337=PRODUCT_CONTEXT('',#226,'mechanical');
#1338=PRODUCT_DEFINITION_FORMATION_WITH_SPECIFIED_SOURCE(' ','NONE',#671,.NOT_KNOWN.);
#1339=CARTESIAN_POINT('',(0.0,0.0,0.0));
#1340=DIRECTION('',(0.0,0.0,1.0));
#1341=DIRECTION('',(1.0,0.0,0.0));
#1342= (NAMED_UNIT(#679)LENGTH_UNIT()SI_UNIT(.MILLI.,.METRE.));
#1343=SURFACE_SIDE_STYLE('',(#1993));
#1344=EDGE_LOOP('',(#1994,#1995,#1996,#1997));
#1345=AXIS2_PLACEMENT_3D('',#1998,#1999,#2000);
#1346=SURFACE_SIDE_STYLE('',(#2001));
#1347=EDGE_LOOP('',(#2002,#2003,#2004,#2005));
#1348=AXIS2_PLACEMENT_3D('',#2006,#2007,#2008);
#1349=SURFACE_SIDE_STYLE('',(#2009));
#1350=EDGE_LOOP('',(#2010,#2011,#2012,#2013,#2014,#2015));
#1351=AXIS2_PLACEMENT_3D('',#2016,#2017,#2018);
#1352=SURFACE_SIDE_STYLE('',(#2019));
#1353=EDGE_LOOP('',(#2020,#2021,#2022,#2023,#2024));
#1354=AXIS2_PLACEMENT_3D('',#2025,#2026,#2027);
#1355=SURFACE_SIDE_STYLE('',(#2028));
#1356=EDGE_LOOP('',(#2029,#2030,#2031,#2032,#2033));
#1357=AXIS2_PLACEMENT_3D('',#2034,#2035,#2036);
#1358=SURFACE_SIDE_STYLE('',(#2037));
#1359=EDGE_LOOP('',(#2038,#2039,#2040,#2041));
#1360=AXIS2_PLACEMENT_3D('',#2042,#2043,#2044);
#1361=SURFACE_SIDE_STYLE('',(#2045));
#1362=EDGE_LOOP('',(#2046,#2047,#2048,#2049));
#1363=AXIS2_PLACEMENT_3D('',#2050,#2051,#2052);
#1364=SURFACE_SIDE_STYLE('',(#2053));
#1365=EDGE_LOOP('',(#2054,#2055,#2056,#2057,#2058));
#1366=AXIS2_PLACEMENT_3D('',#2059,#2060,#2061);
#1367=SURFACE_SIDE_STYLE('',(#2062));
#1368=EDGE_LOOP('',(#2063,#2064,#2065,#2066,#2067,#2068));
#1369=AXIS2_PLACEMENT_3D('',#2069,#2070,#2071);
#1370=SURFACE_SIDE_STYLE('',(#2072));
#1371=EDGE_LOOP('',(#2073,#2074,#2075,#2076,#2077));
#1372=AXIS2_PLACEMENT_3D('',#2078,#2079,#2080);
#1373=SURFACE_SIDE_STYLE('',(#2081));
#1374=EDGE_LOOP('',(#2082,#2083,#2084,#2085));
#1375=AXIS2_PLACEMENT_3D('',#2086,#2087,#2088);
#1376=SURFACE_SIDE_STYLE('',(#2089));
#1377=EDGE_LOOP('',(#2090,#2091,#2092,#2093));
#1378=AXIS2_PLACEMENT_3D('',#2094,#2095,#2096);
#1379=SURFACE_SIDE_STYLE('',(#2097));
#1380=EDGE_LOOP('',(#2098,#2099,#2100,#2101,#2102,#2103,#2104,#2105));
#1381=AXIS2_PLACEMENT_3D('',#2106,#2107,#2108);
#1382=SURFACE_SIDE_STYLE('',(#2109));
#1383=EDGE_LOOP('',(#2110,#2111,#2112,#2113,#2114,#2115));
#1384=AXIS2_PLACEMENT_3D('',#2116,#2117,#2118);
#1385=SURFACE_SIDE_STYLE('',(#2119));
#1386=EDGE_LOOP('',(#2120,#2121,#2122,#2123));
#1387=AXIS2_PLACEMENT_3D('',#2124,#2125,#2126);
#1388=SURFACE_SIDE_STYLE('',(#2127));
#1389=EDGE_LOOP('',(#2128,#2129,#2130,#2131));
#1390=AXIS2_PLACEMENT_3D('',#2132,#2133,#2134);
#1391=SURFACE_SIDE_STYLE('',(#2135));
#1392=EDGE_LOOP('',(#2136,#2137,#2138,#2139));
#1393=AXIS2_PLACEMENT_3D('',#2140,#2141,#2142);
#1394=SURFACE_SIDE_STYLE('',(#2143));
#1395=EDGE_LOOP('',(#2144,#2145,#2146,#2147));
#1396=AXIS2_PLACEMENT_3D('',#2148,#2149,#2150);
#1397=SURFACE_SIDE_STYLE('',(#2151));
#1398=EDGE_LOOP('',(#2152,#2153,#2154,#2155));
#1399=AXIS2_PLACEMENT_3D('',#2156,#2157,#2158);
#1400=SURFACE_SIDE_STYLE('',(#2159));
#1401=EDGE_LOOP('',(#2160,#2161,#2162,#2163,#2164,#2165,#2166,#2167,#2168,#2169,#2170,#2171,#2172,#2173,#2174,#2175,#2176,#2177,#2178,#2179,#2180,#2181,#2182,#2183,#2184,#2185,#2186,#2187,#2188,#2189,#2190,#2191,#2192,#2193,#2194,#2195,#2196,#2197,#2198,#2199,#2200,#2201,#2202,#2203,#2204,#2205,#2206,#2207,#2208,#2209,#2210,#2211,#2212,#2213,#2214,#2215,#2216,#2217,#2218,#2219,#2220,#2221,#2222,#2223,#2224,#2225,#2226,#2227,#2228,#2229,#2230,#2231,#2232,#2233,#2234,#2235,#2236,#2237,#2238,#2239,#2240,#2241,#2242,#2243,#2244,#2245,#2246,#2247,#2248,#2249,#2250,#2251));
#1402=AXIS2_PLACEMENT_3D('',#2252,#2253,#2254);
#1403=SURFACE_SIDE_STYLE('',(#2255));
#1404=EDGE_LOOP('',(#2256,#2257,#2258,#2259,#2260,#2261,#2262,#2263,#2264,#2265,#2266,#2267,#2268,#2269,#2270,#2271,#2272,#2273,#2274,#2275,#2276,#2277,#2278,#2279,#2280,#2281,#2282,#2283,#2284,#2285,#2286,#2287,#2288,#2289,#2290,#2291,#2292,#2293,#2294,#2295,#2296,#2297,#2298,#2299,#2300,#2301,#2302,#2303,#2304,#2305,#2306,#2307,#2308,#2309,#2310,#2311,#2312,#2313,#2314,#2315,#2316,#2317,#2318,#2319,#2320,#2321,#2322,#2323,#2324,#2325,#2326,#2327,#2328,#2329,#2330,#2331,#2332));
#1405=AXIS2_PLACEMENT_3D('',#2333,#2334,#2335);
#1406=SURFACE_SIDE_STYLE('',(#2336));
#1407=EDGE_LOOP('',(#2337,#2338,#2339,#2340));
#1408=AXIS2_PLACEMENT_3D('',#2341,#2342,#2343);
#1409=SURFACE_SIDE_STYLE('',(#2344));
#1410=EDGE_LOOP('',(#2345,#2346,#2347,#2348));
#1411=AXIS2_PLACEMENT_3D('',#2349,#2350,#2351);
#1412=SURFACE_SIDE_STYLE('',(#2352));
#1413=EDGE_LOOP('',(#2353,#2354,#2355,#2356));
#1414=AXIS2_PLACEMENT_3D('',#2357,#2358,#2359);
#1415=SURFACE_SIDE_STYLE('',(#2360));
#1416=EDGE_LOOP('',(#2361,#2362,#2363,#2364));
#1417=AXIS2_PLACEMENT_3D('',#2365,#2366,#2367);
#1418=SURFACE_SIDE_STYLE('',(#2368));
#1419=EDGE_LOOP('',(#2369,#2370,#2371,#2372,#2373,#2374));
#1420=AXIS2_PLACEMENT_3D('',#2375,#2376,#2377);
#1421=SURFACE_SIDE_STYLE('',(#2378));
#1422=EDGE_LOOP('',(#2379,#2380,#2381,#2382,#2383,#2384,#2385,#2386));
#1423=AXIS2_PLACEMENT_3D('',#2387,#2388,#2389);
#1424=SURFACE_SIDE_STYLE('',(#2390));
#1425=EDGE_LOOP('',(#2391,#2392,#2393,#2394));
#1426=AXIS2_PLACEMENT_3D('',#2395,#2396,#2397);
#1427=SURFACE_SIDE_STYLE('',(#2398));
#1428=EDGE_LOOP('',(#2399,#2400,#2401,#2402,#2403,#2404));
#1429=AXIS2_PLACEMENT_3D('',#2405,#2406,#2407);
#1430=SURFACE_SIDE_STYLE('',(#2408));
#1431=EDGE_LOOP('',(#2409,#2410,#2411,#2412));
#1432=AXIS2_PLACEMENT_3D('',#2413,#2414,#2415);
#1433=SURFACE_SIDE_STYLE('',(#2416));
#1434=EDGE_LOOP('',(#2417,#2418,#2419,#2420));
#1435=AXIS2_PLACEMENT_3D('',#2421,#2422,#2423);
#1436=SURFACE_SIDE_STYLE('',(#2424));
#1437=EDGE_LOOP('',(#2425,#2426,#2427,#2428));
#1438=AXIS2_PLACEMENT_3D('',#2429,#2430,#2431);
#1439=SURFACE_SIDE_STYLE('',(#2432));
#1440=EDGE_LOOP('',(#2433,#2434,#2435,#2436));
#1441=AXIS2_PLACEMENT_3D('',#2437,#2438,#2439);
#1442=SURFACE_SIDE_STYLE('',(#2440));
#1443=EDGE_LOOP('',(#2441,#2442,#2443,#2444,#2445,#2446,#2447,#2448,#2449,#2450,#2451,#2452,#2453,#2454,#2455,#2456,#2457,#2458,#2459,#2460,#2461,#2462));
#1444=EDGE_LOOP('',(#2463,#2464,#2465,#2466,#2467,#2468,#2469,#2470));
#1445=EDGE_LOOP('',(#2471,#2472,#2473,#2474,#2475,#2476,#2477,#2478));
#1446=AXIS2_PLACEMENT_3D('',#2479,#2480,#2481);
#1447=SURFACE_SIDE_STYLE('',(#2482));
#1448=EDGE_LOOP('',(#2483,#2484,#2485,#2486));
#1449=AXIS2_PLACEMENT_3D('',#2487,#2488,#2489);
#1450=SURFACE_SIDE_STYLE('',(#2490));
#1451=EDGE_LOOP('',(#2491,#2492,#2493,#2494));
#1452=AXIS2_PLACEMENT_3D('',#2495,#2496,#2497);
#1453=SURFACE_SIDE_STYLE('',(#2498));
#1454=EDGE_LOOP('',(#2499,#2500,#2501,#2502));
#1455=AXIS2_PLACEMENT_3D('',#2503,#2504,#2505);
#1456=SURFACE_SIDE_STYLE('',(#2506));
#1457=EDGE_LOOP('',(#2507,#2508,#2509,#2510));
#1458=AXIS2_PLACEMENT_3D('',#2511,#2512,#2513);
#1459=SURFACE_SIDE_STYLE('',(#2514));
#1460=EDGE_LOOP('',(#2515,#2516,#2517,#2518));
#1461=AXIS2_PLACEMENT_3D('',#2519,#2520,#2521);
#1462=SURFACE_SIDE_STYLE('',(#2522));
#1463=EDGE_LOOP('',(#2523,#2524,#2525,#2526));
#1464=AXIS2_PLACEMENT_3D('',#2527,#2528,#2529);
#1465=SURFACE_SIDE_STYLE('',(#2530));
#1466=EDGE_LOOP('',(#2531,#2532,#2533,#2534));
#1467=AXIS2_PLACEMENT_3D('',#2535,#2536,#2537);
#1468=SURFACE_SIDE_STYLE('',(#2538));
#1469=EDGE_LOOP('',(#2539,#2540,#2541,#2542));
#1470=AXIS2_PLACEMENT_3D('',#2543,#2544,#2545);
#1471=SURFACE_SIDE_STYLE('',(#2546));
#1472=EDGE_LOOP('',(#2547,#2548,#2549,#2550));
#1473=AXIS2_PLACEMENT_3D('',#2551,#2552,#2553);
#1474=SURFACE_SIDE_STYLE('',(#2554));
#1475=EDGE_LOOP('',(#2555,#2556,#2557,#2558));
#1476=AXIS2_PLACEMENT_3D('',#2559,#2560,#2561);
#1477=SURFACE_SIDE_STYLE('',(#2562));
#1478=EDGE_LOOP('',(#2563,#2564,#2565,#2566));
#1479=AXIS2_PLACEMENT_3D('',#2567,#2568,#2569);
#1480=SURFACE_SIDE_STYLE('',(#2570));
#1481=EDGE_LOOP('',(#2571,#2572,#2573,#2574,#2575,#2576));
#1482=AXIS2_PLACEMENT_3D('',#2577,#2578,#2579);
#1483=SURFACE_SIDE_STYLE('',(#2580));
#1484=EDGE_LOOP('',(#2581,#2582,#2583,#2584));
#1485=AXIS2_PLACEMENT_3D('',#2585,#2586,#2587);
#1486=SURFACE_SIDE_STYLE('',(#2588));
#1487=EDGE_LOOP('',(#2589,#2590,#2591,#2592));
#1488=AXIS2_PLACEMENT_3D('',#2593,#2594,#2595);
#1489=SURFACE_SIDE_STYLE('',(#2596));
#1490=EDGE_LOOP('',(#2597,#2598,#2599,#2600));
#1491=AXIS2_PLACEMENT_3D('',#2601,#2602,#2603);
#1492=SURFACE_SIDE_STYLE('',(#2604));
#1493=EDGE_LOOP('',(#2605,#2606,#2607,#2608));
#1494=AXIS2_PLACEMENT_3D('',#2609,#2610,#2611);
#1495=SURFACE_SIDE_STYLE('',(#2612));
#1496=EDGE_LOOP('',(#2613,#2614,#2615,#2616));
#1497=AXIS2_PLACEMENT_3D('',#2617,#2618,#2619);
#1498=SURFACE_SIDE_STYLE('',(#2620));
#1499=EDGE_LOOP('',(#2621,#2622,#2623,#2624));
#1500=AXIS2_PLACEMENT_3D('',#2625,#2626,#2627);
#1501=SURFACE_SIDE_STYLE('',(#2628));
#1502=EDGE_LOOP('',(#2629,#2630,#2631,#2632));
#1503=AXIS2_PLACEMENT_3D('',#2633,#2634,#2635);
#1504=SURFACE_SIDE_STYLE('',(#2636));
#1505=EDGE_LOOP('',(#2637,#2638,#2639,#2640));
#1506=AXIS2_PLACEMENT_3D('',#2641,#2642,#2643);
#1507=SURFACE_SIDE_STYLE('',(#2644));
#1508=EDGE_LOOP('',(#2645,#2646,#2647,#2648));
#1509=AXIS2_PLACEMENT_3D('',#2649,#2650,#2651);
#1510=SURFACE_SIDE_STYLE('',(#2652));
#1511=EDGE_LOOP('',(#2653,#2654,#2655,#2656));
#1512=AXIS2_PLACEMENT_3D('',#2657,#2658,#2659);
#1513=SURFACE_SIDE_STYLE('',(#2660));
#1514=EDGE_LOOP('',(#2661,#2662,#2663,#2664));
#1515=AXIS2_PLACEMENT_3D('',#2665,#2666,#2667);
#1516=SURFACE_SIDE_STYLE('',(#2668));
#1517=EDGE_LOOP('',(#2669,#2670,#2671,#2672,#2673,#2674,#2675,#2676,#2677,#2678,#2679,#2680));
#1518=AXIS2_PLACEMENT_3D('',#2681,#2682,#2683);
#1519=SURFACE_SIDE_STYLE('',(#2684));
#1520=EDGE_LOOP('',(#2685,#2686,#2687,#2688));
#1521=AXIS2_PLACEMENT_3D('',#2689,#2690,#2691);
#1522=SURFACE_SIDE_STYLE('',(#2692));
#1523=EDGE_LOOP('',(#2693,#2694,#2695,#2696));
#1524=AXIS2_PLACEMENT_3D('',#2697,#2698,#2699);
#1525=SURFACE_SIDE_STYLE('',(#2700));
#1526=EDGE_LOOP('',(#2701,#2702,#2703,#2704));
#1527=AXIS2_PLACEMENT_3D('',#2705,#2706,#2707);
#1528=SURFACE_SIDE_STYLE('',(#2708));
#1529=EDGE_LOOP('',(#2709,#2710,#2711,#2712));
#1530=AXIS2_PLACEMENT_3D('',#2713,#2714,#2715);
#1531=SURFACE_SIDE_STYLE('',(#2716));
#1532=EDGE_LOOP('',(#2717,#2718,#2719,#2720));
#1533=AXIS2_PLACEMENT_3D('',#2721,#2722,#2723);
#1534=SURFACE_SIDE_STYLE('',(#2724));
#1535=EDGE_LOOP('',(#2725,#2726,#2727,#2728));
#1536=AXIS2_PLACEMENT_3D('',#2729,#2730,#2731);
#1537=SURFACE_SIDE_STYLE('',(#2732));
#1538=EDGE_LOOP('',(#2733,#2734,#2735,#2736));
#1539=AXIS2_PLACEMENT_3D('',#2737,#2738,#2739);
#1540=SURFACE_SIDE_STYLE('',(#2740));
#1541=EDGE_LOOP('',(#2741,#2742,#2743,#2744));
#1542=AXIS2_PLACEMENT_3D('',#2745,#2746,#2747);
#1543=SURFACE_SIDE_STYLE('',(#2748));
#1544=EDGE_LOOP('',(#2749,#2750,#2751,#2752));
#1545=AXIS2_PLACEMENT_3D('',#2753,#2754,#2755);
#1546=SURFACE_SIDE_STYLE('',(#2756));
#1547=EDGE_LOOP('',(#2757,#2758,#2759,#2760));
#1548=AXIS2_PLACEMENT_3D('',#2761,#2762,#2763);
#1549=SURFACE_SIDE_STYLE('',(#2764));
#1550=EDGE_LOOP('',(#2765,#2766,#2767,#2768));
#1551=AXIS2_PLACEMENT_3D('',#2769,#2770,#2771);
#1552=SURFACE_SIDE_STYLE('',(#2772));
#1553=EDGE_LOOP('',(#2773,#2774,#2775,#2776));
#1554=AXIS2_PLACEMENT_3D('',#2777,#2778,#2779);
#1555=SURFACE_SIDE_STYLE('',(#2780));
#1556=EDGE_LOOP('',(#2781,#2782,#2783,#2784,#2785,#2786,#2787,#2788));
#1557=AXIS2_PLACEMENT_3D('',#2789,#2790,#2791);
#1558=SURFACE_SIDE_STYLE('',(#2792));
#1559=EDGE_LOOP('',(#2793,#2794,#2795,#2796,#2797,#2798,#2799,#2800));
#1560=AXIS2_PLACEMENT_3D('',#2801,#2802,#2803);
#1561=SURFACE_SIDE_STYLE('',(#2804));
#1562=EDGE_LOOP('',(#2805,#2806,#2807,#2808));
#1563=AXIS2_PLACEMENT_3D('',#2809,#2810,#2811);
#1564=SURFACE_SIDE_STYLE('',(#2812));
#1565=EDGE_LOOP('',(#2813,#2814,#2815,#2816,#2817,#2818,#2819,#2820,#2821,#2822,#2823,#2824,#2825));
#1566=AXIS2_PLACEMENT_3D('',#2826,#2827,#2828);
#1567=SURFACE_SIDE_STYLE('',(#2829));
#1568=EDGE_LOOP('',(#2830,#2831,#2832,#2833,#2834,#2835));
#1569=AXIS2_PLACEMENT_3D('',#2836,#2837,#2838);
#1570=SURFACE_SIDE_STYLE('',(#2839));
#1571=EDGE_LOOP('',(#2840,#2841,#2842,#2843,#2844,#2845,#2846,#2847));
#1572=AXIS2_PLACEMENT_3D('',#2848,#2849,#2850);
#1573=SURFACE_SIDE_STYLE('',(#2851));
#1574=EDGE_LOOP('',(#2852,#2853,#2854,#2855,#2856,#2857));
#1575=AXIS2_PLACEMENT_3D('',#2858,#2859,#2860);
#1576=SURFACE_SIDE_STYLE('',(#2861));
#1577=EDGE_LOOP('',(#2862,#2863,#2864,#2865,#2866));
#1578=AXIS2_PLACEMENT_3D('',#2867,#2868,#2869);
#1579=SURFACE_SIDE_STYLE('',(#2870));
#1580=EDGE_LOOP('',(#2871,#2872,#2873,#2874,#2875,#2876));
#1581=AXIS2_PLACEMENT_3D('',#2877,#2878,#2879);
#1582=SURFACE_SIDE_STYLE('',(#2880));
#1583=EDGE_LOOP('',(#2881,#2882,#2883,#2884,#2885,#2886));
#1584=AXIS2_PLACEMENT_3D('',#2887,#2888,#2889);
#1585=SURFACE_SIDE_STYLE('',(#2890));
#1586=EDGE_LOOP('',(#2891,#2892,#2893,#2894,#2895));
#1587=AXIS2_PLACEMENT_3D('',#2896,#2897,#2898);
#1588=SURFACE_SIDE_STYLE('',(#2899));
#1589=EDGE_LOOP('',(#2900,#2901,#2902,#2903,#2904));
#1590=AXIS2_PLACEMENT_3D('',#2905,#2906,#2907);
#1591=SURFACE_SIDE_STYLE('',(#2908));
#1592=EDGE_LOOP('',(#2909,#2910,#2911,#2912));
#1593=AXIS2_PLACEMENT_3D('',#2913,#2914,#2915);
#1594=SURFACE_SIDE_STYLE('',(#2916));
#1595=EDGE_LOOP('',(#2917,#2918,#2919,#2920));
#1596=AXIS2_PLACEMENT_3D('',#2921,#2922,#2923);
#1597=SURFACE_SIDE_STYLE('',(#2924));
#1598=EDGE_LOOP('',(#2925,#2926,#2927,#2928,#2929,#2930));
#1599=AXIS2_PLACEMENT_3D('',#2931,#2932,#2933);
#1600=SURFACE_SIDE_STYLE('',(#2934));
#1601=EDGE_LOOP('',(#2935,#2936,#2937,#2938));
#1602=AXIS2_PLACEMENT_3D('',#2939,#2940,#2941);
#1603=SURFACE_SIDE_STYLE('',(#2942));
#1604=EDGE_LOOP('',(#2943,#2944,#2945,#2946));
#1605=AXIS2_PLACEMENT_3D('',#2947,#2948,#2949);
#1606=SURFACE_SIDE_STYLE('',(#2950));
#1607=EDGE_LOOP('',(#2951,#2952,#2953,#2954));
#1608=AXIS2_PLACEMENT_3D('',#2955,#2956,#2957);
#1609=SURFACE_SIDE_STYLE('',(#2958));
#1610=EDGE_LOOP('',(#2959,#2960,#2961,#2962));
#1611=AXIS2_PLACEMENT_3D('',#2963,#2964,#2965);
#1612=SURFACE_SIDE_STYLE('',(#2966));
#1613=EDGE_LOOP('',(#2967,#2968,#2969,#2970));
#1614=AXIS2_PLACEMENT_3D('',#2971,#2972,#2973);
#1615=SURFACE_SIDE_STYLE('',(#2974));
#1616=EDGE_LOOP('',(#2975,#2976,#2977,#2978));
#1617=AXIS2_PLACEMENT_3D('',#2979,#2980,#2981);
#1618=SURFACE_SIDE_STYLE('',(#2982));
#1619=EDGE_LOOP('',(#2983,#2984,#2985,#2986));
#1620=AXIS2_PLACEMENT_3D('',#2987,#2988,#2989);
#1621=SURFACE_SIDE_STYLE('',(#2990));
#1622=EDGE_LOOP('',(#2991,#2992,#2993,#2994));
#1623=AXIS2_PLACEMENT_3D('',#2995,#2996,#2997);
#1624=SURFACE_SIDE_STYLE('',(#2998));
#1625=EDGE_LOOP('',(#2999,#3000,#3001,#3002));
#1626=AXIS2_PLACEMENT_3D('',#3003,#3004,#3005);
#1627=SURFACE_SIDE_STYLE('',(#3006));
#1628=EDGE_LOOP('',(#3007,#3008,#3009,#3010));
#1629=AXIS2_PLACEMENT_3D('',#3011,#3012,#3013);
#1630=SURFACE_SIDE_STYLE('',(#3014));
#1631=EDGE_LOOP('',(#3015,#3016,#3017,#3018));
#1632=AXIS2_PLACEMENT_3D('',#3019,#3020,#3021);
#1633=SURFACE_SIDE_STYLE('',(#3022));
#1634=EDGE_LOOP('',(#3023,#3024,#3025,#3026));
#1635=AXIS2_PLACEMENT_3D('',#3027,#3028,#3029);
#1636=SURFACE_SIDE_STYLE('',(#3030));
#1637=EDGE_LOOP('',(#3031,#3032,#3033,#3034));
#1638=AXIS2_PLACEMENT_3D('',#3035,#3036,#3037);
#1639=SURFACE_SIDE_STYLE('',(#3038));
#1640=EDGE_LOOP('',(#3039,#3040,#3041,#3042));
#1641=AXIS2_PLACEMENT_3D('',#3043,#3044,#3045);
#1642=SURFACE_SIDE_STYLE('',(#3046));
#1643=EDGE_LOOP('',(#3047,#3048,#3049,#3050));
#1644=AXIS2_PLACEMENT_3D('',#3051,#3052,#3053);
#1645=SURFACE_SIDE_STYLE('',(#3054));
#1646=EDGE_LOOP('',(#3055,#3056,#3057,#3058));
#1647=AXIS2_PLACEMENT_3D('',#3059,#3060,#3061);
#1648=SURFACE_SIDE_STYLE('',(#3062));
#1649=EDGE_LOOP('',(#3063,#3064,#3065,#3066));
#1650=AXIS2_PLACEMENT_3D('',#3067,#3068,#3069);
#1651=SURFACE_SIDE_STYLE('',(#3070));
#1652=EDGE_LOOP('',(#3071,#3072,#3073,#3074,#3075,#3076));
#1653=AXIS2_PLACEMENT_3D('',#3077,#3078,#3079);
#1654=SURFACE_SIDE_STYLE('',(#3080));
#1655=EDGE_LOOP('',(#3081,#3082,#3083,#3084));
#1656=AXIS2_PLACEMENT_3D('',#3085,#3086,#3087);
#1657=SURFACE_SIDE_STYLE('',(#3088));
#1658=EDGE_LOOP('',(#3089,#3090,#3091,#3092,#3093,#3094));
#1659=AXIS2_PLACEMENT_3D('',#3095,#3096,#3097);
#1660=SURFACE_SIDE_STYLE('',(#3098));
#1661=EDGE_LOOP('',(#3099,#3100,#3101,#3102));
#1662=AXIS2_PLACEMENT_3D('',#3103,#3104,#3105);
#1663=SURFACE_SIDE_STYLE('',(#3106));
#1664=EDGE_LOOP('',(#3107,#3108,#3109,#3110));
#1665=AXIS2_PLACEMENT_3D('',#3111,#3112,#3113);
#1666=SURFACE_SIDE_STYLE('',(#3114));
#1667=EDGE_LOOP('',(#3115,#3116,#3117,#3118));
#1668=AXIS2_PLACEMENT_3D('',#3119,#3120,#3121);
#1669=SURFACE_SIDE_STYLE('',(#3122));
#1670=EDGE_LOOP('',(#3123,#3124,#3125,#3126));
#1671=AXIS2_PLACEMENT_3D('',#3127,#3128,#3129);
#1672=SURFACE_SIDE_STYLE('',(#3130));
#1673=EDGE_LOOP('',(#3131,#3132,#3133,#3134));
#1674=EDGE_LOOP('',(#3135,#3136,#3137,#3138));
#1675=AXIS2_PLACEMENT_3D('',#3139,#3140,#3141);
#1676=SURFACE_SIDE_STYLE('',(#3142));
#1677=EDGE_LOOP('',(#3143,#3144,#3145,#3146));
#1678=AXIS2_PLACEMENT_3D('',#3147,#3148,#3149);
#1679=SURFACE_SIDE_STYLE('',(#3150));
#1680=EDGE_LOOP('',(#3151,#3152,#3153,#3154));
#1681=AXIS2_PLACEMENT_3D('',#3155,#3156,#3157);
#1682=SURFACE_SIDE_STYLE('',(#3158));
#1683=EDGE_LOOP('',(#3159,#3160,#3161,#3162,#3163));
#1684=AXIS2_PLACEMENT_3D('',#3164,#3165,#3166);
#1685=SURFACE_SIDE_STYLE('',(#3167));
#1686=EDGE_LOOP('',(#3168,#3169,#3170,#3171,#3172,#3173,#3174,#3175));
#1687=AXIS2_PLACEMENT_3D('',#3176,#3177,#3178);
#1688=SURFACE_SIDE_STYLE('',(#3179));
#1689=EDGE_LOOP('',(#3180,#3181,#3182,#3183));
#1690=AXIS2_PLACEMENT_3D('',#3184,#3185,#3186);
#1691=SURFACE_SIDE_STYLE('',(#3187));
#1692=EDGE_LOOP('',(#3188,#3189,#3190,#3191));
#1693=AXIS2_PLACEMENT_3D('',#3192,#3193,#3194);
#1694=SURFACE_SIDE_STYLE('',(#3195));
#1695=EDGE_LOOP('',(#3196,#3197,#3198));
#1696=AXIS2_PLACEMENT_3D('',#3199,#3200,#3201);
#1697=SURFACE_SIDE_STYLE('',(#3202));
#1698=EDGE_LOOP('',(#3203,#3204,#3205,#3206,#3207,#3208,#3209,#3210));
#1699=AXIS2_PLACEMENT_3D('',#3211,#3212,#3213);
#1700=SURFACE_SIDE_STYLE('',(#3214));
#1701=EDGE_LOOP('',(#3215,#3216,#3217,#3218));
#1702=AXIS2_PLACEMENT_3D('',#3219,#3220,#3221);
#1703=SURFACE_SIDE_STYLE('',(#3222));
#1704=EDGE_LOOP('',(#3223,#3224,#3225,#3226));
#1705=AXIS2_PLACEMENT_3D('',#3227,#3228,#3229);
#1706=SURFACE_SIDE_STYLE('',(#3230));
#1707=EDGE_LOOP('',(#3231,#3232,#3233,#3234));
#1708=AXIS2_PLACEMENT_3D('',#3235,#3236,#3237);
#1709=SURFACE_SIDE_STYLE('',(#3238));
#1710=EDGE_LOOP('',(#3239,#3240,#3241,#3242));
#1711=AXIS2_PLACEMENT_3D('',#3243,#3244,#3245);
#1712=SURFACE_SIDE_STYLE('',(#3246));
#1713=EDGE_LOOP('',(#3247,#3248,#3249,#3250));
#1714=AXIS2_PLACEMENT_3D('',#3251,#3252,#3253);
#1715=SURFACE_SIDE_STYLE('',(#3254));
#1716=EDGE_LOOP('',(#3255,#3256,#3257,#3258));
#1717=AXIS2_PLACEMENT_3D('',#3259,#3260,#3261);
#1718=SURFACE_SIDE_STYLE('',(#3262));
#1719=EDGE_LOOP('',(#3263,#3264,#3265,#3266));
#1720=AXIS2_PLACEMENT_3D('',#3267,#3268,#3269);
#1721=SURFACE_SIDE_STYLE('',(#3270));
#1722=EDGE_LOOP('',(#3271,#3272,#3273,#3274));
#1723=AXIS2_PLACEMENT_3D('',#3275,#3276,#3277);
#1724=SURFACE_SIDE_STYLE('',(#3278));
#1725=EDGE_LOOP('',(#3279,#3280,#3281,#3282));
#1726=AXIS2_PLACEMENT_3D('',#3283,#3284,#3285);
#1727=SURFACE_SIDE_STYLE('',(#3286));
#1728=EDGE_LOOP('',(#3287,#3288,#3289,#3290));
#1729=AXIS2_PLACEMENT_3D('',#3291,#3292,#3293);
#1730=SURFACE_SIDE_STYLE('',(#3294));
#1731=EDGE_LOOP('',(#3295,#3296,#3297,#3298));
#1732=AXIS2_PLACEMENT_3D('',#3299,#3300,#3301);
#1733=SURFACE_SIDE_STYLE('',(#3302));
#1734=EDGE_LOOP('',(#3303,#3304,#3305,#3306));
#1735=AXIS2_PLACEMENT_3D('',#3307,#3308,#3309);
#1736=SURFACE_SIDE_STYLE('',(#3310));
#1737=EDGE_LOOP('',(#3311,#3312,#3313,#3314));
#1738=AXIS2_PLACEMENT_3D('',#3315,#3316,#3317);
#1739=SURFACE_SIDE_STYLE('',(#3318));
#1740=EDGE_LOOP('',(#3319,#3320,#3321,#3322));
#1741=AXIS2_PLACEMENT_3D('',#3323,#3324,#3325);
#1742=SURFACE_SIDE_STYLE('',(#3326));
#1743=EDGE_LOOP('',(#3327,#3328,#3329,#3330));
#1744=AXIS2_PLACEMENT_3D('',#3331,#3332,#3333);
#1745=SURFACE_SIDE_STYLE('',(#3334));
#1746=EDGE_LOOP('',(#3335,#3336,#3337,#3338));
#1747=AXIS2_PLACEMENT_3D('',#3339,#3340,#3341);
#1748=SURFACE_SIDE_STYLE('',(#3342));
#1749=EDGE_LOOP('',(#3343,#3344,#3345,#3346));
#1750=AXIS2_PLACEMENT_3D('',#3347,#3348,#3349);
#1751=SURFACE_SIDE_STYLE('',(#3350));
#1752=EDGE_LOOP('',(#3351,#3352,#3353,#3354));
#1753=AXIS2_PLACEMENT_3D('',#3355,#3356,#3357);
#1754=SURFACE_SIDE_STYLE('',(#3358));
#1755=EDGE_LOOP('',(#3359,#3360,#3361,#3362,#3363,#3364));
#1756=AXIS2_PLACEMENT_3D('',#3365,#3366,#3367);
#1757=SURFACE_SIDE_STYLE('',(#3368));
#1758=EDGE_LOOP('',(#3369,#3370,#3371,#3372,#3373));
#1759=AXIS2_PLACEMENT_3D('',#3374,#3375,#3376);
#1760=SURFACE_SIDE_STYLE('',(#3377));
#1761=EDGE_LOOP('',(#3378,#3379,#3380,#3381));
#1762=AXIS2_PLACEMENT_3D('',#3382,#3383,#3384);
#1763=SURFACE_SIDE_STYLE('',(#3385));
#1764=EDGE_LOOP('',(#3386,#3387,#3388,#3389,#3390));
#1765=AXIS2_PLACEMENT_3D('',#3391,#3392,#3393);
#1766=SURFACE_SIDE_STYLE('',(#3394));
#1767=EDGE_LOOP('',(#3395,#3396,#3397,#3398,#3399));
#1768=AXIS2_PLACEMENT_3D('',#3400,#3401,#3402);
#1769=SURFACE_SIDE_STYLE('',(#3403));
#1770=EDGE_LOOP('',(#3404,#3405,#3406));
#1771=AXIS2_PLACEMENT_3D('',#3407,#3408,#3409);
#1772=SURFACE_SIDE_STYLE('',(#3410));
#1773=EDGE_LOOP('',(#3411,#3412,#3413,#3414,#3415));
#1774=AXIS2_PLACEMENT_3D('',#3416,#3417,#3418);
#1775=SURFACE_SIDE_STYLE('',(#3419));
#1776=EDGE_LOOP('',(#3420,#3421,#3422,#3423,#3424,#3425,#3426));
#1777=AXIS2_PLACEMENT_3D('',#3427,#3428,#3429);
#1778=SURFACE_SIDE_STYLE('',(#3430));
#1779=EDGE_LOOP('',(#3431,#3432,#3433,#3434,#3435,#3436,#3437,#3438,#3439,#3440,#3441));
#1780=AXIS2_PLACEMENT_3D('',#3442,#3443,#3444);
#1781=SURFACE_SIDE_STYLE('',(#3445));
#1782=EDGE_LOOP('',(#3446,#3447,#3448,#3449,#3450,#3451,#3452,#3453,#3454,#3455));
#1783=AXIS2_PLACEMENT_3D('',#3456,#3457,#3458);
#1784=SURFACE_SIDE_STYLE('',(#3459));
#1785=EDGE_LOOP('',(#3460,#3461,#3462,#3463));
#1786=AXIS2_PLACEMENT_3D('',#3464,#3465,#3466);
#1787=SURFACE_SIDE_STYLE('',(#3467));
#1788=EDGE_LOOP('',(#3468,#3469,#3470,#3471));
#1789=AXIS2_PLACEMENT_3D('',#3472,#3473,#3474);
#1790=SURFACE_SIDE_STYLE('',(#3475));
#1791=EDGE_LOOP('',(#3476,#3477,#3478,#3479));
#1792=AXIS2_PLACEMENT_3D('',#3480,#3481,#3482);
#1793=SURFACE_SIDE_STYLE('',(#3483));
#1794=EDGE_LOOP('',(#3484,#3485,#3486,#3487));
#1795=AXIS2_PLACEMENT_3D('',#3488,#3489,#3490);
#1796=SURFACE_SIDE_STYLE('',(#3491));
#1797=EDGE_LOOP('',(#3492,#3493,#3494,#3495));
#1798=AXIS2_PLACEMENT_3D('',#3496,#3497,#3498);
#1799=SURFACE_SIDE_STYLE('',(#3499));
#1800=EDGE_LOOP('',(#3500,#3501,#3502,#3503));
#1801=AXIS2_PLACEMENT_3D('',#3504,#3505,#3506);
#1802=SURFACE_SIDE_STYLE('',(#3507));
#1803=EDGE_LOOP('',(#3508,#3509,#3510,#3511));
#1804=AXIS2_PLACEMENT_3D('',#3512,#3513,#3514);
#1805=SURFACE_SIDE_STYLE('',(#3515));
#1806=EDGE_LOOP('',(#3516,#3517,#3518,#3519));
#1807=AXIS2_PLACEMENT_3D('',#3520,#3521,#3522);
#1808=SURFACE_SIDE_STYLE('',(#3523));
#1809=EDGE_LOOP('',(#3524,#3525,#3526,#3527));
#1810=AXIS2_PLACEMENT_3D('',#3528,#3529,#3530);
#1811=SURFACE_SIDE_STYLE('',(#3531));
#1812=EDGE_LOOP('',(#3532,#3533,#3534,#3535,#3536,#3537,#3538,#3539,#3540,#3541));
#1813=AXIS2_PLACEMENT_3D('',#3542,#3543,#3544);
#1814=SURFACE_SIDE_STYLE('',(#3545));
#1815=EDGE_LOOP('',(#3546,#3547,#3548,#3549));
#1816=AXIS2_PLACEMENT_3D('',#3550,#3551,#3552);
#1817=SURFACE_SIDE_STYLE('',(#3553));
#1818=EDGE_LOOP('',(#3554,#3555,#3556,#3557));
#1819=AXIS2_PLACEMENT_3D('',#3558,#3559,#3560);
#1820=SURFACE_SIDE_STYLE('',(#3561));
#1821=EDGE_LOOP('',(#3562,#3563,#3564,#3565));
#1822=AXIS2_PLACEMENT_3D('',#3566,#3567,#3568);
#1823=SURFACE_SIDE_STYLE('',(#3569));
#1824=EDGE_LOOP('',(#3570,#3571,#3572,#3573));
#1825=AXIS2_PLACEMENT_3D('',#3574,#3575,#3576);
#1826=SURFACE_SIDE_STYLE('',(#3577));
#1827=EDGE_LOOP('',(#3578,#3579,#3580,#3581));
#1828=AXIS2_PLACEMENT_3D('',#3582,#3583,#3584);
#1829=SURFACE_SIDE_STYLE('',(#3585));
#1830=EDGE_LOOP('',(#3586,#3587,#3588,#3589,#3590,#3591,#3592,#3593,#3594,#3595,#3596));
#1831=AXIS2_PLACEMENT_3D('',#3597,#3598,#3599);
#1832=SURFACE_SIDE_STYLE('',(#3600));
#1833=EDGE_LOOP('',(#3601,#3602,#3603,#3604,#3605,#3606,#3607,#3608));
#1834=AXIS2_PLACEMENT_3D('',#3609,#3610,#3611);
#1835=SURFACE_SIDE_STYLE('',(#3612));
#1836=EDGE_LOOP('',(#3613,#3614,#3615,#3616,#3617,#3618,#3619));
#1837=AXIS2_PLACEMENT_3D('',#3620,#3621,#3622);
#1838=SURFACE_SIDE_STYLE('',(#3623));
#1839=EDGE_LOOP('',(#3624,#3625,#3626,#3627,#3628,#3629,#3630,#3631));
#1840=AXIS2_PLACEMENT_3D('',#3632,#3633,#3634);
#1841=SURFACE_SIDE_STYLE('',(#3635));
#1842=EDGE_LOOP('',(#3636,#3637,#3638,#3639));
#1843=AXIS2_PLACEMENT_3D('',#3640,#3641,#3642);
#1844=SURFACE_SIDE_STYLE('',(#3643));
#1845=EDGE_LOOP('',(#3644,#3645,#3646,#3647));
#1846=AXIS2_PLACEMENT_3D('',#3648,#3649,#3650);
#1847=SURFACE_SIDE_STYLE('',(#3651));
#1848=EDGE_LOOP('',(#3652,#3653,#3654,#3655));
#1849=AXIS2_PLACEMENT_3D('',#3656,#3657,#3658);
#1850=SURFACE_SIDE_STYLE('',(#3659));
#1851=EDGE_LOOP('',(#3660,#3661,#3662,#3663));
#1852=AXIS2_PLACEMENT_3D('',#3664,#3665,#3666);
#1853=SURFACE_SIDE_STYLE('',(#3667));
#1854=EDGE_LOOP('',(#3668,#3669,#3670,#3671));
#1855=AXIS2_PLACEMENT_3D('',#3672,#3673,#3674);
#1856=SURFACE_SIDE_STYLE('',(#3675));
#1857=EDGE_LOOP('',(#3676,#3677,#3678,#3679));
#1858=AXIS2_PLACEMENT_3D('',#3680,#3681,#3682);
#1859=SURFACE_SIDE_STYLE('',(#3683));
#1860=EDGE_LOOP('',(#3684,#3685,#3686,#3687));
#1861=AXIS2_PLACEMENT_3D('',#3688,#3689,#3690);
#1862=SURFACE_SIDE_STYLE('',(#3691));
#1863=EDGE_LOOP('',(#3692,#3693,#3694,#3695));
#1864=AXIS2_PLACEMENT_3D('',#3696,#3697,#3698);
#1865=SURFACE_SIDE_STYLE('',(#3699));
#1866=EDGE_LOOP('',(#3700,#3701,#3702,#3703));
#1867=AXIS2_PLACEMENT_3D('',#3704,#3705,#3706);
#1868=SURFACE_SIDE_STYLE('',(#3707));
#1869=EDGE_LOOP('',(#3708,#3709,#3710,#3711,#3712,#3713));
#1870=AXIS2_PLACEMENT_3D('',#3714,#3715,#3716);
#1871=SURFACE_SIDE_STYLE('',(#3717));
#1872=EDGE_LOOP('',(#3718,#3719,#3720,#3721,#3722));
#1873=AXIS2_PLACEMENT_3D('',#3723,#3724,#3725);
#1874=SURFACE_SIDE_STYLE('',(#3726));
#1875=EDGE_LOOP('',(#3727,#3728,#3729,#3730));
#1876=AXIS2_PLACEMENT_3D('',#3731,#3732,#3733);
#1877=SURFACE_SIDE_STYLE('',(#3734));
#1878=EDGE_LOOP('',(#3735,#3736,#3737,#3738,#3739));
#1879=AXIS2_PLACEMENT_3D('',#3740,#3741,#3742);
#1880=SURFACE_SIDE_STYLE('',(#3743));
#1881=EDGE_LOOP('',(#3744,#3745,#3746,#3747));
#1882=AXIS2_PLACEMENT_3D('',#3748,#3749,#3750);
#1883=SURFACE_SIDE_STYLE('',(#3751));
#1884=EDGE_LOOP('',(#3752,#3753,#3754,#3755));
#1885=AXIS2_PLACEMENT_3D('',#3756,#3757,#3758);
#1886=SURFACE_SIDE_STYLE('',(#3759));
#1887=EDGE_LOOP('',(#3760,#3761,#3762));
#1888=AXIS2_PLACEMENT_3D('',#3763,#3764,#3765);
#1889=SURFACE_SIDE_STYLE('',(#3766));
#1890=EDGE_LOOP('',(#3767,#3768,#3769,#3770));
#1891=AXIS2_PLACEMENT_3D('',#3771,#3772,#3773);
#1892=SURFACE_SIDE_STYLE('',(#3774));
#1893=EDGE_LOOP('',(#3775,#3776,#3777,#3778,#3779));
#1894=AXIS2_PLACEMENT_3D('',#3780,#3781,#3782);
#1895=SURFACE_SIDE_STYLE('',(#3783));
#1896=EDGE_LOOP('',(#3784,#3785,#3786,#3787,#3788,#3789,#3790));
#1897=AXIS2_PLACEMENT_3D('',#3791,#3792,#3793);
#1898=SURFACE_SIDE_STYLE('',(#3794));
#1899=EDGE_LOOP('',(#3795,#3796,#3797,#3798,#3799,#3800,#3801,#3802,#3803,#3804,#3805));
#1900=AXIS2_PLACEMENT_3D('',#3806,#3807,#3808);
#1901=SURFACE_SIDE_STYLE('',(#3809));
#1902=EDGE_LOOP('',(#3810,#3811,#3812,#3813,#3814,#3815,#3816,#3817,#3818,#3819));
#1903=AXIS2_PLACEMENT_3D('',#3820,#3821,#3822);
#1904=SURFACE_SIDE_STYLE('',(#3823));
#1905=EDGE_LOOP('',(#3824,#3825,#3826,#3827));
#1906=AXIS2_PLACEMENT_3D('',#3828,#3829,#3830);
#1907=SURFACE_SIDE_STYLE('',(#3831));
#1908=EDGE_LOOP('',(#3832,#3833,#3834,#3835));
#1909=AXIS2_PLACEMENT_3D('',#3836,#3837,#3838);
#1910=SURFACE_SIDE_STYLE('',(#3839));
#1911=EDGE_LOOP('',(#3840,#3841,#3842,#3843));
#1912=AXIS2_PLACEMENT_3D('',#3844,#3845,#3846);
#1913=SURFACE_SIDE_STYLE('',(#3847));
#1914=EDGE_LOOP('',(#3848,#3849,#3850,#3851));
#1915=AXIS2_PLACEMENT_3D('',#3852,#3853,#3854);
#1916=SURFACE_SIDE_STYLE('',(#3855));
#1917=EDGE_LOOP('',(#3856,#3857,#3858,#3859));
#1918=AXIS2_PLACEMENT_3D('',#3860,#3861,#3862);
#1919=SURFACE_SIDE_STYLE('',(#3863));
#1920=EDGE_LOOP('',(#3864,#3865,#3866,#3867));
#1921=AXIS2_PLACEMENT_3D('',#3868,#3869,#3870);
#1922=SURFACE_SIDE_STYLE('',(#3871));
#1923=EDGE_LOOP('',(#3872,#3873,#3874,#3875,#3876));
#1924=AXIS2_PLACEMENT_3D('',#3877,#3878,#3879);
#1925=SURFACE_SIDE_STYLE('',(#3880));
#1926=EDGE_LOOP('',(#3881,#3882,#3883));
#1927=AXIS2_PLACEMENT_3D('',#3884,#3885,#3886);
#1928=SURFACE_SIDE_STYLE('',(#3887));
#1929=EDGE_LOOP('',(#3888,#3889,#3890));
#1930=AXIS2_PLACEMENT_3D('',#3891,#3892,#3893);
#1931=SURFACE_SIDE_STYLE('',(#3894));
#1932=EDGE_LOOP('',(#3895,#3896,#3897,#3898,#3899,#3900,#3901,#3902,#3903,#3904));
#1933=AXIS2_PLACEMENT_3D('',#3905,#3906,#3907);
#1934=SURFACE_SIDE_STYLE('',(#3908));
#1935=EDGE_LOOP('',(#3909,#3910,#3911,#3912));
#1936=AXIS2_PLACEMENT_3D('',#3913,#3914,#3915);
#1937=SURFACE_SIDE_STYLE('',(#3916));
#1938=EDGE_LOOP('',(#3917,#3918,#3919,#3920));
#1939=AXIS2_PLACEMENT_3D('',#3921,#3922,#3923);
#1940=SURFACE_SIDE_STYLE('',(#3924));
#1941=EDGE_LOOP('',(#3925,#3926,#3927,#3928));
#1942=AXIS2_PLACEMENT_3D('',#3929,#3930,#3931);
#1943=SURFACE_SIDE_STYLE('',(#3932));
#1944=EDGE_LOOP('',(#3933,#3934,#3935,#3936));
#1945=AXIS2_PLACEMENT_3D('',#3937,#3938,#3939);
#1946=SURFACE_SIDE_STYLE('',(#3940));
#1947=EDGE_LOOP('',(#3941,#3942,#3943,#3944));
#1948=AXIS2_PLACEMENT_3D('',#3945,#3946,#3947);
#1949=SURFACE_SIDE_STYLE('',(#3948));
#1950=EDGE_LOOP('',(#3949,#3950,#3951,#3952,#3953,#3954,#3955,#3956,#3957,#3958,#3959));
#1951=AXIS2_PLACEMENT_3D('',#3960,#3961,#3962);
#1952=SURFACE_SIDE_STYLE('',(#3963));
#1953=EDGE_LOOP('',(#3964,#3965,#3966,#3967,#3968,#3969,#3970,#3971));
#1954=AXIS2_PLACEMENT_3D('',#3972,#3973,#3974);
#1955=SURFACE_SIDE_STYLE('',(#3975));
#1956=EDGE_LOOP('',(#3976,#3977,#3978,#3979,#3980,#3981,#3982));
#1957=AXIS2_PLACEMENT_3D('',#3983,#3984,#3985);
#1958=SURFACE_SIDE_STYLE('',(#3986));
#1959=EDGE_LOOP('',(#3987,#3988,#3989,#3990,#3991,#3992,#3993,#3994));
#1960=AXIS2_PLACEMENT_3D('',#3995,#3996,#3997);
#1961=SURFACE_SIDE_STYLE('',(#3998));
#1962=EDGE_LOOP('',(#3999,#4000,#4001,#4002));
#1963=AXIS2_PLACEMENT_3D('',#4003,#4004,#4005);
#1964=SURFACE_SIDE_STYLE('',(#4006));
#1965=EDGE_LOOP('',(#4007,#4008,#4009,#4010));
#1966=AXIS2_PLACEMENT_3D('',#4011,#4012,#4013);
#1967=SURFACE_SIDE_STYLE('',(#4014));
#1968=EDGE_LOOP('',(#4015,#4016,#4017,#4018));
#1969=AXIS2_PLACEMENT_3D('',#4019,#4020,#4021);
#1970=SURFACE_SIDE_STYLE('',(#4022));
#1971=EDGE_LOOP('',(#4023,#4024,#4025,#4026,#4027));
#1972=AXIS2_PLACEMENT_3D('',#4028,#4029,#4030);
#1973=SURFACE_SIDE_STYLE('',(#4031));
#1974=EDGE_LOOP('',(#4032,#4033,#4034,#4035,#4036,#4037));
#1975=AXIS2_PLACEMENT_3D('',#4038,#4039,#4040);
#1976=SURFACE_SIDE_STYLE('',(#4041));
#1977=EDGE_LOOP('',(#4042,#4043,#4044,#4045));
#1978=AXIS2_PLACEMENT_3D('',#4046,#4047,#4048);
#1979=SURFACE_SIDE_STYLE('',(#4049));
#1980=EDGE_LOOP('',(#4050,#4051,#4052,#4053));
#1981=AXIS2_PLACEMENT_3D('',#4054,#4055,#4056);
#1982=SURFACE_SIDE_STYLE('',(#4057));
#1983=EDGE_LOOP('',(#4058,#4059,#4060,#4061));
#1984=AXIS2_PLACEMENT_3D('',#4062,#4063,#4064);
#1985=SURFACE_SIDE_STYLE('',(#4065));
#1986=EDGE_LOOP('',(#4066,#4067,#4068,#4069));
#1987=AXIS2_PLACEMENT_3D('',#4070,#4071,#4072);
#1988=SURFACE_SIDE_STYLE('',(#4073));
#1989=EDGE_LOOP('',(#4074,#4075,#4076,#4077));
#1990=AXIS2_PLACEMENT_3D('',#4078,#4079,#4080);
#1991=SURFACE_SIDE_STYLE('',(#4081));
#1993=SURFACE_STYLE_FILL_AREA(#4082);
#1994=ORIENTED_EDGE('',*,*,#4083,.F.);
#1995=ORIENTED_EDGE('',*,*,#4084,.F.);
#1996=ORIENTED_EDGE('',*,*,#4085,.F.);
#1997=ORIENTED_EDGE('',*,*,#4086,.T.);
#1998=CARTESIAN_POINT('',(2.65000000006256,42.7000000005804,35.2500000050026));
#1999=DIRECTION('',(-7.23953406415199E-13,2.21959950390838E-12,-1.0));
#2000=DIRECTION('',(3.15628997887043E-11,1.0,2.21959950388553E-12));
#2001=SURFACE_STYLE_FILL_AREA(#4087);
#2002=ORIENTED_EDGE('',*,*,#4088,.F.);
#2003=ORIENTED_EDGE('',*,*,#4089,.F.);
#2004=ORIENTED_EDGE('',*,*,#4090,.F.);
#2005=ORIENTED_EDGE('',*,*,#4091,.F.);
#2006=CARTESIAN_POINT('',(2.65000000005878,42.7000000005766,35.2500000049797));
#2007=DIRECTION('',(-7.23953406581889E-13,-1.05304376332797E-11,-1.0));
#2008=DIRECTION('',(2.9463613285516E-11,1.0,-1.0530437633301E-11));
#2009=SURFACE_STYLE_FILL_AREA(#4092);
#2010=ORIENTED_EDGE('',*,*,#4093,.F.);
#2011=ORIENTED_EDGE('',*,*,#4094,.T.);
#2012=ORIENTED_EDGE('',*,*,#4095,.T.);
#2013=ORIENTED_EDGE('',*,*,#4096,.F.);
#2014=ORIENTED_EDGE('',*,*,#4097,.F.);
#2015=ORIENTED_EDGE('',*,*,#4098,.T.);
#2016=CARTESIAN_POINT('',(2.74999999555241,48.050000004449,31.5713691353731));
#2017=DIRECTION('',(-2.29905953580729E-12,4.0442926788062E-12,1.0));
#2018=DIRECTION('',(5.50314891967488E-12,1.0,-4.04429267879355E-12));
#2019=SURFACE_STYLE_FILL_AREA(#4099);
#2020=ORIENTED_EDGE('',*,*,#4100,.F.);
#2021=ORIENTED_EDGE('',*,*,#4101,.T.);
#2022=ORIENTED_EDGE('',*,*,#4102,.T.);
#2023=ORIENTED_EDGE('',*,*,#4103,.T.);
#2024=ORIENTED_EDGE('',*,*,#4104,.F.);
#2025=CARTESIAN_POINT('',(2.74999999552446,47.4500000044103,29.0836091436583));
#2026=DIRECTION('',(2.19303351865717E-12,-5.39351896505783E-12,-1.0));
#2027=DIRECTION('',(1.48371148178244E-13,-1.0,5.39351896505816E-12));
#2028=SURFACE_STYLE_FILL_AREA(#4105);
#2029=ORIENTED_EDGE('',*,*,#4106,.F.);
#2030=ORIENTED_EDGE('',*,*,#4104,.T.);
#2031=ORIENTED_EDGE('',*,*,#4107,.F.);
#2032=ORIENTED_EDGE('',*,*,#4108,.T.);
#2033=ORIENTED_EDGE('',*,*,#4109,.T.);
#2034=CARTESIAN_POINT('',(2.74999999550919,47.4500000044007,27.187056455252));
#2035=DIRECTION('',(-2.16502861437245E-12,8.47046044444311E-12,1.0));
#2036=DIRECTION('',(-5.17956357035944E-12,-1.0,8.47046044443189E-12));
#2037=SURFACE_STYLE_FILL_AREA(#4110);
#2038=ORIENTED_EDGE('',*,*,#4111,.F.);
#2039=ORIENTED_EDGE('',*,*,#4112,.F.);
#2040=ORIENTED_EDGE('',*,*,#4113,.T.);
#2041=ORIENTED_EDGE('',*,*,#4114,.T.);
#2042=CARTESIAN_POINT('',(2.65000000010848,52.9000000017594,35.2500000050011));
#2043=DIRECTION('',(-7.23953406415199E-13,2.21959950390838E-12,-1.0));
#2044=DIRECTION('',(3.15628997887043E-11,1.0,2.21959950388553E-12));
#2045=SURFACE_STYLE_FILL_AREA(#4115);
#2046=ORIENTED_EDGE('',*,*,#4116,.F.);
#2047=ORIENTED_EDGE('',*,*,#4117,.F.);
#2048=ORIENTED_EDGE('',*,*,#4118,.F.);
#2049=ORIENTED_EDGE('',*,*,#4119,.F.);
#2050=CARTESIAN_POINT('',(2.6500000001047,52.9000000017556,35.2500000049781));
#2051=DIRECTION('',(-7.23953406581889E-13,-1.05304376332797E-11,-1.0));
#2052=DIRECTION('',(2.9463613285516E-11,1.0,-1.0530437633301E-11));
#2053=SURFACE_STYLE_FILL_AREA(#4120);
#2054=ORIENTED_EDGE('',*,*,#4121,.F.);
#2055=ORIENTED_EDGE('',*,*,#4122,.T.);
#2056=ORIENTED_EDGE('',*,*,#4123,.T.);
#2057=ORIENTED_EDGE('',*,*,#4124,.T.);
#2058=ORIENTED_EDGE('',*,*,#4125,.F.);
#2059=CARTESIAN_POINT('',(2.74999999552343,57.6500000052507,29.0836091436529));
#2060=DIRECTION('',(2.19303351865717E-12,-5.39351896505783E-12,-1.0));
#2061=DIRECTION('',(1.48371148178244E-13,-1.0,5.39351896505816E-12));
#2062=SURFACE_STYLE_FILL_AREA(#4126);
#2063=ORIENTED_EDGE('',*,*,#4127,.F.);
#2064=ORIENTED_EDGE('',*,*,#4128,.T.);
#2065=ORIENTED_EDGE('',*,*,#4129,.T.);
#2066=ORIENTED_EDGE('',*,*,#4130,.F.);
#2067=ORIENTED_EDGE('',*,*,#4131,.F.);
#2068=ORIENTED_EDGE('',*,*,#4132,.T.);
#2069=CARTESIAN_POINT('',(2.74999999555138,58.2500000052894,31.5713691353677));
#2070=DIRECTION('',(-2.29905953580729E-12,4.0442926788062E-12,1.0));
#2071=DIRECTION('',(5.50314891967488E-12,1.0,-4.04429267879355E-12));
#2072=SURFACE_STYLE_FILL_AREA(#4133);
#2073=ORIENTED_EDGE('',*,*,#4134,.F.);
#2074=ORIENTED_EDGE('',*,*,#4125,.T.);
#2075=ORIENTED_EDGE('',*,*,#4135,.F.);
#2076=ORIENTED_EDGE('',*,*,#4136,.T.);
#2077=ORIENTED_EDGE('',*,*,#4137,.T.);
#2078=CARTESIAN_POINT('',(2.74999999550816,57.650000005241,27.1870564552466));
#2079=DIRECTION('',(-2.16502861437245E-12,8.47046044444311E-12,1.0));
#2080=DIRECTION('',(-5.17956357035944E-12,-1.0,8.47046044443189E-12));
#2081=SURFACE_STYLE_FILL_AREA(#4138);
#2082=ORIENTED_EDGE('',*,*,#4139,.F.);
#2083=ORIENTED_EDGE('',*,*,#4140,.T.);
#2084=ORIENTED_EDGE('',*,*,#4141,.F.);
#2085=ORIENTED_EDGE('',*,*,#4142,.F.);
#2086=CARTESIAN_POINT('',(-1.39732936332848E-09,14.1021397495439,11.8848211529377));
#2087=DIRECTION('',(-1.0,-4.8609847755229E-12,-1.02557453813207E-10));
#2088=DIRECTION('',(-4.86098476520471E-12,1.0,-1.00608906126999E-10));
#2089=SURFACE_STYLE_FILL_AREA(#4143);
#2090=ORIENTED_EDGE('',*,*,#4144,.F.);
#2091=ORIENTED_EDGE('',*,*,#4145,.F.);
#2092=ORIENTED_EDGE('',*,*,#4146,.T.);
#2093=ORIENTED_EDGE('',*,*,#4147,.T.);
#2094=CARTESIAN_POINT('',(2.89999999996597,13.1249999999862,41.2500000004215));
#2095=DIRECTION('',(2.94386111516656E-15,-2.62984081794551E-14,-1.0));
#2096=DIRECTION('',(4.97019730230756E-14,-1.0,2.62984081794553E-14));
#2097=SURFACE_STYLE_FILL_AREA(#4148);
#2098=ORIENTED_EDGE('',*,*,#4149,.F.);
#2099=ORIENTED_EDGE('',*,*,#4150,.T.);
#2100=ORIENTED_EDGE('',*,*,#4151,.F.);
#2101=ORIENTED_EDGE('',*,*,#4152,.F.);
#2102=ORIENTED_EDGE('',*,*,#4153,.F.);
#2103=ORIENTED_EDGE('',*,*,#4154,.F.);
#2104=ORIENTED_EDGE('',*,*,#4155,.T.);
#2105=ORIENTED_EDGE('',*,*,#4156,.F.);
#2106=CARTESIAN_POINT('',(2.89999999996597,13.1249999999862,41.2500000004215));
#2107=DIRECTION('',(2.94386111516656E-15,-2.62984081794551E-14,-1.0));
#2108=DIRECTION('',(4.97019730230756E-14,-1.0,2.62984081794553E-14));
#2109=SURFACE_STYLE_FILL_AREA(#4157);
#2110=ORIENTED_EDGE('',*,*,#4158,.F.);
#2111=ORIENTED_EDGE('',*,*,#4159,.T.);
#2112=ORIENTED_EDGE('',*,*,#4160,.F.);
#2113=ORIENTED_EDGE('',*,*,#4161,.T.);
#2114=ORIENTED_EDGE('',*,*,#4162,.F.);
#2115=ORIENTED_EDGE('',*,*,#4163,.F.);
#2116=CARTESIAN_POINT('',(5.15000000003452,0.900000000045934,3.09999999997793));
#2117=DIRECTION('',(-1.0,-3.19771212653421E-14,-4.08284984336315E-13));
#2118=DIRECTION('',(-3.19771212653421E-14,1.0,1.54200446062077E-17));
#2119=SURFACE_STYLE_FILL_AREA(#4164);
#2120=ORIENTED_EDGE('',*,*,#4165,.F.);
#2121=ORIENTED_EDGE('',*,*,#4166,.T.);
#2122=ORIENTED_EDGE('',*,*,#4167,.F.);
#2123=ORIENTED_EDGE('',*,*,#4168,.F.);
#2124=CARTESIAN_POINT('',(5.15000000002864,-14.3090880212464,18.7000000004266));
#2125=DIRECTION('',(-1.0,-3.19771212653276E-14,-4.08284984336327E-13));
#2126=DIRECTION('',(1.80186543107912E-14,0.992546151641319,-0.121869343405174));
#2127=SURFACE_STYLE_FILL_AREA(#4169);
#2128=ORIENTED_EDGE('',*,*,#4170,.F.);
#2129=ORIENTED_EDGE('',*,*,#4171,.T.);
#2130=ORIENTED_EDGE('',*,*,#4172,.F.);
#2131=ORIENTED_EDGE('',*,*,#4173,.F.);
#2132=CARTESIAN_POINT('',(5.15000000002864,-14.3090880212464,18.7000000004266));
#2133=DIRECTION('',(-1.0,-3.19771212653276E-14,-4.08284984336327E-13));
#2134=DIRECTION('',(1.80186543107912E-14,0.992546151641319,-0.121869343405174));
#2135=SURFACE_STYLE_FILL_AREA(#4174);
#2136=ORIENTED_EDGE('',*,*,#4175,.F.);
#2137=ORIENTED_EDGE('',*,*,#4176,.T.);
#2138=ORIENTED_EDGE('',*,*,#4177,.T.);
#2139=ORIENTED_EDGE('',*,*,#4178,.F.);
#2140=CARTESIAN_POINT('',(5.15000000002104,30.409583694437,33.8000000000583));
#2141=DIRECTION('',(-1.0,-3.19771212653179E-14,-4.08284984336289E-13));
#2142=DIRECTION('',(-1.80186543107854E-14,-0.992546151641322,0.121869343405148));
#2143=SURFACE_STYLE_FILL_AREA(#4179);
#2144=ORIENTED_EDGE('',*,*,#4180,.F.);
#2145=ORIENTED_EDGE('',*,*,#4181,.T.);
#2146=ORIENTED_EDGE('',*,*,#4182,.F.);
#2147=ORIENTED_EDGE('',*,*,#4183,.F.);
#2148=CARTESIAN_POINT('',(5.14999999813167,78.9977270866299,17.1999999966033));
#2149=DIRECTION('',(-1.0,-1.33824636749208E-18,-1.02965849820335E-10));
#2150=DIRECTION('',(-1.25483791927681E-11,-0.992546151629061,0.121869343505007));
#2151=SURFACE_STYLE_FILL_AREA(#4184);
#2152=ORIENTED_EDGE('',*,*,#4185,.T.);
#2153=ORIENTED_EDGE('',*,*,#4186,.F.);
#2154=ORIENTED_EDGE('',*,*,#4187,.F.);
#2155=ORIENTED_EDGE('',*,*,#4188,.T.);
#2156=CARTESIAN_POINT('',(5.1500000000327,45.0499999999981,4.09999999997551));
#2157=DIRECTION('',(-3.19771212650804E-14,1.0,-6.90114631826622E-13));
#2158=DIRECTION('',(-1.0,-3.19771213204938E-14,-8.02958612191893E-11));
#2159=SURFACE_STYLE_FILL_AREA(#4189);
#2160=ORIENTED_EDGE('',*,*,#4190,.F.);
#2161=ORIENTED_EDGE('',*,*,#4191,.F.);
#2162=ORIENTED_EDGE('',*,*,#4192,.T.);
#2163=ORIENTED_EDGE('',*,*,#4193,.F.);
#2164=ORIENTED_EDGE('',*,*,#4194,.F.);
#2165=ORIENTED_EDGE('',*,*,#4195,.T.);
#2166=ORIENTED_EDGE('',*,*,#4196,.F.);
#2167=ORIENTED_EDGE('',*,*,#4197,.F.);
#2168=ORIENTED_EDGE('',*,*,#4198,.T.);
#2169=ORIENTED_EDGE('',*,*,#4199,.F.);
#2170=ORIENTED_EDGE('',*,*,#4200,.F.);
#2171=ORIENTED_EDGE('',*,*,#4201,.T.);
#2172=ORIENTED_EDGE('',*,*,#4202,.F.);
#2173=ORIENTED_EDGE('',*,*,#4203,.T.);
#2174=ORIENTED_EDGE('',*,*,#4204,.F.);
#2175=ORIENTED_EDGE('',*,*,#4205,.F.);
#2176=ORIENTED_EDGE('',*,*,#4206,.F.);
#2177=ORIENTED_EDGE('',*,*,#4207,.T.);
#2178=ORIENTED_EDGE('',*,*,#4208,.F.);
#2179=ORIENTED_EDGE('',*,*,#4209,.F.);
#2180=ORIENTED_EDGE('',*,*,#4210,.F.);
#2181=ORIENTED_EDGE('',*,*,#4211,.F.);
#2182=ORIENTED_EDGE('',*,*,#4212,.F.);
#2183=ORIENTED_EDGE('',*,*,#4213,.T.);
#2184=ORIENTED_EDGE('',*,*,#4178,.T.);
#2185=ORIENTED_EDGE('',*,*,#4214,.F.);
#2186=ORIENTED_EDGE('',*,*,#4215,.F.);
#2187=ORIENTED_EDGE('',*,*,#4216,.F.);
#2188=ORIENTED_EDGE('',*,*,#4217,.F.);
#2189=ORIENTED_EDGE('',*,*,#4218,.F.);
#2190=ORIENTED_EDGE('',*,*,#4219,.T.);
#2191=ORIENTED_EDGE('',*,*,#4220,.F.);
#2192=ORIENTED_EDGE('',*,*,#4221,.F.);
#2193=ORIENTED_EDGE('',*,*,#4222,.F.);
#2194=ORIENTED_EDGE('',*,*,#4223,.F.);
#2195=ORIENTED_EDGE('',*,*,#4224,.T.);
#2196=ORIENTED_EDGE('',*,*,#4225,.F.);
#2197=ORIENTED_EDGE('',*,*,#4226,.F.);
#2198=ORIENTED_EDGE('',*,*,#4227,.F.);
#2199=ORIENTED_EDGE('',*,*,#4228,.F.);
#2200=ORIENTED_EDGE('',*,*,#4229,.F.);
#2201=ORIENTED_EDGE('',*,*,#4230,.F.);
#2202=ORIENTED_EDGE('',*,*,#4231,.F.);
#2203=ORIENTED_EDGE('',*,*,#4232,.F.);
#2204=ORIENTED_EDGE('',*,*,#4233,.F.);
#2205=ORIENTED_EDGE('',*,*,#4234,.F.);
#2206=ORIENTED_EDGE('',*,*,#4235,.F.);
#2207=ORIENTED_EDGE('',*,*,#4236,.T.);
#2208=ORIENTED_EDGE('',*,*,#4237,.T.);
#2209=ORIENTED_EDGE('',*,*,#4238,.T.);
#2210=ORIENTED_EDGE('',*,*,#4239,.T.);
#2211=ORIENTED_EDGE('',*,*,#4240,.T.);
#2212=ORIENTED_EDGE('',*,*,#4171,.F.);
#2213=ORIENTED_EDGE('',*,*,#4241,.F.);
#2214=ORIENTED_EDGE('',*,*,#4242,.F.);
#2215=ORIENTED_EDGE('',*,*,#4243,.T.);
#2216=ORIENTED_EDGE('',*,*,#4244,.F.);
#2217=ORIENTED_EDGE('',*,*,#4245,.F.);
#2218=ORIENTED_EDGE('',*,*,#4246,.T.);
#2219=ORIENTED_EDGE('',*,*,#4247,.F.);
#2220=ORIENTED_EDGE('',*,*,#4248,.T.);
#2221=ORIENTED_EDGE('',*,*,#4163,.T.);
#2222=ORIENTED_EDGE('',*,*,#4249,.F.);
#2223=ORIENTED_EDGE('',*,*,#4250,.T.);
#2224=ORIENTED_EDGE('',*,*,#4251,.T.);
#2225=ORIENTED_EDGE('',*,*,#4252,.T.);
#2226=ORIENTED_EDGE('',*,*,#4253,.T.);
#2227=ORIENTED_EDGE('',*,*,#4254,.F.);
#2228=ORIENTED_EDGE('',*,*,#4255,.F.);
#2229=ORIENTED_EDGE('',*,*,#4256,.F.);
#2230=ORIENTED_EDGE('',*,*,#4140,.F.);
#2231=ORIENTED_EDGE('',*,*,#4257,.F.);
#2232=ORIENTED_EDGE('',*,*,#4258,.T.);
#2233=ORIENTED_EDGE('',*,*,#4259,.F.);
#2234=ORIENTED_EDGE('',*,*,#4260,.F.);
#2235=ORIENTED_EDGE('',*,*,#4261,.F.);
#2236=ORIENTED_EDGE('',*,*,#4188,.F.);
#2237=ORIENTED_EDGE('',*,*,#4262,.F.);
#2238=ORIENTED_EDGE('',*,*,#4263,.F.);
#2239=ORIENTED_EDGE('',*,*,#4264,.F.);
#2240=ORIENTED_EDGE('',*,*,#4265,.F.);
#2241=ORIENTED_EDGE('',*,*,#4181,.F.);
#2242=ORIENTED_EDGE('',*,*,#4266,.F.);
#2243=ORIENTED_EDGE('',*,*,#4267,.F.);
#2244=ORIENTED_EDGE('',*,*,#4268,.F.);
#2245=ORIENTED_EDGE('',*,*,#4269,.F.);
#2246=ORIENTED_EDGE('',*,*,#4270,.F.);
#2247=ORIENTED_EDGE('',*,*,#4271,.F.);
#2248=ORIENTED_EDGE('',*,*,#4272,.F.);
#2249=ORIENTED_EDGE('',*,*,#4273,.F.);
#2250=ORIENTED_EDGE('',*,*,#4274,.F.);
#2251=ORIENTED_EDGE('',*,*,#4275,.F.);
#2252=CARTESIAN_POINT('',(5.14999999923341,30.1659987228162,6.50000000847374));
#2253=DIRECTION('',(1.0,1.33824635881099E-18,1.02965849820335E-10));
#2254=DIRECTION('',(1.25483791927681E-11,0.992546151629061,-0.121869343505007));
#2255=SURFACE_STYLE_FILL_AREA(#4276);
#2256=ORIENTED_EDGE('',*,*,#4277,.T.);
#2257=ORIENTED_EDGE('',*,*,#4278,.F.);
#2258=ORIENTED_EDGE('',*,*,#4279,.T.);
#2259=ORIENTED_EDGE('',*,*,#4142,.T.);
#2260=ORIENTED_EDGE('',*,*,#4280,.T.);
#2261=ORIENTED_EDGE('',*,*,#4281,.T.);
#2262=ORIENTED_EDGE('',*,*,#4282,.T.);
#2263=ORIENTED_EDGE('',*,*,#4283,.F.);
#2264=ORIENTED_EDGE('',*,*,#4284,.F.);
#2265=ORIENTED_EDGE('',*,*,#4285,.F.);
#2266=ORIENTED_EDGE('',*,*,#4286,.F.);
#2267=ORIENTED_EDGE('',*,*,#4287,.T.);
#2268=ORIENTED_EDGE('',*,*,#4161,.F.);
#2269=ORIENTED_EDGE('',*,*,#4288,.T.);
#2270=ORIENTED_EDGE('',*,*,#4289,.F.);
#2271=ORIENTED_EDGE('',*,*,#4290,.T.);
#2272=ORIENTED_EDGE('',*,*,#4291,.F.);
#2273=ORIENTED_EDGE('',*,*,#4292,.F.);
#2274=ORIENTED_EDGE('',*,*,#4293,.T.);
#2275=ORIENTED_EDGE('',*,*,#4168,.T.);
#2276=ORIENTED_EDGE('',*,*,#4294,.T.);
#2277=ORIENTED_EDGE('',*,*,#4295,.F.);
#2278=ORIENTED_EDGE('',*,*,#4296,.F.);
#2279=ORIENTED_EDGE('',*,*,#4297,.F.);
#2280=ORIENTED_EDGE('',*,*,#4298,.T.);
#2281=ORIENTED_EDGE('',*,*,#4299,.F.);
#2282=ORIENTED_EDGE('',*,*,#4300,.F.);
#2283=ORIENTED_EDGE('',*,*,#4301,.T.);
#2284=ORIENTED_EDGE('',*,*,#4302,.F.);
#2285=ORIENTED_EDGE('',*,*,#4303,.T.);
#2286=ORIENTED_EDGE('',*,*,#4304,.T.);
#2287=ORIENTED_EDGE('',*,*,#4305,.F.);
#2288=ORIENTED_EDGE('',*,*,#4306,.F.);
#2289=ORIENTED_EDGE('',*,*,#4307,.T.);
#2290=ORIENTED_EDGE('',*,*,#4308,.F.);
#2291=ORIENTED_EDGE('',*,*,#4309,.F.);
#2292=ORIENTED_EDGE('',*,*,#4310,.F.);
#2293=ORIENTED_EDGE('',*,*,#4311,.F.);
#2294=ORIENTED_EDGE('',*,*,#4312,.T.);
#2295=ORIENTED_EDGE('',*,*,#4313,.T.);
#2296=ORIENTED_EDGE('',*,*,#4314,.T.);
#2297=ORIENTED_EDGE('',*,*,#4315,.T.);
#2298=ORIENTED_EDGE('',*,*,#4316,.T.);
#2299=ORIENTED_EDGE('',*,*,#4317,.T.);
#2300=ORIENTED_EDGE('',*,*,#4176,.F.);
#2301=ORIENTED_EDGE('',*,*,#4318,.F.);
#2302=ORIENTED_EDGE('',*,*,#4319,.T.);
#2303=ORIENTED_EDGE('',*,*,#4320,.T.);
#2304=ORIENTED_EDGE('',*,*,#4321,.T.);
#2305=ORIENTED_EDGE('',*,*,#4322,.T.);
#2306=ORIENTED_EDGE('',*,*,#4323,.T.);
#2307=ORIENTED_EDGE('',*,*,#4324,.F.);
#2308=ORIENTED_EDGE('',*,*,#4325,.T.);
#2309=ORIENTED_EDGE('',*,*,#4326,.T.);
#2310=ORIENTED_EDGE('',*,*,#4327,.T.);
#2311=ORIENTED_EDGE('',*,*,#4328,.F.);
#2312=ORIENTED_EDGE('',*,*,#4329,.T.);
#2313=ORIENTED_EDGE('',*,*,#4330,.T.);
#2314=ORIENTED_EDGE('',*,*,#4331,.T.);
#2315=ORIENTED_EDGE('',*,*,#4332,.T.);
#2316=ORIENTED_EDGE('',*,*,#4333,.T.);
#2317=ORIENTED_EDGE('',*,*,#4334,.T.);
#2318=ORIENTED_EDGE('',*,*,#4335,.T.);
#2319=ORIENTED_EDGE('',*,*,#4336,.T.);
#2320=ORIENTED_EDGE('',*,*,#4337,.T.);
#2321=ORIENTED_EDGE('',*,*,#4338,.T.);
#2322=ORIENTED_EDGE('',*,*,#4339,.T.);
#2323=ORIENTED_EDGE('',*,*,#4340,.T.);
#2324=ORIENTED_EDGE('',*,*,#4341,.T.);
#2325=ORIENTED_EDGE('',*,*,#4183,.T.);
#2326=ORIENTED_EDGE('',*,*,#4342,.T.);
#2327=ORIENTED_EDGE('',*,*,#4343,.F.);
#2328=ORIENTED_EDGE('',*,*,#4344,.T.);
#2329=ORIENTED_EDGE('',*,*,#4345,.T.);
#2330=ORIENTED_EDGE('',*,*,#4186,.T.);
#2331=ORIENTED_EDGE('',*,*,#4346,.T.);
#2332=ORIENTED_EDGE('',*,*,#4347,.T.);
#2333=CARTESIAN_POINT('',(1.40759404132496E-10,4.78533321539046,12.9423402860167));
#2334=DIRECTION('',(1.0,3.19771212653114E-14,4.08284984336314E-13));
#2335=DIRECTION('',(2.10432357098287E-14,-0.999642101131501,0.0267520026427592));
#2336=SURFACE_STYLE_FILL_AREA(#4348);
#2337=ORIENTED_EDGE('',*,*,#4187,.T.);
#2338=ORIENTED_EDGE('',*,*,#4345,.F.);
#2339=ORIENTED_EDGE('',*,*,#4349,.F.);
#2340=ORIENTED_EDGE('',*,*,#4262,.T.);
#2341=CARTESIAN_POINT('',(5.15000000003182,54.4439726793745,5.51537178827364));
#2342=DIRECTION('',(1.0,3.19771212653502E-14,4.08284984336327E-13));
#2343=DIRECTION('',(3.19771212653502E-14,-1.0,-2.80375300019794E-22));
#2344=SURFACE_STYLE_FILL_AREA(#4350);
#2345=ORIENTED_EDGE('',*,*,#4259,.T.);
#2346=ORIENTED_EDGE('',*,*,#4351,.F.);
#2347=ORIENTED_EDGE('',*,*,#4277,.F.);
#2348=ORIENTED_EDGE('',*,*,#4352,.T.);
#2349=CARTESIAN_POINT('',(5.15000000003213,38.4499999999984,5.9999999999828));
#2350=DIRECTION('',(-4.08284984336004E-13,2.82525682961286E-22,1.0));
#2351=DIRECTION('',(1.0,8.34728829698369E-10,4.08284984336004E-13));
#2352=SURFACE_STYLE_FILL_AREA(#4353);
#2353=ORIENTED_EDGE('',*,*,#4278,.T.);
#2354=ORIENTED_EDGE('',*,*,#4351,.T.);
#2355=ORIENTED_EDGE('',*,*,#4258,.F.);
#2356=ORIENTED_EDGE('',*,*,#4354,.F.);
#2357=CARTESIAN_POINT('',(8.1499999955677,13.5983339541347,7.30000000306277));
#2358=DIRECTION('',(2.05946853597254E-12,-0.965925826288834,0.258819045103395));
#2359=DIRECTION('',(1.0,2.87579786650575E-11,9.93690621113123E-11));
#2360=SURFACE_STYLE_FILL_AREA(#4355);
#2361=ORIENTED_EDGE('',*,*,#4263,.T.);
#2362=ORIENTED_EDGE('',*,*,#4349,.T.);
#2363=ORIENTED_EDGE('',*,*,#4344,.F.);
#2364=ORIENTED_EDGE('',*,*,#4356,.T.);
#2365=CARTESIAN_POINT('',(5.15000000003427,48.15,-2.39532838008927E-11));
#2366=DIRECTION('',(-4.08284984336159E-13,5.84116091656167E-14,1.0));
#2367=DIRECTION('',(1.0,8.34728829698765E-10,4.08284984287402E-13));
#2368=SURFACE_STYLE_FILL_AREA(#4357);
#2369=ORIENTED_EDGE('',*,*,#4358,.F.);
#2370=ORIENTED_EDGE('',*,*,#4359,.T.);
#2371=ORIENTED_EDGE('',*,*,#4313,.F.);
#2372=ORIENTED_EDGE('',*,*,#4360,.F.);
#2373=ORIENTED_EDGE('',*,*,#4216,.T.);
#2374=ORIENTED_EDGE('',*,*,#4361,.F.);
#2375=CARTESIAN_POINT('',(1.30864208358616E-10,29.2129353323975,35.2499999999785));
#2376=DIRECTION('',(4.08284984336004E-13,-2.82525682961286E-22,-1.0));
#2377=DIRECTION('',(-1.0,9.7769838564319E-12,-4.08284984336004E-13));
#2378=SURFACE_STYLE_FILL_AREA(#4362);
#2379=ORIENTED_EDGE('',*,*,#4363,.T.);
#2380=ORIENTED_EDGE('',*,*,#4311,.T.);
#2381=ORIENTED_EDGE('',*,*,#4364,.T.);
#2382=ORIENTED_EDGE('',*,*,#4365,.T.);
#2383=ORIENTED_EDGE('',*,*,#4366,.F.);
#2384=ORIENTED_EDGE('',*,*,#4367,.F.);
#2385=ORIENTED_EDGE('',*,*,#4368,.T.);
#2386=ORIENTED_EDGE('',*,*,#4218,.T.);
#2387=CARTESIAN_POINT('',(5.15000000002297,28.1499999999617,29.2500000001283));
#2388=DIRECTION('',(-3.19771212653494E-14,1.0,2.80375300019794E-22));
#2389=DIRECTION('',(-1.0,-3.19771212653494E-14,-8.02958612187402E-11));
#2390=SURFACE_STYLE_FILL_AREA(#4369);
#2391=ORIENTED_EDGE('',*,*,#4312,.F.);
#2392=ORIENTED_EDGE('',*,*,#4363,.F.);
#2393=ORIENTED_EDGE('',*,*,#4217,.T.);
#2394=ORIENTED_EDGE('',*,*,#4360,.T.);
#2395=CARTESIAN_POINT('',(5.15000000002122,28.1499999999617,33.5500000001836));
#2396=DIRECTION('',(1.29492551607997E-13,0.921109330021222,-0.389303997086924));
#2397=DIRECTION('',(-1.0,1.37934568717585E-11,3.23032626438874E-11));
#2398=SURFACE_STYLE_FILL_AREA(#4370);
#2399=ORIENTED_EDGE('',*,*,#4215,.T.);
#2400=ORIENTED_EDGE('',*,*,#4371,.T.);
#2401=ORIENTED_EDGE('',*,*,#4316,.F.);
#2402=ORIENTED_EDGE('',*,*,#4372,.F.);
#2403=ORIENTED_EDGE('',*,*,#4373,.F.);
#2404=ORIENTED_EDGE('',*,*,#4361,.T.);
#2405=CARTESIAN_POINT('',(5.15000000002049,29.200000000127,35.2499999999827));
#2406=DIRECTION('',(3.19771212676233E-14,-1.0,-5.52626000544236E-12));
#2407=DIRECTION('',(-1.02560508696821E-10,-5.52626000544564E-12,1.0));
#2408=SURFACE_STYLE_FILL_AREA(#4374);
#2409=ORIENTED_EDGE('',*,*,#4177,.F.);
#2410=ORIENTED_EDGE('',*,*,#4317,.F.);
#2411=ORIENTED_EDGE('',*,*,#4371,.F.);
#2412=ORIENTED_EDGE('',*,*,#4214,.T.);
#2413=CARTESIAN_POINT('',(5.15000000002107,29.400000000134,33.7999999999718));
#2414=DIRECTION('',(4.08284984336004E-13,-2.82525682961286E-22,-1.0));
#2415=DIRECTION('',(-1.0,9.7769838564319E-12,-4.08284984336004E-13));
#2416=SURFACE_STYLE_FILL_AREA(#4375);
#2417=ORIENTED_EDGE('',*,*,#4376,.T.);
#2418=ORIENTED_EDGE('',*,*,#4320,.F.);
#2419=ORIENTED_EDGE('',*,*,#4377,.T.);
#2420=ORIENTED_EDGE('',*,*,#4211,.T.);
#2421=CARTESIAN_POINT('',(5.1500000000213,31.2200000001172,33.0999999999817));
#2422=DIRECTION('',(-4.08284984335991E-13,1.20320423119008E-14,1.0));
#2423=DIRECTION('',(1.0,8.34728829698451E-10,4.08284984325948E-13));
#2424=SURFACE_STYLE_FILL_AREA(#4378);
#2425=ORIENTED_EDGE('',*,*,#4379,.T.);
#2426=ORIENTED_EDGE('',*,*,#4325,.F.);
#2427=ORIENTED_EDGE('',*,*,#4380,.T.);
#2428=ORIENTED_EDGE('',*,*,#4206,.T.);
#2429=CARTESIAN_POINT('',(5.15000000002103,36.8880761185624,33.3219238815355));
#2430=DIRECTION('',(2.66089841791259E-13,0.707106781186547,-0.707106781186548));
#2431=DIRECTION('',(-1.0,1.11499521308411E-11,1.07736442677701E-11));
#2432=SURFACE_STYLE_FILL_AREA(#4381);
#2433=ORIENTED_EDGE('',*,*,#4382,.T.);
#2434=ORIENTED_EDGE('',*,*,#4327,.F.);
#2435=ORIENTED_EDGE('',*,*,#4383,.F.);
#2436=ORIENTED_EDGE('',*,*,#4204,.T.);
#2437=CARTESIAN_POINT('',(5.15000000002079,38.2486738753306,33.7999999999718));
#2438=DIRECTION('',(4.08284984336004E-13,-2.82525682961286E-22,-1.0));
#2439=DIRECTION('',(-1.0,9.7769838564319E-12,-4.08284984336004E-13));
#2440=SURFACE_STYLE_FILL_AREA(#4384);
#2441=ORIENTED_EDGE('',*,*,#4190,.T.);
#2442=ORIENTED_EDGE('',*,*,#4385,.F.);
#2443=ORIENTED_EDGE('',*,*,#4331,.F.);
#2444=ORIENTED_EDGE('',*,*,#4386,.T.);
#2445=ORIENTED_EDGE('',*,*,#4387,.T.);
#2446=ORIENTED_EDGE('',*,*,#4388,.T.);
#2447=ORIENTED_EDGE('',*,*,#4202,.T.);
#2448=ORIENTED_EDGE('',*,*,#4389,.T.);
#2449=ORIENTED_EDGE('',*,*,#4101,.F.);
#2450=ORIENTED_EDGE('',*,*,#4390,.F.);
#2451=ORIENTED_EDGE('',*,*,#4391,.T.);
#2452=ORIENTED_EDGE('',*,*,#4392,.F.);
#2453=ORIENTED_EDGE('',*,*,#4098,.F.);
#2454=ORIENTED_EDGE('',*,*,#4393,.F.);
#2455=ORIENTED_EDGE('',*,*,#4196,.T.);
#2456=ORIENTED_EDGE('',*,*,#4394,.T.);
#2457=ORIENTED_EDGE('',*,*,#4122,.F.);
#2458=ORIENTED_EDGE('',*,*,#4395,.F.);
#2459=ORIENTED_EDGE('',*,*,#4396,.T.);
#2460=ORIENTED_EDGE('',*,*,#4397,.F.);
#2461=ORIENTED_EDGE('',*,*,#4132,.F.);
#2462=ORIENTED_EDGE('',*,*,#4398,.T.);
#2463=ORIENTED_EDGE('',*,*,#4399,.F.);
#2464=ORIENTED_EDGE('',*,*,#4400,.T.);
#2465=ORIENTED_EDGE('',*,*,#4401,.F.);
#2466=ORIENTED_EDGE('',*,*,#4402,.F.);
#2467=ORIENTED_EDGE('',*,*,#4403,.F.);
#2468=ORIENTED_EDGE('',*,*,#4404,.T.);
#2469=ORIENTED_EDGE('',*,*,#4405,.F.);
#2470=ORIENTED_EDGE('',*,*,#4406,.F.);
#2471=ORIENTED_EDGE('',*,*,#4407,.F.);
#2472=ORIENTED_EDGE('',*,*,#4408,.F.);
#2473=ORIENTED_EDGE('',*,*,#4409,.T.);
#2474=ORIENTED_EDGE('',*,*,#4410,.F.);
#2475=ORIENTED_EDGE('',*,*,#4411,.F.);
#2476=ORIENTED_EDGE('',*,*,#4412,.F.);
#2477=ORIENTED_EDGE('',*,*,#4413,.T.);
#2478=ORIENTED_EDGE('',*,*,#4414,.F.);
#2479=CARTESIAN_POINT('',(5.15000000001985,49.2783002920721,35.2499999971469));
#2480=DIRECTION('',(4.08284984336237E-13,-5.52613510535424E-12,-1.0));
#2481=DIRECTION('',(-1.0,9.77698385642523E-12,-4.08284984390266E-13));
#2482=SURFACE_STYLE_FILL_AREA(#4415);
#2483=ORIENTED_EDGE('',*,*,#4416,.F.);
#2484=ORIENTED_EDGE('',*,*,#4332,.F.);
#2485=ORIENTED_EDGE('',*,*,#4385,.T.);
#2486=ORIENTED_EDGE('',*,*,#4275,.T.);
#2487=CARTESIAN_POINT('',(5.14999999631568,64.0736121416237,34.8368240869263));
#2488=DIRECTION('',(1.78798334909853E-11,-0.984807753029604,-0.173648177568275));
#2489=DIRECTION('',(-1.00522119782616E-10,-0.173648177568275,0.984807753029604));
#2490=SURFACE_STYLE_FILL_AREA(#4417);
#2491=ORIENTED_EDGE('',*,*,#4418,.T.);
#2492=ORIENTED_EDGE('',*,*,#4334,.F.);
#2493=ORIENTED_EDGE('',*,*,#4419,.T.);
#2494=ORIENTED_EDGE('',*,*,#4273,.T.);
#2495=CARTESIAN_POINT('',(5.14999999638536,63.6547588327813,34.1601108860415));
#2496=DIRECTION('',(-1.78798334908794E-11,0.984807753029785,0.173648177567247));
#2497=DIRECTION('',(-1.0,-1.65974565463374E-12,-9.35529720480219E-11));
#2498=SURFACE_STYLE_FILL_AREA(#4420);
#2499=ORIENTED_EDGE('',*,*,#4421,.T.);
#2500=ORIENTED_EDGE('',*,*,#4336,.F.);
#2501=ORIENTED_EDGE('',*,*,#4422,.F.);
#2502=ORIENTED_EDGE('',*,*,#4271,.T.);
#2503=CARTESIAN_POINT('',(5.14999999645393,62.6856680236038,33.494213556442));
#2504=DIRECTION('',(1.7879833490962E-11,-0.984807753029644,-0.17364817756805));
#2505=DIRECTION('',(-1.00522119782621E-10,-0.17364817756805,0.984807753029644));
#2506=SURFACE_STYLE_FILL_AREA(#4423);
#2507=ORIENTED_EDGE('',*,*,#4424,.F.);
#2508=ORIENTED_EDGE('',*,*,#4339,.F.);
#2509=ORIENTED_EDGE('',*,*,#4425,.T.);
#2510=ORIENTED_EDGE('',*,*,#4268,.T.);
#2511=CARTESIAN_POINT('',(5.149999997007,64.9477665359254,28.1228231617022));
#2512=DIRECTION('',(9.67562497235379E-11,-0.342020143413408,-0.939692620753974));
#2513=DIRECTION('',(-3.24788218591603E-11,-0.939692620753974,0.342020143413408));
#2514=SURFACE_STYLE_FILL_AREA(#4426);
#2515=ORIENTED_EDGE('',*,*,#4180,.T.);
#2516=ORIENTED_EDGE('',*,*,#4341,.F.);
#2517=ORIENTED_EDGE('',*,*,#4427,.T.);
#2518=ORIENTED_EDGE('',*,*,#4266,.T.);
#2519=CARTESIAN_POINT('',(5.14999999813167,78.9977270866299,17.1999999966033));
#2520=DIRECTION('',(-1.0,-1.33824636749208E-18,-1.02965849820335E-10));
#2521=DIRECTION('',(-1.25483791927681E-11,-0.992546151629061,0.121869343505007));
#2522=SURFACE_STYLE_FILL_AREA(#4428);
#2523=ORIENTED_EDGE('',*,*,#4429,.F.);
#2524=ORIENTED_EDGE('',*,*,#4342,.F.);
#2525=ORIENTED_EDGE('',*,*,#4182,.T.);
#2526=ORIENTED_EDGE('',*,*,#4265,.T.);
#2527=CARTESIAN_POINT('',(5.14999999879105,65.2500000011179,10.7961658604929));
#2528=DIRECTION('',(1.32788697702106E-18,-1.0,1.00609895414543E-10));
#2529=DIRECTION('',(-1.02560508697114E-10,1.00609895414543E-10,1.0));
#2530=SURFACE_STYLE_FILL_AREA(#4430);
#2531=ORIENTED_EDGE('',*,*,#4427,.F.);
#2532=ORIENTED_EDGE('',*,*,#4340,.F.);
#2533=ORIENTED_EDGE('',*,*,#4424,.T.);
#2534=ORIENTED_EDGE('',*,*,#4267,.T.);
#2535=CARTESIAN_POINT('',(5.14999999704716,65.2500000028197,27.7327361606247));
#2536=DIRECTION('',(1.32788707920695E-18,-1.0,1.00608896213821E-10));
#2537=DIRECTION('',(-1.02560508697114E-10,1.00608896213821E-10,1.0));
#2538=SURFACE_STYLE_FILL_AREA(#4431);
#2539=ORIENTED_EDGE('',*,*,#4425,.F.);
#2540=ORIENTED_EDGE('',*,*,#4338,.F.);
#2541=ORIENTED_EDGE('',*,*,#4432,.F.);
#2542=ORIENTED_EDGE('',*,*,#4269,.T.);
#2543=CARTESIAN_POINT('',(5.14999999702546,64.7509129536787,27.9435119450415));
#2544=DIRECTION('',(-1.78798334910146E-11,0.984807753029553,0.17364817756856));
#2545=DIRECTION('',(-1.0,-1.65974565463906E-12,-9.35529720480652E-11));
#2546=SURFACE_STYLE_FILL_AREA(#4433);
#2547=ORIENTED_EDGE('',*,*,#4432,.T.);
#2548=ORIENTED_EDGE('',*,*,#4337,.F.);
#2549=ORIENTED_EDGE('',*,*,#4421,.F.);
#2550=ORIENTED_EDGE('',*,*,#4270,.T.);
#2551=CARTESIAN_POINT('',(5.14999999703565,64.1895725344518,27.8445324838278));
#2552=DIRECTION('',(1.01401566967967E-10,0.173648177568075,-0.984807753029639));
#2553=DIRECTION('',(-1.0,-2.87780687405674E-12,-1.03473284581233E-10));
#2554=SURFACE_STYLE_FILL_AREA(#4434);
#2555=ORIENTED_EDGE('',*,*,#4422,.T.);
#2556=ORIENTED_EDGE('',*,*,#4335,.F.);
#2557=ORIENTED_EDGE('',*,*,#4418,.F.);
#2558=ORIENTED_EDGE('',*,*,#4272,.T.);
#2559=CARTESIAN_POINT('',(5.14999999638409,63.6525882305619,34.1724209829542));
#2560=DIRECTION('',(-1.01401566967974E-10,-0.173648177567732,0.984807753029699));
#2561=DIRECTION('',(1.0,-2.19823303770928E-13,1.02927088804946E-10));
#2562=SURFACE_STYLE_FILL_AREA(#4435);
#2563=ORIENTED_EDGE('',*,*,#4419,.F.);
#2564=ORIENTED_EDGE('',*,*,#4333,.F.);
#2565=ORIENTED_EDGE('',*,*,#4416,.T.);
#2566=ORIENTED_EDGE('',*,*,#4274,.T.);
#2567=CARTESIAN_POINT('',(5.14999999638649,63.9917760899283,34.1491853020809));
#2568=DIRECTION('',(-7.88764162324301E-11,-0.642787609608443,0.766044443184509));
#2569=DIRECTION('',(1.0,-6.8356254178852E-14,1.02908490989755E-10));
#2570=SURFACE_STYLE_FILL_AREA(#4436);
#2571=ORIENTED_EDGE('',*,*,#4382,.F.);
#2572=ORIENTED_EDGE('',*,*,#4203,.F.);
#2573=ORIENTED_EDGE('',*,*,#4388,.F.);
#2574=ORIENTED_EDGE('',*,*,#4437,.F.);
#2575=ORIENTED_EDGE('',*,*,#4438,.F.);
#2576=ORIENTED_EDGE('',*,*,#4328,.T.);
#2577=CARTESIAN_POINT('',(5.15000000002069,39.0000000001004,33.9999999999707));
#2578=DIRECTION('',(-3.19771212630843E-14,1.0,-5.52613510479134E-12));
#2579=DIRECTION('',(-1.0,-3.19771217068101E-14,-8.02958612223356E-11));
#2580=SURFACE_STYLE_FILL_AREA(#4439);
#2581=ORIENTED_EDGE('',*,*,#4383,.T.);
#2582=ORIENTED_EDGE('',*,*,#4326,.F.);
#2583=ORIENTED_EDGE('',*,*,#4379,.F.);
#2584=ORIENTED_EDGE('',*,*,#4205,.T.);
#2585=CARTESIAN_POINT('',(5.15000000002081,37.7904163057972,33.8000000000583));
#2586=DIRECTION('',(1.0,3.19771212653179E-14,4.08284984336289E-13));
#2587=DIRECTION('',(-1.80186543107854E-14,-0.992546151641322,0.121869343405148));
#2588=SURFACE_STYLE_FILL_AREA(#4440);
#2589=ORIENTED_EDGE('',*,*,#4380,.F.);
#2590=ORIENTED_EDGE('',*,*,#4324,.T.);
#2591=ORIENTED_EDGE('',*,*,#4441,.F.);
#2592=ORIENTED_EDGE('',*,*,#4207,.F.);
#2593=CARTESIAN_POINT('',(5.15000000002111,37.2750000001173,33.0999999999814));
#2594=DIRECTION('',(-4.08284984336082E-13,4.62685448337791E-14,1.0));
#2595=DIRECTION('',(1.0,8.34728829698683E-10,4.0828498429746E-13));
#2596=SURFACE_STYLE_FILL_AREA(#4442);
#2597=ORIENTED_EDGE('',*,*,#4441,.T.);
#2598=ORIENTED_EDGE('',*,*,#4323,.F.);
#2599=ORIENTED_EDGE('',*,*,#4443,.F.);
#2600=ORIENTED_EDGE('',*,*,#4208,.T.);
#2601=CARTESIAN_POINT('',(5.15000000002154,37.2750000001172,32.0499999999816));
#2602=DIRECTION('',(-3.19771212652593E-14,1.0,2.80375300019803E-22));
#2603=DIRECTION('',(-1.0,-3.19771212652593E-14,-8.02958612187395E-11));
#2604=SURFACE_STYLE_FILL_AREA(#4444);
#2605=ORIENTED_EDGE('',*,*,#4443,.T.);
#2606=ORIENTED_EDGE('',*,*,#4322,.F.);
#2607=ORIENTED_EDGE('',*,*,#4445,.F.);
#2608=ORIENTED_EDGE('',*,*,#4209,.T.);
#2609=CARTESIAN_POINT('',(5.15000000002174,30.9250000001171,32.0499999999819));
#2610=DIRECTION('',(4.08284984336159E-13,-5.84116091656167E-14,-1.0));
#2611=DIRECTION('',(-1.0,9.77698385643181E-12,-4.0828498433673E-13));
#2612=SURFACE_STYLE_FILL_AREA(#4446);
#2613=ORIENTED_EDGE('',*,*,#4445,.T.);
#2614=ORIENTED_EDGE('',*,*,#4321,.F.);
#2615=ORIENTED_EDGE('',*,*,#4376,.F.);
#2616=ORIENTED_EDGE('',*,*,#4210,.T.);
#2617=CARTESIAN_POINT('',(5.15000000002131,30.9250000001171,33.0999999999817));
#2618=DIRECTION('',(3.19771212653522E-14,-1.0,-9.85323214730126E-16));
#2619=DIRECTION('',(-1.02560508696836E-10,-9.85323218009716E-16,1.0));
#2620=SURFACE_STYLE_FILL_AREA(#4447);
#2621=ORIENTED_EDGE('',*,*,#4377,.F.);
#2622=ORIENTED_EDGE('',*,*,#4319,.F.);
#2623=ORIENTED_EDGE('',*,*,#4448,.F.);
#2624=ORIENTED_EDGE('',*,*,#4212,.T.);
#2625=CARTESIAN_POINT('',(5.15000000002095,30.621715728793,34.0121320344143));
#2626=DIRECTION('',(3.11312320370352E-13,-0.707106781186548,-0.707106781186547));
#2627=DIRECTION('',(-7.05655632672495E-11,-0.707106781186547,0.707106781186548));
#2628=SURFACE_STYLE_FILL_AREA(#4449);
#2629=ORIENTED_EDGE('',*,*,#4175,.T.);
#2630=ORIENTED_EDGE('',*,*,#4213,.F.);
#2631=ORIENTED_EDGE('',*,*,#4448,.T.);
#2632=ORIENTED_EDGE('',*,*,#4318,.T.);
#2633=CARTESIAN_POINT('',(5.15000000002104,30.409583694437,33.8000000000583));
#2634=DIRECTION('',(-1.0,-3.19771212653179E-14,-4.08284984336289E-13));
#2635=DIRECTION('',(-1.80186543107854E-14,-0.992546151641322,0.121869343405148));
#2636=SURFACE_STYLE_FILL_AREA(#4450);
#2637=ORIENTED_EDGE('',*,*,#4451,.T.);
#2638=ORIENTED_EDGE('',*,*,#4367,.T.);
#2639=ORIENTED_EDGE('',*,*,#4452,.T.);
#2640=ORIENTED_EDGE('',*,*,#4453,.F.);
#2641=CARTESIAN_POINT('',(4.5750000000406,28.1499999999745,29.250000000128));
#2642=DIRECTION('',(-1.0,7.27014210251685E-27,-4.08284984325005E-13));
#2643=DIRECTION('',(-4.97574230026477E-14,-0.992546151629061,0.121869343505007));
#2644=SURFACE_STYLE_FILL_AREA(#4454);
#2645=ORIENTED_EDGE('',*,*,#4455,.T.);
#2646=ORIENTED_EDGE('',*,*,#4453,.T.);
#2647=ORIENTED_EDGE('',*,*,#4456,.T.);
#2648=ORIENTED_EDGE('',*,*,#4457,.F.);
#2649=CARTESIAN_POINT('',(4.5750000000406,24.9999999999633,29.250000000128));
#2650=DIRECTION('',(-1.93870456067116E-26,1.0,2.83654889843427E-22));
#2651=DIRECTION('',(-1.0,-1.93870229042709E-26,-8.00354284656026E-11));
#2652=SURFACE_STYLE_FILL_AREA(#4458);
#2653=ORIENTED_EDGE('',*,*,#4456,.F.);
#2654=ORIENTED_EDGE('',*,*,#4452,.F.);
#2655=ORIENTED_EDGE('',*,*,#4366,.T.);
#2656=ORIENTED_EDGE('',*,*,#4459,.F.);
#2657=CARTESIAN_POINT('',(1.69999998926946,8.24939674772818,17.0500000363579));
#2658=DIRECTION('',(4.08513051182243E-13,-1.93518451263868E-10,-1.0));
#2659=DIRECTION('',(-1.0,9.77695585311199E-12,-4.08513053074264E-13));
#2660=SURFACE_STYLE_FILL_AREA(#4460);
#2661=ORIENTED_EDGE('',*,*,#4461,.T.);
#2662=ORIENTED_EDGE('',*,*,#4457,.T.);
#2663=ORIENTED_EDGE('',*,*,#4459,.T.);
#2664=ORIENTED_EDGE('',*,*,#4365,.F.);
#2665=CARTESIAN_POINT('',(0.575000000049418,24.9999999999633,29.2500000001264));
#2666=DIRECTION('',(1.0,-7.27014210251685E-27,4.08284984325005E-13));
#2667=DIRECTION('',(-1.10501092834125E-14,-0.999633684001537,0.0270646967379261));
#2668=SURFACE_STYLE_FILL_AREA(#4462);
#2669=ORIENTED_EDGE('',*,*,#4364,.F.);
#2670=ORIENTED_EDGE('',*,*,#4310,.T.);
#2671=ORIENTED_EDGE('',*,*,#4463,.F.);
#2672=ORIENTED_EDGE('',*,*,#4464,.F.);
#2673=ORIENTED_EDGE('',*,*,#4465,.F.);
#2674=ORIENTED_EDGE('',*,*,#4466,.F.);
#2675=ORIENTED_EDGE('',*,*,#4467,.F.);
#2676=ORIENTED_EDGE('',*,*,#4219,.F.);
#2677=ORIENTED_EDGE('',*,*,#4368,.F.);
#2678=ORIENTED_EDGE('',*,*,#4451,.F.);
#2679=ORIENTED_EDGE('',*,*,#4455,.F.);
#2680=ORIENTED_EDGE('',*,*,#4461,.F.);
#2681=CARTESIAN_POINT('',(5.15000000002323,20.1500000000254,29.2500000001283));
#2682=DIRECTION('',(4.08284984336004E-13,-2.82525682961286E-22,-1.0));
#2683=DIRECTION('',(-1.0,9.7769838564319E-12,-4.08284984336004E-13));
#2684=SURFACE_STYLE_FILL_AREA(#4468);
#2685=ORIENTED_EDGE('',*,*,#4469,.F.);
#2686=ORIENTED_EDGE('',*,*,#4307,.F.);
#2687=ORIENTED_EDGE('',*,*,#4470,.F.);
#2688=ORIENTED_EDGE('',*,*,#4222,.T.);
#2689=CARTESIAN_POINT('',(5.1500000000209,16.2000003640995,35.2500000004254));
#2690=DIRECTION('',(4.08284984336069E-13,-2.61596303002559E-14,-1.0));
#2691=DIRECTION('',(-1.0,9.77698385643186E-12,-4.08284984336325E-13));
#2692=SURFACE_STYLE_FILL_AREA(#4471);
#2693=ORIENTED_EDGE('',*,*,#4470,.T.);
#2694=ORIENTED_EDGE('',*,*,#4306,.T.);
#2695=ORIENTED_EDGE('',*,*,#4472,.T.);
#2696=ORIENTED_EDGE('',*,*,#4223,.T.);
#2697=CARTESIAN_POINT('',(5.15000000001874,16.2000003640996,40.5500000004214));
#2698=DIRECTION('',(3.1977121265334E-14,-1.0,2.6159629737355E-14));
#2699=DIRECTION('',(-1.02560508696836E-10,2.61596297340754E-14,1.0));
#2700=SURFACE_STYLE_FILL_AREA(#4473);
#2701=ORIENTED_EDGE('',*,*,#4474,.F.);
#2702=ORIENTED_EDGE('',*,*,#4295,.T.);
#2703=ORIENTED_EDGE('',*,*,#4475,.T.);
#2704=ORIENTED_EDGE('',*,*,#4234,.T.);
#2705=CARTESIAN_POINT('',(5.15000000002369,0.296472381971552,29.6793602078254));
#2706=DIRECTION('',(3.86096722866423E-13,0.258819045095504,-0.965925826290948));
#2707=DIRECTION('',(-1.0,1.01106774343641E-11,2.30943111287348E-12));
#2708=SURFACE_STYLE_FILL_AREA(#4476);
#2709=ORIENTED_EDGE('',*,*,#4477,.T.);
#2710=ORIENTED_EDGE('',*,*,#4298,.F.);
#2711=ORIENTED_EDGE('',*,*,#4478,.F.);
#2712=ORIENTED_EDGE('',*,*,#4231,.T.);
#2713=CARTESIAN_POINT('',(5.15000000002363,1.73137561448894,29.7141120157655));
#2714=DIRECTION('',(7.47844024951503E-14,0.965925826289009,-0.258819045102741));
#2715=DIRECTION('',(-1.0,1.80736946717877E-11,6.71630020524426E-11));
#2716=SURFACE_STYLE_FILL_AREA(#4479);
#2717=ORIENTED_EDGE('',*,*,#4480,.F.);
#2718=ORIENTED_EDGE('',*,*,#4301,.F.);
#2719=ORIENTED_EDGE('',*,*,#4481,.T.);
#2720=ORIENTED_EDGE('',*,*,#4228,.T.);
#2721=CARTESIAN_POINT('',(5.15000000002124,1.95126578889732,35.5382490989173));
#2722=DIRECTION('',(-3.11312320370636E-13,0.707106781185619,0.707106781187476));
#2723=DIRECTION('',(-1.0,1.16801222638292E-10,-1.17241484743587E-10));
#2724=SURFACE_STYLE_FILL_AREA(#4482);
#2725=ORIENTED_EDGE('',*,*,#4483,.T.);
#2726=ORIENTED_EDGE('',*,*,#4303,.F.);
#2727=ORIENTED_EDGE('',*,*,#4484,.T.);
#2728=ORIENTED_EDGE('',*,*,#4226,.T.);
#2729=CARTESIAN_POINT('',(5.15000000002032,2.61180691577952,37.7500000004239));
#2730=DIRECTION('',(4.08284984336069E-13,-2.61596303002559E-14,-1.0));
#2731=DIRECTION('',(-1.0,9.77698385643186E-12,-4.08284984336325E-13));
#2732=SURFACE_STYLE_FILL_AREA(#4485);
#2733=ORIENTED_EDGE('',*,*,#4483,.F.);
#2734=ORIENTED_EDGE('',*,*,#4225,.T.);
#2735=ORIENTED_EDGE('',*,*,#4486,.F.);
#2736=ORIENTED_EDGE('',*,*,#4304,.F.);
#2737=CARTESIAN_POINT('',(5.15000000002012,6.93223341113604,37.8964466098307));
#2738=DIRECTION('',(2.66089841791245E-13,0.707106781186529,-0.707106781186566));
#2739=DIRECTION('',(-1.0,1.1149952130841E-11,1.07736442677695E-11));
#2740=SURFACE_STYLE_FILL_AREA(#4487);
#2741=ORIENTED_EDGE('',*,*,#4484,.F.);
#2742=ORIENTED_EDGE('',*,*,#4302,.T.);
#2743=ORIENTED_EDGE('',*,*,#4480,.T.);
#2744=ORIENTED_EDGE('',*,*,#4227,.T.);
#2745=CARTESIAN_POINT('',(5.15000000002106,1.76200602985899,36.0103515704311));
#2746=DIRECTION('',(7.47844024951438E-14,0.965925826289008,-0.258819045102745));
#2747=DIRECTION('',(-1.0,1.80736946717874E-11,6.71630020524406E-11));
#2748=SURFACE_STYLE_FILL_AREA(#4488);
#2749=ORIENTED_EDGE('',*,*,#4481,.F.);
#2750=ORIENTED_EDGE('',*,*,#4300,.T.);
#2751=ORIENTED_EDGE('',*,*,#4489,.F.);
#2752=ORIENTED_EDGE('',*,*,#4229,.T.);
#2753=CARTESIAN_POINT('',(5.1500000000212,2.20545591808214,35.6175663321587));
#2754=DIRECTION('',(-7.47844024948272E-14,-0.96592582628922,0.258819045101954));
#2755=DIRECTION('',(1.0,2.66188159396615E-11,9.96317182674684E-11));
#2756=SURFACE_STYLE_FILL_AREA(#4490);
#2757=ORIENTED_EDGE('',*,*,#4489,.T.);
#2758=ORIENTED_EDGE('',*,*,#4299,.T.);
#2759=ORIENTED_EDGE('',*,*,#4477,.F.);
#2760=ORIENTED_EDGE('',*,*,#4230,.T.);
#2761=CARTESIAN_POINT('',(5.15000000002124,2.756033639067,35.4700394764503));
#2762=DIRECTION('',(-4.02649298847422E-13,0.25881904510243,0.965925826289093));
#2763=DIRECTION('',(-1.0,7.05979436328378E-10,-1.89583473065252E-10));
#2764=SURFACE_STYLE_FILL_AREA(#4491);
#2765=ORIENTED_EDGE('',*,*,#4478,.T.);
#2766=ORIENTED_EDGE('',*,*,#4297,.T.);
#2767=ORIENTED_EDGE('',*,*,#4492,.F.);
#2768=ORIENTED_EDGE('',*,*,#4232,.T.);
#2769=CARTESIAN_POINT('',(5.15000000002375,0.568425457808314,29.5080854808805));
#2770=DIRECTION('',(4.02649298847344E-13,-0.258819045102765,-0.965925826289003));
#2771=DIRECTION('',(-2.38731208739715E-11,-0.965925826289003,0.258819045102765));
#2772=SURFACE_STYLE_FILL_AREA(#4493);
#2773=ORIENTED_EDGE('',*,*,#4492,.T.);
#2774=ORIENTED_EDGE('',*,*,#4296,.T.);
#2775=ORIENTED_EDGE('',*,*,#4474,.T.);
#2776=ORIENTED_EDGE('',*,*,#4233,.T.);
#2777=CARTESIAN_POINT('',(5.15000000002374,0.571660695872247,29.5201595537097));
#2778=DIRECTION('',(-7.47844024954346E-14,-0.965925826288875,0.258819045103242));
#2779=DIRECTION('',(1.0,2.66188159397988E-11,9.96317182674515E-11));
#2780=SURFACE_STYLE_FILL_AREA(#4494);
#2781=ORIENTED_EDGE('',*,*,#4235,.T.);
#2782=ORIENTED_EDGE('',*,*,#4475,.F.);
#2783=ORIENTED_EDGE('',*,*,#4294,.F.);
#2784=ORIENTED_EDGE('',*,*,#4167,.T.);
#2785=ORIENTED_EDGE('',*,*,#4495,.F.);
#2786=ORIENTED_EDGE('',*,*,#4496,.F.);
#2787=ORIENTED_EDGE('',*,*,#4497,.F.);
#2788=ORIENTED_EDGE('',*,*,#4498,.F.);
#2789=CARTESIAN_POINT('',(5.15000000002496,7.19069248589221E-12,26.5920094408337));
#2790=DIRECTION('',(-3.1977121265334E-14,1.0,-2.6159629737355E-14));
#2791=DIRECTION('',(-1.0,-3.19771212674346E-14,-8.02958612187572E-11));
#2792=SURFACE_STYLE_FILL_AREA(#4499);
#2793=ORIENTED_EDGE('',*,*,#4170,.T.);
#2794=ORIENTED_EDGE('',*,*,#4500,.F.);
#2795=ORIENTED_EDGE('',*,*,#4501,.F.);
#2796=ORIENTED_EDGE('',*,*,#4502,.T.);
#2797=ORIENTED_EDGE('',*,*,#4165,.T.);
#2798=ORIENTED_EDGE('',*,*,#4293,.F.);
#2799=ORIENTED_EDGE('',*,*,#4503,.T.);
#2800=ORIENTED_EDGE('',*,*,#4241,.T.);
#2801=CARTESIAN_POINT('',(5.15000000002864,-14.3090880212464,18.7000000004266));
#2802=DIRECTION('',(-1.0,-3.19771212653276E-14,-4.08284984336327E-13));
#2803=DIRECTION('',(1.80186543107912E-14,0.992546151641319,-0.121869343405174));
#2804=SURFACE_STYLE_FILL_AREA(#4504);
#2805=ORIENTED_EDGE('',*,*,#4240,.F.);
#2806=ORIENTED_EDGE('',*,*,#4505,.T.);
#2807=ORIENTED_EDGE('',*,*,#4506,.F.);
#2808=ORIENTED_EDGE('',*,*,#4172,.T.);
#2809=CARTESIAN_POINT('',(5.14999999997201,4.76763809023232,20.6528023235346));
#2810=DIRECTION('',(1.71257846051788E-14,-0.258819045102523,0.965925826289068));
#2811=DIRECTION('',(1.0,2.63396307354804E-10,7.05590979281876E-11));
#2812=SURFACE_STYLE_FILL_AREA(#4507);
#2813=ORIENTED_EDGE('',*,*,#4508,.F.);
#2814=ORIENTED_EDGE('',*,*,#4509,.T.);
#2815=ORIENTED_EDGE('',*,*,#4500,.T.);
#2816=ORIENTED_EDGE('',*,*,#4173,.T.);
#2817=ORIENTED_EDGE('',*,*,#4506,.T.);
#2818=ORIENTED_EDGE('',*,*,#4510,.F.);
#2819=ORIENTED_EDGE('',*,*,#4511,.T.);
#2820=ORIENTED_EDGE('',*,*,#4512,.F.);
#2821=ORIENTED_EDGE('',*,*,#4513,.T.);
#2822=ORIENTED_EDGE('',*,*,#4497,.T.);
#2823=ORIENTED_EDGE('',*,*,#4514,.F.);
#2824=ORIENTED_EDGE('',*,*,#4515,.F.);
#2825=ORIENTED_EDGE('',*,*,#4516,.T.);
#2826=CARTESIAN_POINT('',(4.59999999716053,2.88703044160667,25.8766624846501));
#2827=DIRECTION('',(-1.0,4.85369561899254E-14,-2.94386111569648E-15));
#2828=DIRECTION('',(-4.85339354996386E-14,-0.992546151629061,0.121869343505007));
#2829=SURFACE_STYLE_FILL_AREA(#4517);
#2830=ORIENTED_EDGE('',*,*,#4518,.F.);
#2831=ORIENTED_EDGE('',*,*,#4501,.T.);
#2832=ORIENTED_EDGE('',*,*,#4509,.F.);
#2833=ORIENTED_EDGE('',*,*,#4519,.F.);
#2834=ORIENTED_EDGE('',*,*,#4520,.T.);
#2835=ORIENTED_EDGE('',*,*,#4521,.F.);
#2836=CARTESIAN_POINT('',(5.14999999996587,10.5020530174886,20.5988688365312));
#2837=DIRECTION('',(-2.31806483080177E-14,-0.422618261740681,0.906307787036659));
#2838=DIRECTION('',(1.0,1.74632285974331E-10,8.14579493264302E-11));
#2839=SURFACE_STYLE_FILL_AREA(#4522);
#2840=ORIENTED_EDGE('',*,*,#4502,.F.);
#2841=ORIENTED_EDGE('',*,*,#4518,.T.);
#2842=ORIENTED_EDGE('',*,*,#4523,.F.);
#2843=ORIENTED_EDGE('',*,*,#4524,.F.);
#2844=ORIENTED_EDGE('',*,*,#4525,.F.);
#2845=ORIENTED_EDGE('',*,*,#4526,.F.);
#2846=ORIENTED_EDGE('',*,*,#4495,.T.);
#2847=ORIENTED_EDGE('',*,*,#4166,.F.);
#2848=CARTESIAN_POINT('',(0.549999999965511,3.25013618262387,23.1283670076144));
#2849=DIRECTION('',(1.0,-4.85369561899254E-14,2.94386111568355E-15));
#2850=DIRECTION('',(-4.85994440237306E-14,-0.999623711758527,0.0274305466607141));
#2851=SURFACE_STYLE_FILL_AREA(#4527);
#2852=ORIENTED_EDGE('',*,*,#4528,.F.);
#2853=ORIENTED_EDGE('',*,*,#4525,.T.);
#2854=ORIENTED_EDGE('',*,*,#4529,.T.);
#2855=ORIENTED_EDGE('',*,*,#4530,.T.);
#2856=ORIENTED_EDGE('',*,*,#4531,.T.);
#2857=ORIENTED_EDGE('',*,*,#4515,.T.);
#2858=CARTESIAN_POINT('',(4.59999999716084,8.70000000038397,24.1157223341993));
#2859=DIRECTION('',(3.26559331662304E-14,0.715196606657606,0.698923324711263));
#2860=DIRECTION('',(-1.0,1.14321997369859E-10,-1.1693707415737E-10));
#2861=SURFACE_STYLE_FILL_AREA(#4532);
#2862=ORIENTED_EDGE('',*,*,#4516,.F.);
#2863=ORIENTED_EDGE('',*,*,#4531,.F.);
#2864=ORIENTED_EDGE('',*,*,#4533,.F.);
#2865=ORIENTED_EDGE('',*,*,#4534,.T.);
#2866=ORIENTED_EDGE('',*,*,#4535,.T.);
#2867=CARTESIAN_POINT('',(4.19999999997186,8.90000000002476,21.6870702609619));
#2868=DIRECTION('',(-0.935044266187553,-0.354530986332339,-2.66453525910038E-15));
#2869=DIRECTION('',(0.352217278957838,-0.928942066668849,0.114059743891284));
#2870=SURFACE_STYLE_FILL_AREA(#4536);
#2871=ORIENTED_EDGE('',*,*,#4537,.T.);
#2872=ORIENTED_EDGE('',*,*,#4538,.T.);
#2873=ORIENTED_EDGE('',*,*,#4539,.T.);
#2874=ORIENTED_EDGE('',*,*,#4540,.F.);
#2875=ORIENTED_EDGE('',*,*,#4534,.F.);
#2876=ORIENTED_EDGE('',*,*,#4541,.T.);
#2877=CARTESIAN_POINT('',(4.19999999997188,3.53521923570101,19.0107439931));
#2878=DIRECTION('',(1.0,7.04973096490835E-16,2.9438611156577E-15));
#2879=DIRECTION('',(6.25377197040326E-16,-0.999636757453767,0.0269509396370376));
#2880=SURFACE_STYLE_FILL_AREA(#4542);
#2881=ORIENTED_EDGE('',*,*,#4543,.F.);
#2882=ORIENTED_EDGE('',*,*,#4544,.F.);
#2883=ORIENTED_EDGE('',*,*,#4545,.F.);
#2884=ORIENTED_EDGE('',*,*,#4546,.F.);
#2885=ORIENTED_EDGE('',*,*,#4529,.F.);
#2886=ORIENTED_EDGE('',*,*,#4524,.T.);
#2887=CARTESIAN_POINT('',(1.59999999997192,9.32500000002444,11.130677379233));
#2888=DIRECTION('',(0.866025403784439,-0.499999999999999,2.68440340330403E-15));
#2889=DIRECTION('',(-1.02560502687332E-10,-1.77634632697457E-10,1.0));
#2890=SURFACE_STYLE_FILL_AREA(#4547);
#2891=ORIENTED_EDGE('',*,*,#4533,.T.);
#2892=ORIENTED_EDGE('',*,*,#4530,.F.);
#2893=ORIENTED_EDGE('',*,*,#4546,.T.);
#2894=ORIENTED_EDGE('',*,*,#4548,.T.);
#2895=ORIENTED_EDGE('',*,*,#4541,.F.);
#2896=CARTESIAN_POINT('',(1.59999999745515,9.00000000000633,24.1000000047393));
#2897=DIRECTION('',(1.02564752669664E-10,-0.052335956242944,-0.998629534754574));
#2898=DIRECTION('',(-1.0,-2.76573848348149E-12,-1.02560560785521E-10));
#2899=SURFACE_STYLE_FILL_AREA(#4549);
#2900=ORIENTED_EDGE('',*,*,#4550,.F.);
#2901=ORIENTED_EDGE('',*,*,#4551,.F.);
#2902=ORIENTED_EDGE('',*,*,#4552,.T.);
#2903=ORIENTED_EDGE('',*,*,#4553,.T.);
#2904=ORIENTED_EDGE('',*,*,#4544,.T.);
#2905=CARTESIAN_POINT('',(1.59999999996582,9.68697170260851,25.4695440388524));
#2906=DIRECTION('',(-1.0,4.85369561899254E-14,-2.94386111569648E-15));
#2907=DIRECTION('',(-4.85339354996386E-14,-0.992546151629061,0.121869343505007));
#2908=SURFACE_STYLE_FILL_AREA(#4554);
#2909=ORIENTED_EDGE('',*,*,#4521,.T.);
#2910=ORIENTED_EDGE('',*,*,#4555,.T.);
#2911=ORIENTED_EDGE('',*,*,#4543,.T.);
#2912=ORIENTED_EDGE('',*,*,#4523,.T.);
#2913=CARTESIAN_POINT('',(1.59999999996581,9.32500000002447,20.7500000004332));
#2914=DIRECTION('',(0.499999999999965,-0.707106781186559,0.50000000000002));
#2915=DIRECTION('',(-8.53371286129509E-11,0.577350269149407,0.816496580956165));
#2916=SURFACE_STYLE_FILL_AREA(#4556);
#2917=ORIENTED_EDGE('',*,*,#4555,.F.);
#2918=ORIENTED_EDGE('',*,*,#4557,.T.);
#2919=ORIENTED_EDGE('',*,*,#4558,.T.);
#2920=ORIENTED_EDGE('',*,*,#4550,.T.);
#2921=CARTESIAN_POINT('',(2.13371517525021,9.92637137062376,20.2162848251487));
#2922=DIRECTION('',(0.707106781186547,-1.55746991596673E-14,0.707106781186548));
#2923=DIRECTION('',(-2.76574501496056E-12,1.0,2.78777096574204E-12));
#2924=SURFACE_STYLE_FILL_AREA(#4559);
#2925=ORIENTED_EDGE('',*,*,#4560,.F.);
#2926=ORIENTED_EDGE('',*,*,#4561,.F.);
#2927=ORIENTED_EDGE('',*,*,#4562,.F.);
#2928=ORIENTED_EDGE('',*,*,#4563,.F.);
#2929=ORIENTED_EDGE('',*,*,#4564,.T.);
#2930=ORIENTED_EDGE('',*,*,#4565,.T.);
#2931=CARTESIAN_POINT('',(-0.515002400037857,16.7250000000084,45.7547160004269));
#2932=DIRECTION('',(4.8536956189906E-14,1.0,-2.61596297290974E-14));
#2933=DIRECTION('',(-1.0,4.85369561878226E-14,-7.96401266801782E-11));
#2934=SURFACE_STYLE_FILL_AREA(#4566);
#2935=ORIENTED_EDGE('',*,*,#4567,.T.);
#2936=ORIENTED_EDGE('',*,*,#4568,.F.);
#2937=ORIENTED_EDGE('',*,*,#4540,.T.);
#2938=ORIENTED_EDGE('',*,*,#4569,.F.);
#2939=CARTESIAN_POINT('',(3.95723448623257,9.35134890686841,20.5072344867));
#2940=DIRECTION('',(-0.70710678118655,5.30825383648903E-14,0.707106781186545));
#2941=DIRECTION('',(0.12097429126104,-0.985256535988349,0.120974291261115));
#2942=SURFACE_STYLE_FILL_AREA(#4570);
#2943=ORIENTED_EDGE('',*,*,#4571,.F.);
#2944=ORIENTED_EDGE('',*,*,#4572,.F.);
#2945=ORIENTED_EDGE('',*,*,#4573,.F.);
#2946=ORIENTED_EDGE('',*,*,#4561,.T.);
#2947=CARTESIAN_POINT('',(5.14999999996587,10.5250000000244,20.0500000004331));
#2948=DIRECTION('',(-2.94386111506317E-15,2.6159630301377E-14,1.0));
#2949=DIRECTION('',(1.0,8.38030068224818E-10,2.94386109314061E-15));
#2950=SURFACE_STYLE_FILL_AREA(#4574);
#2951=ORIENTED_EDGE('',*,*,#4496,.T.);
#2952=ORIENTED_EDGE('',*,*,#4526,.T.);
#2953=ORIENTED_EDGE('',*,*,#4528,.T.);
#2954=ORIENTED_EDGE('',*,*,#4514,.T.);
#2955=CARTESIAN_POINT('',(5.14999999716085,7.22799597951962E-12,28.1000000004218));
#2956=DIRECTION('',(-4.34668471493516E-15,-2.61596303013972E-14,-1.0));
#2957=DIRECTION('',(-1.0,9.82764865477306E-12,4.34668471467808E-15));
#2958=SURFACE_STYLE_FILL_AREA(#4575);
#2959=ORIENTED_EDGE('',*,*,#4535,.F.);
#2960=ORIENTED_EDGE('',*,*,#4568,.T.);
#2961=ORIENTED_EDGE('',*,*,#4519,.T.);
#2962=ORIENTED_EDGE('',*,*,#4508,.T.);
#2963=CARTESIAN_POINT('',(3.49999999996581,9.32500000002443,20.0500000004332));
#2964=DIRECTION('',(-0.697248165993058,-0.649758664447595,0.30275183400699));
#2965=DIRECTION('',(0.699147967047949,-0.709647676538397,0.0871337785039496));
#2966=SURFACE_STYLE_FILL_AREA(#4576);
#2967=ORIENTED_EDGE('',*,*,#4513,.F.);
#2968=ORIENTED_EDGE('',*,*,#4577,.F.);
#2969=ORIENTED_EDGE('',*,*,#4236,.F.);
#2970=ORIENTED_EDGE('',*,*,#4498,.T.);
#2971=CARTESIAN_POINT('',(5.14999999997227,7.17026438223911E-12,25.8246824528546));
#2972=DIRECTION('',(8.72863455591408E-15,-0.258819045102519,-0.965925826289069));
#2973=DIRECTION('',(-2.3873120873946E-11,-0.965925826289069,0.258819045102519));
#2974=SURFACE_STYLE_FILL_AREA(#4578);
#2975=ORIENTED_EDGE('',*,*,#4237,.F.);
#2976=ORIENTED_EDGE('',*,*,#4577,.T.);
#2977=ORIENTED_EDGE('',*,*,#4512,.T.);
#2978=ORIENTED_EDGE('',*,*,#4579,.F.);
#2979=CARTESIAN_POINT('',(5.14999999997204,4.25000000002727,22.6153460241968));
#2980=DIRECTION('',(1.0,4.99469023829216E-14,-4.34668471456035E-15));
#2981=DIRECTION('',(4.99469023829216E-14,-1.0,1.2489981173802E-16));
#2982=SURFACE_STYLE_FILL_AREA(#4580);
#2983=ORIENTED_EDGE('',*,*,#4238,.F.);
#2984=ORIENTED_EDGE('',*,*,#4579,.T.);
#2985=ORIENTED_EDGE('',*,*,#4511,.F.);
#2986=ORIENTED_EDGE('',*,*,#4581,.F.);
#2987=CARTESIAN_POINT('',(5.14999999997194,6.25000000002727,22.6153460241968));
#2988=DIRECTION('',(4.99469023829091E-14,-1.0,-2.78532310127206E-22));
#2989=DIRECTION('',(-1.02560508696836E-10,-2.83654889843429E-22,1.0));
#2990=SURFACE_STYLE_FILL_AREA(#4582);
#2991=ORIENTED_EDGE('',*,*,#4239,.F.);
#2992=ORIENTED_EDGE('',*,*,#4581,.T.);
#2993=ORIENTED_EDGE('',*,*,#4510,.T.);
#2994=ORIENTED_EDGE('',*,*,#4505,.F.);
#2995=CARTESIAN_POINT('',(5.14999999997204,4.25000000002728,22.5846539761127));
#2996=DIRECTION('',(1.0,4.99469023829216E-14,-4.34668471456035E-15));
#2997=DIRECTION('',(4.99469023829216E-14,-1.0,1.2489981173802E-16));
#2998=SURFACE_STYLE_FILL_AREA(#4583);
#2999=ORIENTED_EDGE('',*,*,#4503,.F.);
#3000=ORIENTED_EDGE('',*,*,#4292,.T.);
#3001=ORIENTED_EDGE('',*,*,#4584,.T.);
#3002=ORIENTED_EDGE('',*,*,#4242,.T.);
#3003=CARTESIAN_POINT('',(5.15000000003026,-3.88238774462479E-10,13.6000000003276));
#3004=DIRECTION('',(-3.19771212653086E-14,1.0,5.07927061803539E-15));
#3005=DIRECTION('',(-1.0,-3.19771212649008E-14,-8.02958612187365E-11));
#3006=SURFACE_STYLE_FILL_AREA(#4585);
#3007=ORIENTED_EDGE('',*,*,#4586,.F.);
#3008=ORIENTED_EDGE('',*,*,#4281,.F.);
#3009=ORIENTED_EDGE('',*,*,#4587,.T.);
#3010=ORIENTED_EDGE('',*,*,#4255,.T.);
#3011=CARTESIAN_POINT('',(2.48499759556405,12.6950567142791,9.90020474276126));
#3012=DIRECTION('',(2.059468535972E-12,-0.965925826288788,0.258819045103568));
#3013=DIRECTION('',(1.0,2.87579786650756E-11,9.93690621113101E-11));
#3014=SURFACE_STYLE_FILL_AREA(#4588);
#3015=ORIENTED_EDGE('',*,*,#4589,.F.);
#3016=ORIENTED_EDGE('',*,*,#4284,.T.);
#3017=ORIENTED_EDGE('',*,*,#4590,.T.);
#3018=ORIENTED_EDGE('',*,*,#4252,.F.);
#3019=CARTESIAN_POINT('',(8.14999999557704,12.9500000039724,4.10000000306295));
#3020=DIRECTION('',(-2.76502711469731E-12,1.0,-4.14029921458264E-13));
#3021=DIRECTION('',(-1.0,-2.76502711473977E-12,-1.02554767152056E-10));
#3022=SURFACE_STYLE_FILL_AREA(#4591);
#3023=ORIENTED_EDGE('',*,*,#4592,.F.);
#3024=ORIENTED_EDGE('',*,*,#4286,.T.);
#3025=ORIENTED_EDGE('',*,*,#4593,.T.);
#3026=ORIENTED_EDGE('',*,*,#4250,.F.);
#3027=CARTESIAN_POINT('',(5.15000000003549,10.0672183893535,7.17808035233247E-11));
#3028=DIRECTION('',(-4.08284984336276E-13,-2.6195712237778E-13,1.0));
#3029=DIRECTION('',(1.0,8.34728829696586E-10,4.08284984554939E-13));
#3030=SURFACE_STYLE_FILL_AREA(#4594);
#3031=ORIENTED_EDGE('',*,*,#4158,.T.);
#3032=ORIENTED_EDGE('',*,*,#4248,.F.);
#3033=ORIENTED_EDGE('',*,*,#4595,.F.);
#3034=ORIENTED_EDGE('',*,*,#4596,.T.);
#3035=CARTESIAN_POINT('',(5.15000000003452,0.900000000045934,3.09999999997793));
#3036=DIRECTION('',(-1.0,-3.19771212653421E-14,-4.08284984336315E-13));
#3037=DIRECTION('',(-3.19771212653421E-14,1.0,1.54200446062077E-17));
#3038=SURFACE_STYLE_FILL_AREA(#4597);
#3039=ORIENTED_EDGE('',*,*,#4162,.T.);
#3040=ORIENTED_EDGE('',*,*,#4287,.F.);
#3041=ORIENTED_EDGE('',*,*,#4592,.T.);
#3042=ORIENTED_EDGE('',*,*,#4249,.T.);
#3043=CARTESIAN_POINT('',(5.15000000003541,4.56470417020682E-11,1.00000000012855));
#3044=DIRECTION('',(-3.19771212651636E-14,1.0,-3.85871889715906E-13));
#3045=DIRECTION('',(-1.0,-3.19771212961475E-14,-8.0295861218991E-11));
#3046=SURFACE_STYLE_FILL_AREA(#4598);
#3047=ORIENTED_EDGE('',*,*,#4160,.T.);
#3048=ORIENTED_EDGE('',*,*,#4599,.F.);
#3049=ORIENTED_EDGE('',*,*,#4600,.T.);
#3050=ORIENTED_EDGE('',*,*,#4288,.F.);
#3051=CARTESIAN_POINT('',(1.44406264723784E-10,4.70000000004582,3.99999999997567));
#3052=DIRECTION('',(4.08284984336004E-13,-2.82525682961286E-22,-1.0));
#3053=DIRECTION('',(-1.0,9.7769838564319E-12,-4.08284984336004E-13));
#3054=SURFACE_STYLE_FILL_AREA(#4601);
#3055=ORIENTED_EDGE('',*,*,#4602,.T.);
#3056=ORIENTED_EDGE('',*,*,#4595,.T.);
#3057=ORIENTED_EDGE('',*,*,#4247,.T.);
#3058=ORIENTED_EDGE('',*,*,#4603,.T.);
#3059=CARTESIAN_POINT('',(5.15000000003485,1.50000000004394,2.23397459619014));
#3060=DIRECTION('',(3.19771212661713E-14,-1.0,-2.11876349826283E-12));
#3061=DIRECTION('',(-1.0256050869683E-10,-2.11876349826611E-12,1.0));
#3062=SURFACE_STYLE_FILL_AREA(#4604);
#3063=ORIENTED_EDGE('',*,*,#4605,.T.);
#3064=ORIENTED_EDGE('',*,*,#4603,.F.);
#3065=ORIENTED_EDGE('',*,*,#4246,.F.);
#3066=ORIENTED_EDGE('',*,*,#4606,.T.);
#3067=CARTESIAN_POINT('',(5.15000000003514,2.00000000004365,1.50000000012386));
#3068=DIRECTION('',(4.08284984336327E-13,2.46830333667262E-13,-1.0));
#3069=DIRECTION('',(-1.0,9.77698385643216E-12,-4.08284984333914E-13));
#3070=SURFACE_STYLE_FILL_AREA(#4607);
#3071=ORIENTED_EDGE('',*,*,#4608,.T.);
#3072=ORIENTED_EDGE('',*,*,#4289,.T.);
#3073=ORIENTED_EDGE('',*,*,#4600,.F.);
#3074=ORIENTED_EDGE('',*,*,#4609,.T.);
#3075=ORIENTED_EDGE('',*,*,#4606,.F.);
#3076=ORIENTED_EDGE('',*,*,#4245,.T.);
#3077=CARTESIAN_POINT('',(5.15000000003468,3.60000000004533,2.50000000012399));
#3078=DIRECTION('',(-3.19771212653393E-14,1.0,2.80375300019795E-22));
#3079=DIRECTION('',(-1.0,-3.19771212653393E-14,-8.02958612187401E-11));
#3080=SURFACE_STYLE_FILL_AREA(#4610);
#3081=ORIENTED_EDGE('',*,*,#4611,.T.);
#3082=ORIENTED_EDGE('',*,*,#4290,.F.);
#3083=ORIENTED_EDGE('',*,*,#4608,.F.);
#3084=ORIENTED_EDGE('',*,*,#4244,.T.);
#3085=CARTESIAN_POINT('',(5.15000000003158,3.60000000004533,10.0999999999812));
#3086=DIRECTION('',(-4.7981661325919E-14,0.999229036240723,0.0392598157590684));
#3087=DIRECTION('',(-1.0,2.34590914050125E-12,-6.09295317526995E-11));
#3088=SURFACE_STYLE_FILL_AREA(#4612);
#3089=ORIENTED_EDGE('',*,*,#4599,.T.);
#3090=ORIENTED_EDGE('',*,*,#4159,.F.);
#3091=ORIENTED_EDGE('',*,*,#4596,.F.);
#3092=ORIENTED_EDGE('',*,*,#4602,.F.);
#3093=ORIENTED_EDGE('',*,*,#4605,.F.);
#3094=ORIENTED_EDGE('',*,*,#4609,.F.);
#3095=CARTESIAN_POINT('',(1.00000000125069,-120.122312451647,-10.523162822192));
#3096=DIRECTION('',(1.0,-2.18104266927365E-26,-1.11022302708085E-16));
#3097=DIRECTION('',(2.99282860174208E-18,-0.999636593944104,0.0269570036879323));
#3098=SURFACE_STYLE_FILL_AREA(#4613);
#3099=ORIENTED_EDGE('',*,*,#4593,.F.);
#3100=ORIENTED_EDGE('',*,*,#4285,.T.);
#3101=ORIENTED_EDGE('',*,*,#4589,.T.);
#3102=ORIENTED_EDGE('',*,*,#4251,.F.);
#3103=CARTESIAN_POINT('',(8.14999999559967,3.55602732459685,5.51537179136464));
#3104=DIRECTION('',(-1.0,-2.76502711469828E-12,-2.3620462870467E-12));
#3105=DIRECTION('',(-2.7650271146973E-12,1.0,-4.14148247859617E-13));
#3106=SURFACE_STYLE_FILL_AREA(#4614);
#3107=ORIENTED_EDGE('',*,*,#4590,.F.);
#3108=ORIENTED_EDGE('',*,*,#4283,.T.);
#3109=ORIENTED_EDGE('',*,*,#4615,.T.);
#3110=ORIENTED_EDGE('',*,*,#4253,.F.);
#3111=CARTESIAN_POINT('',(8.14999999557597,12.9500000039726,4.55166605290283));
#3112=DIRECTION('',(-2.99720318905855E-12,0.258819045103026,0.965925826288933));
#3113=DIRECTION('',(-1.0,6.87475756641426E-10,-1.87311506877912E-10));
#3114=SURFACE_STYLE_FILL_AREA(#4616);
#3115=ORIENTED_EDGE('',*,*,#4615,.F.);
#3116=ORIENTED_EDGE('',*,*,#4282,.F.);
#3117=ORIENTED_EDGE('',*,*,#4586,.T.);
#3118=ORIENTED_EDGE('',*,*,#4254,.T.);
#3119=CARTESIAN_POINT('',(5.14999999575096,11.6500000039656,6.74000000307594));
#3120=DIRECTION('',(1.33820456357184E-18,-1.0,2.95208301964174E-13));
#3121=DIRECTION('',(-1.02560508696837E-10,2.95208301964174E-13,1.0));
#3122=SURFACE_STYLE_FILL_AREA(#4617);
#3123=ORIENTED_EDGE('',*,*,#4584,.F.);
#3124=ORIENTED_EDGE('',*,*,#4291,.T.);
#3125=ORIENTED_EDGE('',*,*,#4611,.F.);
#3126=ORIENTED_EDGE('',*,*,#4243,.F.);
#3127=CARTESIAN_POINT('',(5.15000000003057,3.02103400672857,12.5999999999815));
#3128=DIRECTION('',(-4.08284984336159E-13,-6.09744199547349E-12,1.0));
#3129=DIRECTION('',(1.0,8.34728829656916E-10,4.0828498942587E-13));
#3130=SURFACE_STYLE_FILL_AREA(#4618);
#3131=ORIENTED_EDGE('',*,*,#4472,.F.);
#3132=ORIENTED_EDGE('',*,*,#4305,.T.);
#3133=ORIENTED_EDGE('',*,*,#4486,.T.);
#3134=ORIENTED_EDGE('',*,*,#4224,.F.);
#3135=ORIENTED_EDGE('',*,*,#4619,.F.);
#3136=ORIENTED_EDGE('',*,*,#4150,.F.);
#3137=ORIENTED_EDGE('',*,*,#4620,.F.);
#3138=ORIENTED_EDGE('',*,*,#4147,.F.);
#3139=CARTESIAN_POINT('',(5.15000000001864,10.4928935829107,41.2500000004215));
#3140=DIRECTION('',(4.08284984336069E-13,-2.61596303002559E-14,-1.0));
#3141=DIRECTION('',(-1.0,9.77698385643186E-12,-4.08284984336325E-13));
#3142=SURFACE_STYLE_FILL_AREA(#4621);
#3143=ORIENTED_EDGE('',*,*,#4153,.T.);
#3144=ORIENTED_EDGE('',*,*,#4622,.F.);
#3145=ORIENTED_EDGE('',*,*,#4623,.F.);
#3146=ORIENTED_EDGE('',*,*,#4624,.T.);
#3147=CARTESIAN_POINT('',(1.28072377399261,15.2392509727911,34.7500000004258));
#3148=DIRECTION('',(0.707106781186548,0.707106781186547,-1.88538681906576E-14));
#3149=DIRECTION('',(1.02560503144671E-10,-1.0258716654077E-10,-1.0));
#3150=SURFACE_STYLE_FILL_AREA(#4625);
#3151=ORIENTED_EDGE('',*,*,#4151,.T.);
#3152=ORIENTED_EDGE('',*,*,#4619,.T.);
#3153=ORIENTED_EDGE('',*,*,#4146,.F.);
#3154=ORIENTED_EDGE('',*,*,#4626,.T.);
#3155=CARTESIAN_POINT('',(4.79999999996577,13.563748219356,44.1250000004241));
#3156=DIRECTION('',(-1.0,-4.97019730231224E-14,-2.94386111587742E-15));
#3157=DIRECTION('',(4.89727356309096E-14,-0.992546151629061,0.121869343505007));
#3158=SURFACE_STYLE_FILL_AREA(#4627);
#3159=ORIENTED_EDGE('',*,*,#4152,.T.);
#3160=ORIENTED_EDGE('',*,*,#4626,.F.);
#3161=ORIENTED_EDGE('',*,*,#4145,.T.);
#3162=ORIENTED_EDGE('',*,*,#4628,.T.);
#3163=ORIENTED_EDGE('',*,*,#4622,.T.);
#3164=CARTESIAN_POINT('',(4.085262986449,14.3102629864699,34.7500000004258));
#3165=DIRECTION('',(1.24900089934288E-16,2.61596303013855E-14,1.0));
#3166=DIRECTION('',(1.0,8.38055061279155E-10,-1.24900111857499E-16));
#3167=SURFACE_STYLE_FILL_AREA(#4629);
#3168=ORIENTED_EDGE('',*,*,#4149,.T.);
#3169=ORIENTED_EDGE('',*,*,#4630,.F.);
#3170=ORIENTED_EDGE('',*,*,#4631,.F.);
#3171=ORIENTED_EDGE('',*,*,#4632,.F.);
#3172=ORIENTED_EDGE('',*,*,#4623,.T.);
#3173=ORIENTED_EDGE('',*,*,#4628,.F.);
#3174=ORIENTED_EDGE('',*,*,#4144,.T.);
#3175=ORIENTED_EDGE('',*,*,#4620,.T.);
#3176=CARTESIAN_POINT('',(2.89999999996597,13.1249999999862,41.2500000004215));
#3177=DIRECTION('',(2.94386111516656E-15,-2.62984081794551E-14,-1.0));
#3178=DIRECTION('',(4.97019730230756E-14,-1.0,2.62984081794553E-14));
#3179=SURFACE_STYLE_FILL_AREA(#4633);
#3180=ORIENTED_EDGE('',*,*,#4632,.T.);
#3181=ORIENTED_EDGE('',*,*,#4634,.F.);
#3182=ORIENTED_EDGE('',*,*,#4154,.T.);
#3183=ORIENTED_EDGE('',*,*,#4624,.F.);
#3184=CARTESIAN_POINT('',(1.28072377399261,15.239250972791,33.7500000004257));
#3185=DIRECTION('',(-1.24900089934288E-16,-2.61596303013855E-14,-1.0));
#3186=DIRECTION('',(-1.0,9.82713028480122E-12,1.24900089677214E-16));
#3187=SURFACE_STYLE_FILL_AREA(#4635);
#3188=ORIENTED_EDGE('',*,*,#4631,.T.);
#3189=ORIENTED_EDGE('',*,*,#4636,.T.);
#3190=ORIENTED_EDGE('',*,*,#4155,.F.);
#3191=ORIENTED_EDGE('',*,*,#4634,.T.);
#3192=CARTESIAN_POINT('',(0.785749027162031,14.7442762259605,33.7500000004258));
#3193=DIRECTION('',(-0.707106781186548,-0.707106781186547,1.88529747369159E-14));
#3194=DIRECTION('',(0.704456660294424,-0.704456660294422,0.0864964018538094));
#3195=SURFACE_STYLE_FILL_AREA(#4637);
#3196=ORIENTED_EDGE('',*,*,#4630,.T.);
#3197=ORIENTED_EDGE('',*,*,#4156,.T.);
#3198=ORIENTED_EDGE('',*,*,#4636,.F.);
#3199=CARTESIAN_POINT('',(4.085262986449,14.3102629864699,34.7500000004258));
#3200=DIRECTION('',(1.24900089934288E-16,2.61596303013855E-14,1.0));
#3201=DIRECTION('',(1.0,8.38055061279155E-10,-1.24900111857499E-16));
#3202=SURFACE_STYLE_FILL_AREA(#4638);
#3203=ORIENTED_EDGE('',*,*,#4463,.T.);
#3204=ORIENTED_EDGE('',*,*,#4309,.T.);
#3205=ORIENTED_EDGE('',*,*,#4639,.F.);
#3206=ORIENTED_EDGE('',*,*,#4220,.T.);
#3207=ORIENTED_EDGE('',*,*,#4467,.T.);
#3208=ORIENTED_EDGE('',*,*,#4640,.T.);
#3209=ORIENTED_EDGE('',*,*,#4641,.T.);
#3210=ORIENTED_EDGE('',*,*,#4642,.F.);
#3211=CARTESIAN_POINT('',(5.15000000002147,20.1500000000253,33.5500000004249));
#3212=DIRECTION('',(3.19771212652622E-14,-1.0,-1.98452393689277E-15));
#3213=DIRECTION('',(-1.02560508696836E-10,-1.98452394017236E-15,1.0));
#3214=SURFACE_STYLE_FILL_AREA(#4643);
#3215=ORIENTED_EDGE('',*,*,#4639,.T.);
#3216=ORIENTED_EDGE('',*,*,#4308,.T.);
#3217=ORIENTED_EDGE('',*,*,#4469,.T.);
#3218=ORIENTED_EDGE('',*,*,#4221,.T.);
#3219=CARTESIAN_POINT('',(5.15000000002092,19.560554666159,34.944651999435));
#3220=DIRECTION('',(1.88401401097303E-13,-0.921109330021226,-0.389303997086914));
#3221=DIRECTION('',(-9.33927308957286E-11,-0.389303997086914,0.921109330021226));
#3222=SURFACE_STYLE_FILL_AREA(#4644);
#3223=ORIENTED_EDGE('',*,*,#4645,.T.);
#3224=ORIENTED_EDGE('',*,*,#4641,.F.);
#3225=ORIENTED_EDGE('',*,*,#4646,.T.);
#3226=ORIENTED_EDGE('',*,*,#4647,.T.);
#3227=CARTESIAN_POINT('',(4.950000001059,24.1500000039182,17.4500000033725));
#3228=DIRECTION('',(-5.55111581588955E-17,1.00575658912589E-10,1.0));
#3229=DIRECTION('',(1.0,8.38053592633743E-10,5.54268703666123E-17));
#3230=SURFACE_STYLE_FILL_AREA(#4648);
#3231=ORIENTED_EDGE('',*,*,#4466,.T.);
#3232=ORIENTED_EDGE('',*,*,#4649,.T.);
#3233=ORIENTED_EDGE('',*,*,#4646,.F.);
#3234=ORIENTED_EDGE('',*,*,#4640,.F.);
#3235=CARTESIAN_POINT('',(4.57500000003585,23.2999999999596,29.2500000001281));
#3236=DIRECTION('',(-1.0,7.27014210251685E-27,-4.08284984325005E-13));
#3237=DIRECTION('',(-4.97574230026477E-14,-0.992546151629061,0.121869343505007));
#3238=SURFACE_STYLE_FILL_AREA(#4650);
#3239=ORIENTED_EDGE('',*,*,#4465,.T.);
#3240=ORIENTED_EDGE('',*,*,#4651,.T.);
#3241=ORIENTED_EDGE('',*,*,#4647,.F.);
#3242=ORIENTED_EDGE('',*,*,#4649,.F.);
#3243=CARTESIAN_POINT('',(0.575000000027041,23.2999999999596,29.2500000001264));
#3244=DIRECTION('',(1.93870456067116E-26,-1.0,-2.83654889843427E-22));
#3245=DIRECTION('',(-1.02560508696836E-10,-2.83654889843429E-22,1.0));
#3246=SURFACE_STYLE_FILL_AREA(#4652);
#3247=ORIENTED_EDGE('',*,*,#4464,.T.);
#3248=ORIENTED_EDGE('',*,*,#4642,.T.);
#3249=ORIENTED_EDGE('',*,*,#4645,.F.);
#3250=ORIENTED_EDGE('',*,*,#4651,.F.);
#3251=CARTESIAN_POINT('',(0.575000000027033,20.1499999999745,29.2500000001264));
#3252=DIRECTION('',(1.0,-7.27014210251685E-27,4.08284984325005E-13));
#3253=DIRECTION('',(-1.10501092834125E-14,-0.999633684001537,0.0270646967379261));
#3254=SURFACE_STYLE_FILL_AREA(#4653);
#3255=ORIENTED_EDGE('',*,*,#4359,.F.);
#3256=ORIENTED_EDGE('',*,*,#4654,.T.);
#3257=ORIENTED_EDGE('',*,*,#4655,.T.);
#3258=ORIENTED_EDGE('',*,*,#4314,.F.);
#3259=CARTESIAN_POINT('',(1.31016975046805E-10,29.5692555167186,34.8675079942339));
#3260=DIRECTION('',(2.60376770586199E-13,-0.819152044288994,-0.573576436351043));
#3261=DIRECTION('',(-8.24262916075131E-11,-0.573576436351043,0.819152044288994));
#3262=SURFACE_STYLE_FILL_AREA(#4656);
#3263=ORIENTED_EDGE('',*,*,#4655,.F.);
#3264=ORIENTED_EDGE('',*,*,#4657,.T.);
#3265=ORIENTED_EDGE('',*,*,#4372,.T.);
#3266=ORIENTED_EDGE('',*,*,#4315,.F.);
#3267=CARTESIAN_POINT('',(1.31134214598205E-10,29.2000000001304,34.6000000000541));
#3268=DIRECTION('',(-4.08284984336004E-13,2.82525682961286E-22,1.0));
#3269=DIRECTION('',(1.0,8.34728829698369E-10,4.08284984336004E-13));
#3270=SURFACE_STYLE_FILL_AREA(#4658);
#3271=ORIENTED_EDGE('',*,*,#4654,.F.);
#3272=ORIENTED_EDGE('',*,*,#4358,.T.);
#3273=ORIENTED_EDGE('',*,*,#4373,.T.);
#3274=ORIENTED_EDGE('',*,*,#4657,.F.);
#3275=CARTESIAN_POINT('',(0.800000000133433,31.6415174466594,28.7723123177227));
#3276=DIRECTION('',(-1.0,-3.19771212653114E-14,-4.08284984336314E-13));
#3277=DIRECTION('',(-1.8018654351958E-14,-0.992546151629061,0.121869343505007));
#3278=SURFACE_STYLE_FILL_AREA(#4659);
#3279=ORIENTED_EDGE('',*,*,#4387,.F.);
#3280=ORIENTED_EDGE('',*,*,#4660,.F.);
#3281=ORIENTED_EDGE('',*,*,#4661,.F.);
#3282=ORIENTED_EDGE('',*,*,#4437,.T.);
#3283=CARTESIAN_POINT('',(0.800000000133433,31.6415174466594,28.7723123177227));
#3284=DIRECTION('',(-1.0,-3.19771212653114E-14,-4.08284984336314E-13));
#3285=DIRECTION('',(-1.8018654351958E-14,-0.992546151629061,0.121869343505007));
#3286=SURFACE_STYLE_FILL_AREA(#4662);
#3287=ORIENTED_EDGE('',*,*,#4438,.T.);
#3288=ORIENTED_EDGE('',*,*,#4661,.T.);
#3289=ORIENTED_EDGE('',*,*,#4663,.T.);
#3290=ORIENTED_EDGE('',*,*,#4329,.F.);
#3291=CARTESIAN_POINT('',(1.30826016686569E-10,38.7700003311012,34.6000000000541));
#3292=DIRECTION('',(-4.08284984336004E-13,2.82525682961286E-22,1.0));
#3293=DIRECTION('',(1.0,8.34728829698369E-10,4.08284984336004E-13));
#3294=SURFACE_STYLE_FILL_AREA(#4664);
#3295=ORIENTED_EDGE('',*,*,#4663,.F.);
#3296=ORIENTED_EDGE('',*,*,#4660,.T.);
#3297=ORIENTED_EDGE('',*,*,#4386,.F.);
#3298=ORIENTED_EDGE('',*,*,#4330,.F.);
#3299=CARTESIAN_POINT('',(1.30591537583769E-10,38.84780882042,35.1775079942381));
#3300=DIRECTION('',(2.07988522076246E-13,0.819152044288994,-0.573576436351043));
#3301=DIRECTION('',(-1.0,1.18627840672106E-11,1.65791944976593E-11));
#3302=SURFACE_STYLE_FILL_AREA(#4665);
#3303=ORIENTED_EDGE('',*,*,#4356,.F.);
#3304=ORIENTED_EDGE('',*,*,#4343,.T.);
#3305=ORIENTED_EDGE('',*,*,#4429,.T.);
#3306=ORIENTED_EDGE('',*,*,#4264,.T.);
#3307=CARTESIAN_POINT('',(5.14999999901422,64.2202846229422,8.62870724600442));
#3308=DIRECTION('',(-9.00369639586523E-11,-0.48514231093319,0.874435210946131));
#3309=DIRECTION('',(1.0,-9.70366754478291E-14,1.0291201250269E-10));
#3310=SURFACE_STYLE_FILL_AREA(#4666);
#3311=ORIENTED_EDGE('',*,*,#4139,.T.);
#3312=ORIENTED_EDGE('',*,*,#4279,.F.);
#3313=ORIENTED_EDGE('',*,*,#4354,.T.);
#3314=ORIENTED_EDGE('',*,*,#4257,.T.);
#3315=CARTESIAN_POINT('',(-1.39732936332848E-09,14.1021397495439,11.8848211529377));
#3316=DIRECTION('',(-1.0,-4.8609847755229E-12,-1.02557453813207E-10));
#3317=DIRECTION('',(-4.86098476520471E-12,1.0,-1.00608906126999E-10));
#3318=SURFACE_STYLE_FILL_AREA(#4667);
#3319=ORIENTED_EDGE('',*,*,#4141,.T.);
#3320=ORIENTED_EDGE('',*,*,#4256,.T.);
#3321=ORIENTED_EDGE('',*,*,#4587,.F.);
#3322=ORIENTED_EDGE('',*,*,#4280,.F.);
#3323=CARTESIAN_POINT('',(-1.38828681883751E-09,14.0323262614314,11.800000002662));
#3324=DIRECTION('',(-1.0,-4.8609847755229E-12,-1.02557453813207E-10));
#3325=DIRECTION('',(-4.86098476520471E-12,1.0,-1.00608896214321E-10));
#3326=SURFACE_STYLE_FILL_AREA(#4668);
#3327=ORIENTED_EDGE('',*,*,#4352,.F.);
#3328=ORIENTED_EDGE('',*,*,#4347,.F.);
#3329=ORIENTED_EDGE('',*,*,#4669,.F.);
#3330=ORIENTED_EDGE('',*,*,#4260,.T.);
#3331=CARTESIAN_POINT('',(5.15000000003233,46.3499999999986,4.89999999998196));
#3332=DIRECTION('',(-3.19771212653494E-14,1.0,2.80375300019794E-22));
#3333=DIRECTION('',(-1.0,-3.19771212653494E-14,-8.02958612187402E-11));
#3334=SURFACE_STYLE_FILL_AREA(#4670);
#3335=ORIENTED_EDGE('',*,*,#4669,.T.);
#3336=ORIENTED_EDGE('',*,*,#4346,.F.);
#3337=ORIENTED_EDGE('',*,*,#4185,.F.);
#3338=ORIENTED_EDGE('',*,*,#4261,.T.);
#3339=CARTESIAN_POINT('',(5.15000000003252,45.0499999999984,4.55166604982152));
#3340=DIRECTION('',(3.86096722865427E-13,0.258819045102476,-0.96592582628908));
#3341=DIRECTION('',(-1.0,1.0110677434374E-11,2.30943111295463E-12));
#3342=SURFACE_STYLE_FILL_AREA(#4671);
#3343=ORIENTED_EDGE('',*,*,#4672,.T.);
#3344=ORIENTED_EDGE('',*,*,#4123,.F.);
#3345=ORIENTED_EDGE('',*,*,#4394,.F.);
#3346=ORIENTED_EDGE('',*,*,#4195,.F.);
#3347=CARTESIAN_POINT('',(4.9317424184419,56.6500000052945,35.249999997106));
#3348=DIRECTION('',(-5.6661589232134E-22,-1.0,5.52613510478806E-12));
#3349=DIRECTION('',(-1.02560508696851E-10,5.52613510478806E-12,1.0));
#3350=SURFACE_STYLE_FILL_AREA(#4673);
#3351=ORIENTED_EDGE('',*,*,#4674,.T.);
#3352=ORIENTED_EDGE('',*,*,#4102,.F.);
#3353=ORIENTED_EDGE('',*,*,#4389,.F.);
#3354=ORIENTED_EDGE('',*,*,#4201,.F.);
#3355=CARTESIAN_POINT('',(4.93174241844293,46.4500000044541,35.2499999971624));
#3356=DIRECTION('',(-5.6661589232134E-22,-1.0,5.52613510478806E-12));
#3357=DIRECTION('',(-1.02560508696851E-10,5.52613510478806E-12,1.0));
#3358=SURFACE_STYLE_FILL_AREA(#4675);
#3359=ORIENTED_EDGE('',*,*,#4134,.T.);
#3360=ORIENTED_EDGE('',*,*,#4676,.T.);
#3361=ORIENTED_EDGE('',*,*,#4677,.F.);
#3362=ORIENTED_EDGE('',*,*,#4678,.F.);
#3363=ORIENTED_EDGE('',*,*,#4679,.T.);
#3364=ORIENTED_EDGE('',*,*,#4680,.T.);
#3365=CARTESIAN_POINT('',(2.74999999550816,57.650000005241,27.1870564552466));
#3366=DIRECTION('',(-2.16502861437245E-12,8.47046044444311E-12,1.0));
#3367=DIRECTION('',(-5.17956357035944E-12,-1.0,8.47046044443189E-12));
#3368=SURFACE_STYLE_FILL_AREA(#4681);
#3369=ORIENTED_EDGE('',*,*,#4682,.T.);
#3370=ORIENTED_EDGE('',*,*,#4683,.F.);
#3371=ORIENTED_EDGE('',*,*,#4676,.F.);
#3372=ORIENTED_EDGE('',*,*,#4137,.F.);
#3373=ORIENTED_EDGE('',*,*,#4684,.T.);
#3374=CARTESIAN_POINT('',(1.99999999549864,56.5500000053993,25.9500000027003));
#3375=DIRECTION('',(2.50980441528112E-12,1.0,-8.85697071185982E-12));
#3376=DIRECTION('',(-1.0,2.50980441475329E-12,-5.95947118623932E-11));
#3377=SURFACE_STYLE_FILL_AREA(#4685);
#3378=ORIENTED_EDGE('',*,*,#4686,.F.);
#3379=ORIENTED_EDGE('',*,*,#4682,.F.);
#3380=ORIENTED_EDGE('',*,*,#4687,.T.);
#3381=ORIENTED_EDGE('',*,*,#4688,.F.);
#3382=CARTESIAN_POINT('',(2.67848913653931,50.5429453241006,17.0500000317947));
#3383=DIRECTION('',(-2.77044229368672E-12,5.29867816566156E-13,1.0));
#3384=DIRECTION('',(1.0,8.15490602273165E-10,2.77044229325462E-12));
#3385=SURFACE_STYLE_FILL_AREA(#4689);
#3386=ORIENTED_EDGE('',*,*,#4690,.T.);
#3387=ORIENTED_EDGE('',*,*,#4135,.T.);
#3388=ORIENTED_EDGE('',*,*,#4193,.T.);
#3389=ORIENTED_EDGE('',*,*,#4129,.F.);
#3390=ORIENTED_EDGE('',*,*,#4691,.F.);
#3391=CARTESIAN_POINT('',(4.14999999518462,58.2750000052302,27.117949194533));
#3392=DIRECTION('',(0.866025403785523,-5.72370019767657E-12,-0.499999999998123));
#3393=DIRECTION('',(2.76573208722954E-12,-1.0,1.62377888906252E-11));
#3394=SURFACE_STYLE_FILL_AREA(#4692);
#3395=ORIENTED_EDGE('',*,*,#4127,.T.);
#3396=ORIENTED_EDGE('',*,*,#4397,.T.);
#3397=ORIENTED_EDGE('',*,*,#4693,.T.);
#3398=ORIENTED_EDGE('',*,*,#4694,.T.);
#3399=ORIENTED_EDGE('',*,*,#4695,.T.);
#3400=CARTESIAN_POINT('',(2.74999999555138,58.2500000052894,31.5713691353677));
#3401=DIRECTION('',(-2.29905953580729E-12,4.0442926788062E-12,1.0));
#3402=DIRECTION('',(5.50314891967488E-12,1.0,-4.04429267879355E-12));
#3403=SURFACE_STYLE_FILL_AREA(#4696);
#3404=ORIENTED_EDGE('',*,*,#4674,.F.);
#3405=ORIENTED_EDGE('',*,*,#4200,.T.);
#3406=ORIENTED_EDGE('',*,*,#4103,.F.);
#3407=CARTESIAN_POINT('',(5.62908777714251,47.4500000044117,29.8500000027863));
#3408=DIRECTION('',(1.0,4.18201549365659E-12,2.59357733950865E-12));
#3409=DIRECTION('',(4.18201549366974E-12,-1.0,-5.0678350403612E-12));
#3410=SURFACE_STYLE_FILL_AREA(#4697);
#3411=ORIENTED_EDGE('',*,*,#4698,.F.);
#3412=ORIENTED_EDGE('',*,*,#4694,.F.);
#3413=ORIENTED_EDGE('',*,*,#4699,.F.);
#3414=ORIENTED_EDGE('',*,*,#4679,.F.);
#3415=ORIENTED_EDGE('',*,*,#4700,.F.);
#3416=CARTESIAN_POINT('',(1.04999999587128,59.5782566765622,27.6375644375084));
#3417=DIRECTION('',(-0.866025403783054,3.89469706485457E-12,-0.500000000002398));
#3418=DIRECTION('',(0.497196988961613,-0.105738435197842,-0.861170446247093));
#3419=SURFACE_STYLE_FILL_AREA(#4701);
#3420=ORIENTED_EDGE('',*,*,#4691,.T.);
#3421=ORIENTED_EDGE('',*,*,#4128,.F.);
#3422=ORIENTED_EDGE('',*,*,#4695,.F.);
#3423=ORIENTED_EDGE('',*,*,#4698,.T.);
#3424=ORIENTED_EDGE('',*,*,#4702,.T.);
#3425=ORIENTED_EDGE('',*,*,#4703,.T.);
#3426=ORIENTED_EDGE('',*,*,#4704,.F.);
#3427=CARTESIAN_POINT('',(5.14999999557461,59.3750000050434,26.6416352226345));
#3428=DIRECTION('',(3.63122028585236E-12,0.866025403780197,-0.500000000007347));
#3429=DIRECTION('',(-1.0,1.1348975823715E-11,1.23945621685621E-11));
#3430=SURFACE_STYLE_FILL_AREA(#4705);
#3431=ORIENTED_EDGE('',*,*,#4700,.T.);
#3432=ORIENTED_EDGE('',*,*,#4678,.T.);
#3433=ORIENTED_EDGE('',*,*,#4677,.T.);
#3434=ORIENTED_EDGE('',*,*,#4683,.T.);
#3435=ORIENTED_EDGE('',*,*,#4686,.T.);
#3436=ORIENTED_EDGE('',*,*,#4706,.F.);
#3437=ORIENTED_EDGE('',*,*,#4707,.F.);
#3438=ORIENTED_EDGE('',*,*,#4708,.F.);
#3439=ORIENTED_EDGE('',*,*,#4709,.F.);
#3440=ORIENTED_EDGE('',*,*,#4710,.T.);
#3441=ORIENTED_EDGE('',*,*,#4702,.F.);
#3442=CARTESIAN_POINT('',(1.09999999587931,58.9607841269296,24.737083490315));
#3443=DIRECTION('',(1.0,1.73982544141905E-17,2.77044229368677E-12));
#3444=DIRECTION('',(2.74979395722304E-12,-0.121869343505007,-0.992546151629061));
#3445=SURFACE_STYLE_FILL_AREA(#4711);
#3446=ORIENTED_EDGE('',*,*,#4712,.F.);
#3447=ORIENTED_EDGE('',*,*,#4713,.F.);
#3448=ORIENTED_EDGE('',*,*,#4714,.F.);
#3449=ORIENTED_EDGE('',*,*,#4687,.F.);
#3450=ORIENTED_EDGE('',*,*,#4684,.F.);
#3451=ORIENTED_EDGE('',*,*,#4136,.F.);
#3452=ORIENTED_EDGE('',*,*,#4690,.F.);
#3453=ORIENTED_EDGE('',*,*,#4704,.T.);
#3454=ORIENTED_EDGE('',*,*,#4715,.F.);
#3455=ORIENTED_EDGE('',*,*,#4716,.F.);
#3456=CARTESIAN_POINT('',(4.24741807171732,57.8146208936793,21.7912751283656));
#3457=DIRECTION('',(0.999136703710474,0.0415433183384422,2.75106864986804E-12));
#3458=DIRECTION('',(1.0256050849691E-10,-2.4004076643133E-09,-1.0));
#3459=SURFACE_STYLE_FILL_AREA(#4717);
#3460=ORIENTED_EDGE('',*,*,#4703,.F.);
#3461=ORIENTED_EDGE('',*,*,#4710,.F.);
#3462=ORIENTED_EDGE('',*,*,#4718,.F.);
#3463=ORIENTED_EDGE('',*,*,#4715,.T.);
#3464=CARTESIAN_POINT('',(5.85346518602646,59.4000000050529,26.5562838955009));
#3465=DIRECTION('',(-1.06896578039775E-13,-1.0,8.48224268571966E-12));
#3466=DIRECTION('',(-1.02560508696859E-10,8.48224268573062E-12,1.0));
#3467=SURFACE_STYLE_FILL_AREA(#4719);
#3468=ORIENTED_EDGE('',*,*,#4720,.F.);
#3469=ORIENTED_EDGE('',*,*,#4712,.T.);
#3470=ORIENTED_EDGE('',*,*,#4721,.T.);
#3471=ORIENTED_EDGE('',*,*,#4708,.T.);
#3472=CARTESIAN_POINT('',(4.94999999658661,59.2499998365592,24.5595750155753));
#3473=DIRECTION('',(-2.76502711330846E-12,1.0,-5.88420936975531E-10));
#3474=DIRECTION('',(-1.0,-2.76502717365383E-12,-1.02554767631872E-10));
#3475=SURFACE_STYLE_FILL_AREA(#4722);
#3476=ORIENTED_EDGE('',*,*,#4709,.T.);
#3477=ORIENTED_EDGE('',*,*,#4721,.F.);
#3478=ORIENTED_EDGE('',*,*,#4716,.T.);
#3479=ORIENTED_EDGE('',*,*,#4718,.T.);
#3480=CARTESIAN_POINT('',(4.94999999658491,59.2499998369833,25.2803843618187));
#3481=DIRECTION('',(-1.21356057943125E-12,0.866025403707589,-0.500000000133108));
#3482=DIRECTION('',(-1.0,1.28600667506046E-11,2.47014101510844E-11));
#3483=SURFACE_STYLE_FILL_AREA(#4723);
#3484=ORIENTED_EDGE('',*,*,#4688,.T.);
#3485=ORIENTED_EDGE('',*,*,#4714,.T.);
#3486=ORIENTED_EDGE('',*,*,#4724,.F.);
#3487=ORIENTED_EDGE('',*,*,#4706,.T.);
#3488=CARTESIAN_POINT('',(4.94999999660277,58.9999998338858,17.7179002693935));
#3489=DIRECTION('',(-2.76502711376116E-12,1.0,-3.96750354791919E-10));
#3490=DIRECTION('',(-1.0,-2.7650271544498E-12,-1.02554767475468E-10));
#3491=SURFACE_STYLE_FILL_AREA(#4725);
#3492=ORIENTED_EDGE('',*,*,#4726,.F.);
#3493=ORIENTED_EDGE('',*,*,#4727,.F.);
#3494=ORIENTED_EDGE('',*,*,#4728,.F.);
#3495=ORIENTED_EDGE('',*,*,#4410,.T.);
#3496=CARTESIAN_POINT('',(1.84999999560672,40.9000000044628,32.2500000027979));
#3497=DIRECTION('',(-0.707106781182548,0.707106781190547,-2.33346675315715E-12));
#3498=DIRECTION('',(-0.120974291246021,-0.120974291247904,-0.985256535991815));
#3499=SURFACE_STYLE_FILL_AREA(#4729);
#3500=ORIENTED_EDGE('',*,*,#4720,.T.);
#3501=ORIENTED_EDGE('',*,*,#4707,.T.);
#3502=ORIENTED_EDGE('',*,*,#4724,.T.);
#3503=ORIENTED_EDGE('',*,*,#4713,.T.);
#3504=CARTESIAN_POINT('',(4.94999999658891,59.0569970916177,23.8127162584594));
#3505=DIRECTION('',(-2.059468534277E-12,0.96592582614242,-0.258819045649818));
#3506=DIRECTION('',(-1.0,1.99425902904138E-11,8.23839353955972E-11));
#3507=SURFACE_STYLE_FILL_AREA(#4730);
#3508=ORIENTED_EDGE('',*,*,#4693,.F.);
#3509=ORIENTED_EDGE('',*,*,#4396,.F.);
#3510=ORIENTED_EDGE('',*,*,#4731,.F.);
#3511=ORIENTED_EDGE('',*,*,#4699,.T.);
#3512=CARTESIAN_POINT('',(0.349999995552178,57.9500000052919,33.8403684193969));
#3513=DIRECTION('',(-1.0,1.52798636208987E-12,-3.32566065123493E-12));
#3514=DIRECTION('',(-1.92189306372043E-12,-0.992546151629061,0.121869343505007));
#3515=SURFACE_STYLE_FILL_AREA(#4732);
#3516=ORIENTED_EDGE('',*,*,#4121,.T.);
#3517=ORIENTED_EDGE('',*,*,#4680,.F.);
#3518=ORIENTED_EDGE('',*,*,#4731,.T.);
#3519=ORIENTED_EDGE('',*,*,#4395,.T.);
#3520=CARTESIAN_POINT('',(2.74999999552343,57.6500000052507,29.0836091436529));
#3521=DIRECTION('',(2.19303351865717E-12,-5.39351896505783E-12,-1.0));
#3522=DIRECTION('',(1.48371148178244E-13,-1.0,5.39351896505816E-12));
#3523=SURFACE_STYLE_FILL_AREA(#4733);
#3524=ORIENTED_EDGE('',*,*,#4734,.T.);
#3525=ORIENTED_EDGE('',*,*,#4191,.T.);
#3526=ORIENTED_EDGE('',*,*,#4398,.F.);
#3527=ORIENTED_EDGE('',*,*,#4131,.T.);
#3528=CARTESIAN_POINT('',(5.14999999567095,59.2500000052952,35.2499999970917));
#3529=DIRECTION('',(2.2359725933074E-24,1.0,-5.52613510478806E-12));
#3530=DIRECTION('',(-1.0,-4.40050618297017E-22,-8.00354284691864E-11));
#3531=SURFACE_STYLE_FILL_AREA(#4735);
#3532=ORIENTED_EDGE('',*,*,#4736,.T.);
#3533=ORIENTED_EDGE('',*,*,#4737,.F.);
#3534=ORIENTED_EDGE('',*,*,#4738,.T.);
#3535=ORIENTED_EDGE('',*,*,#4112,.T.);
#3536=ORIENTED_EDGE('',*,*,#4739,.T.);
#3537=ORIENTED_EDGE('',*,*,#4740,.T.);
#3538=ORIENTED_EDGE('',*,*,#4741,.T.);
#3539=ORIENTED_EDGE('',*,*,#4742,.T.);
#3540=ORIENTED_EDGE('',*,*,#4743,.T.);
#3541=ORIENTED_EDGE('',*,*,#4119,.T.);
#3542=CARTESIAN_POINT('',(4.72037302811555,5.77611528644189,34.7500000030872));
#3543=DIRECTION('',(-1.63803317169969E-12,5.6793320049613E-12,1.0));
#3544=DIRECTION('',(1.0,8.24713334487783E-10,1.63803316701587E-12));
#3545=SURFACE_STYLE_FILL_AREA(#4744);
#3546=ORIENTED_EDGE('',*,*,#4116,.T.);
#3547=ORIENTED_EDGE('',*,*,#4743,.F.);
#3548=ORIENTED_EDGE('',*,*,#4745,.T.);
#3549=ORIENTED_EDGE('',*,*,#4746,.F.);
#3550=CARTESIAN_POINT('',(2.6500000001047,52.9000000017556,35.2500000049781));
#3551=DIRECTION('',(-7.23953406581889E-13,-1.05304376332797E-11,-1.0));
#3552=DIRECTION('',(2.9463613285516E-11,1.0,-1.0530437633301E-11));
#3553=SURFACE_STYLE_FILL_AREA(#4747);
#3554=ORIENTED_EDGE('',*,*,#4745,.F.);
#3555=ORIENTED_EDGE('',*,*,#4742,.F.);
#3556=ORIENTED_EDGE('',*,*,#4748,.F.);
#3557=ORIENTED_EDGE('',*,*,#4749,.F.);
#3558=CARTESIAN_POINT('',(4.45000000011783,53.3000000017025,35.2500000049726));
#3559=DIRECTION('',(2.9463613285516E-11,1.0,-1.05304376296885E-11));
#3560=DIRECTION('',(-1.0,2.94636132872001E-11,1.59926444965642E-10));
#3561=SURFACE_STYLE_FILL_AREA(#4750);
#3562=ORIENTED_EDGE('',*,*,#4751,.F.);
#3563=ORIENTED_EDGE('',*,*,#4736,.F.);
#3564=ORIENTED_EDGE('',*,*,#4118,.T.);
#3565=ORIENTED_EDGE('',*,*,#4752,.F.);
#3566=CARTESIAN_POINT('',(4.45000000011783,53.3000000017025,35.2500000049726));
#3567=DIRECTION('',(2.9463613285516E-11,1.0,-1.05304376296885E-11));
#3568=DIRECTION('',(-1.0,2.94636132872001E-11,1.59926444965642E-10));
#3569=SURFACE_STYLE_FILL_AREA(#4753);
#3570=ORIENTED_EDGE('',*,*,#4738,.F.);
#3571=ORIENTED_EDGE('',*,*,#4754,.F.);
#3572=ORIENTED_EDGE('',*,*,#4755,.T.);
#3573=ORIENTED_EDGE('',*,*,#4113,.F.);
#3574=CARTESIAN_POINT('',(0.850000000120579,52.5000000018086,35.2500000049836));
#3575=DIRECTION('',(-2.9463613285516E-11,-1.0,1.05304376296885E-11));
#3576=DIRECTION('',(-1.02560508696865E-10,1.05304376327103E-11,1.0));
#3577=SURFACE_STYLE_FILL_AREA(#4756);
#3578=ORIENTED_EDGE('',*,*,#4111,.T.);
#3579=ORIENTED_EDGE('',*,*,#4757,.T.);
#3580=ORIENTED_EDGE('',*,*,#4758,.T.);
#3581=ORIENTED_EDGE('',*,*,#4739,.F.);
#3582=CARTESIAN_POINT('',(2.65000000010848,52.9000000017594,35.2500000050011));
#3583=DIRECTION('',(-7.23953406415199E-13,2.21959950390838E-12,-1.0));
#3584=DIRECTION('',(3.15628997887043E-11,1.0,2.21959950388553E-12));
#3585=SURFACE_STYLE_FILL_AREA(#4759);
#3586=ORIENTED_EDGE('',*,*,#4760,.F.);
#3587=ORIENTED_EDGE('',*,*,#4757,.F.);
#3588=ORIENTED_EDGE('',*,*,#4114,.F.);
#3589=ORIENTED_EDGE('',*,*,#4755,.F.);
#3590=ORIENTED_EDGE('',*,*,#4761,.T.);
#3591=ORIENTED_EDGE('',*,*,#4762,.T.);
#3592=ORIENTED_EDGE('',*,*,#4763,.T.);
#3593=ORIENTED_EDGE('',*,*,#4764,.F.);
#3594=ORIENTED_EDGE('',*,*,#4765,.T.);
#3595=ORIENTED_EDGE('',*,*,#4766,.T.);
#3596=ORIENTED_EDGE('',*,*,#4767,.T.);
#3597=CARTESIAN_POINT('',(2.67848913648917,50.5429453241102,35.1500000027599));
#3598=DIRECTION('',(-2.77044229368672E-12,5.29867816566156E-13,1.0));
#3599=DIRECTION('',(1.0,8.15490602273165E-10,2.77044229325462E-12));
#3600=SURFACE_STYLE_FILL_AREA(#4768);
#3601=ORIENTED_EDGE('',*,*,#4754,.T.);
#3602=ORIENTED_EDGE('',*,*,#4737,.T.);
#3603=ORIENTED_EDGE('',*,*,#4751,.T.);
#3604=ORIENTED_EDGE('',*,*,#4769,.F.);
#3605=ORIENTED_EDGE('',*,*,#4770,.T.);
#3606=ORIENTED_EDGE('',*,*,#4403,.T.);
#3607=ORIENTED_EDGE('',*,*,#4771,.F.);
#3608=ORIENTED_EDGE('',*,*,#4761,.F.);
#3609=CARTESIAN_POINT('',(0.74999999554892,52.4000000053066,35.1500000027764));
#3610=DIRECTION('',(1.0,-1.03395338306406E-11,2.51768585043753E-12));
#3611=DIRECTION('',(-1.05789601106615E-11,-0.991528820407232,0.129886867318613));
#3612=SURFACE_STYLE_FILL_AREA(#4772);
#3613=ORIENTED_EDGE('',*,*,#4773,.F.);
#3614=ORIENTED_EDGE('',*,*,#4774,.F.);
#3615=ORIENTED_EDGE('',*,*,#4769,.T.);
#3616=ORIENTED_EDGE('',*,*,#4752,.T.);
#3617=ORIENTED_EDGE('',*,*,#4117,.T.);
#3618=ORIENTED_EDGE('',*,*,#4746,.T.);
#3619=ORIENTED_EDGE('',*,*,#4749,.T.);
#3620=CARTESIAN_POINT('',(3.72316268304314,52.1839012470155,35.1500000027619));
#3621=DIRECTION('',(2.77044229368672E-12,-5.29867816566156E-13,-1.0));
#3622=DIRECTION('',(-1.0,9.48694740817783E-12,-2.77044229369175E-12));
#3623=SURFACE_STYLE_FILL_AREA(#4775);
#3624=ORIENTED_EDGE('',*,*,#4776,.F.);
#3625=ORIENTED_EDGE('',*,*,#4405,.T.);
#3626=ORIENTED_EDGE('',*,*,#4777,.T.);
#3627=ORIENTED_EDGE('',*,*,#4773,.T.);
#3628=ORIENTED_EDGE('',*,*,#4748,.T.);
#3629=ORIENTED_EDGE('',*,*,#4741,.F.);
#3630=ORIENTED_EDGE('',*,*,#4778,.T.);
#3631=ORIENTED_EDGE('',*,*,#4767,.F.);
#3632=CARTESIAN_POINT('',(4.54999999555428,52.9500000052753,29.4500000027492));
#3633=DIRECTION('',(-1.0,3.51763098229634E-12,-2.5935773395417E-12));
#3634=DIRECTION('',(-3.8074886620288E-12,-0.992546151629061,0.121869343505007));
#3635=SURFACE_STYLE_FILL_AREA(#4779);
#3636=ORIENTED_EDGE('',*,*,#4776,.T.);
#3637=ORIENTED_EDGE('',*,*,#4766,.F.);
#3638=ORIENTED_EDGE('',*,*,#4780,.F.);
#3639=ORIENTED_EDGE('',*,*,#4406,.T.);
#3640=CARTESIAN_POINT('',(5.14999999552602,50.9000000052471,30.0500000027841));
#3641=DIRECTION('',(9.54734275443525E-12,1.0,-5.67422497750607E-12));
#3642=DIRECTION('',(-1.0,9.54734275442232E-12,-2.27856167164832E-12));
#3643=SURFACE_STYLE_FILL_AREA(#4781);
#3644=ORIENTED_EDGE('',*,*,#4774,.T.);
#3645=ORIENTED_EDGE('',*,*,#4777,.F.);
#3646=ORIENTED_EDGE('',*,*,#4404,.F.);
#3647=ORIENTED_EDGE('',*,*,#4770,.F.);
#3648=CARTESIAN_POINT('',(5.14999999555848,54.7000000052449,27.7500000028106));
#3649=DIRECTION('',(2.69556944390144E-12,1.0,-5.71961922212815E-12));
#3650=DIRECTION('',(-1.0,2.69556944356923E-12,-5.80817771147719E-11));
#3651=SURFACE_STYLE_FILL_AREA(#4782);
#3652=ORIENTED_EDGE('',*,*,#4760,.T.);
#3653=ORIENTED_EDGE('',*,*,#4778,.F.);
#3654=ORIENTED_EDGE('',*,*,#4740,.F.);
#3655=ORIENTED_EDGE('',*,*,#4758,.F.);
#3656=CARTESIAN_POINT('',(0.850000000120579,52.5000000018086,35.2500000049836));
#3657=DIRECTION('',(-2.9463613285516E-11,-1.0,1.05304376296885E-11));
#3658=DIRECTION('',(-1.02560508696865E-10,1.05304376327103E-11,1.0));
#3659=SURFACE_STYLE_FILL_AREA(#4783);
#3660=ORIENTED_EDGE('',*,*,#4402,.T.);
#3661=ORIENTED_EDGE('',*,*,#4784,.T.);
#3662=ORIENTED_EDGE('',*,*,#4762,.F.);
#3663=ORIENTED_EDGE('',*,*,#4771,.T.);
#3664=CARTESIAN_POINT('',(1.94999999559841,50.9000000053035,34.7500000028105));
#3665=DIRECTION('',(9.54734275442104E-12,1.0,-5.29867815027329E-13));
#3666=DIRECTION('',(-1.0,9.54734275441983E-12,-2.27856167166857E-12));
#3667=SURFACE_STYLE_FILL_AREA(#4785);
#3668=ORIENTED_EDGE('',*,*,#4786,.F.);
#3669=ORIENTED_EDGE('',*,*,#4763,.F.);
#3670=ORIENTED_EDGE('',*,*,#4784,.F.);
#3671=ORIENTED_EDGE('',*,*,#4401,.T.);
#3672=CARTESIAN_POINT('',(1.84999999560568,51.1000000053032,32.2500000027924));
#3673=DIRECTION('',(-0.707106781182548,0.707106781190547,-2.33346675315715E-12));
#3674=DIRECTION('',(-0.120974291246021,-0.120974291247904,-0.985256535991815));
#3675=SURFACE_STYLE_FILL_AREA(#4787);
#3676=ORIENTED_EDGE('',*,*,#4400,.F.);
#3677=ORIENTED_EDGE('',*,*,#4788,.T.);
#3678=ORIENTED_EDGE('',*,*,#4764,.T.);
#3679=ORIENTED_EDGE('',*,*,#4786,.T.);
#3680=CARTESIAN_POINT('',(1.94999999557839,51.3000000053181,34.7500000028048));
#3681=DIRECTION('',(-1.22176743236348E-11,-1.0,3.6058239712043E-12));
#3682=DIRECTION('',(-1.02560508696846E-10,3.60582397245735E-12,1.0));
#3683=SURFACE_STYLE_FILL_AREA(#4789);
#3684=ORIENTED_EDGE('',*,*,#4399,.T.);
#3685=ORIENTED_EDGE('',*,*,#4780,.T.);
#3686=ORIENTED_EDGE('',*,*,#4765,.F.);
#3687=ORIENTED_EDGE('',*,*,#4788,.F.);
#3688=CARTESIAN_POINT('',(3.44999999560569,51.1000000052759,32.2500000027959));
#3689=DIRECTION('',(0.707106781190555,0.70710678118254,-2.05301837128572E-12));
#3690=DIRECTION('',(1.02560501886133E-10,-1.05463908311785E-10,-1.0));
#3691=SURFACE_STYLE_FILL_AREA(#4790);
#3692=ORIENTED_EDGE('',*,*,#4791,.T.);
#3693=ORIENTED_EDGE('',*,*,#4792,.F.);
#3694=ORIENTED_EDGE('',*,*,#4793,.F.);
#3695=ORIENTED_EDGE('',*,*,#4407,.T.);
#3696=CARTESIAN_POINT('',(5.14999999552705,40.7000000044067,30.0500000027895));
#3697=DIRECTION('',(9.54734275443525E-12,1.0,-5.67422497750607E-12));
#3698=DIRECTION('',(-1.0,9.54734275442232E-12,-2.27856167164832E-12));
#3699=SURFACE_STYLE_FILL_AREA(#4794);
#3700=ORIENTED_EDGE('',*,*,#4408,.T.);
#3701=ORIENTED_EDGE('',*,*,#4793,.T.);
#3702=ORIENTED_EDGE('',*,*,#4795,.F.);
#3703=ORIENTED_EDGE('',*,*,#4796,.F.);
#3704=CARTESIAN_POINT('',(3.44999999560673,40.9000000044355,32.2500000028012));
#3705=DIRECTION('',(0.707106781190555,0.70710678118254,-2.05301837128572E-12));
#3706=DIRECTION('',(1.02560501886133E-10,-1.05463908311785E-10,-1.0));
#3707=SURFACE_STYLE_FILL_AREA(#4797);
#3708=ORIENTED_EDGE('',*,*,#4106,.T.);
#3709=ORIENTED_EDGE('',*,*,#4798,.T.);
#3710=ORIENTED_EDGE('',*,*,#4799,.F.);
#3711=ORIENTED_EDGE('',*,*,#4800,.F.);
#3712=ORIENTED_EDGE('',*,*,#4801,.T.);
#3713=ORIENTED_EDGE('',*,*,#4802,.T.);
#3714=CARTESIAN_POINT('',(2.74999999550919,47.4500000044007,27.187056455252));
#3715=DIRECTION('',(-2.16502861437245E-12,8.47046044444311E-12,1.0));
#3716=DIRECTION('',(-5.17956357035944E-12,-1.0,8.47046044443189E-12));
#3717=SURFACE_STYLE_FILL_AREA(#4803);
#3718=ORIENTED_EDGE('',*,*,#4804,.T.);
#3719=ORIENTED_EDGE('',*,*,#4805,.F.);
#3720=ORIENTED_EDGE('',*,*,#4798,.F.);
#3721=ORIENTED_EDGE('',*,*,#4109,.F.);
#3722=ORIENTED_EDGE('',*,*,#4806,.T.);
#3723=CARTESIAN_POINT('',(1.99999999549967,46.3500000045589,25.9500000027057));
#3724=DIRECTION('',(2.50980441528112E-12,1.0,-8.85697071185982E-12));
#3725=DIRECTION('',(-1.0,2.50980441475329E-12,-5.95947118623932E-11));
#3726=SURFACE_STYLE_FILL_AREA(#4807);
#3727=ORIENTED_EDGE('',*,*,#4808,.F.);
#3728=ORIENTED_EDGE('',*,*,#4804,.F.);
#3729=ORIENTED_EDGE('',*,*,#4809,.T.);
#3730=ORIENTED_EDGE('',*,*,#4810,.F.);
#3731=CARTESIAN_POINT('',(2.67848913654034,40.3429453232602,17.0500000318002));
#3732=DIRECTION('',(-2.77044229368672E-12,5.29867816566156E-13,1.0));
#3733=DIRECTION('',(1.0,8.15490602273165E-10,2.77044229325462E-12));
#3734=SURFACE_STYLE_FILL_AREA(#4811);
#3735=ORIENTED_EDGE('',*,*,#4812,.T.);
#3736=ORIENTED_EDGE('',*,*,#4107,.T.);
#3737=ORIENTED_EDGE('',*,*,#4199,.T.);
#3738=ORIENTED_EDGE('',*,*,#4095,.F.);
#3739=ORIENTED_EDGE('',*,*,#4813,.F.);
#3740=CARTESIAN_POINT('',(4.14999999518565,48.0750000043899,27.1179491945384));
#3741=DIRECTION('',(0.866025403785523,-5.72370019767657E-12,-0.499999999998123));
#3742=DIRECTION('',(2.76573208722954E-12,-1.0,1.62377888906252E-11));
#3743=SURFACE_STYLE_FILL_AREA(#4814);
#3744=ORIENTED_EDGE('',*,*,#4815,.T.);
#3745=ORIENTED_EDGE('',*,*,#4197,.T.);
#3746=ORIENTED_EDGE('',*,*,#4393,.T.);
#3747=ORIENTED_EDGE('',*,*,#4097,.T.);
#3748=CARTESIAN_POINT('',(5.14999999567198,49.0500000044549,35.2499999971481));
#3749=DIRECTION('',(5.6661589232134E-22,1.0,-5.52613510478806E-12));
#3750=DIRECTION('',(-1.0,1.24329301456416E-22,-8.00354284645899E-11));
#3751=SURFACE_STYLE_FILL_AREA(#4816);
#3752=ORIENTED_EDGE('',*,*,#4100,.T.);
#3753=ORIENTED_EDGE('',*,*,#4802,.F.);
#3754=ORIENTED_EDGE('',*,*,#4817,.T.);
#3755=ORIENTED_EDGE('',*,*,#4390,.T.);
#3756=CARTESIAN_POINT('',(2.74999999552446,47.4500000044103,29.0836091436583));
#3757=DIRECTION('',(2.19303351865717E-12,-5.39351896505783E-12,-1.0));
#3758=DIRECTION('',(1.48371148178244E-13,-1.0,5.39351896505816E-12));
#3759=SURFACE_STYLE_FILL_AREA(#4818);
#3760=ORIENTED_EDGE('',*,*,#4672,.F.);
#3761=ORIENTED_EDGE('',*,*,#4194,.T.);
#3762=ORIENTED_EDGE('',*,*,#4124,.F.);
#3763=CARTESIAN_POINT('',(5.62908777714147,57.650000005252,29.8500000027809));
#3764=DIRECTION('',(1.0,4.18201549365659E-12,2.59357733950865E-12));
#3765=DIRECTION('',(4.18201549366974E-12,-1.0,-5.0678350403612E-12));
#3766=SURFACE_STYLE_FILL_AREA(#4819);
#3767=ORIENTED_EDGE('',*,*,#4820,.F.);
#3768=ORIENTED_EDGE('',*,*,#4391,.F.);
#3769=ORIENTED_EDGE('',*,*,#4817,.F.);
#3770=ORIENTED_EDGE('',*,*,#4821,.T.);
#3771=CARTESIAN_POINT('',(0.349999995553208,47.7500000044515,33.8403684194024));
#3772=DIRECTION('',(-1.0,1.52798636208987E-12,-3.32566065123493E-12));
#3773=DIRECTION('',(-1.92189306372043E-12,-0.992546151629061,0.121869343505007));
#3774=SURFACE_STYLE_FILL_AREA(#4822);
#3775=ORIENTED_EDGE('',*,*,#4823,.F.);
#3776=ORIENTED_EDGE('',*,*,#4824,.F.);
#3777=ORIENTED_EDGE('',*,*,#4821,.F.);
#3778=ORIENTED_EDGE('',*,*,#4801,.F.);
#3779=ORIENTED_EDGE('',*,*,#4825,.F.);
#3780=CARTESIAN_POINT('',(1.04999999587231,49.3782566757218,27.6375644375138));
#3781=DIRECTION('',(-0.866025403783054,3.89469706485457E-12,-0.500000000002398));
#3782=DIRECTION('',(0.497196988961613,-0.105738435197842,-0.861170446247093));
#3783=SURFACE_STYLE_FILL_AREA(#4826);
#3784=ORIENTED_EDGE('',*,*,#4813,.T.);
#3785=ORIENTED_EDGE('',*,*,#4094,.F.);
#3786=ORIENTED_EDGE('',*,*,#4827,.F.);
#3787=ORIENTED_EDGE('',*,*,#4823,.T.);
#3788=ORIENTED_EDGE('',*,*,#4828,.T.);
#3789=ORIENTED_EDGE('',*,*,#4829,.T.);
#3790=ORIENTED_EDGE('',*,*,#4830,.F.);
#3791=CARTESIAN_POINT('',(5.14999999557564,49.175000004203,26.6416352226399));
#3792=DIRECTION('',(3.63122028585236E-12,0.866025403780197,-0.500000000007347));
#3793=DIRECTION('',(-1.0,1.1348975823715E-11,1.23945621685621E-11));
#3794=SURFACE_STYLE_FILL_AREA(#4831);
#3795=ORIENTED_EDGE('',*,*,#4825,.T.);
#3796=ORIENTED_EDGE('',*,*,#4800,.T.);
#3797=ORIENTED_EDGE('',*,*,#4799,.T.);
#3798=ORIENTED_EDGE('',*,*,#4805,.T.);
#3799=ORIENTED_EDGE('',*,*,#4808,.T.);
#3800=ORIENTED_EDGE('',*,*,#4832,.F.);
#3801=ORIENTED_EDGE('',*,*,#4833,.F.);
#3802=ORIENTED_EDGE('',*,*,#4834,.F.);
#3803=ORIENTED_EDGE('',*,*,#4835,.F.);
#3804=ORIENTED_EDGE('',*,*,#4836,.T.);
#3805=ORIENTED_EDGE('',*,*,#4828,.F.);
#3806=CARTESIAN_POINT('',(1.09999999588034,48.7607841260892,24.7370834903205));
#3807=DIRECTION('',(1.0,1.73982544141905E-17,2.77044229368677E-12));
#3808=DIRECTION('',(2.74979395722304E-12,-0.121869343505007,-0.992546151629061));
#3809=SURFACE_STYLE_FILL_AREA(#4837);
#3810=ORIENTED_EDGE('',*,*,#4838,.F.);
#3811=ORIENTED_EDGE('',*,*,#4839,.F.);
#3812=ORIENTED_EDGE('',*,*,#4840,.F.);
#3813=ORIENTED_EDGE('',*,*,#4809,.F.);
#3814=ORIENTED_EDGE('',*,*,#4806,.F.);
#3815=ORIENTED_EDGE('',*,*,#4108,.F.);
#3816=ORIENTED_EDGE('',*,*,#4812,.F.);
#3817=ORIENTED_EDGE('',*,*,#4830,.T.);
#3818=ORIENTED_EDGE('',*,*,#4841,.F.);
#3819=ORIENTED_EDGE('',*,*,#4842,.F.);
#3820=CARTESIAN_POINT('',(4.24741807171835,47.614620892839,21.7912751283709));
#3821=DIRECTION('',(0.999136703710474,0.0415433183384422,2.75106864986804E-12));
#3822=DIRECTION('',(1.0256050849691E-10,-2.4004076643133E-09,-1.0));
#3823=SURFACE_STYLE_FILL_AREA(#4843);
#3824=ORIENTED_EDGE('',*,*,#4829,.F.);
#3825=ORIENTED_EDGE('',*,*,#4836,.F.);
#3826=ORIENTED_EDGE('',*,*,#4844,.F.);
#3827=ORIENTED_EDGE('',*,*,#4841,.T.);
#3828=CARTESIAN_POINT('',(5.85346518602749,49.2000000042126,26.5562838955064));
#3829=DIRECTION('',(-1.06896578039775E-13,-1.0,8.48224268571966E-12));
#3830=DIRECTION('',(-1.02560508696859E-10,8.48224268573062E-12,1.0));
#3831=SURFACE_STYLE_FILL_AREA(#4845);
#3832=ORIENTED_EDGE('',*,*,#4846,.F.);
#3833=ORIENTED_EDGE('',*,*,#4838,.T.);
#3834=ORIENTED_EDGE('',*,*,#4847,.T.);
#3835=ORIENTED_EDGE('',*,*,#4834,.T.);
#3836=CARTESIAN_POINT('',(4.94999999658765,49.0499998357188,24.5595750155806));
#3837=DIRECTION('',(-2.76502711330846E-12,1.0,-5.88420936975531E-10));
#3838=DIRECTION('',(-1.0,-2.76502717365383E-12,-1.02554767631872E-10));
#3839=SURFACE_STYLE_FILL_AREA(#4848);
#3840=ORIENTED_EDGE('',*,*,#4835,.T.);
#3841=ORIENTED_EDGE('',*,*,#4847,.F.);
#3842=ORIENTED_EDGE('',*,*,#4842,.T.);
#3843=ORIENTED_EDGE('',*,*,#4844,.T.);
#3844=CARTESIAN_POINT('',(4.94999999658595,49.049999836143,25.2803843618241));
#3845=DIRECTION('',(-1.21356057943125E-12,0.866025403707589,-0.500000000133108));
#3846=DIRECTION('',(-1.0,1.28600667506046E-11,2.47014101510844E-11));
#3847=SURFACE_STYLE_FILL_AREA(#4849);
#3848=ORIENTED_EDGE('',*,*,#4810,.T.);
#3849=ORIENTED_EDGE('',*,*,#4840,.T.);
#3850=ORIENTED_EDGE('',*,*,#4850,.F.);
#3851=ORIENTED_EDGE('',*,*,#4832,.T.);
#3852=CARTESIAN_POINT('',(4.94999999660425,48.7999998330453,17.7179002693722));
#3853=DIRECTION('',(-2.76502711376116E-12,1.0,-3.96750354791919E-10));
#3854=DIRECTION('',(-1.0,-2.7650271544498E-12,-1.02554767475468E-10));
#3855=SURFACE_STYLE_FILL_AREA(#4851);
#3856=ORIENTED_EDGE('',*,*,#4409,.F.);
#3857=ORIENTED_EDGE('',*,*,#4796,.T.);
#3858=ORIENTED_EDGE('',*,*,#4852,.T.);
#3859=ORIENTED_EDGE('',*,*,#4726,.T.);
#3860=CARTESIAN_POINT('',(1.94999999557942,41.1000000044777,34.7500000028102));
#3861=DIRECTION('',(-1.22176743236348E-11,-1.0,3.6058239712043E-12));
#3862=DIRECTION('',(-1.02560508696846E-10,3.60582397245735E-12,1.0));
#3863=SURFACE_STYLE_FILL_AREA(#4853);
#3864=ORIENTED_EDGE('',*,*,#4846,.T.);
#3865=ORIENTED_EDGE('',*,*,#4833,.T.);
#3866=ORIENTED_EDGE('',*,*,#4850,.T.);
#3867=ORIENTED_EDGE('',*,*,#4839,.T.);
#3868=CARTESIAN_POINT('',(4.94999999658994,48.8569970907773,23.8127162584648));
#3869=DIRECTION('',(-2.059468534277E-12,0.96592582614242,-0.258819045649818));
#3870=DIRECTION('',(-1.0,1.99425902904138E-11,8.23839353955972E-11));
#3871=SURFACE_STYLE_FILL_AREA(#4854);
#3872=ORIENTED_EDGE('',*,*,#4093,.T.);
#3873=ORIENTED_EDGE('',*,*,#4392,.T.);
#3874=ORIENTED_EDGE('',*,*,#4820,.T.);
#3875=ORIENTED_EDGE('',*,*,#4824,.T.);
#3876=ORIENTED_EDGE('',*,*,#4827,.T.);
#3877=CARTESIAN_POINT('',(2.74999999555241,48.050000004449,31.5713691353731));
#3878=DIRECTION('',(-2.29905953580729E-12,4.0442926788062E-12,1.0));
#3879=DIRECTION('',(5.50314891967488E-12,1.0,-4.04429267879355E-12));
#3880=SURFACE_STYLE_FILL_AREA(#4855);
#3881=ORIENTED_EDGE('',*,*,#4734,.F.);
#3882=ORIENTED_EDGE('',*,*,#4130,.T.);
#3883=ORIENTED_EDGE('',*,*,#4192,.F.);
#3884=CARTESIAN_POINT('',(5.62908777724468,58.2500000052591,29.8500000028129));
#3885=DIRECTION('',(-1.0,2.66975781687627E-12,-2.77044229367308E-12));
#3886=DIRECTION('',(2.6697578168621E-12,1.0,5.11410358561517E-12));
#3887=SURFACE_STYLE_FILL_AREA(#4856);
#3888=ORIENTED_EDGE('',*,*,#4815,.F.);
#3889=ORIENTED_EDGE('',*,*,#4096,.T.);
#3890=ORIENTED_EDGE('',*,*,#4198,.F.);
#3891=CARTESIAN_POINT('',(5.62908777724571,48.0500000044187,29.8500000028183));
#3892=DIRECTION('',(-1.0,2.66975781687619E-12,-2.77044229367308E-12));
#3893=DIRECTION('',(2.66975781686202E-12,1.0,5.11721221008412E-12));
#3894=SURFACE_STYLE_FILL_AREA(#4857);
#3895=ORIENTED_EDGE('',*,*,#4858,.T.);
#3896=ORIENTED_EDGE('',*,*,#4859,.F.);
#3897=ORIENTED_EDGE('',*,*,#4860,.T.);
#3898=ORIENTED_EDGE('',*,*,#4084,.T.);
#3899=ORIENTED_EDGE('',*,*,#4861,.T.);
#3900=ORIENTED_EDGE('',*,*,#4862,.T.);
#3901=ORIENTED_EDGE('',*,*,#4863,.T.);
#3902=ORIENTED_EDGE('',*,*,#4864,.T.);
#3903=ORIENTED_EDGE('',*,*,#4865,.T.);
#3904=ORIENTED_EDGE('',*,*,#4091,.T.);
#3905=CARTESIAN_POINT('',(4.72037302811658,-4.4238847143985,34.7500000030925));
#3906=DIRECTION('',(-1.63803317169969E-12,5.6793320049613E-12,1.0));
#3907=DIRECTION('',(1.0,8.24713334487783E-10,1.63803316701587E-12));
#3908=SURFACE_STYLE_FILL_AREA(#4866);
#3909=ORIENTED_EDGE('',*,*,#4088,.T.);
#3910=ORIENTED_EDGE('',*,*,#4865,.F.);
#3911=ORIENTED_EDGE('',*,*,#4867,.T.);
#3912=ORIENTED_EDGE('',*,*,#4868,.F.);
#3913=CARTESIAN_POINT('',(2.65000000005878,42.7000000005766,35.2500000049797));
#3914=DIRECTION('',(-7.23953406581889E-13,-1.05304376332797E-11,-1.0));
#3915=DIRECTION('',(2.9463613285516E-11,1.0,-1.0530437633301E-11));
#3916=SURFACE_STYLE_FILL_AREA(#4869);
#3917=ORIENTED_EDGE('',*,*,#4867,.F.);
#3918=ORIENTED_EDGE('',*,*,#4864,.F.);
#3919=ORIENTED_EDGE('',*,*,#4870,.F.);
#3920=ORIENTED_EDGE('',*,*,#4871,.F.);
#3921=CARTESIAN_POINT('',(4.4500000000719,43.1000000005236,35.2500000049741));
#3922=DIRECTION('',(2.9463613285516E-11,1.0,-1.05304376296885E-11));
#3923=DIRECTION('',(-1.0,2.94636132872001E-11,1.59926444965642E-10));
#3924=SURFACE_STYLE_FILL_AREA(#4872);
#3925=ORIENTED_EDGE('',*,*,#4873,.F.);
#3926=ORIENTED_EDGE('',*,*,#4858,.F.);
#3927=ORIENTED_EDGE('',*,*,#4090,.T.);
#3928=ORIENTED_EDGE('',*,*,#4874,.F.);
#3929=CARTESIAN_POINT('',(4.4500000000719,43.1000000005236,35.2500000049741));
#3930=DIRECTION('',(2.9463613285516E-11,1.0,-1.05304376296885E-11));
#3931=DIRECTION('',(-1.0,2.94636132872001E-11,1.59926444965642E-10));
#3932=SURFACE_STYLE_FILL_AREA(#4875);
#3933=ORIENTED_EDGE('',*,*,#4860,.F.);
#3934=ORIENTED_EDGE('',*,*,#4876,.F.);
#3935=ORIENTED_EDGE('',*,*,#4877,.T.);
#3936=ORIENTED_EDGE('',*,*,#4085,.T.);
#3937=CARTESIAN_POINT('',(0.850000000074648,42.3000000006296,35.2500000049851));
#3938=DIRECTION('',(-2.9463613285516E-11,-1.0,1.05304376296885E-11));
#3939=DIRECTION('',(-1.02560508696865E-10,1.05304376327103E-11,1.0));
#3940=SURFACE_STYLE_FILL_AREA(#4878);
#3941=ORIENTED_EDGE('',*,*,#4083,.T.);
#3942=ORIENTED_EDGE('',*,*,#4879,.T.);
#3943=ORIENTED_EDGE('',*,*,#4880,.T.);
#3944=ORIENTED_EDGE('',*,*,#4861,.F.);
#3945=CARTESIAN_POINT('',(2.65000000006256,42.7000000005804,35.2500000050026));
#3946=DIRECTION('',(-7.23953406415199E-13,2.21959950390838E-12,-1.0));
#3947=DIRECTION('',(3.15628997887043E-11,1.0,2.21959950388553E-12));
#3948=SURFACE_STYLE_FILL_AREA(#4881);
#3949=ORIENTED_EDGE('',*,*,#4882,.F.);
#3950=ORIENTED_EDGE('',*,*,#4879,.F.);
#3951=ORIENTED_EDGE('',*,*,#4086,.F.);
#3952=ORIENTED_EDGE('',*,*,#4877,.F.);
#3953=ORIENTED_EDGE('',*,*,#4883,.T.);
#3954=ORIENTED_EDGE('',*,*,#4884,.T.);
#3955=ORIENTED_EDGE('',*,*,#4727,.T.);
#3956=ORIENTED_EDGE('',*,*,#4852,.F.);
#3957=ORIENTED_EDGE('',*,*,#4795,.T.);
#3958=ORIENTED_EDGE('',*,*,#4792,.T.);
#3959=ORIENTED_EDGE('',*,*,#4885,.T.);
#3960=CARTESIAN_POINT('',(2.6784891364902,40.3429453232698,35.1500000027654));
#3961=DIRECTION('',(-2.77044229368672E-12,5.29867816566156E-13,1.0));
#3962=DIRECTION('',(1.0,8.15490602273165E-10,2.77044229325462E-12));
#3963=SURFACE_STYLE_FILL_AREA(#4886);
#3964=ORIENTED_EDGE('',*,*,#4876,.T.);
#3965=ORIENTED_EDGE('',*,*,#4859,.T.);
#3966=ORIENTED_EDGE('',*,*,#4873,.T.);
#3967=ORIENTED_EDGE('',*,*,#4887,.F.);
#3968=ORIENTED_EDGE('',*,*,#4888,.T.);
#3969=ORIENTED_EDGE('',*,*,#4412,.T.);
#3970=ORIENTED_EDGE('',*,*,#4889,.F.);
#3971=ORIENTED_EDGE('',*,*,#4883,.F.);
#3972=CARTESIAN_POINT('',(0.749999995549961,42.2000000044662,35.1500000027818));
#3973=DIRECTION('',(1.0,-1.03395338306406E-11,2.51768585043753E-12));
#3974=DIRECTION('',(-1.05789601106615E-11,-0.991528820407232,0.129886867318613));
#3975=SURFACE_STYLE_FILL_AREA(#4890);
#3976=ORIENTED_EDGE('',*,*,#4891,.F.);
#3977=ORIENTED_EDGE('',*,*,#4892,.F.);
#3978=ORIENTED_EDGE('',*,*,#4887,.T.);
#3979=ORIENTED_EDGE('',*,*,#4874,.T.);
#3980=ORIENTED_EDGE('',*,*,#4089,.T.);
#3981=ORIENTED_EDGE('',*,*,#4868,.T.);
#3982=ORIENTED_EDGE('',*,*,#4871,.T.);
#3983=CARTESIAN_POINT('',(3.72316268304417,41.9839012461751,35.1500000027673));
#3984=DIRECTION('',(2.77044229368672E-12,-5.29867816566156E-13,-1.0));
#3985=DIRECTION('',(-1.0,9.48694740817783E-12,-2.77044229369175E-12));
#3986=SURFACE_STYLE_FILL_AREA(#4893);
#3987=ORIENTED_EDGE('',*,*,#4791,.F.);
#3988=ORIENTED_EDGE('',*,*,#4414,.T.);
#3989=ORIENTED_EDGE('',*,*,#4894,.T.);
#3990=ORIENTED_EDGE('',*,*,#4891,.T.);
#3991=ORIENTED_EDGE('',*,*,#4870,.T.);
#3992=ORIENTED_EDGE('',*,*,#4863,.F.);
#3993=ORIENTED_EDGE('',*,*,#4895,.T.);
#3994=ORIENTED_EDGE('',*,*,#4885,.F.);
#3995=CARTESIAN_POINT('',(4.54999999555531,42.7500000044349,29.4500000027545));
#3996=DIRECTION('',(-1.0,3.51763098229634E-12,-2.5935773395417E-12));
#3997=DIRECTION('',(-3.8074886620288E-12,-0.992546151629061,0.121869343505007));
#3998=SURFACE_STYLE_FILL_AREA(#4896);
#3999=ORIENTED_EDGE('',*,*,#4892,.T.);
#4000=ORIENTED_EDGE('',*,*,#4894,.F.);
#4001=ORIENTED_EDGE('',*,*,#4413,.F.);
#4002=ORIENTED_EDGE('',*,*,#4888,.F.);
#4003=CARTESIAN_POINT('',(5.14999999555952,44.5000000044045,27.750000002816));
#4004=DIRECTION('',(2.69556944390144E-12,1.0,-5.71961922212815E-12));
#4005=DIRECTION('',(-1.0,2.69556944356923E-12,-5.80817771147719E-11));
#4006=SURFACE_STYLE_FILL_AREA(#4897);
#4007=ORIENTED_EDGE('',*,*,#4882,.T.);
#4008=ORIENTED_EDGE('',*,*,#4895,.F.);
#4009=ORIENTED_EDGE('',*,*,#4862,.F.);
#4010=ORIENTED_EDGE('',*,*,#4880,.F.);
#4011=CARTESIAN_POINT('',(0.850000000074648,42.3000000006296,35.2500000049851));
#4012=DIRECTION('',(-2.9463613285516E-11,-1.0,1.05304376296885E-11));
#4013=DIRECTION('',(-1.02560508696865E-10,1.05304376327103E-11,1.0));
#4014=SURFACE_STYLE_FILL_AREA(#4898);
#4015=ORIENTED_EDGE('',*,*,#4411,.T.);
#4016=ORIENTED_EDGE('',*,*,#4728,.T.);
#4017=ORIENTED_EDGE('',*,*,#4884,.F.);
#4018=ORIENTED_EDGE('',*,*,#4889,.T.);
#4019=CARTESIAN_POINT('',(1.94999999559944,40.7000000044631,34.7500000028159));
#4020=DIRECTION('',(9.54734275442104E-12,1.0,-5.29867815027329E-13));
#4021=DIRECTION('',(-1.0,9.54734275441983E-12,-2.27856167166857E-12));
#4022=SURFACE_STYLE_FILL_AREA(#4899);
#4023=ORIENTED_EDGE('',*,*,#4548,.F.);
#4024=ORIENTED_EDGE('',*,*,#4545,.T.);
#4025=ORIENTED_EDGE('',*,*,#4553,.F.);
#4026=ORIENTED_EDGE('',*,*,#4900,.F.);
#4027=ORIENTED_EDGE('',*,*,#4537,.F.);
#4028=CARTESIAN_POINT('',(4.09999999747796,9.17500000001397,24.2000000052648));
#4029=DIRECTION('',(7.44794336851113E-11,-0.70710678118654,-0.707106781186555));
#4030=DIRECTION('',(-7.05655632672487E-11,-0.707106781186555,0.70710678118654));
#4031=SURFACE_STYLE_FILL_AREA(#4901);
#4032=ORIENTED_EDGE('',*,*,#4552,.F.);
#4033=ORIENTED_EDGE('',*,*,#4902,.F.);
#4034=ORIENTED_EDGE('',*,*,#4564,.F.);
#4035=ORIENTED_EDGE('',*,*,#4903,.F.);
#4036=ORIENTED_EDGE('',*,*,#4538,.F.);
#4037=ORIENTED_EDGE('',*,*,#4900,.T.);
#4038=CARTESIAN_POINT('',(4.09999998842861,9.67500000001394,23.7000000052649));
#4039=DIRECTION('',(1.02564796709143E-10,1.00475183728695E-14,-1.0));
#4040=DIRECTION('',(-1.0,-2.76625858950383E-12,-1.02564796709143E-10));
#4041=SURFACE_STYLE_FILL_AREA(#4904);
#4042=ORIENTED_EDGE('',*,*,#4572,.T.);
#4043=ORIENTED_EDGE('',*,*,#4557,.F.);
#4044=ORIENTED_EDGE('',*,*,#4520,.F.);
#4045=ORIENTED_EDGE('',*,*,#4567,.F.);
#4046=CARTESIAN_POINT('',(5.14999999996587,10.5250000000244,20.0500000004331));
#4047=DIRECTION('',(-2.94386111506317E-15,2.6159630301377E-14,1.0));
#4048=DIRECTION('',(1.0,8.38030068224818E-10,2.94386109314061E-15));
#4049=SURFACE_STYLE_FILL_AREA(#4905);
#4050=ORIENTED_EDGE('',*,*,#4558,.F.);
#4051=ORIENTED_EDGE('',*,*,#4571,.T.);
#4052=ORIENTED_EDGE('',*,*,#4560,.T.);
#4053=ORIENTED_EDGE('',*,*,#4906,.T.);
#4054=CARTESIAN_POINT('',(2.13371517525021,9.92637137062376,20.2162848251487));
#4055=DIRECTION('',(0.707106781186547,-1.55746991596673E-14,0.707106781186548));
#4056=DIRECTION('',(-2.76574501496056E-12,1.0,2.78777096574204E-12));
#4057=SURFACE_STYLE_FILL_AREA(#4907);
#4058=ORIENTED_EDGE('',*,*,#4551,.T.);
#4059=ORIENTED_EDGE('',*,*,#4906,.F.);
#4060=ORIENTED_EDGE('',*,*,#4565,.F.);
#4061=ORIENTED_EDGE('',*,*,#4902,.T.);
#4062=CARTESIAN_POINT('',(1.59999999996582,9.68697170260851,25.4695440388524));
#4063=DIRECTION('',(-1.0,4.85369561899254E-14,-2.94386111569648E-15));
#4064=DIRECTION('',(-4.85339354996386E-14,-0.992546151629061,0.121869343505007));
#4065=SURFACE_STYLE_FILL_AREA(#4908);
#4066=ORIENTED_EDGE('',*,*,#4569,.T.);
#4067=ORIENTED_EDGE('',*,*,#4909,.T.);
#4068=ORIENTED_EDGE('',*,*,#4562,.T.);
#4069=ORIENTED_EDGE('',*,*,#4573,.T.);
#4070=CARTESIAN_POINT('',(3.95723448623257,9.35134890686841,20.5072344867));
#4071=DIRECTION('',(-0.70710678118655,5.30825383648903E-14,0.707106781186545));
#4072=DIRECTION('',(0.12097429126104,-0.985256535988349,0.120974291261115));
#4073=SURFACE_STYLE_FILL_AREA(#4910);
#4074=ORIENTED_EDGE('',*,*,#4539,.F.);
#4075=ORIENTED_EDGE('',*,*,#4903,.T.);
#4076=ORIENTED_EDGE('',*,*,#4563,.T.);
#4077=ORIENTED_EDGE('',*,*,#4909,.F.);
#4078=CARTESIAN_POINT('',(4.19999999997188,3.53521923570101,19.0107439931));
#4079=DIRECTION('',(1.0,7.04973096490835E-16,2.9438611156577E-15));
#4080=DIRECTION('',(6.25377197040326E-16,-0.999636757453767,0.0269509396370376));
#4081=SURFACE_STYLE_FILL_AREA(#4911);
#4082=FILL_AREA_STYLE('',(#4912));
#4083=EDGE_CURVE('',#4913,#4914,#4915,.T.);
#4084=EDGE_CURVE('',#4916,#4913,#4917,.T.);
#4085=EDGE_CURVE('',#4918,#4916,#4919,.T.);
#4086=EDGE_CURVE('',#4918,#4914,#4920,.T.);
#4087=FILL_AREA_STYLE('',(#4921));
#4088=EDGE_CURVE('',#4922,#4923,#4924,.T.);
#4089=EDGE_CURVE('',#4925,#4922,#4926,.T.);
#4090=EDGE_CURVE('',#4927,#4925,#4928,.T.);
#4091=EDGE_CURVE('',#4923,#4927,#4929,.T.);
#4092=FILL_AREA_STYLE('',(#4930));
#4093=EDGE_CURVE('',#4931,#4932,#4933,.T.);
#4094=EDGE_CURVE('',#4931,#4934,#4935,.T.);
#4095=EDGE_CURVE('',#4934,#4936,#4937,.T.);
#4096=EDGE_CURVE('',#4938,#4936,#4939,.T.);
#4097=EDGE_CURVE('',#4940,#4938,#4941,.T.);
#4098=EDGE_CURVE('',#4940,#4932,#4942,.T.);
#4099=FILL_AREA_STYLE('',(#4943));
#4100=EDGE_CURVE('',#4944,#4945,#4946,.T.);
#4101=EDGE_CURVE('',#4944,#4947,#4948,.T.);
#4102=EDGE_CURVE('',#4947,#4949,#4950,.T.);
#4103=EDGE_CURVE('',#4949,#4951,#4952,.T.);
#4104=EDGE_CURVE('',#4945,#4951,#4953,.T.);
#4105=FILL_AREA_STYLE('',(#4954));
#4106=EDGE_CURVE('',#4945,#4955,#4956,.T.);
#4107=EDGE_CURVE('',#4957,#4951,#4958,.T.);
#4108=EDGE_CURVE('',#4957,#4959,#4960,.T.);
#4109=EDGE_CURVE('',#4959,#4955,#4961,.T.);
#4110=FILL_AREA_STYLE('',(#4962));
#4111=EDGE_CURVE('',#4963,#4964,#4965,.T.);
#4112=EDGE_CURVE('',#4966,#4963,#4967,.T.);
#4113=EDGE_CURVE('',#4966,#4968,#4969,.T.);
#4114=EDGE_CURVE('',#4968,#4964,#4970,.T.);
#4115=FILL_AREA_STYLE('',(#4971));
#4116=EDGE_CURVE('',#4972,#4973,#4974,.T.);
#4117=EDGE_CURVE('',#4975,#4972,#4976,.T.);
#4118=EDGE_CURVE('',#4977,#4975,#4978,.T.);
#4119=EDGE_CURVE('',#4973,#4977,#4979,.T.);
#4120=FILL_AREA_STYLE('',(#4980));
#4121=EDGE_CURVE('',#4981,#4982,#4983,.T.);
#4122=EDGE_CURVE('',#4981,#4984,#4985,.T.);
#4123=EDGE_CURVE('',#4984,#4986,#4987,.T.);
#4124=EDGE_CURVE('',#4986,#4988,#4989,.T.);
#4125=EDGE_CURVE('',#4982,#4988,#4990,.T.);
#4126=FILL_AREA_STYLE('',(#4991));
#4127=EDGE_CURVE('',#4992,#4993,#4994,.T.);
#4128=EDGE_CURVE('',#4992,#4995,#4996,.T.);
#4129=EDGE_CURVE('',#4995,#4997,#4998,.T.);
#4130=EDGE_CURVE('',#4999,#4997,#5000,.T.);
#4131=EDGE_CURVE('',#5001,#4999,#5002,.T.);
#4132=EDGE_CURVE('',#5001,#4993,#5003,.T.);
#4133=FILL_AREA_STYLE('',(#5004));
#4134=EDGE_CURVE('',#4982,#5005,#5006,.T.);
#4135=EDGE_CURVE('',#5007,#4988,#5008,.T.);
#4136=EDGE_CURVE('',#5007,#5009,#5010,.T.);
#4137=EDGE_CURVE('',#5009,#5005,#5011,.T.);
#4138=FILL_AREA_STYLE('',(#5012));
#4139=EDGE_CURVE('',#5013,#5014,#5015,.T.);
#4140=EDGE_CURVE('',#5013,#5016,#5017,.T.);
#4141=EDGE_CURVE('',#5018,#5016,#5019,.T.);
#4142=EDGE_CURVE('',#5014,#5018,#5020,.T.);
#4143=FILL_AREA_STYLE('',(#5021));
#4144=EDGE_CURVE('',#5022,#5023,#5024,.T.);
#4145=EDGE_CURVE('',#5025,#5022,#5026,.T.);
#4146=EDGE_CURVE('',#5025,#5027,#5028,.T.);
#4147=EDGE_CURVE('',#5027,#5023,#5029,.T.);
#4148=FILL_AREA_STYLE('',(#5030));
#4149=EDGE_CURVE('',#5031,#5032,#5033,.T.);
#4150=EDGE_CURVE('',#5031,#5034,#5035,.T.);
#4151=EDGE_CURVE('',#5036,#5034,#5037,.T.);
#4152=EDGE_CURVE('',#5038,#5036,#5039,.T.);
#4153=EDGE_CURVE('',#5040,#5038,#5041,.T.);
#4154=EDGE_CURVE('',#5042,#5040,#5043,.T.);
#4155=EDGE_CURVE('',#5042,#5044,#5045,.T.);
#4156=EDGE_CURVE('',#5032,#5044,#5046,.T.);
#4157=FILL_AREA_STYLE('',(#5047));
#4158=EDGE_CURVE('',#5048,#5049,#5050,.T.);
#4159=EDGE_CURVE('',#5048,#5051,#5052,.T.);
#4160=EDGE_CURVE('',#5053,#5051,#5054,.T.);
#4161=EDGE_CURVE('',#5053,#5055,#5056,.T.);
#4162=EDGE_CURVE('',#5057,#5055,#5058,.T.);
#4163=EDGE_CURVE('',#5049,#5057,#5059,.T.);
#4164=FILL_AREA_STYLE('',(#5060));
#4165=EDGE_CURVE('',#5061,#5062,#5063,.T.);
#4166=EDGE_CURVE('',#5061,#5064,#5065,.T.);
#4167=EDGE_CURVE('',#5066,#5064,#5067,.T.);
#4168=EDGE_CURVE('',#5062,#5066,#5068,.T.);
#4169=FILL_AREA_STYLE('',(#5069));
#4170=EDGE_CURVE('',#5070,#5071,#5072,.T.);
#4171=EDGE_CURVE('',#5070,#5073,#5074,.T.);
#4172=EDGE_CURVE('',#5075,#5073,#5076,.T.);
#4173=EDGE_CURVE('',#5071,#5075,#5077,.T.);
#4174=FILL_AREA_STYLE('',(#5078));
#4175=EDGE_CURVE('',#5079,#5080,#5081,.T.);
#4176=EDGE_CURVE('',#5079,#5082,#5083,.T.);
#4177=EDGE_CURVE('',#5082,#5084,#5085,.T.);
#4178=EDGE_CURVE('',#5080,#5084,#5086,.T.);
#4179=FILL_AREA_STYLE('',(#5087));
#4180=EDGE_CURVE('',#5088,#5089,#5090,.T.);
#4181=EDGE_CURVE('',#5088,#5091,#5092,.T.);
#4182=EDGE_CURVE('',#5093,#5091,#5094,.T.);
#4183=EDGE_CURVE('',#5089,#5093,#5095,.T.);
#4184=FILL_AREA_STYLE('',(#5096));
#4185=EDGE_CURVE('',#5097,#5098,#5099,.T.);
#4186=EDGE_CURVE('',#5100,#5098,#5101,.T.);
#4187=EDGE_CURVE('',#5102,#5100,#5103,.T.);
#4188=EDGE_CURVE('',#5102,#5097,#5104,.T.);
#4189=FILL_AREA_STYLE('',(#5105));
#4190=EDGE_CURVE('',#5106,#5107,#5108,.T.);
#4191=EDGE_CURVE('',#5109,#5106,#5110,.T.);
#4192=EDGE_CURVE('',#5109,#4997,#5111,.T.);
#4193=EDGE_CURVE('',#4988,#4997,#5112,.T.);
#4194=EDGE_CURVE('',#5113,#4988,#5114,.T.);
#4195=EDGE_CURVE('',#5113,#5115,#5116,.T.);
#4196=EDGE_CURVE('',#5117,#5115,#5118,.T.);
#4197=EDGE_CURVE('',#5119,#5117,#5120,.T.);
#4198=EDGE_CURVE('',#5119,#4936,#5121,.T.);
#4199=EDGE_CURVE('',#4951,#4936,#5122,.T.);
#4200=EDGE_CURVE('',#5123,#4951,#5124,.T.);
#4201=EDGE_CURVE('',#5123,#5125,#5126,.T.);
#4202=EDGE_CURVE('',#5127,#5125,#5128,.T.);
#4203=EDGE_CURVE('',#5127,#5129,#5130,.T.);
#4204=EDGE_CURVE('',#5131,#5129,#5132,.T.);
#4205=EDGE_CURVE('',#5133,#5131,#5134,.T.);
#4206=EDGE_CURVE('',#5135,#5133,#5136,.T.);
#4207=EDGE_CURVE('',#5135,#5137,#5138,.T.);
#4208=EDGE_CURVE('',#5139,#5137,#5140,.T.);
#4209=EDGE_CURVE('',#5141,#5139,#5142,.T.);
#4210=EDGE_CURVE('',#5143,#5141,#5144,.T.);
#4211=EDGE_CURVE('',#5145,#5143,#5146,.T.);
#4212=EDGE_CURVE('',#5147,#5145,#5148,.T.);
#4213=EDGE_CURVE('',#5147,#5080,#5149,.T.);
#4214=EDGE_CURVE('',#5150,#5084,#5151,.T.);
#4215=EDGE_CURVE('',#5152,#5150,#5153,.T.);
#4216=EDGE_CURVE('',#5154,#5152,#5155,.T.);
#4217=EDGE_CURVE('',#5156,#5154,#5157,.T.);
#4218=EDGE_CURVE('',#5158,#5156,#5159,.T.);
#4219=EDGE_CURVE('',#5158,#5160,#5161,.T.);
#4220=EDGE_CURVE('',#5162,#5160,#5163,.T.);
#4221=EDGE_CURVE('',#5164,#5162,#5165,.T.);
#4222=EDGE_CURVE('',#5166,#5164,#5167,.T.);
#4223=EDGE_CURVE('',#5168,#5166,#5169,.T.);
#4224=EDGE_CURVE('',#5168,#5170,#5171,.T.);
#4225=EDGE_CURVE('',#5172,#5170,#5173,.T.);
#4226=EDGE_CURVE('',#5174,#5172,#5175,.T.);
#4227=EDGE_CURVE('',#5176,#5174,#5177,.T.);
#4228=EDGE_CURVE('',#5178,#5176,#5179,.T.);
#4229=EDGE_CURVE('',#5180,#5178,#5181,.T.);
#4230=EDGE_CURVE('',#5182,#5180,#5183,.T.);
#4231=EDGE_CURVE('',#5184,#5182,#5185,.T.);
#4232=EDGE_CURVE('',#5186,#5184,#5187,.T.);
#4233=EDGE_CURVE('',#5188,#5186,#5189,.T.);
#4234=EDGE_CURVE('',#5190,#5188,#5191,.T.);
#4235=EDGE_CURVE('',#5192,#5190,#5193,.T.);
#4236=EDGE_CURVE('',#5192,#5194,#5195,.T.);
#4237=EDGE_CURVE('',#5194,#5196,#5197,.T.);
#4238=EDGE_CURVE('',#5196,#5198,#5199,.T.);
#4239=EDGE_CURVE('',#5198,#5200,#5201,.T.);
#4240=EDGE_CURVE('',#5200,#5073,#5202,.T.);
#4241=EDGE_CURVE('',#5203,#5070,#5204,.T.);
#4242=EDGE_CURVE('',#5205,#5203,#5206,.T.);
#4243=EDGE_CURVE('',#5205,#5207,#5208,.T.);
#4244=EDGE_CURVE('',#5209,#5207,#5210,.T.);
#4245=EDGE_CURVE('',#5211,#5209,#5212,.T.);
#4246=EDGE_CURVE('',#5211,#5213,#5214,.T.);
#4247=EDGE_CURVE('',#5215,#5213,#5216,.T.);
#4248=EDGE_CURVE('',#5215,#5049,#5217,.T.);
#4249=EDGE_CURVE('',#5218,#5057,#5219,.T.);
#4250=EDGE_CURVE('',#5218,#5220,#5221,.T.);
#4251=EDGE_CURVE('',#5220,#5222,#5223,.T.);
#4252=EDGE_CURVE('',#5222,#5224,#5225,.T.);
#4253=EDGE_CURVE('',#5224,#5226,#5227,.T.);
#4254=EDGE_CURVE('',#5228,#5226,#5229,.T.);
#4255=EDGE_CURVE('',#5230,#5228,#5231,.T.);
#4256=EDGE_CURVE('',#5016,#5230,#5232,.T.);
#4257=EDGE_CURVE('',#5233,#5013,#5234,.T.);
#4258=EDGE_CURVE('',#5233,#5235,#5236,.T.);
#4259=EDGE_CURVE('',#5237,#5235,#5238,.T.);
#4260=EDGE_CURVE('',#5239,#5237,#5240,.T.);
#4261=EDGE_CURVE('',#5097,#5239,#5241,.T.);
#4262=EDGE_CURVE('',#5242,#5102,#5243,.T.);
#4263=EDGE_CURVE('',#5244,#5242,#5245,.T.);
#4264=EDGE_CURVE('',#5246,#5244,#5247,.T.);
#4265=EDGE_CURVE('',#5091,#5246,#5248,.T.);
#4266=EDGE_CURVE('',#5249,#5088,#5250,.T.);
#4267=EDGE_CURVE('',#5251,#5249,#5252,.T.);
#4268=EDGE_CURVE('',#5253,#5251,#5254,.T.);
#4269=EDGE_CURVE('',#5255,#5253,#5256,.T.);
#4270=EDGE_CURVE('',#5257,#5255,#5258,.T.);
#4271=EDGE_CURVE('',#5259,#5257,#5260,.T.);
#4272=EDGE_CURVE('',#5261,#5259,#5262,.T.);
#4273=EDGE_CURVE('',#5263,#5261,#5264,.T.);
#4274=EDGE_CURVE('',#5265,#5263,#5266,.T.);
#4275=EDGE_CURVE('',#5107,#5265,#5267,.T.);
#4276=FILL_AREA_STYLE('',(#5268));
#4277=EDGE_CURVE('',#5269,#5270,#5271,.T.);
#4278=EDGE_CURVE('',#5272,#5270,#5273,.T.);
#4279=EDGE_CURVE('',#5272,#5014,#5274,.T.);
#4280=EDGE_CURVE('',#5018,#5275,#5276,.T.);
#4281=EDGE_CURVE('',#5275,#5277,#5278,.T.);
#4282=EDGE_CURVE('',#5277,#5279,#5280,.T.);
#4283=EDGE_CURVE('',#5281,#5279,#5282,.T.);
#4284=EDGE_CURVE('',#5283,#5281,#5284,.T.);
#4285=EDGE_CURVE('',#5285,#5283,#5286,.T.);
#4286=EDGE_CURVE('',#5287,#5285,#5288,.T.);
#4287=EDGE_CURVE('',#5287,#5055,#5289,.T.);
#4288=EDGE_CURVE('',#5053,#5290,#5291,.T.);
#4289=EDGE_CURVE('',#5292,#5290,#5293,.T.);
#4290=EDGE_CURVE('',#5292,#5294,#5295,.T.);
#4291=EDGE_CURVE('',#5296,#5294,#5297,.T.);
#4292=EDGE_CURVE('',#5298,#5296,#5299,.T.);
#4293=EDGE_CURVE('',#5298,#5062,#5300,.T.);
#4294=EDGE_CURVE('',#5066,#5301,#5302,.T.);
#4295=EDGE_CURVE('',#5303,#5301,#5304,.T.);
#4296=EDGE_CURVE('',#5305,#5303,#5306,.T.);
#4297=EDGE_CURVE('',#5307,#5305,#5308,.T.);
#4298=EDGE_CURVE('',#5307,#5309,#5310,.T.);
#4299=EDGE_CURVE('',#5311,#5309,#5312,.T.);
#4300=EDGE_CURVE('',#5313,#5311,#5314,.T.);
#4301=EDGE_CURVE('',#5313,#5315,#5316,.T.);
#4302=EDGE_CURVE('',#5317,#5315,#5318,.T.);
#4303=EDGE_CURVE('',#5317,#5319,#5320,.T.);
#4304=EDGE_CURVE('',#5319,#5321,#5322,.T.);
#4305=EDGE_CURVE('',#5323,#5321,#5324,.T.);
#4306=EDGE_CURVE('',#5325,#5323,#5326,.T.);
#4307=EDGE_CURVE('',#5325,#5327,#5328,.T.);
#4308=EDGE_CURVE('',#5329,#5327,#5330,.T.);
#4309=EDGE_CURVE('',#5331,#5329,#5332,.T.);
#4310=EDGE_CURVE('',#5333,#5331,#5334,.T.);
#4311=EDGE_CURVE('',#5335,#5333,#5336,.T.);
#4312=EDGE_CURVE('',#5335,#5337,#5338,.T.);
#4313=EDGE_CURVE('',#5337,#5339,#5340,.T.);
#4314=EDGE_CURVE('',#5339,#5341,#5342,.T.);
#4315=EDGE_CURVE('',#5341,#5343,#5344,.T.);
#4316=EDGE_CURVE('',#5343,#5345,#5346,.T.);
#4317=EDGE_CURVE('',#5345,#5082,#5347,.T.);
#4318=EDGE_CURVE('',#5348,#5079,#5349,.T.);
#4319=EDGE_CURVE('',#5348,#5350,#5351,.T.);
#4320=EDGE_CURVE('',#5350,#5352,#5353,.T.);
#4321=EDGE_CURVE('',#5352,#5354,#5355,.T.);
#4322=EDGE_CURVE('',#5354,#5356,#5357,.T.);
#4323=EDGE_CURVE('',#5356,#5358,#5359,.T.);
#4324=EDGE_CURVE('',#5360,#5358,#5361,.T.);
#4325=EDGE_CURVE('',#5360,#5362,#5363,.T.);
#4326=EDGE_CURVE('',#5362,#5364,#5365,.T.);
#4327=EDGE_CURVE('',#5364,#5366,#5367,.T.);
#4328=EDGE_CURVE('',#5368,#5366,#5369,.T.);
#4329=EDGE_CURVE('',#5368,#5370,#5371,.T.);
#4330=EDGE_CURVE('',#5370,#5372,#5373,.T.);
#4331=EDGE_CURVE('',#5372,#5374,#5375,.T.);
#4332=EDGE_CURVE('',#5374,#5376,#5377,.T.);
#4333=EDGE_CURVE('',#5376,#5378,#5379,.T.);
#4334=EDGE_CURVE('',#5378,#5380,#5381,.T.);
#4335=EDGE_CURVE('',#5380,#5382,#5383,.T.);
#4336=EDGE_CURVE('',#5382,#5384,#5385,.T.);
#4337=EDGE_CURVE('',#5384,#5386,#5387,.T.);
#4338=EDGE_CURVE('',#5386,#5388,#5389,.T.);
#4339=EDGE_CURVE('',#5388,#5390,#5391,.T.);
#4340=EDGE_CURVE('',#5390,#5392,#5393,.T.);
#4341=EDGE_CURVE('',#5392,#5089,#5394,.T.);
#4342=EDGE_CURVE('',#5093,#5395,#5396,.T.);
#4343=EDGE_CURVE('',#5397,#5395,#5398,.T.);
#4344=EDGE_CURVE('',#5397,#5399,#5400,.T.);
#4345=EDGE_CURVE('',#5399,#5100,#5401,.T.);
#4346=EDGE_CURVE('',#5098,#5402,#5403,.T.);
#4347=EDGE_CURVE('',#5402,#5269,#5404,.T.);
#4348=FILL_AREA_STYLE('',(#5405));
#4349=EDGE_CURVE('',#5242,#5399,#5406,.T.);
#4350=FILL_AREA_STYLE('',(#5407));
#4351=EDGE_CURVE('',#5270,#5235,#5408,.T.);
#4352=EDGE_CURVE('',#5269,#5237,#5409,.T.);
#4353=FILL_AREA_STYLE('',(#5410));
#4354=EDGE_CURVE('',#5272,#5233,#5411,.T.);
#4355=FILL_AREA_STYLE('',(#5412));
#4356=EDGE_CURVE('',#5397,#5244,#5413,.T.);
#4357=FILL_AREA_STYLE('',(#5414));
#4358=EDGE_CURVE('',#5415,#5416,#5417,.T.);
#4359=EDGE_CURVE('',#5415,#5339,#5418,.T.);
#4360=EDGE_CURVE('',#5154,#5337,#5419,.T.);
#4361=EDGE_CURVE('',#5416,#5152,#5420,.T.);
#4362=FILL_AREA_STYLE('',(#5421));
#4363=EDGE_CURVE('',#5156,#5335,#5422,.T.);
#4364=EDGE_CURVE('',#5333,#5423,#5424,.T.);
#4365=EDGE_CURVE('',#5423,#5425,#5426,.T.);
#4366=EDGE_CURVE('',#5427,#5425,#5428,.T.);
#4367=EDGE_CURVE('',#5429,#5427,#5430,.T.);
#4368=EDGE_CURVE('',#5429,#5158,#5431,.T.);
#4369=FILL_AREA_STYLE('',(#5432));
#4370=FILL_AREA_STYLE('',(#5433));
#4371=EDGE_CURVE('',#5150,#5345,#5434,.T.);
#4372=EDGE_CURVE('',#5435,#5343,#5436,.T.);
#4373=EDGE_CURVE('',#5416,#5435,#5437,.T.);
#4374=FILL_AREA_STYLE('',(#5438));
#4375=FILL_AREA_STYLE('',(#5439));
#4376=EDGE_CURVE('',#5143,#5352,#5440,.T.);
#4377=EDGE_CURVE('',#5350,#5145,#5441,.T.);
#4378=FILL_AREA_STYLE('',(#5442));
#4379=EDGE_CURVE('',#5133,#5362,#5443,.T.);
#4380=EDGE_CURVE('',#5360,#5135,#5444,.T.);
#4381=FILL_AREA_STYLE('',(#5445));
#4382=EDGE_CURVE('',#5129,#5366,#5446,.T.);
#4383=EDGE_CURVE('',#5131,#5364,#5447,.T.);
#4384=FILL_AREA_STYLE('',(#5448));
#4385=EDGE_CURVE('',#5374,#5107,#5449,.T.);
#4386=EDGE_CURVE('',#5372,#5450,#5451,.T.);
#4387=EDGE_CURVE('',#5450,#5452,#5453,.T.);
#4388=EDGE_CURVE('',#5452,#5127,#5454,.T.);
#4389=EDGE_CURVE('',#5125,#4947,#5455,.T.);
#4390=EDGE_CURVE('',#5456,#4944,#5457,.T.);
#4391=EDGE_CURVE('',#5456,#5458,#5459,.T.);
#4392=EDGE_CURVE('',#4932,#5458,#5460,.T.);
#4393=EDGE_CURVE('',#5117,#4940,#5461,.T.);
#4394=EDGE_CURVE('',#5115,#4984,#5462,.T.);
#4395=EDGE_CURVE('',#5463,#4981,#5464,.T.);
#4396=EDGE_CURVE('',#5463,#5465,#5466,.T.);
#4397=EDGE_CURVE('',#4993,#5465,#5467,.T.);
#4398=EDGE_CURVE('',#5001,#5106,#5468,.T.);
#4399=EDGE_CURVE('',#5469,#5470,#5471,.T.);
#4400=EDGE_CURVE('',#5469,#5472,#5473,.T.);
#4401=EDGE_CURVE('',#5474,#5472,#5475,.T.);
#4402=EDGE_CURVE('',#5476,#5474,#5477,.T.);
#4403=EDGE_CURVE('',#5478,#5476,#5479,.T.);
#4404=EDGE_CURVE('',#5478,#5480,#5481,.T.);
#4405=EDGE_CURVE('',#5482,#5480,#5483,.T.);
#4406=EDGE_CURVE('',#5470,#5482,#5484,.T.);
#4407=EDGE_CURVE('',#5485,#5486,#5487,.T.);
#4408=EDGE_CURVE('',#5488,#5485,#5489,.T.);
#4409=EDGE_CURVE('',#5488,#5490,#5491,.T.);
#4410=EDGE_CURVE('',#5492,#5490,#5493,.T.);
#4411=EDGE_CURVE('',#5494,#5492,#5495,.T.);
#4412=EDGE_CURVE('',#5496,#5494,#5497,.T.);
#4413=EDGE_CURVE('',#5496,#5498,#5499,.T.);
#4414=EDGE_CURVE('',#5486,#5498,#5500,.T.);
#4415=FILL_AREA_STYLE('',(#5501));
#4416=EDGE_CURVE('',#5376,#5265,#5502,.T.);
#4417=FILL_AREA_STYLE('',(#5503));
#4418=EDGE_CURVE('',#5261,#5380,#5504,.T.);
#4419=EDGE_CURVE('',#5378,#5263,#5505,.T.);
#4420=FILL_AREA_STYLE('',(#5506));
#4421=EDGE_CURVE('',#5257,#5384,#5507,.T.);
#4422=EDGE_CURVE('',#5259,#5382,#5508,.T.);
#4423=FILL_AREA_STYLE('',(#5509));
#4424=EDGE_CURVE('',#5390,#5251,#5510,.T.);
#4425=EDGE_CURVE('',#5388,#5253,#5511,.T.);
#4426=FILL_AREA_STYLE('',(#5512));
#4427=EDGE_CURVE('',#5392,#5249,#5513,.T.);
#4428=FILL_AREA_STYLE('',(#5514));
#4429=EDGE_CURVE('',#5395,#5246,#5515,.T.);
#4430=FILL_AREA_STYLE('',(#5516));
#4431=FILL_AREA_STYLE('',(#5517));
#4432=EDGE_CURVE('',#5255,#5386,#5518,.T.);
#4433=FILL_AREA_STYLE('',(#5519));
#4434=FILL_AREA_STYLE('',(#5520));
#4435=FILL_AREA_STYLE('',(#5521));
#4436=FILL_AREA_STYLE('',(#5522));
#4437=EDGE_CURVE('',#5523,#5452,#5524,.T.);
#4438=EDGE_CURVE('',#5368,#5523,#5525,.T.);
#4439=FILL_AREA_STYLE('',(#5526));
#4440=FILL_AREA_STYLE('',(#5527));
#4441=EDGE_CURVE('',#5137,#5358,#5528,.T.);
#4442=FILL_AREA_STYLE('',(#5529));
#4443=EDGE_CURVE('',#5139,#5356,#5530,.T.);
#4444=FILL_AREA_STYLE('',(#5531));
#4445=EDGE_CURVE('',#5141,#5354,#5532,.T.);
#4446=FILL_AREA_STYLE('',(#5533));
#4447=FILL_AREA_STYLE('',(#5534));
#4448=EDGE_CURVE('',#5147,#5348,#5535,.T.);
#4449=FILL_AREA_STYLE('',(#5536));
#4450=FILL_AREA_STYLE('',(#5537));
#4451=EDGE_CURVE('',#5538,#5429,#5539,.T.);
#4452=EDGE_CURVE('',#5427,#5540,#5541,.T.);
#4453=EDGE_CURVE('',#5538,#5540,#5542,.T.);
#4454=FILL_AREA_STYLE('',(#5543));
#4455=EDGE_CURVE('',#5544,#5538,#5545,.T.);
#4456=EDGE_CURVE('',#5540,#5546,#5547,.T.);
#4457=EDGE_CURVE('',#5544,#5546,#5548,.T.);
#4458=FILL_AREA_STYLE('',(#5549));
#4459=EDGE_CURVE('',#5546,#5425,#5550,.T.);
#4460=FILL_AREA_STYLE('',(#5551));
#4461=EDGE_CURVE('',#5423,#5544,#5552,.T.);
#4462=FILL_AREA_STYLE('',(#5553));
#4463=EDGE_CURVE('',#5554,#5331,#5555,.T.);
#4464=EDGE_CURVE('',#5556,#5554,#5557,.T.);
#4465=EDGE_CURVE('',#5558,#5556,#5559,.T.);
#4466=EDGE_CURVE('',#5560,#5558,#5561,.T.);
#4467=EDGE_CURVE('',#5160,#5560,#5562,.T.);
#4468=FILL_AREA_STYLE('',(#5563));
#4469=EDGE_CURVE('',#5327,#5164,#5564,.T.);
#4470=EDGE_CURVE('',#5166,#5325,#5565,.T.);
#4471=FILL_AREA_STYLE('',(#5566));
#4472=EDGE_CURVE('',#5323,#5168,#5567,.T.);
#4473=FILL_AREA_STYLE('',(#5568));
#4474=EDGE_CURVE('',#5303,#5188,#5569,.T.);
#4475=EDGE_CURVE('',#5301,#5190,#5570,.T.);
#4476=FILL_AREA_STYLE('',(#5571));
#4477=EDGE_CURVE('',#5182,#5309,#5572,.T.);
#4478=EDGE_CURVE('',#5184,#5307,#5573,.T.);
#4479=FILL_AREA_STYLE('',(#5574));
#4480=EDGE_CURVE('',#5315,#5176,#5575,.T.);
#4481=EDGE_CURVE('',#5313,#5178,#5576,.T.);
#4482=FILL_AREA_STYLE('',(#5577));
#4483=EDGE_CURVE('',#5172,#5319,#5578,.T.);
#4484=EDGE_CURVE('',#5317,#5174,#5579,.T.);
#4485=FILL_AREA_STYLE('',(#5580));
#4486=EDGE_CURVE('',#5321,#5170,#5581,.T.);
#4487=FILL_AREA_STYLE('',(#5582));
#4488=FILL_AREA_STYLE('',(#5583));
#4489=EDGE_CURVE('',#5180,#5311,#5584,.T.);
#4490=FILL_AREA_STYLE('',(#5585));
#4491=FILL_AREA_STYLE('',(#5586));
#4492=EDGE_CURVE('',#5186,#5305,#5587,.T.);
#4493=FILL_AREA_STYLE('',(#5588));
#4494=FILL_AREA_STYLE('',(#5589));
#4495=EDGE_CURVE('',#5590,#5064,#5591,.T.);
#4496=EDGE_CURVE('',#5592,#5590,#5593,.T.);
#4497=EDGE_CURVE('',#5594,#5592,#5595,.T.);
#4498=EDGE_CURVE('',#5192,#5594,#5596,.T.);
#4499=FILL_AREA_STYLE('',(#5597));
#4500=EDGE_CURVE('',#5598,#5071,#5599,.T.);
#4501=EDGE_CURVE('',#5600,#5598,#5601,.T.);
#4502=EDGE_CURVE('',#5600,#5061,#5602,.T.);
#4503=EDGE_CURVE('',#5298,#5203,#5603,.T.);
#4504=FILL_AREA_STYLE('',(#5604));
#4505=EDGE_CURVE('',#5200,#5605,#5606,.T.);
#4506=EDGE_CURVE('',#5075,#5605,#5607,.T.);
#4507=FILL_AREA_STYLE('',(#5608));
#4508=EDGE_CURVE('',#5609,#5610,#5611,.T.);
#4509=EDGE_CURVE('',#5609,#5598,#5612,.T.);
#4510=EDGE_CURVE('',#5613,#5605,#5614,.T.);
#4511=EDGE_CURVE('',#5613,#5615,#5616,.T.);
#4512=EDGE_CURVE('',#5617,#5615,#5618,.T.);
#4513=EDGE_CURVE('',#5617,#5594,#5619,.T.);
#4514=EDGE_CURVE('',#5620,#5592,#5621,.T.);
#4515=EDGE_CURVE('',#5622,#5620,#5623,.T.);
#4516=EDGE_CURVE('',#5622,#5610,#5624,.T.);
#4517=FILL_AREA_STYLE('',(#5625));
#4518=EDGE_CURVE('',#5600,#5626,#5627,.T.);
#4519=EDGE_CURVE('',#5628,#5609,#5629,.T.);
#4520=EDGE_CURVE('',#5628,#5630,#5631,.T.);
#4521=EDGE_CURVE('',#5626,#5630,#5632,.T.);
#4522=FILL_AREA_STYLE('',(#5633));
#4523=EDGE_CURVE('',#5634,#5626,#5635,.T.);
#4524=EDGE_CURVE('',#5636,#5634,#5637,.T.);
#4525=EDGE_CURVE('',#5638,#5636,#5639,.T.);
#4526=EDGE_CURVE('',#5590,#5638,#5640,.T.);
#4527=FILL_AREA_STYLE('',(#5641));
#4528=EDGE_CURVE('',#5638,#5620,#5642,.T.);
#4529=EDGE_CURVE('',#5636,#5643,#5644,.T.);
#4530=EDGE_CURVE('',#5643,#5645,#5646,.T.);
#4531=EDGE_CURVE('',#5645,#5622,#5647,.T.);
#4532=FILL_AREA_STYLE('',(#5648));
#4533=EDGE_CURVE('',#5649,#5645,#5650,.T.);
#4534=EDGE_CURVE('',#5649,#5651,#5652,.T.);
#4535=EDGE_CURVE('',#5651,#5610,#5653,.T.);
#4536=FILL_AREA_STYLE('',(#5654));
#4537=EDGE_CURVE('',#5655,#5656,#5657,.T.);
#4538=EDGE_CURVE('',#5656,#5658,#5659,.T.);
#4539=EDGE_CURVE('',#5658,#5660,#5661,.T.);
#4540=EDGE_CURVE('',#5651,#5660,#5662,.T.);
#4541=EDGE_CURVE('',#5649,#5655,#5663,.T.);
#4542=FILL_AREA_STYLE('',(#5664));
#4543=EDGE_CURVE('',#5665,#5634,#5666,.T.);
#4544=EDGE_CURVE('',#5667,#5665,#5668,.T.);
#4545=EDGE_CURVE('',#5669,#5667,#5670,.T.);
#4546=EDGE_CURVE('',#5643,#5669,#5671,.T.);
#4547=FILL_AREA_STYLE('',(#5672));
#4548=EDGE_CURVE('',#5669,#5655,#5673,.T.);
#4549=FILL_AREA_STYLE('',(#5674));
#4550=EDGE_CURVE('',#5675,#5665,#5676,.T.);
#4551=EDGE_CURVE('',#5677,#5675,#5678,.T.);
#4552=EDGE_CURVE('',#5677,#5679,#5680,.T.);
#4553=EDGE_CURVE('',#5679,#5667,#5681,.T.);
#4554=FILL_AREA_STYLE('',(#5682));
#4555=EDGE_CURVE('',#5630,#5665,#5683,.T.);
#4556=FILL_AREA_STYLE('',(#5684));
#4557=EDGE_CURVE('',#5630,#5685,#5686,.T.);
#4558=EDGE_CURVE('',#5685,#5675,#5687,.T.);
#4559=FILL_AREA_STYLE('',(#5688));
#4560=EDGE_CURVE('',#5689,#5690,#5691,.T.);
#4561=EDGE_CURVE('',#5692,#5689,#5693,.T.);
#4562=EDGE_CURVE('',#5694,#5692,#5695,.T.);
#4563=EDGE_CURVE('',#5696,#5694,#5697,.T.);
#4564=EDGE_CURVE('',#5696,#5698,#5699,.T.);
#4565=EDGE_CURVE('',#5698,#5690,#5700,.T.);
#4566=FILL_AREA_STYLE('',(#5701));
#4567=EDGE_CURVE('',#5702,#5628,#5703,.T.);
#4568=EDGE_CURVE('',#5651,#5628,#5704,.T.);
#4569=EDGE_CURVE('',#5702,#5660,#5705,.T.);
#4570=FILL_AREA_STYLE('',(#5706));
#4571=EDGE_CURVE('',#5685,#5689,#5707,.T.);
#4572=EDGE_CURVE('',#5702,#5685,#5708,.T.);
#4573=EDGE_CURVE('',#5692,#5702,#5709,.T.);
#4574=FILL_AREA_STYLE('',(#5710));
#4575=FILL_AREA_STYLE('',(#5711));
#4576=FILL_AREA_STYLE('',(#5712));
#4577=EDGE_CURVE('',#5194,#5617,#5713,.T.);
#4578=FILL_AREA_STYLE('',(#5714));
#4579=EDGE_CURVE('',#5196,#5615,#5715,.T.);
#4580=FILL_AREA_STYLE('',(#5716));
#4581=EDGE_CURVE('',#5198,#5613,#5717,.T.);
#4582=FILL_AREA_STYLE('',(#5718));
#4583=FILL_AREA_STYLE('',(#5719));
#4584=EDGE_CURVE('',#5296,#5205,#5720,.T.);
#4585=FILL_AREA_STYLE('',(#5721));
#4586=EDGE_CURVE('',#5277,#5228,#5722,.T.);
#4587=EDGE_CURVE('',#5275,#5230,#5723,.T.);
#4588=FILL_AREA_STYLE('',(#5724));
#4589=EDGE_CURVE('',#5283,#5222,#5725,.T.);
#4590=EDGE_CURVE('',#5281,#5224,#5726,.T.);
#4591=FILL_AREA_STYLE('',(#5727));
#4592=EDGE_CURVE('',#5287,#5218,#5728,.T.);
#4593=EDGE_CURVE('',#5285,#5220,#5729,.T.);
#4594=FILL_AREA_STYLE('',(#5730));
#4595=EDGE_CURVE('',#5731,#5215,#5732,.T.);
#4596=EDGE_CURVE('',#5731,#5048,#5733,.T.);
#4597=FILL_AREA_STYLE('',(#5734));
#4598=FILL_AREA_STYLE('',(#5735));
#4599=EDGE_CURVE('',#5736,#5051,#5737,.T.);
#4600=EDGE_CURVE('',#5736,#5290,#5738,.T.);
#4601=FILL_AREA_STYLE('',(#5739));
#4602=EDGE_CURVE('',#5740,#5731,#5741,.T.);
#4603=EDGE_CURVE('',#5213,#5740,#5742,.T.);
#4604=FILL_AREA_STYLE('',(#5743));
#4605=EDGE_CURVE('',#5744,#5740,#5745,.T.);
#4606=EDGE_CURVE('',#5211,#5744,#5746,.T.);
#4607=FILL_AREA_STYLE('',(#5747));
#4608=EDGE_CURVE('',#5209,#5292,#5748,.T.);
#4609=EDGE_CURVE('',#5736,#5744,#5749,.T.);
#4610=FILL_AREA_STYLE('',(#5750));
#4611=EDGE_CURVE('',#5207,#5294,#5751,.T.);
#4612=FILL_AREA_STYLE('',(#5752));
#4613=FILL_AREA_STYLE('',(#5753));
#4614=FILL_AREA_STYLE('',(#5754));
#4615=EDGE_CURVE('',#5279,#5226,#5755,.T.);
#4616=FILL_AREA_STYLE('',(#5756));
#4617=FILL_AREA_STYLE('',(#5757));
#4618=FILL_AREA_STYLE('',(#5758));
#4619=EDGE_CURVE('',#5034,#5027,#5759,.T.);
#4620=EDGE_CURVE('',#5023,#5031,#5760,.T.);
#4621=FILL_AREA_STYLE('',(#5761));
#4622=EDGE_CURVE('',#5762,#5038,#5763,.T.);
#4623=EDGE_CURVE('',#5764,#5762,#5765,.T.);
#4624=EDGE_CURVE('',#5764,#5040,#5766,.T.);
#4625=FILL_AREA_STYLE('',(#5767));
#4626=EDGE_CURVE('',#5025,#5036,#5768,.T.);
#4627=FILL_AREA_STYLE('',(#5769));
#4628=EDGE_CURVE('',#5022,#5762,#5770,.T.);
#4629=FILL_AREA_STYLE('',(#5771));
#4630=EDGE_CURVE('',#5772,#5032,#5773,.T.);
#4631=EDGE_CURVE('',#5774,#5772,#5775,.T.);
#4632=EDGE_CURVE('',#5764,#5774,#5776,.T.);
#4633=FILL_AREA_STYLE('',(#5777));
#4634=EDGE_CURVE('',#5042,#5774,#5778,.T.);
#4635=FILL_AREA_STYLE('',(#5779));
#4636=EDGE_CURVE('',#5772,#5044,#5780,.T.);
#4637=FILL_AREA_STYLE('',(#5781));
#4638=FILL_AREA_STYLE('',(#5782));
#4639=EDGE_CURVE('',#5162,#5329,#5783,.T.);
#4640=EDGE_CURVE('',#5560,#5784,#5785,.T.);
#4641=EDGE_CURVE('',#5784,#5786,#5787,.T.);
#4642=EDGE_CURVE('',#5554,#5786,#5788,.T.);
#4643=FILL_AREA_STYLE('',(#5789));
#4644=FILL_AREA_STYLE('',(#5790));
#4645=EDGE_CURVE('',#5791,#5786,#5792,.T.);
#4646=EDGE_CURVE('',#5784,#5793,#5794,.T.);
#4647=EDGE_CURVE('',#5793,#5791,#5795,.T.);
#4648=FILL_AREA_STYLE('',(#5796));
#4649=EDGE_CURVE('',#5558,#5793,#5797,.T.);
#4650=FILL_AREA_STYLE('',(#5798));
#4651=EDGE_CURVE('',#5556,#5791,#5799,.T.);
#4652=FILL_AREA_STYLE('',(#5800));
#4653=FILL_AREA_STYLE('',(#5801));
#4654=EDGE_CURVE('',#5415,#5802,#5803,.T.);
#4655=EDGE_CURVE('',#5802,#5341,#5804,.T.);
#4656=FILL_AREA_STYLE('',(#5805));
#4657=EDGE_CURVE('',#5802,#5435,#5806,.T.);
#4658=FILL_AREA_STYLE('',(#5807));
#4659=FILL_AREA_STYLE('',(#5808));
#4660=EDGE_CURVE('',#5809,#5450,#5810,.T.);
#4661=EDGE_CURVE('',#5523,#5809,#5811,.T.);
#4662=FILL_AREA_STYLE('',(#5812));
#4663=EDGE_CURVE('',#5809,#5370,#5813,.T.);
#4664=FILL_AREA_STYLE('',(#5814));
#4665=FILL_AREA_STYLE('',(#5815));
#4666=FILL_AREA_STYLE('',(#5816));
#4667=FILL_AREA_STYLE('',(#5817));
#4668=FILL_AREA_STYLE('',(#5818));
#4669=EDGE_CURVE('',#5239,#5402,#5819,.T.);
#4670=FILL_AREA_STYLE('',(#5820));
#4671=FILL_AREA_STYLE('',(#5821));
#4672=EDGE_CURVE('',#5113,#4986,#5822,.T.);
#4673=FILL_AREA_STYLE('',(#5823));
#4674=EDGE_CURVE('',#5123,#4949,#5824,.T.);
#4675=FILL_AREA_STYLE('',(#5825));
#4676=EDGE_CURVE('',#5005,#5826,#5827,.T.);
#4677=EDGE_CURVE('',#5828,#5826,#5829,.T.);
#4678=EDGE_CURVE('',#5830,#5828,#5831,.T.);
#4679=EDGE_CURVE('',#5830,#5832,#5833,.T.);
#4680=EDGE_CURVE('',#5832,#4982,#5834,.T.);
#4681=FILL_AREA_STYLE('',(#5835));
#4682=EDGE_CURVE('',#5836,#5837,#5838,.T.);
#4683=EDGE_CURVE('',#5826,#5837,#5839,.T.);
#4684=EDGE_CURVE('',#5009,#5836,#5840,.T.);
#4685=FILL_AREA_STYLE('',(#5841));
#4686=EDGE_CURVE('',#5837,#5842,#5843,.T.);
#4687=EDGE_CURVE('',#5836,#5844,#5845,.T.);
#4688=EDGE_CURVE('',#5842,#5844,#5846,.T.);
#4689=FILL_AREA_STYLE('',(#5847));
#4690=EDGE_CURVE('',#5848,#5007,#5849,.T.);
#4691=EDGE_CURVE('',#5848,#4995,#5850,.T.);
#4692=FILL_AREA_STYLE('',(#5851));
#4693=EDGE_CURVE('',#5465,#5852,#5853,.T.);
#4694=EDGE_CURVE('',#5852,#5854,#5855,.T.);
#4695=EDGE_CURVE('',#5854,#4992,#5856,.T.);
#4696=FILL_AREA_STYLE('',(#5857));
#4697=FILL_AREA_STYLE('',(#5858));
#4698=EDGE_CURVE('',#5854,#5859,#5860,.T.);
#4699=EDGE_CURVE('',#5832,#5852,#5861,.T.);
#4700=EDGE_CURVE('',#5859,#5830,#5862,.T.);
#4701=FILL_AREA_STYLE('',(#5863));
#4702=EDGE_CURVE('',#5859,#5864,#5865,.T.);
#4703=EDGE_CURVE('',#5864,#5866,#5867,.T.);
#4704=EDGE_CURVE('',#5848,#5866,#5868,.T.);
#4705=FILL_AREA_STYLE('',(#5869));
#4706=EDGE_CURVE('',#5870,#5842,#5871,.T.);
#4707=EDGE_CURVE('',#5872,#5870,#5873,.T.);
#4708=EDGE_CURVE('',#5874,#5872,#5875,.T.);
#4709=EDGE_CURVE('',#5876,#5874,#5877,.T.);
#4710=EDGE_CURVE('',#5876,#5864,#5878,.T.);
#4711=FILL_AREA_STYLE('',(#5879));
#4712=EDGE_CURVE('',#5880,#5881,#5882,.T.);
#4713=EDGE_CURVE('',#5883,#5880,#5884,.T.);
#4714=EDGE_CURVE('',#5844,#5883,#5885,.T.);
#4715=EDGE_CURVE('',#5886,#5866,#5887,.T.);
#4716=EDGE_CURVE('',#5881,#5886,#5888,.T.);
#4717=FILL_AREA_STYLE('',(#5889));
#4718=EDGE_CURVE('',#5886,#5876,#5890,.T.);
#4719=FILL_AREA_STYLE('',(#5891));
#4720=EDGE_CURVE('',#5880,#5872,#5892,.T.);
#4721=EDGE_CURVE('',#5881,#5874,#5893,.T.);
#4722=FILL_AREA_STYLE('',(#5894));
#4723=FILL_AREA_STYLE('',(#5895));
#4724=EDGE_CURVE('',#5870,#5883,#5896,.T.);
#4725=FILL_AREA_STYLE('',(#5897));
#4726=EDGE_CURVE('',#5898,#5490,#5899,.T.);
#4727=EDGE_CURVE('',#5900,#5898,#5901,.T.);
#4728=EDGE_CURVE('',#5492,#5900,#5902,.T.);
#4729=FILL_AREA_STYLE('',(#5903));
#4730=FILL_AREA_STYLE('',(#5904));
#4731=EDGE_CURVE('',#5832,#5463,#5905,.T.);
#4732=FILL_AREA_STYLE('',(#5906));
#4733=FILL_AREA_STYLE('',(#5907));
#4734=EDGE_CURVE('',#4999,#5109,#5908,.T.);
#4735=FILL_AREA_STYLE('',(#5909));
#4736=EDGE_CURVE('',#4977,#5910,#5911,.T.);
#4737=EDGE_CURVE('',#5912,#5910,#5913,.T.);
#4738=EDGE_CURVE('',#5912,#4966,#5914,.T.);
#4739=EDGE_CURVE('',#4963,#5915,#5916,.T.);
#4740=EDGE_CURVE('',#5915,#5917,#5918,.T.);
#4741=EDGE_CURVE('',#5917,#5919,#5920,.T.);
#4742=EDGE_CURVE('',#5919,#5921,#5922,.T.);
#4743=EDGE_CURVE('',#5921,#4973,#5923,.T.);
#4744=FILL_AREA_STYLE('',(#5924));
#4745=EDGE_CURVE('',#5921,#5925,#5926,.T.);
#4746=EDGE_CURVE('',#4972,#5925,#5927,.T.);
#4747=FILL_AREA_STYLE('',(#5928));
#4748=EDGE_CURVE('',#5929,#5919,#5930,.T.);
#4749=EDGE_CURVE('',#5925,#5929,#5931,.T.);
#4750=FILL_AREA_STYLE('',(#5932));
#4751=EDGE_CURVE('',#5910,#5933,#5934,.T.);
#4752=EDGE_CURVE('',#5933,#4975,#5935,.T.);
#4753=FILL_AREA_STYLE('',(#5936));
#4754=EDGE_CURVE('',#5937,#5912,#5938,.T.);
#4755=EDGE_CURVE('',#5937,#4968,#5939,.T.);
#4756=FILL_AREA_STYLE('',(#5940));
#4757=EDGE_CURVE('',#4964,#5941,#5942,.T.);
#4758=EDGE_CURVE('',#5941,#5915,#5943,.T.);
#4759=FILL_AREA_STYLE('',(#5944));
#4760=EDGE_CURVE('',#5941,#5945,#5946,.T.);
#4761=EDGE_CURVE('',#5937,#5947,#5948,.T.);
#4762=EDGE_CURVE('',#5947,#5949,#5950,.T.);
#4763=EDGE_CURVE('',#5949,#5951,#5952,.T.);
#4764=EDGE_CURVE('',#5953,#5951,#5954,.T.);
#4765=EDGE_CURVE('',#5953,#5955,#5956,.T.);
#4766=EDGE_CURVE('',#5955,#5957,#5958,.T.);
#4767=EDGE_CURVE('',#5957,#5945,#5959,.T.);
#4768=FILL_AREA_STYLE('',(#5960));
#4769=EDGE_CURVE('',#5961,#5933,#5962,.T.);
#4770=EDGE_CURVE('',#5961,#5478,#5963,.T.);
#4771=EDGE_CURVE('',#5947,#5476,#5964,.T.);
#4772=FILL_AREA_STYLE('',(#5965));
#4773=EDGE_CURVE('',#5966,#5929,#5967,.T.);
#4774=EDGE_CURVE('',#5961,#5966,#5968,.T.);
#4775=FILL_AREA_STYLE('',(#5969));
#4776=EDGE_CURVE('',#5482,#5957,#5970,.T.);
#4777=EDGE_CURVE('',#5480,#5966,#5971,.T.);
#4778=EDGE_CURVE('',#5917,#5945,#5972,.T.);
#4779=FILL_AREA_STYLE('',(#5973));
#4780=EDGE_CURVE('',#5470,#5955,#5974,.T.);
#4781=FILL_AREA_STYLE('',(#5975));
#4782=FILL_AREA_STYLE('',(#5976));
#4783=FILL_AREA_STYLE('',(#5977));
#4784=EDGE_CURVE('',#5474,#5949,#5978,.T.);
#4785=FILL_AREA_STYLE('',(#5979));
#4786=EDGE_CURVE('',#5951,#5472,#5980,.T.);
#4787=FILL_AREA_STYLE('',(#5981));
#4788=EDGE_CURVE('',#5469,#5953,#5982,.T.);
#4789=FILL_AREA_STYLE('',(#5983));
#4790=FILL_AREA_STYLE('',(#5984));
#4791=EDGE_CURVE('',#5486,#5985,#5986,.T.);
#4792=EDGE_CURVE('',#5987,#5985,#5988,.T.);
#4793=EDGE_CURVE('',#5485,#5987,#5989,.T.);
#4794=FILL_AREA_STYLE('',(#5990));
#4795=EDGE_CURVE('',#5991,#5987,#5992,.T.);
#4796=EDGE_CURVE('',#5488,#5991,#5993,.T.);
#4797=FILL_AREA_STYLE('',(#5994));
#4798=EDGE_CURVE('',#4955,#5995,#5996,.T.);
#4799=EDGE_CURVE('',#5997,#5995,#5998,.T.);
#4800=EDGE_CURVE('',#5999,#5997,#6000,.T.);
#4801=EDGE_CURVE('',#5999,#6001,#6002,.T.);
#4802=EDGE_CURVE('',#6001,#4945,#6003,.T.);
#4803=FILL_AREA_STYLE('',(#6004));
#4804=EDGE_CURVE('',#6005,#6006,#6007,.T.);
#4805=EDGE_CURVE('',#5995,#6006,#6008,.T.);
#4806=EDGE_CURVE('',#4959,#6005,#6009,.T.);
#4807=FILL_AREA_STYLE('',(#6010));
#4808=EDGE_CURVE('',#6006,#6011,#6012,.T.);
#4809=EDGE_CURVE('',#6005,#6013,#6014,.T.);
#4810=EDGE_CURVE('',#6011,#6013,#6015,.T.);
#4811=FILL_AREA_STYLE('',(#6016));
#4812=EDGE_CURVE('',#6017,#4957,#6018,.T.);
#4813=EDGE_CURVE('',#6017,#4934,#6019,.T.);
#4814=FILL_AREA_STYLE('',(#6020));
#4815=EDGE_CURVE('',#4938,#5119,#6021,.T.);
#4816=FILL_AREA_STYLE('',(#6022));
#4817=EDGE_CURVE('',#6001,#5456,#6023,.T.);
#4818=FILL_AREA_STYLE('',(#6024));
#4819=FILL_AREA_STYLE('',(#6025));
#4820=EDGE_CURVE('',#5458,#6026,#6027,.T.);
#4821=EDGE_CURVE('',#6001,#6026,#6028,.T.);
#4822=FILL_AREA_STYLE('',(#6029));
#4823=EDGE_CURVE('',#6030,#6031,#6032,.T.);
#4824=EDGE_CURVE('',#6026,#6030,#6033,.T.);
#4825=EDGE_CURVE('',#6031,#5999,#6034,.T.);
#4826=FILL_AREA_STYLE('',(#6035));
#4827=EDGE_CURVE('',#6030,#4931,#6036,.T.);
#4828=EDGE_CURVE('',#6031,#6037,#6038,.T.);
#4829=EDGE_CURVE('',#6037,#6039,#6040,.T.);
#4830=EDGE_CURVE('',#6017,#6039,#6041,.T.);
#4831=FILL_AREA_STYLE('',(#6042));
#4832=EDGE_CURVE('',#6043,#6011,#6044,.T.);
#4833=EDGE_CURVE('',#6045,#6043,#6046,.T.);
#4834=EDGE_CURVE('',#6047,#6045,#6048,.T.);
#4835=EDGE_CURVE('',#6049,#6047,#6050,.T.);
#4836=EDGE_CURVE('',#6049,#6037,#6051,.T.);
#4837=FILL_AREA_STYLE('',(#6052));
#4838=EDGE_CURVE('',#6053,#6054,#6055,.T.);
#4839=EDGE_CURVE('',#6056,#6053,#6057,.T.);
#4840=EDGE_CURVE('',#6013,#6056,#6058,.T.);
#4841=EDGE_CURVE('',#6059,#6039,#6060,.T.);
#4842=EDGE_CURVE('',#6054,#6059,#6061,.T.);
#4843=FILL_AREA_STYLE('',(#6062));
#4844=EDGE_CURVE('',#6059,#6049,#6063,.T.);
#4845=FILL_AREA_STYLE('',(#6064));
#4846=EDGE_CURVE('',#6053,#6045,#6065,.T.);
#4847=EDGE_CURVE('',#6054,#6047,#6066,.T.);
#4848=FILL_AREA_STYLE('',(#6067));
#4849=FILL_AREA_STYLE('',(#6068));
#4850=EDGE_CURVE('',#6043,#6056,#6069,.T.);
#4851=FILL_AREA_STYLE('',(#6070));
#4852=EDGE_CURVE('',#5991,#5898,#6071,.T.);
#4853=FILL_AREA_STYLE('',(#6072));
#4854=FILL_AREA_STYLE('',(#6073));
#4855=FILL_AREA_STYLE('',(#6074));
#4856=FILL_AREA_STYLE('',(#6075));
#4857=FILL_AREA_STYLE('',(#6076));
#4858=EDGE_CURVE('',#4927,#6077,#6078,.T.);
#4859=EDGE_CURVE('',#6079,#6077,#6080,.T.);
#4860=EDGE_CURVE('',#6079,#4916,#6081,.T.);
#4861=EDGE_CURVE('',#4913,#6082,#6083,.T.);
#4862=EDGE_CURVE('',#6082,#6084,#6085,.T.);
#4863=EDGE_CURVE('',#6084,#6086,#6087,.T.);
#4864=EDGE_CURVE('',#6086,#6088,#6089,.T.);
#4865=EDGE_CURVE('',#6088,#4923,#6090,.T.);
#4866=FILL_AREA_STYLE('',(#6091));
#4867=EDGE_CURVE('',#6088,#6092,#6093,.T.);
#4868=EDGE_CURVE('',#4922,#6092,#6094,.T.);
#4869=FILL_AREA_STYLE('',(#6095));
#4870=EDGE_CURVE('',#6096,#6086,#6097,.T.);
#4871=EDGE_CURVE('',#6092,#6096,#6098,.T.);
#4872=FILL_AREA_STYLE('',(#6099));
#4873=EDGE_CURVE('',#6077,#6100,#6101,.T.);
#4874=EDGE_CURVE('',#6100,#4925,#6102,.T.);
#4875=FILL_AREA_STYLE('',(#6103));
#4876=EDGE_CURVE('',#6104,#6079,#6105,.T.);
#4877=EDGE_CURVE('',#6104,#4918,#6106,.T.);
#4878=FILL_AREA_STYLE('',(#6107));
#4879=EDGE_CURVE('',#4914,#6108,#6109,.T.);
#4880=EDGE_CURVE('',#6108,#6082,#6110,.T.);
#4881=FILL_AREA_STYLE('',(#6111));
#4882=EDGE_CURVE('',#6108,#6112,#6113,.T.);
#4883=EDGE_CURVE('',#6104,#6114,#6115,.T.);
#4884=EDGE_CURVE('',#6114,#5900,#6116,.T.);
#4885=EDGE_CURVE('',#5985,#6112,#6117,.T.);
#4886=FILL_AREA_STYLE('',(#6118));
#4887=EDGE_CURVE('',#6119,#6100,#6120,.T.);
#4888=EDGE_CURVE('',#6119,#5496,#6121,.T.);
#4889=EDGE_CURVE('',#6114,#5494,#6122,.T.);
#4890=FILL_AREA_STYLE('',(#6123));
#4891=EDGE_CURVE('',#6124,#6096,#6125,.T.);
#4892=EDGE_CURVE('',#6119,#6124,#6126,.T.);
#4893=FILL_AREA_STYLE('',(#6127));
#4894=EDGE_CURVE('',#5498,#6124,#6128,.T.);
#4895=EDGE_CURVE('',#6084,#6112,#6129,.T.);
#4896=FILL_AREA_STYLE('',(#6130));
#4897=FILL_AREA_STYLE('',(#6131));
#4898=FILL_AREA_STYLE('',(#6132));
#4899=FILL_AREA_STYLE('',(#6133));
#4900=EDGE_CURVE('',#5656,#5679,#6134,.T.);
#4901=FILL_AREA_STYLE('',(#6135));
#4902=EDGE_CURVE('',#5698,#5677,#6136,.T.);
#4903=EDGE_CURVE('',#5658,#5696,#6137,.T.);
#4904=FILL_AREA_STYLE('',(#6138));
#4905=FILL_AREA_STYLE('',(#6139));
#4906=EDGE_CURVE('',#5690,#5675,#6140,.T.);
#4907=FILL_AREA_STYLE('',(#6141));
#4908=FILL_AREA_STYLE('',(#6142));
#4909=EDGE_CURVE('',#5660,#5694,#6143,.T.);
#4910=FILL_AREA_STYLE('',(#6144));
#4911=FILL_AREA_STYLE('',(#6145));
#4912=FILL_AREA_STYLE_COLOUR('',#6146);
#4913=VERTEX_POINT('',#6147);
#4914=VERTEX_POINT('',#6148);
#4915=LINE('',#6149,#6150);
#4916=VERTEX_POINT('',#6151);
#4917=CIRCLE('',#6152,1.0);
#4918=VERTEX_POINT('',#6153);
#4919=B_SPLINE_CURVE_WITH_KNOTS('',3,(#6154,#6155,#6156,#6157,#6158,#6159,#6160,#6161,#6162,#6163,#6164,#6165,#6166),.UNSPECIFIED.,.F.,.F.,(4,3,3,3,4),(0.0,0.0999999999848443,0.199999999969682,0.299999999954526,0.399999999939353),.UNSPECIFIED.);
#4920=CIRCLE('',#6167,1.0);
#4921=FILL_AREA_STYLE_COLOUR('',#6168);
#4922=VERTEX_POINT('',#6169);
#4923=VERTEX_POINT('',#6170);
#4924=LINE('',#6171,#6172);
#4925=VERTEX_POINT('',#6173);
#4926=CIRCLE('',#6174,1.0);
#4927=VERTEX_POINT('',#6175);
#4928=LINE('',#6176,#6177);
#4929=CIRCLE('',#6178,1.0);
#4930=FILL_AREA_STYLE_COLOUR('',#6179);
#4931=VERTEX_POINT('',#6180);
#4932=VERTEX_POINT('',#6181);
#4933=LINE('',#6182,#6183);
#4934=VERTEX_POINT('',#6184);
#4935=ELLIPSE('',#6185,4.79999999997378,2.40000000000534);
#4936=VERTEX_POINT('',#6186);
#4937=ELLIPSE('',#6187,4.80000000000959,2.40000000000534);
#4938=VERTEX_POINT('',#6188);
#4939=B_SPLINE_CURVE_WITH_KNOTS('',3,(#6189,#6190,#6191,#6192,#6193,#6194,#6195,#6196,#6197,#6198,#6199,#6200,#6201,#6202,#6203,#6204,#6205,#6206,#6207,#6208,#6209,#6210,#6211,#6212,#6213,#6214,#6215,#6216,#6217,#6218,#6219,#6220,#6221,#6222,#6223,#6224,#6225,#6226,#6227,#6228,#6229,#6230,#6231),.UNSPECIFIED.,.F.,.F.,(4,3,3,3,3,3,3,3,3,3,3,3,3,3,4),(1.44733765518324E-11,0.14422749325123,0.288663352539916,0.360790437999788,0.432873361621418,0.505134293097047,0.577472809259537,0.649773435927498,0.721945999076871,0.794029886611802,0.866239777520326,0.938451430365028,1.01054185483485,1.08267454547536,1.15484973478661),.UNSPECIFIED.);
#4940=VERTEX_POINT('',#6232);
#4941=LINE('',#6233,#6234);
#4942=CIRCLE('',#6235,2.40000000000534);
#4943=FILL_AREA_STYLE_COLOUR('',#6236);
#4944=VERTEX_POINT('',#6237);
#4945=VERTEX_POINT('',#6238);
#4946=LINE('',#6239,#6240);
#4947=VERTEX_POINT('',#6241);
#4948=CIRCLE('',#6242,2.4);
#4949=VERTEX_POINT('',#6243);
#4950=LINE('',#6244,#6245);
#4951=VERTEX_POINT('',#6246);
#4952=B_SPLINE_CURVE_WITH_KNOTS('',3,(#6247,#6248,#6249,#6250,#6251,#6252,#6253,#6254,#6255,#6256,#6257,#6258,#6259,#6260,#6261,#6262,#6263,#6264,#6265,#6266,#6267,#6268,#6269,#6270,#6271,#6272,#6273,#6274,#6275,#6276,#6277,#6278,#6279,#6280,#6281,#6282,#6283,#6284,#6285,#6286),.UNSPECIFIED.,.F.,.F.,(4,3,3,3,3,3,3,3,3,3,3,3,3,4),(5.73889311495427E-13,0.144258545959075,0.288731183917294,0.360878575430699,0.432972478058296,0.505222549172652,0.577534575729486,0.649798014345009,0.721928563686143,0.794057977947127,0.866271982429757,1.01052657729391,1.08271135868368,1.15484966678158),.UNSPECIFIED.);
#4953=CIRCLE('',#6287,2.4000000000029);
#4954=FILL_AREA_STYLE_COLOUR('',#6288);
#4955=VERTEX_POINT('',#6289);
#4956=LINE('',#6290,#6291);
#4957=VERTEX_POINT('',#6292);
#4958=LINE('',#6293,#6294);
#4959=VERTEX_POINT('',#6295);
#4960=B_SPLINE_CURVE_WITH_KNOTS('',3,(#6296,#6297,#6298,#6299,#6300,#6301,#6302,#6303,#6304,#6305,#6306,#6307,#6308,#6309,#6310,#6311,#6312,#6313,#6314,#6315,#6316,#6317,#6318,#6319,#6320,#6321,#6322,#6323,#6324,#6325,#6326,#6327,#6328,#6329,#6330,#6331,#6332,#6333,#6334,#6335,#6336,#6337,#6338,#6339,#6340,#6341,#6342,#6343,#6344,#6345,#6346,#6347,#6348,#6349,#6350),.UNSPECIFIED.,.F.,.F.,(4,3,3,3,3,3,3,3,3,3,3,3,3,3,3,3,3,3,4),(3.06985431732202E-11,0.0414272840737998,0.0829507588700092,0.124554497880462,0.166210643060579,0.24952184429083,0.332497477227722,0.415209384122727,0.498063239067991,0.581075042371136,0.664178469905033,0.747234852307096,0.830047815490104,0.912720594965419,0.995419238620036,1.07815912864413,1.16094423903123,1.24376724077531,1.32660996854059),.UNSPECIFIED.);
#4961=B_SPLINE_CURVE_WITH_KNOTS('',3,(#6351,#6352,#6353,#6354,#6355,#6356,#6357,#6358,#6359,#6360,#6361,#6362,#6363,#6364,#6365,#6366,#6367,#6368,#6369,#6370,#6371,#6372,#6373,#6374,#6375,#6376,#6377,#6378,#6379,#6380,#6381,#6382,#6383,#6384,#6385,#6386,#6387,#6388,#6389,#6390,#6391,#6392,#6393,#6394,#6395,#6396,#6397,#6398,#6399,#6400,#6401,#6402,#6403,#6404,#6405,#6406,#6407,#6408,#6409,#6410,#6411,#6412,#6413,#6414,#6415,#6416,#6417,#6418,#6419,#6420,#6421,#6422,#6423,#6424,#6425,#6426,#6427,#6428,#6429,#6430,#6431,#6432,#6433,#6434,#6435,#6436,#6437,#6438,#6439,#6440,#6441,#6442,#6443,#6444,#6445,#6446,#6447,#6448,#6449,#6450,#6451,#6452,#6453,#6454,#6455,#6456,#6457,#6458,#6459,#6460,#6461,#6462,#6463,#6464,#6465,#6466,#6467,#6468,#6469,#6470,#6471,#6472,#6473,#6474,#6475,#6476,#6477,#6478,#6479,#6480,#6481,#6482,#6483,#6484,#6485,#6486,#6487,#6488,#6489),.UNSPECIFIED.,.F.,.F.,(4,3,3,3,3,3,3,3,3,3,3,3,3,3,3,3,3,3,3,3,3,3,3,3,3,3,3,3,3,3,3,3,3,3,3,3,3,3,3,3,3,3,3,3,3,3,4),(4.47704601507476E-11,0.132389358101807,0.264756066109265,0.397099360017069,0.529423946102349,0.661739770080939,0.794109648478501,0.926717097026141,1.05937959817349,1.14952192253863,1.23959272724633,1.32959467183892,1.41955554232991,1.4645425744695,1.50963344456203,1.60001406578237,1.69035806784757,1.78048559574335,1.83650408021677,1.89278872951765,1.94926577392284,2.00571431016961,2.06198261002274,2.11804787631912,2.17431312827573,2.23079571099214,2.28730512534058,2.34360514861534,2.45577332541159,2.5683566596032,2.68072021160668,2.73628863346815,2.7918759081499,2.8475016079112,2.90317591515092,3.01466412933,3.12623907831582,3.23767279186638,3.34882983045395,3.45998402631615,3.57116242450321,3.68236669292739,3.79358757644582,3.90480557384523,4.01599225341837,4.23827851068403,4.46057399566783),.UNSPECIFIED.);
#4962=FILL_AREA_STYLE_COLOUR('',#6490);
#4963=VERTEX_POINT('',#6491);
#4964=VERTEX_POINT('',#6492);
#4965=LINE('',#6493,#6494);
#4966=VERTEX_POINT('',#6495);
#4967=CIRCLE('',#6496,1.0);
#4968=VERTEX_POINT('',#6497);
#4969=B_SPLINE_CURVE_WITH_KNOTS('',3,(#6498,#6499,#6500,#6501,#6502,#6503,#6504,#6505,#6506,#6507,#6508,#6509,#6510),.UNSPECIFIED.,.F.,.F.,(4,3,3,3,4),(1.97469008223311E-13,0.0999999999848443,0.199999999970796,0.299999999954526,0.399999999943617),.UNSPECIFIED.);
#4970=CIRCLE('',#6511,1.0);
#4971=FILL_AREA_STYLE_COLOUR('',#6512);
#4972=VERTEX_POINT('',#6513);
#4973=VERTEX_POINT('',#6514);
#4974=LINE('',#6515,#6516);
#4975=VERTEX_POINT('',#6517);
#4976=CIRCLE('',#6518,1.0);
#4977=VERTEX_POINT('',#6519);
#4978=LINE('',#6520,#6521);
#4979=CIRCLE('',#6522,1.0);
#4980=FILL_AREA_STYLE_COLOUR('',#6523);
#4981=VERTEX_POINT('',#6524);
#4982=VERTEX_POINT('',#6525);
#4983=LINE('',#6526,#6527);
#4984=VERTEX_POINT('',#6528);
#4985=CIRCLE('',#6529,2.4);
#4986=VERTEX_POINT('',#6530);
#4987=LINE('',#6531,#6532);
#4988=VERTEX_POINT('',#6533);
#4989=B_SPLINE_CURVE_WITH_KNOTS('',3,(#6534,#6535,#6536,#6537,#6538,#6539,#6540,#6541,#6542,#6543,#6544,#6545,#6546,#6547,#6548,#6549,#6550,#6551,#6552,#6553,#6554,#6555,#6556,#6557,#6558,#6559,#6560,#6561,#6562,#6563,#6564,#6565,#6566,#6567,#6568,#6569,#6570,#6571,#6572,#6573),.UNSPECIFIED.,.F.,.F.,(4,3,3,3,3,3,3,3,3,3,3,3,3,4),(6.93620103126868E-13,0.144258545959073,0.288731183917297,0.360878575430694,0.432972478058296,0.505222549172648,0.577534575729483,0.649798014345027,0.721928563686157,0.794057977947139,0.86627198242976,1.01052657729392,1.08271135868369,1.15484966678162),.UNSPECIFIED.);
#4990=CIRCLE('',#6574,2.4000000000029);
#4991=FILL_AREA_STYLE_COLOUR('',#6575);
#4992=VERTEX_POINT('',#6576);
#4993=VERTEX_POINT('',#6577);
#4994=LINE('',#6578,#6579);
#4995=VERTEX_POINT('',#6580);
#4996=ELLIPSE('',#6581,4.79999999997378,2.40000000000534);
#4997=VERTEX_POINT('',#6582);
#4998=ELLIPSE('',#6583,4.80000000000959,2.40000000000534);
#4999=VERTEX_POINT('',#6584);
#5000=B_SPLINE_CURVE_WITH_KNOTS('',3,(#6585,#6586,#6587,#6588,#6589,#6590,#6591,#6592,#6593,#6594,#6595,#6596,#6597,#6598,#6599,#6600,#6601,#6602,#6603,#6604,#6605,#6606,#6607,#6608,#6609,#6610,#6611,#6612,#6613,#6614,#6615,#6616,#6617,#6618,#6619,#6620,#6621,#6622,#6623,#6624,#6625,#6626,#6627),.UNSPECIFIED.,.F.,.F.,(4,3,3,3,3,3,3,3,3,3,3,3,3,3,4),(1.43637807759841E-11,0.144227493256949,0.288663352551475,0.360790438014315,0.432873361638801,0.505134293117274,0.577472809282684,0.649773435953588,0.721945999105895,0.794029886643721,0.866239777555154,0.938451430402789,1.01054185487551,1.08267454551892,1.15484973483305),.UNSPECIFIED.);
#5001=VERTEX_POINT('',#6628);
#5002=LINE('',#6629,#6630);
#5003=CIRCLE('',#6631,2.40000000000534);
#5004=FILL_AREA_STYLE_COLOUR('',#6632);
#5005=VERTEX_POINT('',#6633);
#5006=LINE('',#6634,#6635);
#5007=VERTEX_POINT('',#6636);
#5008=LINE('',#6637,#6638);
#5009=VERTEX_POINT('',#6639);
#5010=B_SPLINE_CURVE_WITH_KNOTS('',3,(#6640,#6641,#6642,#6643,#6644,#6645,#6646,#6647,#6648,#6649,#6650,#6651,#6652,#6653,#6654,#6655,#6656,#6657,#6658,#6659,#6660,#6661,#6662,#6663,#6664,#6665,#6666,#6667,#6668,#6669,#6670,#6671,#6672,#6673,#6674,#6675,#6676,#6677,#6678,#6679,#6680,#6681,#6682,#6683,#6684,#6685,#6686,#6687,#6688,#6689,#6690,#6691,#6692,#6693,#6694),.UNSPECIFIED.,.F.,.F.,(4,3,3,3,3,3,3,3,3,3,3,3,3,3,3,3,3,3,4),(3.07027384544161E-11,0.0414272840738102,0.08295075887002,0.124554497880469,0.166210643060592,0.24952184429084,0.332497477227739,0.415209384122723,0.498063239068006,0.581075042371149,0.664178469905051,0.74723485230712,0.83004781549011,0.912720594965425,0.995419238620071,1.07815912864416,1.16094423903126,1.24376724077532,1.32660996854073),.UNSPECIFIED.);
#5011=B_SPLINE_CURVE_WITH_KNOTS('',3,(#6695,#6696,#6697,#6698,#6699,#6700,#6701,#6702,#6703,#6704,#6705,#6706,#6707,#6708,#6709,#6710,#6711,#6712,#6713,#6714,#6715,#6716,#6717,#6718,#6719,#6720,#6721,#6722,#6723,#6724,#6725,#6726,#6727,#6728,#6729,#6730,#6731,#6732,#6733,#6734,#6735,#6736,#6737,#6738,#6739,#6740,#6741,#6742,#6743,#6744,#6745,#6746,#6747,#6748,#6749,#6750,#6751,#6752,#6753,#6754,#6755,#6756,#6757,#6758,#6759,#6760,#6761,#6762,#6763,#6764,#6765,#6766,#6767,#6768,#6769,#6770,#6771,#6772,#6773,#6774,#6775,#6776,#6777,#6778,#6779,#6780,#6781,#6782,#6783,#6784,#6785,#6786,#6787,#6788,#6789,#6790,#6791,#6792,#6793,#6794,#6795,#6796,#6797,#6798,#6799,#6800,#6801,#6802,#6803,#6804,#6805,#6806,#6807,#6808,#6809,#6810,#6811,#6812,#6813,#6814,#6815,#6816,#6817,#6818,#6819,#6820,#6821,#6822,#6823,#6824,#6825,#6826,#6827,#6828,#6829,#6830,#6831,#6832,#6833),.UNSPECIFIED.,.F.,.F.,(4,3,3,3,3,3,3,3,3,3,3,3,3,3,3,3,3,3,3,3,3,3,3,3,3,3,3,3,3,3,3,3,3,3,3,3,3,3,3,3,3,3,3,3,3,3,4),(4.4766609219228E-11,0.132389358102271,0.264756066109874,0.397099360017542,0.529423946102898,0.661739770081447,0.794109648478932,0.926717097026635,1.05937959817397,1.14952192253914,1.23959272724686,1.32959467183947,1.41955554233046,1.46454257447006,1.50963344456257,1.6000140657829,1.6903580678481,1.78048559574388,1.83650408021731,1.89278872951818,1.94926577392337,2.00571431017015,2.06198261002327,2.11804787631965,2.17431312827626,2.23079571099268,2.28730512534112,2.34360514861587,2.45577332541213,2.56835665960375,2.68072021160722,2.73628863346869,2.79187590815045,2.84750160791174,2.90317591515146,3.01466412933054,3.12623907831637,3.23767279186695,3.34882983045455,3.45998402631682,3.57116242450398,3.68236669292817,3.7935875764465,3.90480557384568,4.01599225341851,4.23827851068399,4.46057399566746),.UNSPECIFIED.);
#5012=FILL_AREA_STYLE_COLOUR('',#6834);
#5013=VERTEX_POINT('',#6835);
#5014=VERTEX_POINT('',#6836);
#5015=LINE('',#6837,#6838);
#5016=VERTEX_POINT('',#6839);
#5017=CIRCLE('',#6840,0.700000000000186);
#5018=VERTEX_POINT('',#6841);
#5019=LINE('',#6842,#6843);
#5020=CIRCLE('',#6844,0.700000000000186);
#5021=FILL_AREA_STYLE_COLOUR('',#6845);
#5022=VERTEX_POINT('',#6846);
#5023=VERTEX_POINT('',#6847);
#5024=LINE('',#6848,#6849);
#5025=VERTEX_POINT('',#6850);
#5026=CIRCLE('',#6851,2.175);
#5027=VERTEX_POINT('',#6852);
#5028=LINE('',#6853,#6854);
#5029=CIRCLE('',#6855,2.175);
#5030=FILL_AREA_STYLE_COLOUR('',#6856);
#5031=VERTEX_POINT('',#6857);
#5032=VERTEX_POINT('',#6858);
#5033=LINE('',#6859,#6860);
#5034=VERTEX_POINT('',#6861);
#5035=CIRCLE('',#6862,2.175);
#5036=VERTEX_POINT('',#6863);
#5037=LINE('',#6864,#6865);
#5038=VERTEX_POINT('',#6866);
#5039=CIRCLE('',#6867,2.175);
#5040=VERTEX_POINT('',#6868);
#5041=LINE('',#6869,#6870);
#5042=VERTEX_POINT('',#6871);
#5043=CIRCLE('',#6872,2.175);
#5044=VERTEX_POINT('',#6873);
#5045=LINE('',#6874,#6875);
#5046=CIRCLE('',#6876,2.175);
#5047=FILL_AREA_STYLE_COLOUR('',#6877);
#5048=VERTEX_POINT('',#6878);
#5049=VERTEX_POINT('',#6879);
#5050=LINE('',#6880,#6881);
#5051=VERTEX_POINT('',#6882);
#5052=CIRCLE('',#6883,0.89999999999984);
#5053=VERTEX_POINT('',#6884);
#5054=LINE('',#6885,#6886);
#5055=VERTEX_POINT('',#6887);
#5056=CIRCLE('',#6888,0.89999999999984);
#5057=VERTEX_POINT('',#6889);
#5058=LINE('',#6890,#6891);
#5059=CIRCLE('',#6892,0.89999999999984);
#5060=FILL_AREA_STYLE_COLOUR('',#6893);
#5061=VERTEX_POINT('',#6894);
#5062=VERTEX_POINT('',#6895);
#5063=LINE('',#6896,#6897);
#5064=VERTEX_POINT('',#6898);
#5065=CIRCLE('',#6899,15.0);
#5066=VERTEX_POINT('',#6900);
#5067=LINE('',#6901,#6902);
#5068=CIRCLE('',#6903,15.0);
#5069=FILL_AREA_STYLE_COLOUR('',#6904);
#5070=VERTEX_POINT('',#6905);
#5071=VERTEX_POINT('',#6906);
#5072=LINE('',#6907,#6908);
#5073=VERTEX_POINT('',#6909);
#5074=CIRCLE('',#6910,15.0);
#5075=VERTEX_POINT('',#6911);
#5076=LINE('',#6912,#6913);
#5077=CIRCLE('',#6914,15.0);
#5078=FILL_AREA_STYLE_COLOUR('',#6915);
#5079=VERTEX_POINT('',#6916);
#5080=VERTEX_POINT('',#6917);
#5081=LINE('',#6918,#6919);
#5082=VERTEX_POINT('',#6920);
#5083=CIRCLE('',#6921,0.299999999999998);
#5084=VERTEX_POINT('',#6922);
#5085=LINE('',#6923,#6924);
#5086=CIRCLE('',#6925,0.299999999999998);
#5087=FILL_AREA_STYLE_COLOUR('',#6926);
#5088=VERTEX_POINT('',#6927);
#5089=VERTEX_POINT('',#6928);
#5090=LINE('',#6929,#6930);
#5091=VERTEX_POINT('',#6931);
#5092=CIRCLE('',#6932,15.0);
#5093=VERTEX_POINT('',#6933);
#5094=LINE('',#6934,#6935);
#5095=CIRCLE('',#6936,15.0);
#5096=FILL_AREA_STYLE_COLOUR('',#6937);
#5097=VERTEX_POINT('',#6938);
#5098=VERTEX_POINT('',#6939);
#5099=LINE('',#6940,#6941);
#5100=VERTEX_POINT('',#6942);
#5101=LINE('',#6943,#6944);
#5102=VERTEX_POINT('',#6945);
#5103=LINE('',#6946,#6947);
#5104=LINE('',#6948,#6949);
#5105=FILL_AREA_STYLE_COLOUR('',#6950);
#5106=VERTEX_POINT('',#6951);
#5107=VERTEX_POINT('',#6952);
#5108=LINE('',#6953,#6954);
#5109=VERTEX_POINT('',#6955);
#5110=LINE('',#6956,#6957);
#5111=CIRCLE('',#6958,0.999999999478184);
#5112=LINE('',#6959,#6960);
#5113=VERTEX_POINT('',#6961);
#5114=CIRCLE('',#6962,0.999999999322644);
#5115=VERTEX_POINT('',#6963);
#5116=LINE('',#6964,#6965);
#5117=VERTEX_POINT('',#6966);
#5118=LINE('',#6967,#6968);
#5119=VERTEX_POINT('',#6969);
#5120=LINE('',#6970,#6971);
#5121=CIRCLE('',#6972,0.999999999478686);
#5122=LINE('',#6973,#6974);
#5123=VERTEX_POINT('',#6975);
#5124=CIRCLE('',#6976,0.999999999323145);
#5125=VERTEX_POINT('',#6977);
#5126=LINE('',#6978,#6979);
#5127=VERTEX_POINT('',#6980);
#5128=LINE('',#6981,#6982);
#5129=VERTEX_POINT('',#6983);
#5130=LINE('',#6984,#6985);
#5131=VERTEX_POINT('',#6986);
#5132=LINE('',#6987,#6988);
#5133=VERTEX_POINT('',#6989);
#5134=CIRCLE('',#6990,0.299999999999998);
#5135=VERTEX_POINT('',#6991);
#5136=LINE('',#6992,#6993);
#5137=VERTEX_POINT('',#6994);
#5138=LINE('',#6995,#6996);
#5139=VERTEX_POINT('',#6997);
#5140=LINE('',#6998,#6999);
#5141=VERTEX_POINT('',#7000);
#5142=LINE('',#7001,#7002);
#5143=VERTEX_POINT('',#7003);
#5144=LINE('',#7004,#7005);
#5145=VERTEX_POINT('',#7006);
#5146=LINE('',#7007,#7008);
#5147=VERTEX_POINT('',#7009);
#5148=LINE('',#7010,#7011);
#5149=CIRCLE('',#7012,0.299999999999998);
#5150=VERTEX_POINT('',#7013);
#5151=LINE('',#7014,#7015);
#5152=VERTEX_POINT('',#7016);
#5153=LINE('',#7017,#7018);
#5154=VERTEX_POINT('',#7019);
#5155=LINE('',#7020,#7021);
#5156=VERTEX_POINT('',#7022);
#5157=LINE('',#7023,#7024);
#5158=VERTEX_POINT('',#7025);
#5159=LINE('',#7026,#7027);
#5160=VERTEX_POINT('',#7028);
#5161=LINE('',#7029,#7030);
#5162=VERTEX_POINT('',#7031);
#5163=LINE('',#7032,#7033);
#5164=VERTEX_POINT('',#7034);
#5165=LINE('',#7035,#7036);
#5166=VERTEX_POINT('',#7037);
#5167=LINE('',#7038,#7039);
#5168=VERTEX_POINT('',#7040);
#5169=LINE('',#7041,#7042);
#5170=VERTEX_POINT('',#7043);
#5171=LINE('',#7044,#7045);
#5172=VERTEX_POINT('',#7046);
#5173=LINE('',#7047,#7048);
#5174=VERTEX_POINT('',#7049);
#5175=LINE('',#7050,#7051);
#5176=VERTEX_POINT('',#7052);
#5177=LINE('',#7053,#7054);
#5178=VERTEX_POINT('',#7055);
#5179=LINE('',#7056,#7057);
#5180=VERTEX_POINT('',#7058);
#5181=LINE('',#7059,#7060);
#5182=VERTEX_POINT('',#7061);
#5183=LINE('',#7062,#7063);
#5184=VERTEX_POINT('',#7064);
#5185=LINE('',#7065,#7066);
#5186=VERTEX_POINT('',#7067);
#5187=LINE('',#7068,#7069);
#5188=VERTEX_POINT('',#7070);
#5189=LINE('',#7071,#7072);
#5190=VERTEX_POINT('',#7073);
#5191=LINE('',#7074,#7075);
#5192=VERTEX_POINT('',#7076);
#5193=LINE('',#7077,#7078);
#5194=VERTEX_POINT('',#7079);
#5195=LINE('',#7080,#7081);
#5196=VERTEX_POINT('',#7082);
#5197=CIRCLE('',#7083,2.0);
#5198=VERTEX_POINT('',#7084);
#5199=LINE('',#7085,#7086);
#5200=VERTEX_POINT('',#7087);
#5201=CIRCLE('',#7088,2.0);
#5202=LINE('',#7089,#7090);
#5203=VERTEX_POINT('',#7091);
#5204=CIRCLE('',#7092,15.0);
#5205=VERTEX_POINT('',#7093);
#5206=LINE('',#7094,#7095);
#5207=VERTEX_POINT('',#7096);
#5208=LINE('',#7097,#7098);
#5209=VERTEX_POINT('',#7099);
#5210=LINE('',#7100,#7101);
#5211=VERTEX_POINT('',#7102);
#5212=LINE('',#7103,#7104);
#5213=VERTEX_POINT('',#7105);
#5214=LINE('',#7106,#7107);
#5215=VERTEX_POINT('',#7108);
#5216=LINE('',#7109,#7110);
#5217=CIRCLE('',#7111,0.89999999999984);
#5218=VERTEX_POINT('',#7112);
#5219=LINE('',#7113,#7114);
#5220=VERTEX_POINT('',#7115);
#5221=LINE('',#7116,#7117);
#5222=VERTEX_POINT('',#7118);
#5223=CIRCLE('',#7119,9.499999999999);
#5224=VERTEX_POINT('',#7120);
#5225=LINE('',#7121,#7122);
#5226=VERTEX_POINT('',#7123);
#5227=LINE('',#7124,#7125);
#5228=VERTEX_POINT('',#7126);
#5229=LINE('',#7127,#7128);
#5230=VERTEX_POINT('',#7129);
#5231=LINE('',#7130,#7131);
#5232=CIRCLE('',#7132,0.799999999999994);
#5233=VERTEX_POINT('',#7133);
#5234=CIRCLE('',#7134,0.700000000000186);
#5235=VERTEX_POINT('',#7135);
#5236=LINE('',#7136,#7137);
#5237=VERTEX_POINT('',#7138);
#5238=LINE('',#7139,#7140);
#5239=VERTEX_POINT('',#7141);
#5240=LINE('',#7142,#7143);
#5241=LINE('',#7144,#7145);
#5242=VERTEX_POINT('',#7146);
#5243=CIRCLE('',#7147,9.499999999999);
#5244=VERTEX_POINT('',#7148);
#5245=LINE('',#7149,#7150);
#5246=VERTEX_POINT('',#7151);
#5247=LINE('',#7152,#7153);
#5248=LINE('',#7154,#7155);
#5249=VERTEX_POINT('',#7156);
#5250=CIRCLE('',#7157,15.0);
#5251=VERTEX_POINT('',#7158);
#5252=LINE('',#7159,#7160);
#5253=VERTEX_POINT('',#7161);
#5254=LINE('',#7162,#7163);
#5255=VERTEX_POINT('',#7164);
#5256=LINE('',#7165,#7166);
#5257=VERTEX_POINT('',#7167);
#5258=LINE('',#7168,#7169);
#5259=VERTEX_POINT('',#7170);
#5260=LINE('',#7171,#7172);
#5261=VERTEX_POINT('',#7173);
#5262=LINE('',#7174,#7175);
#5263=VERTEX_POINT('',#7176);
#5264=LINE('',#7177,#7178);
#5265=VERTEX_POINT('',#7179);
#5266=LINE('',#7180,#7181);
#5267=LINE('',#7182,#7183);
#5268=FILL_AREA_STYLE_COLOUR('',#7184);
#5269=VERTEX_POINT('',#7185);
#5270=VERTEX_POINT('',#7186);
#5271=LINE('',#7187,#7188);
#5272=VERTEX_POINT('',#7189);
#5273=LINE('',#7190,#7191);
#5274=CIRCLE('',#7192,0.700000000000186);
#5275=VERTEX_POINT('',#7193);
#5276=CIRCLE('',#7194,0.799999999999994);
#5277=VERTEX_POINT('',#7195);
#5278=LINE('',#7196,#7197);
#5279=VERTEX_POINT('',#7198);
#5280=LINE('',#7199,#7200);
#5281=VERTEX_POINT('',#7201);
#5282=LINE('',#7202,#7203);
#5283=VERTEX_POINT('',#7204);
#5284=LINE('',#7205,#7206);
#5285=VERTEX_POINT('',#7207);
#5286=CIRCLE('',#7208,9.499999999999);
#5287=VERTEX_POINT('',#7209);
#5288=LINE('',#7210,#7211);
#5289=LINE('',#7212,#7213);
#5290=VERTEX_POINT('',#7214);
#5291=LINE('',#7215,#7216);
#5292=VERTEX_POINT('',#7217);
#5293=LINE('',#7218,#7219);
#5294=VERTEX_POINT('',#7220);
#5295=LINE('',#7221,#7222);
#5296=VERTEX_POINT('',#7223);
#5297=LINE('',#7224,#7225);
#5298=VERTEX_POINT('',#7226);
#5299=LINE('',#7227,#7228);
#5300=CIRCLE('',#7229,15.0);
#5301=VERTEX_POINT('',#7230);
#5302=LINE('',#7231,#7232);
#5303=VERTEX_POINT('',#7233);
#5304=LINE('',#7234,#7235);
#5305=VERTEX_POINT('',#7236);
#5306=LINE('',#7237,#7238);
#5307=VERTEX_POINT('',#7239);
#5308=LINE('',#7240,#7241);
#5309=VERTEX_POINT('',#7242);
#5310=LINE('',#7243,#7244);
#5311=VERTEX_POINT('',#7245);
#5312=LINE('',#7246,#7247);
#5313=VERTEX_POINT('',#7248);
#5314=LINE('',#7249,#7250);
#5315=VERTEX_POINT('',#7251);
#5316=LINE('',#7252,#7253);
#5317=VERTEX_POINT('',#7254);
#5318=LINE('',#7255,#7256);
#5319=VERTEX_POINT('',#7257);
#5320=LINE('',#7258,#7259);
#5321=VERTEX_POINT('',#7260);
#5322=LINE('',#7261,#7262);
#5323=VERTEX_POINT('',#7263);
#5324=LINE('',#7264,#7265);
#5325=VERTEX_POINT('',#7266);
#5326=LINE('',#7267,#7268);
#5327=VERTEX_POINT('',#7269);
#5328=LINE('',#7270,#7271);
#5329=VERTEX_POINT('',#7272);
#5330=LINE('',#7273,#7274);
#5331=VERTEX_POINT('',#7275);
#5332=LINE('',#7276,#7277);
#5333=VERTEX_POINT('',#7278);
#5334=LINE('',#7279,#7280);
#5335=VERTEX_POINT('',#7281);
#5336=LINE('',#7282,#7283);
#5337=VERTEX_POINT('',#7284);
#5338=LINE('',#7285,#7286);
#5339=VERTEX_POINT('',#7287);
#5340=LINE('',#7288,#7289);
#5341=VERTEX_POINT('',#7290);
#5342=LINE('',#7291,#7292);
#5343=VERTEX_POINT('',#7293);
#5344=LINE('',#7294,#7295);
#5345=VERTEX_POINT('',#7296);
#5346=LINE('',#7297,#7298);
#5347=LINE('',#7299,#7300);
#5348=VERTEX_POINT('',#7301);
#5349=CIRCLE('',#7302,0.299999999999998);
#5350=VERTEX_POINT('',#7303);
#5351=LINE('',#7304,#7305);
#5352=VERTEX_POINT('',#7306);
#5353=LINE('',#7307,#7308);
#5354=VERTEX_POINT('',#7309);
#5355=LINE('',#7310,#7311);
#5356=VERTEX_POINT('',#7312);
#5357=LINE('',#7313,#7314);
#5358=VERTEX_POINT('',#7315);
#5359=LINE('',#7316,#7317);
#5360=VERTEX_POINT('',#7318);
#5361=LINE('',#7319,#7320);
#5362=VERTEX_POINT('',#7321);
#5363=LINE('',#7322,#7323);
#5364=VERTEX_POINT('',#7324);
#5365=CIRCLE('',#7325,0.299999999999998);
#5366=VERTEX_POINT('',#7326);
#5367=LINE('',#7327,#7328);
#5368=VERTEX_POINT('',#7329);
#5369=LINE('',#7330,#7331);
#5370=VERTEX_POINT('',#7332);
#5371=LINE('',#7333,#7334);
#5372=VERTEX_POINT('',#7335);
#5373=LINE('',#7336,#7337);
#5374=VERTEX_POINT('',#7338);
#5375=LINE('',#7339,#7340);
#5376=VERTEX_POINT('',#7341);
#5377=LINE('',#7342,#7343);
#5378=VERTEX_POINT('',#7344);
#5379=LINE('',#7345,#7346);
#5380=VERTEX_POINT('',#7347);
#5381=LINE('',#7348,#7349);
#5382=VERTEX_POINT('',#7350);
#5383=LINE('',#7351,#7352);
#5384=VERTEX_POINT('',#7353);
#5385=LINE('',#7354,#7355);
#5386=VERTEX_POINT('',#7356);
#5387=LINE('',#7357,#7358);
#5388=VERTEX_POINT('',#7359);
#5389=LINE('',#7360,#7361);
#5390=VERTEX_POINT('',#7362);
#5391=LINE('',#7363,#7364);
#5392=VERTEX_POINT('',#7365);
#5393=LINE('',#7366,#7367);
#5394=CIRCLE('',#7368,15.0);
#5395=VERTEX_POINT('',#7369);
#5396=LINE('',#7370,#7371);
#5397=VERTEX_POINT('',#7372);
#5398=LINE('',#7373,#7374);
#5399=VERTEX_POINT('',#7375);
#5400=LINE('',#7376,#7377);
#5401=CIRCLE('',#7378,9.499999999999);
#5402=VERTEX_POINT('',#7379);
#5403=LINE('',#7380,#7381);
#5404=LINE('',#7382,#7383);
#5405=FILL_AREA_STYLE_COLOUR('',#7384);
#5406=LINE('',#7385,#7386);
#5407=FILL_AREA_STYLE_COLOUR('',#7387);
#5408=LINE('',#7388,#7389);
#5409=LINE('',#7390,#7391);
#5410=FILL_AREA_STYLE_COLOUR('',#7392);
#5411=LINE('',#7393,#7394);
#5412=FILL_AREA_STYLE_COLOUR('',#7395);
#5413=LINE('',#7396,#7397);
#5414=FILL_AREA_STYLE_COLOUR('',#7398);
#5415=VERTEX_POINT('',#7399);
#5416=VERTEX_POINT('',#7400);
#5417=LINE('',#7401,#7402);
#5418=LINE('',#7403,#7404);
#5419=LINE('',#7405,#7406);
#5420=LINE('',#7407,#7408);
#5421=FILL_AREA_STYLE_COLOUR('',#7409);
#5422=LINE('',#7410,#7411);
#5423=VERTEX_POINT('',#7412);
#5424=LINE('',#7413,#7414);
#5425=VERTEX_POINT('',#7415);
#5426=LINE('',#7416,#7417);
#5427=VERTEX_POINT('',#7418);
#5428=LINE('',#7419,#7420);
#5429=VERTEX_POINT('',#7421);
#5430=LINE('',#7422,#7423);
#5431=LINE('',#7424,#7425);
#5432=FILL_AREA_STYLE_COLOUR('',#7426);
#5433=FILL_AREA_STYLE_COLOUR('',#7427);
#5434=LINE('',#7428,#7429);
#5435=VERTEX_POINT('',#7430);
#5436=LINE('',#7431,#7432);
#5437=LINE('',#7433,#7434);
#5438=FILL_AREA_STYLE_COLOUR('',#7435);
#5439=FILL_AREA_STYLE_COLOUR('',#7436);
#5440=LINE('',#7437,#7438);
#5441=LINE('',#7439,#7440);
#5442=FILL_AREA_STYLE_COLOUR('',#7441);
#5443=LINE('',#7442,#7443);
#5444=LINE('',#7444,#7445);
#5445=FILL_AREA_STYLE_COLOUR('',#7446);
#5446=LINE('',#7447,#7448);
#5447=LINE('',#7449,#7450);
#5448=FILL_AREA_STYLE_COLOUR('',#7451);
#5449=LINE('',#7452,#7453);
#5450=VERTEX_POINT('',#7454);
#5451=LINE('',#7455,#7456);
#5452=VERTEX_POINT('',#7457);
#5453=LINE('',#7458,#7459);
#5454=LINE('',#7460,#7461);
#5455=LINE('',#7462,#7463);
#5456=VERTEX_POINT('',#7464);
#5457=CIRCLE('',#7465,2.4);
#5458=VERTEX_POINT('',#7466);
#5459=LINE('',#7467,#7468);
#5460=CIRCLE('',#7469,2.40000000000534);
#5461=LINE('',#7470,#7471);
#5462=LINE('',#7472,#7473);
#5463=VERTEX_POINT('',#7474);
#5464=CIRCLE('',#7475,2.4);
#5465=VERTEX_POINT('',#7476);
#5466=LINE('',#7477,#7478);
#5467=CIRCLE('',#7479,2.40000000000534);
#5468=LINE('',#7480,#7481);
#5469=VERTEX_POINT('',#7482);
#5470=VERTEX_POINT('',#7483);
#5471=LINE('',#7484,#7485);
#5472=VERTEX_POINT('',#7486);
#5473=LINE('',#7487,#7488);
#5474=VERTEX_POINT('',#7489);
#5475=LINE('',#7490,#7491);
#5476=VERTEX_POINT('',#7492);
#5477=LINE('',#7493,#7494);
#5478=VERTEX_POINT('',#7495);
#5479=LINE('',#7496,#7497);
#5480=VERTEX_POINT('',#7498);
#5481=LINE('',#7499,#7500);
#5482=VERTEX_POINT('',#7501);
#5483=LINE('',#7502,#7503);
#5484=LINE('',#7504,#7505);
#5485=VERTEX_POINT('',#7506);
#5486=VERTEX_POINT('',#7507);
#5487=LINE('',#7508,#7509);
#5488=VERTEX_POINT('',#7510);
#5489=LINE('',#7511,#7512);
#5490=VERTEX_POINT('',#7513);
#5491=LINE('',#7514,#7515);
#5492=VERTEX_POINT('',#7516);
#5493=LINE('',#7517,#7518);
#5494=VERTEX_POINT('',#7519);
#5495=LINE('',#7520,#7521);
#5496=VERTEX_POINT('',#7522);
#5497=LINE('',#7523,#7524);
#5498=VERTEX_POINT('',#7525);
#5499=LINE('',#7526,#7527);
#5500=LINE('',#7528,#7529);
#5501=FILL_AREA_STYLE_COLOUR('',#7530);
#5502=LINE('',#7531,#7532);
#5503=FILL_AREA_STYLE_COLOUR('',#7533);
#5504=LINE('',#7534,#7535);
#5505=LINE('',#7536,#7537);
#5506=FILL_AREA_STYLE_COLOUR('',#7538);
#5507=LINE('',#7539,#7540);
#5508=LINE('',#7541,#7542);
#5509=FILL_AREA_STYLE_COLOUR('',#7543);
#5510=LINE('',#7544,#7545);
#5511=LINE('',#7546,#7547);
#5512=FILL_AREA_STYLE_COLOUR('',#7548);
#5513=LINE('',#7549,#7550);
#5514=FILL_AREA_STYLE_COLOUR('',#7551);
#5515=LINE('',#7552,#7553);
#5516=FILL_AREA_STYLE_COLOUR('',#7554);
#5517=FILL_AREA_STYLE_COLOUR('',#7555);
#5518=LINE('',#7556,#7557);
#5519=FILL_AREA_STYLE_COLOUR('',#7558);
#5520=FILL_AREA_STYLE_COLOUR('',#7559);
#5521=FILL_AREA_STYLE_COLOUR('',#7560);
#5522=FILL_AREA_STYLE_COLOUR('',#7561);
#5523=VERTEX_POINT('',#7562);
#5524=LINE('',#7563,#7564);
#5525=LINE('',#7565,#7566);
#5526=FILL_AREA_STYLE_COLOUR('',#7567);
#5527=FILL_AREA_STYLE_COLOUR('',#7568);
#5528=LINE('',#7569,#7570);
#5529=FILL_AREA_STYLE_COLOUR('',#7571);
#5530=LINE('',#7572,#7573);
#5531=FILL_AREA_STYLE_COLOUR('',#7574);
#5532=LINE('',#7575,#7576);
#5533=FILL_AREA_STYLE_COLOUR('',#7577);
#5534=FILL_AREA_STYLE_COLOUR('',#7578);
#5535=LINE('',#7579,#7580);
#5536=FILL_AREA_STYLE_COLOUR('',#7581);
#5537=FILL_AREA_STYLE_COLOUR('',#7582);
#5538=VERTEX_POINT('',#7583);
#5539=LINE('',#7584,#7585);
#5540=VERTEX_POINT('',#7586);
#5541=LINE('',#7587,#7588);
#5542=LINE('',#7589,#7590);
#5543=FILL_AREA_STYLE_COLOUR('',#7591);
#5544=VERTEX_POINT('',#7592);
#5545=LINE('',#7593,#7594);
#5546=VERTEX_POINT('',#7595);
#5547=LINE('',#7596,#7597);
#5548=LINE('',#7598,#7599);
#5549=FILL_AREA_STYLE_COLOUR('',#7600);
#5550=LINE('',#7601,#7602);
#5551=FILL_AREA_STYLE_COLOUR('',#7603);
#5552=LINE('',#7604,#7605);
#5553=FILL_AREA_STYLE_COLOUR('',#7606);
#5554=VERTEX_POINT('',#7607);
#5555=LINE('',#7608,#7609);
#5556=VERTEX_POINT('',#7610);
#5557=LINE('',#7611,#7612);
#5558=VERTEX_POINT('',#7613);
#5559=LINE('',#7614,#7615);
#5560=VERTEX_POINT('',#7616);
#5561=LINE('',#7617,#7618);
#5562=LINE('',#7619,#7620);
#5563=FILL_AREA_STYLE_COLOUR('',#7621);
#5564=LINE('',#7622,#7623);
#5565=LINE('',#7624,#7625);
#5566=FILL_AREA_STYLE_COLOUR('',#7626);
#5567=LINE('',#7627,#7628);
#5568=FILL_AREA_STYLE_COLOUR('',#7629);
#5569=LINE('',#7630,#7631);
#5570=LINE('',#7632,#7633);
#5571=FILL_AREA_STYLE_COLOUR('',#7634);
#5572=LINE('',#7635,#7636);
#5573=LINE('',#7637,#7638);
#5574=FILL_AREA_STYLE_COLOUR('',#7639);
#5575=LINE('',#7640,#7641);
#5576=LINE('',#7642,#7643);
#5577=FILL_AREA_STYLE_COLOUR('',#7644);
#5578=LINE('',#7645,#7646);
#5579=LINE('',#7647,#7648);
#5580=FILL_AREA_STYLE_COLOUR('',#7649);
#5581=LINE('',#7650,#7651);
#5582=FILL_AREA_STYLE_COLOUR('',#7652);
#5583=FILL_AREA_STYLE_COLOUR('',#7653);
#5584=LINE('',#7654,#7655);
#5585=FILL_AREA_STYLE_COLOUR('',#7656);
#5586=FILL_AREA_STYLE_COLOUR('',#7657);
#5587=LINE('',#7658,#7659);
#5588=FILL_AREA_STYLE_COLOUR('',#7660);
#5589=FILL_AREA_STYLE_COLOUR('',#7661);
#5590=VERTEX_POINT('',#7662);
#5591=LINE('',#7663,#7664);
#5592=VERTEX_POINT('',#7665);
#5593=LINE('',#7666,#7667);
#5594=VERTEX_POINT('',#7668);
#5595=LINE('',#7669,#7670);
#5596=LINE('',#7671,#7672);
#5597=FILL_AREA_STYLE_COLOUR('',#7673);
#5598=VERTEX_POINT('',#7674);
#5599=CIRCLE('',#7675,15.0);
#5600=VERTEX_POINT('',#7676);
#5601=LINE('',#7677,#7678);
#5602=CIRCLE('',#7679,15.0);
#5603=LINE('',#7680,#7681);
#5604=FILL_AREA_STYLE_COLOUR('',#7682);
#5605=VERTEX_POINT('',#7683);
#5606=LINE('',#7684,#7685);
#5607=LINE('',#7686,#7687);
#5608=FILL_AREA_STYLE_COLOUR('',#7688);
#5609=VERTEX_POINT('',#7689);
#5610=VERTEX_POINT('',#7690);
#5611=LINE('',#7691,#7692);
#5612=LINE('',#7693,#7694);
#5613=VERTEX_POINT('',#7695);
#5614=CIRCLE('',#7696,2.0);
#5615=VERTEX_POINT('',#7697);
#5616=LINE('',#7698,#7699);
#5617=VERTEX_POINT('',#7700);
#5618=CIRCLE('',#7701,2.0);
#5619=LINE('',#7702,#7703);
#5620=VERTEX_POINT('',#7704);
#5621=LINE('',#7705,#7706);
#5622=VERTEX_POINT('',#7707);
#5623=LINE('',#7708,#7709);
#5624=LINE('',#7710,#7711);
#5625=FILL_AREA_STYLE_COLOUR('',#7712);
#5626=VERTEX_POINT('',#7713);
#5627=LINE('',#7714,#7715);
#5628=VERTEX_POINT('',#7716);
#5629=LINE('',#7717,#7718);
#5630=VERTEX_POINT('',#7719);
#5631=LINE('',#7720,#7721);
#5632=LINE('',#7722,#7723);
#5633=FILL_AREA_STYLE_COLOUR('',#7724);
#5634=VERTEX_POINT('',#7725);
#5635=LINE('',#7726,#7727);
#5636=VERTEX_POINT('',#7728);
#5637=LINE('',#7729,#7730);
#5638=VERTEX_POINT('',#7731);
#5639=LINE('',#7732,#7733);
#5640=LINE('',#7734,#7735);
#5641=FILL_AREA_STYLE_COLOUR('',#7736);
#5642=LINE('',#7737,#7738);
#5643=VERTEX_POINT('',#7739);
#5644=LINE('',#7740,#7741);
#5645=VERTEX_POINT('',#7742);
#5646=LINE('',#7743,#7744);
#5647=LINE('',#7745,#7746);
#5648=FILL_AREA_STYLE_COLOUR('',#7747);
#5649=VERTEX_POINT('',#7748);
#5650=LINE('',#7749,#7750);
#5651=VERTEX_POINT('',#7751);
#5652=LINE('',#7752,#7753);
#5653=LINE('',#7754,#7755);
#5654=FILL_AREA_STYLE_COLOUR('',#7756);
#5655=VERTEX_POINT('',#7757);
#5656=VERTEX_POINT('',#7758);
#5657=LINE('',#7759,#7760);
#5658=VERTEX_POINT('',#7761);
#5659=LINE('',#7762,#7763);
#5660=VERTEX_POINT('',#7764);
#5661=LINE('',#7765,#7766);
#5662=LINE('',#7767,#7768);
#5663=LINE('',#7769,#7770);
#5664=FILL_AREA_STYLE_COLOUR('',#7771);
#5665=VERTEX_POINT('',#7772);
#5666=LINE('',#7773,#7774);
#5667=VERTEX_POINT('',#7775);
#5668=LINE('',#7776,#7777);
#5669=VERTEX_POINT('',#7778);
#5670=LINE('',#7779,#7780);
#5671=LINE('',#7781,#7782);
#5672=FILL_AREA_STYLE_COLOUR('',#7783);
#5673=LINE('',#7784,#7785);
#5674=FILL_AREA_STYLE_COLOUR('',#7786);
#5675=VERTEX_POINT('',#7787);
#5676=LINE('',#7788,#7789);
#5677=VERTEX_POINT('',#7790);
#5678=LINE('',#7791,#7792);
#5679=VERTEX_POINT('',#7793);
#5680=LINE('',#7794,#7795);
#5681=LINE('',#7796,#7797);
#5682=FILL_AREA_STYLE_COLOUR('',#7798);
#5683=LINE('',#7799,#7800);
#5684=FILL_AREA_STYLE_COLOUR('',#7801);
#5685=VERTEX_POINT('',#7802);
#5686=LINE('',#7803,#7804);
#5687=LINE('',#7805,#7806);
#5688=FILL_AREA_STYLE_COLOUR('',#7807);
#5689=VERTEX_POINT('',#7808);
#5690=VERTEX_POINT('',#7809);
#5691=LINE('',#7810,#7811);
#5692=VERTEX_POINT('',#7812);
#5693=LINE('',#7813,#7814);
#5694=VERTEX_POINT('',#7815);
#5695=LINE('',#7816,#7817);
#5696=VERTEX_POINT('',#7818);
#5697=LINE('',#7819,#7820);
#5698=VERTEX_POINT('',#7821);
#5699=LINE('',#7822,#7823);
#5700=LINE('',#7824,#7825);
#5701=FILL_AREA_STYLE_COLOUR('',#7826);
#5702=VERTEX_POINT('',#7827);
#5703=LINE('',#7828,#7829);
#5704=LINE('',#7830,#7831);
#5705=LINE('',#7832,#7833);
#5706=FILL_AREA_STYLE_COLOUR('',#7834);
#5707=LINE('',#7835,#7836);
#5708=LINE('',#7837,#7838);
#5709=LINE('',#7839,#7840);
#5710=FILL_AREA_STYLE_COLOUR('',#7841);
#5711=FILL_AREA_STYLE_COLOUR('',#7842);
#5712=FILL_AREA_STYLE_COLOUR('',#7843);
#5713=LINE('',#7844,#7845);
#5714=FILL_AREA_STYLE_COLOUR('',#7846);
#5715=LINE('',#7847,#7848);
#5716=FILL_AREA_STYLE_COLOUR('',#7849);
#5717=LINE('',#7850,#7851);
#5718=FILL_AREA_STYLE_COLOUR('',#7852);
#5719=FILL_AREA_STYLE_COLOUR('',#7853);
#5720=LINE('',#7854,#7855);
#5721=FILL_AREA_STYLE_COLOUR('',#7856);
#5722=LINE('',#7857,#7858);
#5723=LINE('',#7859,#7860);
#5724=FILL_AREA_STYLE_COLOUR('',#7861);
#5725=LINE('',#7862,#7863);
#5726=LINE('',#7864,#7865);
#5727=FILL_AREA_STYLE_COLOUR('',#7866);
#5728=LINE('',#7867,#7868);
#5729=LINE('',#7869,#7870);
#5730=FILL_AREA_STYLE_COLOUR('',#7871);
#5731=VERTEX_POINT('',#7872);
#5732=LINE('',#7873,#7874);
#5733=CIRCLE('',#7875,0.89999999999984);
#5734=FILL_AREA_STYLE_COLOUR('',#7876);
#5735=FILL_AREA_STYLE_COLOUR('',#7877);
#5736=VERTEX_POINT('',#7878);
#5737=LINE('',#7879,#7880);
#5738=LINE('',#7881,#7882);
#5739=FILL_AREA_STYLE_COLOUR('',#7883);
#5740=VERTEX_POINT('',#7884);
#5741=LINE('',#7885,#7886);
#5742=LINE('',#7887,#7888);
#5743=FILL_AREA_STYLE_COLOUR('',#7889);
#5744=VERTEX_POINT('',#7890);
#5745=LINE('',#7891,#7892);
#5746=LINE('',#7893,#7894);
#5747=FILL_AREA_STYLE_COLOUR('',#7895);
#5748=LINE('',#7896,#7897);
#5749=LINE('',#7898,#7899);
#5750=FILL_AREA_STYLE_COLOUR('',#7900);
#5751=LINE('',#7901,#7902);
#5752=FILL_AREA_STYLE_COLOUR('',#7903);
#5753=FILL_AREA_STYLE_COLOUR('',#7904);
#5754=FILL_AREA_STYLE_COLOUR('',#7905);
#5755=LINE('',#7906,#7907);
#5756=FILL_AREA_STYLE_COLOUR('',#7908);
#5757=FILL_AREA_STYLE_COLOUR('',#7909);
#5758=FILL_AREA_STYLE_COLOUR('',#7910);
#5759=LINE('',#7911,#7912);
#5760=CIRCLE('',#7913,2.175);
#5761=FILL_AREA_STYLE_COLOUR('',#7914);
#5762=VERTEX_POINT('',#7915);
#5763=LINE('',#7916,#7917);
#5764=VERTEX_POINT('',#7918);
#5765=LINE('',#7919,#7920);
#5766=LINE('',#7921,#7922);
#5767=FILL_AREA_STYLE_COLOUR('',#7923);
#5768=LINE('',#7924,#7925);
#5769=FILL_AREA_STYLE_COLOUR('',#7926);
#5770=CIRCLE('',#7927,2.175);
#5771=FILL_AREA_STYLE_COLOUR('',#7928);
#5772=VERTEX_POINT('',#7929);
#5773=CIRCLE('',#7930,2.175);
#5774=VERTEX_POINT('',#7931);
#5775=LINE('',#7932,#7933);
#5776=CIRCLE('',#7934,2.175);
#5777=FILL_AREA_STYLE_COLOUR('',#7935);
#5778=LINE('',#7936,#7937);
#5779=FILL_AREA_STYLE_COLOUR('',#7938);
#5780=LINE('',#7939,#7940);
#5781=FILL_AREA_STYLE_COLOUR('',#7941);
#5782=FILL_AREA_STYLE_COLOUR('',#7942);
#5783=LINE('',#7943,#7944);
#5784=VERTEX_POINT('',#7945);
#5785=LINE('',#7946,#7947);
#5786=VERTEX_POINT('',#7948);
#5787=LINE('',#7949,#7950);
#5788=LINE('',#7951,#7952);
#5789=FILL_AREA_STYLE_COLOUR('',#7953);
#5790=FILL_AREA_STYLE_COLOUR('',#7954);
#5791=VERTEX_POINT('',#7955);
#5792=LINE('',#7956,#7957);
#5793=VERTEX_POINT('',#7958);
#5794=LINE('',#7959,#7960);
#5795=LINE('',#7961,#7962);
#5796=FILL_AREA_STYLE_COLOUR('',#7963);
#5797=LINE('',#7964,#7965);
#5798=FILL_AREA_STYLE_COLOUR('',#7966);
#5799=LINE('',#7967,#7968);
#5800=FILL_AREA_STYLE_COLOUR('',#7969);
#5801=FILL_AREA_STYLE_COLOUR('',#7970);
#5802=VERTEX_POINT('',#7971);
#5803=LINE('',#7972,#7973);
#5804=LINE('',#7974,#7975);
#5805=FILL_AREA_STYLE_COLOUR('',#7976);
#5806=LINE('',#7977,#7978);
#5807=FILL_AREA_STYLE_COLOUR('',#7979);
#5808=FILL_AREA_STYLE_COLOUR('',#7980);
#5809=VERTEX_POINT('',#7981);
#5810=LINE('',#7982,#7983);
#5811=LINE('',#7984,#7985);
#5812=FILL_AREA_STYLE_COLOUR('',#7986);
#5813=LINE('',#7987,#7988);
#5814=FILL_AREA_STYLE_COLOUR('',#7989);
#5815=FILL_AREA_STYLE_COLOUR('',#7990);
#5816=FILL_AREA_STYLE_COLOUR('',#7991);
#5817=FILL_AREA_STYLE_COLOUR('',#7992);
#5818=FILL_AREA_STYLE_COLOUR('',#7993);
#5819=LINE('',#7994,#7995);
#5820=FILL_AREA_STYLE_COLOUR('',#7996);
#5821=FILL_AREA_STYLE_COLOUR('',#7997);
#5822=B_SPLINE_CURVE_WITH_KNOTS('',3,(#7998,#7999,#8000,#8001,#8002,#8003,#8004,#8005,#8006,#8007,#8008,#8009,#8010,#8011,#8012,#8013,#8014,#8015,#8016,#8017,#8018,#8019,#8020,#8021,#8022,#8023,#8024,#8025,#8026,#8027,#8028,#8029,#8030,#8031,#8032,#8033,#8034,#8035,#8036,#8037,#8038,#8039,#8040),.UNSPECIFIED.,.F.,.F.,(4,3,3,3,3,3,3,3,3,3,3,3,3,3,4),(2.11499283436557E-11,0.0371822408598492,0.0744874197695437,0.111881119915054,0.149277535722,0.186553232121513,0.223676731003339,0.260803776658586,0.297961461877557,0.335155708679264,0.372375598985181,0.409595723712703,0.446779225623445,0.521034366633301,0.595288045835713),.UNSPECIFIED.);
#5823=FILL_AREA_STYLE_COLOUR('',#8041);
#5824=B_SPLINE_CURVE_WITH_KNOTS('',3,(#8042,#8043,#8044,#8045,#8046,#8047,#8048,#8049,#8050,#8051,#8052,#8053,#8054,#8055,#8056,#8057,#8058,#8059,#8060,#8061,#8062,#8063,#8064,#8065,#8066,#8067,#8068,#8069,#8070,#8071,#8072,#8073,#8074,#8075,#8076,#8077,#8078,#8079,#8080,#8081,#8082,#8083,#8084),.UNSPECIFIED.,.F.,.F.,(4,3,3,3,3,3,3,3,3,3,3,3,3,3,4),(2.11959050070989E-11,0.037182240859864,0.0744874197695524,0.111881119915052,0.149277535722007,0.186553232121521,0.223676731003357,0.260803776658594,0.297961461877568,0.335155708679287,0.372375598985188,0.409595723712729,0.446779225623418,0.521034366633238,0.595288045835496),.UNSPECIFIED.);
#5825=FILL_AREA_STYLE_COLOUR('',#8085);
#5826=VERTEX_POINT('',#8086);
#5827=B_SPLINE_CURVE_WITH_KNOTS('',3,(#8087,#8088,#8089,#8090,#8091,#8092,#8093,#8094,#8095,#8096,#8097,#8098,#8099,#8100,#8101,#8102,#8103,#8104,#8105,#8106,#8107,#8108,#8109,#8110,#8111,#8112,#8113,#8114,#8115,#8116,#8117,#8118,#8119,#8120,#8121,#8122,#8123,#8124,#8125,#8126,#8127,#8128,#8129,#8130,#8131,#8132,#8133,#8134,#8135,#8136,#8137,#8138,#8139,#8140,#8141,#8142,#8143,#8144,#8145,#8146,#8147,#8148,#8149,#8150,#8151,#8152,#8153,#8154,#8155,#8156,#8157,#8158,#8159,#8160,#8161,#8162,#8163,#8164,#8165,#8166,#8167,#8168,#8169,#8170,#8171,#8172,#8173,#8174,#8175,#8176,#8177,#8178,#8179,#8180,#8181,#8182,#8183,#8184,#8185,#8186,#8187,#8188,#8189,#8190,#8191,#8192,#8193,#8194,#8195,#8196,#8197,#8198,#8199,#8200,#8201,#8202,#8203,#8204,#8205,#8206,#8207,#8208,#8209,#8210,#8211,#8212,#8213,#8214,#8215,#8216,#8217,#8218,#8219,#8220,#8221,#8222,#8223,#8224,#8225),.UNSPECIFIED.,.F.,.F.,(4,3,3,3,3,3,3,3,3,3,3,3,3,3,3,3,3,3,3,3,3,3,3,3,3,3,3,3,3,3,3,3,3,3,3,3,3,3,3,3,3,3,3,3,3,3,4),(4.4766609219228E-11,0.132389358102271,0.264756066109874,0.397099360017542,0.529423946102898,0.661739770081447,0.794109648478932,0.926717097026635,1.05937959817397,1.14952192253914,1.23959272724686,1.32959467183947,1.41955554233046,1.46454257447006,1.50963344456257,1.6000140657829,1.6903580678481,1.78048559574388,1.83650408021731,1.89278872951818,1.94926577392337,2.00571431017015,2.06198261002327,2.11804787631965,2.17431312827626,2.23079571099268,2.28730512534112,2.34360514861587,2.45577332541213,2.56835665960375,2.68072021160722,2.73628863346869,2.79187590815045,2.84750160791174,2.90317591515146,3.01466412933054,3.12623907831637,3.23767279186695,3.34882983045455,3.45998402631682,3.57116242450398,3.68236669292817,3.7935875764465,3.90480557384568,4.01599225341851,4.23827851068399,4.46057399566746),.UNSPECIFIED.);
#5828=VERTEX_POINT('',#8226);
#5829=B_SPLINE_CURVE_WITH_KNOTS('',3,(#8227,#8228,#8229,#8230,#8231,#8232,#8233,#8234,#8235,#8236,#8237,#8238,#8239),.UNSPECIFIED.,.F.,.F.,(4,3,3,3,4),(0.0,0.133914869817254,0.267525154598199,0.400770271329442,0.534084656183153),.UNSPECIFIED.);
#5830=VERTEX_POINT('',#8240);
#5831=B_SPLINE_CURVE_WITH_KNOTS('',3,(#8241,#8242,#8243,#8244,#8245,#8246,#8247,#8248,#8249,#8250,#8251,#8252,#8253,#8254,#8255,#8256,#8257,#8258,#8259,#8260,#8261,#8262,#8263,#8264,#8265,#8266,#8267,#8268),.UNSPECIFIED.,.F.,.F.,(4,3,3,3,3,3,3,3,3,4),(4.81792195632017E-12,0.0463228980766107,0.0926878596298162,0.13903922894618,0.185318689318789,0.277437596124121,0.369368214007758,0.461570402041921,0.554012188715885,0.738781329948071),.UNSPECIFIED.);
#5832=VERTEX_POINT('',#8269);
#5833=LINE('',#8270,#8271);
#5834=CIRCLE('',#8272,2.4000000000029);
#5835=FILL_AREA_STYLE_COLOUR('',#8273);
#5836=VERTEX_POINT('',#8274);
#5837=VERTEX_POINT('',#8275);
#5838=LINE('',#8276,#8277);
#5839=LINE('',#8278,#8279);
#5840=LINE('',#8280,#8281);
#5841=FILL_AREA_STYLE_COLOUR('',#8282);
#5842=VERTEX_POINT('',#8283);
#5843=LINE('',#8284,#8285);
#5844=VERTEX_POINT('',#8286);
#5845=LINE('',#8287,#8288);
#5846=LINE('',#8289,#8290);
#5847=FILL_AREA_STYLE_COLOUR('',#8291);
#5848=VERTEX_POINT('',#8292);
#5849=LINE('',#8293,#8294);
#5850=LINE('',#8295,#8296);
#5851=FILL_AREA_STYLE_COLOUR('',#8297);
#5852=VERTEX_POINT('',#8298);
#5853=LINE('',#8299,#8300);
#5854=VERTEX_POINT('',#8301);
#5855=ELLIPSE('',#8302,4.80000000000678,2.40000000000534);
#5856=ELLIPSE('',#8303,4.79999999997378,2.40000000000534);
#5857=FILL_AREA_STYLE_COLOUR('',#8304);
#5858=FILL_AREA_STYLE_COLOUR('',#8305);
#5859=VERTEX_POINT('',#8306);
#5860=LINE('',#8307,#8308);
#5861=LINE('',#8309,#8310);
#5862=LINE('',#8311,#8312);
#5863=FILL_AREA_STYLE_COLOUR('',#8313);
#5864=VERTEX_POINT('',#8314);
#5865=LINE('',#8315,#8316);
#5866=VERTEX_POINT('',#8317);
#5867=LINE('',#8318,#8319);
#5868=LINE('',#8320,#8321);
#5869=FILL_AREA_STYLE_COLOUR('',#8322);
#5870=VERTEX_POINT('',#8323);
#5871=LINE('',#8324,#8325);
#5872=VERTEX_POINT('',#8326);
#5873=LINE('',#8327,#8328);
#5874=VERTEX_POINT('',#8329);
#5875=LINE('',#8330,#8331);
#5876=VERTEX_POINT('',#8332);
#5877=LINE('',#8333,#8334);
#5878=LINE('',#8335,#8336);
#5879=FILL_AREA_STYLE_COLOUR('',#8337);
#5880=VERTEX_POINT('',#8338);
#5881=VERTEX_POINT('',#8339);
#5882=LINE('',#8340,#8341);
#5883=VERTEX_POINT('',#8342);
#5884=LINE('',#8343,#8344);
#5885=LINE('',#8345,#8346);
#5886=VERTEX_POINT('',#8347);
#5887=LINE('',#8348,#8349);
#5888=LINE('',#8350,#8351);
#5889=FILL_AREA_STYLE_COLOUR('',#8352);
#5890=LINE('',#8353,#8354);
#5891=FILL_AREA_STYLE_COLOUR('',#8355);
#5892=LINE('',#8356,#8357);
#5893=LINE('',#8358,#8359);
#5894=FILL_AREA_STYLE_COLOUR('',#8360);
#5895=FILL_AREA_STYLE_COLOUR('',#8361);
#5896=LINE('',#8362,#8363);
#5897=FILL_AREA_STYLE_COLOUR('',#8364);
#5898=VERTEX_POINT('',#8365);
#5899=LINE('',#8366,#8367);
#5900=VERTEX_POINT('',#8368);
#5901=LINE('',#8369,#8370);
#5902=LINE('',#8371,#8372);
#5903=FILL_AREA_STYLE_COLOUR('',#8373);
#5904=FILL_AREA_STYLE_COLOUR('',#8374);
#5905=LINE('',#8375,#8376);
#5906=FILL_AREA_STYLE_COLOUR('',#8377);
#5907=FILL_AREA_STYLE_COLOUR('',#8378);
#5908=B_SPLINE_CURVE_WITH_KNOTS('',3,(#8379,#8380,#8381,#8382,#8383,#8384,#8385,#8386,#8387,#8388,#8389,#8390,#8391,#8392,#8393,#8394,#8395,#8396,#8397,#8398,#8399,#8400,#8401,#8402,#8403,#8404,#8405,#8406,#8407,#8408,#8409,#8410,#8411,#8412,#8413,#8414,#8415,#8416,#8417,#8418,#8419,#8420,#8421),.UNSPECIFIED.,.F.,.F.,(4,3,3,3,3,3,3,3,3,3,3,3,3,3,4),(2.6129983778653E-11,0.0742536792070072,0.14850882022976,0.185692322170012,0.22291244692761,0.260132337264003,0.297326584096328,0.334484269345875,0.37161131503148,0.40873481394322,0.446010510372074,0.483406926209263,0.520800626385354,0.558105805325586,0.595288046215869),.UNSPECIFIED.);
#5909=FILL_AREA_STYLE_COLOUR('',#8422);
#5910=VERTEX_POINT('',#8423);
#5911=LINE('',#8424,#8425);
#5912=VERTEX_POINT('',#8426);
#5913=LINE('',#8427,#8428);
#5914=LINE('',#8429,#8430);
#5915=VERTEX_POINT('',#8431);
#5916=CIRCLE('',#8432,1.0);
#5917=VERTEX_POINT('',#8433);
#5918=LINE('',#8434,#8435);
#5919=VERTEX_POINT('',#8436);
#5920=LINE('',#8437,#8438);
#5921=VERTEX_POINT('',#8439);
#5922=LINE('',#8440,#8441);
#5923=CIRCLE('',#8442,1.0);
#5924=FILL_AREA_STYLE_COLOUR('',#8443);
#5925=VERTEX_POINT('',#8444);
#5926=LINE('',#8445,#8446);
#5927=CIRCLE('',#8447,1.0);
#5928=FILL_AREA_STYLE_COLOUR('',#8448);
#5929=VERTEX_POINT('',#8449);
#5930=LINE('',#8450,#8451);
#5931=LINE('',#8452,#8453);
#5932=FILL_AREA_STYLE_COLOUR('',#8454);
#5933=VERTEX_POINT('',#8455);
#5934=LINE('',#8456,#8457);
#5935=LINE('',#8458,#8459);
#5936=FILL_AREA_STYLE_COLOUR('',#8460);
#5937=VERTEX_POINT('',#8461);
#5938=LINE('',#8462,#8463);
#5939=LINE('',#8464,#8465);
#5940=FILL_AREA_STYLE_COLOUR('',#8466);
#5941=VERTEX_POINT('',#8467);
#5942=CIRCLE('',#8468,1.0);
#5943=B_SPLINE_CURVE_WITH_KNOTS('',3,(#8469,#8470,#8471,#8472,#8473,#8474,#8475,#8476,#8477,#8478,#8479,#8480,#8481,#8482,#8483,#8484),.UNSPECIFIED.,.F.,.F.,(4,3,3,3,3,4),(0.0,0.099999999985359,0.199999999970722,0.299999999956085,0.349999999948762,0.399999999941445),.UNSPECIFIED.);
#5944=FILL_AREA_STYLE_COLOUR('',#8485);
#5945=VERTEX_POINT('',#8486);
#5946=LINE('',#8487,#8488);
#5947=VERTEX_POINT('',#8489);
#5948=LINE('',#8490,#8491);
#5949=VERTEX_POINT('',#8492);
#5950=LINE('',#8493,#8494);
#5951=VERTEX_POINT('',#8495);
#5952=LINE('',#8496,#8497);
#5953=VERTEX_POINT('',#8498);
#5954=LINE('',#8499,#8500);
#5955=VERTEX_POINT('',#8501);
#5956=LINE('',#8502,#8503);
#5957=VERTEX_POINT('',#8504);
#5958=LINE('',#8505,#8506);
#5959=LINE('',#8507,#8508);
#5960=FILL_AREA_STYLE_COLOUR('',#8509);
#5961=VERTEX_POINT('',#8510);
#5962=LINE('',#8511,#8512);
#5963=LINE('',#8513,#8514);
#5964=LINE('',#8515,#8516);
#5965=FILL_AREA_STYLE_COLOUR('',#8517);
#5966=VERTEX_POINT('',#8518);
#5967=LINE('',#8519,#8520);
#5968=LINE('',#8521,#8522);
#5969=FILL_AREA_STYLE_COLOUR('',#8523);
#5970=LINE('',#8524,#8525);
#5971=LINE('',#8526,#8527);
#5972=LINE('',#8528,#8529);
#5973=FILL_AREA_STYLE_COLOUR('',#8530);
#5974=LINE('',#8531,#8532);
#5975=FILL_AREA_STYLE_COLOUR('',#8533);
#5976=FILL_AREA_STYLE_COLOUR('',#8534);
#5977=FILL_AREA_STYLE_COLOUR('',#8535);
#5978=LINE('',#8536,#8537);
#5979=FILL_AREA_STYLE_COLOUR('',#8538);
#5980=LINE('',#8539,#8540);
#5981=FILL_AREA_STYLE_COLOUR('',#8541);
#5982=LINE('',#8542,#8543);
#5983=FILL_AREA_STYLE_COLOUR('',#8544);
#5984=FILL_AREA_STYLE_COLOUR('',#8545);
#5985=VERTEX_POINT('',#8546);
#5986=LINE('',#8547,#8548);
#5987=VERTEX_POINT('',#8549);
#5988=LINE('',#8550,#8551);
#5989=LINE('',#8552,#8553);
#5990=FILL_AREA_STYLE_COLOUR('',#8554);
#5991=VERTEX_POINT('',#8555);
#5992=LINE('',#8556,#8557);
#5993=LINE('',#8558,#8559);
#5994=FILL_AREA_STYLE_COLOUR('',#8560);
#5995=VERTEX_POINT('',#8561);
#5996=B_SPLINE_CURVE_WITH_KNOTS('',3,(#8562,#8563,#8564,#8565,#8566,#8567,#8568,#8569,#8570,#8571,#8572,#8573,#8574,#8575,#8576,#8577,#8578,#8579,#8580,#8581,#8582,#8583,#8584,#8585,#8586,#8587,#8588,#8589,#8590,#8591,#8592,#8593,#8594,#8595,#8596,#8597,#8598,#8599,#8600,#8601,#8602,#8603,#8604,#8605,#8606,#8607,#8608,#8609,#8610,#8611,#8612,#8613,#8614,#8615,#8616,#8617,#8618,#8619,#8620,#8621,#8622,#8623,#8624,#8625,#8626,#8627,#8628,#8629,#8630,#8631,#8632,#8633,#8634,#8635,#8636,#8637,#8638,#8639,#8640,#8641,#8642,#8643,#8644,#8645,#8646,#8647,#8648,#8649,#8650,#8651,#8652,#8653,#8654,#8655,#8656,#8657,#8658,#8659,#8660,#8661,#8662,#8663,#8664,#8665,#8666,#8667,#8668,#8669,#8670,#8671,#8672,#8673,#8674,#8675,#8676,#8677,#8678,#8679,#8680,#8681,#8682,#8683,#8684,#8685,#8686,#8687,#8688,#8689,#8690,#8691,#8692,#8693,#8694,#8695,#8696,#8697,#8698,#8699,#8700),.UNSPECIFIED.,.F.,.F.,(4,3,3,3,3,3,3,3,3,3,3,3,3,3,3,3,3,3,3,3,3,3,3,3,3,3,3,3,3,3,3,3,3,3,3,3,3,3,3,3,3,3,3,3,3,3,4),(4.47704601507476E-11,0.132389358101807,0.264756066109265,0.397099360017069,0.529423946102349,0.661739770080939,0.794109648478501,0.926717097026141,1.05937959817349,1.14952192253863,1.23959272724633,1.32959467183892,1.41955554232991,1.4645425744695,1.50963344456203,1.60001406578237,1.69035806784757,1.78048559574335,1.83650408021677,1.89278872951765,1.94926577392284,2.00571431016961,2.06198261002274,2.11804787631912,2.17431312827573,2.23079571099214,2.28730512534058,2.34360514861534,2.45577332541159,2.5683566596032,2.68072021160668,2.73628863346815,2.7918759081499,2.8475016079112,2.90317591515092,3.01466412933,3.12623907831582,3.23767279186638,3.34882983045395,3.45998402631615,3.57116242450321,3.68236669292739,3.79358757644582,3.90480557384523,4.01599225341837,4.23827851068403,4.46057399566783),.UNSPECIFIED.);
#5997=VERTEX_POINT('',#8701);
#5998=B_SPLINE_CURVE_WITH_KNOTS('',3,(#8702,#8703,#8704,#8705,#8706,#8707,#8708,#8709,#8710,#8711,#8712,#8713,#8714),.UNSPECIFIED.,.F.,.F.,(4,3,3,3,4),(0.0,0.133914869817254,0.26752515459819,0.400770271329471,0.534084656183205),.UNSPECIFIED.);
#5999=VERTEX_POINT('',#8715);
#6000=B_SPLINE_CURVE_WITH_KNOTS('',3,(#8716,#8717,#8718,#8719,#8720,#8721,#8722,#8723,#8724,#8725,#8726,#8727,#8728,#8729,#8730,#8731,#8732,#8733,#8734,#8735,#8736,#8737,#8738,#8739,#8740,#8741,#8742,#8743),.UNSPECIFIED.,.F.,.F.,(4,3,3,3,3,3,3,3,3,4),(4.79365574427976E-12,0.0463228980766203,0.092687859629828,0.139039228946197,0.18531868931882,0.277437596124145,0.369368214007781,0.461570402041943,0.554012188715904,0.738781329948099),.UNSPECIFIED.);
#6001=VERTEX_POINT('',#8744);
#6002=LINE('',#8745,#8746);
#6003=CIRCLE('',#8747,2.4000000000029);
#6004=FILL_AREA_STYLE_COLOUR('',#8748);
#6005=VERTEX_POINT('',#8749);
#6006=VERTEX_POINT('',#8750);
#6007=LINE('',#8751,#8752);
#6008=LINE('',#8753,#8754);
#6009=LINE('',#8755,#8756);
#6010=FILL_AREA_STYLE_COLOUR('',#8757);
#6011=VERTEX_POINT('',#8758);
#6012=LINE('',#8759,#8760);
#6013=VERTEX_POINT('',#8761);
#6014=LINE('',#8762,#8763);
#6015=LINE('',#8764,#8765);
#6016=FILL_AREA_STYLE_COLOUR('',#8766);
#6017=VERTEX_POINT('',#8767);
#6018=LINE('',#8768,#8769);
#6019=LINE('',#8770,#8771);
#6020=FILL_AREA_STYLE_COLOUR('',#8772);
#6021=B_SPLINE_CURVE_WITH_KNOTS('',3,(#8773,#8774,#8775,#8776,#8777,#8778,#8779,#8780,#8781,#8782,#8783,#8784,#8785,#8786,#8787,#8788,#8789,#8790,#8791,#8792,#8793,#8794,#8795,#8796,#8797,#8798,#8799,#8800,#8801,#8802,#8803,#8804,#8805,#8806,#8807,#8808,#8809,#8810,#8811,#8812,#8813,#8814,#8815),.UNSPECIFIED.,.F.,.F.,(4,3,3,3,3,3,3,3,3,3,3,3,3,3,4),(2.61057140667994E-11,0.0742536792095946,0.148508820234915,0.18569232217642,0.222912446935335,0.26013233727302,0.29732658410663,0.33448426935745,0.371611315044343,0.408734813957363,0.446010510387478,0.48340692622596,0.520800626403345,0.558105805344884,0.595288046236261),.UNSPECIFIED.);
#6022=FILL_AREA_STYLE_COLOUR('',#8816);
#6023=LINE('',#8817,#8818);
#6024=FILL_AREA_STYLE_COLOUR('',#8819);
#6025=FILL_AREA_STYLE_COLOUR('',#8820);
#6026=VERTEX_POINT('',#8821);
#6027=LINE('',#8822,#8823);
#6028=LINE('',#8824,#8825);
#6029=FILL_AREA_STYLE_COLOUR('',#8826);
#6030=VERTEX_POINT('',#8827);
#6031=VERTEX_POINT('',#8828);
#6032=LINE('',#8829,#8830);
#6033=ELLIPSE('',#8831,4.80000000000678,2.40000000000534);
#6034=LINE('',#8832,#8833);
#6035=FILL_AREA_STYLE_COLOUR('',#8834);
#6036=ELLIPSE('',#8835,4.79999999997378,2.40000000000534);
#6037=VERTEX_POINT('',#8836);
#6038=LINE('',#8837,#8838);
#6039=VERTEX_POINT('',#8839);
#6040=LINE('',#8840,#8841);
#6041=LINE('',#8842,#8843);
#6042=FILL_AREA_STYLE_COLOUR('',#8844);
#6043=VERTEX_POINT('',#8845);
#6044=LINE('',#8846,#8847);
#6045=VERTEX_POINT('',#8848);
#6046=LINE('',#8849,#8850);
#6047=VERTEX_POINT('',#8851);
#6048=LINE('',#8852,#8853);
#6049=VERTEX_POINT('',#8854);
#6050=LINE('',#8855,#8856);
#6051=LINE('',#8857,#8858);
#6052=FILL_AREA_STYLE_COLOUR('',#8859);
#6053=VERTEX_POINT('',#8860);
#6054=VERTEX_POINT('',#8861);
#6055=LINE('',#8862,#8863);
#6056=VERTEX_POINT('',#8864);
#6057=LINE('',#8865,#8866);
#6058=LINE('',#8867,#8868);
#6059=VERTEX_POINT('',#8869);
#6060=LINE('',#8870,#8871);
#6061=LINE('',#8872,#8873);
#6062=FILL_AREA_STYLE_COLOUR('',#8874);
#6063=LINE('',#8875,#8876);
#6064=FILL_AREA_STYLE_COLOUR('',#8877);
#6065=LINE('',#8878,#8879);
#6066=LINE('',#8880,#8881);
#6067=FILL_AREA_STYLE_COLOUR('',#8882);
#6068=FILL_AREA_STYLE_COLOUR('',#8883);
#6069=LINE('',#8884,#8885);
#6070=FILL_AREA_STYLE_COLOUR('',#8886);
#6071=LINE('',#8887,#8888);
#6072=FILL_AREA_STYLE_COLOUR('',#8889);
#6073=FILL_AREA_STYLE_COLOUR('',#8890);
#6074=FILL_AREA_STYLE_COLOUR('',#8891);
#6075=FILL_AREA_STYLE_COLOUR('',#8892);
#6076=FILL_AREA_STYLE_COLOUR('',#8893);
#6077=VERTEX_POINT('',#8894);
#6078=LINE('',#8895,#8896);
#6079=VERTEX_POINT('',#8897);
#6080=LINE('',#8898,#8899);
#6081=LINE('',#8900,#8901);
#6082=VERTEX_POINT('',#8902);
#6083=CIRCLE('',#8903,1.0);
#6084=VERTEX_POINT('',#8904);
#6085=LINE('',#8905,#8906);
#6086=VERTEX_POINT('',#8907);
#6087=LINE('',#8908,#8909);
#6088=VERTEX_POINT('',#8910);
#6089=LINE('',#8911,#8912);
#6090=CIRCLE('',#8913,1.0);
#6091=FILL_AREA_STYLE_COLOUR('',#8914);
#6092=VERTEX_POINT('',#8915);
#6093=LINE('',#8916,#8917);
#6094=CIRCLE('',#8918,1.0);
#6095=FILL_AREA_STYLE_COLOUR('',#8919);
#6096=VERTEX_POINT('',#8920);
#6097=LINE('',#8921,#8922);
#6098=LINE('',#8923,#8924);
#6099=FILL_AREA_STYLE_COLOUR('',#8925);
#6100=VERTEX_POINT('',#8926);
#6101=LINE('',#8927,#8928);
#6102=LINE('',#8929,#8930);
#6103=FILL_AREA_STYLE_COLOUR('',#8931);
#6104=VERTEX_POINT('',#8932);
#6105=LINE('',#8933,#8934);
#6106=LINE('',#8935,#8936);
#6107=FILL_AREA_STYLE_COLOUR('',#8937);
#6108=VERTEX_POINT('',#8938);
#6109=CIRCLE('',#8939,1.0);
#6110=B_SPLINE_CURVE_WITH_KNOTS('',3,(#8940,#8941,#8942,#8943,#8944,#8945,#8946,#8947,#8948,#8949,#8950,#8951,#8952),.UNSPECIFIED.,.F.,.F.,(4,3,3,3,4),(0.0,0.099999999985359,0.199999999970726,0.299999999956093,0.399999999941452),.UNSPECIFIED.);
#6111=FILL_AREA_STYLE_COLOUR('',#8953);
#6112=VERTEX_POINT('',#8954);
#6113=LINE('',#8955,#8956);
#6114=VERTEX_POINT('',#8957);
#6115=LINE('',#8958,#8959);
#6116=LINE('',#8960,#8961);
#6117=LINE('',#8962,#8963);
#6118=FILL_AREA_STYLE_COLOUR('',#8964);
#6119=VERTEX_POINT('',#8965);
#6120=LINE('',#8966,#8967);
#6121=LINE('',#8968,#8969);
#6122=LINE('',#8970,#8971);
#6123=FILL_AREA_STYLE_COLOUR('',#8972);
#6124=VERTEX_POINT('',#8973);
#6125=LINE('',#8974,#8975);
#6126=LINE('',#8976,#8977);
#6127=FILL_AREA_STYLE_COLOUR('',#8978);
#6128=LINE('',#8979,#8980);
#6129=LINE('',#8981,#8982);
#6130=FILL_AREA_STYLE_COLOUR('',#8983);
#6131=FILL_AREA_STYLE_COLOUR('',#8984);
#6132=FILL_AREA_STYLE_COLOUR('',#8985);
#6133=FILL_AREA_STYLE_COLOUR('',#8986);
#6134=LINE('',#8987,#8988);
#6135=FILL_AREA_STYLE_COLOUR('',#8989);
#6136=LINE('',#8990,#8991);
#6137=LINE('',#8992,#8993);
#6138=FILL_AREA_STYLE_COLOUR('',#8994);
#6139=FILL_AREA_STYLE_COLOUR('',#8995);
#6140=LINE('',#8996,#8997);
#6141=FILL_AREA_STYLE_COLOUR('',#8998);
#6142=FILL_AREA_STYLE_COLOUR('',#8999);
#6143=LINE('',#9000,#9001);
#6144=FILL_AREA_STYLE_COLOUR('',#9002);
#6145=FILL_AREA_STYLE_COLOUR('',#9003);
#6146=COLOUR_RGB('',0.980392217636108,0.517647087574005,0.168627455830574);
#6147=CARTESIAN_POINT('',(2.65000000003064,41.7000000005815,34.7500000028272));
#6148=CARTESIAN_POINT('',(2.65000000003093,41.7000000005806,35.1500000027618));
#6149=CARTESIAN_POINT('',(2.65000000003078,41.7000000005811,34.9500000027939));
#6150=VECTOR('',#9004,1.0);
#6151=CARTESIAN_POINT('',(1.73348486106368,42.3000000005983,34.7500000028224));
#6152=AXIS2_PLACEMENT_3D('',#9005,#9006,#9007);
#6153=CARTESIAN_POINT('',(1.73348486106173,42.3000000006026,35.1500000027617));
#6154=CARTESIAN_POINT('',(1.73348486106173,42.3000000006026,35.1500000027617));
#6155=CARTESIAN_POINT('',(1.73348486106189,42.3000000006022,35.1166666694334));
#6156=CARTESIAN_POINT('',(1.73348486106206,42.3000000006018,35.0833333361051));
#6157=CARTESIAN_POINT('',(1.73348486106222,42.3000000006015,35.0500000027768));
#6158=CARTESIAN_POINT('',(1.73348486106238,42.3000000006011,35.0166666694485));
#6159=CARTESIAN_POINT('',(1.73348486106254,42.3000000006008,34.9833333361203));
#6160=CARTESIAN_POINT('',(1.73348486106271,42.3000000006004,34.950000002792));
#6161=CARTESIAN_POINT('',(1.73348486106287,42.3000000006001,34.9166666694637));
#6162=CARTESIAN_POINT('',(1.73348486106302,42.3000000005997,34.8833333361355));
#6163=CARTESIAN_POINT('',(1.73348486106318,42.3000000005994,34.8500000028072));
#6164=CARTESIAN_POINT('',(1.73348486106335,42.3000000005991,34.8166666694788));
#6165=CARTESIAN_POINT('',(1.73348486106351,42.3000000005988,34.7833333361506));
#6166=CARTESIAN_POINT('',(1.73348486106367,42.3000000005984,34.7500000028223));
#6167=AXIS2_PLACEMENT_3D('',#9008,#9009,#9010);
#6168=COLOUR_RGB('',0.980392217636108,0.517647087574005,0.168627455830574);
#6169=CARTESIAN_POINT('',(2.65000000008817,43.7000000005756,35.1500000027634));
#6170=CARTESIAN_POINT('',(2.65000000008788,43.7000000005714,34.7500000028159));
#6171=CARTESIAN_POINT('',(2.65000000008803,43.7000000005734,34.9500000027879));
#6172=VECTOR('',#9011,1.0);
#6173=CARTESIAN_POINT('',(1.73348486107933,43.1000000006026,35.1500000027613));
#6174=AXIS2_PLACEMENT_3D('',#9012,#9013,#9014);
#6175=CARTESIAN_POINT('',(1.73348486107904,43.1000000005983,34.7500000028178));
#6176=CARTESIAN_POINT('',(1.7334848610794,43.1000000006036,35.250000004976));
#6177=VECTOR('',#9015,1.0);
#6178=AXIS2_PLACEMENT_3D('',#9016,#9017,#9018);
#6179=COLOUR_RGB('',0.0,0.443137288093567,0.709803938865662);
#6180=CARTESIAN_POINT('',(2.74999999557187,50.4500000044434,28.8500000026458));
#6181=CARTESIAN_POINT('',(2.74999999555716,50.4500000044692,35.2499999971429));
#6182=CARTESIAN_POINT('',(2.74999999556562,50.4500000044544,31.5713691353634));
#6183=VECTOR('',#9019,1.0);
#6184=CARTESIAN_POINT('',(4.44705627039059,49.7470562793069,27.632465755884));
#6185=AXIS2_PLACEMENT_3D('',#9020,#9021,#9022);
#6186=CARTESIAN_POINT('',(5.14999999693212,48.050000004438,28.8500000051412));
#6187=AXIS2_PLACEMENT_3D('',#9023,#9024,#9025);
#6188=CARTESIAN_POINT('',(4.93174241849284,49.050000004402,29.3037303597805));
#6189=CARTESIAN_POINT('',(4.93174241850976,49.0500000043981,29.303730359802));
#6190=CARTESIAN_POINT('',(4.94623160698588,49.0183883272244,29.2706368161358));
#6191=CARTESIAN_POINT('',(4.9605374345585,48.985365306966,29.2387151716896));
#6192=CARTESIAN_POINT('',(4.97450202543885,48.9508833038242,29.2081377475504));
#6193=CARTESIAN_POINT('',(4.98846302426491,48.9164101703464,29.1775681887162));
#6194=CARTESIAN_POINT('',(5.00206532063693,48.8805168731983,29.1483812635953));
#6195=CARTESIAN_POINT('',(5.01510570872898,48.8432818636936,29.1208350339042));
#6196=CARTESIAN_POINT('',(5.02162584493784,48.8246645240872,29.1070620412325));
#6197=CARTESIAN_POINT('',(5.02800546545758,48.8057124092109,29.093699114506));
#6198=CARTESIAN_POINT('',(5.03421988836909,48.7864370223251,29.0807764245472));
#6199=CARTESIAN_POINT('',(5.04043410557183,48.7671622734899,29.0678541623533));
#6200=CARTESIAN_POINT('',(5.04648063041882,48.7475748250796,29.055377044655));
#6201=CARTESIAN_POINT('',(5.05236188043007,48.7275911430481,29.0433203233889));
#6202=CARTESIAN_POINT('',(5.05824090116684,48.7076150357861,29.0312681721955));
#6203=CARTESIAN_POINT('',(5.06394363222188,48.6872772736901,29.0196592345361));
#6204=CARTESIAN_POINT('',(5.06943877515339,48.6666066438256,29.0085382689018));
#6205=CARTESIAN_POINT('',(5.07493391057623,48.6459360422059,28.9974173184631));
#6206=CARTESIAN_POINT('',(5.0802213255711,48.6249329333026,28.9867845624366));
#6207=CARTESIAN_POINT('',(5.08527166946158,48.6036300335112,28.9766807372658));
#6208=CARTESIAN_POINT('',(5.09032201511899,48.5823271262666,28.96657690856));
#6209=CARTESIAN_POINT('',(5.09513516082203,48.5607248602292,28.9570022253467));
#6210=CARTESIAN_POINT('',(5.09968446338638,48.5388587792126,28.9479925383118));
#6211=CARTESIAN_POINT('',(5.10423377682689,48.5169926459202,28.9389828297371));
#6212=CARTESIAN_POINT('',(5.10851913222346,48.4948631924274,28.930538306213));
#6213=CARTESIAN_POINT('',(5.11251722274548,48.4725072248167,28.9226892987307));
#6214=CARTESIAN_POINT('',(5.11651446210422,48.4501560166225,28.9148419622428));
#6215=CARTESIAN_POINT('',(5.12022634300296,48.4275734644665,28.9075863102426));
#6216=CARTESIAN_POINT('',(5.12364372024219,48.4047047665968,28.9009268060599));
#6217=CARTESIAN_POINT('',(5.12705982662422,48.3818445731582,28.8942697784195));
#6218=CARTESIAN_POINT('',(5.13017491057549,48.3587360101736,28.8882216328699));
#6219=CARTESIAN_POINT('',(5.13296552011407,48.3354388049171,28.8828164045666));
#6220=CARTESIAN_POINT('',(5.13575612965102,48.3121415996742,28.8774111762664));
#6221=CARTESIAN_POINT('',(5.13822210587553,48.2886568025419,28.8726491350212));
#6222=CARTESIAN_POINT('',(5.14034612503913,48.2650473976012,28.8685544138916));
#6223=CARTESIAN_POINT('',(5.14247041042966,48.2414350334313,28.864459179525));
#6224=CARTESIAN_POINT('',(5.1442517830891,48.2177117281656,28.8610330781771));
#6225=CARTESIAN_POINT('',(5.14568185831588,48.1939041825625,28.8582854179264));
#6226=CARTESIAN_POINT('',(5.14711264839049,48.1700847363462,28.8555363842102));
#6227=CARTESIAN_POINT('',(5.14819416107585,48.1461338533068,28.8534619144945));
#6228=CARTESIAN_POINT('',(5.1489160140972,48.1221244526154,28.8520777911526));
#6229=CARTESIAN_POINT('',(5.14963786612573,48.0981150849459,28.8506936697145));
#6230=CARTESIAN_POINT('',(5.14999999556401,48.0740486204099,28.8500000027265));
#6231=CARTESIAN_POINT('',(5.14999999556401,48.050000004438,28.8500000027261));
#6232=CARTESIAN_POINT('',(4.93174241849515,49.0500000044243,35.249999997148));
#6233=CARTESIAN_POINT('',(4.93174241849515,49.0500000044243,35.249999997148));
#6234=VECTOR('',#9026,1.0);
#6235=AXIS2_PLACEMENT_3D('',#9027,#9028,#9029);
#6236=COLOUR_RGB('',0.0,0.443137288093567,0.709803938865662);
#6237=CARTESIAN_POINT('',(2.7499999955113,45.0500000044434,35.2499999971689));
#6238=CARTESIAN_POINT('',(2.74999999549316,45.050000004409,28.8500000027284));
#6239=CARTESIAN_POINT('',(2.74999999552482,45.0500000044103,29.0836091436712));
#6240=VECTOR('',#9030,1.0);
#6241=CARTESIAN_POINT('',(4.93174241844293,46.4500000044541,35.2499999971624));
#6242=AXIS2_PLACEMENT_3D('',#9031,#9032,#9033);
#6243=CARTESIAN_POINT('',(4.93174241845579,46.4500000044216,29.3037303600918));
#6244=CARTESIAN_POINT('',(4.93174241844293,46.4500000044541,35.2499999971624));
#6245=VECTOR('',#9034,1.0);
#6246=CARTESIAN_POINT('',(5.14999999693212,47.4500000044086,28.8500000051481));
#6247=CARTESIAN_POINT('',(4.93174241845561,46.4500000044212,29.3037303600918));
#6248=CARTESIAN_POINT('',(4.9462359394047,46.4816211339334,29.2706269209634));
#6249=CARTESIAN_POINT('',(4.96054297004647,46.514647379851,29.2387027946739));
#6250=CARTESIAN_POINT('',(4.97451103019416,46.5491389403949,29.2081180305763));
#6251=CARTESIAN_POINT('',(4.98847505186506,46.5836205286618,29.177542109214));
#6252=CARTESIAN_POINT('',(5.00208062241265,46.6195240629527,29.1483485150867));
#6253=CARTESIAN_POINT('',(5.01512409137349,46.6567706362945,29.120796203194));
#6254=CARTESIAN_POINT('',(5.02164576712714,46.6753937552667,29.1070201712989));
#6255=CARTESIAN_POINT('',(5.02802687746299,46.6943519735305,29.0936543528721));
#6256=CARTESIAN_POINT('',(5.03424268652571,46.7136337038448,29.0807290170284));
#6257=CARTESIAN_POINT('',(5.04045862444292,46.7329158338718,29.0678034132409));
#6258=CARTESIAN_POINT('',(5.04650565729983,46.7525075899936,29.0553255147643));
#6259=CARTESIAN_POINT('',(5.05238609869826,46.7724911617245,29.0432706758063));
#6260=CARTESIAN_POINT('',(5.05826447945614,46.792467730757,29.0312200611382));
#6261=CARTESIAN_POINT('',(5.06396573895853,46.8128031817493,29.0196143303234));
#6262=CARTESIAN_POINT('',(5.06945889196682,46.8334690418408,29.0084975573327));
#6263=CARTESIAN_POINT('',(5.07495203899496,46.8541348794343,28.9973807964444));
#6264=CARTESIAN_POINT('',(5.0802369507774,46.8751307705385,28.9867532091885));
#6265=CARTESIAN_POINT('',(5.08528460588167,46.8964245455696,28.9766548565554));
#6266=CARTESIAN_POINT('',(5.09033226408103,46.9177183336576,28.9665564977301));
#6267=CARTESIAN_POINT('',(5.09514254124718,46.9393095822922,28.9569875799307));
#6268=CARTESIAN_POINT('',(5.0996891061082,46.9611635454075,28.9479833437143));
#6269=CARTESIAN_POINT('',(5.10423568297452,46.9830175662287,28.938979083722));
#6270=CARTESIAN_POINT('',(5.10851843800817,47.0051338204078,28.9305396844458));
#6271=CARTESIAN_POINT('',(5.11251432159688,47.0274765623327,28.9226949942751));
#6272=CARTESIAN_POINT('',(5.11650982346509,47.0498171698906,28.9148510534953));
#6273=CARTESIAN_POINT('',(5.12023012363454,47.0724500852843,28.9075789254482));
#6274=CARTESIAN_POINT('',(5.12364770959837,47.0953219398512,28.900919031977));
#6275=CARTESIAN_POINT('',(5.12706528465193,47.1181937214023,28.8942591597668));
#6276=CARTESIAN_POINT('',(5.13017994238174,47.1413034295825,28.8882118736348));
#6277=CARTESIAN_POINT('',(5.13296925232817,47.1645923641155,28.8828091755464));
#6278=CARTESIAN_POINT('',(5.13855155990793,47.2112010229826,28.8719966365781));
#6279=CARTESIAN_POINT('',(5.14281543421036,47.2583813116391,28.863792795404));
#6280=CARTESIAN_POINT('',(5.14568095225721,47.3060807438824,28.8582871588031));
#6281=CARTESIAN_POINT('',(5.14711382392126,47.3299323350205,28.8555341240818));
#6282=CARTESIAN_POINT('',(5.14819556748576,47.3539006808296,28.8534592168384));
#6283=CARTESIAN_POINT('',(5.14891712029034,47.3779123597845,28.8520756701037));
#6284=CARTESIAN_POINT('',(5.14963867429341,47.4019240786221,28.8506921210709));
#6285=CARTESIAN_POINT('',(5.14999999552496,47.4259777192346,28.8500000028317));
#6286=CARTESIAN_POINT('',(5.14999999552498,47.4500000044066,28.8500000028317));
#6287=AXIS2_PLACEMENT_3D('',#9035,#9036,#9037);
#6288=COLOUR_RGB('',0.0,0.443137288093567,0.709803938865662);
#6289=CARTESIAN_POINT('',(2.74999999550223,46.3500000045627,26.5983339525785));
#6290=CARTESIAN_POINT('',(2.74999999550174,46.0101009091658,27.1870564552642));
#6291=VECTOR('',#9038,1.0);
#6292=CARTESIAN_POINT('',(4.2542628787728,47.4500000044123,27.2985378062631));
#6293=CARTESIAN_POINT('',(4.1898990907441,47.4500000043982,27.1870564552551));
#6294=VECTOR('',#9039,2.8797981904698);
#6295=CARTESIAN_POINT('',(4.30000001363542,46.350000004571,27.9851139342631));
#6296=CARTESIAN_POINT('',(4.25426287877335,47.4500000043989,27.2985378062899));
#6297=CARTESIAN_POINT('',(4.25483438552227,47.4362549933573,27.2995276850161));
#6298=CARTESIAN_POINT('',(4.25540560962535,47.4225167800829,27.3008436680518));
#6299=CARTESIAN_POINT('',(4.25597593415544,47.4088002019703,27.3024808418989));
#6300=CARTESIAN_POINT('',(4.25654625623149,47.3950836828787,27.3041180087014));
#6301=CARTESIAN_POINT('',(4.25711566787199,47.3813890601914,27.3060763441513));
#6302=CARTESIAN_POINT('',(4.25768350190494,47.367732379728,27.3083471812012));
#6303=CARTESIAN_POINT('',(4.25825133458772,47.3540757317368,27.3106180128518));
#6304=CARTESIAN_POINT('',(4.25881757966422,47.3404572664163,27.3132012977404));
#6305=CARTESIAN_POINT('',(4.25938155884536,47.326893296985,27.3160847163462));
#6306=CARTESIAN_POINT('',(4.25994553757269,47.3133293384682,27.3189681326318));
#6307=CARTESIAN_POINT('',(4.26050724182163,47.2998200822171,27.3221516169125));
#6308=CARTESIAN_POINT('',(4.26106601274785,47.2863813738112,27.3256195540786));
#6309=CARTESIAN_POINT('',(4.26218358327396,47.259503267384,27.3325556063701));
#6310=CARTESIAN_POINT('',(4.26328927322028,47.2329108946094,27.3406309490003));
#6311=CARTESIAN_POINT('',(4.26437845688344,47.2067155058321,27.349690270814));
#6312=CARTESIAN_POINT('',(4.26546765183755,47.1805198455022,27.3587496865405));
#6313=CARTESIAN_POINT('',(4.26654021712103,47.1547241367541,27.3687908918469));
#6314=CARTESIAN_POINT('',(4.2675924685975,47.1294169847557,27.3796336959344));
#6315=CARTESIAN_POINT('',(4.2686448726975,47.1041061620885,27.3904780727133));
#6316=CARTESIAN_POINT('',(4.26968238138595,47.0791535812031,27.4021775853393));
#6317=CARTESIAN_POINT('',(4.27070545867041,47.0545480824959,27.414618434383));
#6318=CARTESIAN_POINT('',(4.27172854068498,47.0299424700274,27.4270593409459));
#6319=CARTESIAN_POINT('',(4.27273721916229,47.0056832695287,27.4402418768103));
#6320=CARTESIAN_POINT('',(4.27373194330824,46.9817596773824,27.4540605269581));
#6321=CARTESIAN_POINT('',(4.27472666932377,46.9578360402721,27.4678792030778));
#6322=CARTESIAN_POINT('',(4.27570746249885,46.9342474946479,27.4823343237969));
#6323=CARTESIAN_POINT('',(4.27667465576344,46.9109860333845,27.4973274717178));
#6324=CARTESIAN_POINT('',(4.27764184890904,46.8877245749831,27.512320617794));
#6325=CARTESIAN_POINT('',(4.27859545701842,46.8647898432095,27.5278520881765));
#6326=CARTESIAN_POINT('',(4.27953564337278,46.8421779110726,27.5438290157271));
#6327=CARTESIAN_POINT('',(4.28047582851162,46.8195660081694,27.5598059226221));
#6328=CARTESIAN_POINT('',(4.28140260143321,46.7972766751586,27.5762285234501));
#6329=CARTESIAN_POINT('',(4.28231593854725,46.7753104801111,27.5930081171787));
#6330=CARTESIAN_POINT('',(4.28322933261074,46.7533429154018,27.6097887571678));
#6331=CARTESIAN_POINT('',(4.28412904878748,46.7317043107767,27.6269217916114));
#6332=CARTESIAN_POINT('',(4.28501558230931,46.7103827549596,27.644335352919));
#6333=CARTESIAN_POINT('',(4.28590252628921,46.6890513274293,27.6617569765689));
#6334=CARTESIAN_POINT('',(4.2867784808384,46.6679842009714,27.6795026286305));
#6335=CARTESIAN_POINT('',(4.28764453744291,46.6471551248234,27.6975300801418));
#6336=CARTESIAN_POINT('',(4.28851059646915,46.626325990432,27.7155575820625));
#6337=CARTESIAN_POINT('',(4.28936676499315,46.6057347273563,27.7338671585568));
#6338=CARTESIAN_POINT('',(4.29021399802361,46.5853583671802,27.7524232564278));
#6339=CARTESIAN_POINT('',(4.29106123229094,46.5649819772567,27.7709793813889));
#6340=CARTESIAN_POINT('',(4.29189953589569,46.5448203740454,27.7897822385282));
#6341=CARTESIAN_POINT('',(4.29272972696263,46.5248538812544,27.8088012744088));
#6342=CARTESIAN_POINT('',(4.29355991847213,46.5048873778194,27.8278203204281));
#6343=CARTESIAN_POINT('',(4.29438200047311,46.4851159119486,27.847055703771));
#6344=CARTESIAN_POINT('',(4.29519666058355,46.4655229461,27.8664805660054));
#6345=CARTESIAN_POINT('',(4.29601132064115,46.4459299815224,27.8859054269798));
#6346=CARTESIAN_POINT('',(4.29681856061201,46.4265154735845,27.9055198842043));
#6347=CARTESIAN_POINT('',(4.29761894793849,46.4072657750261,27.9252997904073));
#6348=CARTESIAN_POINT('',(4.29841933493907,46.3880160843059,27.9450796885562));
#6349=CARTESIAN_POINT('',(4.29921287027428,46.3689311794195,27.9650251210545));
#6350=CARTESIAN_POINT('',(4.30000001363533,46.3500000045732,27.9851139342612));
#6351=CARTESIAN_POINT('',(4.30000001364827,46.3500000045711,27.9851139342815));
#6352=CARTESIAN_POINT('',(4.27449920594921,46.3500000045708,27.9490940481438));
#6353=CARTESIAN_POINT('',(4.24885991942503,46.3500000045706,27.9131756598087));
#6354=CARTESIAN_POINT('',(4.22306354615959,46.3500000045703,27.8773752667071));
#6355=CARTESIAN_POINT('',(4.19726717126698,46.3500000045701,27.8415748713474));
#6356=CARTESIAN_POINT('',(4.17131373724516,46.3500000045699,27.8058923639179));
#6357=CARTESIAN_POINT('',(4.14518037487799,46.3500000045695,27.7703471252311));
#6358=CARTESIAN_POINT('',(4.1190470180682,46.3500000045693,27.7348018941031));
#6359=CARTESIAN_POINT('',(4.09273376036712,46.350000004569,27.6993937738549));
#6360=CARTESIAN_POINT('',(4.06621246890886,46.3500000045688,27.6641461930676));
#6361=CARTESIAN_POINT('',(4.03969119550021,46.3500000045685,27.6288986362687));
#6362=CARTESIAN_POINT('',(4.01296191235576,46.3500000045683,27.5938113857604));
#6363=CARTESIAN_POINT('',(3.98598993240443,46.3500000045681,27.5589136095893));
#6364=CARTESIAN_POINT('',(3.9590179909108,46.3500000045679,27.5240158831766));
#6365=CARTESIAN_POINT('',(3.93180336597849,46.3500000045705,27.4893072831737));
#6366=CARTESIAN_POINT('',(3.9043031174149,46.3500000045702,27.4548251729102));
#6367=CARTESIAN_POINT('',(3.8768007707678,46.35000000457,27.4203404318942));
#6368=CARTESIAN_POINT('',(3.8490289351906,46.3500000045874,27.3861008613494));
#6369=CARTESIAN_POINT('',(3.82086154929029,46.3500000045872,27.352069113889));
#6370=CARTESIAN_POINT('',(3.79269924028861,46.350000004587,27.3180435003215));
#6371=CARTESIAN_POINT('',(3.76416911499428,46.3500000045662,27.2842598511859));
#6372=CARTESIAN_POINT('',(3.73523119710079,46.350000004566,27.250819560607));
#6373=CARTESIAN_POINT('',(3.70629319048518,46.3500000045657,27.217379167502));
#6374=CARTESIAN_POINT('',(3.67694743682641,46.3500000045656,27.184281171297));
#6375=CARTESIAN_POINT('',(3.64713032661273,46.3500000045653,27.1516403460143));
#6376=CARTESIAN_POINT('',(3.62685802533939,46.3500000045652,27.1294482341966));
#6377=CARTESIAN_POINT('',(3.60636709696542,46.3500000045651,27.1074673783631));
#6378=CARTESIAN_POINT('',(3.58562920768429,46.3500000045649,27.0857394571421));
#6379=CARTESIAN_POINT('',(3.56489132729733,46.3500000045648,27.0640115452399));
#6380=CARTESIAN_POINT('',(3.54390635408034,46.3500000045646,27.0425361302542));
#6381=CARTESIAN_POINT('',(3.52263790083932,46.3500000045645,27.021362410831));
#6382=CARTESIAN_POINT('',(3.50136950976657,46.3500000045643,27.0001887532993));
#6383=CARTESIAN_POINT('',(3.47981736470734,46.3500000045643,26.9793161271077));
#6384=CARTESIAN_POINT('',(3.45793592765865,46.350000004564,26.9588052879735));
#6385=CARTESIAN_POINT('',(3.43605464720299,46.350000004564,26.9382945956237));
#6386=CARTESIAN_POINT('',(3.41384355396708,46.3500000045725,26.9181447031539));
#6387=CARTESIAN_POINT('',(3.3912472320303,46.3500000045724,26.898433830348));
#6388=CARTESIAN_POINT('',(3.3799470438531,46.3500000045724,26.8885766256016));
#6389=CARTESIAN_POINT('',(3.36855925639347,46.3500000045638,26.878836985698));
#6390=CARTESIAN_POINT('',(3.35705003125101,46.3500000045638,26.8692051832069));
#6391=CARTESIAN_POINT('',(3.34553956707783,46.3500000045638,26.8595723437999));
#6392=CARTESIAN_POINT('',(3.3339069817196,46.3500000045635,26.85004720279));
#6393=CARTESIAN_POINT('',(3.32215249528512,46.3500000045634,26.8406523817448));
#6394=CARTESIAN_POINT('',(3.29864358661073,46.3500000045633,26.8218627909621));
#6395=CARTESIAN_POINT('',(3.27464770438671,46.3500000045632,26.8035932380853));
#6396=CARTESIAN_POINT('',(3.25015499114875,46.3500000045631,26.7860341218679));
#6397=CARTESIAN_POINT('',(3.22566226361894,46.350000004563,26.7684749954045));
#6398=CARTESIAN_POINT('',(3.20067131720964,46.3500000045629,26.7516247832474));
#6399=CARTESIAN_POINT('',(3.17515542599826,46.3500000045629,26.7356919338596));
#6400=CARTESIAN_POINT('',(3.14963976903465,46.3500000045628,26.7197592307429));
#6401=CARTESIAN_POINT('',(3.1235964909308,46.3500000045784,26.7047417887839));
#6402=CARTESIAN_POINT('',(3.09698613801883,46.3500000045783,26.6908763896733));
#6403=CARTESIAN_POINT('',(3.08041845856046,46.3500000045783,26.6822437537671));
#6404=CARTESIAN_POINT('',(3.06365016518446,46.3500000045626,26.6740671050169));
#6405=CARTESIAN_POINT('',(3.04661366663545,46.3500000045626,26.6663846825311));
#6406=CARTESIAN_POINT('',(3.02956620190155,46.3500000045626,26.6586973149643));
#6407=CARTESIAN_POINT('',(3.01221674434969,46.3500000045689,26.6514924544267));
#6408=CARTESIAN_POINT('',(2.99461222868002,46.3500000045689,26.6448735027571));
#6409=CARTESIAN_POINT('',(2.97700783493732,46.3500000045689,26.6382545969296));
#6410=CARTESIAN_POINT('',(2.95914943031981,46.350000004572,26.6322224994645));
#6411=CARTESIAN_POINT('',(2.94109426236633,46.350000004572,26.6268699497272));
#6412=CARTESIAN_POINT('',(2.92303907555663,46.350000004572,26.6215173943997));
#6413=CARTESIAN_POINT('',(2.90478912241183,46.3500000045648,26.6168454446375));
#6414=CARTESIAN_POINT('',(2.88640945717654,46.3500000045648,26.6129276999444));
#6415=CARTESIAN_POINT('',(2.86802955519426,46.3500000045649,26.6090099047872));
#6416=CARTESIAN_POINT('',(2.84952296544759,46.3500000045626,26.6058472027785));
#6417=CARTESIAN_POINT('',(2.83095543935222,46.3500000045626,26.6034867513318));
#6418=CARTESIAN_POINT('',(2.81237746439391,46.3500000045626,26.6011249715427));
#6419=CARTESIAN_POINT('',(2.79378785111051,46.3500000045625,26.5995683341765));
#6420=CARTESIAN_POINT('',(2.77510162817109,46.3500000045626,26.5988299567843));
#6421=CARTESIAN_POINT('',(2.75641197727163,46.3500000045627,26.5980914439378));
#6422=CARTESIAN_POINT('',(2.73763381969582,46.3500000045627,26.5981769390817));
#6423=CARTESIAN_POINT('',(2.71885536209221,46.3500000045628,26.5990974672422));
#6424=CARTESIAN_POINT('',(2.70007730190383,46.3500000045629,26.600017975921));
#6425=CARTESIAN_POINT('',(2.68130425728489,46.350000004563,26.601773466159));
#6426=CARTESIAN_POINT('',(2.66263403744638,46.350000004563,26.6043337854697));
#6427=CARTESIAN_POINT('',(2.64396386931945,46.3500000045631,26.606894097689));
#6428=CARTESIAN_POINT('',(2.62540119685258,46.3500000045634,26.6102582060555));
#6429=CARTESIAN_POINT('',(2.60703736883219,46.3500000045634,26.6143575696555));
#6430=CARTESIAN_POINT('',(2.58867329968302,46.3500000045635,26.6184569870827));
#6431=CARTESIAN_POINT('',(2.570511353021,46.3500000045634,26.6232901630484));
#6432=CARTESIAN_POINT('',(2.55262554311439,46.3500000045635,26.6287614121659));
#6433=CARTESIAN_POINT('',(2.51690594234963,46.3500000045637,26.6396879978328));
#6434=CARTESIAN_POINT('',(2.48201779239582,46.3500000045639,26.6532328583955));
#6435=CARTESIAN_POINT('',(2.44795611127425,46.3500000045641,26.6688542469329));
#6436=CARTESIAN_POINT('',(2.41390040552559,46.3500000045643,26.6844728950413));
#6437=CARTESIAN_POINT('',(2.38069614097475,46.3500000045645,26.7021566838026));
#6438=CARTESIAN_POINT('',(2.34841169808026,46.3500000045647,26.7213333445265));
#6439=CARTESIAN_POINT('',(2.31612400050534,46.350000004565,26.7405119385007));
#6440=CARTESIAN_POINT('',(2.28476810634137,46.3500000045658,26.7611737839838));
#6441=CARTESIAN_POINT('',(2.25438396514164,46.350000004566,26.7827923386834));
#6442=CARTESIAN_POINT('',(2.23929168998114,46.3500000045662,26.7935306107956));
#6443=CARTESIAN_POINT('',(2.22439308822462,46.3500000045658,26.8045382215533));
#6444=CARTESIAN_POINT('',(2.20967044125165,46.350000004566,26.8157810773298));
#6445=CARTESIAN_POINT('',(2.1949477340366,46.3500000045661,26.8270239791097));
#6446=CARTESIAN_POINT('',(2.18040079880386,46.3500000045662,26.8385023339014));
#6447=CARTESIAN_POINT('',(2.16601356488221,46.3500000045664,26.8501873460467));
#6448=CARTESIAN_POINT('',(2.15162629706225,46.3500000045665,26.8618723857236));
#6449=CARTESIAN_POINT('',(2.1373986055038,46.3500000045666,26.8737642502626));
#6450=CARTESIAN_POINT('',(2.1233163689043,46.3500000045669,26.885838220703));
#6451=CARTESIAN_POINT('',(2.10923411694707,46.350000004567,26.897912204311));
#6452=CARTESIAN_POINT('',(2.09529723695937,46.3500000045671,26.9101684247069));
#6453=CARTESIAN_POINT('',(2.08149365133109,46.3500000045672,26.9225852288052));
#6454=CARTESIAN_POINT('',(2.05388672678151,46.3500000045675,26.9474186150803));
#6455=CARTESIAN_POINT('',(2.02681026765274,46.3500000045678,26.9728936032979));
#6456=CARTESIAN_POINT('',(2.00019220530347,46.3500000045681,26.9988610477471));
#6457=CARTESIAN_POINT('',(1.97357419575028,46.3500000045684,27.0248284406909));
#6458=CARTESIAN_POINT('',(1.94741395593237,46.3500000045687,27.0512900758893));
#6459=CARTESIAN_POINT('',(1.92166616780992,46.350000004569,27.0781170137435));
#6460=CARTESIAN_POINT('',(1.89591848238723,46.3500000045693,27.1049438445937));
#6461=CARTESIAN_POINT('',(1.87058315950147,46.3500000045714,27.1321368581936));
#6462=CARTESIAN_POINT('',(1.84563536286856,46.3500000045716,27.1595788582061));
#6463=CARTESIAN_POINT('',(1.82069450560662,46.350000004572,27.1870132250708));
#6464=CARTESIAN_POINT('',(1.79612387019907,46.350000004586,27.2147143473377));
#6465=CARTESIAN_POINT('',(1.77182114892649,46.3500000045863,27.242686184666));
#6466=CARTESIAN_POINT('',(1.7475224840319,46.3500000045867,27.2706533532025));
#6467=CARTESIAN_POINT('',(1.72350973261621,46.3500000045715,27.2988716564895));
#6468=CARTESIAN_POINT('',(1.69974208328677,46.3500000045718,27.3272999696636));
#6469=CARTESIAN_POINT('',(1.67597440204065,46.3500000045721,27.355728321013));
#6470=CARTESIAN_POINT('',(1.65245178020942,46.3500000045725,27.3843670690196));
#6471=CARTESIAN_POINT('',(1.6291414561304,46.3500000045727,27.4131831350781));
#6472=CARTESIAN_POINT('',(1.60583112407216,46.3500000045731,27.4419992110003));
#6473=CARTESIAN_POINT('',(1.58273308330318,46.3500000045733,27.470992860544));
#6474=CARTESIAN_POINT('',(1.55982115670806,46.3500000045737,27.5001364899843));
#6475=CARTESIAN_POINT('',(1.53690923454996,46.3500000045739,27.5292801137808));
#6476=CARTESIAN_POINT('',(1.51418343921934,46.3500000045743,27.558573885365));
#6477=CARTESIAN_POINT('',(1.49162296444461,46.3500000045746,27.587993996963));
#6478=CARTESIAN_POINT('',(1.46906249883572,46.350000004575,27.6174140966082));
#6479=CARTESIAN_POINT('',(1.44666737636837,46.3500000045858,27.6469606445083));
#6480=CARTESIAN_POINT('',(1.42442114256064,46.350000004586,27.6766125263319));
#6481=CARTESIAN_POINT('',(1.40217491750707,46.3500000045864,27.7062643964871));
#6482=CARTESIAN_POINT('',(1.3800776086849,46.3500000045762,27.736021667675));
#6483=CARTESIAN_POINT('',(1.35811624422249,46.3500000045766,27.7658652569993));
#6484=CARTESIAN_POINT('',(1.31419774123818,46.3500000045772,27.8255466929617));
#6485=CARTESIAN_POINT('',(1.27080009933148,46.3500000045802,27.8855997927872));
#6486=CARTESIAN_POINT('',(1.22781086382935,46.3500000045809,27.9459505269303));
#6487=CARTESIAN_POINT('',(1.1848220992232,46.3500000045815,28.006300600003));
#6488=CARTESIAN_POINT('',(1.14224448694977,46.350000004589,28.0669461716371));
#6489=CARTESIAN_POINT('',(1.09999999587538,46.3500000045897,28.1278269629132));
#6490=COLOUR_RGB('',0.980392217636108,0.517647087574005,0.168627455830574);
#6491=CARTESIAN_POINT('',(2.65000000007656,51.9000000017605,34.7500000028218));
#6492=CARTESIAN_POINT('',(2.65000000007685,51.9000000017596,35.1500000027563));
#6493=CARTESIAN_POINT('',(2.6500000000767,51.9000000017601,34.9500000027885));
#6494=VECTOR('',#9040,1.0);
#6495=CARTESIAN_POINT('',(1.73348486110961,52.5000000017773,34.7500000028169));
#6496=AXIS2_PLACEMENT_3D('',#9041,#9042,#9043);
#6497=CARTESIAN_POINT('',(1.73348486110766,52.5000000017815,35.1500000027584));
#6498=CARTESIAN_POINT('',(1.7334848611096,52.5000000017773,34.750000002817));
#6499=CARTESIAN_POINT('',(1.73348486110944,52.5000000017777,34.7833333361452));
#6500=CARTESIAN_POINT('',(1.73348486110927,52.500000001778,34.8166666694734));
#6501=CARTESIAN_POINT('',(1.73348486110911,52.5000000017784,34.8500000028017));
#6502=CARTESIAN_POINT('',(1.73348486110895,52.5000000017787,34.88333333613));
#6503=CARTESIAN_POINT('',(1.73348486110879,52.5000000017791,34.9166666694583));
#6504=CARTESIAN_POINT('',(1.73348486110863,52.5000000017794,34.9500000027866));
#6505=CARTESIAN_POINT('',(1.73348486110847,52.5000000017798,34.9833333361149));
#6506=CARTESIAN_POINT('',(1.73348486110831,52.5000000017802,35.0166666694431));
#6507=CARTESIAN_POINT('',(1.73348486110815,52.5000000017805,35.0500000027714));
#6508=CARTESIAN_POINT('',(1.73348486110798,52.5000000017809,35.0833333360997));
#6509=CARTESIAN_POINT('',(1.73348486110782,52.5000000017812,35.116666669428));
#6510=CARTESIAN_POINT('',(1.73348486110766,52.5000000017816,35.1500000027563));
#6511=AXIS2_PLACEMENT_3D('',#9044,#9045,#9046);
#6512=COLOUR_RGB('',0.980392217636108,0.517647087574005,0.168627455830574);
#6513=CARTESIAN_POINT('',(2.65000000013409,53.9000000017546,35.150000002758));
#6514=CARTESIAN_POINT('',(2.6500000001338,53.9000000017504,34.7500000028105));
#6515=CARTESIAN_POINT('',(2.65000000013395,53.9000000017524,34.9500000027825));
#6516=VECTOR('',#9047,1.0);
#6517=CARTESIAN_POINT('',(1.73348486112525,53.3000000017816,35.1500000027559));
#6518=AXIS2_PLACEMENT_3D('',#9048,#9049,#9050);
#6519=CARTESIAN_POINT('',(1.73348486112497,53.3000000017773,34.7500000028123));
#6520=CARTESIAN_POINT('',(1.73348486112533,53.3000000017826,35.2500000049746));
#6521=VECTOR('',#9051,1.0);
#6522=AXIS2_PLACEMENT_3D('',#9052,#9053,#9054);
#6523=COLOUR_RGB('',0.0,0.443137288093567,0.709803938865662);
#6524=CARTESIAN_POINT('',(2.74999999551027,55.2500000052839,35.2499999971126));
#6525=CARTESIAN_POINT('',(2.74999999549213,55.2500000052493,28.850000002723));
#6526=CARTESIAN_POINT('',(2.74999999552379,55.2500000052507,29.0836091436659));
#6527=VECTOR('',#9055,1.0);
#6528=CARTESIAN_POINT('',(4.9317424184419,56.6500000052945,35.249999997106));
#6529=AXIS2_PLACEMENT_3D('',#9056,#9057,#9058);
#6530=CARTESIAN_POINT('',(4.93174241845476,56.650000005262,29.3037303600864));
#6531=CARTESIAN_POINT('',(4.9317424184419,56.6500000052945,35.249999997106));
#6532=VECTOR('',#9059,1.0);
#6533=CARTESIAN_POINT('',(5.14999999693212,57.650000005249,28.8500000051445));
#6534=CARTESIAN_POINT('',(4.93174241845458,56.6500000052616,29.3037303600864));
#6535=CARTESIAN_POINT('',(4.94623593940369,56.6816211347739,29.270626920958));
#6536=CARTESIAN_POINT('',(4.96054297004543,56.7146473806914,29.2387027946685));
#6537=CARTESIAN_POINT('',(4.97451103019312,56.7491389412353,29.2081180305709));
#6538=CARTESIAN_POINT('',(4.98847505186404,56.7836205295022,29.1775421092087));
#6539=CARTESIAN_POINT('',(5.00208062241161,56.8195240637929,29.1483485150812));
#6540=CARTESIAN_POINT('',(5.01512409137246,56.8567706371348,29.1207962031886));
#6541=CARTESIAN_POINT('',(5.02164576712519,56.8753937561045,29.1070201712954));
#6542=CARTESIAN_POINT('',(5.02802687746108,56.8943519743682,29.0936543528685));
#6543=CARTESIAN_POINT('',(5.03424268652467,56.9136337046852,29.080729017023));
#6544=CARTESIAN_POINT('',(5.04045862444188,56.9329158347121,29.0678034132355));
#6545=CARTESIAN_POINT('',(5.0465056572988,56.952507590834,29.0553255147589));
#6546=CARTESIAN_POINT('',(5.05238609869723,56.9724911625649,29.0432706758008));
#6547=CARTESIAN_POINT('',(5.05826447945794,56.992467731607,29.0312200611269));
#6548=CARTESIAN_POINT('',(5.06396573896017,57.0128031825997,29.0196143303126));
#6549=CARTESIAN_POINT('',(5.06945889196578,57.0334690426811,29.0084975573274));
#6550=CARTESIAN_POINT('',(5.07495203899394,57.0541348802748,28.997380796439));
#6551=CARTESIAN_POINT('',(5.08023695077635,57.0751307713788,28.9867532091831));
#6552=CARTESIAN_POINT('',(5.08528460588063,57.09642454641,28.9766548565499));
#6553=CARTESIAN_POINT('',(5.09033226407998,57.1177183344979,28.9665564977247));
#6554=CARTESIAN_POINT('',(5.09514254124616,57.1393095831326,28.9569875799252));
#6555=CARTESIAN_POINT('',(5.09968910610717,57.1611635462479,28.9479833437089));
#6556=CARTESIAN_POINT('',(5.10423568297349,57.1830175670691,28.9389790837166));
#6557=CARTESIAN_POINT('',(5.10851843800714,57.2051338212481,28.9305396844404));
#6558=CARTESIAN_POINT('',(5.11251432159585,57.2274765631731,28.9226949942696));
#6559=CARTESIAN_POINT('',(5.11650982346407,57.2498171707311,28.9148510534898));
#6560=CARTESIAN_POINT('',(5.1202301236335,57.2724500861247,28.9075789254428));
#6561=CARTESIAN_POINT('',(5.12364770959733,57.2953219406916,28.9009190319716));
#6562=CARTESIAN_POINT('',(5.12706528464829,57.3181937222252,28.8942591597664));
#6563=CARTESIAN_POINT('',(5.13017994237857,57.3413034304051,28.8882118736336));
#6564=CARTESIAN_POINT('',(5.13296925232713,57.3645923649559,28.8828091755409));
#6565=CARTESIAN_POINT('',(5.13855155990689,57.411201023823,28.8719966365726));
#6566=CARTESIAN_POINT('',(5.14281543420933,57.4583813124795,28.8637927953986));
#6567=CARTESIAN_POINT('',(5.14568095225618,57.5060807447227,28.8582871587978));
#6568=CARTESIAN_POINT('',(5.1471138239208,57.5299323358704,28.8555341240753));
#6569=CARTESIAN_POINT('',(5.148195567485,57.5539006816793,28.8534592168325));
#6570=CARTESIAN_POINT('',(5.14891712028931,57.5779123606249,28.8520756700982));
#6571=CARTESIAN_POINT('',(5.14963867429238,57.6019240794624,28.8506921210654));
#6572=CARTESIAN_POINT('',(5.14999999552393,57.625977720075,28.8500000028263));
#6573=CARTESIAN_POINT('',(5.14999999552395,57.650000005247,28.8500000028263));
#6574=AXIS2_PLACEMENT_3D('',#9060,#9061,#9062);
#6575=COLOUR_RGB('',0.0,0.443137288093567,0.709803938865662);
#6576=CARTESIAN_POINT('',(2.74999999557084,60.6500000052838,28.8500000026403));
#6577=CARTESIAN_POINT('',(2.74999999555613,60.6500000053096,35.2499999970866));
#6578=CARTESIAN_POINT('',(2.74999999556458,60.6500000052947,31.571369135358));
#6579=VECTOR('',#9063,1.0);
#6580=CARTESIAN_POINT('',(4.44705627038956,59.9470562801473,27.6324657558786));
#6581=AXIS2_PLACEMENT_3D('',#9064,#9065,#9066);
#6582=CARTESIAN_POINT('',(5.14999999693212,58.2500000052784,28.8500000051376));
#6583=AXIS2_PLACEMENT_3D('',#9067,#9068,#9069);
#6584=CARTESIAN_POINT('',(4.93174241847777,59.250000005273,29.3037303598072));
#6585=CARTESIAN_POINT('',(4.9317424184947,59.2500000052691,29.3037303598287));
#6586=CARTESIAN_POINT('',(4.94623160697155,59.2183883280949,29.2706368161603));
#6587=CARTESIAN_POINT('',(4.96053743454485,59.1853653078362,29.2387151717122));
#6588=CARTESIAN_POINT('',(4.974502025426,59.1508833046937,29.2081377475708));
#6589=CARTESIAN_POINT('',(4.9884630242528,59.1164101712154,29.1775681887347));
#6590=CARTESIAN_POINT('',(5.00206532062567,59.0805168740665,29.1483812636117));
#6591=CARTESIAN_POINT('',(5.01510570871848,59.043281864561,29.1208350339188));
#6592=CARTESIAN_POINT('',(5.02162584492774,59.0246645249543,29.1070620412461));
#6593=CARTESIAN_POINT('',(5.02800546544786,59.0057124100775,29.0936991145187));
#6594=CARTESIAN_POINT('',(5.03421988835979,58.9864370231911,29.0807764245591));
#6595=CARTESIAN_POINT('',(5.04043410556293,58.9671622743555,29.0678541623642));
#6596=CARTESIAN_POINT('',(5.04648063041029,58.9475748259446,29.0553770446651));
#6597=CARTESIAN_POINT('',(5.05236188042193,58.9275911439127,29.0433203233981));
#6598=CARTESIAN_POINT('',(5.05824090115909,58.9076150366501,29.0312681722039));
#6599=CARTESIAN_POINT('',(5.06394363221448,58.8872772745535,29.0196592345437));
#6600=CARTESIAN_POINT('',(5.06943877514637,58.8666066446885,29.0085382689085));
#6601=CARTESIAN_POINT('',(5.07493391056668,58.8459360430791,28.9974173184749));
#6602=CARTESIAN_POINT('',(5.08022132556215,58.8249329341755,28.986784562447));
#6603=CARTESIAN_POINT('',(5.08527166945566,58.8036300343721,28.9766807372702));
#6604=CARTESIAN_POINT('',(5.09032201511345,58.7823271271268,28.9665769085636));
#6605=CARTESIAN_POINT('',(5.09513516081679,58.7607248610889,28.9570022253497));
#6606=CARTESIAN_POINT('',(5.0996844633815,58.7388587800716,28.9479925383139));
#6607=CARTESIAN_POINT('',(5.10423377682233,58.7169926467784,28.9389828297386));
#6608=CARTESIAN_POINT('',(5.10851913221923,58.6948631932848,28.930538306214));
#6609=CARTESIAN_POINT('',(5.11251722274154,58.6725072256733,28.9226892987311));
#6610=CARTESIAN_POINT('',(5.1165144621006,58.6501560174783,28.9148419622425));
#6611=CARTESIAN_POINT('',(5.12022634299959,58.6275734653216,28.9075863102417));
#6612=CARTESIAN_POINT('',(5.12364372023909,58.6047047674511,28.9009268060585));
#6613=CARTESIAN_POINT('',(5.12705982662137,58.5818445740117,28.8942697784176));
#6614=CARTESIAN_POINT('',(5.1301749105729,58.558736011026,28.8882216328675));
#6615=CARTESIAN_POINT('',(5.13296552011169,58.5354388057688,28.8828164045638));
#6616=CARTESIAN_POINT('',(5.13575612964703,58.5121416005402,28.8774111762667));
#6617=CARTESIAN_POINT('',(5.13822210587218,58.4886568034071,28.8726491350203));
#6618=CARTESIAN_POINT('',(5.14034612503732,58.4650473984501,28.8685544138876));
#6619=CARTESIAN_POINT('',(5.14247041042802,58.4414350342794,28.8644591795207));
#6620=CARTESIAN_POINT('',(5.14425178308761,58.4177117290127,28.8610330781727));
#6621=CARTESIAN_POINT('',(5.14568185831451,58.3939041834086,28.8582854179217));
#6622=CARTESIAN_POINT('',(5.14711264838922,58.3700847371914,28.8555363842052));
#6623=CARTESIAN_POINT('',(5.14819416107467,58.3461338541511,28.8534619144894));
#6624=CARTESIAN_POINT('',(5.14891601409608,58.3221244534587,28.8520777911475));
#6625=CARTESIAN_POINT('',(5.14963786612474,58.2981150857856,28.8506936697091));
#6626=CARTESIAN_POINT('',(5.14999999556298,58.2740486212484,28.8500000027211));
#6627=CARTESIAN_POINT('',(5.14999999556298,58.2500000052784,28.8500000027207));
#6628=CARTESIAN_POINT('',(4.93174241848008,59.2500000052953,35.2499999970917));
#6629=CARTESIAN_POINT('',(4.93174241848008,59.2500000052953,35.2499999970917));
#6630=VECTOR('',#9070,1.0);
#6631=AXIS2_PLACEMENT_3D('',#9071,#9072,#9073);
#6632=COLOUR_RGB('',0.0,0.443137288093567,0.709803938865662);
#6633=CARTESIAN_POINT('',(2.7499999955012,56.5500000054031,26.598333952573));
#6634=CARTESIAN_POINT('',(2.74999999550071,56.2101009100061,27.1870564552588));
#6635=VECTOR('',#9074,1.0);
#6636=CARTESIAN_POINT('',(4.25426287877176,57.6500000052527,27.2985378062576));
#6637=CARTESIAN_POINT('',(4.18989909074307,57.6500000052386,27.1870564552497));
#6638=VECTOR('',#9075,2.8797981904698);
#6639=CARTESIAN_POINT('',(4.30000001363439,56.5500000054114,27.9851139342578));
#6640=CARTESIAN_POINT('',(4.25426287877232,57.6500000052393,27.2985378062846));
#6641=CARTESIAN_POINT('',(4.25483438552134,57.6362549941953,27.2995276850109));
#6642=CARTESIAN_POINT('',(4.25540560962442,57.6225167809209,27.3008436680466));
#6643=CARTESIAN_POINT('',(4.25597593415441,57.6088002028106,27.3024808418934));
#6644=CARTESIAN_POINT('',(4.25654625623046,57.595083683719,27.3041180086961));
#6645=CARTESIAN_POINT('',(4.25711566787096,57.5813890610318,27.3060763441459));
#6646=CARTESIAN_POINT('',(4.25768350190391,57.5677323805684,27.3083471811958));
#6647=CARTESIAN_POINT('',(4.25825133458649,57.5540757325819,27.3106180128455));
#6648=CARTESIAN_POINT('',(4.258817579663,57.5404572672613,27.313201297734));
#6649=CARTESIAN_POINT('',(4.25938155884433,57.5268932978254,27.3160847163408));
#6650=CARTESIAN_POINT('',(4.25994553757166,57.5133293393087,27.3189681326264));
#6651=CARTESIAN_POINT('',(4.2605072418206,57.4998200830574,27.3221516169071));
#6652=CARTESIAN_POINT('',(4.26106601274682,57.4863813746516,27.3256195540732));
#6653=CARTESIAN_POINT('',(4.26218358327293,57.4595032682244,27.3325556063647));
#6654=CARTESIAN_POINT('',(4.26328927321924,57.4329108954499,27.3406309489948));
#6655=CARTESIAN_POINT('',(4.26437845688241,57.4067155066725,27.3496902708087));
#6656=CARTESIAN_POINT('',(4.26546765183653,57.3805198463424,27.3587496865351));
#6657=CARTESIAN_POINT('',(4.26654021712,57.3547241375945,27.3687908918415));
#6658=CARTESIAN_POINT('',(4.26759246859647,57.3294169855961,27.3796336959289));
#6659=CARTESIAN_POINT('',(4.26864487269646,57.3041061629289,27.3904780727078));
#6660=CARTESIAN_POINT('',(4.26968238138492,57.2791535820435,27.4021775853338));
#6661=CARTESIAN_POINT('',(4.27070545866938,57.2545480833363,27.4146184343776));
#6662=CARTESIAN_POINT('',(4.27172854068395,57.2299424708677,27.4270593409405));
#6663=CARTESIAN_POINT('',(4.27273721916126,57.2056832703689,27.4402418768049));
#6664=CARTESIAN_POINT('',(4.27373194330721,57.1817596782228,27.4540605269527));
#6665=CARTESIAN_POINT('',(4.27472666932274,57.1578360411125,27.4678792030725));
#6666=CARTESIAN_POINT('',(4.27570746249781,57.1342474954883,27.4823343237916));
#6667=CARTESIAN_POINT('',(4.27667465576241,57.1109860342249,27.4973274717123));
#6668=CARTESIAN_POINT('',(4.27764184890801,57.0877245758235,27.5123206177885));
#6669=CARTESIAN_POINT('',(4.27859545701739,57.0647898440499,27.5278520881711));
#6670=CARTESIAN_POINT('',(4.27953564337174,57.042177911913,27.5438290157218));
#6671=CARTESIAN_POINT('',(4.28047582851059,57.0195660090098,27.5598059226167));
#6672=CARTESIAN_POINT('',(4.28140260143217,56.9972766759989,27.5762285234447));
#6673=CARTESIAN_POINT('',(4.28231593854621,56.9753104809514,27.5930081171732));
#6674=CARTESIAN_POINT('',(4.28322933260971,56.9533429162422,27.6097887571624));
#6675=CARTESIAN_POINT('',(4.28412904878645,56.9317043116169,27.626921791606));
#6676=CARTESIAN_POINT('',(4.28501558230828,56.9103827558,27.6443353529136));
#6677=CARTESIAN_POINT('',(4.28590252628818,56.8890513282698,27.6617569765635));
#6678=CARTESIAN_POINT('',(4.28677848083737,56.8679842018118,27.679502628625));
#6679=CARTESIAN_POINT('',(4.28764453744188,56.8471551256638,27.6975300801364));
#6680=CARTESIAN_POINT('',(4.28851059646752,56.8263259912866,27.7155575820448));
#6681=CARTESIAN_POINT('',(4.28936676499154,56.8057347282105,27.7338671585388));
#6682=CARTESIAN_POINT('',(4.29021399802258,56.7853583680206,27.7524232564224));
#6683=CARTESIAN_POINT('',(4.2910612322899,56.7649819780971,27.7709793813835));
#6684=CARTESIAN_POINT('',(4.29189953589466,56.7448203748857,27.7897822385229));
#6685=CARTESIAN_POINT('',(4.2927297269616,56.7248538820948,27.8088012744033));
#6686=CARTESIAN_POINT('',(4.29355991847117,56.704887378658,27.8278203204244));
#6687=CARTESIAN_POINT('',(4.29438200047214,56.6851159127874,27.8470557037673));
#6688=CARTESIAN_POINT('',(4.29519666058251,56.6655229469404,27.866480566));
#6689=CARTESIAN_POINT('',(4.29601132064011,56.6459299823627,27.8859054269744));
#6690=CARTESIAN_POINT('',(4.29681856061097,56.6265154744249,27.9055198841989));
#6691=CARTESIAN_POINT('',(4.29761894793746,56.6072657758665,27.9252997904019));
#6692=CARTESIAN_POINT('',(4.29841933493804,56.5880160851463,27.9450796885508));
#6693=CARTESIAN_POINT('',(4.29921287027325,56.5689311802599,27.965025121049));
#6694=CARTESIAN_POINT('',(4.3000000136343,56.5500000054136,27.9851139342557));
#6695=CARTESIAN_POINT('',(4.30000001364723,56.5500000054115,27.9851139342761));
#6696=CARTESIAN_POINT('',(4.27449920594817,56.5500000054112,27.9490940481384));
#6697=CARTESIAN_POINT('',(4.24885991942402,56.550000005411,27.9131756598034));
#6698=CARTESIAN_POINT('',(4.22306354615856,56.5500000054107,27.8773752667018));
#6699=CARTESIAN_POINT('',(4.19726717127031,56.5500000054105,27.841574871348));
#6700=CARTESIAN_POINT('',(4.17131373724853,56.5500000054102,27.8058923639184));
#6701=CARTESIAN_POINT('',(4.14518037487696,56.5500000054099,27.7703471252256));
#6702=CARTESIAN_POINT('',(4.11904701806718,56.5500000054097,27.7348018940978));
#6703=CARTESIAN_POINT('',(4.09273376036608,56.5500000054094,27.6993937738496));
#6704=CARTESIAN_POINT('',(4.06621246890783,56.5500000054092,27.6641461930622));
#6705=CARTESIAN_POINT('',(4.03969119549918,56.5500000054089,27.6288986362634));
#6706=CARTESIAN_POINT('',(4.01296191235473,56.5500000054087,27.5938113857551));
#6707=CARTESIAN_POINT('',(3.9859899324034,56.5500000054085,27.5589136095838));
#6708=CARTESIAN_POINT('',(3.95901799090977,56.5500000054082,27.5240158831711));
#6709=CARTESIAN_POINT('',(3.93180336597746,56.5500000054109,27.4893072831682));
#6710=CARTESIAN_POINT('',(3.90430311741388,56.5500000054106,27.4548251729048));
#6711=CARTESIAN_POINT('',(3.87680077076676,56.5500000054104,27.4203404318887));
#6712=CARTESIAN_POINT('',(3.84902893518959,56.5500000054278,27.386100861344));
#6713=CARTESIAN_POINT('',(3.82086154928926,56.5500000054276,27.3520691138835));
#6714=CARTESIAN_POINT('',(3.79269924028761,56.5500000054273,27.3180435003162));
#6715=CARTESIAN_POINT('',(3.76416911499324,56.5500000054066,27.2842598511805));
#6716=CARTESIAN_POINT('',(3.73523119709976,56.5500000054064,27.2508195606017));
#6717=CARTESIAN_POINT('',(3.70629319048414,56.5500000054061,27.2173791674967));
#6718=CARTESIAN_POINT('',(3.6769474368254,56.550000005406,27.1842811712916));
#6719=CARTESIAN_POINT('',(3.64713032661171,56.5500000054057,27.1516403460089));
#6720=CARTESIAN_POINT('',(3.62685802533837,56.5500000054056,27.1294482341913));
#6721=CARTESIAN_POINT('',(3.6063670969644,56.5500000054055,27.1074673783577));
#6722=CARTESIAN_POINT('',(3.58562920768327,56.5500000054053,27.0857394571367));
#6723=CARTESIAN_POINT('',(3.56489132729632,56.5500000054052,27.0640115452345));
#6724=CARTESIAN_POINT('',(3.54390635407933,56.550000005405,27.0425361302488));
#6725=CARTESIAN_POINT('',(3.52263790083829,56.5500000054049,27.0213624108256));
#6726=CARTESIAN_POINT('',(3.50136950976554,56.5500000054047,27.0001887532938));
#6727=CARTESIAN_POINT('',(3.47981736470632,56.5500000054047,26.9793161271023));
#6728=CARTESIAN_POINT('',(3.45793592765763,56.5500000054044,26.958805287968));
#6729=CARTESIAN_POINT('',(3.43605464720195,56.5500000054043,26.9382945956182));
#6730=CARTESIAN_POINT('',(3.41384355396605,56.5500000054129,26.9181447031486));
#6731=CARTESIAN_POINT('',(3.39124723202927,56.5500000054128,26.8984338303425));
#6732=CARTESIAN_POINT('',(3.37994704384587,56.5500000054127,26.8885766255908));
#6733=CARTESIAN_POINT('',(3.36855925638614,56.5500000054042,26.8788369856874));
#6734=CARTESIAN_POINT('',(3.35705003124998,56.5500000054041,26.8692051832015));
#6735=CARTESIAN_POINT('',(3.34553956707679,56.5500000054041,26.8595723437945));
#6736=CARTESIAN_POINT('',(3.33390698171858,56.5500000054039,26.8500472027846));
#6737=CARTESIAN_POINT('',(3.32215249528409,56.5500000054038,26.8406523817393));
#6738=CARTESIAN_POINT('',(3.29864358660972,56.5500000054037,26.8218627909568));
#6739=CARTESIAN_POINT('',(3.27464770438567,56.5500000054036,26.8035932380799));
#6740=CARTESIAN_POINT('',(3.25015499114772,56.5500000054035,26.7860341218625));
#6741=CARTESIAN_POINT('',(3.22566226361791,56.5500000054034,26.7684749953991));
#6742=CARTESIAN_POINT('',(3.20067131720859,56.5500000054033,26.7516247832419));
#6743=CARTESIAN_POINT('',(3.17515542599722,56.5500000054032,26.7356919338542));
#6744=CARTESIAN_POINT('',(3.1496397690336,56.5500000054032,26.7197592307374));
#6745=CARTESIAN_POINT('',(3.12359649092977,56.5500000054188,26.7047417887785));
#6746=CARTESIAN_POINT('',(3.09698613801778,56.5500000054187,26.6908763896679));
#6747=CARTESIAN_POINT('',(3.08041845855944,56.5500000054186,26.6822437537616));
#6748=CARTESIAN_POINT('',(3.06365016518341,56.5500000054029,26.6740671050115));
#6749=CARTESIAN_POINT('',(3.04661366663442,56.5500000054029,26.6663846825257));
#6750=CARTESIAN_POINT('',(3.02956620190054,56.5500000054029,26.6586973149588));
#6751=CARTESIAN_POINT('',(3.01221674434865,56.5500000054093,26.6514924544214));
#6752=CARTESIAN_POINT('',(2.99461222867898,56.5500000054093,26.6448735027517));
#6753=CARTESIAN_POINT('',(2.97700783493628,56.5500000054093,26.6382545969242));
#6754=CARTESIAN_POINT('',(2.95914943031878,56.5500000054123,26.6322224994591));
#6755=CARTESIAN_POINT('',(2.9410942623653,56.5500000054124,26.6268699497217));
#6756=CARTESIAN_POINT('',(2.9230390755556,56.5500000054124,26.6215173943944));
#6757=CARTESIAN_POINT('',(2.9047891224108,56.5500000054052,26.6168454446321));
#6758=CARTESIAN_POINT('',(2.88640945717551,56.5500000054052,26.612927699939));
#6759=CARTESIAN_POINT('',(2.86802955519323,56.5500000054053,26.6090099047818));
#6760=CARTESIAN_POINT('',(2.84952296544656,56.550000005403,26.605847202773));
#6761=CARTESIAN_POINT('',(2.83095543935118,56.550000005403,26.6034867513264));
#6762=CARTESIAN_POINT('',(2.81237746439289,56.5500000054029,26.6011249715372));
#6763=CARTESIAN_POINT('',(2.79378785110947,56.5500000054029,26.5995683341711));
#6764=CARTESIAN_POINT('',(2.77510162817006,56.550000005403,26.5988299567789));
#6765=CARTESIAN_POINT('',(2.75641197728154,56.550000005403,26.5980914439329));
#6766=CARTESIAN_POINT('',(2.73763381970573,56.5500000054031,26.5981769390758));
#6767=CARTESIAN_POINT('',(2.71885536209118,56.5500000054032,26.5990974672367));
#6768=CARTESIAN_POINT('',(2.70007730190279,56.5500000054032,26.6000179759156));
#6769=CARTESIAN_POINT('',(2.68130425728387,56.5500000054034,26.6017734661535));
#6770=CARTESIAN_POINT('',(2.66263403744535,56.5500000054034,26.6043337854642));
#6771=CARTESIAN_POINT('',(2.64396386931842,56.5500000054035,26.6068940976836));
#6772=CARTESIAN_POINT('',(2.62540119685154,56.5500000054038,26.6102582060501));
#6773=CARTESIAN_POINT('',(2.60703736883116,56.5500000054038,26.6143575696501));
#6774=CARTESIAN_POINT('',(2.58867329968199,56.5500000054039,26.6184569870774));
#6775=CARTESIAN_POINT('',(2.57051135301996,56.5500000054038,26.6232901630429));
#6776=CARTESIAN_POINT('',(2.55262554311336,56.5500000054038,26.6287614121605));
#6777=CARTESIAN_POINT('',(2.5169059423486,56.550000005404,26.6396879978274));
#6778=CARTESIAN_POINT('',(2.48201779239477,56.5500000054043,26.6532328583901));
#6779=CARTESIAN_POINT('',(2.44795611127322,56.5500000054045,26.6688542469276));
#6780=CARTESIAN_POINT('',(2.41390040552456,56.5500000054046,26.6844728950359));
#6781=CARTESIAN_POINT('',(2.38069614097371,56.5500000054049,26.7021566837972));
#6782=CARTESIAN_POINT('',(2.34841169807923,56.5500000054051,26.7213333445212));
#6783=CARTESIAN_POINT('',(2.3161240005043,56.5500000054054,26.7405119384952));
#6784=CARTESIAN_POINT('',(2.28476810634034,56.5500000054062,26.7611737839783));
#6785=CARTESIAN_POINT('',(2.25438396514061,56.5500000054064,26.7827923386779));
#6786=CARTESIAN_POINT('',(2.23929168998011,56.5500000054066,26.7935306107902));
#6787=CARTESIAN_POINT('',(2.22439308822359,56.5500000054062,26.804538221548));
#6788=CARTESIAN_POINT('',(2.20967044125061,56.5500000054064,26.8157810773244));
#6789=CARTESIAN_POINT('',(2.19494773403557,56.5500000054065,26.8270239791043));
#6790=CARTESIAN_POINT('',(2.18040079880283,56.5500000054066,26.838502333896));
#6791=CARTESIAN_POINT('',(2.16601356488118,56.5500000054068,26.8501873460413));
#6792=CARTESIAN_POINT('',(2.1516262970702,56.5500000054069,26.8618723857109));
#6793=CARTESIAN_POINT('',(2.13739860551155,56.550000005407,26.8737642502497));
#6794=CARTESIAN_POINT('',(2.12331636890327,56.5500000054071,26.8858382206976));
#6795=CARTESIAN_POINT('',(2.10923411695236,56.5500000054073,26.8979122043001));
#6796=CARTESIAN_POINT('',(2.0952972369645,56.5500000054074,26.9101684246959));
#6797=CARTESIAN_POINT('',(2.08149365133006,56.5500000054076,26.9225852287998));
#6798=CARTESIAN_POINT('',(2.05388672678047,56.5500000054079,26.947418615075));
#6799=CARTESIAN_POINT('',(2.02681026765171,56.5500000054082,26.9728936032924));
#6800=CARTESIAN_POINT('',(2.00019220530243,56.5500000054085,26.9988610477417));
#6801=CARTESIAN_POINT('',(1.97357419574923,56.5500000054088,27.0248284406854));
#6802=CARTESIAN_POINT('',(1.94741395593133,56.5500000054091,27.0512900758838));
#6803=CARTESIAN_POINT('',(1.9216661678089,56.5500000054094,27.0781170137381));
#6804=CARTESIAN_POINT('',(1.89591848238621,56.5500000054097,27.1049438445882));
#6805=CARTESIAN_POINT('',(1.87058315950044,56.5500000054118,27.1321368581882));
#6806=CARTESIAN_POINT('',(1.84563536286752,56.550000005412,27.1595788582007));
#6807=CARTESIAN_POINT('',(1.8206945056056,56.5500000054124,27.1870132250654));
#6808=CARTESIAN_POINT('',(1.79612387019804,56.5500000054264,27.2147143473323));
#6809=CARTESIAN_POINT('',(1.77182114892546,56.5500000054267,27.2426861846607));
#6810=CARTESIAN_POINT('',(1.74752248403087,56.5500000054271,27.2706533531971));
#6811=CARTESIAN_POINT('',(1.72350973261518,56.5500000054119,27.2988716564841));
#6812=CARTESIAN_POINT('',(1.69974208328573,56.5500000054122,27.3272999696581));
#6813=CARTESIAN_POINT('',(1.67597440203962,56.5500000054125,27.3557283210076));
#6814=CARTESIAN_POINT('',(1.65245178020838,56.5500000054128,27.3843670690143));
#6815=CARTESIAN_POINT('',(1.62914145612937,56.5500000054131,27.4131831350726));
#6816=CARTESIAN_POINT('',(1.60583112407112,56.5500000054135,27.4419992109949));
#6817=CARTESIAN_POINT('',(1.58273308330215,56.5500000054137,27.4709928605386));
#6818=CARTESIAN_POINT('',(1.55982115670704,56.5500000054141,27.5001364899789));
#6819=CARTESIAN_POINT('',(1.53690923454892,56.5500000054143,27.5292801137754));
#6820=CARTESIAN_POINT('',(1.51418343921832,56.5500000054147,27.5585738853596));
#6821=CARTESIAN_POINT('',(1.49162296444358,56.550000005415,27.5879939969576));
#6822=CARTESIAN_POINT('',(1.46906249883468,56.5500000054153,27.6174140966028));
#6823=CARTESIAN_POINT('',(1.44666737636733,56.5500000054262,27.6469606445029));
#6824=CARTESIAN_POINT('',(1.42442114255961,56.5500000054264,27.6766125263264));
#6825=CARTESIAN_POINT('',(1.40217491750241,56.5500000054267,27.7062643964865));
#6826=CARTESIAN_POINT('',(1.38007760868861,56.5500000054166,27.7360216676631));
#6827=CARTESIAN_POINT('',(1.35811624422146,56.550000005417,27.765865256994));
#6828=CARTESIAN_POINT('',(1.31419774123715,56.5500000054176,27.8255466929563));
#6829=CARTESIAN_POINT('',(1.27080009933045,56.5500000054206,27.8855997927818));
#6830=CARTESIAN_POINT('',(1.22781086382832,56.5500000054213,27.945950526925));
#6831=CARTESIAN_POINT('',(1.18482209922217,56.5500000054219,28.0063005999976));
#6832=CARTESIAN_POINT('',(1.14224448694874,56.5500000054294,28.0669461716317));
#6833=CARTESIAN_POINT('',(1.09999999587435,56.5500000054301,28.1278269629077));
#6834=COLOUR_RGB('',0.0,0.443137288093567,0.709803938865662);
#6835=CARTESIAN_POINT('',(5.14999999859927,14.8021397495691,11.8848211533955));
#6836=CARTESIAN_POINT('',(-1.40073206347571E-09,14.8021397495441,11.8848211528673));
#6837=CARTESIAN_POINT('',(2.57499999863915,14.8021397495566,11.8848211531314));
#6838=VECTOR('',#9076,1.0);
#6839=CARTESIAN_POINT('',(5.14999999860798,14.2619911169188,12.5663250348611));
#6840=AXIS2_PLACEMENT_3D('',#9077,#9078,#9079);
#6841=CARTESIAN_POINT('',(6.12230266483493E-11,14.2619911168937,12.5663250343329));
#6842=CARTESIAN_POINT('',(-1.46799727929192E-09,14.2619911168937,12.5663250343329));
#6843=VECTOR('',#9080,1.0);
#6844=AXIS2_PLACEMENT_3D('',#9081,#9082,#9083);
#6845=COLOUR_RGB('',0.0,0.443137288093567,0.709803938865662);
#6846=CARTESIAN_POINT('',(2.89999999996588,15.299999999986,34.7500000004258));
#6847=CARTESIAN_POINT('',(2.89999999996586,15.2999999999862,41.2500000004205));
#6848=CARTESIAN_POINT('',(2.89999999996586,15.2999999999862,41.2500000004214));
#6849=VECTOR('',#9084,1.0);
#6850=CARTESIAN_POINT('',(4.79999999996577,14.1835957679734,34.7500000004258));
#6851=AXIS2_PLACEMENT_3D('',#9085,#9086,#9087);
#6852=CARTESIAN_POINT('',(4.79999999996575,14.1835957679735,41.2500000004213));
#6853=CARTESIAN_POINT('',(4.79999999996575,14.1835957679735,41.2500000004214));
#6854=VECTOR('',#9088,1.0);
#6855=AXIS2_PLACEMENT_3D('',#9089,#9090,#9091);
#6856=COLOUR_RGB('',0.0,0.443137288093567,0.709803938865662);
#6857=CARTESIAN_POINT('',(2.89999999996607,10.9499999999862,41.2500000004206));
#6858=CARTESIAN_POINT('',(2.89999999996609,10.949999999986,34.7500000004259));
#6859=CARTESIAN_POINT('',(2.89999999996607,10.9499999999862,41.2500000004215));
#6860=VECTOR('',#9092,1.0);
#6861=CARTESIAN_POINT('',(4.79999999996586,12.0664042319989,41.2500000004213));
#6862=AXIS2_PLACEMENT_3D('',#9093,#9094,#9095);
#6863=CARTESIAN_POINT('',(4.79999999996588,12.0664042319988,34.7500000004259));
#6864=CARTESIAN_POINT('',(4.79999999996586,12.066404231999,41.2500000004215));
#6865=VECTOR('',#9096,1.0);
#6866=CARTESIAN_POINT('',(4.66540123786812,11.8545735089156,34.7500000004259));
#6867=AXIS2_PLACEMENT_3D('',#9097,#9098,#9099);
#6868=CARTESIAN_POINT('',(4.66540123786813,11.8545735089155,33.7500000004258));
#6869=CARTESIAN_POINT('',(4.66540123786811,11.8545735089157,41.2500000004215));
#6870=VECTOR('',#9100,1.0);
#6871=CARTESIAN_POINT('',(4.17042649103772,11.3595987620848,33.7500000004258));
#6872=AXIS2_PLACEMENT_3D('',#9101,#9102,#9103);
#6873=CARTESIAN_POINT('',(4.17042649103772,11.3595987620848,34.7500000004258));
#6874=CARTESIAN_POINT('',(4.17042649103771,11.359598762085,41.2500000004215));
#6875=VECTOR('',#9104,1.0);
#6876=AXIS2_PLACEMENT_3D('',#9105,#9106,#9107);
#6877=COLOUR_RGB('',0.0,0.443137288093567,0.709803938865662);
#6878=CARTESIAN_POINT('',(1.00000000125066,1.80000000004564,3.09999999997624));
#6879=CARTESIAN_POINT('',(5.15000000003449,1.80000000004577,3.09999999997793));
#6880=CARTESIAN_POINT('',(5.15000000003449,1.80000000004577,3.09999999997793));
#6881=VECTOR('',#9108,1.0);
#6882=CARTESIAN_POINT('',(1.00000000125033,0.900000000045802,3.99999999997608));
#6883=AXIS2_PLACEMENT_3D('',#9109,#9110,#9111);
#6884=CARTESIAN_POINT('',(1.4453593877306E-10,0.900000000045776,3.99999999997567));
#6885=CARTESIAN_POINT('',(5.15000000003415,0.900000000045931,3.99999999997777));
#6886=VECTOR('',#9112,1.0);
#6887=CARTESIAN_POINT('',(1.44929401812988E-10,4.5932146974792E-11,3.09999999997581));
#6888=AXIS2_PLACEMENT_3D('',#9113,#9114,#9115);
#6889=CARTESIAN_POINT('',(5.14999999958352,4.60964599824365E-11,3.09999999997791));
#6890=CARTESIAN_POINT('',(5.15000000003455,4.64606131345136E-11,3.09999999997791));
#6891=VECTOR('',#9116,1.0);
#6892=AXIS2_PLACEMENT_3D('',#9117,#9118,#9119);
#6893=COLOUR_RGB('',0.0,0.443137288093567,0.709803938865662);
#6894=CARTESIAN_POINT('',(0.549999999964941,0.579104253373259,16.8719598493472));
#6895=CARTESIAN_POINT('',(9.5911071253982E-11,0.579104253373233,16.8719598493469));
#6896=CARTESIAN_POINT('',(2.57500000006253,0.57910425337332,16.871959849348));
#6897=VECTOR('',#9120,1.0);
#6898=CARTESIAN_POINT('',(0.549999999965353,6.91979806788368E-12,23.2000000004271));
#6899=AXIS2_PLACEMENT_3D('',#9121,#9122,#9123);
#6900=CARTESIAN_POINT('',(1.36722633214958E-10,6.93134438733978E-12,23.2000000004268));
#6901=CARTESIAN_POINT('',(5.15000000002634,7.05391300925839E-12,23.2000000004289));
#6902=VECTOR('',#9124,1.0);
#6903=AXIS2_PLACEMENT_3D('',#9125,#9126,#9127);
#6904=COLOUR_RGB('',0.0,0.443137288093567,0.709803938865662);
#6905=CARTESIAN_POINT('',(5.15000000002912,0.579104253373401,16.871959849349));
#6906=CARTESIAN_POINT('',(4.59999999715999,0.579104253373385,16.8719598493488));
#6907=CARTESIAN_POINT('',(2.57500000006253,0.57910425337332,16.871959849348));
#6908=VECTOR('',#9128,1.0);
#6909=CARTESIAN_POINT('',(5.1499999979764,0.666585780915476,19.5539286691353));
#6910=AXIS2_PLACEMENT_3D('',#9129,#9130,#9131);
#6911=CARTESIAN_POINT('',(4.59999999715889,0.666585780915443,19.5539286691353));
#6912=CARTESIAN_POINT('',(5.15000000002781,0.666585780915408,19.5539286691363));
#6913=VECTOR('',#9132,1.0);
#6914=AXIS2_PLACEMENT_3D('',#9133,#9134,#9135);
#6915=COLOUR_RGB('',0.0,0.443137288093567,0.709803938865662);
#6916=CARTESIAN_POINT('',(1.31420911127571E-10,30.1118198489444,33.8365608030778));
#6917=CARTESIAN_POINT('',(5.15000000002104,30.1118198489446,33.8365608030799));
#6918=CARTESIAN_POINT('',(5.15000000002104,30.1118198489446,33.8365608030799));
#6919=VECTOR('',#9136,1.0);
#6920=CARTESIAN_POINT('',(1.31437083439323E-10,30.1095836944369,33.7999999999698));
#6921=AXIS2_PLACEMENT_3D('',#9137,#9138,#9139);
#6922=CARTESIAN_POINT('',(5.14999999642244,30.109583694437,33.7999999999719));
#6923=CARTESIAN_POINT('',(5.15000000002105,30.109583694437,33.7999999999719));
#6924=VECTOR('',#9140,1.0);
#6925=AXIS2_PLACEMENT_3D('',#9141,#9142,#9143);
#6926=COLOUR_RGB('',0.0,0.443137288093567,0.709803938865662);
#6927=CARTESIAN_POINT('',(5.14999999794345,64.109534812194,19.0280401491784));
#6928=CARTESIAN_POINT('',(-1.31199526056038E-09,64.109534812194,19.0280401486481));
#6929=CARTESIAN_POINT('',(2.57499999831573,64.109534812194,19.0280401489132));
#6930=VECTOR('',#9144,1.0);
#6931=CARTESIAN_POINT('',(5.14999999874947,65.2500000011586,11.1999999979867));
#6932=AXIS2_PLACEMENT_3D('',#9145,#9146,#9147);
#6933=CARTESIAN_POINT('',(7.54445395045877E-10,65.2500000011585,11.1999999974565));
#6934=CARTESIAN_POINT('',(5.14999999874947,65.2500000011586,11.1999999979867));
#6935=VECTOR('',#9148,1.0);
#6936=AXIS2_PLACEMENT_3D('',#9149,#9150,#9151);
#6937=COLOUR_RGB('',0.0,0.443137288093567,0.709803938865662);
#6938=CARTESIAN_POINT('',(5.14999999943402,45.0499999999984,4.55166604982152));
#6939=CARTESIAN_POINT('',(1.42899914123973E-10,45.0499999999982,4.55166604981942));
#6940=CARTESIAN_POINT('',(5.15000000003252,45.0499999999984,4.55166604982152));
#6941=VECTOR('',#9152,1.0);
#6942=CARTESIAN_POINT('',(1.43082878878431E-10,45.0499999999979,4.09999999997341));
#6943=CARTESIAN_POINT('',(1.44794398693193E-10,45.049999999995,-0.106311748127429));
#6944=VECTOR('',#9153,1.0);
#6945=CARTESIAN_POINT('',(5.14999999933567,45.0499999999981,4.0999999999755));
#6946=CARTESIAN_POINT('',(5.1500000000327,45.0499999999981,4.09999999997551));
#6947=VECTOR('',#9154,1.0);
#6948=CARTESIAN_POINT('',(5.14999999996512,45.0499999999948,-0.606311748091082));
#6949=VECTOR('',#9155,1.0);
#6950=COLOUR_RGB('',0.0,0.443137288093567,0.709803938865662);
#6951=CARTESIAN_POINT('',(5.14999999627314,59.2500000052952,35.2499999970918));
#6952=CARTESIAN_POINT('',(5.14999999627314,64.00075808093,35.2499999970655));
#6953=CARTESIAN_POINT('',(5.14999999627314,-2.41663090049395,35.2499999974325));
#6954=VECTOR('',#9156,1.0);
#6955=CARTESIAN_POINT('',(5.14999999682916,59.2500000052654,29.8500000028167));
#6956=CARTESIAN_POINT('',(5.15000000014464,59.2500000050874,-2.34985251498781));
#6957=VECTOR('',#9157,1.0);
#6958=AXIS2_PLACEMENT_3D('',#9158,#9159,#9160);
#6959=CARTESIAN_POINT('',(5.14999999693212,-3.20245208989369,28.8500000058412));
#6960=VECTOR('',#9161,1.0);
#6961=CARTESIAN_POINT('',(5.14999999682916,56.6500000059274,29.8500000027746));
#6962=AXIS2_PLACEMENT_3D('',#9162,#9163,#9164);
#6963=CARTESIAN_POINT('',(5.14999999627314,56.6500000052945,35.2499999971061));
#6964=CARTESIAN_POINT('',(5.15000000011177,56.6500000050884,-2.03061265637486));
#6965=VECTOR('',#9165,1.0);
#6966=CARTESIAN_POINT('',(5.14999999627314,49.0500000044549,35.2499999971481));
#6967=CARTESIAN_POINT('',(5.14999999567095,-2.41663090049395,35.2499999974325));
#6968=VECTOR('',#9166,1.0);
#6969=CARTESIAN_POINT('',(5.14999999682916,49.050000004425,29.850000002822));
#6970=CARTESIAN_POINT('',(5.15000000001569,49.0500000042539,-1.09744999263416));
#6971=VECTOR('',#9167,1.0);
#6972=AXIS2_PLACEMENT_3D('',#9168,#9169,#9170);
#6973=CARTESIAN_POINT('',(5.14999999693212,-3.20245208990759,28.850000005728));
#6974=VECTOR('',#9171,1.0);
#6975=CARTESIAN_POINT('',(5.14999999682916,46.4500000044242,29.85000000278));
#6976=AXIS2_PLACEMENT_3D('',#9172,#9173,#9174);
#6977=CARTESIAN_POINT('',(5.14999999627314,46.4500000044541,35.2499999971625));
#6978=CARTESIAN_POINT('',(5.14999999998282,46.450000004255,-0.778210134021211));
#6979=VECTOR('',#9175,1.0);
#6980=CARTESIAN_POINT('',(5.14999999627314,39.0000000001074,35.2499999972036));
#6981=CARTESIAN_POINT('',(5.14999999567198,-2.41663090049395,35.2499999974325));
#6982=VECTOR('',#9176,1.0);
#6983=CARTESIAN_POINT('',(5.14999999642244,39.0000000000993,33.7999999999719));
#6984=CARTESIAN_POINT('',(5.14999999988863,38.9999999999132,0.136534845999368));
#6985=VECTOR('',#9177,1.0);
#6986=CARTESIAN_POINT('',(5.14999999642244,38.0904163057971,33.7999999999719));
#6987=CARTESIAN_POINT('',(5.1500000000221,-2.65606079693336,33.7999999999718));
#6988=VECTOR('',#9178,1.0);
#6989=CARTESIAN_POINT('',(5.1499999964006,37.5782842714412,34.0121320344143));
#6990=AXIS2_PLACEMENT_3D('',#9179,#9180,#9181);
#6991=CARTESIAN_POINT('',(5.14999999649452,36.6661522370084,33.0999999999813));
#6992=CARTESIAN_POINT('',(5.14999999949118,7.56270192619235,3.99654968916549));
#6993=VECTOR('',#9182,1.0);
#6994=CARTESIAN_POINT('',(5.14999999649452,37.2750000001173,33.0999999999814));
#6995=CARTESIAN_POINT('',(5.15000000002239,-2.74200998956402,33.099999999983));
#6996=VECTOR('',#9183,1.0);
#6997=CARTESIAN_POINT('',(5.14999999660263,37.2750000001172,32.0499999999816));
#6998=CARTESIAN_POINT('',(5.14999999986682,37.2750000001173,0.348338213707992));
#6999=VECTOR('',#9184,1.0);
#7000=CARTESIAN_POINT('',(5.14999999660263,30.9250000001172,32.0499999999819));
#7001=CARTESIAN_POINT('',(5.15000000002282,-2.87093377851196,32.0499999999839));
#7002=VECTOR('',#9185,1.0);
#7003=CARTESIAN_POINT('',(5.14999999649452,30.9250000001171,33.0999999999817));
#7004=CARTESIAN_POINT('',(5.14999999978654,30.9250000001171,1.12802017608996));
#7005=VECTOR('',#9186,1.0);
#7006=CARTESIAN_POINT('',(5.14999999649452,31.5338477632255,33.0999999999817));
#7007=CARTESIAN_POINT('',(5.15000000002239,-2.74200998956413,33.0999999999821));
#7008=VECTOR('',#9187,1.0);
#7009=CARTESIAN_POINT('',(5.1499999964006,30.621715728793,34.0121320344143));
#7010=CARTESIAN_POINT('',(5.14999999335685,1.06097998622198,63.5728677769853));
#7011=VECTOR('',#9188,1.0);
#7012=AXIS2_PLACEMENT_3D('',#9189,#9190,#9191);
#7013=CARTESIAN_POINT('',(5.14999999642244,29.2000000001351,33.7999999999719));
#7014=CARTESIAN_POINT('',(5.1500000000221,-2.65606079693335,33.7999999999719));
#7015=VECTOR('',#9192,1.0);
#7016=CARTESIAN_POINT('',(5.14999999627314,29.2000000001271,35.2499999999806));
#7017=CARTESIAN_POINT('',(5.14999999976473,29.2000000003144,1.33982354379941));
#7018=VECTOR('',#9193,1.0);
#7019=CARTESIAN_POINT('',(5.14999999627314,28.8684997191573,35.2499999999806));
#7020=CARTESIAN_POINT('',(5.15000000002038,-2.41663090392232,35.2499999999806));
#7021=VECTOR('',#9194,1.0);
#7022=CARTESIAN_POINT('',(5.14999999644818,28.1499999999617,33.5500000001837));
#7023=CARTESIAN_POINT('',(5.14999999958849,15.2598844853343,3.05145450766566));
#7024=VECTOR('',#9195,1.0);
#7025=CARTESIAN_POINT('',(5.14999999689094,28.1499999999617,29.2500000001283));
#7026=CARTESIAN_POINT('',(5.14999999975146,28.1499999999617,1.468747332898));
#7027=VECTOR('',#9196,1.0);
#7028=CARTESIAN_POINT('',(5.14999999689094,20.1500000000254,29.2500000001283));
#7029=CARTESIAN_POINT('',(5.15000000002174,-3.1533382693048,29.2500000001283));
#7030=VECTOR('',#9197,1.0);
#7031=CARTESIAN_POINT('',(5.14999999644818,20.1500000000253,33.5500000035026));
#7032=CARTESIAN_POINT('',(5.14999999965032,20.1500000000254,2.45102382093043));
#7033=VECTOR('',#9198,1.0);
#7034=CARTESIAN_POINT('',(5.14999999627314,19.431500282204,35.2500000004254));
#7035=CARTESIAN_POINT('',(5.14999999982558,34.0133157017842,0.748822688415818));
#7036=VECTOR('',#9199,1.0);
#7037=CARTESIAN_POINT('',(5.14999999627314,16.2000003640995,35.2500000004254));
#7038=CARTESIAN_POINT('',(5.15000000002038,-2.41663090392232,35.2499999999806));
#7039=VECTOR('',#9200,1.0);
#7040=CARTESIAN_POINT('',(5.14999999565535,16.2000003640996,41.2500000004215));
#7041=CARTESIAN_POINT('',(5.14999999960038,16.2000003640987,2.93602279219772));
#7042=VECTOR('',#9201,1.0);
#7043=CARTESIAN_POINT('',(5.14999999565535,10.2857868017271,41.2500000004216));
#7044=CARTESIAN_POINT('',(5.15000000001906,-2.7413158181628,41.2500000004219));
#7045=VECTOR('',#9202,1.0);
#7046=CARTESIAN_POINT('',(5.14999999601573,6.78578680172909,37.7500000004238));
#7047=CARTESIAN_POINT('',(5.14999999910237,-23.1915198853493,7.77269331334697));
#7048=VECTOR('',#9203,1.0);
#7049=CARTESIAN_POINT('',(5.14999999601573,2.22814342179009,37.7500000004239));
#7050=CARTESIAN_POINT('',(5.1500000000205,-3.17106178132271,37.7500000004241));
#7051=VECTOR('',#9204,1.0);
#7052=CARTESIAN_POINT('',(5.14999999621782,1.70223433171411,35.7872805560999));
#7053=CARTESIAN_POINT('',(5.14999999931518,-6.35807251806579,5.70580586815378));
#7054=VECTOR('',#9205,1.0);
#7055=CARTESIAN_POINT('',(5.14999999626238,2.13497751960602,35.3545373682091));
#7056=CARTESIAN_POINT('',(5.14999999584615,-1.90744789534542,39.39696278315));
#7057=VECTOR('',#9206,1.0);
#7058=CARTESIAN_POINT('',(5.14999999623529,2.20545591808214,35.6175663321587));
#7059=CARTESIAN_POINT('',(5.1499999993219,-5.82685326846448,5.64058034579406));
#7060=VECTOR('',#9207,1.0);
#7061=CARTESIAN_POINT('',(5.14999999626381,3.23899655221237,35.3406299538989));
#7062=CARTESIAN_POINT('',(5.14999999611304,-2.2257138382705,36.8048946898982));
#7063=VECTOR('',#9208,1.0);
#7064=CARTESIAN_POINT('',(5.14999999689288,1.60196609193746,29.2311491026206));
#7065=CARTESIAN_POINT('',(5.14999999933546,-4.7543917646279,5.50889863085069));
#7066=VECTOR('',#9209,1.0);
#7067=CARTESIAN_POINT('',(5.14999999686436,0.568425457808314,29.5080854808805));
#7068=CARTESIAN_POINT('',(5.1499999967658,-3.00411276073364,30.4653442114691));
#7069=VECTOR('',#9210,1.0);
#7070=CARTESIAN_POINT('',(5.14999999683728,0.638903856284188,29.7711144448278));
#7071=CARTESIAN_POINT('',(5.1499999993219,-5.82685326850166,5.64058034579862));
#7072=VECTOR('',#9211,1.0);
#7073=CARTESIAN_POINT('',(5.14999999685491,7.26707582998642E-12,29.5999206725022));
#7074=CARTESIAN_POINT('',(5.14999999694364,-3.21618600674175,28.7381462293106));
#7075=VECTOR('',#9212,1.0);
#7076=CARTESIAN_POINT('',(5.14999999724363,7.17026438223911E-12,25.8246824528546));
#7077=CARTESIAN_POINT('',(5.14999999939557,6.61604104834623E-12,4.92513272518411));
#7078=VECTOR('',#9213,1.0);
#7079=CARTESIAN_POINT('',(5.14999999737516,4.76763809023231,24.5471976767749));
#7080=CARTESIAN_POINT('',(5.14999999714817,-3.46007773706976,26.7518074882533));
#7081=VECTOR('',#9214,1.0);
#7082=CARTESIAN_POINT('',(5.14999999757408,6.25000000002728,22.6153460241969));
#7083=AXIS2_PLACEMENT_3D('',#9215,#9216,#9217);
#7084=CARTESIAN_POINT('',(5.14999999757714,6.25000000002724,22.5846539761127));
#7085=CARTESIAN_POINT('',(5.14999999947458,6.25000000002728,4.15772921890013));
#7086=VECTOR('',#9218,1.0);
#7087=CARTESIAN_POINT('',(5.14999999757721,4.76763809023233,20.6528023235346));
#7088=AXIS2_PLACEMENT_3D('',#9219,#9220,#9221);
#7089=CARTESIAN_POINT('',(5.14999999803224,-4.51431798613531,18.1657096886907));
#7090=VECTOR('',#9222,1.0);
#7091=CARTESIAN_POINT('',(5.14999999797861,-2.87441181967552E-11,14.2000000003105));
#7092=AXIS2_PLACEMENT_3D('',#9223,#9224,#9225);
#7093=CARTESIAN_POINT('',(5.14999999860532,-3.88230780856702E-10,12.5999999999631));
#7094=CARTESIAN_POINT('',(5.14999999939557,-3.88189036470976E-10,4.92513272523258));
#7095=VECTOR('',#9226,1.0);
#7096=CARTESIAN_POINT('',(5.14999999860532,3.50177473252604,12.5999999999844));
#7097=CARTESIAN_POINT('',(5.15000000003084,-5.19770120772205,12.6000000002254));
#7098=VECTOR('',#9227,1.0);
#7099=CARTESIAN_POINT('',(5.14999999886273,3.60000000004533,10.0999999999813));
#7100=CARTESIAN_POINT('',(5.14999999944388,3.82175808523573,4.45587983642182));
#7101=VECTOR('',#9228,1.0);
#7102=CARTESIAN_POINT('',(5.14999999974824,3.60000000004533,1.50000000012425));
#7103=CARTESIAN_POINT('',(5.14999999944108,3.60000000004533,4.48310830556124));
#7104=VECTOR('',#9229,1.0);
#7105=CARTESIAN_POINT('',(5.14999999974824,1.50000000004549,1.50000000012374));
#7106=CARTESIAN_POINT('',(5.15000000003519,0.32799788596899,1.50000000012345));
#7107=VECTOR('',#9230,1.0);
#7108=CARTESIAN_POINT('',(5.14999999958375,1.50000000004352,2.42917960672605));
#7109=CARTESIAN_POINT('',(5.14999999941453,1.50000000003862,4.74095588367263));
#7110=VECTOR('',#9231,1.0);
#7111=AXIS2_PLACEMENT_3D('',#9232,#9233,#9234);
#7112=CARTESIAN_POINT('',(5.14999999990269,4.52660131600169E-11,6.91375845462971E-11));
#7113=CARTESIAN_POINT('',(5.14999999939557,4.71613859076569E-11,4.92513272517913));
#7114=VECTOR('',#9235,1.0);
#7115=CARTESIAN_POINT('',(5.14999999990269,11.2910563487018,7.20961068623183E-11));
#7116=CARTESIAN_POINT('',(5.15000000002839,-6.74478667564021,6.73718858479333E-11));
#7117=VECTOR('',#9236,1.0);
#7118=CARTESIAN_POINT('',(5.14999999948053,12.9500000039641,4.10000000305334));
#7119=AXIS2_PLACEMENT_3D('',#9237,#9238,#9239);
#7120=CARTESIAN_POINT('',(5.14999999943402,12.9500000039643,4.55166605289574));
#7121=CARTESIAN_POINT('',(5.14999999955929,12.9500000039637,3.33507265968308));
#7122=VECTOR('',#9240,1.0);
#7123=CARTESIAN_POINT('',(5.14999999939815,11.650000003965,4.90000000305673));
#7124=CARTESIAN_POINT('',(5.14999999892289,-5.57639356506519,9.51579824838871));
#7125=VECTOR('',#9241,1.0);
#7126=CARTESIAN_POINT('',(5.14999999928489,11.6500000039654,6.00000000307525));
#7127=CARTESIAN_POINT('',(5.14999999954285,11.6500000039646,3.49469258898951));
#7128=VECTOR('',#9242,1.0);
#7129=CARTESIAN_POINT('',(5.14999999866637,13.2595856032221,12.0070552386066));
#7130=CARTESIAN_POINT('',(5.14999999953464,11.0000870570934,3.57449186486259));
#7131=VECTOR('',#9243,1.0);
#7132=AXIS2_PLACEMENT_3D('',#9244,#9245,#9246);
#7133=CARTESIAN_POINT('',(5.14999999869761,14.7782878307223,11.7036478210833));
#7134=AXIS2_PLACEMENT_3D('',#9247,#9248,#9249);
#7135=CARTESIAN_POINT('',(5.14999999928489,13.2500000031414,5.99999999998281));
#7136=CARTESIAN_POINT('',(5.14999999955422,12.5491237139655,3.38429407896784));
#7137=VECTOR('',#9250,1.0);
#7138=CARTESIAN_POINT('',(5.14999999928489,46.3499999999986,5.9999999999828));
#7139=CARTESIAN_POINT('',(5.15000000002703,-6.00807931024999,5.99999999998282));
#7140=VECTOR('',#9251,1.0);
#7141=CARTESIAN_POINT('',(5.14999999939815,46.3499999999986,4.89999999998197));
#7142=CARTESIAN_POINT('',(5.14999999998155,46.3499999999986,-0.765931677398087));
#7143=VECTOR('',#9252,1.0);
#7144=CARTESIAN_POINT('',(5.15000000089569,-7.92892009868678,-9.64399280649156));
#7145=VECTOR('',#9253,1.0);
#7146=CARTESIAN_POINT('',(5.14999999933729,46.7089436531308,-2.39070985230683E-11));
#7147=AXIS2_PLACEMENT_3D('',#9254,#9255,#9256);
#7148=CARTESIAN_POINT('',(5.14999999990269,48.6676410566459,-2.39568365145715E-11));
#7149=CARTESIAN_POINT('',(5.15000000002839,-6.74478667565103,-2.07567296683919E-11));
#7150=VECTOR('',#9257,1.0);
#7151=CARTESIAN_POINT('',(5.1499999989554,65.2500000009574,9.19999999798911));
#7152=CARTESIAN_POINT('',(5.15000000329959,-10.7955161673353,-32.9905442392163));
#7153=VECTOR('',#9258,1.0);
#7154=CARTESIAN_POINT('',(5.1500000002205,65.2499999997212,-3.08655988035911));
#7155=VECTOR('',#9259,1.0);
#7156=CARTESIAN_POINT('',(5.14999999751388,65.2500000023637,23.199999997981));
#7157=AXIS2_PLACEMENT_3D('',#9260,#9261,#9262);
#7158=CARTESIAN_POINT('',(5.14999999701833,65.2500000028479,28.0128191759113));
#7159=CARTESIAN_POINT('',(5.1500000002205,65.2499999997189,-3.08655988035883));
#7160=VECTOR('',#9263,1.0);
#7161=CARTESIAN_POINT('',(5.14999999699785,64.7036272315309,28.211682601542));
#7162=CARTESIAN_POINT('',(5.14999999455902,-0.372576901147628,51.8974838717493));
#7163=VECTOR('',#9264,1.0);
#7164=CARTESIAN_POINT('',(5.14999999702546,64.7509129536786,27.9435119450416));
#7165=CARTESIAN_POINT('',(5.15000000028475,70.3323866716279,-3.71059849672699));
#7166=VECTOR('',#9265,1.0);
#7167=CARTESIAN_POINT('',(5.14999999704459,63.6971686579378,27.7577083950439));
#7168=CARTESIAN_POINT('',(5.14999999828856,-4.8199807413946,15.6762863218004));
#7169=VECTOR('',#9266,1.0);
#7170=CARTESIAN_POINT('',(5.14999999640322,62.5988439348198,33.9866174329566));
#7171=CARTESIAN_POINT('',(5.15000000027071,69.2218365299114,-3.57424008510225));
#7172=VECTOR('',#9267,1.0);
#7173=CARTESIAN_POINT('',(5.14999999638409,63.6525882305619,34.1724209829542));
#7174=CARTESIAN_POINT('',(5.14999999761263,-4.01393685960309,22.2409869257997));
#7175=VECTOR('',#9268,1.0);
#7176=CARTESIAN_POINT('',(5.14999999641171,63.6998739527095,33.9042503264515));
#7177=CARTESIAN_POINT('',(5.15000000028475,70.3323866715791,-3.71059849672101));
#7178=VECTOR('',#9269,1.0);
#7179=CARTESIAN_POINT('',(5.1499999963712,64.1686864761222,34.2976307418569));
#7180=CARTESIAN_POINT('',(5.14999999971721,25.4411324468533,1.80135444622719));
#7181=VECTOR('',#9270,1.0);
#7182=CARTESIAN_POINT('',(5.15000000029171,70.8824722558274,-3.77814051369813));
#7183=VECTOR('',#9271,1.0);
#7184=COLOUR_RGB('',0.0,0.443137288093567,0.709803938865662);
#7185=CARTESIAN_POINT('',(1.42262202018628E-10,46.3499999999985,5.99999999998068));
#7186=CARTESIAN_POINT('',(1.43318246159652E-10,13.2500000031298,5.99999999998071));
#7187=CARTESIAN_POINT('',(1.43940859231861E-10,-6.00807931025705,5.99999999998072));
#7188=VECTOR('',#9272,1.0);
#7189=CARTESIAN_POINT('',(1.40941480708534E-10,14.7782878305783,11.703647820587));
#7190=CARTESIAN_POINT('',(1.44415146507981E-10,12.5491237144299,3.3842940807418));
#7191=VECTOR('',#9273,1.0);
#7192=AXIS2_PLACEMENT_3D('',#9274,#9275,#9276);
#7193=CARTESIAN_POINT('',(1.4086420918602E-10,13.2595856030781,12.0070552381103));
#7194=AXIS2_PLACEMENT_3D('',#9277,#9278,#9279);
#7195=CARTESIAN_POINT('',(1.43373313221673E-10,11.6500000039653,6.00000000311624));
#7196=CARTESIAN_POINT('',(1.44382283906452E-10,11.0000870575156,3.57449186647919));
#7197=VECTOR('',#9280,1.0);
#7198=CARTESIAN_POINT('',(1.43820066966782E-10,11.650000003965,4.90000000304075));
#7199=CARTESIAN_POINT('',(1.57937662947916E-10,11.6500000039656,6.74000000306167));
#7200=VECTOR('',#9281,1.0);
#7201=CARTESIAN_POINT('',(1.43920431128208E-10,12.9500000039501,4.55166605288358));
#7202=CARTESIAN_POINT('',(1.42485134801973E-10,-5.57639356608146,9.51579824864503));
#7203=VECTOR('',#9282,1.0);
#7204=CARTESIAN_POINT('',(1.44103395882667E-10,12.9500000039499,4.10000000304118));
#7205=CARTESIAN_POINT('',(1.44414258329562E-10,12.9500000039496,3.33507266155787));
#7206=VECTOR('',#9283,1.0);
#7207=CARTESIAN_POINT('',(1.45838896514761E-10,11.2910563486947,6.99973412565669E-11));
#7208=AXIS2_PLACEMENT_3D('',#9284,#9285,#9286);
#7209=CARTESIAN_POINT('',(1.461968324179E-10,4.51017001523724E-11,6.70370425837064E-11));
#7210=CARTESIAN_POINT('',(1.46411771595467E-10,-6.74478667564728,6.52615739227258E-11));
#7211=VECTOR('',#9287,1.0);
#7212=CARTESIAN_POINT('',(1.43631773141806E-10,4.75193218107961E-11,6.27848541882588));
#7213=VECTOR('',#9288,1.0);
#7214=CARTESIAN_POINT('',(1.4444800910951E-10,3.60000000004519,3.99999999997567));
#7215=CARTESIAN_POINT('',(1.4453593877306E-10,0.900000000045766,3.99999999997567));
#7216=VECTOR('',#9289,1.0);
#7217=CARTESIAN_POINT('',(1.4195933317751E-10,3.60000000004518,10.0999999999792));
#7218=CARTESIAN_POINT('',(1.43700162880123E-10,3.60000000004517,5.83646099957571));
#7219=VECTOR('',#9290,1.0);
#7220=CARTESIAN_POINT('',(1.40938816173275E-10,3.50177473252587,12.5999999999823));
#7221=CARTESIAN_POINT('',(1.43689504739086E-10,3.76738575568261,5.83974803363129));
#7222=VECTOR('',#9291,1.0);
#7223=CARTESIAN_POINT('',(1.41055167546256E-10,-3.88395093864347E-10,12.599999999961));
#7224=CARTESIAN_POINT('',(1.4122036873232E-10,-5.19770120772221,12.6000000002233));
#7225=VECTOR('',#9292,1.0);
#7226=CARTESIAN_POINT('',(1.40397915515678E-10,-2.89119839180785E-11,14.2000000003083));
#7227=CARTESIAN_POINT('',(1.4418333194044E-10,5.42348388421487E-11,4.9251327208279));
#7228=VECTOR('',#9293,1.0);
#7229=AXIS2_PLACEMENT_3D('',#9294,#9295,#9296);
#7230=CARTESIAN_POINT('',(1.34114053196299E-10,7.105427357601E-12,29.5999206725001));
#7231=CARTESIAN_POINT('',(1.44026124360153E-10,6.46416253857751E-12,5.30234816009337));
#7232=VECTOR('',#9297,1.0);
#7233=CARTESIAN_POINT('',(1.34019018105391E-10,0.638903856284035,29.7711144448257));
#7234=CARTESIAN_POINT('',(1.34718902700115E-10,-4.31368606780908,28.444071974261));
#7235=VECTOR('',#9298,1.0);
#7236=CARTESIAN_POINT('',(1.34130928586274E-10,0.56842545780815,29.5080854808784));
#7237=CARTESIAN_POINT('',(1.43925760198726E-10,-5.72899813377867,6.00578068036374));
#7238=VECTOR('',#9299,1.0);
#7239=CARTESIAN_POINT('',(1.34204647395109E-10,1.60196609193732,29.2311491026186));
#7240=CARTESIAN_POINT('',(1.33777433575233E-10,-4.03169748177885,30.7406847076259));
#7241=VECTOR('',#9300,1.0);
#7242=CARTESIAN_POINT('',(1.31666233471606E-10,3.23899655221221,35.3406299538968));
#7243=CARTESIAN_POINT('',(1.4394530012396E-10,-4.65653662987745,5.87409896552196));
#7244=VECTOR('',#9301,1.0);
#7245=CARTESIAN_POINT('',(1.31581856521734E-10,2.20545591808198,35.6175663321566));
#7246=CARTESIAN_POINT('',(1.31156419058698E-10,-3.25329855994257,37.0802351862225));
#7247=VECTOR('',#9302,1.0);
#7248=CARTESIAN_POINT('',(1.31692878824197E-10,2.13497751960584,35.3545373682071));
#7249=CARTESIAN_POINT('',(1.43925760198726E-10,-5.728998133742,6.00578068035923));
#7250=VECTOR('',#9303,1.0);
#7251=CARTESIAN_POINT('',(1.31526789459713E-10,1.70223433171395,35.7872805560978));
#7252=CARTESIAN_POINT('',(1.29811716931272E-10,-2.85276930502335,40.3422841928231));
#7253=VECTOR('',#9304,1.0);
#7254=CARTESIAN_POINT('',(1.30715882562527E-10,2.22814342178992,37.7500000004218));
#7255=CARTESIAN_POINT('',(1.4391510205769E-10,-6.26021738335707,6.07100620266639));
#7256=VECTOR('',#9305,1.0);
#7257=CARTESIAN_POINT('',(1.30570221301696E-10,6.78578680172893,37.7500000004216));
#7258=CARTESIAN_POINT('',(1.30888189175948E-10,-3.17106178132289,37.7500000004219));
#7259=VECTOR('',#9306,1.0);
#7260=CARTESIAN_POINT('',(1.29028343565096E-10,10.2857868017269,41.2500000004195));
#7261=CARTESIAN_POINT('',(1.43611345038153E-10,-22.8555556713068,8.10865752738747));
#7262=VECTOR('',#9307,1.0);
#7263=CARTESIAN_POINT('',(1.2884093791854E-10,16.2000003640995,41.2500000004193));
#7264=CARTESIAN_POINT('',(1.29437793816578E-10,-2.74131581816296,41.2500000004198));
#7265=VECTOR('',#9308,1.0);
#7266=CARTESIAN_POINT('',(1.31284316751135E-10,16.2000003640993,35.2500000004234));
#7267=CARTESIAN_POINT('',(1.44324552309172E-10,16.2000003640985,3.31323822876143));
#7268=VECTOR('',#9309,1.0);
#7269=CARTESIAN_POINT('',(1.31186617124968E-10,19.4315002822039,35.2500000004233));
#7270=CARTESIAN_POINT('',(1.31882949006012E-10,-2.41663090392939,35.2499999999785));
#7271=VECTOR('',#9310,1.0);
#7272=CARTESIAN_POINT('',(1.31851862761323E-10,20.1500000000252,33.5500000035005));
#7273=CARTESIAN_POINT('',(1.44645184718684E-10,33.8451604312814,1.1466849978509));
#7274=VECTOR('',#9311,1.0);
#7275=CARTESIAN_POINT('',(1.33613120567588E-10,20.1500000000252,29.2500000001262));
#7276=CARTESIAN_POINT('',(1.44549261449356E-10,20.1500000000252,2.45102381863792));
#7277=VECTOR('',#9312,1.0);
#7278=CARTESIAN_POINT('',(1.33356437004295E-10,28.1499999999616,29.2500000001262));
#7279=CARTESIAN_POINT('',(1.34353861369618E-10,-3.15333826931185,29.2500000001262));
#7280=VECTOR('',#9313,1.0);
#7281=CARTESIAN_POINT('',(1.31596955554869E-10,28.1499999999616,33.5500000001816));
#7282=CARTESIAN_POINT('',(1.44495970744174E-10,28.1499999999615,1.96874733113578));
#7283=VECTOR('',#9314,1.0);
#7284=CARTESIAN_POINT('',(1.30876642856492E-10,28.8684997191572,35.2499999999785));
#7285=CARTESIAN_POINT('',(1.44463108142645E-10,15.259884486185,3.05145450967664));
#7286=VECTOR('',#9315,1.0);
#7287=CARTESIAN_POINT('',(1.30869537429135E-10,29.3014317309913,35.2499999999785));
#7288=CARTESIAN_POINT('',(1.31882949006012E-10,-2.41663090392939,35.2499999999785));
#7289=VECTOR('',#9316,1.0);
#7290=CARTESIAN_POINT('',(1.31114674672972E-10,29.7565666307747,34.600000000054));
#7291=CARTESIAN_POINT('',(1.44975587090812E-10,54.905512199829,-1.31641648605717));
#7292=VECTOR('',#9317,1.0);
#7293=CARTESIAN_POINT('',(1.31134214598205E-10,29.2000000001305,34.6000000000541));
#7294=CARTESIAN_POINT('',(1.32147626175083E-10,-2.55783314819994,34.6000000000541));
#7295=VECTOR('',#9318,1.0);
#7296=CARTESIAN_POINT('',(1.31462840613494E-10,29.2000000001349,33.7999999999697));
#7297=CARTESIAN_POINT('',(1.44514622490988E-10,29.2000000003115,1.83982354214476));
#7298=VECTOR('',#9319,1.0);
#7299=CARTESIAN_POINT('',(1.32478028547212E-10,-2.65606079693352,33.7999999999697));
#7300=VECTOR('',#9320,1.0);
#7301=CARTESIAN_POINT('',(1.31323396601601E-10,30.6217157287928,34.0121320344122));
#7302=AXIS2_PLACEMENT_3D('',#9321,#9322,#9323);
#7303=CARTESIAN_POINT('',(1.31670674363704E-10,31.5338477632254,33.0999999999796));
#7304=CARTESIAN_POINT('',(1.20180310148044E-10,1.0063013876088,63.6275463755962));
#7305=VECTOR('',#9324,1.0);
#7306=CARTESIAN_POINT('',(1.31694655181036E-10,30.925000000117,33.0999999999796));
#7307=CARTESIAN_POINT('',(1.32767574712034E-10,-2.7420099895643,33.09999999998));
#7308=VECTOR('',#9325,1.0);
#7309=CARTESIAN_POINT('',(1.32122757179332E-10,30.925000000117,32.0499999999798));
#7310=CARTESIAN_POINT('',(1.44545708735677E-10,30.925000000117,1.62802017461112));
#7311=VECTOR('',#9326,1.0);
#7312=CARTESIAN_POINT('',(1.3192025249964E-10,37.2750000001171,32.0499999999795));
#7313=CARTESIAN_POINT('',(1.33202782137687E-10,-2.87093377851213,32.0499999999817));
#7314=VECTOR('',#9327,1.0);
#7315=CARTESIAN_POINT('',(1.31491262322925E-10,37.2750000001171,33.0999999999793));
#7316=CARTESIAN_POINT('',(1.44658507394979E-10,37.2750000001171,0.848338212877661));
#7317=VECTOR('',#9328,1.0);
#7318=CARTESIAN_POINT('',(1.3150547317764E-10,36.6661522370082,33.0999999999793));
#7319=CARTESIAN_POINT('',(1.32767574712034E-10,-2.74200998956418,33.099999999981));
#7320=VECTOR('',#9329,1.0);
#7321=CARTESIAN_POINT('',(1.31104016531935E-10,37.5782842714411,34.0121320344122));
#7322=CARTESIAN_POINT('',(1.44128264878418E-10,8.00802332937867,4.44187109234985));
#7323=VECTOR('',#9330,1.0);
#7324=CARTESIAN_POINT('',(1.31174182627092E-10,38.090416305797,33.7999999999698));
#7325=AXIS2_PLACEMENT_3D('',#9331,#9332,#9333);
#7326=CARTESIAN_POINT('',(1.31147537274501E-10,39.0000000000992,33.7999999999698));
#7327=CARTESIAN_POINT('',(1.32478028547212E-10,-2.65606079693352,33.7999999999697));
#7328=VECTOR('',#9334,1.0);
#7329=CARTESIAN_POINT('',(1.30819799437631E-10,39.0000000001036,34.6000000000541));
#7330=CARTESIAN_POINT('',(1.44690481818088E-10,38.9999999999159,0.636534845344853));
#7331=VECTOR('',#9335,1.0);
#7332=CARTESIAN_POINT('',(1.30839339362865E-10,38.443433369516,34.6000000000542));
#7333=CARTESIAN_POINT('',(1.32147626175083E-10,-2.55783314819994,34.6000000000541));
#7334=VECTOR('',#9336,1.0);
#7335=CARTESIAN_POINT('',(1.30556010446981E-10,38.8985682673553,35.2499999972021));
#7336=CARTESIAN_POINT('',(1.44281919745026E-10,16.5887582711335,3.38828932030237));
#7337=VECTOR('',#9337,1.0);
#7338=CARTESIAN_POINT('',(1.29760202582929E-10,64.0007580808369,35.2499999970634));
#7339=CARTESIAN_POINT('',(1.31882949006012E-10,-2.41663090424225,35.2499999974304));
#7340=VECTOR('',#9338,1.0);
#7341=CARTESIAN_POINT('',(1.30141231124981E-10,64.1686864761222,34.2976307413266));
#7342=CARTESIAN_POINT('',(1.45472967005844E-10,70.8824722542988,-3.77814050555852));
#7343=VECTOR('',#9339,1.0);
#7344=CARTESIAN_POINT('',(1.30313537738402E-10,63.6998739527096,33.9042503259212));
#7345=CARTESIAN_POINT('',(1.44645184718684E-10,25.4411324507145,1.80135444893684));
#7346=VECTOR('',#9340,1.0);
#7347=CARTESIAN_POINT('',(1.30209620863297E-10,63.6525882305619,34.1724209824239));
#7348=CARTESIAN_POINT('',(1.45457867972709E-10,70.3323866700607,-3.71059848864037));
#7349=VECTOR('',#9341,1.0);
#7350=CARTESIAN_POINT('',(1.3032064316576E-10,62.5988439348198,33.9866174324264));
#7351=CARTESIAN_POINT('',(1.37242217590483E-10,-4.0139368621054,22.2409869248281));
#7352=VECTOR('',#9342,1.0);
#7353=CARTESIAN_POINT('',(1.32823529952475E-10,63.6971686579378,27.7577083945136));
#7354=CARTESIAN_POINT('',(1.45443657117994E-10,69.2218365284141,-3.57424007714075));
#7355=VECTOR('',#9343,1.0);
#7356=CARTESIAN_POINT('',(1.32712507650012E-10,64.7509129536786,27.9435119445113));
#7357=CARTESIAN_POINT('',(1.39949385413729E-10,-4.81998074319282,15.6762863209531));
#7358=VECTOR('',#9344,1.0);
#7359=CARTESIAN_POINT('',(1.32609478953327E-10,64.7036272315309,28.2116826010118));
#7360=CARTESIAN_POINT('',(1.45457867972709E-10,70.3323866701096,-3.71059848864637));
#7361=VECTOR('',#9345,1.0);
#7362=CARTESIAN_POINT('',(1.32674315977965E-10,65.2500000028479,28.0128191753811));
#7363=CARTESIAN_POINT('',(1.25015553464891E-10,-0.372576906469772,51.8974838731561));
#7364=VECTOR('',#9346,1.0);
#7365=CARTESIAN_POINT('',(-4.81151118947309E-10,65.2500000023637,23.1999999974507));
#7366=CARTESIAN_POINT('',(1.45371714665998E-10,65.2499999997189,-3.08655987299793));
#7367=VECTOR('',#9347,1.0);
#7368=AXIS2_PLACEMENT_3D('',#9348,#9349,#9350);
#7369=CARTESIAN_POINT('',(1.40346401167335E-10,65.2500000009574,9.19999999745877));
#7370=CARTESIAN_POINT('',(1.45371714665998E-10,65.2499999997212,-3.08655987299821));
#7371=VECTOR('',#9351,1.0);
#7372=CARTESIAN_POINT('',(1.44635414756067E-10,48.6676410575978,-2.60635957261002E-11));
#7373=CARTESIAN_POINT('',(1.60011559557915E-10,-10.7955161637432,-32.9905442377536));
#7374=VECTOR('',#9352,1.0);
#7375=CARTESIAN_POINT('',(1.44702028137544E-10,46.7089436531306,-2.60014232367212E-11));
#7376=CARTESIAN_POINT('',(1.46411771595467E-10,-6.7447866756581,-2.28554952741433E-11));
#7377=VECTOR('',#9353,1.0);
#7378=AXIS2_PLACEMENT_3D('',#9354,#9355,#9356);
#7379=CARTESIAN_POINT('',(1.42708955763737E-10,46.3499999999984,4.89999999997988));
#7380=CARTESIAN_POINT('',(1.50398804521501E-10,-7.99240089733929,-9.66100243522744));
#7381=VECTOR('',#9357,1.0);
#7382=CARTESIAN_POINT('',(1.45029765974414E-10,46.3499999999984,-0.765931672020349));
#7383=VECTOR('',#9358,1.0);
#7384=COLOUR_RGB('',0.0,0.443137288093567,0.709803938865662);
#7385=CARTESIAN_POINT('',(5.15000000003432,46.7089436531307,-2.38644659589227E-11));
#7386=VECTOR('',#9359,1.0);
#7387=COLOUR_RGB('',0.0,0.443137288093567,0.709803938865662);
#7388=CARTESIAN_POINT('',(5.14999999993978,13.2500000031413,5.99999999998282));
#7389=VECTOR('',#9360,1.0);
#7390=CARTESIAN_POINT('',(5.14999999989603,46.3499999999986,5.99999999998279));
#7391=VECTOR('',#9361,1.0);
#7392=COLOUR_RGB('',0.0,0.443137288093567,0.709803938865662);
#7393=CARTESIAN_POINT('',(-4.28709631794533E-06,14.7782878279281,11.7036478212971));
#7394=VECTOR('',#9362,1.0);
#7395=COLOUR_RGB('',0.0,0.443137288093567,0.709803938865662);
#7396=CARTESIAN_POINT('',(5.14999999989297,48.6676410566459,-2.39870345808413E-11));
#7397=VECTOR('',#9363,1.0);
#7398=COLOUR_RGB('',0.0,0.443137288093567,0.709803938865662);
#7399=CARTESIAN_POINT('',(0.80000000013086,29.3014317309912,35.2499999999788));
#7400=CARTESIAN_POINT('',(0.800000000130869,29.2000000001269,35.2499999999788));
#7401=CARTESIAN_POINT('',(0.800000000131883,-2.47802318362231,35.2499999999788));
#7402=VECTOR('',#9364,1.0);
#7403=CARTESIAN_POINT('',(5.14999999991858,29.3014317309914,35.2499999999806));
#7404=VECTOR('',#9365,1.0);
#7405=CARTESIAN_POINT('',(5.14999999991916,28.8684997191573,35.2499999999806));
#7406=VECTOR('',#9366,1.0);
#7407=CARTESIAN_POINT('',(5.14999999991872,29.2000000001271,35.2499999999806));
#7408=VECTOR('',#9367,1.0);
#7409=COLOUR_RGB('',0.0,0.443137288093567,0.709803938865662);
#7410=CARTESIAN_POINT('',(5.15000000002122,28.1499999999617,33.5500000001836));
#7411=VECTOR('',#9368,1.0);
#7412=CARTESIAN_POINT('',(0.575000000049417,28.1499999999616,29.2500000001264));
#7413=CARTESIAN_POINT('',(5.1499999999201,28.1499999999617,29.2500000001283));
#7414=VECTOR('',#9369,1.0);
#7415=CARTESIAN_POINT('',(0.575000000054395,28.1499999999615,17.0500000325063));
#7416=CARTESIAN_POINT('',(0.575000000060756,28.1499999999616,1.46874733242725));
#7417=VECTOR('',#9370,1.0);
#7418=CARTESIAN_POINT('',(4.57500000004558,28.1499999999616,17.050000032508));
#7419=CARTESIAN_POINT('',(5.14999999799532,28.1499999999617,17.0500000325083));
#7420=VECTOR('',#9371,1.0);
#7421=CARTESIAN_POINT('',(4.5750000000406,28.1499999999617,29.2500000001281));
#7422=CARTESIAN_POINT('',(4.57500000005194,28.1499999999616,1.46874733283884));
#7423=VECTOR('',#9372,1.0);
#7424=CARTESIAN_POINT('',(5.1499999999201,28.1499999999617,29.2500000001283));
#7425=VECTOR('',#9373,1.0);
#7426=COLOUR_RGB('',0.0,0.443137288093567,0.709803938865662);
#7427=COLOUR_RGB('',0.0,0.443137288093567,0.709803938865662);
#7428=CARTESIAN_POINT('',(5.14999999991872,29.200000000135,33.7999999999719));
#7429=VECTOR('',#9374,1.0);
#7430=CARTESIAN_POINT('',(0.800000000131134,29.2000000001305,34.6000000000545));
#7431=CARTESIAN_POINT('',(5.14999999991872,29.2000000001307,34.6000000000562));
#7432=VECTOR('',#9375,1.0);
#7433=CARTESIAN_POINT('',(0.800000000144715,29.2000000003142,1.33982354737772));
#7434=VECTOR('',#9376,1.0);
#7435=COLOUR_RGB('',0.0,0.443137288093567,0.709803938865662);
#7436=COLOUR_RGB('',0.0,0.443137288093567,0.709803938865662);
#7437=CARTESIAN_POINT('',(5.15000000002131,30.9250000001171,33.0999999999817));
#7438=VECTOR('',#9377,1.0);
#7439=CARTESIAN_POINT('',(5.14999999991563,31.5338477632255,33.0999999999817));
#7440=VECTOR('',#9378,1.0);
#7441=COLOUR_RGB('',0.0,0.443137288093567,0.709803938865662);
#7442=CARTESIAN_POINT('',(5.15000000002073,37.5782842714412,34.0121320344143));
#7443=VECTOR('',#9379,1.0);
#7444=CARTESIAN_POINT('',(5.14999999990885,36.6661522370082,33.0999999999813));
#7445=VECTOR('',#9380,1.0);
#7446=COLOUR_RGB('',0.0,0.443137288093567,0.709803938865662);
#7447=CARTESIAN_POINT('',(5.14999999624743,39.0000000000993,33.7999999999719));
#7448=VECTOR('',#9381,1.0);
#7449=CARTESIAN_POINT('',(5.1500000000208,38.0904163057971,33.7999999999719));
#7450=VECTOR('',#9382,1.0);
#7451=COLOUR_RGB('',0.0,0.443137288093567,0.709803938865662);
#7452=CARTESIAN_POINT('',(5.14999999987273,64.00075808093,35.2499999970655));
#7453=VECTOR('',#9383,1.0);
#7454=CARTESIAN_POINT('',(0.800000000130557,38.8985682673553,35.2499999972024));
#7455=CARTESIAN_POINT('',(5.149999996099,38.8985682712843,35.2500000028152));
#7456=VECTOR('',#9384,1.0);
#7457=CARTESIAN_POINT('',(0.800000000130556,39.0000000001072,35.2499999972019));
#7458=CARTESIAN_POINT('',(0.800000000131883,-2.41663090045142,35.2499999974307));
#7459=VECTOR('',#9385,1.0);
#7460=CARTESIAN_POINT('',(5.14999999609872,39.0000000001073,35.2499999972037));
#7461=VECTOR('',#9386,1.0);
#7462=CARTESIAN_POINT('',(5.14999999567198,46.4500000044541,35.2499999971625));
#7463=VECTOR('',#9387,1.0);
#7464=CARTESIAN_POINT('',(0.349999995548065,47.4500000044663,35.249999997155));
#7465=AXIS2_PLACEMENT_3D('',#9388,#9389,#9390);
#7466=CARTESIAN_POINT('',(0.349999995548986,48.0500000044841,35.2499999971516));
#7467=CARTESIAN_POINT('',(0.349999995471873,-2.41663090044702,35.2499999974305));
#7468=VECTOR('',#9391,1.0);
#7469=AXIS2_PLACEMENT_3D('',#9392,#9393,#9394);
#7470=CARTESIAN_POINT('',(5.14999999567095,49.0500000044242,35.2499999971481));
#7471=VECTOR('',#9395,1.0);
#7472=CARTESIAN_POINT('',(5.14999999567095,56.6500000052945,35.2499999971061));
#7473=VECTOR('',#9396,1.0);
#7474=CARTESIAN_POINT('',(0.349999995547035,57.6500000053068,35.2499999970986));
#7475=AXIS2_PLACEMENT_3D('',#9397,#9398,#9399);
#7476=CARTESIAN_POINT('',(0.349999995547955,58.2500000053245,35.2499999970953));
#7477=CARTESIAN_POINT('',(0.349999995455253,-2.41663090044702,35.2499999974305));
#7478=VECTOR('',#9400,1.0);
#7479=AXIS2_PLACEMENT_3D('',#9401,#9402,#9403);
#7480=CARTESIAN_POINT('',(4.93174241848008,59.2500000052953,35.2499999970917));
#7481=VECTOR('',#9404,1.0);
#7482=CARTESIAN_POINT('',(3.24999999558849,51.300000005304,35.2499999971349));
#7483=CARTESIAN_POINT('',(3.64999999559702,50.9000000052909,35.2499999971373));
#7484=CARTESIAN_POINT('',(5.14999999606995,49.400000004801,35.2499999971461));
#7485=VECTOR('',#9405,1.0);
#7486=CARTESIAN_POINT('',(2.04999999561363,51.3000000053187,35.2499999971344));
#7487=CARTESIAN_POINT('',(5.1499999960647,51.3000000052808,35.2499999971357));
#7488=VECTOR('',#9406,1.0);
#7489=CARTESIAN_POINT('',(1.649999995597,50.9000000053066,35.2499999971365));
#7490=CARTESIAN_POINT('',(5.14999999605612,54.4000000057262,35.2499999971185));
#7491=VECTOR('',#9407,1.0);
#7492=CARTESIAN_POINT('',(0.749999995533163,50.9000000053153,35.2499999971361));
#7493=CARTESIAN_POINT('',(5.1499999960658,50.9000000052732,35.2499999971379));
#7494=VECTOR('',#9408,1.0);
#7495=CARTESIAN_POINT('',(0.749999995572454,54.7000000052997,35.2499999971151));
#7496=CARTESIAN_POINT('',(0.749999994981893,-2.41663090045093,35.2499999974307));
#7497=VECTOR('',#9409,1.0);
#7498=CARTESIAN_POINT('',(4.54999999554539,54.7000000052894,35.2499999971166));
#7499=CARTESIAN_POINT('',(5.14999999605529,54.7000000052878,35.2499999971169));
#7500=VECTOR('',#9410,1.0);
#7501=CARTESIAN_POINT('',(4.54999999553202,50.9000000052824,35.2499999971376));
#7502=CARTESIAN_POINT('',(4.54999999534447,-2.41663090048809,35.2499999974322));
#7503=VECTOR('',#9411,1.0);
#7504=CARTESIAN_POINT('',(5.1499999960658,50.9000000052767,35.2499999971379));
#7505=VECTOR('',#9412,1.0);
#7506=CARTESIAN_POINT('',(3.64999999559805,40.7000000044506,35.2499999971936));
#7507=CARTESIAN_POINT('',(4.54999999553305,40.7000000044421,35.249999997194));
#7508=CARTESIAN_POINT('',(5.14999999609401,40.7000000044363,35.2499999971942));
#7509=VECTOR('',#9413,1.0);
#7510=CARTESIAN_POINT('',(3.24999999558953,41.1000000044637,35.2499999971913));
#7511=CARTESIAN_POINT('',(5.14999999609816,39.2000000039335,35.2499999972026));
#7512=VECTOR('',#9414,1.0);
#7513=CARTESIAN_POINT('',(2.04999999561465,41.1000000044783,35.2499999971907));
#7514=CARTESIAN_POINT('',(5.14999999609291,41.1000000044405,35.2499999971921));
#7515=VECTOR('',#9415,1.0);
#7516=CARTESIAN_POINT('',(1.64999999559803,40.7000000044662,35.2499999971928));
#7517=CARTESIAN_POINT('',(5.14999999608433,44.2000000049129,35.2499999971749));
#7518=VECTOR('',#9416,1.0);
#7519=CARTESIAN_POINT('',(0.749999995534194,40.7000000044748,35.2499999971924));
#7520=CARTESIAN_POINT('',(5.14999999609401,40.7000000044328,35.2499999971942));
#7521=VECTOR('',#9417,1.0);
#7522=CARTESIAN_POINT('',(0.749999995573484,44.5000000044593,35.2499999971714));
#7523=CARTESIAN_POINT('',(0.749999995088393,-2.41663090045093,35.2499999974307));
#7524=VECTOR('',#9418,1.0);
#7525=CARTESIAN_POINT('',(4.54999999554642,44.500000004449,35.249999997173));
#7526=CARTESIAN_POINT('',(5.1499999960835,44.5000000044474,35.2499999971733));
#7527=VECTOR('',#9419,1.0);
#7528=CARTESIAN_POINT('',(4.54999999538139,-2.41663090048809,35.2499999974322));
#7529=VECTOR('',#9420,1.0);
#7530=COLOUR_RGB('',0.0,0.443137288093567,0.709803938865662);
#7531=CARTESIAN_POINT('',(5.1499999998725,64.1686864761222,34.2976307418569));
#7532=VECTOR('',#9421,1.0);
#7533=COLOUR_RGB('',0.0,0.443137288093567,0.709803938865662);
#7534=CARTESIAN_POINT('',(5.14999999638409,63.6525882305619,34.1724209829542));
#7535=VECTOR('',#9422,1.0);
#7536=CARTESIAN_POINT('',(5.14999999987312,63.6998739527095,33.9042503264515));
#7537=VECTOR('',#9423,1.0);
#7538=COLOUR_RGB('',0.0,0.443137288093567,0.709803938865662);
#7539=CARTESIAN_POINT('',(5.14999999987312,63.6971686579378,27.7577083950439));
#7540=VECTOR('',#9424,1.0);
#7541=CARTESIAN_POINT('',(5.14999999987458,62.5988439348198,33.9866174329566));
#7542=VECTOR('',#9425,1.0);
#7543=COLOUR_RGB('',0.0,0.443137288093567,0.709803938865662);
#7544=CARTESIAN_POINT('',(5.14999999987107,65.2500000028479,28.0128191759113));
#7545=VECTOR('',#9426,1.0);
#7546=CARTESIAN_POINT('',(5.14999999987179,64.7036272315309,28.211682601542));
#7547=VECTOR('',#9427,1.0);
#7548=COLOUR_RGB('',0.0,0.443137288093567,0.709803938865662);
#7549=CARTESIAN_POINT('',(5.14999999751388,65.2500000023637,23.1999999979809));
#7550=VECTOR('',#9428,1.0);
#7551=COLOUR_RGB('',0.0,0.443137288093567,0.709803938865662);
#7552=CARTESIAN_POINT('',(5.14999999987106,65.2500000009574,9.19999999798901));
#7553=VECTOR('',#9429,1.0);
#7554=COLOUR_RGB('',0.0,0.443137288093567,0.709803938865662);
#7555=COLOUR_RGB('',0.0,0.443137288093567,0.709803938865662);
#7556=CARTESIAN_POINT('',(5.14999999702546,64.7509129536787,27.9435119450415));
#7557=VECTOR('',#9430,1.0);
#7558=COLOUR_RGB('',0.0,0.443137288093567,0.709803938865662);
#7559=COLOUR_RGB('',0.0,0.443137288093567,0.709803938865662);
#7560=COLOUR_RGB('',0.0,0.443137288093567,0.709803938865662);
#7561=COLOUR_RGB('',0.0,0.443137288093567,0.709803938865662);
#7562=CARTESIAN_POINT('',(0.80000000013082,39.0000000001036,34.6000000000545));
#7563=CARTESIAN_POINT('',(0.80000000014489,38.9999999999132,0.136534850605982));
#7564=VECTOR('',#9431,1.0);
#7565=CARTESIAN_POINT('',(5.14999999990577,39.0000000001037,34.6000000000561));
#7566=VECTOR('',#9432,1.0);
#7567=COLOUR_RGB('',0.0,0.443137288093567,0.709803938865662);
#7568=COLOUR_RGB('',0.0,0.443137288093567,0.709803938865662);
#7569=CARTESIAN_POINT('',(5.15000000002111,37.2750000001173,33.0999999999814));
#7570=VECTOR('',#9433,1.0);
#7571=COLOUR_RGB('',0.0,0.443137288093567,0.709803938865662);
#7572=CARTESIAN_POINT('',(5.15000000002154,37.2750000001172,32.0499999999816));
#7573=VECTOR('',#9434,1.0);
#7574=COLOUR_RGB('',0.0,0.443137288093567,0.709803938865662);
#7575=CARTESIAN_POINT('',(5.15000000002174,30.9250000001171,32.0499999999819));
#7576=VECTOR('',#9435,1.0);
#7577=COLOUR_RGB('',0.0,0.443137288093567,0.709803938865662);
#7578=COLOUR_RGB('',0.0,0.443137288093567,0.709803938865662);
#7579=CARTESIAN_POINT('',(5.15000000002095,30.621715728793,34.0121320344143));
#7580=VECTOR('',#9436,1.0);
#7581=COLOUR_RGB('',0.0,0.443137288093567,0.709803938865662);
#7582=COLOUR_RGB('',0.0,0.443137288093567,0.709803938865662);
#7583=CARTESIAN_POINT('',(4.5750000000406,24.9999999999633,29.250000000128));
#7584=CARTESIAN_POINT('',(4.5750000000406,-3.15333826930558,29.250000000128));
#7585=VECTOR('',#9437,1.0);
#7586=CARTESIAN_POINT('',(4.57500000004558,24.9999999999633,17.0500000331176));
#7587=CARTESIAN_POINT('',(4.57500000004558,-4.65130990569373,17.0500000388557));
#7588=VECTOR('',#9438,1.0);
#7589=CARTESIAN_POINT('',(4.57500000005178,24.9999999999633,1.85551870000449));
#7590=VECTOR('',#9439,1.0);
#7591=COLOUR_RGB('',0.0,0.443137288093567,0.709803938865662);
#7592=CARTESIAN_POINT('',(0.575000000049418,24.9999999999633,29.2500000001264));
#7593=CARTESIAN_POINT('',(5.14999999992426,24.9999999999633,29.2500000001283));
#7594=VECTOR('',#9440,1.0);
#7595=CARTESIAN_POINT('',(0.575000000054397,24.9999999999633,17.0500000331159));
#7596=CARTESIAN_POINT('',(5.14999999800404,24.9999999999633,17.0500000331178));
#7597=VECTOR('',#9441,1.0);
#7598=CARTESIAN_POINT('',(0.575000000060601,24.9999999999633,1.85551869959288));
#7599=VECTOR('',#9442,1.0);
#7600=COLOUR_RGB('',0.823529481887817,0.823529481887817,0.784313797950745);
#7601=CARTESIAN_POINT('',(0.575000000054394,-4.65130990565462,17.0500000388541));
#7602=VECTOR('',#9443,1.0);
#7603=COLOUR_RGB('',0.0,0.443137288093567,0.709803938865662);
#7604=CARTESIAN_POINT('',(0.575000000049414,-3.15333826931107,29.2500000001264));
#7605=VECTOR('',#9444,1.0);
#7606=COLOUR_RGB('',0.0,0.443137288093567,0.709803938865662);
#7607=CARTESIAN_POINT('',(0.575000000027043,20.1500000000253,29.2500000001264));
#7608=CARTESIAN_POINT('',(5.14999999993067,20.1500000000254,29.2500000001283));
#7609=VECTOR('',#9445,1.0);
#7610=CARTESIAN_POINT('',(0.575000000027041,23.2999999999596,29.2500000001264));
#7611=CARTESIAN_POINT('',(0.575000000027034,-3.15333826931107,29.2500000001264));
#7612=VECTOR('',#9446,1.0);
#7613=CARTESIAN_POINT('',(4.57500000003585,23.2999999999596,29.2500000001281));
#7614=CARTESIAN_POINT('',(5.14999999992651,23.2999999999596,29.2500000001283));
#7615=VECTOR('',#9447,1.0);
#7616=CARTESIAN_POINT('',(4.57500000003585,20.1500000000253,29.2500000001281));
#7617=CARTESIAN_POINT('',(4.57500000003585,-3.15333826930558,29.250000000128));
#7618=VECTOR('',#9448,1.0);
#7619=CARTESIAN_POINT('',(5.14999999993067,20.1500000000254,29.2500000001283));
#7620=VECTOR('',#9449,1.0);
#7621=COLOUR_RGB('',0.0,0.443137288093567,0.709803938865662);
#7622=CARTESIAN_POINT('',(5.14999999993163,19.4315002820445,35.2500000004254));
#7623=VECTOR('',#9450,1.0);
#7624=CARTESIAN_POINT('',(5.1500000000209,16.2000003640995,35.2500000004254));
#7625=VECTOR('',#9451,1.0);
#7626=COLOUR_RGB('',0.0,0.443137288093567,0.709803938865662);
#7627=CARTESIAN_POINT('',(5.1499999999359,16.2000003640996,41.2500000004214));
#7628=VECTOR('',#9452,1.0);
#7629=COLOUR_RGB('',0.0,0.443137288093567,0.709803938865662);
#7630=CARTESIAN_POINT('',(5.14999999995646,0.638903856284188,29.7711144448278));
#7631=VECTOR('',#9453,1.0);
#7632=CARTESIAN_POINT('',(5.1499999999573,7.26707582998642E-12,29.5999206725022));
#7633=VECTOR('',#9454,1.0);
#7634=COLOUR_RGB('',0.0,0.443137288093567,0.709803938865662);
#7635=CARTESIAN_POINT('',(5.14999999995303,3.23899655221237,35.3406299538989));
#7636=VECTOR('',#9455,1.0);
#7637=CARTESIAN_POINT('',(5.14999999995519,1.60196609193746,29.2311491026206));
#7638=VECTOR('',#9456,1.0);
#7639=COLOUR_RGB('',0.0,0.443137288093567,0.709803938865662);
#7640=CARTESIAN_POINT('',(5.14999999995506,1.70223433171411,35.7872805560999));
#7641=VECTOR('',#9457,1.0);
#7642=CARTESIAN_POINT('',(5.14999999995449,2.13497751960603,35.3545373682091));
#7643=VECTOR('',#9458,1.0);
#7644=COLOUR_RGB('',0.0,0.443137288093567,0.709803938865662);
#7645=CARTESIAN_POINT('',(5.14999999593141,6.78578680172909,37.7500000004238));
#7646=VECTOR('',#9459,1.0);
#7647=CARTESIAN_POINT('',(5.14999999995436,2.22814342179008,37.7500000004239));
#7648=VECTOR('',#9460,1.0);
#7649=COLOUR_RGB('',0.0,0.443137288093567,0.709803938865662);
#7650=CARTESIAN_POINT('',(5.14999999994372,10.2857868017271,41.2500000004216));
#7651=VECTOR('',#9461,1.0);
#7652=COLOUR_RGB('',0.0,0.443137288093567,0.709803938865662);
#7653=COLOUR_RGB('',0.0,0.443137288093567,0.709803938865662);
#7654=CARTESIAN_POINT('',(5.1500000000212,2.20545591808214,35.6175663321587));
#7655=VECTOR('',#9462,1.0);
#7656=COLOUR_RGB('',0.0,0.443137288093567,0.709803938865662);
#7657=COLOUR_RGB('',0.0,0.443137288093567,0.709803938865662);
#7658=CARTESIAN_POINT('',(5.15000000002375,0.568425457808314,29.5080854808805));
#7659=VECTOR('',#9463,1.0);
#7660=COLOUR_RGB('',0.0,0.443137288093567,0.709803938865662);
#7661=COLOUR_RGB('',0.0,0.443137288093567,0.709803938865662);
#7662=CARTESIAN_POINT('',(0.549999999965336,7.0974337518237E-12,28.1000000004219));
#7663=CARTESIAN_POINT('',(0.549999999965403,6.47037978751541E-12,4.9251327256984));
#7664=VECTOR('',#9464,1.0);
#7665=CARTESIAN_POINT('',(4.59999999716039,7.21556148164382E-12,28.1000000004218));
#7666=CARTESIAN_POINT('',(5.1499999999573,7.22799597951962E-12,28.1000000004218));
#7667=VECTOR('',#9465,1.0);
#7668=CARTESIAN_POINT('',(4.59999999716039,7.15871806278301E-12,25.8246824528546));
#7669=CARTESIAN_POINT('',(4.59999999716046,6.60538290730983E-12,4.92513272569904));
#7670=VECTOR('',#9466,1.0);
#7671=CARTESIAN_POINT('',(5.1499999999573,7.17026438223911E-12,25.8246824528546));
#7672=VECTOR('',#9467,1.0);
#7673=COLOUR_RGB('',0.0,0.443137288093567,0.709803938865662);
#7674=CARTESIAN_POINT('',(4.59999999716044,0.427452613228419,15.9010055151742));
#7675=AXIS2_PLACEMENT_3D('',#9468,#9469,#9470);
#7676=CARTESIAN_POINT('',(0.54999999996534,0.427452613228438,15.9010055151733));
#7677=CARTESIAN_POINT('',(5.15000000002931,0.427452613228438,15.9010055151745));
#7678=VECTOR('',#9471,1.0);
#7679=AXIS2_PLACEMENT_3D('',#9472,#9473,#9474);
#7680=CARTESIAN_POINT('',(5.15000000003002,6.81676937119846E-12,14.2000000004235));
#7681=VECTOR('',#9475,1.0);
#7682=COLOUR_RGB('',0.0,0.443137288093567,0.709803938865662);
#7683=CARTESIAN_POINT('',(4.59999999716057,4.76763809023229,20.6528023235345));
#7684=CARTESIAN_POINT('',(5.14999999997201,4.76763809023232,20.6528023235346));
#7685=VECTOR('',#9476,1.0);
#7686=CARTESIAN_POINT('',(4.59999999716062,4.34986612990046,20.5408606641432));
#7687=VECTOR('',#9477,1.0);
#7688=COLOUR_RGB('',0.0,0.443137288093567,0.709803938865662);
#7689=CARTESIAN_POINT('',(4.59999999716079,7.81694186456453,19.3467809429253));
#7690=CARTESIAN_POINT('',(4.59999999716079,7.84503522045553,19.4070742239338));
#7691=CARTESIAN_POINT('',(4.59999999716041,-1.19759496748245,-8.65263416471862E-12));
#7692=VECTOR('',#9478,1.0);
#7693=CARTESIAN_POINT('',(4.59999999716063,4.34986612990046,17.7300569764482));
#7694=VECTOR('',#9479,1.0);
#7695=CARTESIAN_POINT('',(4.59999999716051,6.25000000002721,22.5846539761127));
#7696=AXIS2_PLACEMENT_3D('',#9480,#9481,#9482);
#7697=CARTESIAN_POINT('',(4.59999999716071,6.25000000002724,22.6153460241968));
#7698=CARTESIAN_POINT('',(4.59999999716077,6.25000000002724,-8.65352234313832E-12));
#7699=VECTOR('',#9483,1.0);
#7700=CARTESIAN_POINT('',(4.59999999716063,4.76763809023228,24.5471976767749));
#7701=AXIS2_PLACEMENT_3D('',#9484,#9485,#9486);
#7702=CARTESIAN_POINT('',(4.59999999716061,4.34986612990047,24.6591393361663));
#7703=VECTOR('',#9487,1.0);
#7704=CARTESIAN_POINT('',(4.59999999716062,4.80637890776858,28.1000000004217));
#7705=CARTESIAN_POINT('',(4.5999999971606,4.34986612990048,28.1000000004218));
#7706=VECTOR('',#9488,1.0);
#7707=CARTESIAN_POINT('',(4.59999999716078,7.84503522045557,24.9905935651303));
#7708=CARTESIAN_POINT('',(4.5999999971602,-3.33324303630032,36.4291396757627));
#7709=VECTOR('',#9489,1.0);
#7710=CARTESIAN_POINT('',(4.59999999716085,7.84503522045553,-8.66151594891562E-12));
#7711=VECTOR('',#9490,1.0);
#7712=COLOUR_RGB('',0.0,0.443137288093567,0.709803938865662);
#7713=CARTESIAN_POINT('',(0.549999999965727,7.47882519278612,19.1891145495251));
#7714=CARTESIAN_POINT('',(0.549999999965572,4.34986612991179,17.7300569764534));
#7715=VECTOR('',#9491,1.0);
#7716=CARTESIAN_POINT('',(3.49999999996581,9.32500000002443,20.0500000004332));
#7717=CARTESIAN_POINT('',(7.12893652071868,4.34986612989339,17.730056976445));
#7718=VECTOR('',#9492,1.0);
#7719=CARTESIAN_POINT('',(2.2999999999658,9.32500000002443,20.0500000004332));
#7720=CARTESIAN_POINT('',(5.1499999999722,9.32500000002433,20.0500000004331));
#7721=VECTOR('',#9493,1.0);
#7722=CARTESIAN_POINT('',(-2.41595876978191,4.34986612992009,17.7300569764572));
#7723=VECTOR('',#9494,1.0);
#7724=COLOUR_RGB('',0.0,0.443137288093567,0.709803938865662);
#7725=CARTESIAN_POINT('',(0.549999999965719,7.50634665206643,19.2280357704956));
#7726=CARTESIAN_POINT('',(0.54999999996512,-6.08992783015657,-1.03064223822003E-11));
#7727=VECTOR('',#9495,1.0);
#7728=CARTESIAN_POINT('',(0.549999999999534,7.50634665212496,25.3371679406299));
#7729=CARTESIAN_POINT('',(0.549999999965777,7.50634665206638,-1.030731056062E-11));
#7730=VECTOR('',#9496,1.0);
#7731=CARTESIAN_POINT('',(0.549999999965564,4.80637890776875,28.1000000004217));
#7732=CARTESIAN_POINT('',(0.549999999965144,-3.33324303630029,36.4291396757629));
#7733=VECTOR('',#9497,1.0);
#7734=CARTESIAN_POINT('',(0.549999999965546,4.34986612991179,28.1000000004217));
#7735=VECTOR('',#9498,1.0);
#7736=COLOUR_RGB('',0.0,0.443137288093567,0.709803938865662);
#7737=CARTESIAN_POINT('',(5.14999999994368,4.80637890776855,28.1000000004217));
#7738=VECTOR('',#9499,1.0);
#7739=CARTESIAN_POINT('',(1.23915607939795,8.699999995988,24.1157223386977));
#7740=CARTESIAN_POINT('',(-5.16384459533959,-2.39032249355518,35.4642647765063));
#7741=VECTOR('',#9500,1.0);
#7742=CARTESIAN_POINT('',(4.2758319165726,8.69999999566665,24.1157223390265));
#7743=CARTESIAN_POINT('',(5.14999999732445,8.69999999557417,24.1157223391211));
#7744=VECTOR('',#9501,1.0);
#7745=CARTESIAN_POINT('',(8.48083387537944,-2.39032249367437,35.4642647766276));
#7746=VECTOR('',#9502,1.0);
#7747=COLOUR_RGB('',0.0,0.443137288093567,0.709803938865662);
#7748=CARTESIAN_POINT('',(4.19999999997186,8.90000000002473,24.1052407829337));
#7749=CARTESIAN_POINT('',(8.97890098950962,-3.70393066107845,24.7657847996103));
#7750=VECTOR('',#9503,1.0);
#7751=CARTESIAN_POINT('',(4.19999999997187,8.9000000000247,20.7500000004393));
#7752=CARTESIAN_POINT('',(4.19999999997192,8.90000000002472,3.83235013213935));
#7753=VECTOR('',#9504,1.0);
#7754=CARTESIAN_POINT('',(10.380535132298,-7.40061732326584,-6.28741503305719E-12));
#7755=VECTOR('',#9505,1.0);
#7756=COLOUR_RGB('',0.0,0.443137288093567,0.709803938865662);
#7757=CARTESIAN_POINT('',(4.19999999997186,9.29020922108735,24.084790784202));
#7758=CARTESIAN_POINT('',(4.19999999997186,9.67500000001422,23.7000000052751));
#7759=CARTESIAN_POINT('',(4.19999999997184,-2.35739966804951,35.7323996733386));
#7760=VECTOR('',#9506,1.0);
#7761=CARTESIAN_POINT('',(4.19999999997186,10.5250000023859,23.7000000052751));
#7762=CARTESIAN_POINT('',(4.19999999997187,-3.83479257912978,23.700000005275));
#7763=VECTOR('',#9507,1.0);
#7764=CARTESIAN_POINT('',(4.19999999997187,10.5250000021394,20.7500000004391));
#7765=CARTESIAN_POINT('',(4.19999999997192,10.5250000007095,3.63282522042209));
#7766=VECTOR('',#9508,1.0);
#7767=CARTESIAN_POINT('',(4.19999999997188,4.34986612990158,20.7500000004396));
#7768=VECTOR('',#9509,1.0);
#7769=CARTESIAN_POINT('',(4.19999999997187,-3.70393066109166,24.7657847991202));
#7770=VECTOR('',#9510,1.0);
#7771=COLOUR_RGB('',0.0,0.443137288093567,0.709803938865662);
#7772=CARTESIAN_POINT('',(1.59999999996581,9.32500000001383,20.7500000004319));
#7773=CARTESIAN_POINT('',(-1.27239487918908,4.34986612991689,16.58649308586));
#7774=VECTOR('',#9511,1.0);
#7775=CARTESIAN_POINT('',(1.59999999996581,9.32500000001387,24.0500000050017));
#7776=CARTESIAN_POINT('',(1.59999999996587,9.3250000000139,-9.89164306020029E-12));
#7777=VECTOR('',#9512,1.0);
#7778=CARTESIAN_POINT('',(1.57991353438305,9.2902092210801,24.0847907839332));
#7779=CARTESIAN_POINT('',(-5.14483659318638,-2.35739966807536,35.7323996723802));
#7780=VECTOR('',#9513,1.0);
#7781=CARTESIAN_POINT('',(-5.92225662449261,-3.70393066111966,24.765784798082));
#7782=VECTOR('',#9514,1.0);
#7783=COLOUR_RGB('',0.0,0.443137288093567,0.709803938865662);
#7784=CARTESIAN_POINT('',(5.14999999732599,9.29020922108998,24.0847907842994));
#7785=VECTOR('',#9515,1.0);
#7786=COLOUR_RGB('',0.0,0.443137288093567,0.709803938865662);
#7787=CARTESIAN_POINT('',(1.59999999996587,10.525000002168,20.7500000004332));
#7788=CARTESIAN_POINT('',(1.59999999996557,4.34986612990886,20.7500000004333));
#7789=VECTOR('',#9516,1.0);
#7790=CARTESIAN_POINT('',(1.59999999996586,10.5250000024636,23.7000000050085));
#7791=CARTESIAN_POINT('',(1.59999999996591,10.5250000004524,3.63282522018612));
#7792=VECTOR('',#9517,1.0);
#7793=CARTESIAN_POINT('',(1.59999999996581,9.67500000000702,23.7000000050085));
#7794=CARTESIAN_POINT('',(1.59999999996516,-3.83479257913697,23.7000000050084));
#7795=VECTOR('',#9518,1.0);
#7796=CARTESIAN_POINT('',(1.59999999996519,-2.3573996680567,35.7323996730719));
#7797=VECTOR('',#9519,1.0);
#7798=COLOUR_RGB('',0.0,0.443137288093567,0.709803938865662);
#7799=CARTESIAN_POINT('',(2.13371517525018,9.32500000002449,20.2162848251488));
#7800=VECTOR('',#9520,1.0);
#7801=COLOUR_RGB('',0.0,0.443137288093567,0.709803938865662);
#7802=CARTESIAN_POINT('',(2.29999999996587,10.5250000020899,20.0500000004331));
#7803=CARTESIAN_POINT('',(2.29999999996557,4.3498661299069,20.0500000004333));
#7804=VECTOR('',#9521,1.0);
#7805=CARTESIAN_POINT('',(5.14999999802869,10.5250000017718,17.2000000023703));
#7806=VECTOR('',#9522,1.0);
#7807=COLOUR_RGB('',0.0,0.443137288093567,0.709803938865662);
#7808=CARTESIAN_POINT('',(2.29999999996616,16.7250000000076,20.0500000004329));
#7809=CARTESIAN_POINT('',(1.59999999996617,16.7250000000077,20.750000000433));
#7810=CARTESIAN_POINT('',(22.3500000004006,16.7250000000061,-1.4210854715202E-12));
#7811=VECTOR('',#9523,1.0);
#7812=CARTESIAN_POINT('',(3.49999999996617,16.7250000000075,20.050000000433));
#7813=CARTESIAN_POINT('',(5.1499999999803,16.7250000000074,20.0500000004329));
#7814=VECTOR('',#9524,1.0);
#7815=CARTESIAN_POINT('',(4.19999999997187,16.7250000000075,20.7500000004387));
#7816=CARTESIAN_POINT('',(5.14999999997963,16.7250000000075,21.7000000004464));
#7817=VECTOR('',#9525,1.0);
#7818=CARTESIAN_POINT('',(4.19999999997186,16.7250000000076,23.7000000052752));
#7819=CARTESIAN_POINT('',(4.19999999997193,16.725000000007,-8.82316442130104E-12));
#7820=VECTOR('',#9526,1.0);
#7821=CARTESIAN_POINT('',(1.59999999996616,16.7250000000078,23.7000000050086));
#7822=CARTESIAN_POINT('',(5.1499999973449,16.7250000000076,23.7000000053727));
#7823=VECTOR('',#9527,1.0);
#7824=CARTESIAN_POINT('',(1.59999999996623,16.7250000000071,-9.88364945442299E-12));
#7825=VECTOR('',#9528,1.0);
#7826=COLOUR_RGB('',0.0,0.443137288093567,0.709803938865662);
#7827=CARTESIAN_POINT('',(3.49999999996587,10.5250000020766,20.0500000004331));
#7828=CARTESIAN_POINT('',(3.49999999996557,4.34986612990353,20.0500000004333));
#7829=VECTOR('',#9529,1.0);
#7830=CARTESIAN_POINT('',(5.14999999997219,8.32321428573479,21.7000000004396));
#7831=VECTOR('',#9530,1.0);
#7832=CARTESIAN_POINT('',(5.14999999756717,10.5250000022246,21.6999999980345));
#7833=VECTOR('',#9531,1.0);
#7834=COLOUR_RGB('',0.823529481887817,0.823529481887817,0.784313797950745);
#7835=CARTESIAN_POINT('',(2.29999999996557,4.3498661299069,20.0500000004333));
#7836=VECTOR('',#9532,1.0);
#7837=CARTESIAN_POINT('',(5.14999999773639,10.5250000020585,20.0500000004331));
#7838=VECTOR('',#9533,1.0);
#7839=CARTESIAN_POINT('',(3.49999999996557,4.34986612990353,20.0500000004333));
#7840=VECTOR('',#9534,1.0);
#7841=COLOUR_RGB('',0.0,0.443137288093567,0.709803938865662);
#7842=COLOUR_RGB('',0.0,0.443137288093567,0.709803938865662);
#7843=COLOUR_RGB('',0.0,0.443137288093567,0.709803938865662);
#7844=CARTESIAN_POINT('',(5.14999999997203,4.76763809023231,24.5471976767749));
#7845=VECTOR('',#9535,1.0);
#7846=COLOUR_RGB('',0.0,0.443137288093567,0.709803938865662);
#7847=CARTESIAN_POINT('',(5.14999999997194,6.25000000002727,22.6153460241968));
#7848=VECTOR('',#9536,1.0);
#7849=COLOUR_RGB('',0.0,0.443137288093567,0.709803938865662);
#7850=CARTESIAN_POINT('',(5.14999999997194,6.25000000002724,22.5846539761127));
#7851=VECTOR('',#9537,1.0);
#7852=COLOUR_RGB('',0.0,0.443137288093567,0.709803938865662);
#7853=COLOUR_RGB('',0.0,0.443137288093567,0.709803938865662);
#7854=CARTESIAN_POINT('',(5.14999999995729,-3.88232557213541E-10,12.5999999999631));
#7855=VECTOR('',#9538,1.0);
#7856=COLOUR_RGB('',0.0,0.443137288093567,0.709803938865662);
#7857=CARTESIAN_POINT('',(5.14999999994189,11.6500000039654,6.00000000307526));
#7858=VECTOR('',#9539,1.0);
#7859=CARTESIAN_POINT('',(-3.75140576558408E-06,13.2595856004211,12.0070552388222));
#7860=VECTOR('',#9540,1.0);
#7861=COLOUR_RGB('',0.0,0.443137288093567,0.709803938865662);
#7862=CARTESIAN_POINT('',(8.14999999557704,12.9500000039724,4.10000000306043));
#7863=VECTOR('',#9541,1.0);
#7864=CARTESIAN_POINT('',(5.14999999994017,12.9500000039643,4.55166605289574));
#7865=VECTOR('',#9542,1.0);
#7866=COLOUR_RGB('',0.0,0.443137288093567,0.709803938865662);
#7867=CARTESIAN_POINT('',(5.14999999995728,4.52660131600169E-11,6.91375845462971E-11));
#7868=VECTOR('',#9543,1.0);
#7869=CARTESIAN_POINT('',(8.14999999559131,11.2910563487059,7.33129112973074E-11));
#7870=VECTOR('',#9544,1.0);
#7871=COLOUR_RGB('',0.0,0.443137288093567,0.709803938865662);
#7872=CARTESIAN_POINT('',(1.00000000125095,1.50000000004339,2.42917960672436));
#7873=CARTESIAN_POINT('',(5.15000000003477,1.50000000004352,2.42917960672605));
#7874=VECTOR('',#9545,1.0);
#7875=AXIS2_PLACEMENT_3D('',#9546,#9547,#9548);
#7876=COLOUR_RGB('',0.0,0.443137288093567,0.709803938865662);
#7877=COLOUR_RGB('',0.0,0.443137288093567,0.709803938865662);
#7878=CARTESIAN_POINT('',(1.00000000125069,3.6000000000452,3.99999999997608));
#7879=CARTESIAN_POINT('',(1.00000000125069,4.34986612991049,3.99999999997608));
#7880=VECTOR('',#9549,1.0);
#7881=CARTESIAN_POINT('',(5.14999999995253,3.60000000004533,3.99999999997777));
#7882=VECTOR('',#9550,1.0);
#7883=COLOUR_RGB('',0.0,0.443137288093567,0.709803938865662);
#7884=CARTESIAN_POINT('',(1.00000000125069,1.50000000004536,1.50000000012204));
#7885=CARTESIAN_POINT('',(1.00000000125069,1.50000000003849,4.7409558843444));
#7886=VECTOR('',#9551,1.0);
#7887=CARTESIAN_POINT('',(5.1499999999553,1.50000000004549,1.50000000012374));
#7888=VECTOR('',#9552,1.0);
#7889=COLOUR_RGB('',0.0,0.443137288093567,0.709803938865662);
#7890=CARTESIAN_POINT('',(1.00000000125069,3.60000000004521,1.50000000012255));
#7891=CARTESIAN_POINT('',(1.00000000125069,-6.56060983428908,1.50000000012005));
#7892=VECTOR('',#9553,1.0);
#7893=CARTESIAN_POINT('',(5.14999999995253,3.60000000004533,1.50000000012425));
#7894=VECTOR('',#9554,1.0);
#7895=COLOUR_RGB('',0.0,0.443137288093567,0.709803938865662);
#7896=CARTESIAN_POINT('',(5.15000000003158,3.60000000004533,10.0999999999812));
#7897=VECTOR('',#9555,1.0);
#7898=CARTESIAN_POINT('',(1.00000000125069,3.60000000004521,4.48310830645336));
#7899=VECTOR('',#9556,1.0);
#7900=COLOUR_RGB('',0.0,0.443137288093567,0.709803938865662);
#7901=CARTESIAN_POINT('',(5.14999999995266,3.50177473252604,12.5999999999844));
#7902=VECTOR('',#9557,1.0);
#7903=COLOUR_RGB('',0.0,0.443137288093567,0.709803938865662);
#7904=COLOUR_RGB('',0.0,0.443137288093567,0.709803938865662);
#7905=COLOUR_RGB('',0.0,0.443137288093567,0.709803938865662);
#7906=CARTESIAN_POINT('',(5.14999999994189,11.650000003965,4.90000000305673));
#7907=VECTOR('',#9558,1.0);
#7908=COLOUR_RGB('',0.0,0.443137288093567,0.709803938865662);
#7909=COLOUR_RGB('',0.0,0.443137288093567,0.709803938865662);
#7910=COLOUR_RGB('',0.0,0.443137288093567,0.709803938865662);
#7911=CARTESIAN_POINT('',(4.79999999996654,-1.67992353846803,41.2500000004217));
#7912=VECTOR('',#9559,1.0);
#7913=AXIS2_PLACEMENT_3D('',#9560,#9561,#9562);
#7914=COLOUR_RGB('',0.823529481887817,0.823529481887817,0.784313797950745);
#7915=CARTESIAN_POINT('',(1.62957350889553,14.8904012378881,34.7500000004257));
#7916=CARTESIAN_POINT('',(0.924213682392246,15.5957610643914,34.7500000004257));
#7917=VECTOR('',#9563,1.0);
#7918=CARTESIAN_POINT('',(1.62957350889553,14.8904012378881,33.7500000004258));
#7919=CARTESIAN_POINT('',(1.62957350889551,14.8904012378884,41.2500000004214));
#7920=VECTOR('',#9564,1.0);
#7921=CARTESIAN_POINT('',(0.924213682392246,15.5957610643914,33.7500000004258));
#7922=VECTOR('',#9565,1.0);
#7923=COLOUR_RGB('',0.0,0.443137288093567,0.709803938865662);
#7924=CARTESIAN_POINT('',(4.79999999996594,10.8067697118439,34.7500000004259));
#7925=VECTOR('',#9566,1.0);
#7926=COLOUR_RGB('',0.823529481887817,0.823529481887817,0.784313797950745);
#7927=AXIS2_PLACEMENT_3D('',#9567,#9568,#9569);
#7928=COLOUR_RGB('',0.0,0.443137288093567,0.709803938865662);
#7929=CARTESIAN_POINT('',(1.13459876206477,14.3954264910578,34.7500000004258));
#7930=AXIS2_PLACEMENT_3D('',#9570,#9571,#9572);
#7931=CARTESIAN_POINT('',(1.13459876206476,14.3954264910578,33.7500000004258));
#7932=CARTESIAN_POINT('',(1.13459876206475,14.395426491058,41.2500000004214));
#7933=VECTOR('',#9573,1.0);
#7934=AXIS2_PLACEMENT_3D('',#9574,#9575,#9576);
#7935=COLOUR_RGB('',0.823529481887817,0.823529481887817,0.784313797950745);
#7936=CARTESIAN_POINT('',(0.924213682392244,14.6058115707302,33.7500000004258));
#7937=VECTOR('',#9577,1.0);
#7938=COLOUR_RGB('',0.823529481887817,0.823529481887817,0.784313797950745);
#7939=CARTESIAN_POINT('',(0.924213682392243,14.6058115707303,34.7500000004257));
#7940=VECTOR('',#9578,1.0);
#7941=COLOUR_RGB('',0.823529481887817,0.823529481887817,0.784313797950745);
#7942=COLOUR_RGB('',0.0,0.443137288093567,0.709803938865662);
#7943=CARTESIAN_POINT('',(5.15000000002147,20.1500000000253,33.5500000004249));
#7944=VECTOR('',#9579,1.0);
#7945=CARTESIAN_POINT('',(4.57500000004066,20.1500000000254,17.4500000037748));
#7946=CARTESIAN_POINT('',(4.57500000004679,20.1500000000254,2.45102382087126));
#7947=VECTOR('',#9580,1.0);
#7948=CARTESIAN_POINT('',(0.575000000031857,20.1500000000253,17.4500000037748));
#7949=CARTESIAN_POINT('',(5.14999999797643,20.1500000000254,17.4500000037748));
#7950=VECTOR('',#9581,1.0);
#7951=CARTESIAN_POINT('',(0.575000000037979,20.1500000000253,2.45102382045968));
#7952=VECTOR('',#9582,1.0);
#7953=COLOUR_RGB('',0.0,0.443137288093567,0.709803938865662);
#7954=COLOUR_RGB('',0.823529481887817,0.823529481887817,0.784313797950745);
#7955=CARTESIAN_POINT('',(0.575000000031855,23.2999999999596,17.450000003458));
#7956=CARTESIAN_POINT('',(0.575000000031855,-4.60219608525413,17.4500000062643));
#7957=VECTOR('',#9583,1.0);
#7958=CARTESIAN_POINT('',(4.57500000004067,23.2999999999595,17.4500000034579));
#7959=CARTESIAN_POINT('',(4.57500000004067,-4.60219608529345,17.4500000062642));
#7960=VECTOR('',#9584,1.0);
#7961=CARTESIAN_POINT('',(5.14999999796771,23.2999999999595,17.450000003458));
#7962=VECTOR('',#9585,1.0);
#7963=COLOUR_RGB('',0.0,0.443137288093567,0.709803938865662);
#7964=CARTESIAN_POINT('',(4.57500000004695,23.2999999999596,2.06425245371349));
#7965=VECTOR('',#9586,1.0);
#7966=COLOUR_RGB('',0.0,0.443137288093567,0.709803938865662);
#7967=CARTESIAN_POINT('',(0.575000000038135,23.2999999999596,2.0642524533019));
#7968=VECTOR('',#9587,1.0);
#7969=COLOUR_RGB('',0.0,0.443137288093567,0.709803938865662);
#7970=COLOUR_RGB('',0.0,0.443137288093567,0.709803938865662);
#7971=CARTESIAN_POINT('',(0.800000000131115,29.7565666307747,34.6000000000544));
#7972=CARTESIAN_POINT('',(0.800000000144975,54.905512199829,-1.31641648605684));
#7973=VECTOR('',#9588,1.0);
#7974=CARTESIAN_POINT('',(5.14999999991798,29.7565666307748,34.6000000000562));
#7975=VECTOR('',#9589,1.0);
#7976=COLOUR_RGB('',0.0,0.443137288093567,0.709803938865662);
#7977=CARTESIAN_POINT('',(0.800000000132148,-2.55783314819992,34.6000000000544));
#7978=VECTOR('',#9590,1.0);
#7979=COLOUR_RGB('',0.0,0.443137288093567,0.709803938865662);
#7980=COLOUR_RGB('',0.0,0.443137288093567,0.709803938865662);
#7981=CARTESIAN_POINT('',(0.800000000130839,38.443433369516,34.6000000000545));
#7982=CARTESIAN_POINT('',(0.800000000144283,16.5887582711335,3.3882893203027));
#7983=VECTOR('',#9591,1.0);
#7984=CARTESIAN_POINT('',(0.800000000132148,-2.55783314819992,34.6000000000544));
#7985=VECTOR('',#9592,1.0);
#7986=COLOUR_RGB('',0.0,0.443137288093567,0.709803938865662);
#7987=CARTESIAN_POINT('',(5.1499999999065,38.4434333695161,34.6000000000562));
#7988=VECTOR('',#9593,1.0);
#7989=COLOUR_RGB('',0.0,0.443137288093567,0.709803938865662);
#7990=COLOUR_RGB('',0.0,0.443137288093567,0.709803938865662);
#7991=COLOUR_RGB('',0.0,0.443137288093567,0.709803938865662);
#7992=COLOUR_RGB('',0.0,0.443137288093567,0.709803938865662);
#7993=COLOUR_RGB('',0.0,0.443137288093567,0.709803938865662);
#7994=CARTESIAN_POINT('',(5.15000000003233,46.3499999999986,4.89999999998196));
#7995=VECTOR('',#9594,1.0);
#7996=COLOUR_RGB('',0.0,0.443137288093567,0.709803938865662);
#7997=COLOUR_RGB('',0.0,0.443137288093567,0.709803938865662);
#7998=CARTESIAN_POINT('',(5.14999999545924,56.6500000052646,29.8500000027852));
#7999=CARTESIAN_POINT('',(5.14999999545927,56.6500000052645,29.8376245688013));
#8000=CARTESIAN_POINT('',(5.14952344285566,56.6500000052645,29.8252331740136));
#8001=CARTESIAN_POINT('',(5.14857717052975,56.6500000052644,29.8128540184588));
#8002=CARTESIAN_POINT('',(5.1476309221448,56.6500000052643,29.8004751761003));
#8003=CARTESIAN_POINT('',(5.14621514506186,56.6500000052643,29.7881110797555));
#8004=CARTESIAN_POINT('',(5.14435878372741,56.6500000052641,29.7757965206975));
#8005=CARTESIAN_POINT('',(5.14250244157923,56.6500000052641,29.7634820889156));
#8006=CARTESIAN_POINT('',(5.14020612200771,56.650000005264,29.7512190876261));
#8007=CARTESIAN_POINT('',(5.13751762600517,56.6500000052639,29.739041195255));
#8008=CARTESIAN_POINT('',(5.13482913009063,56.6500000052639,29.7268633032824));
#8009=CARTESIAN_POINT('',(5.13174914251405,56.6500000052639,29.7147715734145));
#8010=CARTESIAN_POINT('',(5.12833760622634,56.6500000052638,29.7027948623951));
#8011=CARTESIAN_POINT('',(5.12492604912732,56.6500000052637,29.6908180783143));
#8012=CARTESIAN_POINT('',(5.12118346730921,56.6500000052637,29.678956673934));
#8013=CARTESIAN_POINT('',(5.11717502694368,56.6500000052636,29.6672341887545));
#8014=CARTESIAN_POINT('',(5.11316873829424,56.6500000052636,29.6555179961621));
#8015=CARTESIAN_POINT('',(5.10888794213726,56.6500000052634,29.6439118222573));
#8016=CARTESIAN_POINT('',(5.10437421300209,56.6500000052634,29.6323906550464));
#8017=CARTESIAN_POINT('',(5.09986086857951,56.6500000052633,29.6208704698038));
#8018=CARTESIAN_POINT('',(5.09511614341338,56.6500000052631,29.6094395936543));
#8019=CARTESIAN_POINT('',(5.0901809052832,56.650000005263,29.5980859427881));
#8020=CARTESIAN_POINT('',(5.08524565114785,56.650000005263,29.5867322551017));
#8021=CARTESIAN_POINT('',(5.08011976532035,56.6500000052629,29.5754555464316));
#8022=CARTESIAN_POINT('',(5.07483924173004,56.6500000052628,29.5642448094667));
#8023=CARTESIAN_POINT('',(5.06955871408664,56.6500000052628,29.553034063897));
#8024=CARTESIAN_POINT('',(5.06412343702083,56.6500000052629,29.5418891234571));
#8025=CARTESIAN_POINT('',(5.05856523033196,56.6500000052627,29.5308008330026));
#8026=CARTESIAN_POINT('',(5.05300702753772,56.6500000052627,29.5197125503177));
#8027=CARTESIAN_POINT('',(5.04732580636118,56.6500000052627,29.5086808177815));
#8028=CARTESIAN_POINT('',(5.04154991461787,56.6500000052626,29.4976986383024));
#8029=CARTESIAN_POINT('',(5.035774029745,56.6500000052626,29.4867164718867));
#8030=CARTESIAN_POINT('',(5.02990341218391,56.6500000052626,29.4757838092632));
#8031=CARTESIAN_POINT('',(5.02396348711779,56.6500000052624,29.4648957658033));
#8032=CARTESIAN_POINT('',(5.01802356689806,56.6500000052624,29.454007731227));
#8033=CARTESIAN_POINT('',(5.01201430187429,56.6500000052624,29.4431643038663));
#8034=CARTESIAN_POINT('',(5.00595854025486,56.6500000052623,29.4323624083065));
#8035=CARTESIAN_POINT('',(4.99385147726977,56.6500000052621,29.4107665731133));
#8036=CARTESIAN_POINT('',(4.98154094282176,56.6500000052621,29.389300366498));
#8037=CARTESIAN_POINT('',(4.96913663901899,56.6500000052619,29.367880751601));
#8038=CARTESIAN_POINT('',(4.95673304940549,56.6500000052619,29.3464623699581));
#8039=CARTESIAN_POINT('',(4.94423795740952,56.6500000052617,29.325096188295));
#8040=CARTESIAN_POINT('',(4.93174241845459,56.6500000052616,29.3037303600864));
#8041=COLOUR_RGB('',0.0,0.443137288093567,0.709803938865662);
#8042=CARTESIAN_POINT('',(5.14999999546028,46.4500000044242,29.8500000027906));
#8043=CARTESIAN_POINT('',(5.14999999546032,46.4500000044242,29.8376245688066));
#8044=CARTESIAN_POINT('',(5.14952344285669,46.4500000044241,29.825233174019));
#8045=CARTESIAN_POINT('',(5.14857717053078,46.450000004424,29.8128540184642));
#8046=CARTESIAN_POINT('',(5.14763092214583,46.4500000044239,29.8004751761057));
#8047=CARTESIAN_POINT('',(5.14621514506289,46.4500000044239,29.788111079761));
#8048=CARTESIAN_POINT('',(5.14435878372844,46.4500000044237,29.7757965207029));
#8049=CARTESIAN_POINT('',(5.14250244158027,46.4500000044237,29.7634820889211));
#8050=CARTESIAN_POINT('',(5.14020612200874,46.4500000044236,29.7512190876315));
#8051=CARTESIAN_POINT('',(5.1375176260062,46.4500000044235,29.7390411952604));
#8052=CARTESIAN_POINT('',(5.13482913009167,46.4500000044235,29.7268633032879));
#8053=CARTESIAN_POINT('',(5.13174914251509,46.4500000044235,29.71477157342));
#8054=CARTESIAN_POINT('',(5.12833760622737,46.4500000044234,29.7027948624005));
#8055=CARTESIAN_POINT('',(5.12492604912834,46.4500000044233,29.6908180783197));
#8056=CARTESIAN_POINT('',(5.12118346731024,46.4500000044233,29.6789566739395));
#8057=CARTESIAN_POINT('',(5.1171750269447,46.4500000044232,29.6672341887599));
#8058=CARTESIAN_POINT('',(5.11316873829525,46.4500000044232,29.6555179961674));
#8059=CARTESIAN_POINT('',(5.1088879421383,46.450000004423,29.6439118222628));
#8060=CARTESIAN_POINT('',(5.10437421300312,46.450000004423,29.6323906550519));
#8061=CARTESIAN_POINT('',(5.09986086858055,46.4500000044229,29.6208704698092));
#8062=CARTESIAN_POINT('',(5.09511614341441,46.4500000044228,29.6094395936597));
#8063=CARTESIAN_POINT('',(5.09018090528424,46.4500000044227,29.5980859427936));
#8064=CARTESIAN_POINT('',(5.08524565114889,46.4500000044226,29.5867322551071));
#8065=CARTESIAN_POINT('',(5.08011976532137,46.4500000044225,29.575455546437));
#8066=CARTESIAN_POINT('',(5.07483924173107,46.4500000044225,29.5642448094722));
#8067=CARTESIAN_POINT('',(5.06955871408767,46.4500000044224,29.5530340639024));
#8068=CARTESIAN_POINT('',(5.06412343702187,46.4500000044225,29.5418891234624));
#8069=CARTESIAN_POINT('',(5.05856523033298,46.4500000044223,29.530800833008));
#8070=CARTESIAN_POINT('',(5.05300702753874,46.4500000044223,29.519712550323));
#8071=CARTESIAN_POINT('',(5.04732580636224,46.4500000044223,29.508680817787));
#8072=CARTESIAN_POINT('',(5.0415499146189,46.4500000044222,29.4976986383079));
#8073=CARTESIAN_POINT('',(5.03577402974605,46.4500000044222,29.4867164718921));
#8074=CARTESIAN_POINT('',(5.02990341218494,46.4500000044222,29.4757838092685));
#8075=CARTESIAN_POINT('',(5.02396348711882,46.450000004422,29.4648957658087));
#8076=CARTESIAN_POINT('',(5.01802356689911,46.450000004422,29.4540077312325));
#8077=CARTESIAN_POINT('',(5.01201430187532,46.450000004422,29.4431643038718));
#8078=CARTESIAN_POINT('',(5.00595854025589,46.4500000044219,29.4323624083118));
#8079=CARTESIAN_POINT('',(4.99385147727081,46.4500000044218,29.4107665731187));
#8080=CARTESIAN_POINT('',(4.98154094282277,46.4500000044217,29.3893003665033));
#8081=CARTESIAN_POINT('',(4.96913663902001,46.4500000044215,29.3678807516063));
#8082=CARTESIAN_POINT('',(4.95673304940652,46.4500000044215,29.3464623699636));
#8083=CARTESIAN_POINT('',(4.94423795741055,46.4500000044213,29.3250961883004));
#8084=CARTESIAN_POINT('',(4.93174241845563,46.4500000044212,29.3037303600918));
#8085=COLOUR_RGB('',0.0,0.443137288093567,0.709803938865662);
#8086=CARTESIAN_POINT('',(1.09999999586992,56.5500000054208,28.1278269629512));
#8087=CARTESIAN_POINT('',(4.30000001364723,56.5500000054115,27.9851139342761));
#8088=CARTESIAN_POINT('',(4.27449920594817,56.5500000054112,27.9490940481384));
#8089=CARTESIAN_POINT('',(4.24885991942402,56.550000005411,27.9131756598034));
#8090=CARTESIAN_POINT('',(4.22306354615856,56.5500000054107,27.8773752667018));
#8091=CARTESIAN_POINT('',(4.19726717127031,56.5500000054105,27.841574871348));
#8092=CARTESIAN_POINT('',(4.17131373724853,56.5500000054102,27.8058923639184));
#8093=CARTESIAN_POINT('',(4.14518037487696,56.5500000054099,27.7703471252256));
#8094=CARTESIAN_POINT('',(4.11904701806718,56.5500000054097,27.7348018940978));
#8095=CARTESIAN_POINT('',(4.09273376036608,56.5500000054094,27.6993937738496));
#8096=CARTESIAN_POINT('',(4.06621246890783,56.5500000054092,27.6641461930622));
#8097=CARTESIAN_POINT('',(4.03969119549918,56.5500000054089,27.6288986362634));
#8098=CARTESIAN_POINT('',(4.01296191235473,56.5500000054087,27.5938113857551));
#8099=CARTESIAN_POINT('',(3.9859899324034,56.5500000054085,27.5589136095838));
#8100=CARTESIAN_POINT('',(3.95901799090977,56.5500000054082,27.5240158831711));
#8101=CARTESIAN_POINT('',(3.93180336597746,56.5500000054109,27.4893072831682));
#8102=CARTESIAN_POINT('',(3.90430311741388,56.5500000054106,27.4548251729048));
#8103=CARTESIAN_POINT('',(3.87680077076676,56.5500000054104,27.4203404318887));
#8104=CARTESIAN_POINT('',(3.84902893518959,56.5500000054278,27.386100861344));
#8105=CARTESIAN_POINT('',(3.82086154928926,56.5500000054276,27.3520691138835));
#8106=CARTESIAN_POINT('',(3.79269924028761,56.5500000054273,27.3180435003162));
#8107=CARTESIAN_POINT('',(3.76416911499324,56.5500000054066,27.2842598511805));
#8108=CARTESIAN_POINT('',(3.73523119709976,56.5500000054064,27.2508195606017));
#8109=CARTESIAN_POINT('',(3.70629319048414,56.5500000054061,27.2173791674967));
#8110=CARTESIAN_POINT('',(3.6769474368254,56.550000005406,27.1842811712916));
#8111=CARTESIAN_POINT('',(3.64713032661171,56.5500000054057,27.1516403460089));
#8112=CARTESIAN_POINT('',(3.62685802533837,56.5500000054056,27.1294482341913));
#8113=CARTESIAN_POINT('',(3.6063670969644,56.5500000054055,27.1074673783577));
#8114=CARTESIAN_POINT('',(3.58562920768327,56.5500000054053,27.0857394571367));
#8115=CARTESIAN_POINT('',(3.56489132729632,56.5500000054052,27.0640115452345));
#8116=CARTESIAN_POINT('',(3.54390635407933,56.550000005405,27.0425361302488));
#8117=CARTESIAN_POINT('',(3.52263790083829,56.5500000054049,27.0213624108256));
#8118=CARTESIAN_POINT('',(3.50136950976554,56.5500000054047,27.0001887532938));
#8119=CARTESIAN_POINT('',(3.47981736470632,56.5500000054047,26.9793161271023));
#8120=CARTESIAN_POINT('',(3.45793592765763,56.5500000054044,26.958805287968));
#8121=CARTESIAN_POINT('',(3.43605464720195,56.5500000054043,26.9382945956182));
#8122=CARTESIAN_POINT('',(3.41384355396605,56.5500000054129,26.9181447031486));
#8123=CARTESIAN_POINT('',(3.39124723202927,56.5500000054128,26.8984338303425));
#8124=CARTESIAN_POINT('',(3.37994704384587,56.5500000054127,26.8885766255908));
#8125=CARTESIAN_POINT('',(3.36855925638614,56.5500000054042,26.8788369856874));
#8126=CARTESIAN_POINT('',(3.35705003124998,56.5500000054041,26.8692051832015));
#8127=CARTESIAN_POINT('',(3.34553956707679,56.5500000054041,26.8595723437945));
#8128=CARTESIAN_POINT('',(3.33390698171858,56.5500000054039,26.8500472027846));
#8129=CARTESIAN_POINT('',(3.32215249528409,56.5500000054038,26.8406523817393));
#8130=CARTESIAN_POINT('',(3.29864358660972,56.5500000054037,26.8218627909568));
#8131=CARTESIAN_POINT('',(3.27464770438567,56.5500000054036,26.8035932380799));
#8132=CARTESIAN_POINT('',(3.25015499114772,56.5500000054035,26.7860341218625));
#8133=CARTESIAN_POINT('',(3.22566226361791,56.5500000054034,26.7684749953991));
#8134=CARTESIAN_POINT('',(3.20067131720859,56.5500000054033,26.7516247832419));
#8135=CARTESIAN_POINT('',(3.17515542599722,56.5500000054032,26.7356919338542));
#8136=CARTESIAN_POINT('',(3.1496397690336,56.5500000054032,26.7197592307374));
#8137=CARTESIAN_POINT('',(3.12359649092977,56.5500000054188,26.7047417887785));
#8138=CARTESIAN_POINT('',(3.09698613801778,56.5500000054187,26.6908763896679));
#8139=CARTESIAN_POINT('',(3.08041845855944,56.5500000054186,26.6822437537616));
#8140=CARTESIAN_POINT('',(3.06365016518341,56.5500000054029,26.6740671050115));
#8141=CARTESIAN_POINT('',(3.04661366663442,56.5500000054029,26.6663846825257));
#8142=CARTESIAN_POINT('',(3.02956620190054,56.5500000054029,26.6586973149588));
#8143=CARTESIAN_POINT('',(3.01221674434865,56.5500000054093,26.6514924544214));
#8144=CARTESIAN_POINT('',(2.99461222867898,56.5500000054093,26.6448735027517));
#8145=CARTESIAN_POINT('',(2.97700783493628,56.5500000054093,26.6382545969242));
#8146=CARTESIAN_POINT('',(2.95914943031878,56.5500000054123,26.6322224994591));
#8147=CARTESIAN_POINT('',(2.9410942623653,56.5500000054124,26.6268699497217));
#8148=CARTESIAN_POINT('',(2.9230390755556,56.5500000054124,26.6215173943944));
#8149=CARTESIAN_POINT('',(2.9047891224108,56.5500000054052,26.6168454446321));
#8150=CARTESIAN_POINT('',(2.88640945717551,56.5500000054052,26.612927699939));
#8151=CARTESIAN_POINT('',(2.86802955519323,56.5500000054053,26.6090099047818));
#8152=CARTESIAN_POINT('',(2.84952296544656,56.550000005403,26.605847202773));
#8153=CARTESIAN_POINT('',(2.83095543935118,56.550000005403,26.6034867513264));
#8154=CARTESIAN_POINT('',(2.81237746439289,56.5500000054029,26.6011249715372));
#8155=CARTESIAN_POINT('',(2.79378785110947,56.5500000054029,26.5995683341711));
#8156=CARTESIAN_POINT('',(2.77510162817006,56.550000005403,26.5988299567789));
#8157=CARTESIAN_POINT('',(2.75641197728154,56.550000005403,26.5980914439329));
#8158=CARTESIAN_POINT('',(2.73763381970573,56.5500000054031,26.5981769390758));
#8159=CARTESIAN_POINT('',(2.71885536209118,56.5500000054032,26.5990974672367));
#8160=CARTESIAN_POINT('',(2.70007730190279,56.5500000054032,26.6000179759156));
#8161=CARTESIAN_POINT('',(2.68130425728387,56.5500000054034,26.6017734661535));
#8162=CARTESIAN_POINT('',(2.66263403744535,56.5500000054034,26.6043337854642));
#8163=CARTESIAN_POINT('',(2.64396386931842,56.5500000054035,26.6068940976836));
#8164=CARTESIAN_POINT('',(2.62540119685154,56.5500000054038,26.6102582060501));
#8165=CARTESIAN_POINT('',(2.60703736883116,56.5500000054038,26.6143575696501));
#8166=CARTESIAN_POINT('',(2.58867329968199,56.5500000054039,26.6184569870774));
#8167=CARTESIAN_POINT('',(2.57051135301996,56.5500000054038,26.6232901630429));
#8168=CARTESIAN_POINT('',(2.55262554311336,56.5500000054038,26.6287614121605));
#8169=CARTESIAN_POINT('',(2.5169059423486,56.550000005404,26.6396879978274));
#8170=CARTESIAN_POINT('',(2.48201779239477,56.5500000054043,26.6532328583901));
#8171=CARTESIAN_POINT('',(2.44795611127322,56.5500000054045,26.6688542469276));
#8172=CARTESIAN_POINT('',(2.41390040552456,56.5500000054046,26.6844728950359));
#8173=CARTESIAN_POINT('',(2.38069614097371,56.5500000054049,26.7021566837972));
#8174=CARTESIAN_POINT('',(2.34841169807923,56.5500000054051,26.7213333445212));
#8175=CARTESIAN_POINT('',(2.3161240005043,56.5500000054054,26.7405119384952));
#8176=CARTESIAN_POINT('',(2.28476810634034,56.5500000054062,26.7611737839783));
#8177=CARTESIAN_POINT('',(2.25438396514061,56.5500000054064,26.7827923386779));
#8178=CARTESIAN_POINT('',(2.23929168998011,56.5500000054066,26.7935306107902));
#8179=CARTESIAN_POINT('',(2.22439308822359,56.5500000054062,26.804538221548));
#8180=CARTESIAN_POINT('',(2.20967044125061,56.5500000054064,26.8157810773244));
#8181=CARTESIAN_POINT('',(2.19494773403557,56.5500000054065,26.8270239791043));
#8182=CARTESIAN_POINT('',(2.18040079880283,56.5500000054066,26.838502333896));
#8183=CARTESIAN_POINT('',(2.16601356488118,56.5500000054068,26.8501873460413));
#8184=CARTESIAN_POINT('',(2.1516262970702,56.5500000054069,26.8618723857109));
#8185=CARTESIAN_POINT('',(2.13739860551155,56.550000005407,26.8737642502497));
#8186=CARTESIAN_POINT('',(2.12331636890327,56.5500000054071,26.8858382206976));
#8187=CARTESIAN_POINT('',(2.10923411695236,56.5500000054073,26.8979122043001));
#8188=CARTESIAN_POINT('',(2.0952972369645,56.5500000054074,26.9101684246959));
#8189=CARTESIAN_POINT('',(2.08149365133006,56.5500000054076,26.9225852287998));
#8190=CARTESIAN_POINT('',(2.05388672678047,56.5500000054079,26.947418615075));
#8191=CARTESIAN_POINT('',(2.02681026765171,56.5500000054082,26.9728936032924));
#8192=CARTESIAN_POINT('',(2.00019220530243,56.5500000054085,26.9988610477417));
#8193=CARTESIAN_POINT('',(1.97357419574923,56.5500000054088,27.0248284406854));
#8194=CARTESIAN_POINT('',(1.94741395593133,56.5500000054091,27.0512900758838));
#8195=CARTESIAN_POINT('',(1.9216661678089,56.5500000054094,27.0781170137381));
#8196=CARTESIAN_POINT('',(1.89591848238621,56.5500000054097,27.1049438445882));
#8197=CARTESIAN_POINT('',(1.87058315950044,56.5500000054118,27.1321368581882));
#8198=CARTESIAN_POINT('',(1.84563536286752,56.550000005412,27.1595788582007));
#8199=CARTESIAN_POINT('',(1.8206945056056,56.5500000054124,27.1870132250654));
#8200=CARTESIAN_POINT('',(1.79612387019804,56.5500000054264,27.2147143473323));
#8201=CARTESIAN_POINT('',(1.77182114892546,56.5500000054267,27.2426861846607));
#8202=CARTESIAN_POINT('',(1.74752248403087,56.5500000054271,27.2706533531971));
#8203=CARTESIAN_POINT('',(1.72350973261518,56.5500000054119,27.2988716564841));
#8204=CARTESIAN_POINT('',(1.69974208328573,56.5500000054122,27.3272999696581));
#8205=CARTESIAN_POINT('',(1.67597440203962,56.5500000054125,27.3557283210076));
#8206=CARTESIAN_POINT('',(1.65245178020838,56.5500000054128,27.3843670690143));
#8207=CARTESIAN_POINT('',(1.62914145612937,56.5500000054131,27.4131831350726));
#8208=CARTESIAN_POINT('',(1.60583112407112,56.5500000054135,27.4419992109949));
#8209=CARTESIAN_POINT('',(1.58273308330215,56.5500000054137,27.4709928605386));
#8210=CARTESIAN_POINT('',(1.55982115670704,56.5500000054141,27.5001364899789));
#8211=CARTESIAN_POINT('',(1.53690923454892,56.5500000054143,27.5292801137754));
#8212=CARTESIAN_POINT('',(1.51418343921832,56.5500000054147,27.5585738853596));
#8213=CARTESIAN_POINT('',(1.49162296444358,56.550000005415,27.5879939969576));
#8214=CARTESIAN_POINT('',(1.46906249883468,56.5500000054153,27.6174140966028));
#8215=CARTESIAN_POINT('',(1.44666737636733,56.5500000054262,27.6469606445029));
#8216=CARTESIAN_POINT('',(1.42442114255961,56.5500000054264,27.6766125263264));
#8217=CARTESIAN_POINT('',(1.40217491750241,56.5500000054267,27.7062643964865));
#8218=CARTESIAN_POINT('',(1.38007760868861,56.5500000054166,27.7360216676631));
#8219=CARTESIAN_POINT('',(1.35811624422146,56.550000005417,27.765865256994));
#8220=CARTESIAN_POINT('',(1.31419774123715,56.5500000054176,27.8255466929563));
#8221=CARTESIAN_POINT('',(1.27080009933045,56.5500000054206,27.8855997927818));
#8222=CARTESIAN_POINT('',(1.22781086382832,56.5500000054213,27.945950526925));
#8223=CARTESIAN_POINT('',(1.18482209922217,56.5500000054219,28.0063005999976));
#8224=CARTESIAN_POINT('',(1.14224448694874,56.5500000054294,28.0669461716317));
#8225=CARTESIAN_POINT('',(1.09999999587435,56.5500000054301,28.1278269629077));
#8226=CARTESIAN_POINT('',(1.09999999587086,56.962208666293,27.7893129997716));
#8227=CARTESIAN_POINT('',(1.09999999587086,56.9622086649202,27.7893130006865));
#8228=CARTESIAN_POINT('',(1.09999999587078,56.9250742013329,27.8140599236528));
#8229=CARTESIAN_POINT('',(1.09999999587071,56.8886942854199,27.8400081684645));
#8230=CARTESIAN_POINT('',(1.09999999587064,56.8530525515509,27.8668574721538));
#8231=CARTESIAN_POINT('',(1.09999999587056,56.8174109259429,27.893706694289));
#8232=CARTESIAN_POINT('',(1.09999999587049,56.782506273852,27.9214584971616));
#8233=CARTESIAN_POINT('',(1.09999999587041,56.7483451894963,27.9498316960944));
#8234=CARTESIAN_POINT('',(1.09999999587033,56.7141817384132,27.9782068607619));
#8235=CARTESIAN_POINT('',(1.09999999587025,56.6806272432006,28.0073140063067));
#8236=CARTESIAN_POINT('',(1.09999999587016,56.6475961724315,28.0370189026056));
#8237=CARTESIAN_POINT('',(1.09999999587009,56.6145648506686,28.0667240246236));
#8238=CARTESIAN_POINT('',(1.09999999587,56.5820559516191,28.097028606046));
#8239=CARTESIAN_POINT('',(1.09999999586991,56.5500000054266,28.1278269629573));
#8240=CARTESIAN_POINT('',(1.09999999587151,57.6500000052618,27.5509618971151));
#8241=CARTESIAN_POINT('',(1.09999999587151,57.6500000052594,27.5509618963816));
#8242=CARTESIAN_POINT('',(1.09999999587151,57.6345718079465,27.5509618963815));
#8243=CARTESIAN_POINT('',(1.09999999587151,57.6191281428767,27.5513371953028));
#8244=CARTESIAN_POINT('',(1.09999999587151,57.603695324479,27.5520870478568));
#8245=CARTESIAN_POINT('',(1.09999999587151,57.588262523598,27.5528368995598));
#8246=CARTESIAN_POINT('',(1.09999999587151,57.5728409948009,27.5539612812767));
#8247=CARTESIAN_POINT('',(1.09999999587151,57.5574572202033,27.5554533888983));
#8248=CARTESIAN_POINT('',(1.09999999587151,57.5420734300357,27.5569454980302));
#8249=CARTESIAN_POINT('',(1.09999999587151,57.5267277901877,27.5588052656812));
#8250=CARTESIAN_POINT('',(1.0999999958715,57.5114456902039,27.5610201648895));
#8251=CARTESIAN_POINT('',(1.0999999958715,57.4961635443319,27.5632350707485));
#8252=CARTESIAN_POINT('',(1.0999999958715,57.4809452823986,27.5658050078979));
#8253=CARTESIAN_POINT('',(1.09999999587149,57.4658141160086,27.5687124852706));
#8254=CARTESIAN_POINT('',(1.09999999587147,57.4355473080392,27.5745282999306));
#8255=CARTESIAN_POINT('',(1.09999999587144,57.4056485897726,27.581692853274));
#8256=CARTESIAN_POINT('',(1.09999999587141,57.3762262437313,27.5900344352493));
#8257=CARTESIAN_POINT('',(1.09999999587139,57.3467778940421,27.5983833895655));
#8258=CARTESIAN_POINT('',(1.09999999587136,57.3176507686381,27.6079532493741));
#8259=CARTESIAN_POINT('',(1.09999999587132,57.2888742832057,27.6186097012982));
#8260=CARTESIAN_POINT('',(1.0999999958713,57.2600979330573,27.629266103124));
#8261=CARTESIAN_POINT('',(1.09999999587126,57.2316730743918,27.6410084613265));
#8262=CARTESIAN_POINT('',(1.09999999587123,57.2036282074671,27.6536934299456));
#8263=CARTESIAN_POINT('',(1.0999999958712,57.1755833852868,27.6663783783265));
#8264=CARTESIAN_POINT('',(1.09999999587116,57.1479188418907,27.680005509788));
#8265=CARTESIAN_POINT('',(1.09999999587111,57.120661369051,27.6944274563351));
#8266=CARTESIAN_POINT('',(1.09999999587103,57.0661467407738,27.7232711814919));
#8267=CARTESIAN_POINT('',(1.09999999587126,57.0132588466441,27.7552924496836));
#8268=CARTESIAN_POINT('',(1.09999999587116,56.9622086662929,27.7893129997703));
#8269=CARTESIAN_POINT('',(0.349999995568322,57.6500000052776,28.8500000033086));
#8270=CARTESIAN_POINT('',(1.31010090027326,57.6500000052546,27.1870564552435));
#8271=VECTOR('',#9595,2.8797981904698);
#8272=AXIS2_PLACEMENT_3D('',#9596,#9597,#9598);
#8273=COLOUR_RGB('',0.0,0.443137288093567,0.709803938865662);
#8274=CARTESIAN_POINT('',(4.30000001366852,56.5500000053146,17.050000031796));
#8275=CARTESIAN_POINT('',(1.09999999590061,56.5500000053226,17.0500000317871));
#8276=CARTESIAN_POINT('',(2.67848913653932,56.5500000053187,17.0500000317916));
#8277=VECTOR('',#9599,1.0);
#8278=CARTESIAN_POINT('',(1.09999999585019,56.5500000054839,35.2500000027524));
#8279=VECTOR('',#9600,1.0);
#8280=CARTESIAN_POINT('',(4.30000001361171,56.5500000054758,35.2500000027612));
#8281=VECTOR('',#9601,1.0);
#8282=COLOUR_RGB('',0.823529481887817,0.823529481887817,0.784313797950745);
#8283=CARTESIAN_POINT('',(1.0999999959006,58.9999998336101,17.0500000317858));
#8284=CARTESIAN_POINT('',(1.0999999959006,-4.65130990652351,17.0500000318195));
#8285=VECTOR('',#9602,1.0);
#8286=CARTESIAN_POINT('',(4.19813094768547,58.9999998336187,17.0500000317945));
#8287=CARTESIAN_POINT('',(6.84470234614951,-4.651309906578,17.0500000318355));
#8288=VECTOR('',#9603,1.0);
#8289=CARTESIAN_POINT('',(2.67848913653931,58.9999998336146,17.0500000319311));
#8290=VECTOR('',#9604,1.0);
#8291=COLOUR_RGB('',0.0,0.443137288093567,0.709803938865662);
#8292=CARTESIAN_POINT('',(4.17026197457927,59.6702619843332,27.1530439722907));
#8293=CARTESIAN_POINT('',(4.54976862285033,50.5429453241063,27.8103687690141));
#8294=VECTOR('',#9605,1.0);
#8295=CARTESIAN_POINT('',(8.8450417184004,64.3450417282188,35.2500000027697));
#8296=VECTOR('',#9606,1.0);
#8297=COLOUR_RGB('',0.0,0.443137288093567,0.709803938865662);
#8298=CARTESIAN_POINT('',(0.349999995569233,58.250000005282,28.8500000033117));
#8299=CARTESIAN_POINT('',(0.349999995546028,58.2500000052931,31.5713691353622));
#8300=VECTOR('',#9607,1.0);
#8301=CARTESIAN_POINT('',(1.05294372091499,59.9470562803309,27.6324657561721));
#8302=AXIS2_PLACEMENT_3D('',#9608,#9609,#9610);
#8303=AXIS2_PLACEMENT_3D('',#9611,#9612,#9613);
#8304=COLOUR_RGB('',0.0,0.443137288093567,0.709803938865662);
#8305=COLOUR_RGB('',0.0,0.443137288093567,0.709803938865662);
#8306=CARTESIAN_POINT('',(1.09999999587152,59.9000000053734,27.5509618971326));
#8307=CARTESIAN_POINT('',(16.5882866324046,44.4117133685014,0.724462520518185));
#8308=VECTOR('',#9614,1.0);
#8309=CARTESIAN_POINT('',(0.349999995589734,71.6638443790443,28.8500000026881));
#8310=VECTOR('',#9615,1.0);
#8311=CARTESIAN_POINT('',(1.09999999587152,50.5429453241061,27.5509618970597));
#8312=VECTOR('',#9616,1.0);
#8313=COLOUR_RGB('',0.0,0.443137288093567,0.709803938865662);
#8314=CARTESIAN_POINT('',(1.09999999587391,59.4000000050545,26.6849364928128));
#8315=CARTESIAN_POINT('',(1.09999999594583,44.4117133685394,0.724462520471612));
#8316=VECTOR('',#9617,1.0);
#8317=CARTESIAN_POINT('',(4.18149925512312,59.4000000050542,26.6849364928346));
#8318=CARTESIAN_POINT('',(2.67848913651262,59.4000000050544,26.684936492824));
#8319=VECTOR('',#9618,1.0);
#8320=CARTESIAN_POINT('',(3.97588830943022,64.3450417282314,35.2500000027562));
#8321=VECTOR('',#9619,1.0);
#8322=COLOUR_RGB('',0.0,0.443137288093567,0.709803938865662);
#8323=CARTESIAN_POINT('',(1.09999999588246,58.9999998362089,23.5999996058945));
#8324=CARTESIAN_POINT('',(1.09999999585018,58.999999840831,35.250000002892));
#8325=VECTOR('',#9620,1.0);
#8326=CARTESIAN_POINT('',(1.09999999587988,59.249999836533,24.5330123068815));
#8327=CARTESIAN_POINT('',(1.09999999585019,62.1216080414434,35.2500000027494));
#8328=VECTOR('',#9621,1.0);
#8329=CARTESIAN_POINT('',(1.09999999587781,59.2499998369727,25.2803843618097));
#8330=CARTESIAN_POINT('',(1.09999999585019,59.2499998428391,35.2500000027509));
#8331=VECTOR('',#9622,1.0);
#8332=CARTESIAN_POINT('',(1.09999999587709,59.4000000050448,25.5401922739621));
#8333=CARTESIAN_POINT('',(1.09999999585018,65.0059601130287,35.2500000027479));
#8334=VECTOR('',#9623,1.0);
#8335=CARTESIAN_POINT('',(1.09999999585018,59.4000000051272,35.2500000027508));
#8336=VECTOR('',#9624,1.0);
#8337=COLOUR_RGB('',0.0,0.443137288093567,0.709803938865662);
#8338=CARTESIAN_POINT('',(4.18773614416355,59.2499998365415,24.5330123068888));
#8339=CARTESIAN_POINT('',(4.1877361441432,59.2499998369813,25.2803843618169));
#8340=CARTESIAN_POINT('',(4.18773614387183,59.2499998428476,35.2500000027595));
#8341=VECTOR('',#9625,1.0);
#8342=CARTESIAN_POINT('',(4.19813094755939,58.9999998362174,23.5999996059018));
#8343=CARTESIAN_POINT('',(4.0683369334386,62.1216080414519,35.2500000027576));
#8344=VECTOR('',#9626,1.0);
#8345=CARTESIAN_POINT('',(4.19813094805833,58.9999998259341,-2.31915635283724));
#8346=VECTOR('',#9627,1.0);
#8347=CARTESIAN_POINT('',(4.18149925512667,59.4000000050445,25.540192273954));
#8348=CARTESIAN_POINT('',(4.18149925509651,59.4000000051269,35.2500000027594));
#8349=VECTOR('',#9628,1.0);
#8350=CARTESIAN_POINT('',(3.94840784278962,65.0059601130372,35.2500000027558));
#8351=VECTOR('',#9629,1.0);
#8352=COLOUR_RGB('',0.0,0.443137288093567,0.709803938865662);
#8353=CARTESIAN_POINT('',(2.67848913651579,59.4000000050447,25.5401922739579));
#8354=VECTOR('',#9630,1.0);
#8355=COLOUR_RGB('',0.823529481887817,0.823529481887817,0.784313797950745);
#8356=CARTESIAN_POINT('',(2.67848913651858,59.2499998365373,24.5330123068852));
#8357=VECTOR('',#9631,1.0);
#8358=CARTESIAN_POINT('',(2.67848913651651,59.2499998369771,25.2803843618134));
#8359=VECTOR('',#9632,1.0);
#8360=COLOUR_RGB('',0.823529481887817,0.823529481887817,0.784313797950745);
#8361=COLOUR_RGB('',0.823529481887817,0.823529481887817,0.784313797950745);
#8362=CARTESIAN_POINT('',(2.67848913652117,58.9999998362133,23.5999996058976));
#8363=VECTOR('',#9633,1.0);
#8364=COLOUR_RGB('',0.0,0.443137288093567,0.709803938865662);
#8365=CARTESIAN_POINT('',(2.04999999561462,41.1000000044779,35.1500000027632));
#8366=CARTESIAN_POINT('',(2.04999999561466,41.1000000044783,35.2500000027632));
#8367=VECTOR('',#9634,1.0);
#8368=CARTESIAN_POINT('',(1.64999999559832,40.7000000044661,35.1500000027623));
#8369=CARTESIAN_POINT('',(2.67848913649021,41.7284891453464,35.1500000027647));
#8370=VECTOR('',#9635,1.0);
#8371=CARTESIAN_POINT('',(1.64999999559804,40.7000000044662,35.2500000027623));
#8372=VECTOR('',#9636,1.0);
#8373=COLOUR_RGB('',0.823529481887817,0.823529481887817,0.784313797950745);
#8374=COLOUR_RGB('',0.0,0.443137288093567,0.709803938865662);
#8375=CARTESIAN_POINT('',(0.349999995523413,57.6500000052542,29.0836091436476));
#8376=VECTOR('',#9637,1.0);
#8377=COLOUR_RGB('',0.0,0.443137288093567,0.709803938865662);
#8378=COLOUR_RGB('',0.0,0.443137288093567,0.709803938865662);
#8379=CARTESIAN_POINT('',(4.93174241849299,59.2500000052624,29.3037303598134));
#8380=CARTESIAN_POINT('',(4.94423795746503,59.2500000052625,29.3250961880459));
#8381=CARTESIAN_POINT('',(4.95673304945638,59.2500000052626,29.346462369695));
#8382=CARTESIAN_POINT('',(4.96913663906812,59.2500000052627,29.3678807513271));
#8383=CARTESIAN_POINT('',(4.98154094286829,59.2500000052628,29.3893003662119));
#8384=CARTESIAN_POINT('',(4.99385147732043,59.250000005263,29.4107665728251));
#8385=CARTESIAN_POINT('',(5.00595854032208,59.2500000052631,29.432362408037));
#8386=CARTESIAN_POINT('',(5.01201430194853,59.2500000052632,29.4431643036041));
#8387=CARTESIAN_POINT('',(5.01802356697951,59.2500000052632,29.454007730972));
#8388=CARTESIAN_POINT('',(5.02396348720657,59.2500000052633,29.4648957655556));
#8389=CARTESIAN_POINT('',(5.02990341228001,59.2500000052633,29.4757838090228));
#8390=CARTESIAN_POINT('',(5.03577402984857,59.2500000052634,29.4867164716538));
#8391=CARTESIAN_POINT('',(5.04154991472898,59.2500000052635,29.497698638077));
#8392=CARTESIAN_POINT('',(5.04732580647987,59.2500000052635,29.5086808175636));
#8393=CARTESIAN_POINT('',(5.05300702766401,59.2500000052637,29.5197125501071));
#8394=CARTESIAN_POINT('',(5.05856523046593,59.2500000052637,29.5308008327996));
#8395=CARTESIAN_POINT('',(5.06412343716248,59.2500000052638,29.5418891232617));
#8396=CARTESIAN_POINT('',(5.06955871423596,59.2500000052639,29.5530340637092));
#8397=CARTESIAN_POINT('',(5.07483924188702,59.2500000052639,29.5642448092866));
#8398=CARTESIAN_POINT('',(5.08011976548501,59.250000005264,29.5754555462593));
#8399=CARTESIAN_POINT('',(5.08524565132014,59.250000005264,29.5867322549369));
#8400=CARTESIAN_POINT('',(5.09018090546304,59.2500000052642,29.5980859426312));
#8401=CARTESIAN_POINT('',(5.09511614360073,59.2500000052642,29.6094395935051));
#8402=CARTESIAN_POINT('',(5.0998608687743,59.2500000052641,29.6208704696625));
#8403=CARTESIAN_POINT('',(5.1043742132041,59.2500000052642,29.6323906549132));
#8404=CARTESIAN_POINT('',(5.10888794234646,59.2500000052643,29.643911822132));
#8405=CARTESIAN_POINT('',(5.11316873851056,59.2500000052643,29.6555179960451));
#8406=CARTESIAN_POINT('',(5.1171750271666,59.2500000052644,29.6672341886455));
#8407=CARTESIAN_POINT('',(5.12118346753871,59.2500000052644,29.6789566738328));
#8408=CARTESIAN_POINT('',(5.12492604936322,59.2500000052645,29.6908180782213));
#8409=CARTESIAN_POINT('',(5.12833760646824,59.2500000052646,29.7027948623108));
#8410=CARTESIAN_POINT('',(5.13174914276195,59.2500000052646,29.714771573339));
#8411=CARTESIAN_POINT('',(5.13482913034411,59.2500000052648,29.7268633032158));
#8412=CARTESIAN_POINT('',(5.13751762626359,59.2500000052648,29.7390411951977));
#8413=CARTESIAN_POINT('',(5.14020612227109,59.2500000052649,29.7512190875781));
#8414=CARTESIAN_POINT('',(5.14250244184693,59.2500000052649,29.7634820888773));
#8415=CARTESIAN_POINT('',(5.14435878399858,59.250000005265,29.775796520669));
#8416=CARTESIAN_POINT('',(5.14621514533651,59.250000005265,29.7881110797368));
#8417=CARTESIAN_POINT('',(5.14763092242207,59.2500000052651,29.8004751760915));
#8418=CARTESIAN_POINT('',(5.1485771708087,59.2500000052652,29.8128540184601));
#8419=CARTESIAN_POINT('',(5.14952344313629,59.2500000052652,29.8252331740248));
#8420=CARTESIAN_POINT('',(5.14999999574063,59.2500000052653,29.8376245688227));
#8421=CARTESIAN_POINT('',(5.14999999574033,59.2500000052654,29.8500000028166));
#8422=COLOUR_RGB('',0.980392217636108,0.517647087574005,0.168627455830574);
#8423=CARTESIAN_POINT('',(0.749999995559236,53.3000000018063,34.7500000028107));
#8424=CARTESIAN_POINT('',(5.14999999611045,53.3000000016767,34.750000002818));
#8425=VECTOR('',#9638,1.0);
#8426=CARTESIAN_POINT('',(0.749999995550969,52.5000000018063,34.7500000028153));
#8427=CARTESIAN_POINT('',(0.749999994982513,-2.47802318025396,34.7500000031275));
#8428=VECTOR('',#9639,1.0);
#8429=CARTESIAN_POINT('',(5.14999999611266,52.5000000016767,34.7500000028225));
#8430=VECTOR('',#9640,1.0);
#8431=CARTESIAN_POINT('',(3.56651513908308,52.5000000017233,34.7500000028199));
#8432=AXIS2_PLACEMENT_3D('',#9641,#9642,#9643);
#8433=CARTESIAN_POINT('',(4.54999999553895,52.5000000016944,34.7500000028216));
#8434=CARTESIAN_POINT('',(5.14999999611266,52.5000000016767,34.7500000028225));
#8435=VECTOR('',#9644,1.0);
#8436=CARTESIAN_POINT('',(4.54999999554176,53.3000000016944,34.750000002817));
#8437=CARTESIAN_POINT('',(4.54999999534555,-2.47802318029054,34.7500000031337));
#8438=VECTOR('',#9645,1.0);
#8439=CARTESIAN_POINT('',(3.5665151391073,53.3000000017233,34.7500000028153));
#8440=CARTESIAN_POINT('',(5.14999999611045,53.3000000016767,34.750000002818));
#8441=VECTOR('',#9646,1.0);
#8442=AXIS2_PLACEMENT_3D('',#9647,#9648,#9649);
#8443=COLOUR_RGB('',0.980392217636108,0.517647087574005,0.168627455830574);
#8444=CARTESIAN_POINT('',(3.56651513910758,53.3000000017275,35.1500000027609));
#8445=CARTESIAN_POINT('',(3.56651513910767,53.3000000017286,35.2500000049732));
#8446=VECTOR('',#9650,1.0);
#8447=AXIS2_PLACEMENT_3D('',#9651,#9652,#9653);
#8448=COLOUR_RGB('',0.980392217636108,0.517647087574005,0.168627455830574);
#8449=CARTESIAN_POINT('',(4.54999999554072,53.3000000016986,35.1500000027637));
#8450=CARTESIAN_POINT('',(4.54999999563609,53.3000000013114,-1.61928437660598));
#8451=VECTOR('',#9654,1.0);
#8452=CARTESIAN_POINT('',(5.14999999606942,53.3000000016808,35.1500000027653));
#8453=VECTOR('',#9655,1.0);
#8454=COLOUR_RGB('',0.980392217636108,0.517647087574005,0.168627455830574);
#8455=CARTESIAN_POINT('',(0.749999995558232,53.3000000018106,35.1500000027532));
#8456=CARTESIAN_POINT('',(0.749999995650808,53.3000000014233,-1.61928437701075));
#8457=VECTOR('',#9656,1.0);
#8458=CARTESIAN_POINT('',(5.14999999606942,53.3000000016808,35.1500000027653));
#8459=VECTOR('',#9657,1.0);
#8460=COLOUR_RGB('',0.980392217636108,0.517647087574005,0.168627455830574);
#8461=CARTESIAN_POINT('',(0.749999995549964,52.5000000018105,35.1500000027536));
#8462=CARTESIAN_POINT('',(0.749999995642287,52.5000000014244,-1.52105672820685));
#8463=VECTOR('',#9658,1.0);
#8464=CARTESIAN_POINT('',(5.14999999607163,52.500000001681,35.1500000027657));
#8465=VECTOR('',#9659,1.0);
#8466=COLOUR_RGB('',0.980392217636108,0.517647087574005,0.168627455830574);
#8467=CARTESIAN_POINT('',(3.56651513908559,52.5000000017275,35.1500000027614));
#8468=AXIS2_PLACEMENT_3D('',#9660,#9661,#9662);
#8469=CARTESIAN_POINT('',(3.56651513908559,52.5000000017275,35.1500000027614));
#8470=CARTESIAN_POINT('',(3.56651513908538,52.5000000017272,35.1166666694329));
#8471=CARTESIAN_POINT('',(3.56651513908517,52.5000000017269,35.0833333361044));
#8472=CARTESIAN_POINT('',(3.56651513908496,52.5000000017265,35.050000002776));
#8473=CARTESIAN_POINT('',(3.56651513908476,52.5000000017261,35.0166666694476));
#8474=CARTESIAN_POINT('',(3.56651513908455,52.5000000017258,34.9833333361191));
#8475=CARTESIAN_POINT('',(3.56651513908434,52.5000000017255,34.9500000027906));
#8476=CARTESIAN_POINT('',(3.56651513908412,52.5000000017251,34.9166666694622));
#8477=CARTESIAN_POINT('',(3.56651513908391,52.5000000017247,34.8833333361337));
#8478=CARTESIAN_POINT('',(3.5665151390837,52.5000000017244,34.8500000028052));
#8479=CARTESIAN_POINT('',(3.5665151390836,52.5000000017243,34.8333333361411));
#8480=CARTESIAN_POINT('',(3.5665151390835,52.5000000017241,34.8166666694768));
#8481=CARTESIAN_POINT('',(3.56651513908339,52.5000000017239,34.8000000028126));
#8482=CARTESIAN_POINT('',(3.56651513908329,52.5000000017237,34.7833333361484));
#8483=CARTESIAN_POINT('',(3.56651513908318,52.5000000017235,34.7666666694841));
#8484=CARTESIAN_POINT('',(3.56651513908308,52.5000000017233,34.7500000028199));
#8485=COLOUR_RGB('',0.980392217636108,0.517647087574005,0.168627455830574);
#8486=CARTESIAN_POINT('',(4.54999999553791,52.5000000016985,35.1500000027641));
#8487=CARTESIAN_POINT('',(5.14999999607163,52.500000001681,35.1500000027657));
#8488=VECTOR('',#9663,1.0);
#8489=CARTESIAN_POINT('',(0.749999995533419,50.9000000053152,35.1500000027544));
#8490=CARTESIAN_POINT('',(0.749999994982023,-2.4289093558943,35.1500000027826));
#8491=VECTOR('',#9664,1.0);
#8492=CARTESIAN_POINT('',(1.64999999559729,50.9000000053065,35.1500000027569));
#8493=CARTESIAN_POINT('',(2.67848913648917,50.9000000052968,35.1500000027597));
#8494=VECTOR('',#9665,1.0);
#8495=CARTESIAN_POINT('',(2.04999999561359,51.3000000053183,35.1500000027578));
#8496=CARTESIAN_POINT('',(2.67848913648916,51.9284891461868,35.1500000027592));
#8497=VECTOR('',#9666,1.0);
#8498=CARTESIAN_POINT('',(3.24999999558856,51.3000000053037,35.1500000027612));
#8499=CARTESIAN_POINT('',(2.67848913648917,51.3000000053106,35.1500000027595));
#8500=VECTOR('',#9667,1.0);
#8501=CARTESIAN_POINT('',(3.64999999559731,50.9000000052904,35.1500000027624));
#8502=CARTESIAN_POINT('',(4.00705467677349,50.5429453241102,35.1500000027637));
#8503=VECTOR('',#9668,1.0);
#8504=CARTESIAN_POINT('',(4.54999999553228,50.9000000052818,35.1500000027649));
#8505=CARTESIAN_POINT('',(2.67848913648917,50.9000000052997,35.1500000027598));
#8506=VECTOR('',#9669,1.0);
#8507=CARTESIAN_POINT('',(4.54999999534469,-2.42890935593034,35.1500000027932));
#8508=VECTOR('',#9670,1.0);
#8509=COLOUR_RGB('',0.0,0.443137288093567,0.709803938865662);
#8510=CARTESIAN_POINT('',(0.749999995572709,54.7000000052991,35.1500000027524));
#8511=CARTESIAN_POINT('',(0.749999994982023,-2.4289093558943,35.1500000027826));
#8512=VECTOR('',#9671,1.0);
#8513=CARTESIAN_POINT('',(0.749999995572454,54.7000000052997,35.2500000027524));
#8514=VECTOR('',#9672,1.0);
#8515=CARTESIAN_POINT('',(0.749999995533163,50.9000000053152,35.2500000027544));
#8516=VECTOR('',#9673,1.0);
#8517=COLOUR_RGB('',0.980392217636108,0.517647087574005,0.168627455830574);
#8518=CARTESIAN_POINT('',(4.54999999554565,54.7000000052888,35.1500000027629));
#8519=CARTESIAN_POINT('',(4.54999999534469,-2.42890935593034,35.1500000027932));
#8520=VECTOR('',#9674,1.0);
#8521=CARTESIAN_POINT('',(2.67848913648917,54.7000000052939,35.1500000027577));
#8522=VECTOR('',#9675,1.0);
#8523=COLOUR_RGB('',0.0,0.443137288093567,0.709803938865662);
#8524=CARTESIAN_POINT('',(4.54999999553202,50.9000000052823,35.250000002765));
#8525=VECTOR('',#9676,1.0);
#8526=CARTESIAN_POINT('',(4.54999999554539,54.7000000052894,35.250000002763));
#8527=VECTOR('',#9677,1.0);
#8528=CARTESIAN_POINT('',(4.54999999563302,52.5000000013124,-1.52105672780208));
#8529=VECTOR('',#9678,1.0);
#8530=COLOUR_RGB('',0.0,0.443137288093567,0.709803938865662);
#8531=CARTESIAN_POINT('',(3.64999999559702,50.900000005291,35.2500000027625));
#8532=VECTOR('',#9679,1.0);
#8533=COLOUR_RGB('',0.0,0.443137288093567,0.709803938865662);
#8534=COLOUR_RGB('',0.980392217636108,0.517647087574005,0.168627455830574);
#8535=COLOUR_RGB('',0.0,0.443137288093567,0.709803938865662);
#8536=CARTESIAN_POINT('',(1.649999995597,50.9000000053066,35.2500000027569));
#8537=VECTOR('',#9680,1.0);
#8538=COLOUR_RGB('',0.0,0.443137288093567,0.709803938865662);
#8539=CARTESIAN_POINT('',(2.04999999561363,51.3000000053187,35.2500000027578));
#8540=VECTOR('',#9681,1.0);
#8541=COLOUR_RGB('',0.0,0.443137288093567,0.709803938865662);
#8542=CARTESIAN_POINT('',(3.24999999558849,51.300000005304,35.2500000027611));
#8543=VECTOR('',#9682,1.0);
#8544=COLOUR_RGB('',0.0,0.443137288093567,0.709803938865662);
#8545=COLOUR_RGB('',0.0,0.443137288093567,0.709803938865662);
#8546=CARTESIAN_POINT('',(4.54999999553331,40.7000000044414,35.1500000027704));
#8547=CARTESIAN_POINT('',(4.54999999553305,40.700000004442,35.2500000027704));
#8548=VECTOR('',#9683,1.0);
#8549=CARTESIAN_POINT('',(3.64999999559834,40.70000000445,35.1500000027679));
#8550=CARTESIAN_POINT('',(2.6784891364902,40.7000000044593,35.1500000027652));
#8551=VECTOR('',#9684,1.0);
#8552=CARTESIAN_POINT('',(3.64999999559805,40.7000000044506,35.2500000027678));
#8553=VECTOR('',#9685,1.0);
#8554=COLOUR_RGB('',0.0,0.443137288093567,0.709803938865662);
#8555=CARTESIAN_POINT('',(3.24999999558959,41.1000000044633,35.1500000027665));
#8556=CARTESIAN_POINT('',(4.00705467677452,40.3429453232698,35.150000002769));
#8557=VECTOR('',#9686,1.0);
#8558=CARTESIAN_POINT('',(3.24999999558953,41.1000000044636,35.2500000027665));
#8559=VECTOR('',#9687,1.0);
#8560=COLOUR_RGB('',0.0,0.443137288093567,0.709803938865662);
#8561=CARTESIAN_POINT('',(1.09999999587095,46.3500000045804,28.1278269629566));
#8562=CARTESIAN_POINT('',(4.30000001364827,46.3500000045711,27.9851139342815));
#8563=CARTESIAN_POINT('',(4.27449920594921,46.3500000045708,27.9490940481438));
#8564=CARTESIAN_POINT('',(4.24885991942503,46.3500000045706,27.9131756598087));
#8565=CARTESIAN_POINT('',(4.22306354615959,46.3500000045703,27.8773752667071));
#8566=CARTESIAN_POINT('',(4.19726717126698,46.3500000045701,27.8415748713474));
#8567=CARTESIAN_POINT('',(4.17131373724516,46.3500000045699,27.8058923639179));
#8568=CARTESIAN_POINT('',(4.14518037487799,46.3500000045695,27.7703471252311));
#8569=CARTESIAN_POINT('',(4.1190470180682,46.3500000045693,27.7348018941031));
#8570=CARTESIAN_POINT('',(4.09273376036712,46.350000004569,27.6993937738549));
#8571=CARTESIAN_POINT('',(4.06621246890886,46.3500000045688,27.6641461930676));
#8572=CARTESIAN_POINT('',(4.03969119550021,46.3500000045685,27.6288986362687));
#8573=CARTESIAN_POINT('',(4.01296191235576,46.3500000045683,27.5938113857604));
#8574=CARTESIAN_POINT('',(3.98598993240443,46.3500000045681,27.5589136095893));
#8575=CARTESIAN_POINT('',(3.9590179909108,46.3500000045679,27.5240158831766));
#8576=CARTESIAN_POINT('',(3.93180336597849,46.3500000045705,27.4893072831737));
#8577=CARTESIAN_POINT('',(3.9043031174149,46.3500000045702,27.4548251729102));
#8578=CARTESIAN_POINT('',(3.8768007707678,46.35000000457,27.4203404318942));
#8579=CARTESIAN_POINT('',(3.8490289351906,46.3500000045874,27.3861008613494));
#8580=CARTESIAN_POINT('',(3.82086154929029,46.3500000045872,27.352069113889));
#8581=CARTESIAN_POINT('',(3.79269924028861,46.350000004587,27.3180435003215));
#8582=CARTESIAN_POINT('',(3.76416911499428,46.3500000045662,27.2842598511859));
#8583=CARTESIAN_POINT('',(3.73523119710079,46.350000004566,27.250819560607));
#8584=CARTESIAN_POINT('',(3.70629319048518,46.3500000045657,27.217379167502));
#8585=CARTESIAN_POINT('',(3.67694743682641,46.3500000045656,27.184281171297));
#8586=CARTESIAN_POINT('',(3.64713032661273,46.3500000045653,27.1516403460143));
#8587=CARTESIAN_POINT('',(3.62685802533939,46.3500000045652,27.1294482341966));
#8588=CARTESIAN_POINT('',(3.60636709696542,46.3500000045651,27.1074673783631));
#8589=CARTESIAN_POINT('',(3.58562920768429,46.3500000045649,27.0857394571421));
#8590=CARTESIAN_POINT('',(3.56489132729733,46.3500000045648,27.0640115452399));
#8591=CARTESIAN_POINT('',(3.54390635408034,46.3500000045646,27.0425361302542));
#8592=CARTESIAN_POINT('',(3.52263790083932,46.3500000045645,27.021362410831));
#8593=CARTESIAN_POINT('',(3.50136950976657,46.3500000045643,27.0001887532993));
#8594=CARTESIAN_POINT('',(3.47981736470734,46.3500000045643,26.9793161271077));
#8595=CARTESIAN_POINT('',(3.45793592765865,46.350000004564,26.9588052879735));
#8596=CARTESIAN_POINT('',(3.43605464720299,46.350000004564,26.9382945956237));
#8597=CARTESIAN_POINT('',(3.41384355396708,46.3500000045725,26.9181447031539));
#8598=CARTESIAN_POINT('',(3.3912472320303,46.3500000045724,26.898433830348));
#8599=CARTESIAN_POINT('',(3.3799470438531,46.3500000045724,26.8885766256016));
#8600=CARTESIAN_POINT('',(3.36855925639347,46.3500000045638,26.878836985698));
#8601=CARTESIAN_POINT('',(3.35705003125101,46.3500000045638,26.8692051832069));
#8602=CARTESIAN_POINT('',(3.34553956707783,46.3500000045638,26.8595723437999));
#8603=CARTESIAN_POINT('',(3.3339069817196,46.3500000045635,26.85004720279));
#8604=CARTESIAN_POINT('',(3.32215249528512,46.3500000045634,26.8406523817448));
#8605=CARTESIAN_POINT('',(3.29864358661073,46.3500000045633,26.8218627909621));
#8606=CARTESIAN_POINT('',(3.27464770438671,46.3500000045632,26.8035932380853));
#8607=CARTESIAN_POINT('',(3.25015499114875,46.3500000045631,26.7860341218679));
#8608=CARTESIAN_POINT('',(3.22566226361894,46.350000004563,26.7684749954045));
#8609=CARTESIAN_POINT('',(3.20067131720964,46.3500000045629,26.7516247832474));
#8610=CARTESIAN_POINT('',(3.17515542599826,46.3500000045629,26.7356919338596));
#8611=CARTESIAN_POINT('',(3.14963976903465,46.3500000045628,26.7197592307429));
#8612=CARTESIAN_POINT('',(3.1235964909308,46.3500000045784,26.7047417887839));
#8613=CARTESIAN_POINT('',(3.09698613801883,46.3500000045783,26.6908763896733));
#8614=CARTESIAN_POINT('',(3.08041845856046,46.3500000045783,26.6822437537671));
#8615=CARTESIAN_POINT('',(3.06365016518446,46.3500000045626,26.6740671050169));
#8616=CARTESIAN_POINT('',(3.04661366663545,46.3500000045626,26.6663846825311));
#8617=CARTESIAN_POINT('',(3.02956620190155,46.3500000045626,26.6586973149643));
#8618=CARTESIAN_POINT('',(3.01221674434969,46.3500000045689,26.6514924544267));
#8619=CARTESIAN_POINT('',(2.99461222868002,46.3500000045689,26.6448735027571));
#8620=CARTESIAN_POINT('',(2.97700783493732,46.3500000045689,26.6382545969296));
#8621=CARTESIAN_POINT('',(2.95914943031981,46.350000004572,26.6322224994645));
#8622=CARTESIAN_POINT('',(2.94109426236633,46.350000004572,26.6268699497272));
#8623=CARTESIAN_POINT('',(2.92303907555663,46.350000004572,26.6215173943997));
#8624=CARTESIAN_POINT('',(2.90478912241183,46.3500000045648,26.6168454446375));
#8625=CARTESIAN_POINT('',(2.88640945717654,46.3500000045648,26.6129276999444));
#8626=CARTESIAN_POINT('',(2.86802955519426,46.3500000045649,26.6090099047872));
#8627=CARTESIAN_POINT('',(2.84952296544759,46.3500000045626,26.6058472027785));
#8628=CARTESIAN_POINT('',(2.83095543935222,46.3500000045626,26.6034867513318));
#8629=CARTESIAN_POINT('',(2.81237746439391,46.3500000045626,26.6011249715427));
#8630=CARTESIAN_POINT('',(2.79378785111051,46.3500000045625,26.5995683341765));
#8631=CARTESIAN_POINT('',(2.77510162817109,46.3500000045626,26.5988299567843));
#8632=CARTESIAN_POINT('',(2.75641197727163,46.3500000045627,26.5980914439378));
#8633=CARTESIAN_POINT('',(2.73763381969582,46.3500000045627,26.5981769390817));
#8634=CARTESIAN_POINT('',(2.71885536209221,46.3500000045628,26.5990974672422));
#8635=CARTESIAN_POINT('',(2.70007730190383,46.3500000045629,26.600017975921));
#8636=CARTESIAN_POINT('',(2.68130425728489,46.350000004563,26.601773466159));
#8637=CARTESIAN_POINT('',(2.66263403744638,46.350000004563,26.6043337854697));
#8638=CARTESIAN_POINT('',(2.64396386931945,46.3500000045631,26.606894097689));
#8639=CARTESIAN_POINT('',(2.62540119685258,46.3500000045634,26.6102582060555));
#8640=CARTESIAN_POINT('',(2.60703736883219,46.3500000045634,26.6143575696555));
#8641=CARTESIAN_POINT('',(2.58867329968302,46.3500000045635,26.6184569870827));
#8642=CARTESIAN_POINT('',(2.570511353021,46.3500000045634,26.6232901630484));
#8643=CARTESIAN_POINT('',(2.55262554311439,46.3500000045635,26.6287614121659));
#8644=CARTESIAN_POINT('',(2.51690594234963,46.3500000045637,26.6396879978328));
#8645=CARTESIAN_POINT('',(2.48201779239582,46.3500000045639,26.6532328583955));
#8646=CARTESIAN_POINT('',(2.44795611127425,46.3500000045641,26.6688542469329));
#8647=CARTESIAN_POINT('',(2.41390040552559,46.3500000045643,26.6844728950413));
#8648=CARTESIAN_POINT('',(2.38069614097475,46.3500000045645,26.7021566838026));
#8649=CARTESIAN_POINT('',(2.34841169808026,46.3500000045647,26.7213333445265));
#8650=CARTESIAN_POINT('',(2.31612400050534,46.350000004565,26.7405119385007));
#8651=CARTESIAN_POINT('',(2.28476810634137,46.3500000045658,26.7611737839838));
#8652=CARTESIAN_POINT('',(2.25438396514164,46.350000004566,26.7827923386834));
#8653=CARTESIAN_POINT('',(2.23929168998114,46.3500000045662,26.7935306107956));
#8654=CARTESIAN_POINT('',(2.22439308822462,46.3500000045658,26.8045382215533));
#8655=CARTESIAN_POINT('',(2.20967044125165,46.350000004566,26.8157810773298));
#8656=CARTESIAN_POINT('',(2.1949477340366,46.3500000045661,26.8270239791097));
#8657=CARTESIAN_POINT('',(2.18040079880386,46.3500000045662,26.8385023339014));
#8658=CARTESIAN_POINT('',(2.16601356488221,46.3500000045664,26.8501873460467));
#8659=CARTESIAN_POINT('',(2.15162629706225,46.3500000045665,26.8618723857236));
#8660=CARTESIAN_POINT('',(2.1373986055038,46.3500000045666,26.8737642502626));
#8661=CARTESIAN_POINT('',(2.1233163689043,46.3500000045669,26.885838220703));
#8662=CARTESIAN_POINT('',(2.10923411694707,46.350000004567,26.897912204311));
#8663=CARTESIAN_POINT('',(2.09529723695937,46.3500000045671,26.9101684247069));
#8664=CARTESIAN_POINT('',(2.08149365133109,46.3500000045672,26.9225852288052));
#8665=CARTESIAN_POINT('',(2.05388672678151,46.3500000045675,26.9474186150803));
#8666=CARTESIAN_POINT('',(2.02681026765274,46.3500000045678,26.9728936032979));
#8667=CARTESIAN_POINT('',(2.00019220530347,46.3500000045681,26.9988610477471));
#8668=CARTESIAN_POINT('',(1.97357419575028,46.3500000045684,27.0248284406909));
#8669=CARTESIAN_POINT('',(1.94741395593237,46.3500000045687,27.0512900758893));
#8670=CARTESIAN_POINT('',(1.92166616780992,46.350000004569,27.0781170137435));
#8671=CARTESIAN_POINT('',(1.89591848238723,46.3500000045693,27.1049438445937));
#8672=CARTESIAN_POINT('',(1.87058315950147,46.3500000045714,27.1321368581936));
#8673=CARTESIAN_POINT('',(1.84563536286856,46.3500000045716,27.1595788582061));
#8674=CARTESIAN_POINT('',(1.82069450560662,46.350000004572,27.1870132250708));
#8675=CARTESIAN_POINT('',(1.79612387019907,46.350000004586,27.2147143473377));
#8676=CARTESIAN_POINT('',(1.77182114892649,46.3500000045863,27.242686184666));
#8677=CARTESIAN_POINT('',(1.7475224840319,46.3500000045867,27.2706533532025));
#8678=CARTESIAN_POINT('',(1.72350973261621,46.3500000045715,27.2988716564895));
#8679=CARTESIAN_POINT('',(1.69974208328677,46.3500000045718,27.3272999696636));
#8680=CARTESIAN_POINT('',(1.67597440204065,46.3500000045721,27.355728321013));
#8681=CARTESIAN_POINT('',(1.65245178020942,46.3500000045725,27.3843670690196));
#8682=CARTESIAN_POINT('',(1.6291414561304,46.3500000045727,27.4131831350781));
#8683=CARTESIAN_POINT('',(1.60583112407216,46.3500000045731,27.4419992110003));
#8684=CARTESIAN_POINT('',(1.58273308330318,46.3500000045733,27.470992860544));
#8685=CARTESIAN_POINT('',(1.55982115670806,46.3500000045737,27.5001364899843));
#8686=CARTESIAN_POINT('',(1.53690923454996,46.3500000045739,27.5292801137808));
#8687=CARTESIAN_POINT('',(1.51418343921934,46.3500000045743,27.558573885365));
#8688=CARTESIAN_POINT('',(1.49162296444461,46.3500000045746,27.587993996963));
#8689=CARTESIAN_POINT('',(1.46906249883572,46.350000004575,27.6174140966082));
#8690=CARTESIAN_POINT('',(1.44666737636837,46.3500000045858,27.6469606445083));
#8691=CARTESIAN_POINT('',(1.42442114256064,46.350000004586,27.6766125263319));
#8692=CARTESIAN_POINT('',(1.40217491750707,46.3500000045864,27.7062643964871));
#8693=CARTESIAN_POINT('',(1.3800776086849,46.3500000045762,27.736021667675));
#8694=CARTESIAN_POINT('',(1.35811624422249,46.3500000045766,27.7658652569993));
#8695=CARTESIAN_POINT('',(1.31419774123818,46.3500000045772,27.8255466929617));
#8696=CARTESIAN_POINT('',(1.27080009933148,46.3500000045802,27.8855997927872));
#8697=CARTESIAN_POINT('',(1.22781086382935,46.3500000045809,27.9459505269303));
#8698=CARTESIAN_POINT('',(1.1848220992232,46.3500000045815,28.006300600003));
#8699=CARTESIAN_POINT('',(1.14224448694977,46.350000004589,28.0669461716371));
#8700=CARTESIAN_POINT('',(1.09999999587538,46.3500000045897,28.1278269629132));
#8701=CARTESIAN_POINT('',(1.09999999587189,46.7622086654526,27.7893129997769));
#8702=CARTESIAN_POINT('',(1.09999999587189,46.7622086640798,27.7893130006919));
#8703=CARTESIAN_POINT('',(1.09999999587181,46.7250742004925,27.8140599236581));
#8704=CARTESIAN_POINT('',(1.09999999587174,46.6886942845795,27.8400081684699));
#8705=CARTESIAN_POINT('',(1.09999999587167,46.6530525507106,27.8668574721592));
#8706=CARTESIAN_POINT('',(1.09999999587159,46.6174109251025,27.8937066942944));
#8707=CARTESIAN_POINT('',(1.09999999587152,46.5825062730117,27.9214584971671));
#8708=CARTESIAN_POINT('',(1.09999999587144,46.548345188656,27.9498316960998));
#8709=CARTESIAN_POINT('',(1.09999999587136,46.5141817375728,27.9782068607673));
#8710=CARTESIAN_POINT('',(1.09999999587128,46.4806272423602,28.0073140063121));
#8711=CARTESIAN_POINT('',(1.0999999958712,46.4475961715911,28.037018902611));
#8712=CARTESIAN_POINT('',(1.09999999587112,46.4145648498284,28.066724024629));
#8713=CARTESIAN_POINT('',(1.09999999587103,46.3820559507787,28.0970286060514));
#8714=CARTESIAN_POINT('',(1.09999999587095,46.3500000045862,28.1278269629627));
#8715=CARTESIAN_POINT('',(1.09999999587254,47.4500000044214,27.5509618971204));
#8716=CARTESIAN_POINT('',(1.09999999587254,47.450000004419,27.5509618963871));
#8717=CARTESIAN_POINT('',(1.09999999587254,47.4345718071061,27.550961896387));
#8718=CARTESIAN_POINT('',(1.09999999587255,47.4191281420363,27.5513371953083));
#8719=CARTESIAN_POINT('',(1.09999999587254,47.4036953236387,27.5520870478623));
#8720=CARTESIAN_POINT('',(1.09999999587254,47.3882625227539,27.5528368995653));
#8721=CARTESIAN_POINT('',(1.09999999587254,47.3728409939568,27.5539612812825));
#8722=CARTESIAN_POINT('',(1.09999999587254,47.357457219363,27.5554533889038));
#8723=CARTESIAN_POINT('',(1.09999999587254,47.3420734291895,27.5569454980361));
#8724=CARTESIAN_POINT('',(1.09999999587255,47.3267277893416,27.5588052656874));
#8725=CARTESIAN_POINT('',(1.09999999587253,47.3114456893635,27.5610201648949));
#8726=CARTESIAN_POINT('',(1.09999999587253,47.2961635434916,27.5632350707538));
#8727=CARTESIAN_POINT('',(1.09999999587253,47.2809452815582,27.5658050079032));
#8728=CARTESIAN_POINT('',(1.09999999587252,47.2658141151682,27.568712485276));
#8729=CARTESIAN_POINT('',(1.0999999958725,47.2355473071989,27.5745282999361));
#8730=CARTESIAN_POINT('',(1.09999999587247,47.2056485889322,27.5816928532793));
#8731=CARTESIAN_POINT('',(1.09999999587244,47.1762262428909,27.5900344352548));
#8732=CARTESIAN_POINT('',(1.09999999587242,47.1467778932017,27.5983833895709));
#8733=CARTESIAN_POINT('',(1.09999999587239,47.1176507677977,27.6079532493796));
#8734=CARTESIAN_POINT('',(1.09999999587236,47.0888742823653,27.6186097013035));
#8735=CARTESIAN_POINT('',(1.09999999587233,47.0600979322169,27.6292661031294));
#8736=CARTESIAN_POINT('',(1.09999999587229,47.0316730735515,27.6410084613319));
#8737=CARTESIAN_POINT('',(1.09999999587226,47.0036282066267,27.6536934299511));
#8738=CARTESIAN_POINT('',(1.09999999587223,46.9755833844465,27.6663783783319));
#8739=CARTESIAN_POINT('',(1.09999999587219,46.9479188410504,27.6800055097934));
#8740=CARTESIAN_POINT('',(1.09999999587215,46.9206613682107,27.6944274563406));
#8741=CARTESIAN_POINT('',(1.09999999587207,46.8661467399336,27.7232711814973));
#8742=CARTESIAN_POINT('',(1.09999999587229,46.8132588458037,27.755292449689));
#8743=CARTESIAN_POINT('',(1.0999999958722,46.7622086654525,27.7893129997757));
#8744=CARTESIAN_POINT('',(0.349999995569352,47.4500000044372,28.850000003314));
#8745=CARTESIAN_POINT('',(1.31010090027429,47.4500000044142,27.1870564552489));
#8746=VECTOR('',#9688,2.8797981904698);
#8747=AXIS2_PLACEMENT_3D('',#9689,#9690,#9691);
#8748=COLOUR_RGB('',0.0,0.443137288093567,0.709803938865662);
#8749=CARTESIAN_POINT('',(4.30000001366956,46.3500000044742,17.0500000318014));
#8750=CARTESIAN_POINT('',(1.09999999590164,46.3500000044823,17.0500000317926));
#8751=CARTESIAN_POINT('',(2.67848913654035,46.3500000044783,17.0500000317969));
#8752=VECTOR('',#9692,1.0);
#8753=CARTESIAN_POINT('',(1.09999999585122,46.3500000046435,35.2500000027578));
#8754=VECTOR('',#9693,1.0);
#8755=CARTESIAN_POINT('',(4.30000001361274,46.3500000046354,35.2500000027667));
#8756=VECTOR('',#9694,1.0);
#8757=COLOUR_RGB('',0.823529481887817,0.823529481887817,0.784313797950745);
#8758=CARTESIAN_POINT('',(1.09999999590164,48.7999998327696,17.0500000317913));
#8759=CARTESIAN_POINT('',(1.09999999590164,-4.65130990652351,17.0500000318195));
#8760=VECTOR('',#9695,1.0);
#8761=CARTESIAN_POINT('',(4.19813094768651,48.7999998327782,17.0500000317998));
#8762=CARTESIAN_POINT('',(6.42059436821966,-4.65130990657398,17.0500000318343));
#8763=VECTOR('',#9696,1.0);
#8764=CARTESIAN_POINT('',(2.67848913654078,48.799999832774,17.0500000319098));
#8765=VECTOR('',#9697,1.0);
#8766=COLOUR_RGB('',0.0,0.443137288093567,0.709803938865662);
#8767=CARTESIAN_POINT('',(4.1702619745803,49.4702619834928,27.153043972296));
#8768=CARTESIAN_POINT('',(4.54976862285137,40.3429453232659,27.8103687690195));
#8769=VECTOR('',#9698,1.0);
#8770=CARTESIAN_POINT('',(8.84504171840143,54.1450417273784,35.2500000027751));
#8771=VECTOR('',#9699,1.0);
#8772=COLOUR_RGB('',0.0,0.443137288093567,0.709803938865662);
#8773=CARTESIAN_POINT('',(4.93174241848363,49.050000004422,29.303730359801));
#8774=CARTESIAN_POINT('',(4.9442379574561,49.0500000044221,29.3250961880342));
#8775=CARTESIAN_POINT('',(4.95673304944792,49.0500000044222,29.3464623696841));
#8776=CARTESIAN_POINT('',(4.96913663906013,49.0500000044223,29.3678807513169));
#8777=CARTESIAN_POINT('',(4.98154094286079,49.0500000044224,29.3893003662024));
#8778=CARTESIAN_POINT('',(4.99385147731341,49.0500000044225,29.4107665728163));
#8779=CARTESIAN_POINT('',(5.00595854031557,49.0500000044226,29.4323624080289));
#8780=CARTESIAN_POINT('',(5.01201430193764,49.0500000044228,29.443164303588));
#8781=CARTESIAN_POINT('',(5.01802356696898,49.0500000044228,29.4540077309563));
#8782=CARTESIAN_POINT('',(5.02396348720083,49.0500000044229,29.4648957655486));
#8783=CARTESIAN_POINT('',(5.02990341227453,49.0500000044229,29.4757838090162));
#8784=CARTESIAN_POINT('',(5.03577402984335,49.050000004423,29.4867164716475));
#8785=CARTESIAN_POINT('',(5.04154991472401,49.050000004423,29.497698638071));
#8786=CARTESIAN_POINT('',(5.04732580647516,49.0500000044231,29.5086808175579));
#8787=CARTESIAN_POINT('',(5.05300702765961,49.0500000044233,29.5197125501018));
#8788=CARTESIAN_POINT('',(5.05856523046178,49.0500000044233,29.5308008327947));
#8789=CARTESIAN_POINT('',(5.0641234371586,49.0500000044234,29.5418891232571));
#8790=CARTESIAN_POINT('',(5.06955871423235,49.0500000044235,29.553034063705));
#8791=CARTESIAN_POINT('',(5.07483924188369,49.0500000044236,29.5642448092827));
#8792=CARTESIAN_POINT('',(5.08011976548194,49.0500000044237,29.5754555462556));
#8793=CARTESIAN_POINT('',(5.08524565131734,49.0500000044237,29.5867322549338));
#8794=CARTESIAN_POINT('',(5.09018090546049,49.0500000044238,29.5980859426284));
#8795=CARTESIAN_POINT('',(5.09511614359845,49.0500000044239,29.6094395935027));
#8796=CARTESIAN_POINT('',(5.09986086877228,49.0500000044237,29.6208704696604));
#8797=CARTESIAN_POINT('',(5.10437421320233,49.0500000044238,29.6323906549114));
#8798=CARTESIAN_POINT('',(5.10888794234495,49.0500000044239,29.6439118221306));
#8799=CARTESIAN_POINT('',(5.1131687385093,49.0500000044239,29.6555179960441));
#8800=CARTESIAN_POINT('',(5.11717502716557,49.0500000044239,29.6672341886447));
#8801=CARTESIAN_POINT('',(5.12118346753791,49.050000004424,29.6789566738325));
#8802=CARTESIAN_POINT('',(5.12492604936263,49.0500000044241,29.6908180782214));
#8803=CARTESIAN_POINT('',(5.12833760646786,49.0500000044242,29.7027948623112));
#8804=CARTESIAN_POINT('',(5.13174914276178,49.0500000044242,29.7147715733398));
#8805=CARTESIAN_POINT('',(5.13482913034415,49.0500000044244,29.726863303217));
#8806=CARTESIAN_POINT('',(5.13751762626382,49.0500000044244,29.7390411951993));
#8807=CARTESIAN_POINT('',(5.14020612227147,49.0500000044245,29.7512190875801));
#8808=CARTESIAN_POINT('',(5.14250244184748,49.0500000044245,29.7634820888798));
#8809=CARTESIAN_POINT('',(5.14435878399924,49.0500000044246,29.7757965206718));
#8810=CARTESIAN_POINT('',(5.1462151453373,49.0500000044247,29.7881110797401));
#8811=CARTESIAN_POINT('',(5.14763092242297,49.0500000044247,29.8004751760952));
#8812=CARTESIAN_POINT('',(5.14857717080966,49.0500000044248,29.8128540184642));
#8813=CARTESIAN_POINT('',(5.14952344313732,49.0500000044248,29.8252331740295));
#8814=CARTESIAN_POINT('',(5.14999999574168,49.0500000044249,29.8376245688276));
#8815=CARTESIAN_POINT('',(5.14999999574138,49.050000004425,29.850000002822));
#8816=COLOUR_RGB('',0.0,0.443137288093567,0.709803938865662);
#8817=CARTESIAN_POINT('',(0.349999995524453,47.450000004414,29.083609143653));
#8818=VECTOR('',#9700,1.0);
#8819=COLOUR_RGB('',0.0,0.443137288093567,0.709803938865662);
#8820=COLOUR_RGB('',0.0,0.443137288093567,0.709803938865662);
#8821=CARTESIAN_POINT('',(0.349999995570263,48.0500000044416,28.850000003317));
#8822=CARTESIAN_POINT('',(0.349999995547059,48.0500000044527,31.5713691353675));
#8823=VECTOR('',#9701,1.0);
#8824=CARTESIAN_POINT('',(0.349999995590764,61.4638443782039,28.8500000026934));
#8825=VECTOR('',#9702,1.0);
#8826=COLOUR_RGB('',0.0,0.443137288093567,0.709803938865662);
#8827=CARTESIAN_POINT('',(1.05294372091602,49.7470562794906,27.6324657561775));
#8828=CARTESIAN_POINT('',(1.09999999587255,49.700000004533,27.550961897138));
#8829=CARTESIAN_POINT('',(16.5882866324056,34.211713367661,0.724462520523582));
#8830=VECTOR('',#9703,1.0);
#8831=AXIS2_PLACEMENT_3D('',#9704,#9705,#9706);
#8832=CARTESIAN_POINT('',(1.09999999587255,40.3429453232658,27.5509618970652));
#8833=VECTOR('',#9707,1.0);
#8834=COLOUR_RGB('',0.0,0.443137288093567,0.709803938865662);
#8835=AXIS2_PLACEMENT_3D('',#9708,#9709,#9710);
#8836=CARTESIAN_POINT('',(1.09999999587494,49.2000000042141,26.6849364928182));
#8837=CARTESIAN_POINT('',(1.09999999594686,34.211713367699,0.724462520477013));
#8838=VECTOR('',#9711,1.0);
#8839=CARTESIAN_POINT('',(4.18149925512415,49.2000000042138,26.68493649284));
#8840=CARTESIAN_POINT('',(2.67848913651365,49.200000004214,26.6849364928293));
#8841=VECTOR('',#9712,1.0);
#8842=CARTESIAN_POINT('',(3.97588830943125,54.145041727391,35.2500000027617));
#8843=VECTOR('',#9713,1.0);
#8844=COLOUR_RGB('',0.0,0.443137288093567,0.709803938865662);
#8845=CARTESIAN_POINT('',(1.09999999588349,48.7999998353683,23.5999996058993));
#8846=CARTESIAN_POINT('',(1.09999999585166,48.7999998399904,35.2500000028706));
#8847=VECTOR('',#9714,1.0);
#8848=CARTESIAN_POINT('',(1.09999999588091,49.0499998356926,24.533012306887));
#8849=CARTESIAN_POINT('',(1.09999999585122,51.921608040603,35.2500000027549));
#8850=VECTOR('',#9715,1.0);
#8851=CARTESIAN_POINT('',(1.09999999587884,49.0499998361323,25.280384361815));
#8852=CARTESIAN_POINT('',(1.09999999585122,49.0499998419987,35.2500000027564));
#8853=VECTOR('',#9716,1.0);
#8854=CARTESIAN_POINT('',(1.09999999587812,49.2000000042045,25.5401922739674));
#8855=CARTESIAN_POINT('',(1.09999999585122,54.8059601121883,35.2500000027533));
#8856=VECTOR('',#9717,1.0);
#8857=CARTESIAN_POINT('',(1.09999999585122,49.2000000042868,35.2500000027563));
#8858=VECTOR('',#9718,1.0);
#8859=COLOUR_RGB('',0.0,0.443137288093567,0.709803938865662);
#8860=CARTESIAN_POINT('',(4.18773614416458,49.0499998357011,24.5330123068942));
#8861=CARTESIAN_POINT('',(4.18773614414423,49.0499998361409,25.2803843618224));
#8862=CARTESIAN_POINT('',(4.18773614387287,49.0499998420072,35.250000002765));
#8863=VECTOR('',#9719,1.0);
#8864=CARTESIAN_POINT('',(4.19813094756043,48.799999835377,23.5999996059065));
#8865=CARTESIAN_POINT('',(4.06833693343963,51.9216080406115,35.2500000027631));
#8866=VECTOR('',#9720,1.0);
#8867=CARTESIAN_POINT('',(4.19813094803526,48.7999998255903,-1.06675383054372));
#8868=VECTOR('',#9721,1.0);
#8869=CARTESIAN_POINT('',(4.1814992551277,49.2000000042041,25.5401922739594));
#8870=CARTESIAN_POINT('',(4.18149925509754,49.2000000042865,35.2500000027648));
#8871=VECTOR('',#9722,1.0);
#8872=CARTESIAN_POINT('',(3.94840784279065,54.8059601121968,35.2500000027612));
#8873=VECTOR('',#9723,1.0);
#8874=COLOUR_RGB('',0.823529481887817,0.823529481887817,0.784313797950745);
#8875=CARTESIAN_POINT('',(2.67848913651683,49.2000000042043,25.5401922739634));
#8876=VECTOR('',#9724,1.0);
#8877=COLOUR_RGB('',0.823529481887817,0.823529481887817,0.784313797950745);
#8878=CARTESIAN_POINT('',(2.67848913651961,49.049999835697,24.5330123068907));
#8879=VECTOR('',#9725,1.0);
#8880=CARTESIAN_POINT('',(2.67848913651755,49.0499998361367,25.2803843618188));
#8881=VECTOR('',#9726,1.0);
#8882=COLOUR_RGB('',0.823529481887817,0.823529481887817,0.784313797950745);
#8883=COLOUR_RGB('',0.823529481887817,0.823529481887817,0.784313797950745);
#8884=CARTESIAN_POINT('',(2.67848913652264,48.7999998353726,23.5999996058762));
#8885=VECTOR('',#9727,1.0);
#8886=COLOUR_RGB('',0.0,0.443137288093567,0.709803938865662);
#8887=CARTESIAN_POINT('',(2.6784891364902,41.1000000044702,35.150000002765));
#8888=VECTOR('',#9728,1.0);
#8889=COLOUR_RGB('',0.823529481887817,0.823529481887817,0.784313797950745);
#8890=COLOUR_RGB('',0.0,0.443137288093567,0.709803938865662);
#8891=COLOUR_RGB('',0.0,0.443137288093567,0.709803938865662);
#8892=COLOUR_RGB('',0.0,0.443137288093567,0.709803938865662);
#8893=COLOUR_RGB('',0.980392217636108,0.517647087574005,0.168627455830574);
#8894=CARTESIAN_POINT('',(0.749999995560266,43.1000000006273,34.7500000028161));
#8895=CARTESIAN_POINT('',(5.14999999613866,43.1000000004977,34.7500000028234));
#8896=VECTOR('',#9729,1.0);
#8897=CARTESIAN_POINT('',(0.749999995551999,42.3000000006273,34.7500000028207));
#8898=CARTESIAN_POINT('',(0.749999995089013,-2.47802318026041,34.750000003075));
#8899=VECTOR('',#9730,1.0);
#8900=CARTESIAN_POINT('',(5.14999999614087,42.3000000004977,34.7500000028279));
#8901=VECTOR('',#9731,1.0);
#8902=CARTESIAN_POINT('',(3.56651513903715,42.3000000005444,34.7500000028253));
#8903=AXIS2_PLACEMENT_3D('',#9732,#9733,#9734);
#8904=CARTESIAN_POINT('',(4.54999999553998,42.3000000005154,34.750000002827));
#8905=CARTESIAN_POINT('',(5.14999999614087,42.3000000004977,34.7500000028279));
#8906=VECTOR('',#9735,1.0);
#8907=CARTESIAN_POINT('',(4.54999999554279,43.1000000005154,34.7500000028224));
#8908=CARTESIAN_POINT('',(4.54999999538247,-2.47802318029699,34.7500000030812));
#8909=VECTOR('',#9736,1.0);
#8910=CARTESIAN_POINT('',(3.56651513906137,43.1000000005443,34.7500000028207));
#8911=CARTESIAN_POINT('',(5.14999999613866,43.1000000004977,34.7500000028234));
#8912=VECTOR('',#9737,1.0);
#8913=AXIS2_PLACEMENT_3D('',#9738,#9739,#9740);
#8914=COLOUR_RGB('',0.980392217636108,0.517647087574005,0.168627455830574);
#8915=CARTESIAN_POINT('',(3.56651513906165,43.1000000005486,35.1500000027663));
#8916=CARTESIAN_POINT('',(3.56651513906174,43.1000000005496,35.2500000049747));
#8917=VECTOR('',#9741,1.0);
#8918=AXIS2_PLACEMENT_3D('',#9742,#9743,#9744);
#8919=COLOUR_RGB('',0.980392217636108,0.517647087574005,0.168627455830574);
#8920=CARTESIAN_POINT('',(4.54999999554176,43.1000000005196,35.1500000027691));
#8921=CARTESIAN_POINT('',(4.54999999563387,43.1000000001456,-0.36688185421153));
#8922=VECTOR('',#9745,1.0);
#8923=CARTESIAN_POINT('',(5.14999999609763,43.1000000005019,35.1500000027707));
#8924=VECTOR('',#9746,1.0);
#8925=COLOUR_RGB('',0.980392217636108,0.517647087574005,0.168627455830574);
#8926=CARTESIAN_POINT('',(0.749999995559262,43.1000000006315,35.1500000027586));
#8927=CARTESIAN_POINT('',(0.749999995648682,43.1000000002575,-0.366881854616287));
#8928=VECTOR('',#9747,1.0);
#8929=CARTESIAN_POINT('',(5.14999999609763,43.1000000005019,35.1500000027707));
#8930=VECTOR('',#9748,1.0);
#8931=COLOUR_RGB('',0.980392217636108,0.517647087574005,0.168627455830574);
#8932=CARTESIAN_POINT('',(0.749999995550994,42.3000000006315,35.150000002759));
#8933=CARTESIAN_POINT('',(0.74999999564016,42.3000000002586,-0.268654205812401));
#8934=VECTOR('',#9749,1.0);
#8935=CARTESIAN_POINT('',(5.14999999609984,42.3000000005019,35.1500000027711));
#8936=VECTOR('',#9750,1.0);
#8937=COLOUR_RGB('',0.980392217636108,0.517647087574005,0.168627455830574);
#8938=CARTESIAN_POINT('',(3.56651513903966,42.3000000005486,35.1500000027668));
#8939=AXIS2_PLACEMENT_3D('',#9751,#9752,#9753);
#8940=CARTESIAN_POINT('',(3.56651513903966,42.3000000005486,35.1500000027668));
#8941=CARTESIAN_POINT('',(3.56651513903945,42.3000000005482,35.1166666694383));
#8942=CARTESIAN_POINT('',(3.56651513903924,42.3000000005478,35.0833333361098));
#8943=CARTESIAN_POINT('',(3.56651513903903,42.3000000005475,35.0500000027815));
#8944=CARTESIAN_POINT('',(3.56651513903883,42.3000000005472,35.016666669453));
#8945=CARTESIAN_POINT('',(3.56651513903862,42.3000000005468,34.9833333361245));
#8946=CARTESIAN_POINT('',(3.56651513903841,42.3000000005465,34.9500000027961));
#8947=CARTESIAN_POINT('',(3.5665151390382,42.3000000005461,34.9166666694676));
#8948=CARTESIAN_POINT('',(3.56651513903798,42.3000000005458,34.8833333361391));
#8949=CARTESIAN_POINT('',(3.56651513903777,42.3000000005454,34.8500000028106));
#8950=CARTESIAN_POINT('',(3.56651513903757,42.3000000005451,34.8166666694823));
#8951=CARTESIAN_POINT('',(3.56651513903736,42.3000000005447,34.7833333361538));
#8952=CARTESIAN_POINT('',(3.56651513903715,42.3000000005444,34.7500000028253));
#8953=COLOUR_RGB('',0.980392217636108,0.517647087574005,0.168627455830574);
#8954=CARTESIAN_POINT('',(4.54999999553894,42.3000000005196,35.1500000027695));
#8955=CARTESIAN_POINT('',(5.14999999609984,42.3000000005019,35.1500000027711));
#8956=VECTOR('',#9754,1.0);
#8957=CARTESIAN_POINT('',(0.749999995534449,40.7000000044748,35.1500000027598));
#8958=CARTESIAN_POINT('',(0.749999995088513,-2.4289093558943,35.1500000027826));
#8959=VECTOR('',#9755,1.0);
#8960=CARTESIAN_POINT('',(2.6784891364902,40.7000000044564,35.1500000027652));
#8961=VECTOR('',#9756,1.0);
#8962=CARTESIAN_POINT('',(4.5499999953816,-2.42890935593034,35.1500000027932));
#8963=VECTOR('',#9757,1.0);
#8964=COLOUR_RGB('',0.0,0.443137288093567,0.709803938865662);
#8965=CARTESIAN_POINT('',(0.74999999557374,44.5000000044587,35.1500000027578));
#8966=CARTESIAN_POINT('',(0.749999995088513,-2.4289093558943,35.1500000027826));
#8967=VECTOR('',#9758,1.0);
#8968=CARTESIAN_POINT('',(0.749999995573484,44.5000000044593,35.2500000027578));
#8969=VECTOR('',#9759,1.0);
#8970=CARTESIAN_POINT('',(0.749999995534194,40.7000000044748,35.2500000027598));
#8971=VECTOR('',#9760,1.0);
#8972=COLOUR_RGB('',0.980392217636108,0.517647087574005,0.168627455830574);
#8973=CARTESIAN_POINT('',(4.54999999554668,44.5000000044484,35.1500000027684));
#8974=CARTESIAN_POINT('',(4.5499999953816,-2.42890935593034,35.1500000027932));
#8975=VECTOR('',#9761,1.0);
#8976=CARTESIAN_POINT('',(2.6784891364902,44.5000000044535,35.1500000027632));
#8977=VECTOR('',#9762,1.0);
#8978=COLOUR_RGB('',0.0,0.443137288093567,0.709803938865662);
#8979=CARTESIAN_POINT('',(4.54999999554642,44.500000004449,35.2500000027683));
#8980=VECTOR('',#9763,1.0);
#8981=CARTESIAN_POINT('',(4.5499999956308,42.3000000001466,-0.268654205407632));
#8982=VECTOR('',#9764,1.0);
#8983=COLOUR_RGB('',0.0,0.443137288093567,0.709803938865662);
#8984=COLOUR_RGB('',0.980392217636108,0.517647087574005,0.168627455830574);
#8985=COLOUR_RGB('',0.0,0.443137288093567,0.709803938865662);
#8986=COLOUR_RGB('',0.823529481887817,0.823529481887817,0.784313797950745);
#8987=CARTESIAN_POINT('',(5.14999999736439,9.67500000001684,23.7000000053725));
#8988=VECTOR('',#9765,1.0);
#8989=COLOUR_RGB('',0.823529481887817,0.823529481887817,0.784313797950745);
#8990=CARTESIAN_POINT('',(1.59999999996516,-3.83479257913697,23.7000000050084));
#8991=VECTOR('',#9766,1.0);
#8992=CARTESIAN_POINT('',(4.19999999997187,-3.83479257912978,23.700000005275));
#8993=VECTOR('',#9767,1.0);
#8994=COLOUR_RGB('',0.0,0.443137288093567,0.709803938865662);
#8995=COLOUR_RGB('',0.823529481887817,0.823529481887817,0.784313797950745);
#8996=CARTESIAN_POINT('',(1.59999999996557,4.34986612990886,20.7500000004333));
#8997=VECTOR('',#9768,1.0);
#8998=COLOUR_RGB('',0.823529481887817,0.823529481887817,0.784313797950745);
#8999=COLOUR_RGB('',0.823529481887817,0.823529481887817,0.784313797950745);
#9000=CARTESIAN_POINT('',(4.19999999997188,4.34986612990158,20.7500000004396));
#9001=VECTOR('',#9769,1.0);
#9002=COLOUR_RGB('',0.823529481887817,0.823529481887817,0.784313797950745);
#9003=COLOUR_RGB('',0.0,0.443137288093567,0.709803938865662);
#9004=DIRECTION('',(7.23953406415199E-13,-2.21959950390838E-12,1.0));
#9005=CARTESIAN_POINT('',(2.65000000006219,42.7000000005815,34.7500000028215));
#9006=DIRECTION('',(-1.63803317169968E-12,5.6793320049613E-12,1.0));
#9007=DIRECTION('',(-2.76573208721263E-12,1.0,-5.67933200496583E-12));
#9008=CARTESIAN_POINT('',(2.65000000006249,42.7000000005806,35.1500000027641));
#9009=DIRECTION('',(7.23953406415199E-13,-2.21959950390838E-12,1.0));
#9010=DIRECTION('',(3.15628997887043E-11,1.0,2.21959950388553E-12));
#9011=DIRECTION('',(-7.23953406581889E-13,-1.05304376332797E-11,-1.0));
#9012=CARTESIAN_POINT('',(2.65000000005871,42.7000000005756,35.150000002764));
#9013=DIRECTION('',(2.77044229368672E-12,-5.29867816566156E-13,-1.0));
#9014=DIRECTION('',(2.76573208774077E-12,-1.0,5.29867816573819E-13));
#9015=DIRECTION('',(7.23953406581901E-13,1.05304376332797E-11,1.0));
#9016=CARTESIAN_POINT('',(2.65000000005841,42.7000000005714,34.7500000028215));
#9017=DIRECTION('',(-1.63803317169968E-12,5.6793320049613E-12,1.0));
#9018=DIRECTION('',(-2.76573208721263E-12,1.0,-5.67933200496583E-12));
#9019=DIRECTION('',(-2.29905953580729E-12,4.0442926788062E-12,1.0));
#9020=CARTESIAN_POINT('',(2.74999999556822,48.0500000044212,24.6930780645235));
#9021=DIRECTION('',(3.63122028585236E-12,0.866025403780197,-0.500000000007347));
#9022=DIRECTION('',(5.58239274223791E-13,-0.500000000007347,-0.866025403780197));
#9023=CARTESIAN_POINT('',(2.74999999556823,48.0500000044212,24.6930780645928));
#9024=DIRECTION('',(0.866025403785522,-5.72382509776684E-12,-0.499999999998123));
#9025=DIRECTION('',(0.499999999998123,1.36549567973194E-12,0.866025403785523));
#9026=DIRECTION('',(4.08284984336237E-13,-5.52613510535424E-12,-1.0));
#9027=CARTESIAN_POINT('',(2.74999999554396,48.0500000044639,35.2499999971526));
#9028=DIRECTION('',(-2.2990595358072E-12,4.04416777871593E-12,1.0));
#9029=DIRECTION('',(5.50314891967487E-12,1.0,-4.04416777870328E-12));
#9030=DIRECTION('',(2.19303351865717E-12,-5.39351896505783E-12,-1.0));
#9031=CARTESIAN_POINT('',(2.74999999551095,47.4500000044434,35.2499999971559));
#9032=DIRECTION('',(-2.1930335186569E-12,5.39315814257483E-12,1.0));
#9033=DIRECTION('',(1.48371148178271E-13,-1.0,5.39315814257515E-12));
#9034=DIRECTION('',(4.08284984336237E-13,-5.52613510535424E-12,-1.0));
#9035=CARTESIAN_POINT('',(2.74999999551528,47.4500000044119,28.8500000027118));
#9036=DIRECTION('',(-2.1800970502062E-12,6.93167745452479E-12,1.0));
#9037=DIRECTION('',(1.48358293949944E-13,-1.0,6.93167745452511E-12));
#9038=DIRECTION('',(4.46474645768781E-12,0.499999999992664,-0.866025403788674));
#9039=DIRECTION('',(0.499999999998124,6.4774698207222E-12,0.866025403785522));
#9040=DIRECTION('',(7.23953406415199E-13,-2.21959950390838E-12,1.0));
#9041=CARTESIAN_POINT('',(2.65000000010812,52.9000000017605,34.7500000028161));
#9042=DIRECTION('',(-1.63803317169968E-12,5.6793320049613E-12,1.0));
#9043=DIRECTION('',(-2.76573208721263E-12,1.0,-5.67933200496583E-12));
#9044=CARTESIAN_POINT('',(2.65000000010842,52.9000000017596,35.1500000027586));
#9045=DIRECTION('',(7.23953406415199E-13,-2.21959950390838E-12,1.0));
#9046=DIRECTION('',(3.15628997887043E-11,1.0,2.21959950388553E-12));
#9047=DIRECTION('',(-7.23953406581889E-13,-1.05304376332797E-11,-1.0));
#9048=CARTESIAN_POINT('',(2.65000000010464,52.9000000017546,35.1500000027586));
#9049=DIRECTION('',(2.77044229368672E-12,-5.29867816566156E-13,-1.0));
#9050=DIRECTION('',(2.76573208774077E-12,-1.0,5.29867816573819E-13));
#9051=DIRECTION('',(7.23953406581901E-13,1.05304376332797E-11,1.0));
#9052=CARTESIAN_POINT('',(2.65000000010434,52.9000000017504,34.7500000028161));
#9053=DIRECTION('',(-1.63803317169968E-12,5.6793320049613E-12,1.0));
#9054=DIRECTION('',(-2.76573208721263E-12,1.0,-5.67933200496583E-12));
#9055=DIRECTION('',(2.19303351865717E-12,-5.39351896505783E-12,-1.0));
#9056=CARTESIAN_POINT('',(2.7499999955099,57.6500000052839,35.2499999970996));
#9057=DIRECTION('',(-2.1930335186569E-12,5.39315814257483E-12,1.0));
#9058=DIRECTION('',(1.48371148178271E-13,-1.0,5.39315814257515E-12));
#9059=DIRECTION('',(4.08284984336237E-13,-5.52613510535424E-12,-1.0));
#9060=CARTESIAN_POINT('',(2.74999999551425,57.6500000052522,28.8500000027063));
#9061=DIRECTION('',(-2.1800970502062E-12,6.93167745452479E-12,1.0));
#9062=DIRECTION('',(1.48358293949944E-13,-1.0,6.93167745452511E-12));
#9063=DIRECTION('',(-2.29905953580729E-12,4.0442926788062E-12,1.0));
#9064=CARTESIAN_POINT('',(2.74999999556719,58.2500000052616,24.6930780645181));
#9065=DIRECTION('',(3.63122028585236E-12,0.866025403780197,-0.500000000007347));
#9066=DIRECTION('',(5.58239274223791E-13,-0.500000000007347,-0.866025403780197));
#9067=CARTESIAN_POINT('',(2.74999999556719,58.2500000052615,24.6930780645874));
#9068=DIRECTION('',(0.866025403785522,-5.72382509776684E-12,-0.499999999998123));
#9069=DIRECTION('',(0.499999999998123,1.36549567973194E-12,0.866025403785523));
#9070=DIRECTION('',(4.08284984336237E-13,-5.52613510535424E-12,-1.0));
#9071=CARTESIAN_POINT('',(2.74999999554293,58.2500000053042,35.2499999970963));
#9072=DIRECTION('',(-2.2990595358072E-12,4.04416777871593E-12,1.0));
#9073=DIRECTION('',(5.50314891967487E-12,1.0,-4.04416777870328E-12));
#9074=DIRECTION('',(4.46474645768781E-12,0.499999999992664,-0.866025403788674));
#9075=DIRECTION('',(0.499999999998124,6.4774698207222E-12,0.866025403785522));
#9076=DIRECTION('',(-1.0,-4.8609847755229E-12,-1.02557453813207E-10));
#9077=CARTESIAN_POINT('',(5.14999999860267,14.102139749569,11.8848211534659));
#9078=DIRECTION('',(1.0,4.8609847755229E-12,1.02557453813207E-10));
#9079=DIRECTION('',(-4.86098476520471E-12,1.0,-1.00608906126999E-10));
#9080=DIRECTION('',(1.0,4.8609847755229E-12,1.02557453813207E-10));
#9081=CARTESIAN_POINT('',(-1.39732936332848E-09,14.1021397495439,11.8848211529377));
#9082=DIRECTION('',(1.0,4.8609847755229E-12,1.02557453813207E-10));
#9083=DIRECTION('',(-4.86098476520471E-12,1.0,-1.00608906126999E-10));
#9084=DIRECTION('',(-2.94386111516656E-15,2.62984081794551E-14,1.0));
#9085=CARTESIAN_POINT('',(2.89999999996598,13.124999999986,34.7500000004258));
#9086=DIRECTION('',(-2.94386111506317E-15,2.61735080891848E-14,1.0));
#9087=DIRECTION('',(4.97019730230867E-14,-1.0,2.6173508089185E-14));
#9088=DIRECTION('',(-2.94386111506317E-15,2.6159630301377E-14,1.0));
#9089=CARTESIAN_POINT('',(2.89999999996597,13.1249999999862,41.2500000004206));
#9090=DIRECTION('',(-2.94386111506317E-15,2.61735080891848E-14,1.0));
#9091=DIRECTION('',(4.97019730230867E-14,-1.0,2.6173508089185E-14));
#9092=DIRECTION('',(2.94386111516656E-15,-2.62984081794551E-14,-1.0));
#9093=CARTESIAN_POINT('',(2.89999999996597,13.1249999999862,41.2500000004206));
#9094=DIRECTION('',(-2.94386111506317E-15,2.61735080891848E-14,1.0));
#9095=DIRECTION('',(4.97019730230867E-14,-1.0,2.6173508089185E-14));
#9096=DIRECTION('',(-2.94386111506317E-15,2.6159630301377E-14,1.0));
#9097=CARTESIAN_POINT('',(2.89999999996598,13.124999999986,34.7500000004258));
#9098=DIRECTION('',(-2.94386111506317E-15,2.61735080891848E-14,1.0));
#9099=DIRECTION('',(4.97019730230867E-14,-1.0,2.6173508089185E-14));
#9100=DIRECTION('',(-2.94386111506317E-15,2.6159630301377E-14,1.0));
#9101=CARTESIAN_POINT('',(2.89999999996598,13.124999999986,33.7500000004258));
#9102=DIRECTION('',(-2.94386111506317E-15,2.61735080891848E-14,1.0));
#9103=DIRECTION('',(4.97019730230867E-14,-1.0,2.6173508089185E-14));
#9104=DIRECTION('',(-2.94386111506317E-15,2.6159630301377E-14,1.0));
#9105=CARTESIAN_POINT('',(2.89999999996598,13.124999999986,34.7500000004258));
#9106=DIRECTION('',(-2.94386111506317E-15,2.61735080891848E-14,1.0));
#9107=DIRECTION('',(4.97019730230867E-14,-1.0,2.6173508089185E-14));
#9108=DIRECTION('',(1.0,3.19771212653421E-14,4.08284984336314E-13));
#9109=CARTESIAN_POINT('',(1.00000000125069,0.900000000045805,3.09999999997623));
#9110=DIRECTION('',(1.0,3.19771212653421E-14,4.08284984336315E-13));
#9111=DIRECTION('',(-3.19771212653421E-14,1.0,1.54200446062077E-17));
#9112=DIRECTION('',(1.0,3.19771212653211E-14,4.08284984336314E-13));
#9113=CARTESIAN_POINT('',(1.44900091925138E-10,0.900000000045769,3.09999999997583));
#9114=DIRECTION('',(1.0,3.19771212653421E-14,4.08284984336315E-13));
#9115=DIRECTION('',(-3.19771212653421E-14,1.0,1.54200446062077E-17));
#9116=DIRECTION('',(-1.0,-3.19771212653211E-14,-4.08284984336314E-13));
#9117=CARTESIAN_POINT('',(5.15000000003452,0.900000000045934,3.09999999997793));
#9118=DIRECTION('',(1.0,3.19771212653421E-14,4.08284984336315E-13));
#9119=DIRECTION('',(-3.19771212653421E-14,1.0,1.54200446062077E-17));
#9120=DIRECTION('',(-1.0,-3.19771212653276E-14,-4.08284984336327E-13));
#9121=CARTESIAN_POINT('',(0.549999999964671,-14.3090880212465,18.7000000004247));
#9122=DIRECTION('',(1.0,3.19771212653163E-14,4.08284984336327E-13));
#9123=DIRECTION('',(1.80186543108025E-14,0.992546151641319,-0.121869343405174));
#9124=DIRECTION('',(1.0,3.19771212653211E-14,4.08284984336314E-13));
#9125=CARTESIAN_POINT('',(9.56408285901489E-11,-14.3090880212466,18.7000000004245));
#9126=DIRECTION('',(1.0,3.19771212653163E-14,4.08284984336327E-13));
#9127=DIRECTION('',(1.80186543108025E-14,0.992546151641319,-0.121869343405174));
#9128=DIRECTION('',(-1.0,-3.19771212653276E-14,-4.08284984336327E-13));
#9129=CARTESIAN_POINT('',(5.15000000002885,-14.3090880212464,18.7000000004266));
#9130=DIRECTION('',(1.0,3.19771212653163E-14,4.08284984336327E-13));
#9131=DIRECTION('',(1.80186543108025E-14,0.992546151641319,-0.121869343405174));
#9132=DIRECTION('',(1.0,3.19771212653211E-14,4.08284984336314E-13));
#9133=CARTESIAN_POINT('',(4.59999999715972,-14.3090880212464,18.7000000004264));
#9134=DIRECTION('',(1.0,3.19771212653163E-14,4.08284984336327E-13));
#9135=DIRECTION('',(1.80186543108025E-14,0.992546151641319,-0.121869343405174));
#9136=DIRECTION('',(1.0,3.19771212653179E-14,4.08284984336289E-13));
#9137=CARTESIAN_POINT('',(1.31426425298287E-10,30.4095836944368,33.8000000000562));
#9138=DIRECTION('',(1.0,3.19771212653179E-14,4.08284984336289E-13));
#9139=DIRECTION('',(-1.80186543107854E-14,-0.992546151641322,0.121869343405148));
#9140=DIRECTION('',(1.0,3.19771212653211E-14,4.08284984336314E-13));
#9141=CARTESIAN_POINT('',(5.15000000002104,30.409583694437,33.8000000000583));
#9142=DIRECTION('',(1.0,3.19771212653179E-14,4.08284984336289E-13));
#9143=DIRECTION('',(-1.80186543107854E-14,-0.992546151641322,0.121869343405148));
#9144=DIRECTION('',(-1.0,-1.33824636850452E-18,-1.02965849820335E-10));
#9145=CARTESIAN_POINT('',(5.14999999813167,78.9977270866299,17.1999999966033));
#9146=DIRECTION('',(1.0,1.33824636749208E-18,1.02965849820335E-10));
#9147=DIRECTION('',(-1.25483791927681E-11,-0.992546151629061,0.121869343505007));
#9148=DIRECTION('',(1.0,1.33824635881099E-18,1.02965849820335E-10));
#9149=CARTESIAN_POINT('',(-1.12376952188242E-09,78.9977270866299,17.199999996073));
#9150=DIRECTION('',(1.0,1.33824636749208E-18,1.02965849820335E-10));
#9151=DIRECTION('',(-1.25483791927681E-11,-0.992546151629061,0.121869343505007));
#9152=DIRECTION('',(-1.0,-3.19771212653211E-14,-4.08284984336314E-13));
#9153=DIRECTION('',(-4.08284984335888E-13,6.90114632389523E-13,1.0));
#9154=DIRECTION('',(-1.0,-3.19771212653211E-14,-4.08284984336314E-13));
#9155=DIRECTION('',(-1.02965858062022E-10,6.90114632105876E-13,1.0));
#9156=DIRECTION('',(5.6661589232134E-22,1.0,-5.52613510478806E-12));
#9157=DIRECTION('',(-1.02965858062036E-10,5.5261351050706E-12,1.0));
#9158=CARTESIAN_POINT('',(5.14999999682649,58.2500000052604,29.8500000028116));
#9159=DIRECTION('',(-1.0,2.66975781687625E-12,-2.7704422936731E-12));
#9160=DIRECTION('',(2.66975781686209E-12,1.0,5.11210518683842E-12));
#9161=DIRECTION('',(-3.46875591686883E-18,1.0,-1.1447315317597E-11));
#9162=CARTESIAN_POINT('',(5.14999999682497,57.6500000052501,29.8500000027797));
#9163=DIRECTION('',(1.0,4.18201549365664E-12,2.59357733950866E-12));
#9164=DIRECTION('',(4.18201549366979E-12,-1.0,-5.07080489038681E-12));
#9165=DIRECTION('',(-1.02965858062036E-10,5.5261351050706E-12,1.0));
#9166=DIRECTION('',(5.6661589232134E-22,1.0,-5.52613510478806E-12));
#9167=DIRECTION('',(-1.02965858062036E-10,5.5261351050706E-12,1.0));
#9168=CARTESIAN_POINT('',(5.14999999682649,48.05000000442,29.8500000028169));
#9169=DIRECTION('',(-1.0,2.66975781687623E-12,-2.77044229367307E-12));
#9170=DIRECTION('',(2.66975781686206E-12,1.0,5.11507503342828E-12));
#9171=DIRECTION('',(-3.46875591686883E-18,1.0,-1.1447315317597E-11));
#9172=CARTESIAN_POINT('',(5.14999999682497,47.4500000044097,29.850000002785));
#9173=DIRECTION('',(1.0,4.18201549365661E-12,2.59357733950865E-12));
#9174=DIRECTION('',(4.18201549366976E-12,-1.0,-5.06981956744925E-12));
#9175=DIRECTION('',(-1.02965858062036E-10,5.5261351050706E-12,1.0));
#9176=DIRECTION('',(5.6661589232134E-22,1.0,-5.52613510478806E-12));
#9177=DIRECTION('',(1.02965858062036E-10,-5.5261351050706E-12,-1.0));
#9178=DIRECTION('',(-3.19771212653494E-14,1.0,2.80375300019794E-22));
#9179=CARTESIAN_POINT('',(5.15000000002081,37.7904163057972,33.8000000000583));
#9180=DIRECTION('',(-1.0,-3.19771212653179E-14,-4.08284984336289E-13));
#9181=DIRECTION('',(-1.80186543107854E-14,-0.992546151641322,0.121869343405148));
#9182=DIRECTION('',(-7.28078453116295E-11,0.707106781186548,0.707106781186547));
#9183=DIRECTION('',(-3.19771212652424E-14,1.0,-4.63934443611484E-14));
#9184=DIRECTION('',(-1.02965858062021E-10,-1.12108774605828E-24,1.0));
#9185=DIRECTION('',(-3.1977121265267E-14,1.0,-5.84116086027157E-14));
#9186=DIRECTION('',(1.02965858062021E-10,9.85322935475914E-16,-1.0));
#9187=DIRECTION('',(3.19771212652823E-14,-1.0,1.21569418392702E-14));
#9188=DIRECTION('',(7.28078807100849E-11,0.707106781186547,-0.707106781186548));
#9189=CARTESIAN_POINT('',(5.15000000002104,30.409583694437,33.8000000000583));
#9190=DIRECTION('',(1.0,3.19771212653179E-14,4.08284984336289E-13));
#9191=DIRECTION('',(-1.80186543107854E-14,-0.992546151641322,0.121869343405148));
#9192=DIRECTION('',(-3.19771212653494E-14,1.0,2.80375300019794E-22));
#9193=DIRECTION('',(1.02965858062005E-10,5.52613510507284E-12,-1.0));
#9194=DIRECTION('',(1.44417811043238E-12,1.0,4.31770531498209E-22));
#9195=DIRECTION('',(-9.48427979673529E-11,0.389303997086924,0.921109330021222));
#9196=DIRECTION('',(-1.02965858062021E-10,-1.12108774605828E-24,1.0));
#9197=DIRECTION('',(-1.44417811043238E-12,-1.0,-4.31770531498209E-22));
#9198=DIRECTION('',(1.02965858062021E-10,1.98452365763856E-15,-1.0));
#9199=DIRECTION('',(9.48428486993427E-11,0.389303997086914,-0.921109330021226));
#9200=DIRECTION('',(1.44417811043238E-12,1.0,4.31770531498209E-22));
#9201=DIRECTION('',(1.02965858062021E-10,-2.61596300166092E-14,-1.0));
#9202=DIRECTION('',(3.19771212653042E-14,-1.0,2.6159629737355E-14));
#9203=DIRECTION('',(-7.28078453116277E-11,0.707106781186566,0.707106781186529));
#9204=DIRECTION('',(-3.19771212653441E-14,1.0,-2.6159629737355E-14));
#9205=DIRECTION('',(-9.94573582223046E-11,0.258819045102745,0.965925826289008));
#9206=DIRECTION('',(-7.28078807099871E-11,-0.707106781187476,0.707106781185619));
#9207=DIRECTION('',(9.94573582223242E-11,-0.258819045101954,-0.96592582628922));
#9208=DIRECTION('',(-2.6649524980556E-11,-0.965925826289093,0.25881904510243));
#9209=DIRECTION('',(-9.94573582223047E-11,0.258819045102741,0.965925826289009));
#9210=DIRECTION('',(2.66495249805906E-11,0.965925826289003,-0.258819045102765));
#9211=DIRECTION('',(9.94573721000802E-11,-0.258819045103242,-0.965925826288875));
#9212=DIRECTION('',(-2.66495746560255E-11,0.965925826290948,0.258819045095504));
#9213=DIRECTION('',(-1.02965858062021E-10,2.61596300166092E-14,1.0));
#9214=DIRECTION('',(2.66495249805651E-11,0.965925826289069,-0.258819045102519));
#9215=CARTESIAN_POINT('',(5.15000000003512,4.25000000002727,22.6153460241968));
#9216=DIRECTION('',(-1.0,-4.99469023829297E-14,4.34668471457327E-15));
#9217=DIRECTION('',(4.99469023829297E-14,-1.0,-2.78532310127204E-22));
#9218=DIRECTION('',(1.02965858062021E-10,1.12108774605828E-24,-1.0));
#9219=CARTESIAN_POINT('',(5.15000000003513,4.25000000002728,22.5846539761127));
#9220=DIRECTION('',(-1.0,-4.99469023829297E-14,4.34668471457327E-15));
#9221=DIRECTION('',(4.99469023829297E-14,-1.0,-2.78532310127204E-22));
#9222=DIRECTION('',(2.66495746567402E-11,-0.965925826289068,-0.258819045102523));
#9223=CARTESIAN_POINT('',(5.15000000002885,-14.3090880212464,18.7000000004266));
#9224=DIRECTION('',(1.0,3.19771212653163E-14,4.08284984336327E-13));
#9225=DIRECTION('',(1.80186543108025E-14,0.992546151641319,-0.121869343405174));
#9226=DIRECTION('',(-1.02965858062021E-10,-5.07927033878118E-15,1.0));
#9227=DIRECTION('',(-3.19771212677667E-14,1.0,6.09744199603639E-12));
#9228=DIRECTION('',(-1.02886473056059E-10,-0.0392598157590684,0.999229036240723));
#9229=DIRECTION('',(-1.02965858062021E-10,-1.12108774605828E-24,1.0));
#9230=DIRECTION('',(3.19771212654245E-14,-1.0,-2.46830334230163E-13));
#9231=DIRECTION('',(1.02965858062015E-10,2.11876349798358E-12,-1.0));
#9232=CARTESIAN_POINT('',(5.15000000003452,0.900000000045934,3.09999999997793));
#9233=DIRECTION('',(1.0,3.19771212653421E-14,4.08284984336315E-13));
#9234=DIRECTION('',(-3.19771212653421E-14,1.0,1.54200446062077E-17));
#9235=DIRECTION('',(-1.02965858062022E-10,3.8587188999516E-13,1.0));
#9236=DIRECTION('',(1.44417811043246E-12,1.0,2.61957123092076E-13));
#9237=CARTESIAN_POINT('',(5.15000000004104,3.55602732458855,5.51537179135755));
#9238=DIRECTION('',(1.0,2.76502711469828E-12,2.3620462870467E-12));
#9239=DIRECTION('',(-2.7650271146973E-12,1.0,-4.14148247859617E-13));
#9240=DIRECTION('',(-1.02965865000916E-10,4.14029921457215E-13,1.0));
#9241=DIRECTION('',(-2.66495249806175E-11,-0.965925826288933,0.258819045103026));
#9242=DIRECTION('',(1.02965858062021E-10,-2.95208302246708E-13,-1.0));
#9243=DIRECTION('',(9.94573582222843E-11,-0.258819045103568,-0.965925826288788));
#9244=CARTESIAN_POINT('',(5.15000000005362,14.0323262614565,11.8000000031901));
#9245=DIRECTION('',(1.0,4.8609847755229E-12,1.02557453813207E-10));
#9246=DIRECTION('',(-4.86098476520471E-12,1.0,-1.00608896214321E-10));
#9247=CARTESIAN_POINT('',(5.14999999860267,14.102139749569,11.8848211534659));
#9248=DIRECTION('',(1.0,4.8609847755229E-12,1.02557453813207E-10));
#9249=DIRECTION('',(-4.86098476520471E-12,1.0,-1.00608906126999E-10));
#9250=DIRECTION('',(9.94573582222886E-11,-0.258819045103395,-0.965925826288834));
#9251=DIRECTION('',(-1.44417811043238E-12,-1.0,-4.31770531498209E-22));
#9252=DIRECTION('',(-1.02965858062021E-10,-1.12108774605828E-24,1.0));
#9253=DIRECTION('',(-2.66495469011598E-11,0.96592582628908,0.258819045102476));
#9254=CARTESIAN_POINT('',(5.15000000003182,54.4439726793745,5.51537178827364));
#9255=DIRECTION('',(-1.0,-3.19771212653502E-14,-4.08284984336327E-13));
#9256=DIRECTION('',(3.19771212653502E-14,-1.0,-2.80375300019794E-22));
#9257=DIRECTION('',(-1.44417811043243E-12,-1.0,5.84116084513205E-14));
#9258=DIRECTION('',(4.99530896488227E-11,-0.874435210946131,-0.48514231093319));
#9259=DIRECTION('',(1.02965858062299E-10,-1.00609895414826E-10,-1.0));
#9260=CARTESIAN_POINT('',(5.14999999813167,78.9977270866299,17.1999999966033));
#9261=DIRECTION('',(1.0,1.33824636749208E-18,1.02965849820335E-10));
#9262=DIRECTION('',(-1.25483791927681E-11,-0.992546151629061,0.121869343505007));
#9263=DIRECTION('',(1.02965858062299E-10,-1.00608896214104E-10,-1.0));
#9264=DIRECTION('',(3.52164097932811E-11,0.939692620753974,-0.342020143413408));
#9265=DIRECTION('',(-1.01401582951567E-10,-0.17364817756856,0.984807753029553));
#9266=DIRECTION('',(-1.78798655775477E-11,0.984807753029639,0.173648177568075));
#9267=DIRECTION('',(1.01401610707154E-10,0.17364817756805,-0.984807753029644));
#9268=DIRECTION('',(1.78798655775127E-11,-0.984807753029699,-0.173648177567732));
#9269=DIRECTION('',(-1.0140161070717E-10,-0.173648177567247,0.984807753029785));
#9270=DIRECTION('',(6.61851731574938E-11,-0.766044443184509,-0.642787609608443));
#9271=DIRECTION('',(1.01401610707149E-10,0.173648177568275,-0.984807753029604));
#9272=DIRECTION('',(3.19744231092295E-14,-1.0,-2.80375576744058E-22));
#9273=DIRECTION('',(4.02646697728355E-13,-0.258819045103395,-0.965925826288834));
#9274=CARTESIAN_POINT('',(-1.39732936332848E-09,14.1021397495439,11.8848211529377));
#9275=DIRECTION('',(1.0,4.8609847755229E-12,1.02557453813207E-10));
#9276=DIRECTION('',(-4.86098476520471E-12,1.0,-1.00608906126999E-10));
#9277=CARTESIAN_POINT('',(1.40933487102757E-10,14.0323262614314,11.800000002662));
#9278=DIRECTION('',(1.0,4.8609847755229E-12,1.02557453813207E-10));
#9279=DIRECTION('',(-4.86098476520471E-12,1.0,-1.00608896214321E-10));
#9280=DIRECTION('',(4.02646697728561E-13,-0.258819045103568,-0.965925826288788));
#9281=DIRECTION('',(2.77044229368681E-12,-2.95208302523822E-13,-1.0));
#9282=DIRECTION('',(-7.47827876353698E-14,-0.965925826288933,0.258819045103026));
#9283=DIRECTION('',(-4.08287311405184E-13,4.14154821831133E-13,1.0));
#9284=CARTESIAN_POINT('',(1.43832501464658E-10,3.55602732457432,5.51537179134539));
#9285=DIRECTION('',(1.0,2.76502711469828E-12,2.3620462870467E-12));
#9286=DIRECTION('',(-2.7650271146973E-12,1.0,-4.14148247859617E-13));
#9287=DIRECTION('',(-3.19744231091548E-14,1.0,2.61957122940681E-13));
#9288=DIRECTION('',(-4.08284984336056E-13,3.85871890278807E-13,1.0));
#9289=DIRECTION('',(-3.19771212653296E-14,1.0,2.80375300019796E-22));
#9290=DIRECTION('',(4.08284984336004E-13,-2.82525682961286E-22,-1.0));
#9291=DIRECTION('',(-4.06714795520951E-13,-0.0392598157590684,0.999229036240723));
#9292=DIRECTION('',(-3.19771212677667E-14,1.0,6.09744199603639E-12));
#9293=DIRECTION('',(4.08284984335953E-13,5.07927005513441E-15,-1.0));
#9294=CARTESIAN_POINT('',(9.56408285901489E-11,-14.3090880212466,18.7000000004245));
#9295=DIRECTION('',(1.0,3.19771212653163E-14,4.08284984336327E-13));
#9296=DIRECTION('',(1.80186543108025E-14,0.992546151641319,-0.121869343405174));
#9297=DIRECTION('',(-4.08284984336069E-13,2.61596303002559E-14,1.0));
#9298=DIRECTION('',(1.36559457053393E-13,-0.965925826290948,-0.258819045095504));
#9299=DIRECTION('',(-4.02649298847435E-13,0.258819045103242,0.965925826288875));
#9300=DIRECTION('',(-7.478440249516E-14,-0.965925826289003,0.258819045102765));
#9301=DIRECTION('',(-4.02649298847396E-13,0.258819045102741,0.965925826289009));
#9302=DIRECTION('',(7.47844024950081E-14,0.965925826289093,-0.25881904510243));
#9303=DIRECTION('',(-4.02649298847512E-13,0.258819045101954,0.96592582628922));
#9304=DIRECTION('',(-2.66089841790846E-13,-0.707106781187476,0.707106781185619));
#9305=DIRECTION('',(4.02649298847461E-13,-0.258819045102745,-0.965925826289008));
#9306=DIRECTION('',(-3.19771212653441E-14,1.0,-2.6159629737355E-14));
#9307=DIRECTION('',(-3.11312320370287E-13,0.707106781186566,0.707106781186529));
#9308=DIRECTION('',(3.19771212653042E-14,-1.0,2.6159629737355E-14));
#9309=DIRECTION('',(-4.08284984336069E-13,2.61596303002559E-14,1.0));
#9310=DIRECTION('',(-3.19744231092295E-14,1.0,2.80375576744058E-22));
#9311=DIRECTION('',(-3.6362628725585E-13,-0.389303997086914,0.921109330021226));
#9312=DIRECTION('',(-4.08284984336043E-13,-1.98452337399178E-15,1.0));
#9313=DIRECTION('',(3.19744231092295E-14,-1.0,-2.80375576744058E-22));
#9314=DIRECTION('',(4.08284984336004E-13,-2.82525682961286E-22,-1.0));
#9315=DIRECTION('',(-3.88548220143315E-13,0.389303997086924,0.921109330021222));
#9316=DIRECTION('',(-3.19744231092295E-14,1.0,2.80375576744058E-22));
#9317=DIRECTION('',(3.16106156311409E-13,0.573576436351043,-0.819152044288994));
#9318=DIRECTION('',(3.19771212653494E-14,-1.0,-2.80375300019794E-22));
#9319=DIRECTION('',(4.08284984335759E-13,5.52613510478919E-12,-1.0));
#9320=DIRECTION('',(-3.19771212653494E-14,1.0,2.80375300019794E-22));
#9321=CARTESIAN_POINT('',(1.31426425298287E-10,30.4095836944368,33.8000000000562));
#9322=DIRECTION('',(1.0,3.19771212653179E-14,4.08284984336289E-13));
#9323=DIRECTION('',(-1.80186543107854E-14,-0.992546151641322,0.121869343405148));
#9324=DIRECTION('',(2.66089841791259E-13,0.707106781186547,-0.707106781186548));
#9325=DIRECTION('',(3.19771212652823E-14,-1.0,1.21569418392702E-14));
#9326=DIRECTION('',(4.08284984336017E-13,9.85322651829144E-16,-1.0));
#9327=DIRECTION('',(-3.1977121265267E-14,1.0,-5.84116086027157E-14));
#9328=DIRECTION('',(-4.08284984336004E-13,2.82525682961286E-22,1.0));
#9329=DIRECTION('',(-3.19771212652424E-14,1.0,-4.63934443611484E-14));
#9330=DIRECTION('',(-3.11312320370352E-13,0.707106781186548,0.707106781186547));
#9331=CARTESIAN_POINT('',(1.31183952589708E-10,37.790416305797,33.8000000000562));
#9332=DIRECTION('',(-1.0,-3.19771212653179E-14,-4.08284984336289E-13));
#9333=DIRECTION('',(-1.80186543107854E-14,-0.992546151641322,0.121869343405148));
#9334=DIRECTION('',(-3.19771212653494E-14,1.0,2.80375300019794E-22));
#9335=DIRECTION('',(4.0828498433634E-13,-5.52626000544451E-12,-1.0));
#9336=DIRECTION('',(3.19771212653494E-14,-1.0,-2.80375300019794E-22));
#9337=DIRECTION('',(-3.52788802831696E-13,0.573576436351043,0.819152044288994));
#9338=DIRECTION('',(-3.19744231092142E-14,1.0,-5.52626000488161E-12));
#9339=DIRECTION('',(3.96568950294429E-13,0.173648177568275,-0.984807753029604));
#9340=DIRECTION('',(2.86940297685989E-13,-0.766044443184509,-0.642787609608443));
#9341=DIRECTION('',(-3.96568950295955E-13,-0.173648177567247,0.984807753029785));
#9342=DIRECTION('',(1.02396585794975E-13,-0.984807753029699,-0.173648177567732));
#9343=DIRECTION('',(3.96568950295153E-13,0.17364817756805,-0.984807753029644));
#9344=DIRECTION('',(-1.02368830219369E-13,0.984807753029639,0.173648177568075));
#9345=DIRECTION('',(-3.96541194718555E-13,-0.17364817756856,0.984807753029553));
#9346=DIRECTION('',(1.09587019243854E-13,0.939692620753974,-0.342020143413408));
#9347=DIRECTION('',(4.08294250431243E-13,-1.00608896214387E-10,-1.0));
#9348=CARTESIAN_POINT('',(-1.12376952188242E-09,78.9977270866299,17.199999996073));
#9349=DIRECTION('',(1.0,1.33824636749208E-18,1.02965849820335E-10));
#9350=DIRECTION('',(-1.25483791927681E-11,-0.992546151629061,0.121869343505007));
#9351=DIRECTION('',(4.08287311537223E-13,-1.0060989541511E-10,-1.0));
#9352=DIRECTION('',(-2.26042402667023E-13,0.874435210946131,0.485142310933189));
#9353=DIRECTION('',(3.1974423109177E-14,-1.0,5.84116086027155E-14));
#9354=CARTESIAN_POINT('',(1.42200029529249E-10,54.4439726793743,5.51537178827154));
#9355=DIRECTION('',(-1.0,-3.19771212653502E-14,-4.08284984336327E-13));
#9356=DIRECTION('',(3.19771212653502E-14,-1.0,-2.80375300019794E-22));
#9357=DIRECTION('',(-1.36559457056137E-13,0.96592582628908,0.258819045102476));
#9358=DIRECTION('',(-4.08294250298002E-13,2.82525657334117E-22,1.0));
#9359=DIRECTION('',(-1.0,-3.19771212653211E-14,-4.08284984336314E-13));
#9360=DIRECTION('',(1.0,2.24151835143199E-12,4.08284984336663E-13));
#9361=DIRECTION('',(1.0,3.19771212653211E-14,4.08284984336314E-13));
#9362=DIRECTION('',(1.0,4.86067348505508E-12,1.02557291029739E-10));
#9363=DIRECTION('',(1.0,-1.848528631109E-10,4.08284984346512E-13));
#9364=DIRECTION('',(3.19771212653494E-14,-1.0,-2.80375300019794E-22));
#9365=DIRECTION('',(-1.0,-3.19771212653211E-14,-4.08284984336314E-13));
#9366=DIRECTION('',(-1.0,-3.19771212653211E-14,-4.08284984336314E-13));
#9367=DIRECTION('',(1.0,3.19771212653211E-14,4.08284984336314E-13));
#9368=DIRECTION('',(-1.0,-3.19771212653211E-14,-4.08284984336314E-13));
#9369=DIRECTION('',(1.0,3.19771212653389E-14,4.08284984325225E-13));
#9370=DIRECTION('',(4.08291456199999E-13,-2.82525665061844E-22,-1.0));
#9371=DIRECTION('',(-1.0,-3.19771212652953E-14,-4.08513051175961E-13));
#9372=DIRECTION('',(4.08291456199999E-13,-2.82525665061844E-22,-1.0));
#9373=DIRECTION('',(1.0,3.19771212653389E-14,4.08284984325225E-13));
#9374=DIRECTION('',(-1.0,-3.19771212653211E-14,-4.08284984336314E-13));
#9375=DIRECTION('',(-1.0,-3.19771212653211E-14,-4.08284984336314E-13));
#9376=DIRECTION('',(4.08294250290752E-13,5.52613510478919E-12,-1.0));
#9377=DIRECTION('',(-1.0,-3.19771212653211E-14,-4.08284984336314E-13));
#9378=DIRECTION('',(1.0,3.19771212653211E-14,4.08284984336314E-13));
#9379=DIRECTION('',(-1.0,-3.19771212653211E-14,-4.08284984336314E-13));
#9380=DIRECTION('',(1.0,3.19771212653211E-14,4.08284984336314E-13));
#9381=DIRECTION('',(-1.0,-3.19771212653211E-14,-4.08284984336314E-13));
#9382=DIRECTION('',(-1.0,-3.19771212653211E-14,-4.08284984336314E-13));
#9383=DIRECTION('',(1.0,1.80836670840149E-11,4.08284984236458E-13));
#9384=DIRECTION('',(1.0,-2.53907102504824E-13,2.4556924435168E-25));
#9385=DIRECTION('',(-3.19813614364941E-14,1.0,-5.52613510479134E-12));
#9386=DIRECTION('',(1.0,3.19771212653211E-14,4.08284984336314E-13));
#9387=DIRECTION('',(-1.0,5.64338318359335E-22,-4.08284984336883E-13));
#9388=CARTESIAN_POINT('',(2.74999999551095,47.4500000044434,35.2499999971559));
#9389=DIRECTION('',(-2.1930335186569E-12,5.39315814257483E-12,1.0));
#9390=DIRECTION('',(1.48371148178271E-13,-1.0,5.39315814257515E-12));
#9391=DIRECTION('',(1.52798607157041E-12,1.0,-5.52613510463135E-12));
#9392=CARTESIAN_POINT('',(2.74999999554396,48.0500000044639,35.2499999971526));
#9393=DIRECTION('',(-2.2990595358072E-12,4.04416777871593E-12,1.0));
#9394=DIRECTION('',(5.50314891967487E-12,1.0,-4.04416777870328E-12));
#9395=DIRECTION('',(-1.0,5.64338318359335E-22,-4.08284984336883E-13));
#9396=DIRECTION('',(-1.0,5.64338318359335E-22,-4.08284984336883E-13));
#9397=CARTESIAN_POINT('',(2.7499999955099,57.6500000052839,35.2499999970996));
#9398=DIRECTION('',(-2.1930335186569E-12,5.39315814257483E-12,1.0));
#9399=DIRECTION('',(1.48371148178271E-13,-1.0,5.39315814257515E-12));
#9400=DIRECTION('',(1.52798607157041E-12,1.0,-5.52613510463135E-12));
#9401=CARTESIAN_POINT('',(2.74999999554293,58.2500000053042,35.2499999970963));
#9402=DIRECTION('',(-2.2990595358072E-12,4.04416777871593E-12,1.0));
#9403=DIRECTION('',(5.50314891967487E-12,1.0,-4.04416777870328E-12));
#9404=DIRECTION('',(1.0,-5.73533432531884E-26,4.08284984336095E-13));
#9405=DIRECTION('',(0.707106781182541,-0.707106781190555,4.19651029983305E-12));
#9406=DIRECTION('',(-1.0,1.22176743236334E-11,-4.08284984403781E-13));
#9407=DIRECTION('',(0.707106781190547,0.707106781182548,-3.61907121424713E-12));
#9408=DIRECTION('',(1.0,-9.54734275442077E-12,4.08284984389034E-13));
#9409=DIRECTION('',(-1.03395417233703E-11,-1.0,5.52613510372763E-12));
#9410=DIRECTION('',(1.0,-2.69556944389913E-12,4.08284984351346E-13));
#9411=DIRECTION('',(3.51763063178896E-12,1.0,-5.52613510442729E-12));
#9412=DIRECTION('',(1.0,-9.54734275443287E-12,4.08284984389513E-13));
#9413=DIRECTION('',(1.0,-9.54734275443287E-12,4.08284984389513E-13));
#9414=DIRECTION('',(0.707106781182541,-0.707106781190555,4.19651029983305E-12));
#9415=DIRECTION('',(-1.0,1.22176743236334E-11,-4.08284984403781E-13));
#9416=DIRECTION('',(0.707106781190547,0.707106781182548,-3.61907121424713E-12));
#9417=DIRECTION('',(1.0,-9.54734275442077E-12,4.08284984389034E-13));
#9418=DIRECTION('',(-1.03395417233703E-11,-1.0,5.52613510372763E-12));
#9419=DIRECTION('',(1.0,-2.69556944389913E-12,4.08284984351346E-13));
#9420=DIRECTION('',(3.51763063178896E-12,1.0,-5.52613510442729E-12));
#9421=DIRECTION('',(1.0,1.33824636042658E-18,1.02965849820335E-10));
#9422=DIRECTION('',(-1.0,-1.33824635881099E-18,-1.02965849820335E-10));
#9423=DIRECTION('',(1.0,1.33824636042658E-18,1.02965849820335E-10));
#9424=DIRECTION('',(-1.0,-1.33824634911747E-18,-1.02965849820335E-10));
#9425=DIRECTION('',(-1.0,-1.33824634911747E-18,-1.02965849820335E-10));
#9426=DIRECTION('',(1.0,1.33824636042658E-18,1.02965849820335E-10));
#9427=DIRECTION('',(1.0,1.33824633740447E-18,1.02965849820335E-10));
#9428=DIRECTION('',(1.0,1.33824635881099E-18,1.02965849820335E-10));
#9429=DIRECTION('',(1.0,1.33824634911747E-18,1.02965849820335E-10));
#9430=DIRECTION('',(-1.0,-1.33824635881099E-18,-1.02965849820335E-10));
#9431=DIRECTION('',(-4.08287311411336E-13,5.52626000544451E-12,1.0));
#9432=DIRECTION('',(1.0,3.19771212653211E-14,4.08284984336314E-13));
#9433=DIRECTION('',(-1.0,-3.19771212653211E-14,-4.08284984336314E-13));
#9434=DIRECTION('',(-1.0,-3.19771212653211E-14,-4.08284984336314E-13));
#9435=DIRECTION('',(-1.0,-3.19771212653211E-14,-4.08284984336314E-13));
#9436=DIRECTION('',(-1.0,-3.19771212653211E-14,-4.08284984336314E-13));
#9437=DIRECTION('',(-1.93870456067116E-26,1.0,2.83654889843427E-22));
#9438=DIRECTION('',(6.91904670758084E-18,-1.0,1.93518451263302E-10));
#9439=DIRECTION('',(4.08291456199999E-13,-2.82525665061844E-22,-1.0));
#9440=DIRECTION('',(1.0,-3.79662976464769E-26,4.08284984336082E-13));
#9441=DIRECTION('',(-1.0,-3.3119536244799E-26,-4.08513051182785E-13));
#9442=DIRECTION('',(4.08291456199999E-13,-2.82525665061844E-22,-1.0));
#9443=DIRECTION('',(-6.91904670758084E-18,1.0,-1.93518451263302E-10));
#9444=DIRECTION('',(1.93870456067116E-26,-1.0,-2.83654889843427E-22));
#9445=DIRECTION('',(-1.0,-3.19771212653389E-14,-4.08284984325225E-13));
#9446=DIRECTION('',(1.93870456067116E-26,-1.0,-2.83654889843427E-22));
#9447=DIRECTION('',(-1.0,3.79662976464769E-26,-4.08284984336082E-13));
#9448=DIRECTION('',(-1.93870456067116E-26,1.0,2.83654889843427E-22));
#9449=DIRECTION('',(-1.0,-3.19771212653389E-14,-4.08284984325225E-13));
#9450=DIRECTION('',(1.0,3.19771212653211E-14,4.08284984336314E-13));
#9451=DIRECTION('',(-1.0,-3.19771212653211E-14,-4.08284984336314E-13));
#9452=DIRECTION('',(1.0,3.19771212653211E-14,4.08284984336314E-13));
#9453=DIRECTION('',(1.0,3.19771212653211E-14,4.08284984336314E-13));
#9454=DIRECTION('',(1.0,3.19771212653211E-14,4.08284984336314E-13));
#9455=DIRECTION('',(-1.0,-3.19771212653211E-14,-4.08284984336314E-13));
#9456=DIRECTION('',(-1.0,-3.19771212653211E-14,-4.08284984336314E-13));
#9457=DIRECTION('',(1.0,3.19771212653211E-14,4.08284984336314E-13));
#9458=DIRECTION('',(1.0,3.19771212653211E-14,4.08284984336314E-13));
#9459=DIRECTION('',(-1.0,-3.19771212653308E-14,-4.08284984336314E-13));
#9460=DIRECTION('',(1.0,3.19771212653211E-14,4.08284984336314E-13));
#9461=DIRECTION('',(1.0,3.19771212653211E-14,4.08284984336314E-13));
#9462=DIRECTION('',(-1.0,-3.19771212653211E-14,-4.08284984336314E-13));
#9463=DIRECTION('',(-1.0,-3.19771212653211E-14,-4.08284984336314E-13));
#9464=DIRECTION('',(2.94488511406132E-15,-2.6159630301377E-14,-1.0));
#9465=DIRECTION('',(-1.0,-3.19771212652823E-14,4.34668471484469E-15));
#9466=DIRECTION('',(-2.94488511406132E-15,2.6159630301377E-14,1.0));
#9467=DIRECTION('',(-1.0,-3.19771212653179E-14,-4.68303624151828E-16));
#9468=CARTESIAN_POINT('',(4.59999999715972,-14.3090880212464,18.7000000004264));
#9469=DIRECTION('',(1.0,3.19771212653163E-14,4.08284984336327E-13));
#9470=DIRECTION('',(1.80186543108025E-14,0.992546151641319,-0.121869343405174));
#9471=DIRECTION('',(1.0,3.19771212653211E-14,4.08284984336314E-13));
#9472=CARTESIAN_POINT('',(0.549999999964671,-14.3090880212465,18.7000000004247));
#9473=DIRECTION('',(1.0,3.19771212653163E-14,4.08284984336327E-13));
#9474=DIRECTION('',(1.80186543108025E-14,0.992546151641319,-0.121869343405174));
#9475=DIRECTION('',(1.0,3.19771212653211E-14,4.08284984336314E-13));
#9476=DIRECTION('',(-1.0,-4.99469023829151E-14,4.34668471457327E-15));
#9477=DIRECTION('',(4.61295927129888E-14,0.965925826289068,0.258819045102523));
#9478=DIRECTION('',(1.78339044120234E-14,0.422348267788494,0.906433638329943));
#9479=DIRECTION('',(-4.27476871404566E-14,-0.906307787036659,-0.42261826174068));
#9480=CARTESIAN_POINT('',(4.59999999716061,4.25000000002724,22.5846539761126));
#9481=DIRECTION('',(-1.0,-4.99469023829297E-14,4.34668471457327E-15));
#9482=DIRECTION('',(4.99469023829297E-14,-1.0,-2.78532310127204E-22));
#9483=DIRECTION('',(-2.94386111499854E-15,2.83646747912281E-22,1.0));
#9484=CARTESIAN_POINT('',(4.59999999716061,4.25000000002725,22.6153460241968));
#9485=DIRECTION('',(-1.0,-4.99469023829297E-14,4.34668471457327E-15));
#9486=DIRECTION('',(4.99469023829297E-14,-1.0,-2.78532310127204E-22));
#9487=DIRECTION('',(-4.7641300604276E-14,-0.965925826289069,0.258819045102519));
#9488=DIRECTION('',(-4.8536956189906E-14,-1.0,2.61596297290974E-14));
#9489=DIRECTION('',(-3.60018755276707E-14,-0.698923324711263,0.715196606657606));
#9490=DIRECTION('',(2.94386111499854E-15,-2.83646747912281E-22,-1.0));
#9491=DIRECTION('',(4.27476871404566E-14,0.906307787036659,0.42261826174068));
#9492=DIRECTION('',(0.551466340999338,-0.756039367360942,-0.352546946867035));
#9493=DIRECTION('',(-1.0,4.85369561899254E-14,-2.94386111569648E-15));
#9494=DIRECTION('',(0.651644352716038,0.687456792721968,0.320566367096927));
#9495=DIRECTION('',(-2.56292372346008E-14,-0.577350269189647,-0.816496580927711));
#9496=DIRECTION('',(2.94386111499854E-15,-2.83646747912281E-22,-1.0));
#9497=DIRECTION('',(3.60018755276707E-14,0.698923324711263,-0.715196606657606));
#9498=DIRECTION('',(4.8536956189906E-14,1.0,-2.61596297290974E-14));
#9499=DIRECTION('',(1.0,-4.14122963647699E-14,-4.34668471505149E-15));
#9500=DIRECTION('',(0.37420583532068,0.648143519264168,-0.663234476823854));
#9501=DIRECTION('',(1.0,-1.05834601728658E-10,1.08252063445423E-10));
#9502=DIRECTION('',(0.256161373131425,-0.675603071097265,0.691333379231299));
#9503=DIRECTION('',(0.35410607457272,-0.93392359882762,0.0489448618709502));
#9504=DIRECTION('',(2.94443346598931E-15,-2.83646746329311E-22,-1.0));
#9505=DIRECTION('',(0.228054456820839,-0.601473553651379,-0.765650526664831));
#9506=DIRECTION('',(1.59193448882195E-15,0.707106781186555,-0.70710678118654));
#9507=DIRECTION('',(-7.14706073280611E-16,1.0,1.00475186564393E-14));
#9508=DIRECTION('',(2.94903014007321E-15,-8.35377045319058E-11,-1.0));
#9509=DIRECTION('',(-7.04973096512241E-16,1.0,-7.55367987543515E-14));
#9510=DIRECTION('',(-5.5330851698472E-16,0.998629534754574,-0.052335956242944));
#9511=DIRECTION('',(-0.404854300960028,-0.701228218925553,-0.586832156563241));
#9512=DIRECTION('',(2.94386111499854E-15,-2.83646747912281E-22,-1.0));
#9513=DIRECTION('',(0.377964473019082,0.654653670725045,-0.65465367068522));
#9514=DIRECTION('',(0.499485811385669,0.865134802979746,-0.0453397937533402));
#9515=DIRECTION('',(1.0,2.76945945783184E-12,1.02560365777519E-10));
#9516=DIRECTION('',(-4.8536956189906E-14,-1.0,2.61596297290974E-14));
#9517=DIRECTION('',(2.94209129214245E-15,-1.00226993371705E-10,-1.0));
#9518=DIRECTION('',(-4.85375628566493E-14,-1.0,-1.00475186614906E-14));
#9519=DIRECTION('',(-3.63974263108206E-14,-0.707106781186555,0.70710678118654));
#9520=DIRECTION('',(-0.707106781186549,5.3114115580948E-14,0.707106781186546));
#9521=DIRECTION('',(4.85230784020962E-14,1.0,-2.61596297290988E-14));
#9522=DIRECTION('',(-0.707106781186548,7.8915350301387E-11,0.707106781186547));
#9523=DIRECTION('',(-0.707106781186548,5.32112600956039E-14,0.707106781186547));
#9524=DIRECTION('',(-1.0,4.85369561899254E-14,-2.94386111569648E-15));
#9525=DIRECTION('',(-0.707106781186545,1.55191880084409E-14,-0.70710678118655));
#9526=DIRECTION('',(2.94386111506317E-15,-2.6159630301377E-14,-1.0));
#9527=DIRECTION('',(-1.0,4.85369561872261E-14,-1.02564796709143E-10));
#9528=DIRECTION('',(2.94386111506317E-15,-2.6159630301377E-14,-1.0));
#9529=DIRECTION('',(-4.85508339777158E-14,-1.0,2.6159629729096E-14));
#9530=DIRECTION('',(-0.649758664447615,0.394496331986063,-0.64975866444765));
#9531=DIRECTION('',(0.707106781186545,6.33747183155604E-11,0.70710678118655));
#9532=DIRECTION('',(4.85230784020962E-14,1.0,-2.61596297290988E-14));
#9533=DIRECTION('',(-1.0,1.09897322825611E-11,-2.94386111559308E-15));
#9534=DIRECTION('',(-4.85508339777158E-14,-1.0,2.6159629729096E-14));
#9535=DIRECTION('',(-1.0,-4.99469023829151E-14,4.34668471457327E-15));
#9536=DIRECTION('',(-1.0,-4.99469023829151E-14,4.34668471457327E-15));
#9537=DIRECTION('',(-1.0,-4.99469023829151E-14,4.34668471457327E-15));
#9538=DIRECTION('',(1.0,3.19771212653211E-14,4.08284984336314E-13));
#9539=DIRECTION('',(1.0,1.33820222824064E-18,-7.95717039502938E-12));
#9540=DIRECTION('',(1.0,4.86067422134794E-12,1.02557312366323E-10));
#9541=DIRECTION('',(1.0,2.7650271146983E-12,2.36204628704669E-12));
#9542=DIRECTION('',(1.0,2.7650271146983E-12,2.36204628704669E-12));
#9543=DIRECTION('',(1.0,3.19771212653211E-14,4.08284984336314E-13));
#9544=DIRECTION('',(1.0,2.7650271146983E-12,2.36204628704669E-12));
#9545=DIRECTION('',(1.0,3.19771212653211E-14,4.08284984336314E-13));
#9546=CARTESIAN_POINT('',(1.00000000125069,0.900000000045805,3.09999999997623));
#9547=DIRECTION('',(1.0,3.19771212653421E-14,4.08284984336315E-13));
#9548=DIRECTION('',(-3.19771212653421E-14,1.0,1.54200446062077E-17));
#9549=DIRECTION('',(-4.03896783473158E-28,-1.0,-2.83654889843429E-22));
#9550=DIRECTION('',(-1.0,-3.19771212653211E-14,-4.08284984336314E-13));
#9551=DIRECTION('',(1.15167100844642E-16,-2.1187634976988E-12,1.0));
#9552=DIRECTION('',(-1.0,-3.19771212653211E-14,-4.08284984336314E-13));
#9553=DIRECTION('',(1.38777878045833E-17,-1.0,-2.46830334233441E-13));
#9554=DIRECTION('',(-1.0,-3.19771212653211E-14,-4.08284984336314E-13));
#9555=DIRECTION('',(-1.0,-3.19771212653211E-14,-4.08284984336314E-13));
#9556=DIRECTION('',(-1.15167098001209E-16,-2.83655208364767E-22,-1.0));
#9557=DIRECTION('',(-1.0,-3.19771212653211E-14,-4.08284984336314E-13));
#9558=DIRECTION('',(1.0,1.33820551757604E-18,3.10293271091076E-12));
#9559=DIRECTION('',(-4.97032970336741E-14,1.0,-2.6159629739173E-14));
#9560=CARTESIAN_POINT('',(2.89999999996597,13.1249999999862,41.2500000004206));
#9561=DIRECTION('',(-2.94386111506317E-15,2.61735080891848E-14,1.0));
#9562=DIRECTION('',(4.97019730230867E-14,-1.0,2.6173508089185E-14));
#9563=DIRECTION('',(0.707106781186547,-0.707106781186548,1.86716696404901E-14));
#9564=DIRECTION('',(-2.94386111506317E-15,2.6159630301377E-14,1.0));
#9565=DIRECTION('',(0.707106781186547,-0.707106781186548,1.86716696404901E-14));
#9566=DIRECTION('',(4.97019730231139E-14,-1.0,2.61596297391728E-14));
#9567=CARTESIAN_POINT('',(2.89999999996598,13.124999999986,34.7500000004258));
#9568=DIRECTION('',(-2.94386111506317E-15,2.61735080891848E-14,1.0));
#9569=DIRECTION('',(4.97019730230867E-14,-1.0,2.6173508089185E-14));
#9570=CARTESIAN_POINT('',(2.89999999996598,13.124999999986,34.7500000004258));
#9571=DIRECTION('',(-2.94386111506317E-15,2.61735080891848E-14,1.0));
#9572=DIRECTION('',(4.97019730230867E-14,-1.0,2.6173508089185E-14));
#9573=DIRECTION('',(-2.94386111506317E-15,2.6159630301377E-14,1.0));
#9574=CARTESIAN_POINT('',(2.89999999996598,13.124999999986,33.7500000004258));
#9575=DIRECTION('',(-2.94386111506317E-15,2.61735080891848E-14,1.0));
#9576=DIRECTION('',(4.97019730230867E-14,-1.0,2.6173508089185E-14));
#9577=DIRECTION('',(-0.707106781186547,0.707106781186548,-1.86716696404901E-14));
#9578=DIRECTION('',(0.707106781186547,-0.707106781186548,1.86716696404901E-14));
#9579=DIRECTION('',(-1.0,-3.19771212653211E-14,-4.08284984336314E-13));
#9580=DIRECTION('',(4.08284517306031E-13,1.98452337399178E-15,-1.0));
#9581=DIRECTION('',(-1.0,-3.19771212653502E-14,-5.55111556644289E-17));
#9582=DIRECTION('',(4.08284517306031E-13,1.98452337399178E-15,-1.0));
#9583=DIRECTION('',(-1.03149418346395E-20,-1.0,1.00575658912022E-10));
#9584=DIRECTION('',(1.03149418346395E-20,1.0,-1.00575658912022E-10));
#9585=DIRECTION('',(-1.0,3.79662976464769E-26,-5.55111584820129E-17));
#9586=DIRECTION('',(4.08291456199999E-13,-2.82525665061844E-22,-1.0));
#9587=DIRECTION('',(4.08291456199999E-13,-2.82525665061844E-22,-1.0));
#9588=DIRECTION('',(3.16106156311409E-13,0.573576436351043,-0.819152044288994));
#9589=DIRECTION('',(-1.0,-3.19771212653211E-14,-4.08284984336314E-13));
#9590=DIRECTION('',(3.19771212653494E-14,-1.0,-2.80375300019794E-22));
#9591=DIRECTION('',(-3.52788802831696E-13,0.573576436351043,0.819152044288994));
#9592=DIRECTION('',(3.19771212653494E-14,-1.0,-2.80375300019794E-22));
#9593=DIRECTION('',(-1.0,-3.19771212653211E-14,-4.08284984336314E-13));
#9594=DIRECTION('',(-1.0,-3.19771212653211E-14,-4.08284984336314E-13));
#9595=DIRECTION('',(-0.500000000001953,1.20313413371489E-11,0.866025403783311));
#9596=CARTESIAN_POINT('',(2.74999999551425,57.6500000052522,28.8500000027063));
#9597=DIRECTION('',(-2.1800970502062E-12,6.93167745452479E-12,1.0));
#9598=DIRECTION('',(1.48358293949944E-13,-1.0,6.93167745452511E-12));
#9599=DIRECTION('',(-1.0,2.50980441525654E-12,-2.77044229368809E-12));
#9600=DIRECTION('',(2.77044229368676E-12,-8.85697071267687E-12,-1.0));
#9601=DIRECTION('',(3.12169958556626E-12,-8.8569707126759E-12,-1.0));
#9602=DIRECTION('',(-2.08166275144279E-17,1.0,-5.29867816006511E-13));
#9603=DIRECTION('',(-0.0415433183384422,0.999136703710474,-6.43833169625795E-13));
#9604=DIRECTION('',(1.0,2.76502711486032E-12,2.77044229368532E-12));
#9605=DIRECTION('',(0.041436188027347,-0.996560168422038,0.0717695829471097));
#9606=DIRECTION('',(0.447213595499154,0.447213595505324,0.77459666923885));
#9607=DIRECTION('',(2.81236009351782E-12,-4.0441539009267E-12,-1.0));
#9608=CARTESIAN_POINT('',(2.74999999556719,58.2500000052615,24.6930780651765));
#9609=DIRECTION('',(-0.866025403783054,3.89470490884445E-12,-0.500000000002398));
#9610=DIRECTION('',(-0.500000000002398,6.91894227119608E-12,0.866025403783054));
#9611=CARTESIAN_POINT('',(2.74999999556719,58.2500000052616,24.6930780645181));
#9612=DIRECTION('',(3.63122028585236E-12,0.866025403780197,-0.500000000007347));
#9613=DIRECTION('',(5.58239274223791E-13,-0.500000000007347,-0.866025403780197));
#9614=DIRECTION('',(0.44721359549851,-0.447213595508297,-0.774596669237505));
#9615=DIRECTION('',(1.5279905805478E-12,1.0,5.14224773917232E-12));
#9616=DIRECTION('',(1.73982759560254E-17,-1.0,-7.78901942972198E-12));
#9617=DIRECTION('',(2.39929021653959E-12,-0.500000000007347,-0.866025403780197));
#9618=DIRECTION('',(1.0,-1.06896577979739E-13,7.07729026738548E-12));
#9619=DIRECTION('',(0.0207851155035312,-0.49989198308313,-0.865838312979231));
#9620=DIRECTION('',(2.77044229368685E-12,-3.96750354792195E-10,-1.0));
#9621=DIRECTION('',(2.67604176130937E-12,-0.258819045649818,-0.965925826142421));
#9622=DIRECTION('',(2.77044229368677E-12,-5.88420936975807E-10,-1.0));
#9623=DIRECTION('',(2.39927340583863E-12,-0.500000000133108,-0.866025403707589));
#9624=DIRECTION('',(-2.7704422936868E-12,8.48224268629027E-12,1.0));
#9625=DIRECTION('',(-2.72195501400609E-11,5.88420936975739E-10,1.0));
#9626=DIRECTION('',(-0.0107608692759885,0.258804060071057,0.965869899201317));
#9627=DIRECTION('',(-1.92500251901212E-11,3.9675035479215E-10,1.0));
#9628=DIRECTION('',(-3.1061377308532E-12,8.48224268628934E-12,1.0));
#9629=DIRECTION('',(-0.0207851155087532,0.499891983208723,0.865838312906594));
#9630=DIRECTION('',(-1.0,1.06896578061937E-13,2.61227146250923E-12));
#9631=DIRECTION('',(-1.0,-2.7650271146983E-12,-2.36204628704669E-12));
#9632=DIRECTION('',(-1.0,-2.7650271146983E-12,-2.36204628704669E-12));
#9633=DIRECTION('',(1.0,2.7650271146983E-12,2.36204628704669E-12));
#9634=DIRECTION('',(3.06229035852074E-13,3.60582397302551E-12,1.0));
#9635=DIRECTION('',(0.707106781190546,0.707106781182549,1.58450246880749E-12));
#9636=DIRECTION('',(2.77044876556211E-12,-5.29867816566156E-13,-1.0));
#9637=DIRECTION('',(-2.75934708494191E-12,5.39328304266353E-12,1.0));
#9638=DIRECTION('',(-1.0,2.94636132854988E-11,-1.63803317186753E-12));
#9639=DIRECTION('',(1.0339541723386E-11,1.0,-5.6793320033381E-12));
#9640=DIRECTION('',(1.0,-2.94636132854988E-11,1.63803317186753E-12));
#9641=CARTESIAN_POINT('',(2.65000000010812,52.9000000017605,34.7500000028161));
#9642=DIRECTION('',(-1.63803317169968E-12,5.6793320049613E-12,1.0));
#9643=DIRECTION('',(-2.76573208721263E-12,1.0,-5.67933200496583E-12));
#9644=DIRECTION('',(1.0,-2.94636132854988E-11,1.63803317186753E-12));
#9645=DIRECTION('',(3.51763063180468E-12,1.0,-5.67933200403776E-12));
#9646=DIRECTION('',(-1.0,2.94636132854988E-11,-1.63803317186753E-12));
#9647=CARTESIAN_POINT('',(2.65000000010434,52.9000000017504,34.7500000028161));
#9648=DIRECTION('',(-1.63803317169968E-12,5.6793320049613E-12,1.0));
#9649=DIRECTION('',(-2.76573208721263E-12,1.0,-5.67933200496583E-12));
#9650=DIRECTION('',(7.23953406581901E-13,1.05304376332797E-11,1.0));
#9651=CARTESIAN_POINT('',(2.65000000010464,52.9000000017546,35.1500000027586));
#9652=DIRECTION('',(2.77044229368672E-12,-5.29867816566156E-13,-1.0));
#9653=DIRECTION('',(2.76573208774077E-12,-1.0,5.29867816573819E-13));
#9654=DIRECTION('',(2.59357813006791E-12,-1.05304376332705E-11,-1.0));
#9655=DIRECTION('',(1.0,-2.94636132854869E-11,2.77044229370211E-12));
#9656=DIRECTION('',(-2.51768744744109E-12,1.05304376332707E-11,1.0));
#9657=DIRECTION('',(1.0,-2.94636132854869E-11,2.77044229370211E-12));
#9658=DIRECTION('',(2.51768744744109E-12,-1.05304376332707E-11,-1.0));
#9659=DIRECTION('',(1.0,-2.94636132854869E-11,2.77044229370211E-12));
#9660=CARTESIAN_POINT('',(2.65000000010842,52.9000000017596,35.1500000027586));
#9661=DIRECTION('',(7.23953406415199E-13,-2.21959950390838E-12,1.0));
#9662=DIRECTION('',(3.15628997887043E-11,1.0,2.21959950388553E-12));
#9663=DIRECTION('',(1.0,-2.94636132854869E-11,2.77044229370211E-12));
#9664=DIRECTION('',(-1.03395417228578E-11,-1.0,5.2986781494608E-13));
#9665=DIRECTION('',(1.0,-9.54734275441951E-12,2.77044229369173E-12));
#9666=DIRECTION('',(0.707106781190546,0.707106781182549,1.58450246880749E-12));
#9667=DIRECTION('',(-1.0,1.22176743236248E-11,-2.77044229369348E-12));
#9668=DIRECTION('',(0.70710678118254,-0.707106781190555,2.33354218672422E-12));
#9669=DIRECTION('',(1.0,-9.54734275441951E-12,2.77044229369173E-12));
#9670=DIRECTION('',(3.51762369238264E-12,1.0,-5.2986781564574E-13));
#9671=DIRECTION('',(-1.03395417228578E-11,-1.0,5.2986781494608E-13));
#9672=DIRECTION('',(-2.51768585037882E-12,5.71961922296496E-12,1.0));
#9673=DIRECTION('',(-2.51768585043241E-12,5.29867816566855E-13,1.0));
#9674=DIRECTION('',(-3.51762369238264E-12,-1.0,5.2986781564574E-13));
#9675=DIRECTION('',(1.0,-2.69556944388561E-12,2.77044229368821E-12));
#9676=DIRECTION('',(2.59357733952164E-12,-5.67422497904539E-12,-1.0));
#9677=DIRECTION('',(2.59357733952153E-12,-5.71961922296475E-12,-1.0));
#9678=DIRECTION('',(-2.59357813006791E-12,1.05304376332705E-11,1.0));
#9679=DIRECTION('',(2.77043488772524E-12,-5.6742249790449E-12,-1.0));
#9680=DIRECTION('',(2.77044876556211E-12,-5.29867816566156E-13,-1.0));
#9681=DIRECTION('',(3.06229035852074E-13,3.60582397302551E-12,1.0));
#9682=DIRECTION('',(7.02908182326924E-13,-3.60582397302272E-12,-1.0));
#9683=DIRECTION('',(2.59357733952164E-12,-5.67422497904539E-12,-1.0));
#9684=DIRECTION('',(1.0,-9.54734275441951E-12,2.77044229369173E-12));
#9685=DIRECTION('',(2.77043488772524E-12,-5.6742249790449E-12,-1.0));
#9686=DIRECTION('',(0.70710678118254,-0.707106781190555,2.33354218672422E-12));
#9687=DIRECTION('',(7.02908182326924E-13,-3.60582397302272E-12,-1.0));
#9688=DIRECTION('',(-0.500000000001953,1.20313413371489E-11,0.866025403783311));
#9689=CARTESIAN_POINT('',(2.74999999551528,47.4500000044119,28.8500000027118));
#9690=DIRECTION('',(-2.1800970502062E-12,6.93167745452479E-12,1.0));
#9691=DIRECTION('',(1.48358293949944E-13,-1.0,6.93167745452511E-12));
#9692=DIRECTION('',(-1.0,2.50980441525654E-12,-2.77044229368809E-12));
#9693=DIRECTION('',(2.77044229368676E-12,-8.85697071267687E-12,-1.0));
#9694=DIRECTION('',(3.12169958556626E-12,-8.8569707126759E-12,-1.0));
#9695=DIRECTION('',(-2.08166275144279E-17,1.0,-5.29867816006511E-13));
#9696=DIRECTION('',(-0.0415433183384422,0.999136703710474,-6.43833169625795E-13));
#9697=DIRECTION('',(1.0,2.76502711486032E-12,2.77044229368532E-12));
#9698=DIRECTION('',(0.041436188027347,-0.996560168422038,0.0717695829471097));
#9699=DIRECTION('',(0.447213595499154,0.447213595505324,0.77459666923885));
#9700=DIRECTION('',(-2.75934708494191E-12,5.39328304266353E-12,1.0));
#9701=DIRECTION('',(2.81236009351782E-12,-4.0441539009267E-12,-1.0));
#9702=DIRECTION('',(1.5279905805478E-12,1.0,5.14224773917232E-12));
#9703=DIRECTION('',(0.44721359549851,-0.447213595508297,-0.774596669237505));
#9704=CARTESIAN_POINT('',(2.74999999556823,48.0500000044212,24.6930780651819));
#9705=DIRECTION('',(-0.866025403783054,3.89470490884445E-12,-0.500000000002398));
#9706=DIRECTION('',(-0.500000000002398,6.91894227119608E-12,0.866025403783054));
#9707=DIRECTION('',(1.73982759560254E-17,-1.0,-7.78901942972198E-12));
#9708=CARTESIAN_POINT('',(2.74999999556822,48.0500000044212,24.6930780645235));
#9709=DIRECTION('',(3.63122028585236E-12,0.866025403780197,-0.500000000007347));
#9710=DIRECTION('',(5.58239274223791E-13,-0.500000000007347,-0.866025403780197));
#9711=DIRECTION('',(2.39929021653959E-12,-0.500000000007347,-0.866025403780197));
#9712=DIRECTION('',(1.0,-1.06896577979739E-13,7.07729026738548E-12));
#9713=DIRECTION('',(0.0207851155035312,-0.49989198308313,-0.865838312979231));
#9714=DIRECTION('',(2.77044229368685E-12,-3.96750354792195E-10,-1.0));
#9715=DIRECTION('',(2.67604176130937E-12,-0.258819045649818,-0.965925826142421));
#9716=DIRECTION('',(2.77044229368677E-12,-5.88420936975807E-10,-1.0));
#9717=DIRECTION('',(2.39927340583863E-12,-0.500000000133108,-0.866025403707589));
#9718=DIRECTION('',(-2.7704422936868E-12,8.48224268629027E-12,1.0));
#9719=DIRECTION('',(-2.72195501400609E-11,5.88420936975739E-10,1.0));
#9720=DIRECTION('',(-0.0107608692759885,0.258804060071057,0.965869899201317));
#9721=DIRECTION('',(-1.92500251901212E-11,3.9675035479215E-10,1.0));
#9722=DIRECTION('',(-3.1061377308532E-12,8.48224268628934E-12,1.0));
#9723=DIRECTION('',(-0.0207851155087532,0.499891983208723,0.865838312906594));
#9724=DIRECTION('',(-1.0,1.06896578061937E-13,2.61227146250923E-12));
#9725=DIRECTION('',(-1.0,-2.7650271146983E-12,-2.36204628704669E-12));
#9726=DIRECTION('',(-1.0,-2.7650271146983E-12,-2.36204628704669E-12));
#9727=DIRECTION('',(1.0,2.7650271146983E-12,2.36204628704669E-12));
#9728=DIRECTION('',(-1.0,1.22176743236248E-11,-2.77044229369348E-12));
#9729=DIRECTION('',(-1.0,2.94636132854988E-11,-1.63803317186753E-12));
#9730=DIRECTION('',(1.0339541723386E-11,1.0,-5.6793320033381E-12));
#9731=DIRECTION('',(1.0,-2.94636132854988E-11,1.63803317186753E-12));
#9732=CARTESIAN_POINT('',(2.65000000006219,42.7000000005815,34.7500000028215));
#9733=DIRECTION('',(-1.63803317169968E-12,5.6793320049613E-12,1.0));
#9734=DIRECTION('',(-2.76573208721263E-12,1.0,-5.67933200496583E-12));
#9735=DIRECTION('',(1.0,-2.94636132854988E-11,1.63803317186753E-12));
#9736=DIRECTION('',(3.51763063180468E-12,1.0,-5.67933200403776E-12));
#9737=DIRECTION('',(-1.0,2.94636132854988E-11,-1.63803317186753E-12));
#9738=CARTESIAN_POINT('',(2.65000000005841,42.7000000005714,34.7500000028215));
#9739=DIRECTION('',(-1.63803317169968E-12,5.6793320049613E-12,1.0));
#9740=DIRECTION('',(-2.76573208721263E-12,1.0,-5.67933200496583E-12));
#9741=DIRECTION('',(7.23953406581901E-13,1.05304376332797E-11,1.0));
#9742=CARTESIAN_POINT('',(2.65000000005871,42.7000000005756,35.150000002764));
#9743=DIRECTION('',(2.77044229368672E-12,-5.29867816566156E-13,-1.0));
#9744=DIRECTION('',(2.76573208774077E-12,-1.0,5.29867816573819E-13));
#9745=DIRECTION('',(2.59357813006791E-12,-1.05304376332705E-11,-1.0));
#9746=DIRECTION('',(1.0,-2.94636132854869E-11,2.77044229370211E-12));
#9747=DIRECTION('',(-2.51768744744109E-12,1.05304376332707E-11,1.0));
#9748=DIRECTION('',(1.0,-2.94636132854869E-11,2.77044229370211E-12));
#9749=DIRECTION('',(2.51768744744109E-12,-1.05304376332707E-11,-1.0));
#9750=DIRECTION('',(1.0,-2.94636132854869E-11,2.77044229370211E-12));
#9751=CARTESIAN_POINT('',(2.65000000006249,42.7000000005806,35.1500000027641));
#9752=DIRECTION('',(7.23953406415199E-13,-2.21959950390838E-12,1.0));
#9753=DIRECTION('',(3.15628997887043E-11,1.0,2.21959950388553E-12));
#9754=DIRECTION('',(1.0,-2.94636132854869E-11,2.77044229370211E-12));
#9755=DIRECTION('',(-1.03395417228578E-11,-1.0,5.2986781494608E-13));
#9756=DIRECTION('',(1.0,-9.54734275441951E-12,2.77044229369173E-12));
#9757=DIRECTION('',(3.51762369238264E-12,1.0,-5.2986781564574E-13));
#9758=DIRECTION('',(-1.03395417228578E-11,-1.0,5.2986781494608E-13));
#9759=DIRECTION('',(-2.51768585037882E-12,5.71961922296496E-12,1.0));
#9760=DIRECTION('',(-2.51768585043241E-12,5.29867816566855E-13,1.0));
#9761=DIRECTION('',(-3.51762369238264E-12,-1.0,5.2986781564574E-13));
#9762=DIRECTION('',(1.0,-2.69556944388561E-12,2.77044229368821E-12));
#9763=DIRECTION('',(2.59357733952153E-12,-5.71961922296475E-12,-1.0));
#9764=DIRECTION('',(-2.59357813006791E-12,1.05304376332705E-11,1.0));
#9765=DIRECTION('',(-1.0,-2.76502852620768E-12,-1.02564796709143E-10));
#9766=DIRECTION('',(-4.85375628566493E-14,-1.0,-1.00475186614906E-14));
#9767=DIRECTION('',(-7.14706073280611E-16,1.0,1.00475186564393E-14));
#9768=DIRECTION('',(-4.8536956189906E-14,-1.0,2.61596297290974E-14));
#9769=DIRECTION('',(-7.04973096512241E-16,1.0,-7.55367987543515E-14));
#9770=PRESENTATION_LAYER_ASSIGNMENT('','',(#240,#242,#244,#246,#248,#250,#252,#254,#256,#258,#260,#262,#264,#266,#268,#270,#272,#274,#276,#278,#280,#282,#284,#286,#288,#290,#292,#294,#296,#298,#300,#302,#304,#306,#308,#310,#312,#314,#316,#318,#320,#322,#324,#326,#328,#330,#332,#334,#336,#338,#340,#342,#344,#346,#348,#350,#352,#354,#356,#358,#360,#362,#364,#366,#368,#370,#372,#374,#376,#378,#380,#382,#384,#386,#388,#390,#392,#394,#396,#398,#400,#402,#404,#406,#408,#410,#412,#414,#416,#418,#420,#422,#424,#426,#428,#430,#432,#434,#436,#438,#440,#442,#444,#446,#448,#450,#452,#454,#456,#458,#460,#462,#464,#466,#468,#470,#472,#474,#476,#478,#480,#482,#484,#486,#488,#490,#492,#494,#496,#498,#500,#502,#504,#506,#508,#510,#512,#514,#516,#518,#520,#522,#524,#526,#528,#530,#532,#534,#536,#538,#540,#542,#544,#546,#548,#550,#552,#554,#556,#558,#560,#562,#564,#566,#568,#570,#572,#574,#576,#578,#580,#582,#584,#586,#588,#590,#592,#594,#596,#598,#600,#602,#604,#606,#608,#610,#612,#614,#616,#618,#620,#622,#624,#626,#628,#630,#632,#634,#636,#638,#640,#642,#644,#646,#648,#650,#652,#654,#656,#658,#660,#662,#664,#666,#668,#670,#4084,#4085,#4086,#4089,#4090,#4091,#4094,#4095,#4096,#4097,#4098,#4101,#4102,#4103,#4104,#4107,#4108,#4109,#4112,#4113,#4114,#4117,#4118,#4119,#4122,#4123,#4124,#4125,#4128,#4129,#4130,#4131,#4132,#4135,#4136,#4137,#4140,#4141,#4142,#4145,#4146,#4147,#4150,#4151,#4152,#4153,#4154,#4155,#4156,#4159,#4160,#4161,#4162,#4163,#4166,#4167,#4168,#4171,#4172,#4173,#4176,#4177,#4178,#4181,#4182,#4183,#4185,#4186,#4187,#4188,#4190,#4191,#4192,#4193,#4194,#4195,#4196,#4197,#4198,#4199,#4200,#4201,#4202,#4203,#4204,#4205,#4206,#4207,#4208,#4209,#4210,#4211,#4212,#4213,#4214,#4215,#4216,#4217,#4218,#4219,#4220,#4221,#4222,#4223,#4224,#4225,#4226,#4227,#4228,#4229,#4230,#4231,#4232,#4233,#4234,#4235,#4236,#4237,#4238,#4239,#4240,#4241,#4242,#4243,#4244,#4245,#4246,#4247,#4248,#4249,#4250,#4251,#4252,#4253,#4254,#4255,#4256,#4257,#4258,#4259,#4260,#4261,#4262,#4263,#4264,#4265,#4266,#4267,#4268,#4269,#4270,#4271,#4272,#4273,#4274,#4275,#4277,#4278,#4279,#4280,#4281,#4282,#4283,#4284,#4285,#4286,#4287,#4288,#4289,#4290,#4291,#4292,#4293,#4294,#4295,#4296,#4297,#4298,#4299,#4300,#4301,#4302,#4303,#4304,#4305,#4306,#4307,#4308,#4309,#4310,#4311,#4312,#4313,#4314,#4315,#4316,#4317,#4318,#4319,#4320,#4321,#4322,#4323,#4324,#4325,#4326,#4327,#4328,#4329,#4330,#4331,#4332,#4333,#4334,#4335,#4336,#4337,#4338,#4339,#4340,#4341,#4342,#4343,#4344,#4345,#4346,#4347,#4349,#4351,#4352,#4354,#4356,#4358,#4359,#4360,#4361,#4363,#4364,#4365,#4366,#4367,#4368,#4371,#4372,#4373,#4376,#4377,#4379,#4380,#4382,#4383,#4385,#4386,#4387,#4388,#4389,#4390,#4391,#4392,#4393,#4394,#4395,#4396,#4397,#4398,#4399,#4400,#4401,#4402,#4403,#4404,#4405,#4406,#4407,#4408,#4409,#4410,#4411,#4412,#4413,#4414,#4416,#4418,#4419,#4421,#4422,#4424,#4425,#4427,#4429,#4432,#4437,#4438,#4441,#4443,#4445,#4448,#4451,#4452,#4453,#4455,#4456,#4457,#4459,#4461,#4463,#4464,#4465,#4466,#4467,#4469,#4470,#4472,#4474,#4475,#4477,#4478,#4480,#4481,#4483,#4484,#4486,#4489,#4492,#4495,#4496,#4497,#4498,#4500,#4501,#4502,#4503,#4505,#4506,#4508,#4509,#4510,#4511,#4512,#4513,#4514,#4515,#4516,#4518,#4519,#4520,#4521,#4523,#4524,#4525,#4526,#4528,#4529,#4530,#4531,#4533,#4534,#4535,#4537,#4538,#4539,#4540,#4541,#4543,#4544,#4545,#4546,#4548,#4550,#4551,#4552,#4553,#4555,#4557,#4558,#4560,#4561,#4562,#4563,#4564,#4565,#4567,#4568,#4569,#4571,#4572,#4573,#4577,#4579,#4581,#4584,#4586,#4587,#4589,#4590,#4592,#4593,#4595,#4596,#4599,#4600,#4602,#4603,#4605,#4606,#4608,#4609,#4611,#4615,#4619,#4620,#4622,#4623,#4624,#4626,#4628,#4630,#4631,#4632,#4634,#4636,#4639,#4640,#4641,#4642,#4645,#4646,#4647,#4649,#4651,#4654,#4655,#4657,#4660,#4661,#4663,#4669,#4672,#4674,#4676,#4677,#4678,#4679,#4680,#4682,#4683,#4684,#4686,#4687,#4688,#4690,#4691,#4693,#4694,#4695,#4698,#4699,#4700,#4702,#4703,#4704,#4706,#4707,#4708,#4709,#4710,#4712,#4713,#4714,#4715,#4716,#4718,#4720,#4721,#4724,#4726,#4727,#4728,#4731,#4734,#4736,#4737,#4738,#4739,#4740,#4741,#4742,#4743,#4745,#4746,#4748,#4749,#4751,#4752,#4754,#4755,#4757,#4758,#4760,#4761,#4762,#4763,#4764,#4765,#4766,#4767,#4769,#4770,#4771,#4773,#4774,#4776,#4777,#4778,#4780,#4784,#4786,#4788,#4791,#4792,#4793,#4795,#4796,#4798,#4799,#4800,#4801,#4802,#4804,#4805,#4806,#4808,#4809,#4810,#4812,#4813,#4815,#4817,#4820,#4821,#4823,#4824,#4825,#4827,#4828,#4829,#4830,#4832,#4833,#4834,#4835,#4836,#4838,#4839,#4840,#4841,#4842,#4844,#4846,#4847,#4850,#4852,#4858,#4859,#4860,#4861,#4862,#4863,#4864,#4865,#4867,#4868,#4870,#4871,#4873,#4874,#4876,#4877,#4879,#4880,#4882,#4883,#4884,#4885,#4887,#4888,#4889,#4891,#4892,#4894,#4895,#4900,#4902,#4903,#4906,#4909,#4916,#4918,#4925,#4927,#4934,#4936,#4938,#4940,#4947,#4949,#4951,#4957,#4959,#4966,#4968,#4975,#4977,#4984,#4986,#4988,#4995,#4997,#4999,#5001,#5007,#5009,#5016,#5018,#5025,#5027,#5034,#5036,#5038,#5040,#5042,#5044,#5051,#5053,#5055,#5057,#5064,#5066,#5073,#5075,#5082,#5084,#5091,#5093,#5097,#5098,#5100,#5102,#5106,#5107,#5109,#5113,#5115,#5117,#5119,#5123,#5125,#5127,#5129,#5131,#5133,#5135,#5137,#5139,#5141,#5143,#5145,#5147,#5150,#5152,#5154,#5156,#5158,#5160,#5162,#5164,#5166,#5168,#5170,#5172,#5174,#5176,#5178,#5180,#5182,#5184,#5186,#5188,#5190,#5192,#5194,#5196,#5198,#5200,#5203,#5205,#5207,#5209,#5211,#5213,#5215,#5218,#5220,#5222,#5224,#5226,#5228,#5230,#5233,#5235,#5237,#5239,#5242,#5244,#5246,#5249,#5251,#5253,#5255,#5257,#5259,#5261,#5263,#5265,#5269,#5270,#5272,#5275,#5277,#5279,#5281,#5283,#5285,#5287,#5290,#5292,#5294,#5296,#5298,#5301,#5303,#5305,#5307,#5309,#5311,#5313,#5315,#5317,#5319,#5321,#5323,#5325,#5327,#5329,#5331,#5333,#5335,#5337,#5339,#5341,#5343,#5345,#5348,#5350,#5352,#5354,#5356,#5358,#5360,#5362,#5364,#5366,#5368,#5370,#5372,#5374,#5376,#5378,#5380,#5382,#5384,#5386,#5388,#5390,#5392,#5395,#5397,#5399,#5402,#5415,#5416,#5423,#5425,#5427,#5429,#5435,#5450,#5452,#5456,#5458,#5463,#5465,#5469,#5470,#5472,#5474,#5476,#5478,#5480,#5482,#5485,#5486,#5488,#5490,#5492,#5494,#5496,#5498,#5523,#5538,#5540,#5544,#5546,#5554,#5556,#5558,#5560,#5590,#5592,#5594,#5598,#5600,#5605,#5609,#5610,#5613,#5615,#5617,#5620,#5622,#5626,#5628,#5630,#5634,#5636,#5638,#5643,#5645,#5649,#5651,#5655,#5656,#5658,#5660,#5665,#5667,#5669,#5675,#5677,#5679,#5685,#5689,#5690,#5692,#5694,#5696,#5698,#5702,#5731,#5736,#5740,#5744,#5762,#5764,#5772,#5774,#5784,#5786,#5791,#5793,#5802,#5809,#5826,#5828,#5830,#5832,#5836,#5837,#5842,#5844,#5848,#5852,#5854,#5859,#5864,#5866,#5870,#5872,#5874,#5876,#5880,#5881,#5883,#5886,#5898,#5900,#5910,#5912,#5915,#5917,#5919,#5921,#5925,#5929,#5933,#5937,#5941,#5945,#5947,#5949,#5951,#5953,#5955,#5957,#5961,#5966,#5985,#5987,#5991,#5995,#5997,#5999,#6001,#6005,#6006,#6011,#6013,#6017,#6026,#6030,#6031,#6037,#6039,#6043,#6045,#6047,#6049,#6053,#6054,#6056,#6059,#6077,#6079,#6082,#6084,#6086,#6088,#6092,#6096,#6100,#6104,#6108,#6112,#6114,#6119,#6124));
ENDSEC;
END-ISO-10303-21;
