ISO-10303-21;
HEADER;
FILE_DESCRIPTION(('STEP AP242'),'1');
FILE_NAME('3206539.stp','2025-07-02T08:26:56',('TraceParts'),('TraceParts S.A.'),'Spatial InterOp 3D',' ',' ');
FILE_SCHEMA(('AP242_MANAGED_MODEL_BASED_3D_ENGINEERING_MIM_LF  {1 0 10303 442 1 1 4}'));
ENDSEC;
DATA;
#1=MECHANICAL_DESIGN_GEOMETRIC_PRESENTATION_REPRESENTATION(' ',(#10,#11,#12,#13,#14,#15,#16,#17,#18,#19,#20,#21,#22,#23,#24,#25,#26,#27,#28,#29,#30,#31,#32,#33,#34,#35,#36,#37,#38,#39,#40,#41,#42,#43,#44,#45,#46,#47,#48,#49,#50,#51,#52,#53,#54,#55,#56,#57,#58,#59,#60,#61,#62,#63,#64,#65,#66,#67,#68,#69,#70,#71,#72,#73,#74,#75,#76,#77,#78,#79,#80,#81,#82,#83,#84,#85,#86,#87,#88,#89,#90,#91,#92,#93,#94,#95,#96,#97,#98,#99,#100,#101,#102,#103,#104,#105,#106,#107,#108,#109,#110,#111,#112,#113,#114,#115,#116,#117,#118,#119,#120,#121,#122,#123,#124,#125,#126,#127,#128,#129,#130,#131,#132,#133,#134,#135,#136,#137,#138,#139,#140,#141,#142,#143,#144,#145,#146,#147,#148,#149,#150,#151,#152,#153,#154,#155,#156,#157),#6);
#2=PRODUCT_DEFINITION_CONTEXT('',#158,'design');
#3=APPLICATION_PROTOCOL_DEFINITION('INTERNATIONAL STANDARD','ap242_managed_model_based_3d_engineering',2014,#158);
#4=PRODUCT_CATEGORY_RELATIONSHIP('NONE','NONE',#159,#160);
#5=SHAPE_DEFINITION_REPRESENTATION(#161,#162);
#6= (GEOMETRIC_REPRESENTATION_CONTEXT(3)GLOBAL_UNCERTAINTY_ASSIGNED_CONTEXT((#165))GLOBAL_UNIT_ASSIGNED_CONTEXT((#167,#168,#169))REPRESENTATION_CONTEXT('NONE','WORKSPACE'));
#10=STYLED_ITEM('',(#171),#172);
#11=STYLED_ITEM('',(#173),#174);
#12=STYLED_ITEM('',(#175),#176);
#13=STYLED_ITEM('',(#177),#178);
#14=STYLED_ITEM('',(#179),#180);
#15=STYLED_ITEM('',(#181),#182);
#16=STYLED_ITEM('',(#183),#184);
#17=STYLED_ITEM('',(#185),#186);
#18=STYLED_ITEM('',(#187),#188);
#19=STYLED_ITEM('',(#189),#190);
#20=STYLED_ITEM('',(#191),#192);
#21=STYLED_ITEM('',(#193),#194);
#22=STYLED_ITEM('',(#195),#196);
#23=STYLED_ITEM('',(#197),#198);
#24=STYLED_ITEM('',(#199),#200);
#25=STYLED_ITEM('',(#201),#202);
#26=STYLED_ITEM('',(#203),#204);
#27=STYLED_ITEM('',(#205),#206);
#28=STYLED_ITEM('',(#207),#208);
#29=STYLED_ITEM('',(#209),#210);
#30=STYLED_ITEM('',(#211),#212);
#31=STYLED_ITEM('',(#213),#214);
#32=STYLED_ITEM('',(#215),#216);
#33=STYLED_ITEM('',(#217),#218);
#34=STYLED_ITEM('',(#219),#220);
#35=STYLED_ITEM('',(#221),#222);
#36=STYLED_ITEM('',(#223),#224);
#37=STYLED_ITEM('',(#225),#226);
#38=STYLED_ITEM('',(#227),#228);
#39=STYLED_ITEM('',(#229),#230);
#40=STYLED_ITEM('',(#231),#232);
#41=STYLED_ITEM('',(#233),#234);
#42=STYLED_ITEM('',(#235),#236);
#43=STYLED_ITEM('',(#237),#238);
#44=STYLED_ITEM('',(#239),#240);
#45=STYLED_ITEM('',(#241),#242);
#46=STYLED_ITEM('',(#243),#244);
#47=STYLED_ITEM('',(#245),#246);
#48=STYLED_ITEM('',(#247),#248);
#49=STYLED_ITEM('',(#249),#250);
#50=STYLED_ITEM('',(#251),#252);
#51=STYLED_ITEM('',(#253),#254);
#52=STYLED_ITEM('',(#255),#256);
#53=STYLED_ITEM('',(#257),#258);
#54=STYLED_ITEM('',(#259),#260);
#55=STYLED_ITEM('',(#261),#262);
#56=STYLED_ITEM('',(#263),#264);
#57=STYLED_ITEM('',(#265),#266);
#58=STYLED_ITEM('',(#267),#268);
#59=STYLED_ITEM('',(#269),#270);
#60=STYLED_ITEM('',(#271),#272);
#61=STYLED_ITEM('',(#273),#274);
#62=STYLED_ITEM('',(#275),#276);
#63=STYLED_ITEM('',(#277),#278);
#64=STYLED_ITEM('',(#279),#280);
#65=STYLED_ITEM('',(#281),#282);
#66=STYLED_ITEM('',(#283),#284);
#67=STYLED_ITEM('',(#285),#286);
#68=STYLED_ITEM('',(#287),#288);
#69=STYLED_ITEM('',(#289),#290);
#70=STYLED_ITEM('',(#291),#292);
#71=STYLED_ITEM('',(#293),#294);
#72=STYLED_ITEM('',(#295),#296);
#73=STYLED_ITEM('',(#297),#298);
#74=STYLED_ITEM('',(#299),#300);
#75=STYLED_ITEM('',(#301),#302);
#76=STYLED_ITEM('',(#303),#304);
#77=STYLED_ITEM('',(#305),#306);
#78=STYLED_ITEM('',(#307),#308);
#79=STYLED_ITEM('',(#309),#310);
#80=STYLED_ITEM('',(#311),#312);
#81=STYLED_ITEM('',(#313),#314);
#82=STYLED_ITEM('',(#315),#316);
#83=STYLED_ITEM('',(#317),#318);
#84=STYLED_ITEM('',(#319),#320);
#85=STYLED_ITEM('',(#321),#322);
#86=STYLED_ITEM('',(#323),#324);
#87=STYLED_ITEM('',(#325),#326);
#88=STYLED_ITEM('',(#327),#328);
#89=STYLED_ITEM('',(#329),#330);
#90=STYLED_ITEM('',(#331),#332);
#91=STYLED_ITEM('',(#333),#334);
#92=STYLED_ITEM('',(#335),#336);
#93=STYLED_ITEM('',(#337),#338);
#94=STYLED_ITEM('',(#339),#340);
#95=STYLED_ITEM('',(#341),#342);
#96=STYLED_ITEM('',(#343),#344);
#97=STYLED_ITEM('',(#345),#346);
#98=STYLED_ITEM('',(#347),#348);
#99=STYLED_ITEM('',(#349),#350);
#100=STYLED_ITEM('',(#351),#352);
#101=STYLED_ITEM('',(#353),#354);
#102=STYLED_ITEM('',(#355),#356);
#103=STYLED_ITEM('',(#357),#358);
#104=STYLED_ITEM('',(#359),#360);
#105=STYLED_ITEM('',(#361),#362);
#106=STYLED_ITEM('',(#363),#364);
#107=STYLED_ITEM('',(#365),#366);
#108=STYLED_ITEM('',(#367),#368);
#109=STYLED_ITEM('',(#369),#370);
#110=STYLED_ITEM('',(#371),#372);
#111=STYLED_ITEM('',(#373),#374);
#112=STYLED_ITEM('',(#375),#376);
#113=STYLED_ITEM('',(#377),#378);
#114=STYLED_ITEM('',(#379),#380);
#115=STYLED_ITEM('',(#381),#382);
#116=STYLED_ITEM('',(#383),#384);
#117=STYLED_ITEM('',(#385),#386);
#118=STYLED_ITEM('',(#387),#388);
#119=STYLED_ITEM('',(#389),#390);
#120=STYLED_ITEM('',(#391),#392);
#121=STYLED_ITEM('',(#393),#394);
#122=STYLED_ITEM('',(#395),#396);
#123=STYLED_ITEM('',(#397),#398);
#124=STYLED_ITEM('',(#399),#400);
#125=STYLED_ITEM('',(#401),#402);
#126=STYLED_ITEM('',(#403),#404);
#127=STYLED_ITEM('',(#405),#406);
#128=STYLED_ITEM('',(#407),#408);
#129=STYLED_ITEM('',(#409),#410);
#130=STYLED_ITEM('',(#411),#412);
#131=STYLED_ITEM('',(#413),#414);
#132=STYLED_ITEM('',(#415),#416);
#133=STYLED_ITEM('',(#417),#418);
#134=STYLED_ITEM('',(#419),#420);
#135=STYLED_ITEM('',(#421),#422);
#136=STYLED_ITEM('',(#423),#424);
#137=STYLED_ITEM('',(#425),#426);
#138=STYLED_ITEM('',(#427),#428);
#139=STYLED_ITEM('',(#429),#430);
#140=STYLED_ITEM('',(#431),#432);
#141=STYLED_ITEM('',(#433),#434);
#142=STYLED_ITEM('',(#435),#436);
#143=STYLED_ITEM('',(#437),#438);
#144=STYLED_ITEM('',(#439),#440);
#145=STYLED_ITEM('',(#441),#442);
#146=STYLED_ITEM('',(#443),#444);
#147=STYLED_ITEM('',(#445),#446);
#148=STYLED_ITEM('',(#447),#448);
#149=STYLED_ITEM('',(#449),#450);
#150=STYLED_ITEM('',(#451),#452);
#151=STYLED_ITEM('',(#453),#454);
#152=STYLED_ITEM('',(#455),#456);
#153=STYLED_ITEM('',(#457),#458);
#154=STYLED_ITEM('',(#459),#460);
#155=STYLED_ITEM('',(#461),#462);
#156=STYLED_ITEM('',(#463),#464);
#157=STYLED_ITEM('',(#465),#466);
#158=APPLICATION_CONTEXT('managed model based 3d engineering');
#159=PRODUCT_CATEGORY('part','NONE');
#160=PRODUCT_RELATED_PRODUCT_CATEGORY('detail',' ',(#467));
#161=PRODUCT_DEFINITION_SHAPE('NONE','NONE',#468);
#162=ADVANCED_BREP_SHAPE_REPRESENTATION('QTCU_2.5-select|1#QTCU_2.5-select;QTCU_2.5-select',(#466,#469),#6);
#165=UNCERTAINTY_MEASURE_WITH_UNIT(LENGTH_MEASURE(1.0E-06),#167,'','');
#167= (CONVERSION_BASED_UNIT('MILLIMETRE',#472)LENGTH_UNIT()NAMED_UNIT(#475));
#168= (NAMED_UNIT(#477)PLANE_ANGLE_UNIT()SI_UNIT($,.RADIAN.));
#169= (NAMED_UNIT(#477)SOLID_ANGLE_UNIT()SI_UNIT($,.STERADIAN.));
#171=PRESENTATION_STYLE_ASSIGNMENT((#483));
#172=ADVANCED_FACE('',(#484),#485,.T.);
#173=PRESENTATION_STYLE_ASSIGNMENT((#486));
#174=ADVANCED_FACE('',(#487),#488,.F.);
#175=PRESENTATION_STYLE_ASSIGNMENT((#489));
#176=ADVANCED_FACE('',(#490),#491,.F.);
#177=PRESENTATION_STYLE_ASSIGNMENT((#492));
#178=ADVANCED_FACE('',(#493),#494,.T.);
#179=PRESENTATION_STYLE_ASSIGNMENT((#495));
#180=ADVANCED_FACE('',(#496),#497,.F.);
#181=PRESENTATION_STYLE_ASSIGNMENT((#498));
#182=ADVANCED_FACE('',(#499),#500,.F.);
#183=PRESENTATION_STYLE_ASSIGNMENT((#501));
#184=ADVANCED_FACE('',(#502),#503,.T.);
#185=PRESENTATION_STYLE_ASSIGNMENT((#504));
#186=ADVANCED_FACE('',(#505),#506,.F.);
#187=PRESENTATION_STYLE_ASSIGNMENT((#507));
#188=ADVANCED_FACE('',(#508),#509,.F.);
#189=PRESENTATION_STYLE_ASSIGNMENT((#510));
#190=ADVANCED_FACE('',(#511),#512,.F.);
#191=PRESENTATION_STYLE_ASSIGNMENT((#513));
#192=ADVANCED_FACE('',(#514),#515,.F.);
#193=PRESENTATION_STYLE_ASSIGNMENT((#516));
#194=ADVANCED_FACE('',(#517),#518,.T.);
#195=PRESENTATION_STYLE_ASSIGNMENT((#519));
#196=ADVANCED_FACE('',(#520),#521,.F.);
#197=PRESENTATION_STYLE_ASSIGNMENT((#522));
#198=ADVANCED_FACE('',(#523),#524,.F.);
#199=PRESENTATION_STYLE_ASSIGNMENT((#525));
#200=ADVANCED_FACE('',(#526,#527),#528,.F.);
#201=PRESENTATION_STYLE_ASSIGNMENT((#529));
#202=ADVANCED_FACE('',(#530),#531,.F.);
#203=PRESENTATION_STYLE_ASSIGNMENT((#532));
#204=ADVANCED_FACE('',(#533),#534,.T.);
#205=PRESENTATION_STYLE_ASSIGNMENT((#535));
#206=ADVANCED_FACE('',(#536),#537,.F.);
#207=PRESENTATION_STYLE_ASSIGNMENT((#538));
#208=ADVANCED_FACE('',(#539),#540,.F.);
#209=PRESENTATION_STYLE_ASSIGNMENT((#541));
#210=ADVANCED_FACE('',(#542),#543,.F.);
#211=PRESENTATION_STYLE_ASSIGNMENT((#544));
#212=ADVANCED_FACE('',(#545),#546,.F.);
#213=PRESENTATION_STYLE_ASSIGNMENT((#547));
#214=ADVANCED_FACE('',(#548),#549,.F.);
#215=PRESENTATION_STYLE_ASSIGNMENT((#550));
#216=ADVANCED_FACE('',(#551),#552,.F.);
#217=PRESENTATION_STYLE_ASSIGNMENT((#553));
#218=ADVANCED_FACE('',(#554),#555,.F.);
#219=PRESENTATION_STYLE_ASSIGNMENT((#556));
#220=ADVANCED_FACE('',(#557),#558,.T.);
#221=PRESENTATION_STYLE_ASSIGNMENT((#559));
#222=ADVANCED_FACE('',(#560),#561,.F.);
#223=PRESENTATION_STYLE_ASSIGNMENT((#562));
#224=ADVANCED_FACE('',(#563),#564,.F.);
#225=PRESENTATION_STYLE_ASSIGNMENT((#565));
#226=ADVANCED_FACE('',(#566),#567,.F.);
#227=PRESENTATION_STYLE_ASSIGNMENT((#568));
#228=ADVANCED_FACE('',(#569),#570,.F.);
#229=PRESENTATION_STYLE_ASSIGNMENT((#571));
#230=ADVANCED_FACE('',(#572),#573,.F.);
#231=PRESENTATION_STYLE_ASSIGNMENT((#574));
#232=ADVANCED_FACE('',(#575),#576,.F.);
#233=PRESENTATION_STYLE_ASSIGNMENT((#577));
#234=ADVANCED_FACE('',(#578),#579,.F.);
#235=PRESENTATION_STYLE_ASSIGNMENT((#580));
#236=ADVANCED_FACE('',(#581),#582,.F.);
#237=PRESENTATION_STYLE_ASSIGNMENT((#583));
#238=ADVANCED_FACE('',(#584),#585,.F.);
#239=PRESENTATION_STYLE_ASSIGNMENT((#586));
#240=ADVANCED_FACE('',(#587),#588,.T.);
#241=PRESENTATION_STYLE_ASSIGNMENT((#589));
#242=ADVANCED_FACE('',(#590),#591,.T.);
#243=PRESENTATION_STYLE_ASSIGNMENT((#592));
#244=ADVANCED_FACE('',(#593),#594,.T.);
#245=PRESENTATION_STYLE_ASSIGNMENT((#595));
#246=ADVANCED_FACE('',(#596),#597,.T.);
#247=PRESENTATION_STYLE_ASSIGNMENT((#598));
#248=ADVANCED_FACE('',(#599),#600,.F.);
#249=PRESENTATION_STYLE_ASSIGNMENT((#601));
#250=ADVANCED_FACE('',(#602),#603,.F.);
#251=PRESENTATION_STYLE_ASSIGNMENT((#604));
#252=ADVANCED_FACE('',(#605),#606,.F.);
#253=PRESENTATION_STYLE_ASSIGNMENT((#607));
#254=ADVANCED_FACE('',(#608),#609,.F.);
#255=PRESENTATION_STYLE_ASSIGNMENT((#610));
#256=ADVANCED_FACE('',(#611),#612,.F.);
#257=PRESENTATION_STYLE_ASSIGNMENT((#613));
#258=ADVANCED_FACE('',(#614),#615,.F.);
#259=PRESENTATION_STYLE_ASSIGNMENT((#616));
#260=ADVANCED_FACE('',(#617),#618,.F.);
#261=PRESENTATION_STYLE_ASSIGNMENT((#619));
#262=ADVANCED_FACE('',(#620),#621,.F.);
#263=PRESENTATION_STYLE_ASSIGNMENT((#622));
#264=ADVANCED_FACE('',(#623),#624,.F.);
#265=PRESENTATION_STYLE_ASSIGNMENT((#625));
#266=ADVANCED_FACE('',(#626),#627,.F.);
#267=PRESENTATION_STYLE_ASSIGNMENT((#628));
#268=ADVANCED_FACE('',(#629,#630),#631,.F.);
#269=PRESENTATION_STYLE_ASSIGNMENT((#632));
#270=ADVANCED_FACE('',(#633),#634,.F.);
#271=PRESENTATION_STYLE_ASSIGNMENT((#635));
#272=ADVANCED_FACE('',(#636),#637,.T.);
#273=PRESENTATION_STYLE_ASSIGNMENT((#638));
#274=ADVANCED_FACE('',(#639),#640,.T.);
#275=PRESENTATION_STYLE_ASSIGNMENT((#641));
#276=ADVANCED_FACE('',(#642),#643,.T.);
#277=PRESENTATION_STYLE_ASSIGNMENT((#644));
#278=ADVANCED_FACE('',(#645),#646,.T.);
#279=PRESENTATION_STYLE_ASSIGNMENT((#647));
#280=ADVANCED_FACE('',(#648),#649,.T.);
#281=PRESENTATION_STYLE_ASSIGNMENT((#650));
#282=ADVANCED_FACE('',(#651),#652,.F.);
#283=PRESENTATION_STYLE_ASSIGNMENT((#653));
#284=ADVANCED_FACE('',(#654),#655,.F.);
#285=PRESENTATION_STYLE_ASSIGNMENT((#656));
#286=ADVANCED_FACE('',(#657),#658,.F.);
#287=PRESENTATION_STYLE_ASSIGNMENT((#659));
#288=ADVANCED_FACE('',(#660),#661,.F.);
#289=PRESENTATION_STYLE_ASSIGNMENT((#662));
#290=ADVANCED_FACE('',(#663),#664,.F.);
#291=PRESENTATION_STYLE_ASSIGNMENT((#665));
#292=ADVANCED_FACE('',(#666),#667,.F.);
#293=PRESENTATION_STYLE_ASSIGNMENT((#668));
#294=ADVANCED_FACE('',(#669),#670,.F.);
#295=PRESENTATION_STYLE_ASSIGNMENT((#671));
#296=ADVANCED_FACE('',(#672),#673,.F.);
#297=PRESENTATION_STYLE_ASSIGNMENT((#674));
#298=ADVANCED_FACE('',(#675),#676,.F.);
#299=PRESENTATION_STYLE_ASSIGNMENT((#677));
#300=ADVANCED_FACE('',(#678),#679,.T.);
#301=PRESENTATION_STYLE_ASSIGNMENT((#680));
#302=ADVANCED_FACE('',(#681),#682,.T.);
#303=PRESENTATION_STYLE_ASSIGNMENT((#683));
#304=ADVANCED_FACE('',(#684),#685,.F.);
#305=PRESENTATION_STYLE_ASSIGNMENT((#686));
#306=ADVANCED_FACE('',(#687),#688,.T.);
#307=PRESENTATION_STYLE_ASSIGNMENT((#689));
#308=ADVANCED_FACE('',(#690),#691,.F.);
#309=PRESENTATION_STYLE_ASSIGNMENT((#692));
#310=ADVANCED_FACE('',(#693),#694,.T.);
#311=PRESENTATION_STYLE_ASSIGNMENT((#695));
#312=ADVANCED_FACE('',(#696),#697,.T.);
#313=PRESENTATION_STYLE_ASSIGNMENT((#698));
#314=ADVANCED_FACE('',(#699),#700,.F.);
#315=PRESENTATION_STYLE_ASSIGNMENT((#701));
#316=ADVANCED_FACE('',(#702),#703,.F.);
#317=PRESENTATION_STYLE_ASSIGNMENT((#704));
#318=ADVANCED_FACE('',(#705),#706,.T.);
#319=PRESENTATION_STYLE_ASSIGNMENT((#707));
#320=ADVANCED_FACE('',(#708),#709,.T.);
#321=PRESENTATION_STYLE_ASSIGNMENT((#710));
#322=ADVANCED_FACE('',(#711),#712,.F.);
#323=PRESENTATION_STYLE_ASSIGNMENT((#713));
#324=ADVANCED_FACE('',(#714),#715,.F.);
#325=PRESENTATION_STYLE_ASSIGNMENT((#716));
#326=ADVANCED_FACE('',(#717),#718,.T.);
#327=PRESENTATION_STYLE_ASSIGNMENT((#719));
#328=ADVANCED_FACE('',(#720),#721,.F.);
#329=PRESENTATION_STYLE_ASSIGNMENT((#722));
#330=ADVANCED_FACE('',(#723),#724,.F.);
#331=PRESENTATION_STYLE_ASSIGNMENT((#725));
#332=ADVANCED_FACE('',(#726),#727,.T.);
#333=PRESENTATION_STYLE_ASSIGNMENT((#728));
#334=ADVANCED_FACE('',(#729),#730,.T.);
#335=PRESENTATION_STYLE_ASSIGNMENT((#731));
#336=ADVANCED_FACE('',(#732),#733,.T.);
#337=PRESENTATION_STYLE_ASSIGNMENT((#734));
#338=ADVANCED_FACE('',(#735),#736,.F.);
#339=PRESENTATION_STYLE_ASSIGNMENT((#737));
#340=ADVANCED_FACE('',(#738),#739,.T.);
#341=PRESENTATION_STYLE_ASSIGNMENT((#740));
#342=ADVANCED_FACE('',(#741),#742,.T.);
#343=PRESENTATION_STYLE_ASSIGNMENT((#743));
#344=ADVANCED_FACE('',(#744),#745,.T.);
#345=PRESENTATION_STYLE_ASSIGNMENT((#746));
#346=ADVANCED_FACE('',(#747),#748,.F.);
#347=PRESENTATION_STYLE_ASSIGNMENT((#749));
#348=ADVANCED_FACE('',(#750),#751,.F.);
#349=PRESENTATION_STYLE_ASSIGNMENT((#752));
#350=ADVANCED_FACE('',(#753),#754,.T.);
#351=PRESENTATION_STYLE_ASSIGNMENT((#755));
#352=ADVANCED_FACE('',(#756),#757,.F.);
#353=PRESENTATION_STYLE_ASSIGNMENT((#758));
#354=ADVANCED_FACE('',(#759),#760,.F.);
#355=PRESENTATION_STYLE_ASSIGNMENT((#761));
#356=ADVANCED_FACE('',(#762),#763,.F.);
#357=PRESENTATION_STYLE_ASSIGNMENT((#764));
#358=ADVANCED_FACE('',(#765),#766,.F.);
#359=PRESENTATION_STYLE_ASSIGNMENT((#767));
#360=ADVANCED_FACE('',(#768),#769,.F.);
#361=PRESENTATION_STYLE_ASSIGNMENT((#770));
#362=ADVANCED_FACE('',(#771),#772,.F.);
#363=PRESENTATION_STYLE_ASSIGNMENT((#773));
#364=ADVANCED_FACE('',(#774),#775,.F.);
#365=PRESENTATION_STYLE_ASSIGNMENT((#776));
#366=ADVANCED_FACE('',(#777),#778,.F.);
#367=PRESENTATION_STYLE_ASSIGNMENT((#779));
#368=ADVANCED_FACE('',(#780),#781,.F.);
#369=PRESENTATION_STYLE_ASSIGNMENT((#782));
#370=ADVANCED_FACE('',(#783),#784,.F.);
#371=PRESENTATION_STYLE_ASSIGNMENT((#785));
#372=ADVANCED_FACE('',(#786),#787,.F.);
#373=PRESENTATION_STYLE_ASSIGNMENT((#788));
#374=ADVANCED_FACE('',(#789),#790,.F.);
#375=PRESENTATION_STYLE_ASSIGNMENT((#791));
#376=ADVANCED_FACE('',(#792),#793,.F.);
#377=PRESENTATION_STYLE_ASSIGNMENT((#794));
#378=ADVANCED_FACE('',(#795),#796,.F.);
#379=PRESENTATION_STYLE_ASSIGNMENT((#797));
#380=ADVANCED_FACE('',(#798),#799,.F.);
#381=PRESENTATION_STYLE_ASSIGNMENT((#800));
#382=ADVANCED_FACE('',(#801),#802,.F.);
#383=PRESENTATION_STYLE_ASSIGNMENT((#803));
#384=ADVANCED_FACE('',(#804),#805,.F.);
#385=PRESENTATION_STYLE_ASSIGNMENT((#806));
#386=ADVANCED_FACE('',(#807),#808,.F.);
#387=PRESENTATION_STYLE_ASSIGNMENT((#809));
#388=ADVANCED_FACE('',(#810),#811,.F.);
#389=PRESENTATION_STYLE_ASSIGNMENT((#812));
#390=ADVANCED_FACE('',(#813),#814,.F.);
#391=PRESENTATION_STYLE_ASSIGNMENT((#815));
#392=ADVANCED_FACE('',(#816),#817,.F.);
#393=PRESENTATION_STYLE_ASSIGNMENT((#818));
#394=ADVANCED_FACE('',(#819),#820,.F.);
#395=PRESENTATION_STYLE_ASSIGNMENT((#821));
#396=ADVANCED_FACE('',(#822),#823,.F.);
#397=PRESENTATION_STYLE_ASSIGNMENT((#824));
#398=ADVANCED_FACE('',(#825),#826,.F.);
#399=PRESENTATION_STYLE_ASSIGNMENT((#827));
#400=ADVANCED_FACE('',(#828),#829,.F.);
#401=PRESENTATION_STYLE_ASSIGNMENT((#830));
#402=ADVANCED_FACE('',(#831),#832,.F.);
#403=PRESENTATION_STYLE_ASSIGNMENT((#833));
#404=ADVANCED_FACE('',(#834),#835,.F.);
#405=PRESENTATION_STYLE_ASSIGNMENT((#836));
#406=ADVANCED_FACE('',(#837),#838,.F.);
#407=PRESENTATION_STYLE_ASSIGNMENT((#839));
#408=ADVANCED_FACE('',(#840),#841,.T.);
#409=PRESENTATION_STYLE_ASSIGNMENT((#842));
#410=ADVANCED_FACE('',(#843),#844,.T.);
#411=PRESENTATION_STYLE_ASSIGNMENT((#845));
#412=ADVANCED_FACE('',(#846),#847,.T.);
#413=PRESENTATION_STYLE_ASSIGNMENT((#848));
#414=ADVANCED_FACE('',(#849),#850,.F.);
#415=PRESENTATION_STYLE_ASSIGNMENT((#851));
#416=ADVANCED_FACE('',(#852),#853,.T.);
#417=PRESENTATION_STYLE_ASSIGNMENT((#854));
#418=ADVANCED_FACE('',(#855),#856,.F.);
#419=PRESENTATION_STYLE_ASSIGNMENT((#857));
#420=ADVANCED_FACE('',(#858),#859,.F.);
#421=PRESENTATION_STYLE_ASSIGNMENT((#860));
#422=ADVANCED_FACE('',(#861),#862,.F.);
#423=PRESENTATION_STYLE_ASSIGNMENT((#863));
#424=ADVANCED_FACE('',(#864),#865,.F.);
#425=PRESENTATION_STYLE_ASSIGNMENT((#866));
#426=ADVANCED_FACE('',(#867),#868,.T.);
#427=PRESENTATION_STYLE_ASSIGNMENT((#869));
#428=ADVANCED_FACE('',(#870),#871,.T.);
#429=PRESENTATION_STYLE_ASSIGNMENT((#872));
#430=ADVANCED_FACE('',(#873),#874,.T.);
#431=PRESENTATION_STYLE_ASSIGNMENT((#875));
#432=ADVANCED_FACE('',(#876),#877,.F.);
#433=PRESENTATION_STYLE_ASSIGNMENT((#878));
#434=ADVANCED_FACE('',(#879),#880,.F.);
#435=PRESENTATION_STYLE_ASSIGNMENT((#881));
#436=ADVANCED_FACE('',(#882),#883,.T.);
#437=PRESENTATION_STYLE_ASSIGNMENT((#884));
#438=ADVANCED_FACE('',(#885),#886,.T.);
#439=PRESENTATION_STYLE_ASSIGNMENT((#887));
#440=ADVANCED_FACE('',(#888),#889,.T.);
#441=PRESENTATION_STYLE_ASSIGNMENT((#890));
#442=ADVANCED_FACE('',(#891),#892,.T.);
#443=PRESENTATION_STYLE_ASSIGNMENT((#893));
#444=ADVANCED_FACE('',(#894),#895,.F.);
#445=PRESENTATION_STYLE_ASSIGNMENT((#896));
#446=ADVANCED_FACE('',(#897),#898,.F.);
#447=PRESENTATION_STYLE_ASSIGNMENT((#899));
#448=ADVANCED_FACE('',(#900),#901,.F.);
#449=PRESENTATION_STYLE_ASSIGNMENT((#902));
#450=ADVANCED_FACE('',(#903),#904,.T.);
#451=PRESENTATION_STYLE_ASSIGNMENT((#905));
#452=ADVANCED_FACE('',(#906),#907,.F.);
#453=PRESENTATION_STYLE_ASSIGNMENT((#908));
#454=ADVANCED_FACE('',(#909),#910,.F.);
#455=PRESENTATION_STYLE_ASSIGNMENT((#911));
#456=ADVANCED_FACE('',(#912),#913,.F.);
#457=PRESENTATION_STYLE_ASSIGNMENT((#914));
#458=ADVANCED_FACE('',(#915),#916,.F.);
#459=PRESENTATION_STYLE_ASSIGNMENT((#917));
#460=ADVANCED_FACE('',(#918),#919,.F.);
#461=PRESENTATION_STYLE_ASSIGNMENT((#920));
#462=ADVANCED_FACE('',(#921),#922,.T.);
#463=PRESENTATION_STYLE_ASSIGNMENT((#923));
#464=ADVANCED_FACE('',(#924),#925,.F.);
#465=PRESENTATION_STYLE_ASSIGNMENT((#926));
#466=MANIFOLD_SOLID_BREP('QTCU_2.5-select|1#QTCU_2.5-select;QTCU_2.5-select',#927);
#467=PRODUCT('QTCU_2.5-select|1#QTCU_2.5-select;QTCU_2.5-select','','PART--DESC',(#928));
#468=PRODUCT_DEFINITION('','NONE',#929,#2);
#469=AXIS2_PLACEMENT_3D('',#930,#931,#932);
#472=LENGTH_MEASURE_WITH_UNIT(LENGTH_MEASURE(1.0),#933);
#475=DIMENSIONAL_EXPONENTS(1.0,0.0,0.0,0.0,0.0,0.0,0.0);
#477=DIMENSIONAL_EXPONENTS(0.0,0.0,0.0,0.0,0.0,0.0,0.0);
#483=SURFACE_STYLE_USAGE(.BOTH.,#934);
#484=FACE_OUTER_BOUND('',#935,.T.);
#485=CYLINDRICAL_SURFACE('',#936,0.899999999999826);
#486=SURFACE_STYLE_USAGE(.BOTH.,#937);
#487=FACE_OUTER_BOUND('',#938,.T.);
#488=CYLINDRICAL_SURFACE('',#939,15.0);
#489=SURFACE_STYLE_USAGE(.BOTH.,#940);
#490=FACE_OUTER_BOUND('',#941,.T.);
#491=CYLINDRICAL_SURFACE('',#942,0.700000000000186);
#492=SURFACE_STYLE_USAGE(.BOTH.,#943);
#493=FACE_OUTER_BOUND('',#944,.T.);
#494=CYLINDRICAL_SURFACE('',#945,1.0);
#495=SURFACE_STYLE_USAGE(.BOTH.,#946);
#496=FACE_OUTER_BOUND('',#947,.T.);
#497=CYLINDRICAL_SURFACE('',#948,15.0);
#498=SURFACE_STYLE_USAGE(.BOTH.,#949);
#499=FACE_OUTER_BOUND('',#950,.T.);
#500=CYLINDRICAL_SURFACE('',#951,15.0);
#501=SURFACE_STYLE_USAGE(.BOTH.,#952);
#502=FACE_OUTER_BOUND('',#953,.T.);
#503=PLANE('',#954);
#504=SURFACE_STYLE_USAGE(.BOTH.,#955);
#505=FACE_OUTER_BOUND('',#956,.T.);
#506=PLANE('',#957);
#507=SURFACE_STYLE_USAGE(.BOTH.,#958);
#508=FACE_OUTER_BOUND('',#959,.T.);
#509=PLANE('',#960);
#510=SURFACE_STYLE_USAGE(.BOTH.,#961);
#511=FACE_OUTER_BOUND('',#962,.T.);
#512=PLANE('',#963);
#513=SURFACE_STYLE_USAGE(.BOTH.,#964);
#514=FACE_OUTER_BOUND('',#965,.T.);
#515=CYLINDRICAL_SURFACE('',#966,2.0);
#516=SURFACE_STYLE_USAGE(.BOTH.,#967);
#517=FACE_OUTER_BOUND('',#968,.T.);
#518=PLANE('',#969);
#519=SURFACE_STYLE_USAGE(.BOTH.,#970);
#520=FACE_OUTER_BOUND('',#971,.T.);
#521=PLANE('',#972);
#522=SURFACE_STYLE_USAGE(.BOTH.,#973);
#523=FACE_OUTER_BOUND('',#974,.T.);
#524=PLANE('',#975);
#525=SURFACE_STYLE_USAGE(.BOTH.,#976);
#526=FACE_OUTER_BOUND('',#977,.T.);
#527=FACE_BOUND('',#978,.T.);
#528=PLANE('',#979);
#529=SURFACE_STYLE_USAGE(.BOTH.,#980);
#530=FACE_OUTER_BOUND('',#981,.T.);
#531=PLANE('',#982);
#532=SURFACE_STYLE_USAGE(.BOTH.,#983);
#533=FACE_OUTER_BOUND('',#984,.T.);
#534=PLANE('',#985);
#535=SURFACE_STYLE_USAGE(.BOTH.,#986);
#536=FACE_OUTER_BOUND('',#987,.T.);
#537=PLANE('',#988);
#538=SURFACE_STYLE_USAGE(.BOTH.,#989);
#539=FACE_OUTER_BOUND('',#990,.T.);
#540=PLANE('',#991);
#541=SURFACE_STYLE_USAGE(.BOTH.,#992);
#542=FACE_OUTER_BOUND('',#993,.T.);
#543=PLANE('',#994);
#544=SURFACE_STYLE_USAGE(.BOTH.,#995);
#545=FACE_OUTER_BOUND('',#996,.T.);
#546=PLANE('',#997);
#547=SURFACE_STYLE_USAGE(.BOTH.,#998);
#548=FACE_OUTER_BOUND('',#999,.T.);
#549=PLANE('',#1000);
#550=SURFACE_STYLE_USAGE(.BOTH.,#1001);
#551=FACE_OUTER_BOUND('',#1002,.T.);
#552=PLANE('',#1003);
#553=SURFACE_STYLE_USAGE(.BOTH.,#1004);
#554=FACE_OUTER_BOUND('',#1005,.T.);
#555=PLANE('',#1006);
#556=SURFACE_STYLE_USAGE(.BOTH.,#1007);
#557=FACE_OUTER_BOUND('',#1008,.T.);
#558=PLANE('',#1009);
#559=SURFACE_STYLE_USAGE(.BOTH.,#1010);
#560=FACE_OUTER_BOUND('',#1011,.T.);
#561=PLANE('',#1012);
#562=SURFACE_STYLE_USAGE(.BOTH.,#1013);
#563=FACE_OUTER_BOUND('',#1014,.T.);
#564=PLANE('',#1015);
#565=SURFACE_STYLE_USAGE(.BOTH.,#1016);
#566=FACE_OUTER_BOUND('',#1017,.T.);
#567=PLANE('',#1018);
#568=SURFACE_STYLE_USAGE(.BOTH.,#1019);
#569=FACE_OUTER_BOUND('',#1020,.T.);
#570=PLANE('',#1021);
#571=SURFACE_STYLE_USAGE(.BOTH.,#1022);
#572=FACE_OUTER_BOUND('',#1023,.T.);
#573=PLANE('',#1024);
#574=SURFACE_STYLE_USAGE(.BOTH.,#1025);
#575=FACE_OUTER_BOUND('',#1026,.T.);
#576=PLANE('',#1027);
#577=SURFACE_STYLE_USAGE(.BOTH.,#1028);
#578=FACE_OUTER_BOUND('',#1029,.T.);
#579=PLANE('',#1030);
#580=SURFACE_STYLE_USAGE(.BOTH.,#1031);
#581=FACE_OUTER_BOUND('',#1032,.T.);
#582=PLANE('',#1033);
#583=SURFACE_STYLE_USAGE(.BOTH.,#1034);
#584=FACE_OUTER_BOUND('',#1035,.T.);
#585=PLANE('',#1036);
#586=SURFACE_STYLE_USAGE(.BOTH.,#1037);
#587=FACE_OUTER_BOUND('',#1038,.T.);
#588=PLANE('',#1039);
#589=SURFACE_STYLE_USAGE(.BOTH.,#1040);
#590=FACE_OUTER_BOUND('',#1041,.T.);
#591=PLANE('',#1042);
#592=SURFACE_STYLE_USAGE(.BOTH.,#1043);
#593=FACE_OUTER_BOUND('',#1044,.T.);
#594=PLANE('',#1045);
#595=SURFACE_STYLE_USAGE(.BOTH.,#1046);
#596=FACE_OUTER_BOUND('',#1047,.T.);
#597=PLANE('',#1048);
#598=SURFACE_STYLE_USAGE(.BOTH.,#1049);
#599=FACE_OUTER_BOUND('',#1050,.T.);
#600=PLANE('',#1051);
#601=SURFACE_STYLE_USAGE(.BOTH.,#1052);
#602=FACE_OUTER_BOUND('',#1053,.T.);
#603=PLANE('',#1054);
#604=SURFACE_STYLE_USAGE(.BOTH.,#1055);
#605=FACE_OUTER_BOUND('',#1056,.T.);
#606=PLANE('',#1057);
#607=SURFACE_STYLE_USAGE(.BOTH.,#1058);
#608=FACE_OUTER_BOUND('',#1059,.T.);
#609=PLANE('',#1060);
#610=SURFACE_STYLE_USAGE(.BOTH.,#1061);
#611=FACE_OUTER_BOUND('',#1062,.T.);
#612=PLANE('',#1063);
#613=SURFACE_STYLE_USAGE(.BOTH.,#1064);
#614=FACE_OUTER_BOUND('',#1065,.T.);
#615=PLANE('',#1066);
#616=SURFACE_STYLE_USAGE(.BOTH.,#1067);
#617=FACE_OUTER_BOUND('',#1068,.T.);
#618=PLANE('',#1069);
#619=SURFACE_STYLE_USAGE(.BOTH.,#1070);
#620=FACE_OUTER_BOUND('',#1071,.T.);
#621=PLANE('',#1072);
#622=SURFACE_STYLE_USAGE(.BOTH.,#1073);
#623=FACE_OUTER_BOUND('',#1074,.T.);
#624=PLANE('',#1075);
#625=SURFACE_STYLE_USAGE(.BOTH.,#1076);
#626=FACE_OUTER_BOUND('',#1077,.T.);
#627=PLANE('',#1078);
#628=SURFACE_STYLE_USAGE(.BOTH.,#1079);
#629=FACE_OUTER_BOUND('',#1080,.T.);
#630=FACE_BOUND('',#1081,.T.);
#631=PLANE('',#1082);
#632=SURFACE_STYLE_USAGE(.BOTH.,#1083);
#633=FACE_OUTER_BOUND('',#1084,.T.);
#634=CYLINDRICAL_SURFACE('',#1085,2.0);
#635=SURFACE_STYLE_USAGE(.BOTH.,#1086);
#636=FACE_OUTER_BOUND('',#1087,.T.);
#637=PLANE('',#1088);
#638=SURFACE_STYLE_USAGE(.BOTH.,#1089);
#639=FACE_OUTER_BOUND('',#1090,.T.);
#640=PLANE('',#1091);
#641=SURFACE_STYLE_USAGE(.BOTH.,#1092);
#642=FACE_OUTER_BOUND('',#1093,.T.);
#643=PLANE('',#1094);
#644=SURFACE_STYLE_USAGE(.BOTH.,#1095);
#645=FACE_OUTER_BOUND('',#1096,.T.);
#646=PLANE('',#1097);
#647=SURFACE_STYLE_USAGE(.BOTH.,#1098);
#648=FACE_OUTER_BOUND('',#1099,.T.);
#649=PLANE('',#1100);
#650=SURFACE_STYLE_USAGE(.BOTH.,#1101);
#651=FACE_OUTER_BOUND('',#1102,.T.);
#652=PLANE('',#1103);
#653=SURFACE_STYLE_USAGE(.BOTH.,#1104);
#654=FACE_OUTER_BOUND('',#1105,.T.);
#655=PLANE('',#1106);
#656=SURFACE_STYLE_USAGE(.BOTH.,#1107);
#657=FACE_OUTER_BOUND('',#1108,.T.);
#658=PLANE('',#1109);
#659=SURFACE_STYLE_USAGE(.BOTH.,#1110);
#660=FACE_OUTER_BOUND('',#1111,.T.);
#661=PLANE('',#1112);
#662=SURFACE_STYLE_USAGE(.BOTH.,#1113);
#663=FACE_OUTER_BOUND('',#1114,.T.);
#664=PLANE('',#1115);
#665=SURFACE_STYLE_USAGE(.BOTH.,#1116);
#666=FACE_OUTER_BOUND('',#1117,.T.);
#667=PLANE('',#1118);
#668=SURFACE_STYLE_USAGE(.BOTH.,#1119);
#669=FACE_OUTER_BOUND('',#1120,.T.);
#670=CYLINDRICAL_SURFACE('',#1121,15.0);
#671=SURFACE_STYLE_USAGE(.BOTH.,#1122);
#672=FACE_OUTER_BOUND('',#1123,.T.);
#673=PLANE('',#1124);
#674=SURFACE_STYLE_USAGE(.BOTH.,#1125);
#675=FACE_OUTER_BOUND('',#1126,.T.);
#676=PLANE('',#1127);
#677=SURFACE_STYLE_USAGE(.BOTH.,#1128);
#678=FACE_OUTER_BOUND('',#1129,.T.);
#679=CYLINDRICAL_SURFACE('',#1130,1.0);
#680=SURFACE_STYLE_USAGE(.BOTH.,#1131);
#681=FACE_OUTER_BOUND('',#1132,.T.);
#682=PLANE('',#1133);
#683=SURFACE_STYLE_USAGE(.BOTH.,#1134);
#684=FACE_OUTER_BOUND('',#1135,.T.);
#685=CYLINDRICAL_SURFACE('',#1136,2.0);
#686=SURFACE_STYLE_USAGE(.BOTH.,#1137);
#687=FACE_OUTER_BOUND('',#1138,.T.);
#688=PLANE('',#1139);
#689=SURFACE_STYLE_USAGE(.BOTH.,#1140);
#690=FACE_OUTER_BOUND('',#1141,.T.);
#691=CYLINDRICAL_SURFACE('',#1142,2.0);
#692=SURFACE_STYLE_USAGE(.BOTH.,#1143);
#693=FACE_OUTER_BOUND('',#1144,.T.);
#694=PLANE('',#1145);
#695=SURFACE_STYLE_USAGE(.BOTH.,#1146);
#696=FACE_OUTER_BOUND('',#1147,.T.);
#697=CYLINDRICAL_SURFACE('',#1148,1.0);
#698=SURFACE_STYLE_USAGE(.BOTH.,#1149);
#699=FACE_OUTER_BOUND('',#1150,.T.);
#700=PLANE('',#1151);
#701=SURFACE_STYLE_USAGE(.BOTH.,#1152);
#702=FACE_OUTER_BOUND('',#1153,.T.);
#703=PLANE('',#1154);
#704=SURFACE_STYLE_USAGE(.BOTH.,#1155);
#705=FACE_OUTER_BOUND('',#1156,.T.);
#706=PLANE('',#1157);
#707=SURFACE_STYLE_USAGE(.BOTH.,#1158);
#708=FACE_OUTER_BOUND('',#1159,.T.);
#709=PLANE('',#1160);
#710=SURFACE_STYLE_USAGE(.BOTH.,#1161);
#711=FACE_OUTER_BOUND('',#1162,.T.);
#712=PLANE('',#1163);
#713=SURFACE_STYLE_USAGE(.BOTH.,#1164);
#714=FACE_OUTER_BOUND('',#1165,.T.);
#715=PLANE('',#1166);
#716=SURFACE_STYLE_USAGE(.BOTH.,#1167);
#717=FACE_OUTER_BOUND('',#1168,.T.);
#718=PLANE('',#1169);
#719=SURFACE_STYLE_USAGE(.BOTH.,#1170);
#720=FACE_OUTER_BOUND('',#1171,.T.);
#721=PLANE('',#1172);
#722=SURFACE_STYLE_USAGE(.BOTH.,#1173);
#723=FACE_OUTER_BOUND('',#1174,.T.);
#724=PLANE('',#1175);
#725=SURFACE_STYLE_USAGE(.BOTH.,#1176);
#726=FACE_OUTER_BOUND('',#1177,.T.);
#727=PLANE('',#1178);
#728=SURFACE_STYLE_USAGE(.BOTH.,#1179);
#729=FACE_OUTER_BOUND('',#1180,.T.);
#730=PLANE('',#1181);
#731=SURFACE_STYLE_USAGE(.BOTH.,#1182);
#732=FACE_OUTER_BOUND('',#1183,.T.);
#733=PLANE('',#1184);
#734=SURFACE_STYLE_USAGE(.BOTH.,#1185);
#735=FACE_OUTER_BOUND('',#1186,.T.);
#736=PLANE('',#1187);
#737=SURFACE_STYLE_USAGE(.BOTH.,#1188);
#738=FACE_OUTER_BOUND('',#1189,.T.);
#739=PLANE('',#1190);
#740=SURFACE_STYLE_USAGE(.BOTH.,#1191);
#741=FACE_OUTER_BOUND('',#1192,.T.);
#742=PLANE('',#1193);
#743=SURFACE_STYLE_USAGE(.BOTH.,#1194);
#744=FACE_OUTER_BOUND('',#1195,.T.);
#745=PLANE('',#1196);
#746=SURFACE_STYLE_USAGE(.BOTH.,#1197);
#747=FACE_OUTER_BOUND('',#1198,.T.);
#748=PLANE('',#1199);
#749=SURFACE_STYLE_USAGE(.BOTH.,#1200);
#750=FACE_OUTER_BOUND('',#1201,.T.);
#751=PLANE('',#1202);
#752=SURFACE_STYLE_USAGE(.BOTH.,#1203);
#753=FACE_OUTER_BOUND('',#1204,.T.);
#754=CYLINDRICAL_SURFACE('',#1205,9.499999999999);
#755=SURFACE_STYLE_USAGE(.BOTH.,#1206);
#756=FACE_OUTER_BOUND('',#1207,.T.);
#757=PLANE('',#1208);
#758=SURFACE_STYLE_USAGE(.BOTH.,#1209);
#759=FACE_OUTER_BOUND('',#1210,.T.);
#760=PLANE('',#1211);
#761=SURFACE_STYLE_USAGE(.BOTH.,#1212);
#762=FACE_OUTER_BOUND('',#1213,.T.);
#763=PLANE('',#1214);
#764=SURFACE_STYLE_USAGE(.BOTH.,#1215);
#765=FACE_OUTER_BOUND('',#1216,.T.);
#766=PLANE('',#1217);
#767=SURFACE_STYLE_USAGE(.BOTH.,#1218);
#768=FACE_OUTER_BOUND('',#1219,.T.);
#769=PLANE('',#1220);
#770=SURFACE_STYLE_USAGE(.BOTH.,#1221);
#771=FACE_OUTER_BOUND('',#1222,.T.);
#772=PLANE('',#1223);
#773=SURFACE_STYLE_USAGE(.BOTH.,#1224);
#774=FACE_OUTER_BOUND('',#1225,.T.);
#775=PLANE('',#1226);
#776=SURFACE_STYLE_USAGE(.BOTH.,#1227);
#777=FACE_OUTER_BOUND('',#1228,.T.);
#778=PLANE('',#1229);
#779=SURFACE_STYLE_USAGE(.BOTH.,#1230);
#780=FACE_OUTER_BOUND('',#1231,.T.);
#781=PLANE('',#1232);
#782=SURFACE_STYLE_USAGE(.BOTH.,#1233);
#783=FACE_OUTER_BOUND('',#1234,.T.);
#784=PLANE('',#1235);
#785=SURFACE_STYLE_USAGE(.BOTH.,#1236);
#786=FACE_OUTER_BOUND('',#1237,.T.);
#787=PLANE('',#1238);
#788=SURFACE_STYLE_USAGE(.BOTH.,#1239);
#789=FACE_OUTER_BOUND('',#1240,.T.);
#790=PLANE('',#1241);
#791=SURFACE_STYLE_USAGE(.BOTH.,#1242);
#792=FACE_OUTER_BOUND('',#1243,.T.);
#793=PLANE('',#1244);
#794=SURFACE_STYLE_USAGE(.BOTH.,#1245);
#795=FACE_OUTER_BOUND('',#1246,.T.);
#796=PLANE('',#1247);
#797=SURFACE_STYLE_USAGE(.BOTH.,#1248);
#798=FACE_OUTER_BOUND('',#1249,.T.);
#799=CYLINDRICAL_SURFACE('',#1250,0.799999999999994);
#800=SURFACE_STYLE_USAGE(.BOTH.,#1251);
#801=FACE_OUTER_BOUND('',#1252,.T.);
#802=CYLINDRICAL_SURFACE('',#1253,0.700000000000186);
#803=SURFACE_STYLE_USAGE(.BOTH.,#1254);
#804=FACE_OUTER_BOUND('',#1255,.T.);
#805=PLANE('',#1256);
#806=SURFACE_STYLE_USAGE(.BOTH.,#1257);
#807=FACE_OUTER_BOUND('',#1258,.T.);
#808=PLANE('',#1259);
#809=SURFACE_STYLE_USAGE(.BOTH.,#1260);
#810=FACE_OUTER_BOUND('',#1261,.T.);
#811=PLANE('',#1262);
#812=SURFACE_STYLE_USAGE(.BOTH.,#1263);
#813=FACE_OUTER_BOUND('',#1264,.T.);
#814=PLANE('',#1265);
#815=SURFACE_STYLE_USAGE(.BOTH.,#1266);
#816=FACE_OUTER_BOUND('',#1267,.T.);
#817=PLANE('',#1268);
#818=SURFACE_STYLE_USAGE(.BOTH.,#1269);
#819=FACE_OUTER_BOUND('',#1270,.T.);
#820=PLANE('',#1271);
#821=SURFACE_STYLE_USAGE(.BOTH.,#1272);
#822=FACE_OUTER_BOUND('',#1273,.T.);
#823=PLANE('',#1274);
#824=SURFACE_STYLE_USAGE(.BOTH.,#1275);
#825=FACE_OUTER_BOUND('',#1276,.T.);
#826=PLANE('',#1277);
#827=SURFACE_STYLE_USAGE(.BOTH.,#1278);
#828=FACE_OUTER_BOUND('',#1279,.T.);
#829=PLANE('',#1280);
#830=SURFACE_STYLE_USAGE(.BOTH.,#1281);
#831=FACE_OUTER_BOUND('',#1282,.T.);
#832=PLANE('',#1283);
#833=SURFACE_STYLE_USAGE(.BOTH.,#1284);
#834=FACE_OUTER_BOUND('',#1285,.T.);
#835=CYLINDRICAL_SURFACE('',#1286,15.0);
#836=SURFACE_STYLE_USAGE(.BOTH.,#1287);
#837=FACE_OUTER_BOUND('',#1288,.T.);
#838=PLANE('',#1289);
#839=SURFACE_STYLE_USAGE(.BOTH.,#1290);
#840=FACE_OUTER_BOUND('',#1291,.T.);
#841=PLANE('',#1292);
#842=SURFACE_STYLE_USAGE(.BOTH.,#1293);
#843=FACE_OUTER_BOUND('',#1294,.T.);
#844=PLANE('',#1295);
#845=SURFACE_STYLE_USAGE(.BOTH.,#1296);
#846=FACE_OUTER_BOUND('',#1297,.T.);
#847=PLANE('',#1298);
#848=SURFACE_STYLE_USAGE(.BOTH.,#1299);
#849=FACE_OUTER_BOUND('',#1300,.T.);
#850=PLANE('',#1301);
#851=SURFACE_STYLE_USAGE(.BOTH.,#1302);
#852=FACE_OUTER_BOUND('',#1303,.T.);
#853=CYLINDRICAL_SURFACE('',#1304,0.899999999999826);
#854=SURFACE_STYLE_USAGE(.BOTH.,#1305);
#855=FACE_OUTER_BOUND('',#1306,.T.);
#856=PLANE('',#1307);
#857=SURFACE_STYLE_USAGE(.BOTH.,#1308);
#858=FACE_OUTER_BOUND('',#1309,.T.);
#859=PLANE('',#1310);
#860=SURFACE_STYLE_USAGE(.BOTH.,#1311);
#861=FACE_OUTER_BOUND('',#1312,.T.);
#862=PLANE('',#1313);
#863=SURFACE_STYLE_USAGE(.BOTH.,#1314);
#864=FACE_OUTER_BOUND('',#1315,.T.);
#865=PLANE('',#1316);
#866=SURFACE_STYLE_USAGE(.BOTH.,#1317);
#867=FACE_OUTER_BOUND('',#1318,.T.);
#868=PLANE('',#1319);
#869=SURFACE_STYLE_USAGE(.BOTH.,#1320);
#870=FACE_OUTER_BOUND('',#1321,.T.);
#871=PLANE('',#1322);
#872=SURFACE_STYLE_USAGE(.BOTH.,#1323);
#873=FACE_OUTER_BOUND('',#1324,.T.);
#874=PLANE('',#1325);
#875=SURFACE_STYLE_USAGE(.BOTH.,#1326);
#876=FACE_OUTER_BOUND('',#1327,.T.);
#877=PLANE('',#1328);
#878=SURFACE_STYLE_USAGE(.BOTH.,#1329);
#879=FACE_OUTER_BOUND('',#1330,.T.);
#880=PLANE('',#1331);
#881=SURFACE_STYLE_USAGE(.BOTH.,#1332);
#882=FACE_OUTER_BOUND('',#1333,.T.);
#883=PLANE('',#1334);
#884=SURFACE_STYLE_USAGE(.BOTH.,#1335);
#885=FACE_OUTER_BOUND('',#1336,.T.);
#886=PLANE('',#1337);
#887=SURFACE_STYLE_USAGE(.BOTH.,#1338);
#888=FACE_OUTER_BOUND('',#1339,.T.);
#889=PLANE('',#1340);
#890=SURFACE_STYLE_USAGE(.BOTH.,#1341);
#891=FACE_OUTER_BOUND('',#1342,.T.);
#892=PLANE('',#1343);
#893=SURFACE_STYLE_USAGE(.BOTH.,#1344);
#894=FACE_OUTER_BOUND('',#1345,.T.);
#895=CYLINDRICAL_SURFACE('',#1346,2.0);
#896=SURFACE_STYLE_USAGE(.BOTH.,#1347);
#897=FACE_OUTER_BOUND('',#1348,.T.);
#898=CYLINDRICAL_SURFACE('',#1349,2.0);
#899=SURFACE_STYLE_USAGE(.BOTH.,#1350);
#900=FACE_OUTER_BOUND('',#1351,.T.);
#901=PLANE('',#1352);
#902=SURFACE_STYLE_USAGE(.BOTH.,#1353);
#903=FACE_OUTER_BOUND('',#1354,.T.);
#904=PLANE('',#1355);
#905=SURFACE_STYLE_USAGE(.BOTH.,#1356);
#906=FACE_OUTER_BOUND('',#1357,.T.);
#907=PLANE('',#1358);
#908=SURFACE_STYLE_USAGE(.BOTH.,#1359);
#909=FACE_OUTER_BOUND('',#1360,.T.);
#910=CYLINDRICAL_SURFACE('',#1361,2.0);
#911=SURFACE_STYLE_USAGE(.BOTH.,#1362);
#912=FACE_OUTER_BOUND('',#1363,.T.);
#913=PLANE('',#1364);
#914=SURFACE_STYLE_USAGE(.BOTH.,#1365);
#915=FACE_OUTER_BOUND('',#1366,.T.);
#916=PLANE('',#1367);
#917=SURFACE_STYLE_USAGE(.BOTH.,#1368);
#918=FACE_OUTER_BOUND('',#1369,.T.);
#919=PLANE('',#1370);
#920=SURFACE_STYLE_USAGE(.BOTH.,#1371);
#921=FACE_OUTER_BOUND('',#1372,.T.);
#922=PLANE('',#1373);
#923=SURFACE_STYLE_USAGE(.BOTH.,#1374);
#924=FACE_OUTER_BOUND('',#1375,.T.);
#925=CYLINDRICAL_SURFACE('',#1376,2.0);
#926=SURFACE_STYLE_USAGE(.BOTH.,#1377);
#927=CLOSED_SHELL('',(#172,#174,#176,#178,#180,#182,#184,#186,#188,#190,#192,#194,#196,#198,#200,#202,#204,#206,#208,#210,#212,#214,#216,#218,#220,#222,#224,#226,#228,#230,#232,#234,#236,#238,#240,#242,#244,#246,#248,#250,#252,#254,#256,#258,#260,#262,#264,#266,#268,#270,#272,#274,#276,#278,#280,#282,#284,#286,#288,#290,#292,#294,#296,#298,#300,#302,#304,#306,#308,#310,#312,#314,#316,#318,#320,#322,#324,#326,#328,#330,#332,#334,#336,#338,#340,#342,#344,#346,#348,#350,#352,#354,#356,#358,#360,#362,#364,#366,#368,#370,#372,#374,#376,#378,#380,#382,#384,#386,#388,#390,#392,#394,#396,#398,#400,#402,#404,#406,#408,#410,#412,#414,#416,#418,#420,#422,#424,#426,#428,#430,#432,#434,#436,#438,#440,#442,#444,#446,#448,#450,#452,#454,#456,#458,#460,#462,#464));
#928=PRODUCT_CONTEXT('',#158,'mechanical');
#929=PRODUCT_DEFINITION_FORMATION_WITH_SPECIFIED_SOURCE(' ','NONE',#467,.NOT_KNOWN.);
#930=CARTESIAN_POINT('',(0.0,0.0,0.0));
#931=DIRECTION('',(0.0,0.0,1.0));
#932=DIRECTION('',(1.0,0.0,0.0));
#933= (NAMED_UNIT(#475)LENGTH_UNIT()SI_UNIT(.MILLI.,.METRE.));
#934=SURFACE_SIDE_STYLE('',(#1379));
#935=EDGE_LOOP('',(#1380,#1381,#1382,#1383,#1384,#1385));
#936=AXIS2_PLACEMENT_3D('',#1386,#1387,#1388);
#937=SURFACE_SIDE_STYLE('',(#1389));
#938=EDGE_LOOP('',(#1390,#1391,#1392,#1393));
#939=AXIS2_PLACEMENT_3D('',#1394,#1395,#1396);
#940=SURFACE_SIDE_STYLE('',(#1397));
#941=EDGE_LOOP('',(#1398,#1399,#1400,#1401));
#942=AXIS2_PLACEMENT_3D('',#1402,#1403,#1404);
#943=SURFACE_SIDE_STYLE('',(#1405));
#944=EDGE_LOOP('',(#1406,#1407,#1408,#1409));
#945=AXIS2_PLACEMENT_3D('',#1410,#1411,#1412);
#946=SURFACE_SIDE_STYLE('',(#1413));
#947=EDGE_LOOP('',(#1414,#1415,#1416,#1417));
#948=AXIS2_PLACEMENT_3D('',#1418,#1419,#1420);
#949=SURFACE_SIDE_STYLE('',(#1421));
#950=EDGE_LOOP('',(#1422,#1423,#1424,#1425));
#951=AXIS2_PLACEMENT_3D('',#1426,#1427,#1428);
#952=SURFACE_SIDE_STYLE('',(#1429));
#953=EDGE_LOOP('',(#1430,#1431,#1432,#1433,#1434,#1435,#1436,#1437,#1438,#1439,#1440,#1441,#1442,#1443,#1444,#1445,#1446,#1447,#1448,#1449,#1450,#1451,#1452,#1453,#1454,#1455,#1456,#1457,#1458,#1459,#1460,#1461,#1462,#1463,#1464,#1465,#1466,#1467,#1468,#1469,#1470,#1471,#1472,#1473,#1474,#1475,#1476,#1477,#1478,#1479,#1480,#1481,#1482,#1483,#1484,#1485,#1486,#1487,#1488,#1489,#1490,#1491,#1492,#1493,#1494,#1495,#1496,#1497,#1498,#1499,#1500,#1501,#1502,#1503,#1504,#1505,#1506,#1507,#1508,#1509,#1510));
#954=AXIS2_PLACEMENT_3D('',#1511,#1512,#1513);
#955=SURFACE_SIDE_STYLE('',(#1514));
#956=EDGE_LOOP('',(#1515,#1516,#1517,#1518,#1519,#1520,#1521,#1522,#1523,#1524,#1525,#1526,#1527,#1528,#1529,#1530,#1531,#1532,#1533,#1534,#1535,#1536,#1537,#1538,#1539,#1540,#1541,#1542,#1543,#1544,#1545,#1546,#1547,#1548,#1549,#1550,#1551,#1552,#1553,#1554,#1555,#1556,#1557,#1558,#1559,#1560,#1561,#1562,#1563,#1564,#1565,#1566,#1567,#1568,#1569,#1570,#1571,#1572,#1573,#1574,#1575,#1576,#1577,#1578,#1579,#1580,#1581,#1582,#1583,#1584,#1585));
#957=AXIS2_PLACEMENT_3D('',#1586,#1587,#1588);
#958=SURFACE_SIDE_STYLE('',(#1589));
#959=EDGE_LOOP('',(#1590,#1591,#1592,#1593));
#960=AXIS2_PLACEMENT_3D('',#1594,#1595,#1596);
#961=SURFACE_SIDE_STYLE('',(#1597));
#962=EDGE_LOOP('',(#1598,#1599,#1600,#1601));
#963=AXIS2_PLACEMENT_3D('',#1602,#1603,#1604);
#964=SURFACE_SIDE_STYLE('',(#1605));
#965=EDGE_LOOP('',(#1606,#1607,#1608,#1609,#1610,#1611,#1612));
#966=AXIS2_PLACEMENT_3D('',#1613,#1614,#1615);
#967=SURFACE_SIDE_STYLE('',(#1616));
#968=EDGE_LOOP('',(#1617,#1618,#1619,#1620,#1621,#1622));
#969=AXIS2_PLACEMENT_3D('',#1623,#1624,#1625);
#970=SURFACE_SIDE_STYLE('',(#1626));
#971=EDGE_LOOP('',(#1627,#1628,#1629,#1630,#1631,#1632));
#972=AXIS2_PLACEMENT_3D('',#1633,#1634,#1635);
#973=SURFACE_SIDE_STYLE('',(#1636));
#974=EDGE_LOOP('',(#1637,#1638,#1639,#1640));
#975=AXIS2_PLACEMENT_3D('',#1641,#1642,#1643);
#976=SURFACE_SIDE_STYLE('',(#1644));
#977=EDGE_LOOP('',(#1645,#1646,#1647,#1648,#1649,#1650,#1651,#1652,#1653,#1654,#1655,#1656,#1657,#1658,#1659,#1660,#1661,#1662));
#978=EDGE_LOOP('',(#1663,#1664,#1665,#1666));
#979=AXIS2_PLACEMENT_3D('',#1667,#1668,#1669);
#980=SURFACE_SIDE_STYLE('',(#1670));
#981=EDGE_LOOP('',(#1671,#1672,#1673,#1674,#1675));
#982=AXIS2_PLACEMENT_3D('',#1676,#1677,#1678);
#983=SURFACE_SIDE_STYLE('',(#1679));
#984=EDGE_LOOP('',(#1680,#1681,#1682,#1683,#1684));
#985=AXIS2_PLACEMENT_3D('',#1685,#1686,#1687);
#986=SURFACE_SIDE_STYLE('',(#1688));
#987=EDGE_LOOP('',(#1689,#1690,#1691,#1692));
#988=AXIS2_PLACEMENT_3D('',#1693,#1694,#1695);
#989=SURFACE_SIDE_STYLE('',(#1696));
#990=EDGE_LOOP('',(#1697,#1698,#1699,#1700));
#991=AXIS2_PLACEMENT_3D('',#1701,#1702,#1703);
#992=SURFACE_SIDE_STYLE('',(#1704));
#993=EDGE_LOOP('',(#1705,#1706,#1707,#1708));
#994=AXIS2_PLACEMENT_3D('',#1709,#1710,#1711);
#995=SURFACE_SIDE_STYLE('',(#1712));
#996=EDGE_LOOP('',(#1713,#1714,#1715,#1716));
#997=AXIS2_PLACEMENT_3D('',#1717,#1718,#1719);
#998=SURFACE_SIDE_STYLE('',(#1720));
#999=EDGE_LOOP('',(#1721,#1722,#1723,#1724));
#1000=AXIS2_PLACEMENT_3D('',#1725,#1726,#1727);
#1001=SURFACE_SIDE_STYLE('',(#1728));
#1002=EDGE_LOOP('',(#1729,#1730,#1731,#1732,#1733,#1734));
#1003=AXIS2_PLACEMENT_3D('',#1735,#1736,#1737);
#1004=SURFACE_SIDE_STYLE('',(#1738));
#1005=EDGE_LOOP('',(#1739,#1740,#1741,#1742));
#1006=AXIS2_PLACEMENT_3D('',#1743,#1744,#1745);
#1007=SURFACE_SIDE_STYLE('',(#1746));
#1008=EDGE_LOOP('',(#1747,#1748,#1749,#1750,#1751,#1752));
#1009=AXIS2_PLACEMENT_3D('',#1753,#1754,#1755);
#1010=SURFACE_SIDE_STYLE('',(#1756));
#1011=EDGE_LOOP('',(#1757,#1758,#1759,#1760,#1761,#1762,#1763,#1764));
#1012=AXIS2_PLACEMENT_3D('',#1765,#1766,#1767);
#1013=SURFACE_SIDE_STYLE('',(#1768));
#1014=EDGE_LOOP('',(#1769,#1770,#1771,#1772));
#1015=AXIS2_PLACEMENT_3D('',#1773,#1774,#1775);
#1016=SURFACE_SIDE_STYLE('',(#1776));
#1017=EDGE_LOOP('',(#1777,#1778,#1779,#1780));
#1018=AXIS2_PLACEMENT_3D('',#1781,#1782,#1783);
#1019=SURFACE_SIDE_STYLE('',(#1784));
#1020=EDGE_LOOP('',(#1785,#1786,#1787,#1788));
#1021=AXIS2_PLACEMENT_3D('',#1789,#1790,#1791);
#1022=SURFACE_SIDE_STYLE('',(#1792));
#1023=EDGE_LOOP('',(#1793,#1794,#1795,#1796));
#1024=AXIS2_PLACEMENT_3D('',#1797,#1798,#1799);
#1025=SURFACE_SIDE_STYLE('',(#1800));
#1026=EDGE_LOOP('',(#1801,#1802,#1803,#1804));
#1027=AXIS2_PLACEMENT_3D('',#1805,#1806,#1807);
#1028=SURFACE_SIDE_STYLE('',(#1808));
#1029=EDGE_LOOP('',(#1809,#1810,#1811,#1812));
#1030=AXIS2_PLACEMENT_3D('',#1813,#1814,#1815);
#1031=SURFACE_SIDE_STYLE('',(#1816));
#1032=EDGE_LOOP('',(#1817,#1818,#1819,#1820));
#1033=AXIS2_PLACEMENT_3D('',#1821,#1822,#1823);
#1034=SURFACE_SIDE_STYLE('',(#1824));
#1035=EDGE_LOOP('',(#1825,#1826,#1827,#1828));
#1036=AXIS2_PLACEMENT_3D('',#1829,#1830,#1831);
#1037=SURFACE_SIDE_STYLE('',(#1832));
#1038=EDGE_LOOP('',(#1833,#1834,#1835,#1836));
#1039=AXIS2_PLACEMENT_3D('',#1837,#1838,#1839);
#1040=SURFACE_SIDE_STYLE('',(#1840));
#1041=EDGE_LOOP('',(#1841,#1842,#1843,#1844));
#1042=AXIS2_PLACEMENT_3D('',#1845,#1846,#1847);
#1043=SURFACE_SIDE_STYLE('',(#1848));
#1044=EDGE_LOOP('',(#1849,#1850,#1851,#1852));
#1045=AXIS2_PLACEMENT_3D('',#1853,#1854,#1855);
#1046=SURFACE_SIDE_STYLE('',(#1856));
#1047=EDGE_LOOP('',(#1857,#1858,#1859,#1860));
#1048=AXIS2_PLACEMENT_3D('',#1861,#1862,#1863);
#1049=SURFACE_SIDE_STYLE('',(#1864));
#1050=EDGE_LOOP('',(#1865,#1866,#1867,#1868,#1869,#1870,#1871,#1872));
#1051=AXIS2_PLACEMENT_3D('',#1873,#1874,#1875);
#1052=SURFACE_SIDE_STYLE('',(#1876));
#1053=EDGE_LOOP('',(#1877,#1878,#1879,#1880));
#1054=AXIS2_PLACEMENT_3D('',#1881,#1882,#1883);
#1055=SURFACE_SIDE_STYLE('',(#1884));
#1056=EDGE_LOOP('',(#1885,#1886,#1887,#1888,#1889,#1890,#1891,#1892,#1893,#1894,#1895,#1896));
#1057=AXIS2_PLACEMENT_3D('',#1897,#1898,#1899);
#1058=SURFACE_SIDE_STYLE('',(#1900));
#1059=EDGE_LOOP('',(#1901,#1902,#1903,#1904));
#1060=AXIS2_PLACEMENT_3D('',#1905,#1906,#1907);
#1061=SURFACE_SIDE_STYLE('',(#1908));
#1062=EDGE_LOOP('',(#1909,#1910,#1911,#1912));
#1063=AXIS2_PLACEMENT_3D('',#1913,#1914,#1915);
#1064=SURFACE_SIDE_STYLE('',(#1916));
#1065=EDGE_LOOP('',(#1917,#1918,#1919,#1920));
#1066=AXIS2_PLACEMENT_3D('',#1921,#1922,#1923);
#1067=SURFACE_SIDE_STYLE('',(#1924));
#1068=EDGE_LOOP('',(#1925,#1926,#1927,#1928));
#1069=AXIS2_PLACEMENT_3D('',#1929,#1930,#1931);
#1070=SURFACE_SIDE_STYLE('',(#1932));
#1071=EDGE_LOOP('',(#1933,#1934,#1935,#1936));
#1072=AXIS2_PLACEMENT_3D('',#1937,#1938,#1939);
#1073=SURFACE_SIDE_STYLE('',(#1940));
#1074=EDGE_LOOP('',(#1941,#1942,#1943,#1944));
#1075=AXIS2_PLACEMENT_3D('',#1945,#1946,#1947);
#1076=SURFACE_SIDE_STYLE('',(#1948));
#1077=EDGE_LOOP('',(#1949,#1950,#1951,#1952));
#1078=AXIS2_PLACEMENT_3D('',#1953,#1954,#1955);
#1079=SURFACE_SIDE_STYLE('',(#1956));
#1080=EDGE_LOOP('',(#1957,#1958,#1959,#1960));
#1081=EDGE_LOOP('',(#1961,#1962));
#1082=AXIS2_PLACEMENT_3D('',#1963,#1964,#1965);
#1083=SURFACE_SIDE_STYLE('',(#1966));
#1084=EDGE_LOOP('',(#1967,#1968,#1969,#1970,#1971,#1972,#1973,#1974));
#1085=AXIS2_PLACEMENT_3D('',#1975,#1976,#1977);
#1086=SURFACE_SIDE_STYLE('',(#1978));
#1087=EDGE_LOOP('',(#1979,#1980,#1981,#1982));
#1088=AXIS2_PLACEMENT_3D('',#1983,#1984,#1985);
#1089=SURFACE_SIDE_STYLE('',(#1986));
#1090=EDGE_LOOP('',(#1987,#1988,#1989,#1990));
#1091=AXIS2_PLACEMENT_3D('',#1991,#1992,#1993);
#1092=SURFACE_SIDE_STYLE('',(#1994));
#1093=EDGE_LOOP('',(#1995,#1996,#1997));
#1094=AXIS2_PLACEMENT_3D('',#1998,#1999,#2000);
#1095=SURFACE_SIDE_STYLE('',(#2001));
#1096=EDGE_LOOP('',(#2002,#2003,#2004,#2005));
#1097=AXIS2_PLACEMENT_3D('',#2006,#2007,#2008);
#1098=SURFACE_SIDE_STYLE('',(#2009));
#1099=EDGE_LOOP('',(#2010,#2011,#2012));
#1100=AXIS2_PLACEMENT_3D('',#2013,#2014,#2015);
#1101=SURFACE_SIDE_STYLE('',(#2016));
#1102=EDGE_LOOP('',(#2017,#2018,#2019,#2020));
#1103=AXIS2_PLACEMENT_3D('',#2021,#2022,#2023);
#1104=SURFACE_SIDE_STYLE('',(#2024));
#1105=EDGE_LOOP('',(#2025,#2026,#2027,#2028));
#1106=AXIS2_PLACEMENT_3D('',#2029,#2030,#2031);
#1107=SURFACE_SIDE_STYLE('',(#2032));
#1108=EDGE_LOOP('',(#2033,#2034,#2035,#2036));
#1109=AXIS2_PLACEMENT_3D('',#2037,#2038,#2039);
#1110=SURFACE_SIDE_STYLE('',(#2040));
#1111=EDGE_LOOP('',(#2041,#2042,#2043,#2044));
#1112=AXIS2_PLACEMENT_3D('',#2045,#2046,#2047);
#1113=SURFACE_SIDE_STYLE('',(#2048));
#1114=EDGE_LOOP('',(#2049,#2050,#2051,#2052));
#1115=AXIS2_PLACEMENT_3D('',#2053,#2054,#2055);
#1116=SURFACE_SIDE_STYLE('',(#2056));
#1117=EDGE_LOOP('',(#2057,#2058,#2059,#2060,#2061,#2062,#2063,#2064));
#1118=AXIS2_PLACEMENT_3D('',#2065,#2066,#2067);
#1119=SURFACE_SIDE_STYLE('',(#2068));
#1120=EDGE_LOOP('',(#2069,#2070,#2071,#2072,#2073,#2074,#2075,#2076));
#1121=AXIS2_PLACEMENT_3D('',#2077,#2078,#2079);
#1122=SURFACE_SIDE_STYLE('',(#2080));
#1123=EDGE_LOOP('',(#2081,#2082,#2083,#2084));
#1124=AXIS2_PLACEMENT_3D('',#2085,#2086,#2087);
#1125=SURFACE_SIDE_STYLE('',(#2088));
#1126=EDGE_LOOP('',(#2089,#2090,#2091,#2092));
#1127=AXIS2_PLACEMENT_3D('',#2093,#2094,#2095);
#1128=SURFACE_SIDE_STYLE('',(#2096));
#1129=EDGE_LOOP('',(#2097,#2098,#2099,#2100));
#1130=AXIS2_PLACEMENT_3D('',#2101,#2102,#2103);
#1131=SURFACE_SIDE_STYLE('',(#2104));
#1132=EDGE_LOOP('',(#2105,#2106,#2107,#2108));
#1133=AXIS2_PLACEMENT_3D('',#2109,#2110,#2111);
#1134=SURFACE_SIDE_STYLE('',(#2112));
#1135=EDGE_LOOP('',(#2113,#2114,#2115,#2116));
#1136=AXIS2_PLACEMENT_3D('',#2117,#2118,#2119);
#1137=SURFACE_SIDE_STYLE('',(#2120));
#1138=EDGE_LOOP('',(#2121,#2122,#2123,#2124));
#1139=AXIS2_PLACEMENT_3D('',#2125,#2126,#2127);
#1140=SURFACE_SIDE_STYLE('',(#2128));
#1141=EDGE_LOOP('',(#2129,#2130,#2131,#2132));
#1142=AXIS2_PLACEMENT_3D('',#2133,#2134,#2135);
#1143=SURFACE_SIDE_STYLE('',(#2136));
#1144=EDGE_LOOP('',(#2137,#2138,#2139,#2140));
#1145=AXIS2_PLACEMENT_3D('',#2141,#2142,#2143);
#1146=SURFACE_SIDE_STYLE('',(#2144));
#1147=EDGE_LOOP('',(#2145,#2146,#2147,#2148));
#1148=AXIS2_PLACEMENT_3D('',#2149,#2150,#2151);
#1149=SURFACE_SIDE_STYLE('',(#2152));
#1150=EDGE_LOOP('',(#2153,#2154,#2155,#2156,#2157,#2158,#2159,#2160,#2161,#2162,#2163,#2164,#2165,#2166,#2167));
#1151=AXIS2_PLACEMENT_3D('',#2168,#2169,#2170);
#1152=SURFACE_SIDE_STYLE('',(#2171));
#1153=EDGE_LOOP('',(#2172,#2173,#2174,#2175,#2176));
#1154=AXIS2_PLACEMENT_3D('',#2177,#2178,#2179);
#1155=SURFACE_SIDE_STYLE('',(#2180));
#1156=EDGE_LOOP('',(#2181,#2182,#2183,#2184,#2185,#2186));
#1157=AXIS2_PLACEMENT_3D('',#2187,#2188,#2189);
#1158=SURFACE_SIDE_STYLE('',(#2190));
#1159=EDGE_LOOP('',(#2191,#2192,#2193,#2194));
#1160=AXIS2_PLACEMENT_3D('',#2195,#2196,#2197);
#1161=SURFACE_SIDE_STYLE('',(#2198));
#1162=EDGE_LOOP('',(#2199,#2200,#2201,#2202,#2203,#2204,#2205,#2206));
#1163=AXIS2_PLACEMENT_3D('',#2207,#2208,#2209);
#1164=SURFACE_SIDE_STYLE('',(#2210));
#1165=EDGE_LOOP('',(#2211,#2212,#2213,#2214));
#1166=AXIS2_PLACEMENT_3D('',#2215,#2216,#2217);
#1167=SURFACE_SIDE_STYLE('',(#2218));
#1168=EDGE_LOOP('',(#2219,#2220,#2221,#2222,#2223,#2224));
#1169=AXIS2_PLACEMENT_3D('',#2225,#2226,#2227);
#1170=SURFACE_SIDE_STYLE('',(#2228));
#1171=EDGE_LOOP('',(#2229,#2230,#2231,#2232));
#1172=AXIS2_PLACEMENT_3D('',#2233,#2234,#2235);
#1173=SURFACE_SIDE_STYLE('',(#2236));
#1174=EDGE_LOOP('',(#2237,#2238,#2239,#2240));
#1175=AXIS2_PLACEMENT_3D('',#2241,#2242,#2243);
#1176=SURFACE_SIDE_STYLE('',(#2244));
#1177=EDGE_LOOP('',(#2245,#2246,#2247,#2248));
#1178=AXIS2_PLACEMENT_3D('',#2249,#2250,#2251);
#1179=SURFACE_SIDE_STYLE('',(#2252));
#1180=EDGE_LOOP('',(#2253,#2254,#2255));
#1181=AXIS2_PLACEMENT_3D('',#2256,#2257,#2258);
#1182=SURFACE_SIDE_STYLE('',(#2259));
#1183=EDGE_LOOP('',(#2260,#2261,#2262,#2263,#2264,#2265));
#1184=AXIS2_PLACEMENT_3D('',#2266,#2267,#2268);
#1185=SURFACE_SIDE_STYLE('',(#2269));
#1186=EDGE_LOOP('',(#2270,#2271,#2272,#2273,#2274,#2275,#2276));
#1187=AXIS2_PLACEMENT_3D('',#2277,#2278,#2279);
#1188=SURFACE_SIDE_STYLE('',(#2280));
#1189=EDGE_LOOP('',(#2281,#2282,#2283,#2284));
#1190=AXIS2_PLACEMENT_3D('',#2285,#2286,#2287);
#1191=SURFACE_SIDE_STYLE('',(#2288));
#1192=EDGE_LOOP('',(#2289,#2290,#2291,#2292));
#1193=AXIS2_PLACEMENT_3D('',#2293,#2294,#2295);
#1194=SURFACE_SIDE_STYLE('',(#2296));
#1195=EDGE_LOOP('',(#2297,#2298,#2299,#2300,#2301));
#1196=AXIS2_PLACEMENT_3D('',#2302,#2303,#2304);
#1197=SURFACE_SIDE_STYLE('',(#2305));
#1198=EDGE_LOOP('',(#2306,#2307,#2308,#2309,#2310,#2311,#2312));
#1199=AXIS2_PLACEMENT_3D('',#2313,#2314,#2315);
#1200=SURFACE_SIDE_STYLE('',(#2316));
#1201=EDGE_LOOP('',(#2317,#2318,#2319,#2320));
#1202=AXIS2_PLACEMENT_3D('',#2321,#2322,#2323);
#1203=SURFACE_SIDE_STYLE('',(#2324));
#1204=EDGE_LOOP('',(#2325,#2326,#2327,#2328));
#1205=AXIS2_PLACEMENT_3D('',#2329,#2330,#2331);
#1206=SURFACE_SIDE_STYLE('',(#2332));
#1207=EDGE_LOOP('',(#2333,#2334,#2335,#2336));
#1208=AXIS2_PLACEMENT_3D('',#2337,#2338,#2339);
#1209=SURFACE_SIDE_STYLE('',(#2340));
#1210=EDGE_LOOP('',(#2341,#2342,#2343,#2344));
#1211=AXIS2_PLACEMENT_3D('',#2345,#2346,#2347);
#1212=SURFACE_SIDE_STYLE('',(#2348));
#1213=EDGE_LOOP('',(#2349,#2350,#2351,#2352));
#1214=AXIS2_PLACEMENT_3D('',#2353,#2354,#2355);
#1215=SURFACE_SIDE_STYLE('',(#2356));
#1216=EDGE_LOOP('',(#2357,#2358,#2359,#2360));
#1217=AXIS2_PLACEMENT_3D('',#2361,#2362,#2363);
#1218=SURFACE_SIDE_STYLE('',(#2364));
#1219=EDGE_LOOP('',(#2365,#2366,#2367,#2368));
#1220=AXIS2_PLACEMENT_3D('',#2369,#2370,#2371);
#1221=SURFACE_SIDE_STYLE('',(#2372));
#1222=EDGE_LOOP('',(#2373,#2374,#2375,#2376));
#1223=AXIS2_PLACEMENT_3D('',#2377,#2378,#2379);
#1224=SURFACE_SIDE_STYLE('',(#2380));
#1225=EDGE_LOOP('',(#2381,#2382,#2383,#2384));
#1226=AXIS2_PLACEMENT_3D('',#2385,#2386,#2387);
#1227=SURFACE_SIDE_STYLE('',(#2388));
#1228=EDGE_LOOP('',(#2389,#2390,#2391,#2392));
#1229=AXIS2_PLACEMENT_3D('',#2393,#2394,#2395);
#1230=SURFACE_SIDE_STYLE('',(#2396));
#1231=EDGE_LOOP('',(#2397,#2398,#2399,#2400));
#1232=AXIS2_PLACEMENT_3D('',#2401,#2402,#2403);
#1233=SURFACE_SIDE_STYLE('',(#2404));
#1234=EDGE_LOOP('',(#2405,#2406,#2407,#2408));
#1235=AXIS2_PLACEMENT_3D('',#2409,#2410,#2411);
#1236=SURFACE_SIDE_STYLE('',(#2412));
#1237=EDGE_LOOP('',(#2413,#2414,#2415,#2416));
#1238=AXIS2_PLACEMENT_3D('',#2417,#2418,#2419);
#1239=SURFACE_SIDE_STYLE('',(#2420));
#1240=EDGE_LOOP('',(#2421,#2422,#2423,#2424));
#1241=AXIS2_PLACEMENT_3D('',#2425,#2426,#2427);
#1242=SURFACE_SIDE_STYLE('',(#2428));
#1243=EDGE_LOOP('',(#2429,#2430,#2431,#2432));
#1244=AXIS2_PLACEMENT_3D('',#2433,#2434,#2435);
#1245=SURFACE_SIDE_STYLE('',(#2436));
#1246=EDGE_LOOP('',(#2437,#2438,#2439,#2440));
#1247=AXIS2_PLACEMENT_3D('',#2441,#2442,#2443);
#1248=SURFACE_SIDE_STYLE('',(#2444));
#1249=EDGE_LOOP('',(#2445,#2446,#2447,#2448));
#1250=AXIS2_PLACEMENT_3D('',#2449,#2450,#2451);
#1251=SURFACE_SIDE_STYLE('',(#2452));
#1252=EDGE_LOOP('',(#2453,#2454,#2455,#2456));
#1253=AXIS2_PLACEMENT_3D('',#2457,#2458,#2459);
#1254=SURFACE_SIDE_STYLE('',(#2460));
#1255=EDGE_LOOP('',(#2461,#2462,#2463,#2464));
#1256=AXIS2_PLACEMENT_3D('',#2465,#2466,#2467);
#1257=SURFACE_SIDE_STYLE('',(#2468));
#1258=EDGE_LOOP('',(#2469,#2470,#2471,#2472));
#1259=AXIS2_PLACEMENT_3D('',#2473,#2474,#2475);
#1260=SURFACE_SIDE_STYLE('',(#2476));
#1261=EDGE_LOOP('',(#2477,#2478,#2479,#2480));
#1262=AXIS2_PLACEMENT_3D('',#2481,#2482,#2483);
#1263=SURFACE_SIDE_STYLE('',(#2484));
#1264=EDGE_LOOP('',(#2485,#2486,#2487,#2488));
#1265=AXIS2_PLACEMENT_3D('',#2489,#2490,#2491);
#1266=SURFACE_SIDE_STYLE('',(#2492));
#1267=EDGE_LOOP('',(#2493,#2494,#2495,#2496));
#1268=AXIS2_PLACEMENT_3D('',#2497,#2498,#2499);
#1269=SURFACE_SIDE_STYLE('',(#2500));
#1270=EDGE_LOOP('',(#2501,#2502,#2503,#2504));
#1271=AXIS2_PLACEMENT_3D('',#2505,#2506,#2507);
#1272=SURFACE_SIDE_STYLE('',(#2508));
#1273=EDGE_LOOP('',(#2509,#2510,#2511,#2512));
#1274=AXIS2_PLACEMENT_3D('',#2513,#2514,#2515);
#1275=SURFACE_SIDE_STYLE('',(#2516));
#1276=EDGE_LOOP('',(#2517,#2518,#2519,#2520));
#1277=AXIS2_PLACEMENT_3D('',#2521,#2522,#2523);
#1278=SURFACE_SIDE_STYLE('',(#2524));
#1279=EDGE_LOOP('',(#2525,#2526,#2527,#2528));
#1280=AXIS2_PLACEMENT_3D('',#2529,#2530,#2531);
#1281=SURFACE_SIDE_STYLE('',(#2532));
#1282=EDGE_LOOP('',(#2533,#2534,#2535,#2536));
#1283=AXIS2_PLACEMENT_3D('',#2537,#2538,#2539);
#1284=SURFACE_SIDE_STYLE('',(#2540));
#1285=EDGE_LOOP('',(#2541,#2542,#2543,#2544));
#1286=AXIS2_PLACEMENT_3D('',#2545,#2546,#2547);
#1287=SURFACE_SIDE_STYLE('',(#2548));
#1288=EDGE_LOOP('',(#2549,#2550,#2551,#2552,#2553,#2554));
#1289=AXIS2_PLACEMENT_3D('',#2555,#2556,#2557);
#1290=SURFACE_SIDE_STYLE('',(#2558));
#1291=EDGE_LOOP('',(#2559,#2560,#2561,#2562));
#1292=AXIS2_PLACEMENT_3D('',#2563,#2564,#2565);
#1293=SURFACE_SIDE_STYLE('',(#2566));
#1294=EDGE_LOOP('',(#2567,#2568,#2569,#2570));
#1295=AXIS2_PLACEMENT_3D('',#2571,#2572,#2573);
#1296=SURFACE_SIDE_STYLE('',(#2574));
#1297=EDGE_LOOP('',(#2575,#2576,#2577,#2578,#2579,#2580));
#1298=AXIS2_PLACEMENT_3D('',#2581,#2582,#2583);
#1299=SURFACE_SIDE_STYLE('',(#2584));
#1300=EDGE_LOOP('',(#2585,#2586,#2587,#2588));
#1301=AXIS2_PLACEMENT_3D('',#2589,#2590,#2591);
#1302=SURFACE_SIDE_STYLE('',(#2592));
#1303=EDGE_LOOP('',(#2593,#2594,#2595,#2596));
#1304=AXIS2_PLACEMENT_3D('',#2597,#2598,#2599);
#1305=SURFACE_SIDE_STYLE('',(#2600));
#1306=EDGE_LOOP('',(#2601,#2602,#2603,#2604));
#1307=AXIS2_PLACEMENT_3D('',#2605,#2606,#2607);
#1308=SURFACE_SIDE_STYLE('',(#2608));
#1309=EDGE_LOOP('',(#2609,#2610,#2611,#2612,#2613,#2614,#2615,#2616));
#1310=AXIS2_PLACEMENT_3D('',#2617,#2618,#2619);
#1311=SURFACE_SIDE_STYLE('',(#2620));
#1312=EDGE_LOOP('',(#2621,#2622,#2623,#2624));
#1313=AXIS2_PLACEMENT_3D('',#2625,#2626,#2627);
#1314=SURFACE_SIDE_STYLE('',(#2628));
#1315=EDGE_LOOP('',(#2629,#2630,#2631,#2632));
#1316=AXIS2_PLACEMENT_3D('',#2633,#2634,#2635);
#1317=SURFACE_SIDE_STYLE('',(#2636));
#1318=EDGE_LOOP('',(#2637,#2638,#2639,#2640));
#1319=AXIS2_PLACEMENT_3D('',#2641,#2642,#2643);
#1320=SURFACE_SIDE_STYLE('',(#2644));
#1321=EDGE_LOOP('',(#2645,#2646,#2647,#2648));
#1322=AXIS2_PLACEMENT_3D('',#2649,#2650,#2651);
#1323=SURFACE_SIDE_STYLE('',(#2652));
#1324=EDGE_LOOP('',(#2653,#2654,#2655,#2656));
#1325=AXIS2_PLACEMENT_3D('',#2657,#2658,#2659);
#1326=SURFACE_SIDE_STYLE('',(#2660));
#1327=EDGE_LOOP('',(#2661,#2662,#2663,#2664));
#1328=AXIS2_PLACEMENT_3D('',#2665,#2666,#2667);
#1329=SURFACE_SIDE_STYLE('',(#2668));
#1330=EDGE_LOOP('',(#2669,#2670,#2671,#2672,#2673,#2674,#2675,#2676));
#1331=AXIS2_PLACEMENT_3D('',#2677,#2678,#2679);
#1332=SURFACE_SIDE_STYLE('',(#2680));
#1333=EDGE_LOOP('',(#2681,#2682,#2683,#2684,#2685,#2686,#2687,#2688));
#1334=AXIS2_PLACEMENT_3D('',#2689,#2690,#2691);
#1335=SURFACE_SIDE_STYLE('',(#2692));
#1336=EDGE_LOOP('',(#2693,#2694,#2695,#2696,#2697,#2698));
#1337=AXIS2_PLACEMENT_3D('',#2699,#2700,#2701);
#1338=SURFACE_SIDE_STYLE('',(#2702));
#1339=EDGE_LOOP('',(#2703,#2704,#2705,#2706));
#1340=AXIS2_PLACEMENT_3D('',#2707,#2708,#2709);
#1341=SURFACE_SIDE_STYLE('',(#2710));
#1342=EDGE_LOOP('',(#2711,#2712,#2713,#2714));
#1343=AXIS2_PLACEMENT_3D('',#2715,#2716,#2717);
#1344=SURFACE_SIDE_STYLE('',(#2718));
#1345=EDGE_LOOP('',(#2719,#2720,#2721,#2722,#2723,#2724));
#1346=AXIS2_PLACEMENT_3D('',#2725,#2726,#2727);
#1347=SURFACE_SIDE_STYLE('',(#2728));
#1348=EDGE_LOOP('',(#2729,#2730,#2731,#2732,#2733,#2734,#2735));
#1349=AXIS2_PLACEMENT_3D('',#2736,#2737,#2738);
#1350=SURFACE_SIDE_STYLE('',(#2739));
#1351=EDGE_LOOP('',(#2740,#2741,#2742,#2743));
#1352=AXIS2_PLACEMENT_3D('',#2744,#2745,#2746);
#1353=SURFACE_SIDE_STYLE('',(#2747));
#1354=EDGE_LOOP('',(#2748,#2749,#2750));
#1355=AXIS2_PLACEMENT_3D('',#2751,#2752,#2753);
#1356=SURFACE_SIDE_STYLE('',(#2754));
#1357=EDGE_LOOP('',(#2755,#2756,#2757,#2758,#2759,#2760,#2761,#2762));
#1358=AXIS2_PLACEMENT_3D('',#2763,#2764,#2765);
#1359=SURFACE_SIDE_STYLE('',(#2766));
#1360=EDGE_LOOP('',(#2767,#2768,#2769,#2770,#2771,#2772));
#1361=AXIS2_PLACEMENT_3D('',#2773,#2774,#2775);
#1362=SURFACE_SIDE_STYLE('',(#2776));
#1363=EDGE_LOOP('',(#2777,#2778,#2779,#2780));
#1364=AXIS2_PLACEMENT_3D('',#2781,#2782,#2783);
#1365=SURFACE_SIDE_STYLE('',(#2784));
#1366=EDGE_LOOP('',(#2785,#2786,#2787,#2788));
#1367=AXIS2_PLACEMENT_3D('',#2789,#2790,#2791);
#1368=SURFACE_SIDE_STYLE('',(#2792));
#1369=EDGE_LOOP('',(#2793,#2794,#2795,#2796));
#1370=AXIS2_PLACEMENT_3D('',#2797,#2798,#2799);
#1371=SURFACE_SIDE_STYLE('',(#2800));
#1372=EDGE_LOOP('',(#2801,#2802,#2803));
#1373=AXIS2_PLACEMENT_3D('',#2804,#2805,#2806);
#1374=SURFACE_SIDE_STYLE('',(#2807));
#1375=EDGE_LOOP('',(#2808,#2809,#2810,#2811,#2812,#2813,#2814,#2815));
#1376=AXIS2_PLACEMENT_3D('',#2816,#2817,#2818);
#1377=SURFACE_SIDE_STYLE('',(#2819));
#1379=SURFACE_STYLE_FILL_AREA(#2820);
#1380=ORIENTED_EDGE('',*,*,#2821,.F.);
#1381=ORIENTED_EDGE('',*,*,#2822,.T.);
#1382=ORIENTED_EDGE('',*,*,#2823,.T.);
#1383=ORIENTED_EDGE('',*,*,#2824,.T.);
#1384=ORIENTED_EDGE('',*,*,#2825,.F.);
#1385=ORIENTED_EDGE('',*,*,#2826,.F.);
#1386=CARTESIAN_POINT('',(6.15000000000156,0.900000000009101,3.0999999999963));
#1387=DIRECTION('',(-1.0,-1.23734356094474E-13,1.23956400699399E-13));
#1388=DIRECTION('',(-1.23734356094474E-13,1.0,-2.22044604924991E-16));
#1389=SURFACE_STYLE_FILL_AREA(#2827);
#1390=ORIENTED_EDGE('',*,*,#2828,.F.);
#1391=ORIENTED_EDGE('',*,*,#2829,.F.);
#1392=ORIENTED_EDGE('',*,*,#2830,.T.);
#1393=ORIENTED_EDGE('',*,*,#2831,.T.);
#1394=CARTESIAN_POINT('',(6.14999999999397,76.3477270875586,17.1999999999939));
#1395=DIRECTION('',(-1.0,-1.23734356094474E-13,1.23956400699399E-13));
#1396=DIRECTION('',(-1.23734356094474E-13,1.0,-2.22044604925004E-16));
#1397=SURFACE_STYLE_FILL_AREA(#2832);
#1398=ORIENTED_EDGE('',*,*,#2833,.F.);
#1399=ORIENTED_EDGE('',*,*,#2834,.T.);
#1400=ORIENTED_EDGE('',*,*,#2835,.T.);
#1401=ORIENTED_EDGE('',*,*,#2836,.F.);
#1402=CARTESIAN_POINT('',(6.15000000000077,16.0521397485416,11.8848211502774));
#1403=DIRECTION('',(-1.0,-1.23734356094473E-13,1.23956400699399E-13));
#1404=DIRECTION('',(-1.23734356094458E-13,1.0,1.23512311489549E-13));
#1405=SURFACE_STYLE_FILL_AREA(#2837);
#1406=ORIENTED_EDGE('',*,*,#2838,.F.);
#1407=ORIENTED_EDGE('',*,*,#2839,.T.);
#1408=ORIENTED_EDGE('',*,*,#2840,.T.);
#1409=ORIENTED_EDGE('',*,*,#2841,.F.);
#1410=CARTESIAN_POINT('',(6.14999999994914,1.6906414184824,18.7930473697413));
#1411=DIRECTION('',(1.0,2.44929359831531E-16,-7.62361273756229E-15));
#1412=DIRECTION('',(1.1721883722264E-15,-0.992546151641325,0.121869343405122));
#1413=SURFACE_STYLE_FILL_AREA(#2842);
#1414=ORIENTED_EDGE('',*,*,#2843,.F.);
#1415=ORIENTED_EDGE('',*,*,#2844,.T.);
#1416=ORIENTED_EDGE('',*,*,#2845,.F.);
#1417=ORIENTED_EDGE('',*,*,#2846,.F.);
#1418=CARTESIAN_POINT('',(6.15000000000537,-14.3090880212456,18.6999999999952));
#1419=DIRECTION('',(-1.0,-1.23734356094474E-13,1.23956400699399E-13));
#1420=DIRECTION('',(-1.23734356094474E-13,1.0,-2.22044604925004E-16));
#1421=SURFACE_STYLE_FILL_AREA(#2847);
#1422=ORIENTED_EDGE('',*,*,#2848,.F.);
#1423=ORIENTED_EDGE('',*,*,#2849,.T.);
#1424=ORIENTED_EDGE('',*,*,#2850,.F.);
#1425=ORIENTED_EDGE('',*,*,#2851,.F.);
#1426=CARTESIAN_POINT('',(6.15000000000537,-14.3090880212456,18.6999999999952));
#1427=DIRECTION('',(-1.0,-1.23734356094474E-13,1.23956400699399E-13));
#1428=DIRECTION('',(-1.23734356094474E-13,1.0,-2.22044604925004E-16));
#1429=SURFACE_STYLE_FILL_AREA(#2852);
#1430=ORIENTED_EDGE('',*,*,#2853,.T.);
#1431=ORIENTED_EDGE('',*,*,#2854,.F.);
#1432=ORIENTED_EDGE('',*,*,#2855,.T.);
#1433=ORIENTED_EDGE('',*,*,#2856,.F.);
#1434=ORIENTED_EDGE('',*,*,#2857,.F.);
#1435=ORIENTED_EDGE('',*,*,#2858,.T.);
#1436=ORIENTED_EDGE('',*,*,#2859,.T.);
#1437=ORIENTED_EDGE('',*,*,#2860,.T.);
#1438=ORIENTED_EDGE('',*,*,#2861,.T.);
#1439=ORIENTED_EDGE('',*,*,#2862,.T.);
#1440=ORIENTED_EDGE('',*,*,#2863,.T.);
#1441=ORIENTED_EDGE('',*,*,#2864,.F.);
#1442=ORIENTED_EDGE('',*,*,#2865,.T.);
#1443=ORIENTED_EDGE('',*,*,#2866,.T.);
#1444=ORIENTED_EDGE('',*,*,#2867,.F.);
#1445=ORIENTED_EDGE('',*,*,#2868,.F.);
#1446=ORIENTED_EDGE('',*,*,#2869,.F.);
#1447=ORIENTED_EDGE('',*,*,#2870,.F.);
#1448=ORIENTED_EDGE('',*,*,#2871,.F.);
#1449=ORIENTED_EDGE('',*,*,#2872,.F.);
#1450=ORIENTED_EDGE('',*,*,#2873,.F.);
#1451=ORIENTED_EDGE('',*,*,#2874,.F.);
#1452=ORIENTED_EDGE('',*,*,#2875,.F.);
#1453=ORIENTED_EDGE('',*,*,#2876,.F.);
#1454=ORIENTED_EDGE('',*,*,#2877,.F.);
#1455=ORIENTED_EDGE('',*,*,#2878,.F.);
#1456=ORIENTED_EDGE('',*,*,#2879,.F.);
#1457=ORIENTED_EDGE('',*,*,#2880,.F.);
#1458=ORIENTED_EDGE('',*,*,#2881,.T.);
#1459=ORIENTED_EDGE('',*,*,#2882,.F.);
#1460=ORIENTED_EDGE('',*,*,#2883,.T.);
#1461=ORIENTED_EDGE('',*,*,#2884,.T.);
#1462=ORIENTED_EDGE('',*,*,#2885,.T.);
#1463=ORIENTED_EDGE('',*,*,#2886,.T.);
#1464=ORIENTED_EDGE('',*,*,#2887,.T.);
#1465=ORIENTED_EDGE('',*,*,#2839,.F.);
#1466=ORIENTED_EDGE('',*,*,#2888,.F.);
#1467=ORIENTED_EDGE('',*,*,#2849,.F.);
#1468=ORIENTED_EDGE('',*,*,#2889,.F.);
#1469=ORIENTED_EDGE('',*,*,#2890,.T.);
#1470=ORIENTED_EDGE('',*,*,#2891,.T.);
#1471=ORIENTED_EDGE('',*,*,#2892,.T.);
#1472=ORIENTED_EDGE('',*,*,#2893,.F.);
#1473=ORIENTED_EDGE('',*,*,#2894,.F.);
#1474=ORIENTED_EDGE('',*,*,#2895,.T.);
#1475=ORIENTED_EDGE('',*,*,#2826,.T.);
#1476=ORIENTED_EDGE('',*,*,#2896,.T.);
#1477=ORIENTED_EDGE('',*,*,#2897,.T.);
#1478=ORIENTED_EDGE('',*,*,#2898,.T.);
#1479=ORIENTED_EDGE('',*,*,#2899,.T.);
#1480=ORIENTED_EDGE('',*,*,#2900,.T.);
#1481=ORIENTED_EDGE('',*,*,#2901,.T.);
#1482=ORIENTED_EDGE('',*,*,#2902,.T.);
#1483=ORIENTED_EDGE('',*,*,#2903,.F.);
#1484=ORIENTED_EDGE('',*,*,#2834,.F.);
#1485=ORIENTED_EDGE('',*,*,#2904,.F.);
#1486=ORIENTED_EDGE('',*,*,#2905,.T.);
#1487=ORIENTED_EDGE('',*,*,#2906,.T.);
#1488=ORIENTED_EDGE('',*,*,#2907,.T.);
#1489=ORIENTED_EDGE('',*,*,#2908,.T.);
#1490=ORIENTED_EDGE('',*,*,#2909,.T.);
#1491=ORIENTED_EDGE('',*,*,#2910,.T.);
#1492=ORIENTED_EDGE('',*,*,#2911,.T.);
#1493=ORIENTED_EDGE('',*,*,#2912,.T.);
#1494=ORIENTED_EDGE('',*,*,#2913,.T.);
#1495=ORIENTED_EDGE('',*,*,#2914,.T.);
#1496=ORIENTED_EDGE('',*,*,#2915,.T.);
#1497=ORIENTED_EDGE('',*,*,#2916,.T.);
#1498=ORIENTED_EDGE('',*,*,#2917,.T.);
#1499=ORIENTED_EDGE('',*,*,#2918,.F.);
#1500=ORIENTED_EDGE('',*,*,#2831,.F.);
#1501=ORIENTED_EDGE('',*,*,#2919,.T.);
#1502=ORIENTED_EDGE('',*,*,#2920,.T.);
#1503=ORIENTED_EDGE('',*,*,#2921,.F.);
#1504=ORIENTED_EDGE('',*,*,#2922,.F.);
#1505=ORIENTED_EDGE('',*,*,#2923,.T.);
#1506=ORIENTED_EDGE('',*,*,#2924,.T.);
#1507=ORIENTED_EDGE('',*,*,#2925,.T.);
#1508=ORIENTED_EDGE('',*,*,#2926,.F.);
#1509=ORIENTED_EDGE('',*,*,#2927,.F.);
#1510=ORIENTED_EDGE('',*,*,#2928,.T.);
#1511=CARTESIAN_POINT('',(6.14999999994917,15.6053221195004,26.7351521130153));
#1512=DIRECTION('',(1.0,0.0,0.0));
#1513=DIRECTION('',(0.0,1.0,0.0));
#1514=SURFACE_STYLE_FILL_AREA(#2929);
#1515=ORIENTED_EDGE('',*,*,#2930,.F.);
#1516=ORIENTED_EDGE('',*,*,#2931,.T.);
#1517=ORIENTED_EDGE('',*,*,#2932,.T.);
#1518=ORIENTED_EDGE('',*,*,#2933,.F.);
#1519=ORIENTED_EDGE('',*,*,#2934,.F.);
#1520=ORIENTED_EDGE('',*,*,#2935,.F.);
#1521=ORIENTED_EDGE('',*,*,#2936,.T.);
#1522=ORIENTED_EDGE('',*,*,#2937,.T.);
#1523=ORIENTED_EDGE('',*,*,#2938,.F.);
#1524=ORIENTED_EDGE('',*,*,#2939,.T.);
#1525=ORIENTED_EDGE('',*,*,#2829,.T.);
#1526=ORIENTED_EDGE('',*,*,#2940,.T.);
#1527=ORIENTED_EDGE('',*,*,#2941,.F.);
#1528=ORIENTED_EDGE('',*,*,#2942,.F.);
#1529=ORIENTED_EDGE('',*,*,#2943,.F.);
#1530=ORIENTED_EDGE('',*,*,#2944,.F.);
#1531=ORIENTED_EDGE('',*,*,#2945,.F.);
#1532=ORIENTED_EDGE('',*,*,#2946,.F.);
#1533=ORIENTED_EDGE('',*,*,#2947,.F.);
#1534=ORIENTED_EDGE('',*,*,#2948,.F.);
#1535=ORIENTED_EDGE('',*,*,#2949,.F.);
#1536=ORIENTED_EDGE('',*,*,#2950,.F.);
#1537=ORIENTED_EDGE('',*,*,#2951,.F.);
#1538=ORIENTED_EDGE('',*,*,#2952,.F.);
#1539=ORIENTED_EDGE('',*,*,#2953,.F.);
#1540=ORIENTED_EDGE('',*,*,#2954,.T.);
#1541=ORIENTED_EDGE('',*,*,#2836,.T.);
#1542=ORIENTED_EDGE('',*,*,#2955,.T.);
#1543=ORIENTED_EDGE('',*,*,#2956,.T.);
#1544=ORIENTED_EDGE('',*,*,#2957,.F.);
#1545=ORIENTED_EDGE('',*,*,#2958,.F.);
#1546=ORIENTED_EDGE('',*,*,#2959,.F.);
#1547=ORIENTED_EDGE('',*,*,#2960,.F.);
#1548=ORIENTED_EDGE('',*,*,#2961,.F.);
#1549=ORIENTED_EDGE('',*,*,#2962,.F.);
#1550=ORIENTED_EDGE('',*,*,#2824,.F.);
#1551=ORIENTED_EDGE('',*,*,#2963,.T.);
#1552=ORIENTED_EDGE('',*,*,#2964,.F.);
#1553=ORIENTED_EDGE('',*,*,#2965,.T.);
#1554=ORIENTED_EDGE('',*,*,#2966,.T.);
#1555=ORIENTED_EDGE('',*,*,#2967,.T.);
#1556=ORIENTED_EDGE('',*,*,#2846,.T.);
#1557=ORIENTED_EDGE('',*,*,#2968,.T.);
#1558=ORIENTED_EDGE('',*,*,#2969,.F.);
#1559=ORIENTED_EDGE('',*,*,#2970,.F.);
#1560=ORIENTED_EDGE('',*,*,#2971,.F.);
#1561=ORIENTED_EDGE('',*,*,#2972,.F.);
#1562=ORIENTED_EDGE('',*,*,#2973,.F.);
#1563=ORIENTED_EDGE('',*,*,#2974,.F.);
#1564=ORIENTED_EDGE('',*,*,#2975,.F.);
#1565=ORIENTED_EDGE('',*,*,#2976,.F.);
#1566=ORIENTED_EDGE('',*,*,#2977,.F.);
#1567=ORIENTED_EDGE('',*,*,#2978,.F.);
#1568=ORIENTED_EDGE('',*,*,#2979,.F.);
#1569=ORIENTED_EDGE('',*,*,#2980,.F.);
#1570=ORIENTED_EDGE('',*,*,#2981,.F.);
#1571=ORIENTED_EDGE('',*,*,#2982,.T.);
#1572=ORIENTED_EDGE('',*,*,#2983,.F.);
#1573=ORIENTED_EDGE('',*,*,#2984,.T.);
#1574=ORIENTED_EDGE('',*,*,#2985,.T.);
#1575=ORIENTED_EDGE('',*,*,#2986,.F.);
#1576=ORIENTED_EDGE('',*,*,#2987,.F.);
#1577=ORIENTED_EDGE('',*,*,#2988,.F.);
#1578=ORIENTED_EDGE('',*,*,#2989,.F.);
#1579=ORIENTED_EDGE('',*,*,#2990,.F.);
#1580=ORIENTED_EDGE('',*,*,#2991,.F.);
#1581=ORIENTED_EDGE('',*,*,#2992,.T.);
#1582=ORIENTED_EDGE('',*,*,#2993,.T.);
#1583=ORIENTED_EDGE('',*,*,#2994,.F.);
#1584=ORIENTED_EDGE('',*,*,#2995,.T.);
#1585=ORIENTED_EDGE('',*,*,#2996,.F.);
#1586=CARTESIAN_POINT('',(-5.08304509594382E-11,15.6053221195004,26.7351521130153));
#1587=DIRECTION('',(1.0,0.0,0.0));
#1588=DIRECTION('',(0.0,1.0,0.0));
#1589=SURFACE_STYLE_FILL_AREA(#2997);
#1590=ORIENTED_EDGE('',*,*,#2998,.F.);
#1591=ORIENTED_EDGE('',*,*,#2931,.F.);
#1592=ORIENTED_EDGE('',*,*,#2999,.T.);
#1593=ORIENTED_EDGE('',*,*,#2927,.T.);
#1594=CARTESIAN_POINT('',(6.1499999999984,60.7926950296298,37.3794095225433));
#1595=DIRECTION('',(8.74359328874762E-14,-0.965925826288966,-0.258819045102904));
#1596=DIRECTION('',(0.0,-0.258819045102904,0.965925826288966));
#1597=SURFACE_STYLE_FILL_AREA(#3000);
#1598=ORIENTED_EDGE('',*,*,#3001,.F.);
#1599=ORIENTED_EDGE('',*,*,#2932,.F.);
#1600=ORIENTED_EDGE('',*,*,#2998,.T.);
#1601=ORIENTED_EDGE('',*,*,#2926,.T.);
#1602=CARTESIAN_POINT('',(6.14999999999833,60.734466353446,36.8239812394859));
#1603=DIRECTION('',(1.75143813766175E-13,-0.707106781185522,0.707106781187573));
#1604=DIRECTION('',(1.0,2.47690756794231E-13,0.0));
#1605=SURFACE_STYLE_FILL_AREA(#3002);
#1606=ORIENTED_EDGE('',*,*,#3003,.F.);
#1607=ORIENTED_EDGE('',*,*,#3004,.T.);
#1608=ORIENTED_EDGE('',*,*,#3005,.F.);
#1609=ORIENTED_EDGE('',*,*,#3006,.T.);
#1610=ORIENTED_EDGE('',*,*,#3007,.T.);
#1611=ORIENTED_EDGE('',*,*,#3008,.F.);
#1612=ORIENTED_EDGE('',*,*,#3009,.F.);
#1613=CARTESIAN_POINT('',(3.24999999999597,59.1947181231565,16.1999999999957));
#1614=DIRECTION('',(-1.56125561442812E-13,0.309016994374014,-0.951056516295457));
#1615=DIRECTION('',(7.93737312757226E-14,-0.951056516295457,-0.309016994374014));
#1616=SURFACE_STYLE_FILL_AREA(#3010);
#1617=ORIENTED_EDGE('',*,*,#3011,.F.);
#1618=ORIENTED_EDGE('',*,*,#3012,.T.);
#1619=ORIENTED_EDGE('',*,*,#3013,.F.);
#1620=ORIENTED_EDGE('',*,*,#2853,.F.);
#1621=ORIENTED_EDGE('',*,*,#3014,.T.);
#1622=ORIENTED_EDGE('',*,*,#3015,.F.);
#1623=CARTESIAN_POINT('',(6.15000000000033,49.4437020672325,37.7499999995961));
#1624=DIRECTION('',(1.30514544143939E-16,-0.809016994316001,0.587785252373606));
#1625=DIRECTION('',(1.0,1.6132484862606E-16,0.0));
#1626=SURFACE_STYLE_FILL_AREA(#3016);
#1627=ORIENTED_EDGE('',*,*,#3017,.F.);
#1628=ORIENTED_EDGE('',*,*,#3018,.T.);
#1629=ORIENTED_EDGE('',*,*,#3019,.T.);
#1630=ORIENTED_EDGE('',*,*,#3020,.T.);
#1631=ORIENTED_EDGE('',*,*,#3021,.T.);
#1632=ORIENTED_EDGE('',*,*,#3022,.T.);
#1633=CARTESIAN_POINT('',(0.10000000000002,27.8500000000083,17.6249999999946));
#1634=DIRECTION('',(1.0,1.23734356094474E-13,-1.23956400699399E-13));
#1635=DIRECTION('',(-1.23956400699399E-13,0.0,-1.0));
#1636=SURFACE_STYLE_FILL_AREA(#3023);
#1637=ORIENTED_EDGE('',*,*,#3024,.T.);
#1638=ORIENTED_EDGE('',*,*,#3021,.F.);
#1639=ORIENTED_EDGE('',*,*,#3025,.T.);
#1640=ORIENTED_EDGE('',*,*,#3026,.T.);
#1641=CARTESIAN_POINT('',(6.05000000000051,42.6258151725431,36.3164840723609));
#1642=DIRECTION('',(-1.64635049697142E-13,0.42261826174056,-0.906307787036715));
#1643=DIRECTION('',(-1.0,0.0,1.81654678523106E-13));
#1644=SURFACE_STYLE_FILL_AREA(#3027);
#1645=ORIENTED_EDGE('',*,*,#3028,.T.);
#1646=ORIENTED_EDGE('',*,*,#3029,.T.);
#1647=ORIENTED_EDGE('',*,*,#3030,.T.);
#1648=ORIENTED_EDGE('',*,*,#3031,.T.);
#1649=ORIENTED_EDGE('',*,*,#3008,.T.);
#1650=ORIENTED_EDGE('',*,*,#3032,.F.);
#1651=ORIENTED_EDGE('',*,*,#3033,.F.);
#1652=ORIENTED_EDGE('',*,*,#3034,.T.);
#1653=ORIENTED_EDGE('',*,*,#3035,.F.);
#1654=ORIENTED_EDGE('',*,*,#3036,.F.);
#1655=ORIENTED_EDGE('',*,*,#3037,.T.);
#1656=ORIENTED_EDGE('',*,*,#3038,.F.);
#1657=ORIENTED_EDGE('',*,*,#3039,.F.);
#1658=ORIENTED_EDGE('',*,*,#3040,.F.);
#1659=ORIENTED_EDGE('',*,*,#3022,.F.);
#1660=ORIENTED_EDGE('',*,*,#3024,.F.);
#1661=ORIENTED_EDGE('',*,*,#3041,.T.);
#1662=ORIENTED_EDGE('',*,*,#3011,.T.);
#1663=ORIENTED_EDGE('',*,*,#3042,.F.);
#1664=ORIENTED_EDGE('',*,*,#3043,.T.);
#1665=ORIENTED_EDGE('',*,*,#3044,.T.);
#1666=ORIENTED_EDGE('',*,*,#3045,.T.);
#1667=CARTESIAN_POINT('',(6.05000000000032,45.4855493079619,37.6499999999934));
#1668=DIRECTION('',(-1.23956400699379E-13,-1.58298008713815E-13,-1.0));
#1669=DIRECTION('',(0.0,-1.0,1.58298008713815E-13));
#1670=SURFACE_STYLE_FILL_AREA(#3046);
#1671=ORIENTED_EDGE('',*,*,#3044,.F.);
#1672=ORIENTED_EDGE('',*,*,#3047,.F.);
#1673=ORIENTED_EDGE('',*,*,#3048,.F.);
#1674=ORIENTED_EDGE('',*,*,#3049,.T.);
#1675=ORIENTED_EDGE('',*,*,#3050,.F.);
#1676=CARTESIAN_POINT('',(1.19999999999958,48.042980352512,34.1992141064762));
#1677=DIRECTION('',(-1.0,-1.23734356094474E-13,1.23956400699399E-13));
#1678=DIRECTION('',(1.23734356094474E-13,-1.0,0.0));
#1679=SURFACE_STYLE_FILL_AREA(#3051);
#1680=ORIENTED_EDGE('',*,*,#3042,.T.);
#1681=ORIENTED_EDGE('',*,*,#3052,.T.);
#1682=ORIENTED_EDGE('',*,*,#3053,.F.);
#1683=ORIENTED_EDGE('',*,*,#3054,.T.);
#1684=ORIENTED_EDGE('',*,*,#3055,.T.);
#1685=CARTESIAN_POINT('',(4.89999999999926,49.1457272766402,32.6999999999813));
#1686=DIRECTION('',(-1.0,-1.23734356094474E-13,1.23956400699399E-13));
#1687=DIRECTION('',(1.23734356094474E-13,-1.0,0.0));
#1688=SURFACE_STYLE_FILL_AREA(#3056);
#1689=ORIENTED_EDGE('',*,*,#3043,.F.);
#1690=ORIENTED_EDGE('',*,*,#3055,.F.);
#1691=ORIENTED_EDGE('',*,*,#3057,.F.);
#1692=ORIENTED_EDGE('',*,*,#3047,.T.);
#1693=CARTESIAN_POINT('',(4.90000000000028,46.0000000000109,37.7499999999934));
#1694=DIRECTION('',(6.33017078586774E-14,-0.915235651594426,-0.402918977029535));
#1695=DIRECTION('',(0.0,-0.402918977029535,0.915235651594426));
#1696=SURFACE_STYLE_FILL_AREA(#3058);
#1697=ORIENTED_EDGE('',*,*,#3048,.T.);
#1698=ORIENTED_EDGE('',*,*,#3057,.T.);
#1699=ORIENTED_EDGE('',*,*,#3054,.F.);
#1700=ORIENTED_EDGE('',*,*,#3059,.T.);
#1701=CARTESIAN_POINT('',(4.89999999999894,49.2939986545926,30.2676395830098));
#1702=DIRECTION('',(9.06974958982934E-14,-0.971297311631989,-0.237868729379193));
#1703=DIRECTION('',(0.0,-0.237868729379193,0.971297311631989));
#1704=SURFACE_STYLE_FILL_AREA(#3060);
#1705=ORIENTED_EDGE('',*,*,#3049,.F.);
#1706=ORIENTED_EDGE('',*,*,#3059,.F.);
#1707=ORIENTED_EDGE('',*,*,#3053,.T.);
#1708=ORIENTED_EDGE('',*,*,#3061,.T.);
#1709=CARTESIAN_POINT('',(4.89999999999858,49.8615838585959,27.9499999999959));
#1710=DIRECTION('',(-1.23956400699377E-13,-1.74081093256051E-13,-1.0));
#1711=DIRECTION('',(0.0,-1.0,1.74081093256051E-13));
#1712=SURFACE_STYLE_FILL_AREA(#3062);
#1713=ORIENTED_EDGE('',*,*,#3061,.F.);
#1714=ORIENTED_EDGE('',*,*,#3052,.F.);
#1715=ORIENTED_EDGE('',*,*,#3045,.F.);
#1716=ORIENTED_EDGE('',*,*,#3050,.T.);
#1717=CARTESIAN_POINT('',(4.89999999999842,51.2000000000096,27.9499999999957));
#1718=DIRECTION('',(-9.0697495898293E-14,0.971297311631988,0.237868729379195));
#1719=DIRECTION('',(-1.0,0.0,-3.81292220019845E-13));
#1720=SURFACE_STYLE_FILL_AREA(#3063);
#1721=ORIENTED_EDGE('',*,*,#3031,.F.);
#1722=ORIENTED_EDGE('',*,*,#3064,.T.);
#1723=ORIENTED_EDGE('',*,*,#3065,.T.);
#1724=ORIENTED_EDGE('',*,*,#3009,.T.);
#1725=CARTESIAN_POINT('',(1.24999999999708,55.4127085319257,21.3676927013849));
#1726=DIRECTION('',(7.93737312757226E-14,-0.951056516295457,-0.309016994374014));
#1727=DIRECTION('',(0.0,-0.309016994374014,0.951056516295457));
#1728=SURFACE_STYLE_FILL_AREA(#3066);
#1729=ORIENTED_EDGE('',*,*,#3040,.T.);
#1730=ORIENTED_EDGE('',*,*,#3067,.F.);
#1731=ORIENTED_EDGE('',*,*,#3068,.F.);
#1732=ORIENTED_EDGE('',*,*,#2996,.T.);
#1733=ORIENTED_EDGE('',*,*,#3069,.T.);
#1734=ORIENTED_EDGE('',*,*,#3017,.T.);
#1735=CARTESIAN_POINT('',(3.29514193708746E-13,49.4437020672325,37.7499999995961));
#1736=DIRECTION('',(-1.30514544143939E-16,0.809016994316001,-0.587785252373606));
#1737=DIRECTION('',(-1.0,0.0,2.2204460492483E-16));
#1738=SURFACE_STYLE_FILL_AREA(#3070);
#1739=ORIENTED_EDGE('',*,*,#3071,.F.);
#1740=ORIENTED_EDGE('',*,*,#2994,.T.);
#1741=ORIENTED_EDGE('',*,*,#3072,.T.);
#1742=ORIENTED_EDGE('',*,*,#2855,.F.);
#1743=CARTESIAN_POINT('',(6.15000000000062,38.7893651947667,33.3833944982918));
#1744=DIRECTION('',(-1.63148872052829E-13,0.915498854366628,-0.402320578212688));
#1745=DIRECTION('',(-1.0,0.0,4.05519580374484E-13));
#1746=SURFACE_STYLE_FILL_AREA(#3073);
#1747=ORIENTED_EDGE('',*,*,#3041,.F.);
#1748=ORIENTED_EDGE('',*,*,#3026,.F.);
#1749=ORIENTED_EDGE('',*,*,#3074,.F.);
#1750=ORIENTED_EDGE('',*,*,#3075,.F.);
#1751=ORIENTED_EDGE('',*,*,#3076,.F.);
#1752=ORIENTED_EDGE('',*,*,#3012,.F.);
#1753=CARTESIAN_POINT('',(6.05000000000002,27.850000000009,17.6249999999938));
#1754=DIRECTION('',(1.0,1.23734356094474E-13,-1.23956400699399E-13));
#1755=DIRECTION('',(-1.23956400699399E-13,0.0,-1.0));
#1756=SURFACE_STYLE_FILL_AREA(#3077);
#1757=ORIENTED_EDGE('',*,*,#3069,.F.);
#1758=ORIENTED_EDGE('',*,*,#2995,.F.);
#1759=ORIENTED_EDGE('',*,*,#3071,.T.);
#1760=ORIENTED_EDGE('',*,*,#2854,.T.);
#1761=ORIENTED_EDGE('',*,*,#3013,.T.);
#1762=ORIENTED_EDGE('',*,*,#3076,.T.);
#1763=ORIENTED_EDGE('',*,*,#3078,.F.);
#1764=ORIENTED_EDGE('',*,*,#3018,.F.);
#1765=CARTESIAN_POINT('',(6.15000000000067,40.2625000000103,35.2499999999949));
#1766=DIRECTION('',(-1.23956400699398E-13,-2.61157650941019E-15,-1.0));
#1767=DIRECTION('',(-1.0,0.0,1.23956400699398E-13));
#1768=SURFACE_STYLE_FILL_AREA(#3079);
#1769=ORIENTED_EDGE('',*,*,#3080,.T.);
#1770=ORIENTED_EDGE('',*,*,#3019,.F.);
#1771=ORIENTED_EDGE('',*,*,#3078,.T.);
#1772=ORIENTED_EDGE('',*,*,#3075,.T.);
#1773=CARTESIAN_POINT('',(6.05000000000045,42.1000000000094,35.2499999999934));
#1774=DIRECTION('',(-1.23734356098111E-13,1.0,-2.93456370306647E-11));
#1775=DIRECTION('',(0.0,-2.93456370306647E-11,-1.0));
#1776=SURFACE_STYLE_FILL_AREA(#3081);
#1777=ORIENTED_EDGE('',*,*,#3025,.F.);
#1778=ORIENTED_EDGE('',*,*,#3020,.F.);
#1779=ORIENTED_EDGE('',*,*,#3080,.F.);
#1780=ORIENTED_EDGE('',*,*,#3074,.T.);
#1781=CARTESIAN_POINT('',(6.05000000000045,42.1000000000109,35.2999999999948));
#1782=DIRECTION('',(-1.58667847293027E-13,0.939692620785854,-0.342020143325819));
#1783=DIRECTION('',(-1.0,0.0,4.63913750079553E-13));
#1784=SURFACE_STYLE_FILL_AREA(#3082);
#1785=ORIENTED_EDGE('',*,*,#3072,.F.);
#1786=ORIENTED_EDGE('',*,*,#2993,.F.);
#1787=ORIENTED_EDGE('',*,*,#3083,.F.);
#1788=ORIENTED_EDGE('',*,*,#2856,.T.);
#1789=CARTESIAN_POINT('',(6.15000000000054,39.2125000000102,33.144999999995));
#1790=DIRECTION('',(1.23956400699402E-13,-2.60486077152524E-14,1.0));
#1791=DIRECTION('',(-1.0,0.0,1.23956400699402E-13));
#1792=SURFACE_STYLE_FILL_AREA(#3084);
#1793=ORIENTED_EDGE('',*,*,#3083,.T.);
#1794=ORIENTED_EDGE('',*,*,#2992,.F.);
#1795=ORIENTED_EDGE('',*,*,#3085,.F.);
#1796=ORIENTED_EDGE('',*,*,#2857,.T.);
#1797=CARTESIAN_POINT('',(6.15000000000041,39.2125000000102,32.074999999995));
#1798=DIRECTION('',(-1.2373435609447E-13,1.0,2.60486077152678E-14));
#1799=DIRECTION('',(-1.0,-1.2373435609447E-13,0.0));
#1800=SURFACE_STYLE_FILL_AREA(#3086);
#1801=ORIENTED_EDGE('',*,*,#3085,.T.);
#1802=ORIENTED_EDGE('',*,*,#2991,.T.);
#1803=ORIENTED_EDGE('',*,*,#3087,.F.);
#1804=ORIENTED_EDGE('',*,*,#2858,.F.);
#1805=CARTESIAN_POINT('',(6.15000000000119,32.8875000000101,32.0749999999952));
#1806=DIRECTION('',(-1.23956400699395E-13,-3.19327897457964E-14,-1.0));
#1807=DIRECTION('',(-1.0,0.0,1.23956400699395E-13));
#1808=SURFACE_STYLE_FILL_AREA(#3088);
#1809=ORIENTED_EDGE('',*,*,#3087,.T.);
#1810=ORIENTED_EDGE('',*,*,#2990,.T.);
#1811=ORIENTED_EDGE('',*,*,#3089,.F.);
#1812=ORIENTED_EDGE('',*,*,#2859,.F.);
#1813=CARTESIAN_POINT('',(6.15000000000132,32.88750000001,33.1449999999948));
#1814=DIRECTION('',(1.2373435609447E-13,-1.0,-2.60486077152678E-14));
#1815=DIRECTION('',(0.0,-2.60486077152678E-14,1.0));
#1816=SURFACE_STYLE_FILL_AREA(#3090);
#1817=ORIENTED_EDGE('',*,*,#3089,.T.);
#1818=ORIENTED_EDGE('',*,*,#2989,.T.);
#1819=ORIENTED_EDGE('',*,*,#3091,.T.);
#1820=ORIENTED_EDGE('',*,*,#2860,.F.);
#1821=CARTESIAN_POINT('',(6.15000000000129,33.1550000000101,33.1449999999949));
#1822=DIRECTION('',(1.23956400699402E-13,-2.60486077152524E-14,1.0));
#1823=DIRECTION('',(-1.0,0.0,1.23956400699402E-13));
#1824=SURFACE_STYLE_FILL_AREA(#3092);
#1825=ORIENTED_EDGE('',*,*,#3093,.F.);
#1826=ORIENTED_EDGE('',*,*,#2987,.T.);
#1827=ORIENTED_EDGE('',*,*,#3094,.T.);
#1828=ORIENTED_EDGE('',*,*,#2862,.F.);
#1829=CARTESIAN_POINT('',(6.1500000000018,31.1499999999892,35.2499999999931));
#1830=DIRECTION('',(-1.23956400699417E-13,1.47104550762818E-13,-1.0));
#1831=DIRECTION('',(-1.0,0.0,1.23956400699417E-13));
#1832=SURFACE_STYLE_FILL_AREA(#3095);
#1833=ORIENTED_EDGE('',*,*,#3096,.T.);
#1834=ORIENTED_EDGE('',*,*,#3097,.T.);
#1835=ORIENTED_EDGE('',*,*,#3098,.T.);
#1836=ORIENTED_EDGE('',*,*,#3099,.T.);
#1837=CARTESIAN_POINT('',(3.07500000000017,26.1000000000071,17.0499999999877));
#1838=DIRECTION('',(1.23956400699384E-13,1.15740750317188E-13,1.0));
#1839=DIRECTION('',(-1.0,0.0,1.23956400699384E-13));
#1840=SURFACE_STYLE_FILL_AREA(#3100);
#1841=ORIENTED_EDGE('',*,*,#3101,.T.);
#1842=ORIENTED_EDGE('',*,*,#3102,.T.);
#1843=ORIENTED_EDGE('',*,*,#3099,.F.);
#1844=ORIENTED_EDGE('',*,*,#3103,.F.);
#1845=CARTESIAN_POINT('',(0.65000000000154,26.9499999999908,29.2499999999966));
#1846=DIRECTION('',(1.0,1.23734356094474E-13,-1.23956400699399E-13));
#1847=DIRECTION('',(-1.23956400699399E-13,0.0,-1.0));
#1848=SURFACE_STYLE_FILL_AREA(#3104);
#1849=ORIENTED_EDGE('',*,*,#3105,.T.);
#1850=ORIENTED_EDGE('',*,*,#3106,.T.);
#1851=ORIENTED_EDGE('',*,*,#3096,.F.);
#1852=ORIENTED_EDGE('',*,*,#3102,.F.);
#1853=CARTESIAN_POINT('',(5.50000000000157,26.9499999999914,29.249999999996));
#1854=DIRECTION('',(-1.23734356094488E-13,1.0,-1.15740750317172E-13));
#1855=DIRECTION('',(-1.0,-1.23734356094488E-13,0.0));
#1856=SURFACE_STYLE_FILL_AREA(#3107);
#1857=ORIENTED_EDGE('',*,*,#3108,.T.);
#1858=ORIENTED_EDGE('',*,*,#3109,.T.);
#1859=ORIENTED_EDGE('',*,*,#3097,.F.);
#1860=ORIENTED_EDGE('',*,*,#3106,.F.);
#1861=CARTESIAN_POINT('',(5.50000000000118,30.1000000000281,29.2499999999956));
#1862=DIRECTION('',(-1.0,-1.23734356094474E-13,1.23956400699399E-13));
#1863=DIRECTION('',(1.23734356094474E-13,-1.0,0.0));
#1864=SURFACE_STYLE_FILL_AREA(#3110);
#1865=ORIENTED_EDGE('',*,*,#3111,.T.);
#1866=ORIENTED_EDGE('',*,*,#2985,.F.);
#1867=ORIENTED_EDGE('',*,*,#3112,.F.);
#1868=ORIENTED_EDGE('',*,*,#3103,.T.);
#1869=ORIENTED_EDGE('',*,*,#3098,.F.);
#1870=ORIENTED_EDGE('',*,*,#3109,.F.);
#1871=ORIENTED_EDGE('',*,*,#3113,.F.);
#1872=ORIENTED_EDGE('',*,*,#2864,.T.);
#1873=CARTESIAN_POINT('',(6.15000000000119,30.1000000000088,29.2499999999943));
#1874=DIRECTION('',(-1.2373435609447E-13,1.0,3.15858450505857E-14));
#1875=DIRECTION('',(-1.0,-1.2373435609447E-13,0.0));
#1876=SURFACE_STYLE_FILL_AREA(#3114);
#1877=ORIENTED_EDGE('',*,*,#3094,.F.);
#1878=ORIENTED_EDGE('',*,*,#2986,.T.);
#1879=ORIENTED_EDGE('',*,*,#3111,.F.);
#1880=ORIENTED_EDGE('',*,*,#2863,.F.);
#1881=CARTESIAN_POINT('',(6.15000000000172,30.1000000000248,33.5499999999928));
#1882=DIRECTION('',(-1.6222959209957E-13,0.921109330021232,-0.389303997086899));
#1883=DIRECTION('',(-1.0,0.0,4.1671699575013E-13));
#1884=SURFACE_STYLE_FILL_AREA(#3115);
#1885=ORIENTED_EDGE('',*,*,#3112,.T.);
#1886=ORIENTED_EDGE('',*,*,#2984,.F.);
#1887=ORIENTED_EDGE('',*,*,#3116,.F.);
#1888=ORIENTED_EDGE('',*,*,#3117,.F.);
#1889=ORIENTED_EDGE('',*,*,#3118,.F.);
#1890=ORIENTED_EDGE('',*,*,#3119,.F.);
#1891=ORIENTED_EDGE('',*,*,#3120,.F.);
#1892=ORIENTED_EDGE('',*,*,#2865,.F.);
#1893=ORIENTED_EDGE('',*,*,#3113,.T.);
#1894=ORIENTED_EDGE('',*,*,#3108,.F.);
#1895=ORIENTED_EDGE('',*,*,#3105,.F.);
#1896=ORIENTED_EDGE('',*,*,#3101,.F.);
#1897=CARTESIAN_POINT('',(6.15000000000218,22.1000000000098,29.2499999999965));
#1898=DIRECTION('',(-1.23956400699384E-13,-1.15740750317188E-13,-1.0));
#1899=DIRECTION('',(-1.0,0.0,1.23956400699384E-13));
#1900=SURFACE_STYLE_FILL_AREA(#3121);
#1901=ORIENTED_EDGE('',*,*,#2879,.T.);
#1902=ORIENTED_EDGE('',*,*,#3122,.T.);
#1903=ORIENTED_EDGE('',*,*,#2970,.T.);
#1904=ORIENTED_EDGE('',*,*,#3123,.T.);
#1905=CARTESIAN_POINT('',(6.76500240000351,0.571660694518705,30.7201595532781));
#1906=DIRECTION('',(0.0,-0.965925826288482,0.258819045104709));
#1907=DIRECTION('',(1.0,0.0,0.0));
#1908=SURFACE_STYLE_FILL_AREA(#3124);
#1909=ORIENTED_EDGE('',*,*,#2877,.T.);
#1910=ORIENTED_EDGE('',*,*,#3125,.T.);
#1911=ORIENTED_EDGE('',*,*,#2972,.T.);
#1912=ORIENTED_EDGE('',*,*,#3126,.F.);
#1913=CARTESIAN_POINT('',(6.76500240000351,1.73137561313541,30.9141120153343));
#1914=DIRECTION('',(0.0,0.965925826289032,-0.258819045102658));
#1915=DIRECTION('',(-1.0,0.0,0.0));
#1916=SURFACE_STYLE_FILL_AREA(#3127);
#1917=ORIENTED_EDGE('',*,*,#2876,.T.);
#1918=ORIENTED_EDGE('',*,*,#3128,.T.);
#1919=ORIENTED_EDGE('',*,*,#2973,.T.);
#1920=ORIENTED_EDGE('',*,*,#3125,.F.);
#1921=CARTESIAN_POINT('',(6.76500240000351,2.7560336377132,36.6700394760195));
#1922=DIRECTION('',(0.0,0.258819045102401,0.965925826289101));
#1923=DIRECTION('',(-1.0,0.0,0.0));
#1924=SURFACE_STYLE_FILL_AREA(#3129);
#1925=ORIENTED_EDGE('',*,*,#2874,.T.);
#1926=ORIENTED_EDGE('',*,*,#3130,.F.);
#1927=ORIENTED_EDGE('',*,*,#2975,.T.);
#1928=ORIENTED_EDGE('',*,*,#3131,.T.);
#1929=CARTESIAN_POINT('',(6.76500240000351,1.9512657875436,36.7382490984865));
#1930=DIRECTION('',(0.0,0.707106781185522,0.707106781187573));
#1931=DIRECTION('',(-1.0,0.0,0.0));
#1932=SURFACE_STYLE_FILL_AREA(#3132);
#1933=ORIENTED_EDGE('',*,*,#2873,.T.);
#1934=ORIENTED_EDGE('',*,*,#3133,.F.);
#1935=ORIENTED_EDGE('',*,*,#2976,.T.);
#1936=ORIENTED_EDGE('',*,*,#3130,.T.);
#1937=CARTESIAN_POINT('',(6.76500240000351,1.76200602850501,37.21035157));
#1938=DIRECTION('',(0.0,0.965925826288965,-0.258819045102905));
#1939=DIRECTION('',(-1.0,0.0,0.0));
#1940=SURFACE_STYLE_FILL_AREA(#3134);
#1941=ORIENTED_EDGE('',*,*,#2872,.T.);
#1942=ORIENTED_EDGE('',*,*,#3135,.T.);
#1943=ORIENTED_EDGE('',*,*,#2977,.T.);
#1944=ORIENTED_EDGE('',*,*,#3133,.T.);
#1945=CARTESIAN_POINT('',(6.76500240000351,2.29026788350701,37.7499999999896));
#1946=DIRECTION('',(0.0,-2.22044604925031E-16,-1.0));
#1947=DIRECTION('',(0.0,-1.0,2.22044604925031E-16));
#1948=SURFACE_STYLE_FILL_AREA(#3136);
#1949=ORIENTED_EDGE('',*,*,#2871,.T.);
#1950=ORIENTED_EDGE('',*,*,#3137,.T.);
#1951=ORIENTED_EDGE('',*,*,#2978,.T.);
#1952=ORIENTED_EDGE('',*,*,#3135,.F.);
#1953=CARTESIAN_POINT('',(6.76500240000351,6.78578680035761,37.7499999999896));
#1954=DIRECTION('',(0.0,0.707106781186547,-0.707106781186548));
#1955=DIRECTION('',(-1.0,0.0,0.0));
#1956=SURFACE_STYLE_FILL_AREA(#3138);
#1957=ORIENTED_EDGE('',*,*,#3137,.F.);
#1958=ORIENTED_EDGE('',*,*,#2870,.T.);
#1959=ORIENTED_EDGE('',*,*,#3139,.T.);
#1960=ORIENTED_EDGE('',*,*,#2979,.T.);
#1961=ORIENTED_EDGE('',*,*,#3140,.T.);
#1962=ORIENTED_EDGE('',*,*,#3141,.T.);
#1963=CARTESIAN_POINT('',(6.15000000000575,5.2438577233449,41.2499999999915));
#1964=DIRECTION('',(-1.23956400699399E-13,-2.22044604940329E-16,-1.0));
#1965=DIRECTION('',(-1.0,0.0,1.23956400699399E-13));
#1966=SURFACE_STYLE_FILL_AREA(#3142);
#1967=ORIENTED_EDGE('',*,*,#3143,.T.);
#1968=ORIENTED_EDGE('',*,*,#3144,.T.);
#1969=ORIENTED_EDGE('',*,*,#3145,.T.);
#1970=ORIENTED_EDGE('',*,*,#3146,.F.);
#1971=ORIENTED_EDGE('',*,*,#3147,.T.);
#1972=ORIENTED_EDGE('',*,*,#3148,.F.);
#1973=ORIENTED_EDGE('',*,*,#3140,.F.);
#1974=ORIENTED_EDGE('',*,*,#3149,.T.);
#1975=CARTESIAN_POINT('',(3.54999999994877,13.1249999986583,41.2499999999919));
#1976=DIRECTION('',(1.23956400699399E-13,2.22044604940329E-16,1.0));
#1977=DIRECTION('',(3.55271367880053E-15,1.0,-2.22044604940769E-16));
#1978=SURFACE_STYLE_FILL_AREA(#3150);
#1979=ORIENTED_EDGE('',*,*,#3151,.F.);
#1980=ORIENTED_EDGE('',*,*,#3152,.F.);
#1981=ORIENTED_EDGE('',*,*,#3145,.F.);
#1982=ORIENTED_EDGE('',*,*,#3153,.F.);
#1983=CARTESIAN_POINT('',(3.07499999999911,14.1678933995098,34.1249999999933));
#1984=DIRECTION('',(1.23956400699399E-13,2.22044604940329E-16,1.0));
#1985=DIRECTION('',(-1.0,0.0,1.23956400699399E-13));
#1986=SURFACE_STYLE_FILL_AREA(#3154);
#1987=ORIENTED_EDGE('',*,*,#3155,.F.);
#1988=ORIENTED_EDGE('',*,*,#3156,.T.);
#1989=ORIENTED_EDGE('',*,*,#3153,.T.);
#1990=ORIENTED_EDGE('',*,*,#3144,.F.);
#1991=CARTESIAN_POINT('',(4.69490265809715,11.4851225936786,35.1249999999931));
#1992=DIRECTION('',(0.707106781186553,0.707106781186542,-8.78074207519016E-14));
#1993=DIRECTION('',(0.0,-1.24178445304341E-13,-1.0));
#1994=SURFACE_STYLE_FILL_AREA(#3157);
#1995=ORIENTED_EDGE('',*,*,#3158,.T.);
#1996=ORIENTED_EDGE('',*,*,#3159,.F.);
#1997=ORIENTED_EDGE('',*,*,#3147,.F.);
#1998=CARTESIAN_POINT('',(3.07499999999924,14.1678933995098,35.1249999999933));
#1999=DIRECTION('',(1.23956400699399E-13,2.22044604940329E-16,1.0));
#2000=DIRECTION('',(-1.0,0.0,1.23956400699399E-13));
#2001=SURFACE_STYLE_FILL_AREA(#3160);
#2002=ORIENTED_EDGE('',*,*,#3158,.F.);
#2003=ORIENTED_EDGE('',*,*,#3146,.T.);
#2004=ORIENTED_EDGE('',*,*,#3152,.T.);
#2005=ORIENTED_EDGE('',*,*,#3161,.F.);
#2006=CARTESIAN_POINT('',(2.40509734179895,14.7648774036381,35.1249999999934));
#2007=DIRECTION('',(-0.707106781187783,-0.707106781185312,8.78074207520538E-14));
#2008=DIRECTION('',(0.707106781185312,-0.707106781187783,0.0));
#2009=SURFACE_STYLE_FILL_AREA(#3162);
#2010=ORIENTED_EDGE('',*,*,#3143,.F.);
#2011=ORIENTED_EDGE('',*,*,#3163,.F.);
#2012=ORIENTED_EDGE('',*,*,#3155,.T.);
#2013=CARTESIAN_POINT('',(3.07499999999924,14.1678933995098,35.1249999999933));
#2014=DIRECTION('',(1.23956400699399E-13,2.22044604940329E-16,1.0));
#2015=DIRECTION('',(-1.0,0.0,1.23956400699399E-13));
#2016=SURFACE_STYLE_FILL_AREA(#3164);
#2017=ORIENTED_EDGE('',*,*,#2868,.T.);
#2018=ORIENTED_EDGE('',*,*,#3165,.F.);
#2019=ORIENTED_EDGE('',*,*,#2981,.T.);
#2020=ORIENTED_EDGE('',*,*,#3166,.F.);
#2021=CARTESIAN_POINT('',(6.76500240000351,18.0499999986609,35.2499999999926));
#2022=DIRECTION('',(0.0,-2.22044604940329E-16,-1.0));
#2023=DIRECTION('',(0.0,-1.0,2.22044604940329E-16));
#2024=SURFACE_STYLE_FILL_AREA(#3167);
#2025=ORIENTED_EDGE('',*,*,#2869,.T.);
#2026=ORIENTED_EDGE('',*,*,#3166,.T.);
#2027=ORIENTED_EDGE('',*,*,#2980,.T.);
#2028=ORIENTED_EDGE('',*,*,#3139,.F.);
#2029=CARTESIAN_POINT('',(6.76500240000351,18.0499999986609,40.2499999999915));
#2030=DIRECTION('',(0.0,-1.0,3.33066907387547E-16));
#2031=DIRECTION('',(1.0,0.0,0.0));
#2032=SURFACE_STYLE_FILL_AREA(#3168);
#2033=ORIENTED_EDGE('',*,*,#2875,.T.);
#2034=ORIENTED_EDGE('',*,*,#3131,.F.);
#2035=ORIENTED_EDGE('',*,*,#2974,.T.);
#2036=ORIENTED_EDGE('',*,*,#3128,.F.);
#2037=CARTESIAN_POINT('',(6.76500240000351,2.2054559167284,36.8175663317279));
#2038=DIRECTION('',(0.0,-0.965925826289252,0.258819045101837));
#2039=DIRECTION('',(1.0,0.0,0.0));
#2040=SURFACE_STYLE_FILL_AREA(#3169);
#2041=ORIENTED_EDGE('',*,*,#2878,.T.);
#2042=ORIENTED_EDGE('',*,*,#3126,.T.);
#2043=ORIENTED_EDGE('',*,*,#2971,.T.);
#2044=ORIENTED_EDGE('',*,*,#3122,.F.);
#2045=CARTESIAN_POINT('',(6.76500240000351,0.568425456454804,30.7080854804492));
#2046=DIRECTION('',(0.0,-0.258819045102068,-0.96592582628919));
#2047=DIRECTION('',(0.0,-0.96592582628919,0.258819045102068));
#2048=SURFACE_STYLE_FILL_AREA(#3170);
#2049=ORIENTED_EDGE('',*,*,#2880,.T.);
#2050=ORIENTED_EDGE('',*,*,#3123,.F.);
#2051=ORIENTED_EDGE('',*,*,#2969,.T.);
#2052=ORIENTED_EDGE('',*,*,#3171,.T.);
#2053=CARTESIAN_POINT('',(6.76500240000351,0.296472380620806,30.8793602073951));
#2054=DIRECTION('',(0.0,0.258819045100704,-0.965925826289555));
#2055=DIRECTION('',(-1.0,0.0,0.0));
#2056=SURFACE_STYLE_FILL_AREA(#3172);
#2057=ORIENTED_EDGE('',*,*,#2845,.T.);
#2058=ORIENTED_EDGE('',*,*,#3173,.T.);
#2059=ORIENTED_EDGE('',*,*,#3174,.F.);
#2060=ORIENTED_EDGE('',*,*,#3175,.T.);
#2061=ORIENTED_EDGE('',*,*,#3176,.F.);
#2062=ORIENTED_EDGE('',*,*,#2881,.F.);
#2063=ORIENTED_EDGE('',*,*,#3171,.F.);
#2064=ORIENTED_EDGE('',*,*,#2968,.F.);
#2065=CARTESIAN_POINT('',(6.1500000000042,8.60467253005481E-12,23.4972542057866));
#2066=DIRECTION('',(-1.23734356094474E-13,1.0,-2.22044604924991E-16));
#2067=DIRECTION('',(-1.0,-1.23734356094474E-13,0.0));
#2068=SURFACE_STYLE_FILL_AREA(#3177);
#2069=ORIENTED_EDGE('',*,*,#2848,.T.);
#2070=ORIENTED_EDGE('',*,*,#3178,.F.);
#2071=ORIENTED_EDGE('',*,*,#3179,.F.);
#2072=ORIENTED_EDGE('',*,*,#3180,.T.);
#2073=ORIENTED_EDGE('',*,*,#2843,.T.);
#2074=ORIENTED_EDGE('',*,*,#2967,.F.);
#2075=ORIENTED_EDGE('',*,*,#3181,.T.);
#2076=ORIENTED_EDGE('',*,*,#2889,.T.);
#2077=CARTESIAN_POINT('',(6.15000000000537,-14.3090880212456,18.6999999999952));
#2078=DIRECTION('',(-1.0,-1.23734356094474E-13,1.23956400699399E-13));
#2079=DIRECTION('',(-1.23734356094474E-13,1.0,-2.22044604925004E-16));
#2080=SURFACE_STYLE_FILL_AREA(#3182);
#2081=ORIENTED_EDGE('',*,*,#3181,.F.);
#2082=ORIENTED_EDGE('',*,*,#2966,.F.);
#2083=ORIENTED_EDGE('',*,*,#3183,.T.);
#2084=ORIENTED_EDGE('',*,*,#2890,.F.);
#2085=CARTESIAN_POINT('',(6.15000000000297,8.5051965470484E-12,13.5999999999974));
#2086=DIRECTION('',(-1.23734356094474E-13,1.0,-2.22044604924991E-16));
#2087=DIRECTION('',(-1.0,-1.23734356094474E-13,0.0));
#2088=SURFACE_STYLE_FILL_AREA(#3184);
#2089=ORIENTED_EDGE('',*,*,#3183,.F.);
#2090=ORIENTED_EDGE('',*,*,#2965,.F.);
#2091=ORIENTED_EDGE('',*,*,#3185,.F.);
#2092=ORIENTED_EDGE('',*,*,#2891,.F.);
#2093=CARTESIAN_POINT('',(6.15000000000246,3.10000000000851,12.5999999999971));
#2094=DIRECTION('',(1.23956400699399E-13,2.22044604940329E-16,1.0));
#2095=DIRECTION('',(-1.0,0.0,1.23956400699399E-13));
#2096=SURFACE_STYLE_FILL_AREA(#3186);
#2097=ORIENTED_EDGE('',*,*,#2838,.T.);
#2098=ORIENTED_EDGE('',*,*,#3187,.F.);
#2099=ORIENTED_EDGE('',*,*,#2850,.T.);
#2100=ORIENTED_EDGE('',*,*,#2888,.T.);
#2101=CARTESIAN_POINT('',(6.14999999994914,1.6906414184824,18.7930473697413));
#2102=DIRECTION('',(1.0,2.44929359831531E-16,-7.62361273756229E-15));
#2103=DIRECTION('',(1.1721883722264E-15,-0.992546151641325,0.121869343405122));
#2104=SURFACE_STYLE_FILL_AREA(#3188);
#2105=ORIENTED_EDGE('',*,*,#2887,.F.);
#2106=ORIENTED_EDGE('',*,*,#3189,.T.);
#2107=ORIENTED_EDGE('',*,*,#3190,.T.);
#2108=ORIENTED_EDGE('',*,*,#2840,.F.);
#2109=CARTESIAN_POINT('',(6.14999999994915,4.7676380889049,20.6528023231044));
#2110=DIRECTION('',(7.42723681586684E-15,-0.258819045102548,0.965925826289061));
#2111=DIRECTION('',(1.0,2.869663943364E-14,0.0));
#2112=SURFACE_STYLE_FILL_AREA(#3191);
#2113=ORIENTED_EDGE('',*,*,#2886,.F.);
#2114=ORIENTED_EDGE('',*,*,#3192,.T.);
#2115=ORIENTED_EDGE('',*,*,#3193,.T.);
#2116=ORIENTED_EDGE('',*,*,#3189,.F.);
#2117=CARTESIAN_POINT('',(6.14999999994917,4.24999999869981,22.5846539756825));
#2118=DIRECTION('',(1.0,2.44929359831529E-16,-7.62361273756229E-15));
#2119=DIRECTION('',(2.44929359831333E-16,-1.0,-2.56600296566486E-14));
#2120=SURFACE_STYLE_FILL_AREA(#3194);
#2121=ORIENTED_EDGE('',*,*,#2885,.F.);
#2122=ORIENTED_EDGE('',*,*,#3195,.T.);
#2123=ORIENTED_EDGE('',*,*,#3196,.T.);
#2124=ORIENTED_EDGE('',*,*,#3192,.F.);
#2125=CARTESIAN_POINT('',(6.14999999994917,6.24999999869981,22.6153460237667));
#2126=DIRECTION('',(2.44929359831332E-16,-1.0,-2.58543186859587E-14));
#2127=DIRECTION('',(0.0,-2.58543186859587E-14,1.0));
#2128=SURFACE_STYLE_FILL_AREA(#3197);
#2129=ORIENTED_EDGE('',*,*,#2884,.F.);
#2130=ORIENTED_EDGE('',*,*,#3198,.T.);
#2131=ORIENTED_EDGE('',*,*,#3199,.T.);
#2132=ORIENTED_EDGE('',*,*,#3195,.F.);
#2133=CARTESIAN_POINT('',(6.14999999994917,4.24999999869981,22.6153460237667));
#2134=DIRECTION('',(1.0,2.44929359831529E-16,-7.62361273756229E-15));
#2135=DIRECTION('',(2.44929359831333E-16,-1.0,-2.56600296566486E-14));
#2136=SURFACE_STYLE_FILL_AREA(#3200);
#2137=ORIENTED_EDGE('',*,*,#2883,.F.);
#2138=ORIENTED_EDGE('',*,*,#3201,.T.);
#2139=ORIENTED_EDGE('',*,*,#3202,.T.);
#2140=ORIENTED_EDGE('',*,*,#3198,.F.);
#2141=CARTESIAN_POINT('',(6.14999999994919,0.7411809535771,25.6260836141143));
#2142=DIRECTION('',(-7.30045204980861E-15,-0.258819045102493,-0.965925826289076));
#2143=DIRECTION('',(0.0,-0.965925826289076,0.258819045102493));
#2144=SURFACE_STYLE_FILL_AREA(#3203);
#2145=ORIENTED_EDGE('',*,*,#3204,.F.);
#2146=ORIENTED_EDGE('',*,*,#3201,.F.);
#2147=ORIENTED_EDGE('',*,*,#2882,.T.);
#2148=ORIENTED_EDGE('',*,*,#3176,.T.);
#2149=CARTESIAN_POINT('',(6.1499999999492,0.999999998679606,26.5920094404034));
#2150=DIRECTION('',(1.0,2.44929359831531E-16,-7.62361273756229E-15));
#2151=DIRECTION('',(1.1721883722264E-15,-0.992546151641325,0.121869343405122));
#2152=SURFACE_STYLE_FILL_AREA(#3205);
#2153=ORIENTED_EDGE('',*,*,#3206,.T.);
#2154=ORIENTED_EDGE('',*,*,#3178,.T.);
#2155=ORIENTED_EDGE('',*,*,#2851,.T.);
#2156=ORIENTED_EDGE('',*,*,#3187,.T.);
#2157=ORIENTED_EDGE('',*,*,#2841,.T.);
#2158=ORIENTED_EDGE('',*,*,#3190,.F.);
#2159=ORIENTED_EDGE('',*,*,#3193,.F.);
#2160=ORIENTED_EDGE('',*,*,#3196,.F.);
#2161=ORIENTED_EDGE('',*,*,#3199,.F.);
#2162=ORIENTED_EDGE('',*,*,#3202,.F.);
#2163=ORIENTED_EDGE('',*,*,#3204,.T.);
#2164=ORIENTED_EDGE('',*,*,#3175,.F.);
#2165=ORIENTED_EDGE('',*,*,#3207,.F.);
#2166=ORIENTED_EDGE('',*,*,#3208,.T.);
#2167=ORIENTED_EDGE('',*,*,#3209,.T.);
#2168=CARTESIAN_POINT('',(5.54999999994919,-1.7500000013399,43.3749999999916));
#2169=DIRECTION('',(1.0,-1.08314441426662E-17,-3.33066907387547E-16));
#2170=DIRECTION('',(-3.33066907387547E-16,0.0,-1.0));
#2171=SURFACE_STYLE_FILL_AREA(#3210);
#2172=ORIENTED_EDGE('',*,*,#3211,.F.);
#2173=ORIENTED_EDGE('',*,*,#3212,.F.);
#2174=ORIENTED_EDGE('',*,*,#3213,.T.);
#2175=ORIENTED_EDGE('',*,*,#3214,.T.);
#2176=ORIENTED_EDGE('',*,*,#3215,.F.);
#2177=CARTESIAN_POINT('',(4.74999999994706,6.49999759865791,24.024999999994));
#2178=DIRECTION('',(3.33066907387547E-16,2.22044604899182E-16,1.0));
#2179=DIRECTION('',(-1.0,0.0,3.33066907387547E-16));
#2180=SURFACE_STYLE_FILL_AREA(#3216);
#2181=ORIENTED_EDGE('',*,*,#3217,.T.);
#2182=ORIENTED_EDGE('',*,*,#3218,.F.);
#2183=ORIENTED_EDGE('',*,*,#3219,.T.);
#2184=ORIENTED_EDGE('',*,*,#3220,.F.);
#2185=ORIENTED_EDGE('',*,*,#3221,.T.);
#2186=ORIENTED_EDGE('',*,*,#3213,.F.);
#2187=CARTESIAN_POINT('',(5.14999999994917,9.32499999867741,11.485198065838));
#2188=DIRECTION('',(-1.0,1.23259516440783E-32,3.33066907387547E-16));
#2189=DIRECTION('',(-1.23259516440783E-32,-1.0,0.0));
#2190=SURFACE_STYLE_FILL_AREA(#3222);
#2191=ORIENTED_EDGE('',*,*,#3223,.F.);
#2192=ORIENTED_EDGE('',*,*,#3219,.F.);
#2193=ORIENTED_EDGE('',*,*,#3224,.T.);
#2194=ORIENTED_EDGE('',*,*,#3225,.T.);
#2195=CARTESIAN_POINT('',(4.34999999994919,9.3249999986777,20.2250000000053));
#2196=DIRECTION('',(-0.5,-0.707106781186558,0.499999999999985));
#2197=DIRECTION('',(0.81649658092773,-0.57735026918962,0.0));
#2198=SURFACE_STYLE_FILL_AREA(#3226);
#2199=ORIENTED_EDGE('',*,*,#3227,.F.);
#2200=ORIENTED_EDGE('',*,*,#3179,.T.);
#2201=ORIENTED_EDGE('',*,*,#3206,.F.);
#2202=ORIENTED_EDGE('',*,*,#3228,.T.);
#2203=ORIENTED_EDGE('',*,*,#3225,.F.);
#2204=ORIENTED_EDGE('',*,*,#3229,.T.);
#2205=ORIENTED_EDGE('',*,*,#3230,.T.);
#2206=ORIENTED_EDGE('',*,*,#3231,.T.);
#2207=CARTESIAN_POINT('',(-3.25000000005083,9.32499999867751,20.2249999999957));
#2208=DIRECTION('',(-3.01861131769548E-16,0.422618261740704,-0.906307787036648));
#2209=DIRECTION('',(-1.0,-2.08366890324814E-32,3.33066907387547E-16));
#2210=SURFACE_STYLE_FILL_AREA(#3232);
#2211=ORIENTED_EDGE('',*,*,#3233,.T.);
#2212=ORIENTED_EDGE('',*,*,#3234,.F.);
#2213=ORIENTED_EDGE('',*,*,#3235,.F.);
#2214=ORIENTED_EDGE('',*,*,#3211,.T.);
#2215=CARTESIAN_POINT('',(1.94999999994918,9.6869717012612,25.7945440384132));
#2216=DIRECTION('',(-1.0,1.23259516440783E-32,3.33066907387547E-16));
#2217=DIRECTION('',(-1.23259516440783E-32,-1.0,0.0));
#2218=SURFACE_STYLE_FILL_AREA(#3236);
#2219=ORIENTED_EDGE('',*,*,#3212,.T.);
#2220=ORIENTED_EDGE('',*,*,#3235,.T.);
#2221=ORIENTED_EDGE('',*,*,#3237,.F.);
#2222=ORIENTED_EDGE('',*,*,#3238,.T.);
#2223=ORIENTED_EDGE('',*,*,#3239,.T.);
#2224=ORIENTED_EDGE('',*,*,#3217,.F.);
#2225=CARTESIAN_POINT('',(5.99999999994919,17.0499999986803,26.9951220413328));
#2226=DIRECTION('',(2.44929359831534E-16,-1.0,6.3837823915911E-16));
#2227=DIRECTION('',(1.0,2.44929359831534E-16,0.0));
#2228=SURFACE_STYLE_FILL_AREA(#3240);
#2229=ORIENTED_EDGE('',*,*,#3239,.F.);
#2230=ORIENTED_EDGE('',*,*,#3241,.T.);
#2231=ORIENTED_EDGE('',*,*,#3224,.F.);
#2232=ORIENTED_EDGE('',*,*,#3218,.T.);
#2233=CARTESIAN_POINT('',(4.74999999994918,10.1749999986774,20.6249999999934));
#2234=DIRECTION('',(0.707106781186548,-2.35513868802566E-16,-0.707106781186547));
#2235=DIRECTION('',(0.0,-1.0,3.33066907387547E-16));
#2236=SURFACE_STYLE_FILL_AREA(#3242);
#2237=ORIENTED_EDGE('',*,*,#3243,.T.);
#2238=ORIENTED_EDGE('',*,*,#3229,.F.);
#2239=ORIENTED_EDGE('',*,*,#3241,.F.);
#2240=ORIENTED_EDGE('',*,*,#3238,.F.);
#2241=CARTESIAN_POINT('',(5.49999999994918,9.32499999867741,20.2249999999934));
#2242=DIRECTION('',(-3.33066907387547E-16,-3.33066907387547E-16,-1.0));
#2243=DIRECTION('',(-1.0,0.0,3.33066907387547E-16));
#2244=SURFACE_STYLE_FILL_AREA(#3244);
#2245=ORIENTED_EDGE('',*,*,#3234,.T.);
#2246=ORIENTED_EDGE('',*,*,#3245,.T.);
#2247=ORIENTED_EDGE('',*,*,#3243,.F.);
#2248=ORIENTED_EDGE('',*,*,#3237,.T.);
#2249=CARTESIAN_POINT('',(2.36370880380736,10.2440184594722,20.6112911961471));
#2250=DIRECTION('',(0.707106781186547,-1.48766260460288E-14,0.707106781186548));
#2251=DIRECTION('',(2.10387263166468E-14,1.0,0.0));
#2252=SURFACE_STYLE_FILL_AREA(#3246);
#2253=ORIENTED_EDGE('',*,*,#3230,.F.);
#2254=ORIENTED_EDGE('',*,*,#3245,.F.);
#2255=ORIENTED_EDGE('',*,*,#3247,.F.);
#2256=CARTESIAN_POINT('',(1.94999999994918,9.3249999986777,21.0250000000053));
#2257=DIRECTION('',(0.5,-0.707106781186558,0.499999999999985));
#2258=DIRECTION('',(2.77555756156289E-17,0.577350269189609,0.816496580927738));
#2259=SURFACE_STYLE_FILL_AREA(#3248);
#2260=ORIENTED_EDGE('',*,*,#3231,.F.);
#2261=ORIENTED_EDGE('',*,*,#3247,.T.);
#2262=ORIENTED_EDGE('',*,*,#3233,.F.);
#2263=ORIENTED_EDGE('',*,*,#3215,.T.);
#2264=ORIENTED_EDGE('',*,*,#3249,.T.);
#2265=ORIENTED_EDGE('',*,*,#3250,.F.);
#2266=CARTESIAN_POINT('',(-1.2429086158392,3.7947200522075,22.4711301242574));
#2267=DIRECTION('',(0.866025403784439,-0.5,1.05639856627534E-14));
#2268=DIRECTION('',(0.0,2.11279713255068E-14,1.0));
#2269=SURFACE_STYLE_FILL_AREA(#3251);
#2270=ORIENTED_EDGE('',*,*,#3180,.F.);
#2271=ORIENTED_EDGE('',*,*,#3227,.T.);
#2272=ORIENTED_EDGE('',*,*,#3250,.T.);
#2273=ORIENTED_EDGE('',*,*,#3252,.T.);
#2274=ORIENTED_EDGE('',*,*,#3253,.F.);
#2275=ORIENTED_EDGE('',*,*,#3173,.F.);
#2276=ORIENTED_EDGE('',*,*,#2844,.F.);
#2277=CARTESIAN_POINT('',(0.59999999994918,8.2749999986774,43.3749999999916));
#2278=DIRECTION('',(-1.0,1.23259516440783E-32,3.33066907387547E-16));
#2279=DIRECTION('',(-1.23259516440783E-32,-1.0,0.0));
#2280=SURFACE_STYLE_FILL_AREA(#3254);
#2281=ORIENTED_EDGE('',*,*,#3253,.T.);
#2282=ORIENTED_EDGE('',*,*,#3255,.F.);
#2283=ORIENTED_EDGE('',*,*,#3207,.T.);
#2284=ORIENTED_EDGE('',*,*,#3174,.T.);
#2285=CARTESIAN_POINT('',(6.14999999994676,-1.34109967575569E-09,28.0999999999892));
#2286=DIRECTION('',(-3.33066907387547E-16,-3.33066907387547E-16,-1.0));
#2287=DIRECTION('',(-1.0,0.0,3.33066907387547E-16));
#2288=SURFACE_STYLE_FILL_AREA(#3256);
#2289=ORIENTED_EDGE('',*,*,#3257,.T.);
#2290=ORIENTED_EDGE('',*,*,#3258,.F.);
#2291=ORIENTED_EDGE('',*,*,#3004,.F.);
#2292=ORIENTED_EDGE('',*,*,#3259,.F.);
#2293=CARTESIAN_POINT('',(2.56499999998671,49.6124531558892,18.480540652292));
#2294=DIRECTION('',(1.0,1.23600338963486E-13,-1.24155140830081E-13));
#2295=DIRECTION('',(-1.24155140830081E-13,0.0,-1.0));
#2296=SURFACE_STYLE_FILL_AREA(#3260);
#2297=ORIENTED_EDGE('',*,*,#3220,.T.);
#2298=ORIENTED_EDGE('',*,*,#3223,.T.);
#2299=ORIENTED_EDGE('',*,*,#3228,.F.);
#2300=ORIENTED_EDGE('',*,*,#3209,.F.);
#2301=ORIENTED_EDGE('',*,*,#3261,.F.);
#2302=CARTESIAN_POINT('',(5.56871232370376,7.79570597587851,22.5999999999938));
#2303=DIRECTION('',(-0.937625587485765,-0.347646742674189,4.28081680157162E-16));
#2304=DIRECTION('',(0.347646742674189,-0.937625587485765,0.0));
#2305=SURFACE_STYLE_FILL_AREA(#3262);
#2306=ORIENTED_EDGE('',*,*,#3214,.F.);
#2307=ORIENTED_EDGE('',*,*,#3221,.F.);
#2308=ORIENTED_EDGE('',*,*,#3261,.T.);
#2309=ORIENTED_EDGE('',*,*,#3208,.F.);
#2310=ORIENTED_EDGE('',*,*,#3255,.T.);
#2311=ORIENTED_EDGE('',*,*,#3252,.F.);
#2312=ORIENTED_EDGE('',*,*,#3249,.F.);
#2313=CARTESIAN_POINT('',(6.76500239995123,8.5249999986774,24.6197969214195));
#2314=DIRECTION('',(2.40534842358678E-16,0.715196606657488,0.698923324711384));
#2315=DIRECTION('',(-1.0,0.0,3.4415054392126E-16));
#2316=SURFACE_STYLE_FILL_AREA(#3263);
#2317=ORIENTED_EDGE('',*,*,#3264,.F.);
#2318=ORIENTED_EDGE('',*,*,#2961,.T.);
#2319=ORIENTED_EDGE('',*,*,#3265,.T.);
#2320=ORIENTED_EDGE('',*,*,#2897,.F.);
#2321=CARTESIAN_POINT('',(6.14999999999978,12.1311432584893,-5.90105742048763E-12));
#2322=DIRECTION('',(1.23956400699403E-13,-3.79973830177807E-14,1.0));
#2323=DIRECTION('',(-1.0,0.0,1.23956400699403E-13));
#2324=SURFACE_STYLE_FILL_AREA(#3266);
#2325=ORIENTED_EDGE('',*,*,#3265,.F.);
#2326=ORIENTED_EDGE('',*,*,#2960,.T.);
#2327=ORIENTED_EDGE('',*,*,#3267,.F.);
#2328=ORIENTED_EDGE('',*,*,#2898,.F.);
#2329=CARTESIAN_POINT('',(6.15000000000129,5.5060273206331,5.515371788291));
#2330=DIRECTION('',(-1.0,-1.23734356094473E-13,1.23956400699399E-13));
#2331=DIRECTION('',(-1.23734356094458E-13,1.0,1.23512311489549E-13));
#2332=SURFACE_STYLE_FILL_AREA(#3268);
#2333=ORIENTED_EDGE('',*,*,#3267,.T.);
#2334=ORIENTED_EDGE('',*,*,#2959,.T.);
#2335=ORIENTED_EDGE('',*,*,#3269,.F.);
#2336=ORIENTED_EDGE('',*,*,#2899,.F.);
#2337=CARTESIAN_POINT('',(6.15,14.9000000000093,4.5516660498342));
#2338=DIRECTION('',(1.23734356094458E-13,-1.0,-1.23512311489549E-13));
#2339=DIRECTION('',(0.0,-1.23512311489549E-13,1.0));
#2340=SURFACE_STYLE_FILL_AREA(#3270);
#2341=ORIENTED_EDGE('',*,*,#3269,.T.);
#2342=ORIENTED_EDGE('',*,*,#2958,.T.);
#2343=ORIENTED_EDGE('',*,*,#3271,.F.);
#2344=ORIENTED_EDGE('',*,*,#2900,.F.);
#2345=CARTESIAN_POINT('',(6.15000000000021,13.60000000001,4.8999999999945));
#2346=DIRECTION('',(-8.77078808786409E-14,-0.258819045102506,-0.965925826289072));
#2347=DIRECTION('',(0.0,-0.965925826289072,0.258819045102506));
#2348=SURFACE_STYLE_FILL_AREA(#3272);
#2349=ORIENTED_EDGE('',*,*,#3271,.T.);
#2350=ORIENTED_EDGE('',*,*,#2957,.T.);
#2351=ORIENTED_EDGE('',*,*,#3273,.F.);
#2352=ORIENTED_EDGE('',*,*,#2901,.F.);
#2353=CARTESIAN_POINT('',(6.15000000000035,13.6000000000067,6.0000000000022));
#2354=DIRECTION('',(1.23734356094458E-13,-1.0,-1.23512311489549E-13));
#2355=DIRECTION('',(0.0,-1.23512311489549E-13,1.0));
#2356=SURFACE_STYLE_FILL_AREA(#3274);
#2357=ORIENTED_EDGE('',*,*,#3273,.T.);
#2358=ORIENTED_EDGE('',*,*,#2956,.F.);
#2359=ORIENTED_EDGE('',*,*,#3275,.F.);
#2360=ORIENTED_EDGE('',*,*,#2902,.F.);
#2361=CARTESIAN_POINT('',(6.15000000000089,15.2095855994065,12.0070552360771));
#2362=DIRECTION('',(1.51600487414312E-13,-0.965925826288927,0.258819045103049));
#2363=DIRECTION('',(1.0,1.56948373558619E-13,0.0));
#2364=SURFACE_STYLE_FILL_AREA(#3276);
#2365=ORIENTED_EDGE('',*,*,#3277,.T.);
#2366=ORIENTED_EDGE('',*,*,#2933,.T.);
#2367=ORIENTED_EDGE('',*,*,#3001,.T.);
#2368=ORIENTED_EDGE('',*,*,#2925,.F.);
#2369=CARTESIAN_POINT('',(6.14999999999837,60.3977793213276,36.8054922589016));
#2370=DIRECTION('',(-8.7435932887644E-14,0.965925826289252,0.258819045101836));
#2371=DIRECTION('',(-1.0,0.0,-3.37826502888306E-13));
#2372=SURFACE_STYLE_FILL_AREA(#3278);
#2373=ORIENTED_EDGE('',*,*,#3279,.T.);
#2374=ORIENTED_EDGE('',*,*,#2934,.T.);
#2375=ORIENTED_EDGE('',*,*,#3277,.F.);
#2376=ORIENTED_EDGE('',*,*,#2924,.F.);
#2377=CARTESIAN_POINT('',(6.14999999999838,60.3945440832639,36.81756633173));
#2378=DIRECTION('',(1.51757496660122E-13,-0.2588190451024,0.965925826289101));
#2379=DIRECTION('',(1.0,5.86345941428229E-13,0.0));
#2380=SURFACE_STYLE_FILL_AREA(#3280);
#2381=ORIENTED_EDGE('',*,*,#3281,.T.);
#2382=ORIENTED_EDGE('',*,*,#2935,.T.);
#2383=ORIENTED_EDGE('',*,*,#3279,.F.);
#2384=ORIENTED_EDGE('',*,*,#2923,.F.);
#2385=CARTESIAN_POINT('',(6.14999999999839,59.4904129716859,36.057667040326));
#2386=DIRECTION('',(8.7435932887515E-14,-0.965925826289032,-0.258819045102657));
#2387=DIRECTION('',(0.0,-0.258819045102657,0.965925826289032));
#2388=SURFACE_STYLE_FILL_AREA(#3282);
#2389=ORIENTED_EDGE('',*,*,#3283,.F.);
#2390=ORIENTED_EDGE('',*,*,#2938,.T.);
#2391=ORIENTED_EDGE('',*,*,#3284,.T.);
#2392=ORIENTED_EDGE('',*,*,#2920,.F.);
#2393=CARTESIAN_POINT('',(6.14999999999742,62.2120510361817,30.9038712839892));
#2394=DIRECTION('',(-8.77078808797268E-14,-0.258819045095587,-0.965925826290926));
#2395=DIRECTION('',(0.0,-0.965925826290926,0.258819045095587));
#2396=SURFACE_STYLE_FILL_AREA(#3285);
#2397=ORIENTED_EDGE('',*,*,#2830,.F.);
#2398=ORIENTED_EDGE('',*,*,#2939,.F.);
#2399=ORIENTED_EDGE('',*,*,#3283,.T.);
#2400=ORIENTED_EDGE('',*,*,#2919,.F.);
#2401=CARTESIAN_POINT('',(6.14999999999732,62.6000000013333,30.4929898768811));
#2402=DIRECTION('',(1.23734356094427E-13,-1.0,-3.78626518146907E-13));
#2403=DIRECTION('',(0.0,-3.78626518146907E-13,1.0));
#2404=SURFACE_STYLE_FILL_AREA(#3286);
#2405=ORIENTED_EDGE('',*,*,#3284,.F.);
#2406=ORIENTED_EDGE('',*,*,#2937,.F.);
#2407=ORIENTED_EDGE('',*,*,#3287,.F.);
#2408=ORIENTED_EDGE('',*,*,#2921,.T.);
#2409=CARTESIAN_POINT('',(6.14999999999742,62.0315745435374,30.7080854804518));
#2410=DIRECTION('',(-8.74359328871928E-14,0.965925826288482,0.258819045104708));
#2411=DIRECTION('',(-1.0,0.0,-3.37826502882814E-13));
#2412=SURFACE_STYLE_FILL_AREA(#3288);
#2413=ORIENTED_EDGE('',*,*,#3287,.T.);
#2414=ORIENTED_EDGE('',*,*,#2936,.F.);
#2415=ORIENTED_EDGE('',*,*,#3281,.F.);
#2416=ORIENTED_EDGE('',*,*,#2922,.T.);
#2417=CARTESIAN_POINT('',(6.14999999999747,61.4809968225525,30.5605586247434));
#2418=DIRECTION('',(-1.51757496660092E-13,0.258819045102067,-0.96592582628919));
#2419=DIRECTION('',(-1.0,0.0,1.57110921490836E-13));
#2420=SURFACE_STYLE_FILL_AREA(#3289);
#2421=ORIENTED_EDGE('',*,*,#3290,.F.);
#2422=ORIENTED_EDGE('',*,*,#2941,.T.);
#2423=ORIENTED_EDGE('',*,*,#3291,.T.);
#2424=ORIENTED_EDGE('',*,*,#2917,.F.);
#2425=CARTESIAN_POINT('',(6.14999999999488,62.600000002691,10.7961658625003));
#2426=DIRECTION('',(1.23734356094474E-13,-1.0,2.22044604924991E-16));
#2427=DIRECTION('',(0.0,2.22044604924991E-16,1.0));
#2428=SURFACE_STYLE_FILL_AREA(#3292);
#2429=ORIENTED_EDGE('',*,*,#3293,.F.);
#2430=ORIENTED_EDGE('',*,*,#2944,.T.);
#2431=ORIENTED_EDGE('',*,*,#3294,.T.);
#2432=ORIENTED_EDGE('',*,*,#2914,.F.);
#2433=CARTESIAN_POINT('',(6.1499999999953,48.5689436378727,0.187384425921799));
#2434=DIRECTION('',(6.00502527166491E-14,0.4226182617407,0.90630778703665));
#2435=DIRECTION('',(-1.0,1.42091003046843E-13,0.0));
#2436=SURFACE_STYLE_FILL_AREA(#3295);
#2437=ORIENTED_EDGE('',*,*,#3296,.F.);
#2438=ORIENTED_EDGE('',*,*,#2946,.T.);
#2439=ORIENTED_EDGE('',*,*,#3297,.T.);
#2440=ORIENTED_EDGE('',*,*,#2912,.F.);
#2441=CARTESIAN_POINT('',(6.14999999999603,45.7964466094165,3.3481126592418));
#2442=DIRECTION('',(-1.75143813766175E-13,0.707106781186548,-0.707106781186547));
#2443=DIRECTION('',(-1.0,0.0,2.47690756793872E-13));
#2444=SURFACE_STYLE_FILL_AREA(#3298);
#2445=ORIENTED_EDGE('',*,*,#3275,.T.);
#2446=ORIENTED_EDGE('',*,*,#2955,.F.);
#2447=ORIENTED_EDGE('',*,*,#2835,.F.);
#2448=ORIENTED_EDGE('',*,*,#2903,.T.);
#2449=CARTESIAN_POINT('',(6.15000000000077,15.9823262604376,11.7999999999946));
#2450=DIRECTION('',(-1.0,-1.23734356094473E-13,1.23956400699399E-13));
#2451=DIRECTION('',(-1.23734356094458E-13,1.0,1.23512311489549E-13));
#2452=SURFACE_STYLE_FILL_AREA(#3299);
#2453=ORIENTED_EDGE('',*,*,#2833,.T.);
#2454=ORIENTED_EDGE('',*,*,#2954,.F.);
#2455=ORIENTED_EDGE('',*,*,#3300,.F.);
#2456=ORIENTED_EDGE('',*,*,#2904,.T.);
#2457=CARTESIAN_POINT('',(6.15000000000077,16.0521397485416,11.8848211502774));
#2458=DIRECTION('',(-1.0,-1.23734356094473E-13,1.23956400699399E-13));
#2459=DIRECTION('',(-1.23734356094458E-13,1.0,1.23512311489549E-13));
#2460=SURFACE_STYLE_FILL_AREA(#3301);
#2461=ORIENTED_EDGE('',*,*,#3300,.T.);
#2462=ORIENTED_EDGE('',*,*,#2953,.T.);
#2463=ORIENTED_EDGE('',*,*,#3302,.T.);
#2464=ORIENTED_EDGE('',*,*,#2905,.F.);
#2465=CARTESIAN_POINT('',(6.1500000000002,15.3686497732854,6.62940952254594));
#2466=DIRECTION('',(-1.51600487414296E-13,0.965925826288973,-0.258819045102875));
#2467=DIRECTION('',(-1.0,0.0,5.85739304285116E-13));
#2468=SURFACE_STYLE_FILL_AREA(#3303);
#2469=ORIENTED_EDGE('',*,*,#3304,.T.);
#2470=ORIENTED_EDGE('',*,*,#2906,.F.);
#2471=ORIENTED_EDGE('',*,*,#3302,.F.);
#2472=ORIENTED_EDGE('',*,*,#2952,.T.);
#2473=CARTESIAN_POINT('',(6.14999999999704,40.3000000000098,5.9999999999946));
#2474=DIRECTION('',(1.23956400699414E-13,-1.23512311489533E-13,1.0));
#2475=DIRECTION('',(-1.0,0.0,1.23956400699414E-13));
#2476=SURFACE_STYLE_FILL_AREA(#3305);
#2477=ORIENTED_EDGE('',*,*,#3306,.F.);
#2478=ORIENTED_EDGE('',*,*,#2907,.F.);
#2479=ORIENTED_EDGE('',*,*,#3304,.F.);
#2480=ORIENTED_EDGE('',*,*,#2951,.T.);
#2481=CARTESIAN_POINT('',(6.14999999999704,40.5000000000098,6.19999999999536));
#2482=DIRECTION('',(1.23734356094474E-13,-1.0,2.77555756156249E-16));
#2483=DIRECTION('',(0.0,2.77555756156249E-16,1.0));
#2484=SURFACE_STYLE_FILL_AREA(#3307);
#2485=ORIENTED_EDGE('',*,*,#3306,.T.);
#2486=ORIENTED_EDGE('',*,*,#2950,.T.);
#2487=ORIENTED_EDGE('',*,*,#3308,.F.);
#2488=ORIENTED_EDGE('',*,*,#2908,.F.);
#2489=CARTESIAN_POINT('',(6.14999999999636,46.0139895394579,6.19999999999536));
#2490=DIRECTION('',(1.23956400699399E-13,2.77555756171587E-16,1.0));
#2491=DIRECTION('',(-1.0,0.0,1.23956400699399E-13));
#2492=SURFACE_STYLE_FILL_AREA(#3309);
#2493=ORIENTED_EDGE('',*,*,#3308,.T.);
#2494=ORIENTED_EDGE('',*,*,#2949,.T.);
#2495=ORIENTED_EDGE('',*,*,#3310,.F.);
#2496=ORIENTED_EDGE('',*,*,#2909,.F.);
#2497=CARTESIAN_POINT('',(6.14999999999605,48.3000000000097,5.9999999999954));
#2498=DIRECTION('',(1.1270054946246E-13,0.0871557427476585,0.996194698091746));
#2499=DIRECTION('',(-1.0,1.29309378716169E-12,0.0));
#2500=SURFACE_STYLE_FILL_AREA(#3311);
#2501=ORIENTED_EDGE('',*,*,#3310,.T.);
#2502=ORIENTED_EDGE('',*,*,#2948,.T.);
#2503=ORIENTED_EDGE('',*,*,#3312,.F.);
#2504=ORIENTED_EDGE('',*,*,#2910,.F.);
#2505=CARTESIAN_POINT('',(6.14999999999593,48.3000000000098,4.9999999999954));
#2506=DIRECTION('',(-1.23734356094474E-13,1.0,-2.22044604924991E-16));
#2507=DIRECTION('',(-1.0,-1.23734356094474E-13,0.0));
#2508=SURFACE_STYLE_FILL_AREA(#3313);
#2509=ORIENTED_EDGE('',*,*,#3312,.T.);
#2510=ORIENTED_EDGE('',*,*,#2947,.T.);
#2511=ORIENTED_EDGE('',*,*,#3296,.T.);
#2512=ORIENTED_EDGE('',*,*,#2911,.F.);
#2513=CARTESIAN_POINT('',(6.14999999999602,47.2660120629395,4.722943767274));
#2514=DIRECTION('',(-1.51757496660128E-13,0.258819045102467,-0.965925826289083));
#2515=DIRECTION('',(-1.0,0.0,1.57110921490891E-13));
#2516=SURFACE_STYLE_FILL_AREA(#3314);
#2517=ORIENTED_EDGE('',*,*,#3297,.F.);
#2518=ORIENTED_EDGE('',*,*,#2945,.T.);
#2519=ORIENTED_EDGE('',*,*,#3293,.T.);
#2520=ORIENTED_EDGE('',*,*,#2913,.F.);
#2521=CARTESIAN_POINT('',(6.14999999999591,45.6500000000098,2.1855804587876));
#2522=DIRECTION('',(-1.23734356094474E-13,1.0,-2.77555756156249E-16));
#2523=DIRECTION('',(-1.0,-1.23734356094474E-13,0.0));
#2524=SURFACE_STYLE_FILL_AREA(#3315);
#2525=ORIENTED_EDGE('',*,*,#3294,.F.);
#2526=ORIENTED_EDGE('',*,*,#2943,.T.);
#2527=ORIENTED_EDGE('',*,*,#3316,.T.);
#2528=ORIENTED_EDGE('',*,*,#2915,.F.);
#2529=CARTESIAN_POINT('',(6.14999999999509,50.1000000000103,-4.89919216306589E-12));
#2530=DIRECTION('',(1.2395640069945E-13,-4.12267442406729E-13,1.0));
#2531=DIRECTION('',(0.0,1.0,4.12267442406729E-13));
#2532=SURFACE_STYLE_FILL_AREA(#3317);
#2533=ORIENTED_EDGE('',*,*,#3316,.F.);
#2534=ORIENTED_EDGE('',*,*,#2942,.T.);
#2535=ORIENTED_EDGE('',*,*,#3290,.T.);
#2536=ORIENTED_EDGE('',*,*,#2916,.F.);
#2537=CARTESIAN_POINT('',(6.14999999999468,61.8112431373569,8.39970281020902));
#2538=DIRECTION('',(1.73574847486429E-13,-0.605621567332884,0.795752799040796));
#2539=DIRECTION('',(1.0,2.86606119809836E-13,2.00876247482712E-29));
#2540=SURFACE_STYLE_FILL_AREA(#3318);
#2541=ORIENTED_EDGE('',*,*,#2828,.T.);
#2542=ORIENTED_EDGE('',*,*,#2918,.T.);
#2543=ORIENTED_EDGE('',*,*,#3291,.F.);
#2544=ORIENTED_EDGE('',*,*,#2940,.F.);
#2545=CARTESIAN_POINT('',(6.14999999999397,76.3477270875586,17.1999999999939));
#2546=DIRECTION('',(-1.0,-1.23734356094474E-13,1.23956400699399E-13));
#2547=DIRECTION('',(-1.23734356094474E-13,1.0,-2.22044604925004E-16));
#2548=SURFACE_STYLE_FILL_AREA(#3319);
#2549=ORIENTED_EDGE('',*,*,#3185,.T.);
#2550=ORIENTED_EDGE('',*,*,#2964,.T.);
#2551=ORIENTED_EDGE('',*,*,#3320,.F.);
#2552=ORIENTED_EDGE('',*,*,#3321,.F.);
#2553=ORIENTED_EDGE('',*,*,#3322,.T.);
#2554=ORIENTED_EDGE('',*,*,#2892,.F.);
#2555=CARTESIAN_POINT('',(6.15000000000146,3.60000000000851,4.9999999999961));
#2556=DIRECTION('',(-1.23734356094474E-13,1.0,-2.22044604924991E-16));
#2557=DIRECTION('',(-1.0,-1.23734356094474E-13,0.0));
#2558=SURFACE_STYLE_FILL_AREA(#3323);
#2559=ORIENTED_EDGE('',*,*,#2893,.T.);
#2560=ORIENTED_EDGE('',*,*,#3322,.F.);
#2561=ORIENTED_EDGE('',*,*,#3324,.T.);
#2562=ORIENTED_EDGE('',*,*,#3325,.F.);
#2563=CARTESIAN_POINT('',(6.15000000000115,2.60000000000851,1.4999999999962));
#2564=DIRECTION('',(1.23956400699399E-13,2.22044604940329E-16,1.0));
#2565=DIRECTION('',(-1.0,0.0,1.23956400699399E-13));
#2566=SURFACE_STYLE_FILL_AREA(#3326);
#2567=ORIENTED_EDGE('',*,*,#2894,.T.);
#2568=ORIENTED_EDGE('',*,*,#3325,.T.);
#2569=ORIENTED_EDGE('',*,*,#3327,.T.);
#2570=ORIENTED_EDGE('',*,*,#3328,.F.);
#2571=CARTESIAN_POINT('',(6.15000000000135,1.50000000000851,1.9999999999962));
#2572=DIRECTION('',(-1.23734356094474E-13,1.0,-2.22044604924991E-16));
#2573=DIRECTION('',(-1.0,-1.23734356094474E-13,0.0));
#2574=SURFACE_STYLE_FILL_AREA(#3329);
#2575=ORIENTED_EDGE('',*,*,#3330,.F.);
#2576=ORIENTED_EDGE('',*,*,#3327,.F.);
#2577=ORIENTED_EDGE('',*,*,#3324,.F.);
#2578=ORIENTED_EDGE('',*,*,#3321,.T.);
#2579=ORIENTED_EDGE('',*,*,#3331,.T.);
#2580=ORIENTED_EDGE('',*,*,#2822,.F.);
#2581=CARTESIAN_POINT('',(0.999999999998979,25.1758063432198,6.4500000000058));
#2582=DIRECTION('',(1.0,1.23734356094474E-13,-1.23956400699399E-13));
#2583=DIRECTION('',(-1.23956400699399E-13,0.0,-1.0));
#2584=SURFACE_STYLE_FILL_AREA(#3332);
#2585=ORIENTED_EDGE('',*,*,#3320,.T.);
#2586=ORIENTED_EDGE('',*,*,#2963,.F.);
#2587=ORIENTED_EDGE('',*,*,#2823,.F.);
#2588=ORIENTED_EDGE('',*,*,#3331,.F.);
#2589=CARTESIAN_POINT('',(6.15000000000167,0.900000000009101,3.9999999999961));
#2590=DIRECTION('',(-1.23956400699399E-13,-2.22044604940329E-16,-1.0));
#2591=DIRECTION('',(-1.0,0.0,1.23956400699399E-13));
#2592=SURFACE_STYLE_FILL_AREA(#3333);
#2593=ORIENTED_EDGE('',*,*,#2821,.T.);
#2594=ORIENTED_EDGE('',*,*,#2895,.F.);
#2595=ORIENTED_EDGE('',*,*,#3328,.T.);
#2596=ORIENTED_EDGE('',*,*,#3330,.T.);
#2597=CARTESIAN_POINT('',(6.15000000000156,0.900000000009101,3.0999999999963));
#2598=DIRECTION('',(-1.0,-1.23734356094474E-13,1.23956400699399E-13));
#2599=DIRECTION('',(-1.23734356094474E-13,1.0,-2.22044604924991E-16));
#2600=SURFACE_STYLE_FILL_AREA(#3334);
#2601=ORIENTED_EDGE('',*,*,#2825,.T.);
#2602=ORIENTED_EDGE('',*,*,#2962,.T.);
#2603=ORIENTED_EDGE('',*,*,#3264,.T.);
#2604=ORIENTED_EDGE('',*,*,#2896,.F.);
#2605=CARTESIAN_POINT('',(6.15000000000141,8.5051965470484E-12,0.9999999999962));
#2606=DIRECTION('',(-1.23734356094474E-13,1.0,-2.22044604924991E-16));
#2607=DIRECTION('',(-1.0,-1.23734356094474E-13,0.0));
#2608=SURFACE_STYLE_FILL_AREA(#3335);
#2609=ORIENTED_EDGE('',*,*,#3116,.T.);
#2610=ORIENTED_EDGE('',*,*,#2983,.T.);
#2611=ORIENTED_EDGE('',*,*,#3336,.F.);
#2612=ORIENTED_EDGE('',*,*,#2866,.F.);
#2613=ORIENTED_EDGE('',*,*,#3120,.T.);
#2614=ORIENTED_EDGE('',*,*,#3337,.T.);
#2615=ORIENTED_EDGE('',*,*,#3338,.F.);
#2616=ORIENTED_EDGE('',*,*,#3339,.F.);
#2617=CARTESIAN_POINT('',(6.15000000000271,22.1000000000089,33.5499999999985));
#2618=DIRECTION('',(1.23734356094474E-13,-1.0,2.22044604924991E-16));
#2619=DIRECTION('',(0.0,2.22044604924991E-16,1.0));
#2620=SURFACE_STYLE_FILL_AREA(#3340);
#2621=ORIENTED_EDGE('',*,*,#3336,.T.);
#2622=ORIENTED_EDGE('',*,*,#2982,.F.);
#2623=ORIENTED_EDGE('',*,*,#3165,.T.);
#2624=ORIENTED_EDGE('',*,*,#2867,.T.);
#2625=CARTESIAN_POINT('',(6.15000000000295,21.5105546650346,34.9446519985505));
#2626=DIRECTION('',(6.57161475840427E-14,-0.92110933001652,-0.38930399709805));
#2627=DIRECTION('',(0.0,-0.38930399709805,0.92110933001652));
#2628=SURFACE_STYLE_FILL_AREA(#3341);
#2629=ORIENTED_EDGE('',*,*,#3342,.F.);
#2630=ORIENTED_EDGE('',*,*,#3343,.F.);
#2631=ORIENTED_EDGE('',*,*,#3344,.F.);
#2632=ORIENTED_EDGE('',*,*,#3338,.T.);
#2633=CARTESIAN_POINT('',(6.04969214125231,21.2690523985878,17.449999999981));
#2634=DIRECTION('',(7.53149201952139E-15,-1.18749868685155E-16,-1.0));
#2635=DIRECTION('',(0.0,-1.0,1.18749868685155E-16));
#2636=SURFACE_STYLE_FILL_AREA(#3345);
#2637=ORIENTED_EDGE('',*,*,#3117,.T.);
#2638=ORIENTED_EDGE('',*,*,#3339,.T.);
#2639=ORIENTED_EDGE('',*,*,#3344,.T.);
#2640=ORIENTED_EDGE('',*,*,#3346,.F.);
#2641=CARTESIAN_POINT('',(0.65000000000214,22.1000000000082,29.2499999999972));
#2642=DIRECTION('',(1.0,1.23734356094474E-13,-1.23956400699399E-13));
#2643=DIRECTION('',(-1.23956400699399E-13,0.0,-1.0));
#2644=SURFACE_STYLE_FILL_AREA(#3347);
#2645=ORIENTED_EDGE('',*,*,#3118,.T.);
#2646=ORIENTED_EDGE('',*,*,#3346,.T.);
#2647=ORIENTED_EDGE('',*,*,#3343,.T.);
#2648=ORIENTED_EDGE('',*,*,#3348,.F.);
#2649=CARTESIAN_POINT('',(0.65000000000175,25.2500000000277,29.2499999999968));
#2650=DIRECTION('',(1.23734356094488E-13,-1.0,1.15740750317172E-13));
#2651=DIRECTION('',(0.0,1.15740750317172E-13,1.0));
#2652=SURFACE_STYLE_FILL_AREA(#3349);
#2653=ORIENTED_EDGE('',*,*,#3119,.T.);
#2654=ORIENTED_EDGE('',*,*,#3348,.T.);
#2655=ORIENTED_EDGE('',*,*,#3342,.T.);
#2656=ORIENTED_EDGE('',*,*,#3337,.F.);
#2657=CARTESIAN_POINT('',(5.50000000000179,25.2500000000283,29.2499999999962));
#2658=DIRECTION('',(-1.0,-1.23734356094474E-13,1.23956400699399E-13));
#2659=DIRECTION('',(1.23734356094474E-13,-1.0,0.0));
#2660=SURFACE_STYLE_FILL_AREA(#3350);
#2661=ORIENTED_EDGE('',*,*,#3091,.F.);
#2662=ORIENTED_EDGE('',*,*,#2988,.T.);
#2663=ORIENTED_EDGE('',*,*,#3093,.T.);
#2664=ORIENTED_EDGE('',*,*,#2861,.F.);
#2665=CARTESIAN_POINT('',(6.15000000000153,32.7529988543761,34.6523205782066));
#2666=DIRECTION('',(6.34084504478699E-14,-0.915498854366955,-0.402320578211945));
#2667=DIRECTION('',(0.0,-0.402320578211945,0.915498854366955));
#2668=SURFACE_STYLE_FILL_AREA(#3351);
#2669=ORIENTED_EDGE('',*,*,#3014,.F.);
#2670=ORIENTED_EDGE('',*,*,#2928,.F.);
#2671=ORIENTED_EDGE('',*,*,#2999,.F.);
#2672=ORIENTED_EDGE('',*,*,#2930,.T.);
#2673=ORIENTED_EDGE('',*,*,#3068,.T.);
#2674=ORIENTED_EDGE('',*,*,#3352,.T.);
#2675=ORIENTED_EDGE('',*,*,#3353,.T.);
#2676=ORIENTED_EDGE('',*,*,#3354,.F.);
#2677=CARTESIAN_POINT('',(6.14999999999913,55.2449241390638,37.7499999999918));
#2678=DIRECTION('',(-1.23956400699398E-13,-5.15376498267343E-15,-1.0));
#2679=DIRECTION('',(-1.0,0.0,1.23956400699398E-13));
#2680=SURFACE_STYLE_FILL_AREA(#3355);
#2681=ORIENTED_EDGE('',*,*,#3356,.F.);
#2682=ORIENTED_EDGE('',*,*,#3028,.F.);
#2683=ORIENTED_EDGE('',*,*,#3015,.T.);
#2684=ORIENTED_EDGE('',*,*,#3354,.T.);
#2685=ORIENTED_EDGE('',*,*,#3357,.F.);
#2686=ORIENTED_EDGE('',*,*,#3037,.F.);
#2687=ORIENTED_EDGE('',*,*,#3358,.T.);
#2688=ORIENTED_EDGE('',*,*,#3359,.T.);
#2689=CARTESIAN_POINT('',(5.55000000003274,43.7027448712937,22.0074099999967));
#2690=DIRECTION('',(-1.0,-1.23734356094474E-13,1.23956400699399E-13));
#2691=DIRECTION('',(1.23734356094474E-13,-1.0,0.0));
#2692=SURFACE_STYLE_FILL_AREA(#3360);
#2693=ORIENTED_EDGE('',*,*,#3359,.F.);
#2694=ORIENTED_EDGE('',*,*,#3361,.T.);
#2695=ORIENTED_EDGE('',*,*,#3362,.T.);
#2696=ORIENTED_EDGE('',*,*,#3363,.F.);
#2697=ORIENTED_EDGE('',*,*,#3364,.T.);
#2698=ORIENTED_EDGE('',*,*,#3365,.F.);
#2699=CARTESIAN_POINT('',(5.73500000000595,48.1570713201653,25.3275738574283));
#2700=DIRECTION('',(1.46765857837307E-13,-0.207911690817747,0.978147600733808));
#2701=DIRECTION('',(1.0,7.05904787075972E-13,0.0));
#2702=SURFACE_STYLE_FILL_AREA(#3366);
#2703=ORIENTED_EDGE('',*,*,#3367,.F.);
#2704=ORIENTED_EDGE('',*,*,#3363,.T.);
#2705=ORIENTED_EDGE('',*,*,#3368,.F.);
#2706=ORIENTED_EDGE('',*,*,#3369,.F.);
#2707=CARTESIAN_POINT('',(4.13500000000595,48.1570713201651,25.3275738574285));
#2708=DIRECTION('',(-1.0,-1.23404134869186E-13,1.23232073140437E-13));
#2709=DIRECTION('',(1.23404134869186E-13,-1.0,0.0));
#2710=SURFACE_STYLE_FILL_AREA(#3370);
#2711=ORIENTED_EDGE('',*,*,#3358,.F.);
#2712=ORIENTED_EDGE('',*,*,#3036,.T.);
#2713=ORIENTED_EDGE('',*,*,#3371,.F.);
#2714=ORIENTED_EDGE('',*,*,#3361,.F.);
#2715=CARTESIAN_POINT('',(5.49999999999928,55.2361474220908,38.9499999999951));
#2716=DIRECTION('',(1.12459997341849E-13,-0.996194698091759,-0.0871557427475047));
#2717=DIRECTION('',(0.0,-0.0871557427475047,0.996194698091759));
#2718=SURFACE_STYLE_FILL_AREA(#3372);
#2719=ORIENTED_EDGE('',*,*,#3373,.T.);
#2720=ORIENTED_EDGE('',*,*,#3368,.T.);
#2721=ORIENTED_EDGE('',*,*,#3362,.F.);
#2722=ORIENTED_EDGE('',*,*,#3371,.T.);
#2723=ORIENTED_EDGE('',*,*,#3035,.T.);
#2724=ORIENTED_EDGE('',*,*,#3374,.F.);
#2725=CARTESIAN_POINT('',(3.44999999999637,56.0219307122497,16.1999999999961));
#2726=DIRECTION('',(-1.34268868880077E-13,0.0871557427475046,-0.996194698091759));
#2727=DIRECTION('',(1.12459997341849E-13,-0.996194698091759,-0.0871557427475046));
#2728=SURFACE_STYLE_FILL_AREA(#3375);
#2729=ORIENTED_EDGE('',*,*,#3006,.F.);
#2730=ORIENTED_EDGE('',*,*,#3376,.F.);
#2731=ORIENTED_EDGE('',*,*,#3257,.F.);
#2732=ORIENTED_EDGE('',*,*,#3377,.T.);
#2733=ORIENTED_EDGE('',*,*,#3378,.F.);
#2734=ORIENTED_EDGE('',*,*,#3033,.T.);
#2735=ORIENTED_EDGE('',*,*,#3379,.T.);
#2736=CARTESIAN_POINT('',(3.24999999999862,54.5586701205991,32.9251450951625));
#2737=DIRECTION('',(-1.34268868880076E-13,0.0871557427475015,-0.996194698091759));
#2738=DIRECTION('',(-1.12459997341849E-13,0.996194698091759,0.0871557427475015));
#2739=SURFACE_STYLE_FILL_AREA(#3380);
#2740=ORIENTED_EDGE('',*,*,#3034,.F.);
#2741=ORIENTED_EDGE('',*,*,#3378,.T.);
#2742=ORIENTED_EDGE('',*,*,#3381,.T.);
#2743=ORIENTED_EDGE('',*,*,#3374,.T.);
#2744=CARTESIAN_POINT('',(1.24999999999902,56.1441896883569,37.7499999999838));
#2745=DIRECTION('',(-1.12459997341849E-13,0.996194698091759,0.0871557427475015));
#2746=DIRECTION('',(-1.0,0.0,-1.29033376111149E-12));
#2747=SURFACE_STYLE_FILL_AREA(#3382);
#2748=ORIENTED_EDGE('',*,*,#3032,.T.);
#2749=ORIENTED_EDGE('',*,*,#3007,.F.);
#2750=ORIENTED_EDGE('',*,*,#3379,.F.);
#2751=CARTESIAN_POINT('',(1.24999999999867,54.1595295900001,32.9251450951628));
#2752=DIRECTION('',(1.0,1.23734356094474E-13,-1.23956400699399E-13));
#2753=DIRECTION('',(-1.23956400699399E-13,0.0,-1.0));
#2754=SURFACE_STYLE_FILL_AREA(#3383);
#2755=ORIENTED_EDGE('',*,*,#3373,.F.);
#2756=ORIENTED_EDGE('',*,*,#3381,.F.);
#2757=ORIENTED_EDGE('',*,*,#3377,.F.);
#2758=ORIENTED_EDGE('',*,*,#3259,.T.);
#2759=ORIENTED_EDGE('',*,*,#3003,.T.);
#2760=ORIENTED_EDGE('',*,*,#3065,.F.);
#2761=ORIENTED_EDGE('',*,*,#3384,.T.);
#2762=ORIENTED_EDGE('',*,*,#3369,.T.);
#2763=CARTESIAN_POINT('',(1.24999999999691,57.517619983623,22.0516198908672));
#2764=DIRECTION('',(-1.56125561442878E-13,0.309016994374806,-0.9510565162952));
#2765=DIRECTION('',(-1.0,0.0,1.64160130095169E-13));
#2766=SURFACE_STYLE_FILL_AREA(#3385);
#2767=ORIENTED_EDGE('',*,*,#3384,.F.);
#2768=ORIENTED_EDGE('',*,*,#3064,.F.);
#2769=ORIENTED_EDGE('',*,*,#3030,.F.);
#2770=ORIENTED_EDGE('',*,*,#3386,.T.);
#2771=ORIENTED_EDGE('',*,*,#3364,.F.);
#2772=ORIENTED_EDGE('',*,*,#3367,.T.);
#2773=CARTESIAN_POINT('',(3.44999999999598,59.1947181231565,16.1999999999957));
#2774=DIRECTION('',(1.56125561442812E-13,-0.309016994374014,0.951056516295457));
#2775=DIRECTION('',(-7.93737312757226E-14,0.951056516295457,0.309016994374014));
#2776=SURFACE_STYLE_FILL_AREA(#3387);
#2777=ORIENTED_EDGE('',*,*,#3356,.T.);
#2778=ORIENTED_EDGE('',*,*,#3365,.T.);
#2779=ORIENTED_EDGE('',*,*,#3386,.F.);
#2780=ORIENTED_EDGE('',*,*,#3029,.F.);
#2781=CARTESIAN_POINT('',(5.49999999999803,54.1747287590809,27.7666570496466));
#2782=DIRECTION('',(7.93737312757226E-14,-0.951056516295457,-0.309016994374014));
#2783=DIRECTION('',(0.0,-0.309016994374014,0.951056516295457));
#2784=SURFACE_STYLE_FILL_AREA(#3388);
#2785=ORIENTED_EDGE('',*,*,#3357,.T.);
#2786=ORIENTED_EDGE('',*,*,#3353,.F.);
#2787=ORIENTED_EDGE('',*,*,#3389,.T.);
#2788=ORIENTED_EDGE('',*,*,#3038,.T.);
#2789=CARTESIAN_POINT('',(0.5500000000329,58.0500000013342,37.649999999992));
#2790=DIRECTION('',(-1.23734356094493E-13,1.0,-1.582980087138E-13));
#2791=DIRECTION('',(0.0,-1.582980087138E-13,-1.0));
#2792=SURFACE_STYLE_FILL_AREA(#3390);
#2793=ORIENTED_EDGE('',*,*,#3039,.T.);
#2794=ORIENTED_EDGE('',*,*,#3389,.F.);
#2795=ORIENTED_EDGE('',*,*,#3352,.F.);
#2796=ORIENTED_EDGE('',*,*,#3067,.T.);
#2797=CARTESIAN_POINT('',(0.55000000003385,50.3752517690394,37.6499999999933));
#2798=DIRECTION('',(-1.0,-1.23734356094474E-13,1.23956400699399E-13));
#2799=DIRECTION('',(1.23734356094474E-13,-1.0,0.0));
#2800=SURFACE_STYLE_FILL_AREA(#3391);
#2801=ORIENTED_EDGE('',*,*,#3005,.T.);
#2802=ORIENTED_EDGE('',*,*,#3258,.T.);
#2803=ORIENTED_EDGE('',*,*,#3376,.T.);
#2804=CARTESIAN_POINT('',(2.56499999998774,48.1570713201649,25.3275738574287));
#2805=DIRECTION('',(1.55617228113563E-13,-0.207911690817747,0.978147600733808));
#2806=DIRECTION('',(1.0,7.4847752669173E-13,0.0));
#2807=SURFACE_STYLE_FILL_AREA(#3392);
#2808=ORIENTED_EDGE('',*,*,#3148,.T.);
#2809=ORIENTED_EDGE('',*,*,#3159,.T.);
#2810=ORIENTED_EDGE('',*,*,#3161,.T.);
#2811=ORIENTED_EDGE('',*,*,#3151,.T.);
#2812=ORIENTED_EDGE('',*,*,#3156,.F.);
#2813=ORIENTED_EDGE('',*,*,#3163,.T.);
#2814=ORIENTED_EDGE('',*,*,#3149,.F.);
#2815=ORIENTED_EDGE('',*,*,#3141,.F.);
#2816=CARTESIAN_POINT('',(3.54999999994877,13.1249999986583,41.2499999999919));
#2817=DIRECTION('',(1.23956400699399E-13,2.22044604940329E-16,1.0));
#2818=DIRECTION('',(3.55271367880053E-15,1.0,-2.22044604940769E-16));
#2819=SURFACE_STYLE_FILL_AREA(#3393);
#2820=FILL_AREA_STYLE('',(#3394));
#2821=EDGE_CURVE('',#3395,#3396,#3397,.T.);
#2822=EDGE_CURVE('',#3395,#3398,#3399,.T.);
#2823=EDGE_CURVE('',#3398,#3400,#3401,.T.);
#2824=EDGE_CURVE('',#3400,#3402,#3403,.T.);
#2825=EDGE_CURVE('',#3404,#3402,#3405,.T.);
#2826=EDGE_CURVE('',#3396,#3404,#3406,.T.);
#2827=FILL_AREA_STYLE('',(#3407));
#2828=EDGE_CURVE('',#3408,#3409,#3410,.T.);
#2829=EDGE_CURVE('',#3411,#3408,#3412,.T.);
#2830=EDGE_CURVE('',#3411,#3413,#3414,.T.);
#2831=EDGE_CURVE('',#3413,#3409,#3415,.T.);
#2832=FILL_AREA_STYLE('',(#3416));
#2833=EDGE_CURVE('',#3417,#3418,#3419,.T.);
#2834=EDGE_CURVE('',#3417,#3420,#3421,.T.);
#2835=EDGE_CURVE('',#3420,#3422,#3423,.T.);
#2836=EDGE_CURVE('',#3418,#3422,#3424,.T.);
#2837=FILL_AREA_STYLE('',(#3425));
#2838=EDGE_CURVE('',#3426,#3427,#3428,.T.);
#2839=EDGE_CURVE('',#3426,#3429,#3430,.T.);
#2840=EDGE_CURVE('',#3429,#3431,#3432,.T.);
#2841=EDGE_CURVE('',#3427,#3431,#3433,.T.);
#2842=FILL_AREA_STYLE('',(#3434));
#2843=EDGE_CURVE('',#3435,#3436,#3437,.T.);
#2844=EDGE_CURVE('',#3435,#3438,#3439,.T.);
#2845=EDGE_CURVE('',#3440,#3438,#3441,.T.);
#2846=EDGE_CURVE('',#3436,#3440,#3442,.T.);
#2847=FILL_AREA_STYLE('',(#3443));
#2848=EDGE_CURVE('',#3444,#3445,#3446,.T.);
#2849=EDGE_CURVE('',#3444,#3447,#3448,.T.);
#2850=EDGE_CURVE('',#3449,#3447,#3450,.T.);
#2851=EDGE_CURVE('',#3445,#3449,#3451,.T.);
#2852=FILL_AREA_STYLE('',(#3452));
#2853=EDGE_CURVE('',#3453,#3454,#3455,.T.);
#2854=EDGE_CURVE('',#3456,#3454,#3457,.T.);
#2855=EDGE_CURVE('',#3456,#3458,#3459,.T.);
#2856=EDGE_CURVE('',#3460,#3458,#3461,.T.);
#2857=EDGE_CURVE('',#3462,#3460,#3463,.T.);
#2858=EDGE_CURVE('',#3462,#3464,#3465,.T.);
#2859=EDGE_CURVE('',#3464,#3466,#3467,.T.);
#2860=EDGE_CURVE('',#3466,#3468,#3469,.T.);
#2861=EDGE_CURVE('',#3468,#3470,#3471,.T.);
#2862=EDGE_CURVE('',#3470,#3472,#3473,.T.);
#2863=EDGE_CURVE('',#3472,#3474,#3475,.T.);
#2864=EDGE_CURVE('',#3476,#3474,#3477,.T.);
#2865=EDGE_CURVE('',#3476,#3478,#3479,.T.);
#2866=EDGE_CURVE('',#3478,#3480,#3481,.T.);
#2867=EDGE_CURVE('',#3482,#3480,#3483,.T.);
#2868=EDGE_CURVE('',#3484,#3482,#3485,.T.);
#2869=EDGE_CURVE('',#3486,#3484,#3487,.T.);
#2870=EDGE_CURVE('',#3488,#3486,#3489,.T.);
#2871=EDGE_CURVE('',#3490,#3488,#3491,.T.);
#2872=EDGE_CURVE('',#3492,#3490,#3493,.T.);
#2873=EDGE_CURVE('',#3494,#3492,#3495,.T.);
#2874=EDGE_CURVE('',#3496,#3494,#3497,.T.);
#2875=EDGE_CURVE('',#3498,#3496,#3499,.T.);
#2876=EDGE_CURVE('',#3500,#3498,#3501,.T.);
#2877=EDGE_CURVE('',#3502,#3500,#3503,.T.);
#2878=EDGE_CURVE('',#3504,#3502,#3505,.T.);
#2879=EDGE_CURVE('',#3506,#3504,#3507,.T.);
#2880=EDGE_CURVE('',#3508,#3506,#3509,.T.);
#2881=EDGE_CURVE('',#3508,#3510,#3511,.T.);
#2882=EDGE_CURVE('',#3512,#3510,#3513,.T.);
#2883=EDGE_CURVE('',#3512,#3514,#3515,.T.);
#2884=EDGE_CURVE('',#3514,#3516,#3517,.T.);
#2885=EDGE_CURVE('',#3516,#3518,#3519,.T.);
#2886=EDGE_CURVE('',#3518,#3520,#3521,.T.);
#2887=EDGE_CURVE('',#3520,#3429,#3522,.T.);
#2888=EDGE_CURVE('',#3447,#3426,#3523,.T.);
#2889=EDGE_CURVE('',#3524,#3444,#3525,.T.);
#2890=EDGE_CURVE('',#3524,#3526,#3527,.T.);
#2891=EDGE_CURVE('',#3526,#3528,#3529,.T.);
#2892=EDGE_CURVE('',#3528,#3530,#3531,.T.);
#2893=EDGE_CURVE('',#3532,#3530,#3533,.T.);
#2894=EDGE_CURVE('',#3534,#3532,#3535,.T.);
#2895=EDGE_CURVE('',#3534,#3396,#3536,.T.);
#2896=EDGE_CURVE('',#3404,#3537,#3538,.T.);
#2897=EDGE_CURVE('',#3537,#3539,#3540,.T.);
#2898=EDGE_CURVE('',#3539,#3541,#3542,.T.);
#2899=EDGE_CURVE('',#3541,#3543,#3544,.T.);
#2900=EDGE_CURVE('',#3543,#3545,#3546,.T.);
#2901=EDGE_CURVE('',#3545,#3547,#3548,.T.);
#2902=EDGE_CURVE('',#3547,#3549,#3550,.T.);
#2903=EDGE_CURVE('',#3420,#3549,#3551,.T.);
#2904=EDGE_CURVE('',#3552,#3417,#3553,.T.);
#2905=EDGE_CURVE('',#3552,#3554,#3555,.T.);
#2906=EDGE_CURVE('',#3554,#3556,#3557,.T.);
#2907=EDGE_CURVE('',#3556,#3558,#3559,.T.);
#2908=EDGE_CURVE('',#3558,#3560,#3561,.T.);
#2909=EDGE_CURVE('',#3560,#3562,#3563,.T.);
#2910=EDGE_CURVE('',#3562,#3564,#3565,.T.);
#2911=EDGE_CURVE('',#3564,#3566,#3567,.T.);
#2912=EDGE_CURVE('',#3566,#3568,#3569,.T.);
#2913=EDGE_CURVE('',#3568,#3570,#3571,.T.);
#2914=EDGE_CURVE('',#3570,#3572,#3573,.T.);
#2915=EDGE_CURVE('',#3572,#3574,#3575,.T.);
#2916=EDGE_CURVE('',#3574,#3576,#3577,.T.);
#2917=EDGE_CURVE('',#3576,#3578,#3579,.T.);
#2918=EDGE_CURVE('',#3409,#3578,#3580,.T.);
#2919=EDGE_CURVE('',#3413,#3581,#3582,.T.);
#2920=EDGE_CURVE('',#3581,#3583,#3584,.T.);
#2921=EDGE_CURVE('',#3585,#3583,#3586,.T.);
#2922=EDGE_CURVE('',#3587,#3585,#3588,.T.);
#2923=EDGE_CURVE('',#3587,#3589,#3590,.T.);
#2924=EDGE_CURVE('',#3589,#3591,#3592,.T.);
#2925=EDGE_CURVE('',#3591,#3593,#3594,.T.);
#2926=EDGE_CURVE('',#3595,#3593,#3596,.T.);
#2927=EDGE_CURVE('',#3597,#3595,#3598,.T.);
#2928=EDGE_CURVE('',#3597,#3453,#3599,.T.);
#2929=FILL_AREA_STYLE('',(#3600));
#2930=EDGE_CURVE('',#3601,#3602,#3603,.T.);
#2931=EDGE_CURVE('',#3601,#3604,#3605,.T.);
#2932=EDGE_CURVE('',#3604,#3606,#3607,.T.);
#2933=EDGE_CURVE('',#3608,#3606,#3609,.T.);
#2934=EDGE_CURVE('',#3610,#3608,#3611,.T.);
#2935=EDGE_CURVE('',#3612,#3610,#3613,.T.);
#2936=EDGE_CURVE('',#3612,#3614,#3615,.T.);
#2937=EDGE_CURVE('',#3614,#3616,#3617,.T.);
#2938=EDGE_CURVE('',#3618,#3616,#3619,.T.);
#2939=EDGE_CURVE('',#3618,#3411,#3620,.T.);
#2940=EDGE_CURVE('',#3408,#3621,#3622,.T.);
#2941=EDGE_CURVE('',#3623,#3621,#3624,.T.);
#2942=EDGE_CURVE('',#3625,#3623,#3626,.T.);
#2943=EDGE_CURVE('',#3627,#3625,#3628,.T.);
#2944=EDGE_CURVE('',#3629,#3627,#3630,.T.);
#2945=EDGE_CURVE('',#3631,#3629,#3632,.T.);
#2946=EDGE_CURVE('',#3633,#3631,#3634,.T.);
#2947=EDGE_CURVE('',#3635,#3633,#3636,.T.);
#2948=EDGE_CURVE('',#3637,#3635,#3638,.T.);
#2949=EDGE_CURVE('',#3639,#3637,#3640,.T.);
#2950=EDGE_CURVE('',#3641,#3639,#3642,.T.);
#2951=EDGE_CURVE('',#3643,#3641,#3644,.T.);
#2952=EDGE_CURVE('',#3645,#3643,#3646,.T.);
#2953=EDGE_CURVE('',#3647,#3645,#3648,.T.);
#2954=EDGE_CURVE('',#3647,#3418,#3649,.T.);
#2955=EDGE_CURVE('',#3422,#3650,#3651,.T.);
#2956=EDGE_CURVE('',#3650,#3652,#3653,.T.);
#2957=EDGE_CURVE('',#3654,#3652,#3655,.T.);
#2958=EDGE_CURVE('',#3656,#3654,#3657,.T.);
#2959=EDGE_CURVE('',#3658,#3656,#3659,.T.);
#2960=EDGE_CURVE('',#3660,#3658,#3661,.T.);
#2961=EDGE_CURVE('',#3662,#3660,#3663,.T.);
#2962=EDGE_CURVE('',#3402,#3662,#3664,.T.);
#2963=EDGE_CURVE('',#3400,#3665,#3666,.T.);
#2964=EDGE_CURVE('',#3667,#3665,#3668,.T.);
#2965=EDGE_CURVE('',#3667,#3669,#3670,.T.);
#2966=EDGE_CURVE('',#3669,#3671,#3672,.T.);
#2967=EDGE_CURVE('',#3671,#3436,#3673,.T.);
#2968=EDGE_CURVE('',#3440,#3674,#3675,.T.);
#2969=EDGE_CURVE('',#3676,#3674,#3677,.T.);
#2970=EDGE_CURVE('',#3678,#3676,#3679,.T.);
#2971=EDGE_CURVE('',#3680,#3678,#3681,.T.);
#2972=EDGE_CURVE('',#3682,#3680,#3683,.T.);
#2973=EDGE_CURVE('',#3684,#3682,#3685,.T.);
#2974=EDGE_CURVE('',#3686,#3684,#3687,.T.);
#2975=EDGE_CURVE('',#3688,#3686,#3689,.T.);
#2976=EDGE_CURVE('',#3690,#3688,#3691,.T.);
#2977=EDGE_CURVE('',#3692,#3690,#3693,.T.);
#2978=EDGE_CURVE('',#3694,#3692,#3695,.T.);
#2979=EDGE_CURVE('',#3696,#3694,#3697,.T.);
#2980=EDGE_CURVE('',#3698,#3696,#3699,.T.);
#2981=EDGE_CURVE('',#3700,#3698,#3701,.T.);
#2982=EDGE_CURVE('',#3700,#3702,#3703,.T.);
#2983=EDGE_CURVE('',#3704,#3702,#3705,.T.);
#2984=EDGE_CURVE('',#3704,#3706,#3707,.T.);
#2985=EDGE_CURVE('',#3706,#3708,#3709,.T.);
#2986=EDGE_CURVE('',#3710,#3708,#3711,.T.);
#2987=EDGE_CURVE('',#3712,#3710,#3713,.T.);
#2988=EDGE_CURVE('',#3714,#3712,#3715,.T.);
#2989=EDGE_CURVE('',#3716,#3714,#3717,.T.);
#2990=EDGE_CURVE('',#3718,#3716,#3719,.T.);
#2991=EDGE_CURVE('',#3720,#3718,#3721,.T.);
#2992=EDGE_CURVE('',#3720,#3722,#3723,.T.);
#2993=EDGE_CURVE('',#3722,#3724,#3725,.T.);
#2994=EDGE_CURVE('',#3726,#3724,#3727,.T.);
#2995=EDGE_CURVE('',#3726,#3728,#3729,.T.);
#2996=EDGE_CURVE('',#3602,#3728,#3730,.T.);
#2997=FILL_AREA_STYLE('',(#3731));
#2998=EDGE_CURVE('',#3604,#3595,#3732,.T.);
#2999=EDGE_CURVE('',#3601,#3597,#3733,.T.);
#3000=FILL_AREA_STYLE('',(#3734));
#3001=EDGE_CURVE('',#3606,#3593,#3735,.T.);
#3002=FILL_AREA_STYLE('',(#3736));
#3003=EDGE_CURVE('',#3737,#3738,#3739,.T.);
#3004=EDGE_CURVE('',#3737,#3740,#3741,.T.);
#3005=EDGE_CURVE('',#3742,#3740,#3743,.T.);
#3006=EDGE_CURVE('',#3742,#3744,#3745,.T.);
#3007=EDGE_CURVE('',#3744,#3746,#3747,.T.);
#3008=EDGE_CURVE('',#3748,#3746,#3749,.T.);
#3009=EDGE_CURVE('',#3738,#3748,#3750,.T.);
#3010=FILL_AREA_STYLE('',(#3751));
#3011=EDGE_CURVE('',#3752,#3753,#3754,.T.);
#3012=EDGE_CURVE('',#3752,#3755,#3756,.T.);
#3013=EDGE_CURVE('',#3454,#3755,#3757,.T.);
#3014=EDGE_CURVE('',#3453,#3758,#3759,.T.);
#3015=EDGE_CURVE('',#3753,#3758,#3760,.T.);
#3016=FILL_AREA_STYLE('',(#3761));
#3017=EDGE_CURVE('',#3762,#3763,#3764,.T.);
#3018=EDGE_CURVE('',#3762,#3765,#3766,.T.);
#3019=EDGE_CURVE('',#3765,#3767,#3768,.T.);
#3020=EDGE_CURVE('',#3767,#3769,#3770,.T.);
#3021=EDGE_CURVE('',#3769,#3771,#3772,.T.);
#3022=EDGE_CURVE('',#3771,#3763,#3773,.T.);
#3023=FILL_AREA_STYLE('',(#3774));
#3024=EDGE_CURVE('',#3775,#3771,#3776,.T.);
#3025=EDGE_CURVE('',#3769,#3777,#3778,.T.);
#3026=EDGE_CURVE('',#3777,#3775,#3779,.T.);
#3027=FILL_AREA_STYLE('',(#3780));
#3028=EDGE_CURVE('',#3753,#3781,#3782,.T.);
#3029=EDGE_CURVE('',#3781,#3783,#3784,.T.);
#3030=EDGE_CURVE('',#3783,#3785,#3786,.T.);
#3031=EDGE_CURVE('',#3785,#3748,#3787,.T.);
#3032=EDGE_CURVE('',#3788,#3746,#3789,.T.);
#3033=EDGE_CURVE('',#3790,#3788,#3791,.T.);
#3034=EDGE_CURVE('',#3790,#3792,#3793,.T.);
#3035=EDGE_CURVE('',#3794,#3792,#3795,.T.);
#3036=EDGE_CURVE('',#3796,#3794,#3797,.T.);
#3037=EDGE_CURVE('',#3796,#3798,#3799,.T.);
#3038=EDGE_CURVE('',#3800,#3798,#3801,.T.);
#3039=EDGE_CURVE('',#3802,#3800,#3803,.T.);
#3040=EDGE_CURVE('',#3763,#3802,#3804,.T.);
#3041=EDGE_CURVE('',#3775,#3752,#3805,.T.);
#3042=EDGE_CURVE('',#3806,#3807,#3808,.T.);
#3043=EDGE_CURVE('',#3806,#3809,#3810,.T.);
#3044=EDGE_CURVE('',#3809,#3811,#3812,.T.);
#3045=EDGE_CURVE('',#3811,#3807,#3813,.T.);
#3046=FILL_AREA_STYLE('',(#3814));
#3047=EDGE_CURVE('',#3815,#3809,#3816,.T.);
#3048=EDGE_CURVE('',#3817,#3815,#3818,.T.);
#3049=EDGE_CURVE('',#3817,#3819,#3820,.T.);
#3050=EDGE_CURVE('',#3811,#3819,#3821,.T.);
#3051=FILL_AREA_STYLE('',(#3822));
#3052=EDGE_CURVE('',#3807,#3823,#3824,.T.);
#3053=EDGE_CURVE('',#3825,#3823,#3826,.T.);
#3054=EDGE_CURVE('',#3825,#3827,#3828,.T.);
#3055=EDGE_CURVE('',#3827,#3806,#3829,.T.);
#3056=FILL_AREA_STYLE('',(#3830));
#3057=EDGE_CURVE('',#3815,#3827,#3831,.T.);
#3058=FILL_AREA_STYLE('',(#3832));
#3059=EDGE_CURVE('',#3825,#3817,#3833,.T.);
#3060=FILL_AREA_STYLE('',(#3834));
#3061=EDGE_CURVE('',#3823,#3819,#3835,.T.);
#3062=FILL_AREA_STYLE('',(#3836));
#3063=FILL_AREA_STYLE('',(#3837));
#3064=EDGE_CURVE('',#3785,#3838,#3839,.T.);
#3065=EDGE_CURVE('',#3838,#3738,#3840,.T.);
#3066=FILL_AREA_STYLE('',(#3841));
#3067=EDGE_CURVE('',#3842,#3802,#3843,.T.);
#3068=EDGE_CURVE('',#3602,#3842,#3844,.T.);
#3069=EDGE_CURVE('',#3728,#3762,#3845,.T.);
#3070=FILL_AREA_STYLE('',(#3846));
#3071=EDGE_CURVE('',#3726,#3456,#3847,.T.);
#3072=EDGE_CURVE('',#3724,#3458,#3848,.T.);
#3073=FILL_AREA_STYLE('',(#3849));
#3074=EDGE_CURVE('',#3850,#3777,#3851,.T.);
#3075=EDGE_CURVE('',#3852,#3850,#3853,.T.);
#3076=EDGE_CURVE('',#3755,#3852,#3854,.T.);
#3077=FILL_AREA_STYLE('',(#3855));
#3078=EDGE_CURVE('',#3765,#3852,#3856,.T.);
#3079=FILL_AREA_STYLE('',(#3857));
#3080=EDGE_CURVE('',#3850,#3767,#3858,.T.);
#3081=FILL_AREA_STYLE('',(#3859));
#3082=FILL_AREA_STYLE('',(#3860));
#3083=EDGE_CURVE('',#3460,#3722,#3861,.T.);
#3084=FILL_AREA_STYLE('',(#3862));
#3085=EDGE_CURVE('',#3462,#3720,#3863,.T.);
#3086=FILL_AREA_STYLE('',(#3864));
#3087=EDGE_CURVE('',#3464,#3718,#3865,.T.);
#3088=FILL_AREA_STYLE('',(#3866));
#3089=EDGE_CURVE('',#3466,#3716,#3867,.T.);
#3090=FILL_AREA_STYLE('',(#3868));
#3091=EDGE_CURVE('',#3714,#3468,#3869,.T.);
#3092=FILL_AREA_STYLE('',(#3870));
#3093=EDGE_CURVE('',#3712,#3470,#3871,.T.);
#3094=EDGE_CURVE('',#3710,#3472,#3872,.T.);
#3095=FILL_AREA_STYLE('',(#3873));
#3096=EDGE_CURVE('',#3874,#3875,#3876,.T.);
#3097=EDGE_CURVE('',#3875,#3877,#3878,.T.);
#3098=EDGE_CURVE('',#3877,#3879,#3880,.T.);
#3099=EDGE_CURVE('',#3879,#3874,#3881,.T.);
#3100=FILL_AREA_STYLE('',(#3882));
#3101=EDGE_CURVE('',#3883,#3884,#3885,.T.);
#3102=EDGE_CURVE('',#3884,#3874,#3886,.T.);
#3103=EDGE_CURVE('',#3883,#3879,#3887,.T.);
#3104=FILL_AREA_STYLE('',(#3888));
#3105=EDGE_CURVE('',#3884,#3889,#3890,.T.);
#3106=EDGE_CURVE('',#3889,#3875,#3891,.T.);
#3107=FILL_AREA_STYLE('',(#3892));
#3108=EDGE_CURVE('',#3889,#3893,#3894,.T.);
#3109=EDGE_CURVE('',#3893,#3877,#3895,.T.);
#3110=FILL_AREA_STYLE('',(#3896));
#3111=EDGE_CURVE('',#3474,#3708,#3897,.T.);
#3112=EDGE_CURVE('',#3883,#3706,#3898,.T.);
#3113=EDGE_CURVE('',#3476,#3893,#3899,.T.);
#3114=FILL_AREA_STYLE('',(#3900));
#3115=FILL_AREA_STYLE('',(#3901));
#3116=EDGE_CURVE('',#3902,#3704,#3903,.T.);
#3117=EDGE_CURVE('',#3904,#3902,#3905,.T.);
#3118=EDGE_CURVE('',#3906,#3904,#3907,.T.);
#3119=EDGE_CURVE('',#3908,#3906,#3909,.T.);
#3120=EDGE_CURVE('',#3478,#3908,#3910,.T.);
#3121=FILL_AREA_STYLE('',(#3911));
#3122=EDGE_CURVE('',#3504,#3678,#3912,.T.);
#3123=EDGE_CURVE('',#3676,#3506,#3913,.T.);
#3124=FILL_AREA_STYLE('',(#3914));
#3125=EDGE_CURVE('',#3500,#3682,#3915,.T.);
#3126=EDGE_CURVE('',#3502,#3680,#3916,.T.);
#3127=FILL_AREA_STYLE('',(#3917));
#3128=EDGE_CURVE('',#3498,#3684,#3918,.T.);
#3129=FILL_AREA_STYLE('',(#3919));
#3130=EDGE_CURVE('',#3688,#3494,#3920,.T.);
#3131=EDGE_CURVE('',#3686,#3496,#3921,.T.);
#3132=FILL_AREA_STYLE('',(#3922));
#3133=EDGE_CURVE('',#3690,#3492,#3923,.T.);
#3134=FILL_AREA_STYLE('',(#3924));
#3135=EDGE_CURVE('',#3490,#3692,#3925,.T.);
#3136=FILL_AREA_STYLE('',(#3926));
#3137=EDGE_CURVE('',#3488,#3694,#3927,.T.);
#3138=FILL_AREA_STYLE('',(#3928));
#3139=EDGE_CURVE('',#3486,#3696,#3929,.T.);
#3140=EDGE_CURVE('',#3930,#3931,#3932,.T.);
#3141=EDGE_CURVE('',#3931,#3930,#3933,.T.);
#3142=FILL_AREA_STYLE('',(#3934));
#3143=EDGE_CURVE('',#3935,#3936,#3937,.T.);
#3144=EDGE_CURVE('',#3936,#3938,#3939,.T.);
#3145=EDGE_CURVE('',#3938,#3940,#3941,.T.);
#3146=EDGE_CURVE('',#3942,#3940,#3943,.T.);
#3147=EDGE_CURVE('',#3942,#3944,#3945,.T.);
#3148=EDGE_CURVE('',#3931,#3944,#3946,.T.);
#3149=EDGE_CURVE('',#3930,#3935,#3947,.T.);
#3150=FILL_AREA_STYLE('',(#3948));
#3151=EDGE_CURVE('',#3949,#3950,#3951,.T.);
#3152=EDGE_CURVE('',#3940,#3949,#3952,.T.);
#3153=EDGE_CURVE('',#3950,#3938,#3953,.T.);
#3154=FILL_AREA_STYLE('',(#3954));
#3155=EDGE_CURVE('',#3955,#3936,#3956,.T.);
#3156=EDGE_CURVE('',#3955,#3950,#3957,.T.);
#3157=FILL_AREA_STYLE('',(#3958));
#3158=EDGE_CURVE('',#3942,#3959,#3960,.T.);
#3159=EDGE_CURVE('',#3944,#3959,#3961,.T.);
#3160=FILL_AREA_STYLE('',(#3962));
#3161=EDGE_CURVE('',#3959,#3949,#3963,.T.);
#3162=FILL_AREA_STYLE('',(#3964));
#3163=EDGE_CURVE('',#3955,#3935,#3965,.T.);
#3164=FILL_AREA_STYLE('',(#3966));
#3165=EDGE_CURVE('',#3700,#3482,#3967,.T.);
#3166=EDGE_CURVE('',#3484,#3698,#3968,.T.);
#3167=FILL_AREA_STYLE('',(#3969));
#3168=FILL_AREA_STYLE('',(#3970));
#3169=FILL_AREA_STYLE('',(#3971));
#3170=FILL_AREA_STYLE('',(#3972));
#3171=EDGE_CURVE('',#3674,#3508,#3973,.T.);
#3172=FILL_AREA_STYLE('',(#3974));
#3173=EDGE_CURVE('',#3438,#3975,#3976,.T.);
#3174=EDGE_CURVE('',#3977,#3975,#3978,.T.);
#3175=EDGE_CURVE('',#3977,#3979,#3980,.T.);
#3176=EDGE_CURVE('',#3510,#3979,#3981,.T.);
#3177=FILL_AREA_STYLE('',(#3982));
#3178=EDGE_CURVE('',#3983,#3445,#3984,.T.);
#3179=EDGE_CURVE('',#3985,#3983,#3986,.T.);
#3180=EDGE_CURVE('',#3985,#3435,#3987,.T.);
#3181=EDGE_CURVE('',#3671,#3524,#3988,.T.);
#3182=FILL_AREA_STYLE('',(#3989));
#3183=EDGE_CURVE('',#3669,#3526,#3990,.T.);
#3184=FILL_AREA_STYLE('',(#3991));
#3185=EDGE_CURVE('',#3528,#3667,#3992,.T.);
#3186=FILL_AREA_STYLE('',(#3993));
#3187=EDGE_CURVE('',#3449,#3427,#3994,.T.);
#3188=FILL_AREA_STYLE('',(#3995));
#3189=EDGE_CURVE('',#3520,#3996,#3997,.T.);
#3190=EDGE_CURVE('',#3996,#3431,#3998,.T.);
#3191=FILL_AREA_STYLE('',(#3999));
#3192=EDGE_CURVE('',#3518,#4000,#4001,.T.);
#3193=EDGE_CURVE('',#4000,#3996,#4002,.T.);
#3194=FILL_AREA_STYLE('',(#4003));
#3195=EDGE_CURVE('',#3516,#4004,#4005,.T.);
#3196=EDGE_CURVE('',#4004,#4000,#4006,.T.);
#3197=FILL_AREA_STYLE('',(#4007));
#3198=EDGE_CURVE('',#3514,#4008,#4009,.T.);
#3199=EDGE_CURVE('',#4008,#4004,#4010,.T.);
#3200=FILL_AREA_STYLE('',(#4011));
#3201=EDGE_CURVE('',#3512,#4012,#4013,.T.);
#3202=EDGE_CURVE('',#4012,#4008,#4014,.T.);
#3203=FILL_AREA_STYLE('',(#4015));
#3204=EDGE_CURVE('',#4012,#3979,#4016,.T.);
#3205=FILL_AREA_STYLE('',(#4017));
#3206=EDGE_CURVE('',#4018,#3983,#4019,.T.);
#3207=EDGE_CURVE('',#4020,#3977,#4021,.T.);
#3208=EDGE_CURVE('',#4020,#4022,#4023,.T.);
#3209=EDGE_CURVE('',#4022,#4018,#4024,.T.);
#3210=FILL_AREA_STYLE('',(#4025));
#3211=EDGE_CURVE('',#4026,#4027,#4028,.T.);
#3212=EDGE_CURVE('',#4029,#4026,#4030,.T.);
#3213=EDGE_CURVE('',#4029,#4031,#4032,.T.);
#3214=EDGE_CURVE('',#4031,#4033,#4034,.T.);
#3215=EDGE_CURVE('',#4027,#4033,#4035,.T.);
#3216=FILL_AREA_STYLE('',(#4036));
#3217=EDGE_CURVE('',#4029,#4037,#4038,.T.);
#3218=EDGE_CURVE('',#4039,#4037,#4040,.T.);
#3219=EDGE_CURVE('',#4039,#4041,#4042,.T.);
#3220=EDGE_CURVE('',#4043,#4041,#4044,.T.);
#3221=EDGE_CURVE('',#4043,#4031,#4045,.T.);
#3222=FILL_AREA_STYLE('',(#4046));
#3223=EDGE_CURVE('',#4041,#4047,#4048,.T.);
#3224=EDGE_CURVE('',#4039,#4049,#4050,.T.);
#3225=EDGE_CURVE('',#4049,#4047,#4051,.T.);
#3226=FILL_AREA_STYLE('',(#4052));
#3227=EDGE_CURVE('',#3985,#4053,#4054,.T.);
#3228=EDGE_CURVE('',#4018,#4047,#4055,.T.);
#3229=EDGE_CURVE('',#4049,#4056,#4057,.T.);
#3230=EDGE_CURVE('',#4056,#4058,#4059,.T.);
#3231=EDGE_CURVE('',#4058,#4053,#4060,.T.);
#3232=FILL_AREA_STYLE('',(#4061));
#3233=EDGE_CURVE('',#4027,#4062,#4063,.T.);
#3234=EDGE_CURVE('',#4064,#4062,#4065,.T.);
#3235=EDGE_CURVE('',#4026,#4064,#4066,.T.);
#3236=FILL_AREA_STYLE('',(#4067));
#3237=EDGE_CURVE('',#4068,#4064,#4069,.T.);
#3238=EDGE_CURVE('',#4068,#4070,#4071,.T.);
#3239=EDGE_CURVE('',#4070,#4037,#4072,.T.);
#3240=FILL_AREA_STYLE('',(#4073));
#3241=EDGE_CURVE('',#4070,#4049,#4074,.T.);
#3242=FILL_AREA_STYLE('',(#4075));
#3243=EDGE_CURVE('',#4068,#4056,#4076,.T.);
#3244=FILL_AREA_STYLE('',(#4077));
#3245=EDGE_CURVE('',#4062,#4056,#4078,.T.);
#3246=FILL_AREA_STYLE('',(#4079));
#3247=EDGE_CURVE('',#4058,#4062,#4080,.T.);
#3248=FILL_AREA_STYLE('',(#4081));
#3249=EDGE_CURVE('',#4033,#4082,#4083,.T.);
#3250=EDGE_CURVE('',#4053,#4082,#4084,.T.);
#3251=FILL_AREA_STYLE('',(#4085));
#3252=EDGE_CURVE('',#4082,#4086,#4087,.T.);
#3253=EDGE_CURVE('',#3975,#4086,#4088,.T.);
#3254=FILL_AREA_STYLE('',(#4089));
#3255=EDGE_CURVE('',#4020,#4086,#4090,.T.);
#3256=FILL_AREA_STYLE('',(#4091));
#3257=EDGE_CURVE('',#4092,#4093,#4094,.T.);
#3258=EDGE_CURVE('',#3740,#4093,#4095,.T.);
#3259=EDGE_CURVE('',#4092,#3737,#4096,.T.);
#3260=FILL_AREA_STYLE('',(#4097));
#3261=EDGE_CURVE('',#4043,#4022,#4098,.T.);
#3262=FILL_AREA_STYLE('',(#4099));
#3263=FILL_AREA_STYLE('',(#4100));
#3264=EDGE_CURVE('',#3662,#3537,#4101,.T.);
#3265=EDGE_CURVE('',#3660,#3539,#4102,.T.);
#3266=FILL_AREA_STYLE('',(#4103));
#3267=EDGE_CURVE('',#3541,#3658,#4104,.T.);
#3268=FILL_AREA_STYLE('',(#4105));
#3269=EDGE_CURVE('',#3543,#3656,#4106,.T.);
#3270=FILL_AREA_STYLE('',(#4107));
#3271=EDGE_CURVE('',#3545,#3654,#4108,.T.);
#3272=FILL_AREA_STYLE('',(#4109));
#3273=EDGE_CURVE('',#3547,#3652,#4110,.T.);
#3274=FILL_AREA_STYLE('',(#4111));
#3275=EDGE_CURVE('',#3549,#3650,#4112,.T.);
#3276=FILL_AREA_STYLE('',(#4113));
#3277=EDGE_CURVE('',#3591,#3608,#4114,.T.);
#3278=FILL_AREA_STYLE('',(#4115));
#3279=EDGE_CURVE('',#3589,#3610,#4116,.T.);
#3280=FILL_AREA_STYLE('',(#4117));
#3281=EDGE_CURVE('',#3587,#3612,#4118,.T.);
#3282=FILL_AREA_STYLE('',(#4119));
#3283=EDGE_CURVE('',#3618,#3581,#4120,.T.);
#3284=EDGE_CURVE('',#3616,#3583,#4121,.T.);
#3285=FILL_AREA_STYLE('',(#4122));
#3286=FILL_AREA_STYLE('',(#4123));
#3287=EDGE_CURVE('',#3585,#3614,#4124,.T.);
#3288=FILL_AREA_STYLE('',(#4125));
#3289=FILL_AREA_STYLE('',(#4126));
#3290=EDGE_CURVE('',#3623,#3576,#4127,.T.);
#3291=EDGE_CURVE('',#3621,#3578,#4128,.T.);
#3292=FILL_AREA_STYLE('',(#4129));
#3293=EDGE_CURVE('',#3629,#3570,#4130,.T.);
#3294=EDGE_CURVE('',#3627,#3572,#4131,.T.);
#3295=FILL_AREA_STYLE('',(#4132));
#3296=EDGE_CURVE('',#3633,#3566,#4133,.T.);
#3297=EDGE_CURVE('',#3631,#3568,#4134,.T.);
#3298=FILL_AREA_STYLE('',(#4135));
#3299=FILL_AREA_STYLE('',(#4136));
#3300=EDGE_CURVE('',#3552,#3647,#4137,.T.);
#3301=FILL_AREA_STYLE('',(#4138));
#3302=EDGE_CURVE('',#3645,#3554,#4139,.T.);
#3303=FILL_AREA_STYLE('',(#4140));
#3304=EDGE_CURVE('',#3643,#3556,#4141,.T.);
#3305=FILL_AREA_STYLE('',(#4142));
#3306=EDGE_CURVE('',#3558,#3641,#4143,.T.);
#3307=FILL_AREA_STYLE('',(#4144));
#3308=EDGE_CURVE('',#3560,#3639,#4145,.T.);
#3309=FILL_AREA_STYLE('',(#4146));
#3310=EDGE_CURVE('',#3562,#3637,#4147,.T.);
#3311=FILL_AREA_STYLE('',(#4148));
#3312=EDGE_CURVE('',#3564,#3635,#4149,.T.);
#3313=FILL_AREA_STYLE('',(#4150));
#3314=FILL_AREA_STYLE('',(#4151));
#3315=FILL_AREA_STYLE('',(#4152));
#3316=EDGE_CURVE('',#3625,#3574,#4153,.T.);
#3317=FILL_AREA_STYLE('',(#4154));
#3318=FILL_AREA_STYLE('',(#4155));
#3319=FILL_AREA_STYLE('',(#4156));
#3320=EDGE_CURVE('',#4157,#3665,#4158,.T.);
#3321=EDGE_CURVE('',#4159,#4157,#4160,.T.);
#3322=EDGE_CURVE('',#4159,#3530,#4161,.T.);
#3323=FILL_AREA_STYLE('',(#4162));
#3324=EDGE_CURVE('',#4159,#4163,#4164,.T.);
#3325=EDGE_CURVE('',#3532,#4163,#4165,.T.);
#3326=FILL_AREA_STYLE('',(#4166));
#3327=EDGE_CURVE('',#4163,#4167,#4168,.T.);
#3328=EDGE_CURVE('',#3534,#4167,#4169,.T.);
#3329=FILL_AREA_STYLE('',(#4170));
#3330=EDGE_CURVE('',#4167,#3395,#4171,.T.);
#3331=EDGE_CURVE('',#4157,#3398,#4172,.T.);
#3332=FILL_AREA_STYLE('',(#4173));
#3333=FILL_AREA_STYLE('',(#4174));
#3334=FILL_AREA_STYLE('',(#4175));
#3335=FILL_AREA_STYLE('',(#4176));
#3336=EDGE_CURVE('',#3480,#3702,#4177,.T.);
#3337=EDGE_CURVE('',#3908,#4178,#4179,.T.);
#3338=EDGE_CURVE('',#4180,#4178,#4181,.T.);
#3339=EDGE_CURVE('',#3902,#4180,#4182,.T.);
#3340=FILL_AREA_STYLE('',(#4183));
#3341=FILL_AREA_STYLE('',(#4184));
#3342=EDGE_CURVE('',#4185,#4178,#4186,.T.);
#3343=EDGE_CURVE('',#4187,#4185,#4188,.T.);
#3344=EDGE_CURVE('',#4180,#4187,#4189,.T.);
#3345=FILL_AREA_STYLE('',(#4190));
#3346=EDGE_CURVE('',#3904,#4187,#4191,.T.);
#3347=FILL_AREA_STYLE('',(#4192));
#3348=EDGE_CURVE('',#3906,#4185,#4193,.T.);
#3349=FILL_AREA_STYLE('',(#4194));
#3350=FILL_AREA_STYLE('',(#4195));
#3351=FILL_AREA_STYLE('',(#4196));
#3352=EDGE_CURVE('',#3842,#4197,#4198,.T.);
#3353=EDGE_CURVE('',#4197,#4199,#4200,.T.);
#3354=EDGE_CURVE('',#3758,#4199,#4201,.T.);
#3355=FILL_AREA_STYLE('',(#4202));
#3356=EDGE_CURVE('',#3781,#4203,#4204,.T.);
#3357=EDGE_CURVE('',#3798,#4199,#4205,.T.);
#3358=EDGE_CURVE('',#3796,#4206,#4207,.T.);
#3359=EDGE_CURVE('',#4206,#4203,#4208,.T.);
#3360=FILL_AREA_STYLE('',(#4209));
#3361=EDGE_CURVE('',#4206,#4210,#4211,.T.);
#3362=EDGE_CURVE('',#4210,#4212,#4213,.T.);
#3363=EDGE_CURVE('',#4214,#4212,#4215,.T.);
#3364=EDGE_CURVE('',#4214,#4216,#4217,.T.);
#3365=EDGE_CURVE('',#4203,#4216,#4218,.T.);
#3366=FILL_AREA_STYLE('',(#4219));
#3367=EDGE_CURVE('',#4214,#4220,#4221,.T.);
#3368=EDGE_CURVE('',#4222,#4212,#4223,.T.);
#3369=EDGE_CURVE('',#4220,#4222,#4224,.T.);
#3370=FILL_AREA_STYLE('',(#4225));
#3371=EDGE_CURVE('',#4210,#3794,#4226,.T.);
#3372=FILL_AREA_STYLE('',(#4227));
#3373=EDGE_CURVE('',#4228,#4222,#4229,.T.);
#3374=EDGE_CURVE('',#4228,#3792,#4230,.T.);
#3375=FILL_AREA_STYLE('',(#4231));
#3376=EDGE_CURVE('',#4093,#3742,#4232,.T.);
#3377=EDGE_CURVE('',#4092,#4233,#4234,.T.);
#3378=EDGE_CURVE('',#3790,#4233,#4235,.T.);
#3379=EDGE_CURVE('',#3788,#3744,#4236,.T.);
#3380=FILL_AREA_STYLE('',(#4237));
#3381=EDGE_CURVE('',#4233,#4228,#4238,.T.);
#3382=FILL_AREA_STYLE('',(#4239));
#3383=FILL_AREA_STYLE('',(#4240));
#3384=EDGE_CURVE('',#3838,#4220,#4241,.T.);
#3385=FILL_AREA_STYLE('',(#4242));
#3386=EDGE_CURVE('',#3783,#4216,#4243,.T.);
#3387=FILL_AREA_STYLE('',(#4244));
#3388=FILL_AREA_STYLE('',(#4245));
#3389=EDGE_CURVE('',#4197,#3800,#4246,.T.);
#3390=FILL_AREA_STYLE('',(#4247));
#3391=FILL_AREA_STYLE('',(#4248));
#3392=FILL_AREA_STYLE('',(#4249));
#3393=FILL_AREA_STYLE('',(#4250));
#3394=FILL_AREA_STYLE_COLOUR('',#4251);
#3395=VERTEX_POINT('',#4252);
#3396=VERTEX_POINT('',#4253);
#3397=LINE('',#4254,#4255);
#3398=VERTEX_POINT('',#4256);
#3399=CIRCLE('',#4257,0.899999999999826);
#3400=VERTEX_POINT('',#4258);
#3401=LINE('',#4259,#4260);
#3402=VERTEX_POINT('',#4261);
#3403=CIRCLE('',#4262,0.899999999999826);
#3404=VERTEX_POINT('',#4263);
#3405=LINE('',#4264,#4265);
#3406=CIRCLE('',#4266,0.899999999999826);
#3407=FILL_AREA_STYLE_COLOUR('',#4267);
#3408=VERTEX_POINT('',#4268);
#3409=VERTEX_POINT('',#4269);
#3410=LINE('',#4270,#4271);
#3411=VERTEX_POINT('',#4272);
#3412=CIRCLE('',#4273,15.0);
#3413=VERTEX_POINT('',#4274);
#3414=LINE('',#4275,#4276);
#3415=CIRCLE('',#4277,15.0);
#3416=FILL_AREA_STYLE_COLOUR('',#4278);
#3417=VERTEX_POINT('',#4279);
#3418=VERTEX_POINT('',#4280);
#3419=LINE('',#4281,#4282);
#3420=VERTEX_POINT('',#4283);
#3421=CIRCLE('',#4284,0.700000000000186);
#3422=VERTEX_POINT('',#4285);
#3423=LINE('',#4286,#4287);
#3424=CIRCLE('',#4288,0.700000000000186);
#3425=FILL_AREA_STYLE_COLOUR('',#4289);
#3426=VERTEX_POINT('',#4290);
#3427=VERTEX_POINT('',#4291);
#3428=LINE('',#4292,#4293);
#3429=VERTEX_POINT('',#4294);
#3430=CIRCLE('',#4295,1.0);
#3431=VERTEX_POINT('',#4296);
#3432=LINE('',#4297,#4298);
#3433=CIRCLE('',#4299,1.0);
#3434=FILL_AREA_STYLE_COLOUR('',#4300);
#3435=VERTEX_POINT('',#4301);
#3436=VERTEX_POINT('',#4302);
#3437=LINE('',#4303,#4304);
#3438=VERTEX_POINT('',#4305);
#3439=CIRCLE('',#4306,15.0);
#3440=VERTEX_POINT('',#4307);
#3441=LINE('',#4308,#4309);
#3442=CIRCLE('',#4310,15.0);
#3443=FILL_AREA_STYLE_COLOUR('',#4311);
#3444=VERTEX_POINT('',#4312);
#3445=VERTEX_POINT('',#4313);
#3446=LINE('',#4314,#4315);
#3447=VERTEX_POINT('',#4316);
#3448=CIRCLE('',#4317,15.0);
#3449=VERTEX_POINT('',#4318);
#3450=LINE('',#4319,#4320);
#3451=CIRCLE('',#4321,15.0);
#3452=FILL_AREA_STYLE_COLOUR('',#4322);
#3453=VERTEX_POINT('',#4323);
#3454=VERTEX_POINT('',#4324);
#3455=LINE('',#4325,#4326);
#3456=VERTEX_POINT('',#4327);
#3457=LINE('',#4328,#4329);
#3458=VERTEX_POINT('',#4330);
#3459=LINE('',#4331,#4332);
#3460=VERTEX_POINT('',#4333);
#3461=LINE('',#4334,#4335);
#3462=VERTEX_POINT('',#4336);
#3463=LINE('',#4337,#4338);
#3464=VERTEX_POINT('',#4339);
#3465=LINE('',#4340,#4341);
#3466=VERTEX_POINT('',#4342);
#3467=LINE('',#4343,#4344);
#3468=VERTEX_POINT('',#4345);
#3469=LINE('',#4346,#4347);
#3470=VERTEX_POINT('',#4348);
#3471=LINE('',#4349,#4350);
#3472=VERTEX_POINT('',#4351);
#3473=LINE('',#4352,#4353);
#3474=VERTEX_POINT('',#4354);
#3475=LINE('',#4355,#4356);
#3476=VERTEX_POINT('',#4357);
#3477=LINE('',#4358,#4359);
#3478=VERTEX_POINT('',#4360);
#3479=LINE('',#4361,#4362);
#3480=VERTEX_POINT('',#4363);
#3481=LINE('',#4364,#4365);
#3482=VERTEX_POINT('',#4366);
#3483=LINE('',#4367,#4368);
#3484=VERTEX_POINT('',#4369);
#3485=LINE('',#4370,#4371);
#3486=VERTEX_POINT('',#4372);
#3487=LINE('',#4373,#4374);
#3488=VERTEX_POINT('',#4375);
#3489=LINE('',#4376,#4377);
#3490=VERTEX_POINT('',#4378);
#3491=LINE('',#4379,#4380);
#3492=VERTEX_POINT('',#4381);
#3493=LINE('',#4382,#4383);
#3494=VERTEX_POINT('',#4384);
#3495=LINE('',#4385,#4386);
#3496=VERTEX_POINT('',#4387);
#3497=LINE('',#4388,#4389);
#3498=VERTEX_POINT('',#4390);
#3499=LINE('',#4391,#4392);
#3500=VERTEX_POINT('',#4393);
#3501=LINE('',#4394,#4395);
#3502=VERTEX_POINT('',#4396);
#3503=LINE('',#4397,#4398);
#3504=VERTEX_POINT('',#4399);
#3505=LINE('',#4400,#4401);
#3506=VERTEX_POINT('',#4402);
#3507=LINE('',#4403,#4404);
#3508=VERTEX_POINT('',#4405);
#3509=LINE('',#4406,#4407);
#3510=VERTEX_POINT('',#4408);
#3511=LINE('',#4409,#4410);
#3512=VERTEX_POINT('',#4411);
#3513=CIRCLE('',#4412,1.0);
#3514=VERTEX_POINT('',#4413);
#3515=LINE('',#4414,#4415);
#3516=VERTEX_POINT('',#4416);
#3517=CIRCLE('',#4417,2.0);
#3518=VERTEX_POINT('',#4418);
#3519=LINE('',#4419,#4420);
#3520=VERTEX_POINT('',#4421);
#3521=CIRCLE('',#4422,2.0);
#3522=LINE('',#4423,#4424);
#3523=CIRCLE('',#4425,1.0);
#3524=VERTEX_POINT('',#4426);
#3525=CIRCLE('',#4427,15.0);
#3526=VERTEX_POINT('',#4428);
#3527=LINE('',#4429,#4430);
#3528=VERTEX_POINT('',#4431);
#3529=LINE('',#4432,#4433);
#3530=VERTEX_POINT('',#4434);
#3531=LINE('',#4435,#4436);
#3532=VERTEX_POINT('',#4437);
#3533=LINE('',#4438,#4439);
#3534=VERTEX_POINT('',#4440);
#3535=LINE('',#4441,#4442);
#3536=CIRCLE('',#4443,0.899999999999826);
#3537=VERTEX_POINT('',#4444);
#3538=LINE('',#4445,#4446);
#3539=VERTEX_POINT('',#4447);
#3540=LINE('',#4448,#4449);
#3541=VERTEX_POINT('',#4450);
#3542=CIRCLE('',#4451,9.499999999999);
#3543=VERTEX_POINT('',#4452);
#3544=LINE('',#4453,#4454);
#3545=VERTEX_POINT('',#4455);
#3546=LINE('',#4456,#4457);
#3547=VERTEX_POINT('',#4458);
#3548=LINE('',#4459,#4460);
#3549=VERTEX_POINT('',#4461);
#3550=LINE('',#4462,#4463);
#3551=CIRCLE('',#4464,0.799999999999994);
#3552=VERTEX_POINT('',#4465);
#3553=CIRCLE('',#4466,0.700000000000186);
#3554=VERTEX_POINT('',#4467);
#3555=LINE('',#4468,#4469);
#3556=VERTEX_POINT('',#4470);
#3557=LINE('',#4471,#4472);
#3558=VERTEX_POINT('',#4473);
#3559=LINE('',#4474,#4475);
#3560=VERTEX_POINT('',#4476);
#3561=LINE('',#4477,#4478);
#3562=VERTEX_POINT('',#4479);
#3563=LINE('',#4480,#4481);
#3564=VERTEX_POINT('',#4482);
#3565=LINE('',#4483,#4484);
#3566=VERTEX_POINT('',#4485);
#3567=LINE('',#4486,#4487);
#3568=VERTEX_POINT('',#4488);
#3569=LINE('',#4489,#4490);
#3570=VERTEX_POINT('',#4491);
#3571=LINE('',#4492,#4493);
#3572=VERTEX_POINT('',#4494);
#3573=LINE('',#4495,#4496);
#3574=VERTEX_POINT('',#4497);
#3575=LINE('',#4498,#4499);
#3576=VERTEX_POINT('',#4500);
#3577=LINE('',#4501,#4502);
#3578=VERTEX_POINT('',#4503);
#3579=LINE('',#4504,#4505);
#3580=CIRCLE('',#4506,15.0);
#3581=VERTEX_POINT('',#4507);
#3582=LINE('',#4508,#4509);
#3583=VERTEX_POINT('',#4510);
#3584=LINE('',#4511,#4512);
#3585=VERTEX_POINT('',#4513);
#3586=LINE('',#4514,#4515);
#3587=VERTEX_POINT('',#4516);
#3588=LINE('',#4517,#4518);
#3589=VERTEX_POINT('',#4519);
#3590=LINE('',#4520,#4521);
#3591=VERTEX_POINT('',#4522);
#3592=LINE('',#4523,#4524);
#3593=VERTEX_POINT('',#4525);
#3594=LINE('',#4526,#4527);
#3595=VERTEX_POINT('',#4528);
#3596=LINE('',#4529,#4530);
#3597=VERTEX_POINT('',#4531);
#3598=LINE('',#4532,#4533);
#3599=LINE('',#4534,#4535);
#3600=FILL_AREA_STYLE_COLOUR('',#4536);
#3601=VERTEX_POINT('',#4537);
#3602=VERTEX_POINT('',#4538);
#3603=LINE('',#4539,#4540);
#3604=VERTEX_POINT('',#4541);
#3605=LINE('',#4542,#4543);
#3606=VERTEX_POINT('',#4544);
#3607=LINE('',#4545,#4546);
#3608=VERTEX_POINT('',#4547);
#3609=LINE('',#4548,#4549);
#3610=VERTEX_POINT('',#4550);
#3611=LINE('',#4551,#4552);
#3612=VERTEX_POINT('',#4553);
#3613=LINE('',#4554,#4555);
#3614=VERTEX_POINT('',#4556);
#3615=LINE('',#4557,#4558);
#3616=VERTEX_POINT('',#4559);
#3617=LINE('',#4560,#4561);
#3618=VERTEX_POINT('',#4562);
#3619=LINE('',#4563,#4564);
#3620=LINE('',#4565,#4566);
#3621=VERTEX_POINT('',#4567);
#3622=CIRCLE('',#4568,15.0);
#3623=VERTEX_POINT('',#4569);
#3624=LINE('',#4570,#4571);
#3625=VERTEX_POINT('',#4572);
#3626=LINE('',#4573,#4574);
#3627=VERTEX_POINT('',#4575);
#3628=LINE('',#4576,#4577);
#3629=VERTEX_POINT('',#4578);
#3630=LINE('',#4579,#4580);
#3631=VERTEX_POINT('',#4581);
#3632=LINE('',#4582,#4583);
#3633=VERTEX_POINT('',#4584);
#3634=LINE('',#4585,#4586);
#3635=VERTEX_POINT('',#4587);
#3636=LINE('',#4588,#4589);
#3637=VERTEX_POINT('',#4590);
#3638=LINE('',#4591,#4592);
#3639=VERTEX_POINT('',#4593);
#3640=LINE('',#4594,#4595);
#3641=VERTEX_POINT('',#4596);
#3642=LINE('',#4597,#4598);
#3643=VERTEX_POINT('',#4599);
#3644=LINE('',#4600,#4601);
#3645=VERTEX_POINT('',#4602);
#3646=LINE('',#4603,#4604);
#3647=VERTEX_POINT('',#4605);
#3648=LINE('',#4606,#4607);
#3649=CIRCLE('',#4608,0.700000000000186);
#3650=VERTEX_POINT('',#4609);
#3651=CIRCLE('',#4610,0.799999999999994);
#3652=VERTEX_POINT('',#4611);
#3653=LINE('',#4612,#4613);
#3654=VERTEX_POINT('',#4614);
#3655=LINE('',#4615,#4616);
#3656=VERTEX_POINT('',#4617);
#3657=LINE('',#4618,#4619);
#3658=VERTEX_POINT('',#4620);
#3659=LINE('',#4621,#4622);
#3660=VERTEX_POINT('',#4623);
#3661=CIRCLE('',#4624,9.499999999999);
#3662=VERTEX_POINT('',#4625);
#3663=LINE('',#4626,#4627);
#3664=LINE('',#4628,#4629);
#3665=VERTEX_POINT('',#4630);
#3666=LINE('',#4631,#4632);
#3667=VERTEX_POINT('',#4633);
#3668=LINE('',#4634,#4635);
#3669=VERTEX_POINT('',#4636);
#3670=LINE('',#4637,#4638);
#3671=VERTEX_POINT('',#4639);
#3672=LINE('',#4640,#4641);
#3673=CIRCLE('',#4642,15.0);
#3674=VERTEX_POINT('',#4643);
#3675=LINE('',#4644,#4645);
#3676=VERTEX_POINT('',#4646);
#3677=LINE('',#4647,#4648);
#3678=VERTEX_POINT('',#4649);
#3679=LINE('',#4650,#4651);
#3680=VERTEX_POINT('',#4652);
#3681=LINE('',#4653,#4654);
#3682=VERTEX_POINT('',#4655);
#3683=LINE('',#4656,#4657);
#3684=VERTEX_POINT('',#4658);
#3685=LINE('',#4659,#4660);
#3686=VERTEX_POINT('',#4661);
#3687=LINE('',#4662,#4663);
#3688=VERTEX_POINT('',#4664);
#3689=LINE('',#4665,#4666);
#3690=VERTEX_POINT('',#4667);
#3691=LINE('',#4668,#4669);
#3692=VERTEX_POINT('',#4670);
#3693=LINE('',#4671,#4672);
#3694=VERTEX_POINT('',#4673);
#3695=LINE('',#4674,#4675);
#3696=VERTEX_POINT('',#4676);
#3697=LINE('',#4677,#4678);
#3698=VERTEX_POINT('',#4679);
#3699=LINE('',#4680,#4681);
#3700=VERTEX_POINT('',#4682);
#3701=LINE('',#4683,#4684);
#3702=VERTEX_POINT('',#4685);
#3703=LINE('',#4686,#4687);
#3704=VERTEX_POINT('',#4688);
#3705=LINE('',#4689,#4690);
#3706=VERTEX_POINT('',#4691);
#3707=LINE('',#4692,#4693);
#3708=VERTEX_POINT('',#4694);
#3709=LINE('',#4695,#4696);
#3710=VERTEX_POINT('',#4697);
#3711=LINE('',#4698,#4699);
#3712=VERTEX_POINT('',#4700);
#3713=LINE('',#4701,#4702);
#3714=VERTEX_POINT('',#4703);
#3715=LINE('',#4704,#4705);
#3716=VERTEX_POINT('',#4706);
#3717=LINE('',#4707,#4708);
#3718=VERTEX_POINT('',#4709);
#3719=LINE('',#4710,#4711);
#3720=VERTEX_POINT('',#4712);
#3721=LINE('',#4713,#4714);
#3722=VERTEX_POINT('',#4715);
#3723=LINE('',#4716,#4717);
#3724=VERTEX_POINT('',#4718);
#3725=LINE('',#4719,#4720);
#3726=VERTEX_POINT('',#4721);
#3727=LINE('',#4722,#4723);
#3728=VERTEX_POINT('',#4724);
#3729=LINE('',#4725,#4726);
#3730=LINE('',#4727,#4728);
#3731=FILL_AREA_STYLE_COLOUR('',#4729);
#3732=LINE('',#4730,#4731);
#3733=LINE('',#4732,#4733);
#3734=FILL_AREA_STYLE_COLOUR('',#4734);
#3735=LINE('',#4735,#4736);
#3736=FILL_AREA_STYLE_COLOUR('',#4737);
#3737=VERTEX_POINT('',#4738);
#3738=VERTEX_POINT('',#4739);
#3739=CIRCLE('',#4740,2.0);
#3740=VERTEX_POINT('',#4741);
#3741=LINE('',#4742,#4743);
#3742=VERTEX_POINT('',#4744);
#3743=ELLIPSE('',#4745,2.01101655912683,2.0);
#3744=VERTEX_POINT('',#4746);
#3745=ELLIPSE('',#4747,17.667342944059,2.0);
#3746=VERTEX_POINT('',#4748);
#3747=LINE('',#4749,#4750);
#3748=VERTEX_POINT('',#4751);
#3749=ELLIPSE('',#4752,2.10292444847597,2.0);
#3750=LINE('',#4753,#4754);
#3751=FILL_AREA_STYLE_COLOUR('',#4755);
#3752=VERTEX_POINT('',#4756);
#3753=VERTEX_POINT('',#4757);
#3754=LINE('',#4758,#4759);
#3755=VERTEX_POINT('',#4760);
#3756=LINE('',#4761,#4762);
#3757=LINE('',#4763,#4764);
#3758=VERTEX_POINT('',#4765);
#3759=LINE('',#4766,#4767);
#3760=LINE('',#4768,#4769);
#3761=FILL_AREA_STYLE_COLOUR('',#4770);
#3762=VERTEX_POINT('',#4771);
#3763=VERTEX_POINT('',#4772);
#3764=LINE('',#4773,#4774);
#3765=VERTEX_POINT('',#4775);
#3766=LINE('',#4776,#4777);
#3767=VERTEX_POINT('',#4778);
#3768=LINE('',#4779,#4780);
#3769=VERTEX_POINT('',#4781);
#3770=LINE('',#4782,#4783);
#3771=VERTEX_POINT('',#4784);
#3772=LINE('',#4785,#4786);
#3773=LINE('',#4787,#4788);
#3774=FILL_AREA_STYLE_COLOUR('',#4789);
#3775=VERTEX_POINT('',#4790);
#3776=LINE('',#4791,#4792);
#3777=VERTEX_POINT('',#4793);
#3778=LINE('',#4794,#4795);
#3779=LINE('',#4796,#4797);
#3780=FILL_AREA_STYLE_COLOUR('',#4798);
#3781=VERTEX_POINT('',#4799);
#3782=LINE('',#4800,#4801);
#3783=VERTEX_POINT('',#4802);
#3784=LINE('',#4803,#4804);
#3785=VERTEX_POINT('',#4805);
#3786=ELLIPSE('',#4806,2.10292444847597,2.0);
#3787=LINE('',#4807,#4808);
#3788=VERTEX_POINT('',#4809);
#3789=LINE('',#4810,#4811);
#3790=VERTEX_POINT('',#4812);
#3791=ELLIPSE('',#4813,2.0076396750867,2.0);
#3792=VERTEX_POINT('',#4814);
#3793=LINE('',#4815,#4816);
#3794=VERTEX_POINT('',#4817);
#3795=ELLIPSE('',#4818,2.0076396750867,2.0);
#3796=VERTEX_POINT('',#4819);
#3797=LINE('',#4820,#4821);
#3798=VERTEX_POINT('',#4822);
#3799=LINE('',#4823,#4824);
#3800=VERTEX_POINT('',#4825);
#3801=LINE('',#4826,#4827);
#3802=VERTEX_POINT('',#4828);
#3803=LINE('',#4829,#4830);
#3804=LINE('',#4831,#4832);
#3805=LINE('',#4833,#4834);
#3806=VERTEX_POINT('',#4835);
#3807=VERTEX_POINT('',#4836);
#3808=LINE('',#4837,#4838);
#3809=VERTEX_POINT('',#4839);
#3810=LINE('',#4840,#4841);
#3811=VERTEX_POINT('',#4842);
#3812=LINE('',#4843,#4844);
#3813=LINE('',#4845,#4846);
#3814=FILL_AREA_STYLE_COLOUR('',#4847);
#3815=VERTEX_POINT('',#4848);
#3816=LINE('',#4849,#4850);
#3817=VERTEX_POINT('',#4851);
#3818=LINE('',#4852,#4853);
#3819=VERTEX_POINT('',#4854);
#3820=LINE('',#4855,#4856);
#3821=LINE('',#4857,#4858);
#3822=FILL_AREA_STYLE_COLOUR('',#4859);
#3823=VERTEX_POINT('',#4860);
#3824=LINE('',#4861,#4862);
#3825=VERTEX_POINT('',#4863);
#3826=LINE('',#4864,#4865);
#3827=VERTEX_POINT('',#4866);
#3828=LINE('',#4867,#4868);
#3829=LINE('',#4869,#4870);
#3830=FILL_AREA_STYLE_COLOUR('',#4871);
#3831=LINE('',#4872,#4873);
#3832=FILL_AREA_STYLE_COLOUR('',#4874);
#3833=LINE('',#4875,#4876);
#3834=FILL_AREA_STYLE_COLOUR('',#4877);
#3835=LINE('',#4878,#4879);
#3836=FILL_AREA_STYLE_COLOUR('',#4880);
#3837=FILL_AREA_STYLE_COLOUR('',#4881);
#3838=VERTEX_POINT('',#4882);
#3839=LINE('',#4883,#4884);
#3840=LINE('',#4885,#4886);
#3841=FILL_AREA_STYLE_COLOUR('',#4887);
#3842=VERTEX_POINT('',#4888);
#3843=LINE('',#4889,#4890);
#3844=LINE('',#4891,#4892);
#3845=LINE('',#4893,#4894);
#3846=FILL_AREA_STYLE_COLOUR('',#4895);
#3847=LINE('',#4896,#4897);
#3848=LINE('',#4898,#4899);
#3849=FILL_AREA_STYLE_COLOUR('',#4900);
#3850=VERTEX_POINT('',#4901);
#3851=LINE('',#4902,#4903);
#3852=VERTEX_POINT('',#4904);
#3853=LINE('',#4905,#4906);
#3854=LINE('',#4907,#4908);
#3855=FILL_AREA_STYLE_COLOUR('',#4909);
#3856=LINE('',#4910,#4911);
#3857=FILL_AREA_STYLE_COLOUR('',#4912);
#3858=LINE('',#4913,#4914);
#3859=FILL_AREA_STYLE_COLOUR('',#4915);
#3860=FILL_AREA_STYLE_COLOUR('',#4916);
#3861=LINE('',#4917,#4918);
#3862=FILL_AREA_STYLE_COLOUR('',#4919);
#3863=LINE('',#4920,#4921);
#3864=FILL_AREA_STYLE_COLOUR('',#4922);
#3865=LINE('',#4923,#4924);
#3866=FILL_AREA_STYLE_COLOUR('',#4925);
#3867=LINE('',#4926,#4927);
#3868=FILL_AREA_STYLE_COLOUR('',#4928);
#3869=LINE('',#4929,#4930);
#3870=FILL_AREA_STYLE_COLOUR('',#4931);
#3871=LINE('',#4932,#4933);
#3872=LINE('',#4934,#4935);
#3873=FILL_AREA_STYLE_COLOUR('',#4936);
#3874=VERTEX_POINT('',#4937);
#3875=VERTEX_POINT('',#4938);
#3876=LINE('',#4939,#4940);
#3877=VERTEX_POINT('',#4941);
#3878=LINE('',#4942,#4943);
#3879=VERTEX_POINT('',#4944);
#3880=LINE('',#4945,#4946);
#3881=LINE('',#4947,#4948);
#3882=FILL_AREA_STYLE_COLOUR('',#4949);
#3883=VERTEX_POINT('',#4950);
#3884=VERTEX_POINT('',#4951);
#3885=LINE('',#4952,#4953);
#3886=LINE('',#4954,#4955);
#3887=LINE('',#4956,#4957);
#3888=FILL_AREA_STYLE_COLOUR('',#4958);
#3889=VERTEX_POINT('',#4959);
#3890=LINE('',#4960,#4961);
#3891=LINE('',#4962,#4963);
#3892=FILL_AREA_STYLE_COLOUR('',#4964);
#3893=VERTEX_POINT('',#4965);
#3894=LINE('',#4966,#4967);
#3895=LINE('',#4968,#4969);
#3896=FILL_AREA_STYLE_COLOUR('',#4970);
#3897=LINE('',#4971,#4972);
#3898=LINE('',#4973,#4974);
#3899=LINE('',#4975,#4976);
#3900=FILL_AREA_STYLE_COLOUR('',#4977);
#3901=FILL_AREA_STYLE_COLOUR('',#4978);
#3902=VERTEX_POINT('',#4979);
#3903=LINE('',#4980,#4981);
#3904=VERTEX_POINT('',#4982);
#3905=LINE('',#4983,#4984);
#3906=VERTEX_POINT('',#4985);
#3907=LINE('',#4986,#4987);
#3908=VERTEX_POINT('',#4988);
#3909=LINE('',#4989,#4990);
#3910=LINE('',#4991,#4992);
#3911=FILL_AREA_STYLE_COLOUR('',#4993);
#3912=LINE('',#4994,#4995);
#3913=LINE('',#4996,#4997);
#3914=FILL_AREA_STYLE_COLOUR('',#4998);
#3915=LINE('',#4999,#5000);
#3916=LINE('',#5001,#5002);
#3917=FILL_AREA_STYLE_COLOUR('',#5003);
#3918=LINE('',#5004,#5005);
#3919=FILL_AREA_STYLE_COLOUR('',#5006);
#3920=LINE('',#5007,#5008);
#3921=LINE('',#5009,#5010);
#3922=FILL_AREA_STYLE_COLOUR('',#5011);
#3923=LINE('',#5012,#5013);
#3924=FILL_AREA_STYLE_COLOUR('',#5014);
#3925=LINE('',#5015,#5016);
#3926=FILL_AREA_STYLE_COLOUR('',#5017);
#3927=LINE('',#5018,#5019);
#3928=FILL_AREA_STYLE_COLOUR('',#5020);
#3929=LINE('',#5021,#5022);
#3930=VERTEX_POINT('',#5023);
#3931=VERTEX_POINT('',#5024);
#3932=CIRCLE('',#5025,2.0);
#3933=CIRCLE('',#5026,2.0);
#3934=FILL_AREA_STYLE_COLOUR('',#5027);
#3935=VERTEX_POINT('',#5028);
#3936=VERTEX_POINT('',#5029);
#3937=CIRCLE('',#5030,2.0);
#3938=VERTEX_POINT('',#5031);
#3939=LINE('',#5032,#5033);
#3940=VERTEX_POINT('',#5034);
#3941=CIRCLE('',#5035,2.0);
#3942=VERTEX_POINT('',#5036);
#3943=LINE('',#5037,#5038);
#3944=VERTEX_POINT('',#5039);
#3945=CIRCLE('',#5040,2.0);
#3946=LINE('',#5041,#5042);
#3947=LINE('',#5043,#5044);
#3948=FILL_AREA_STYLE_COLOUR('',#5045);
#3949=VERTEX_POINT('',#5046);
#3950=VERTEX_POINT('',#5047);
#3951=CIRCLE('',#5048,2.0);
#3952=LINE('',#5049,#5050);
#3953=LINE('',#5051,#5052);
#3954=FILL_AREA_STYLE_COLOUR('',#5053);
#3955=VERTEX_POINT('',#5054);
#3956=LINE('',#5055,#5056);
#3957=LINE('',#5057,#5058);
#3958=FILL_AREA_STYLE_COLOUR('',#5059);
#3959=VERTEX_POINT('',#5060);
#3960=LINE('',#5061,#5062);
#3961=CIRCLE('',#5063,2.0);
#3962=FILL_AREA_STYLE_COLOUR('',#5064);
#3963=LINE('',#5065,#5066);
#3964=FILL_AREA_STYLE_COLOUR('',#5067);
#3965=CIRCLE('',#5068,2.0);
#3966=FILL_AREA_STYLE_COLOUR('',#5069);
#3967=LINE('',#5070,#5071);
#3968=LINE('',#5072,#5073);
#3969=FILL_AREA_STYLE_COLOUR('',#5074);
#3970=FILL_AREA_STYLE_COLOUR('',#5075);
#3971=FILL_AREA_STYLE_COLOUR('',#5076);
#3972=FILL_AREA_STYLE_COLOUR('',#5077);
#3973=LINE('',#5078,#5079);
#3974=FILL_AREA_STYLE_COLOUR('',#5080);
#3975=VERTEX_POINT('',#5081);
#3976=LINE('',#5082,#5083);
#3977=VERTEX_POINT('',#5084);
#3978=LINE('',#5085,#5086);
#3979=VERTEX_POINT('',#5087);
#3980=LINE('',#5088,#5089);
#3981=LINE('',#5090,#5091);
#3982=FILL_AREA_STYLE_COLOUR('',#5092);
#3983=VERTEX_POINT('',#5093);
#3984=CIRCLE('',#5094,15.0);
#3985=VERTEX_POINT('',#5095);
#3986=LINE('',#5096,#5097);
#3987=CIRCLE('',#5098,15.0);
#3988=LINE('',#5099,#5100);
#3989=FILL_AREA_STYLE_COLOUR('',#5101);
#3990=LINE('',#5102,#5103);
#3991=FILL_AREA_STYLE_COLOUR('',#5104);
#3992=LINE('',#5105,#5106);
#3993=FILL_AREA_STYLE_COLOUR('',#5107);
#3994=CIRCLE('',#5108,1.0);
#3995=FILL_AREA_STYLE_COLOUR('',#5109);
#3996=VERTEX_POINT('',#5110);
#3997=LINE('',#5111,#5112);
#3998=LINE('',#5113,#5114);
#3999=FILL_AREA_STYLE_COLOUR('',#5115);
#4000=VERTEX_POINT('',#5116);
#4001=LINE('',#5117,#5118);
#4002=CIRCLE('',#5119,2.0);
#4003=FILL_AREA_STYLE_COLOUR('',#5120);
#4004=VERTEX_POINT('',#5121);
#4005=LINE('',#5122,#5123);
#4006=LINE('',#5124,#5125);
#4007=FILL_AREA_STYLE_COLOUR('',#5126);
#4008=VERTEX_POINT('',#5127);
#4009=LINE('',#5128,#5129);
#4010=CIRCLE('',#5130,2.0);
#4011=FILL_AREA_STYLE_COLOUR('',#5131);
#4012=VERTEX_POINT('',#5132);
#4013=LINE('',#5133,#5134);
#4014=LINE('',#5135,#5136);
#4015=FILL_AREA_STYLE_COLOUR('',#5137);
#4016=CIRCLE('',#5138,1.0);
#4017=FILL_AREA_STYLE_COLOUR('',#5139);
#4018=VERTEX_POINT('',#5140);
#4019=LINE('',#5141,#5142);
#4020=VERTEX_POINT('',#5143);
#4021=LINE('',#5144,#5145);
#4022=VERTEX_POINT('',#5146);
#4023=LINE('',#5147,#5148);
#4024=LINE('',#5149,#5150);
#4025=FILL_AREA_STYLE_COLOUR('',#5151);
#4026=VERTEX_POINT('',#5152);
#4027=VERTEX_POINT('',#5153);
#4028=LINE('',#5154,#5155);
#4029=VERTEX_POINT('',#5156);
#4030=LINE('',#5157,#5158);
#4031=VERTEX_POINT('',#5159);
#4032=LINE('',#5160,#5161);
#4033=VERTEX_POINT('',#5162);
#4034=LINE('',#5163,#5164);
#4035=LINE('',#5165,#5166);
#4036=FILL_AREA_STYLE_COLOUR('',#5167);
#4037=VERTEX_POINT('',#5168);
#4038=LINE('',#5169,#5170);
#4039=VERTEX_POINT('',#5171);
#4040=LINE('',#5172,#5173);
#4041=VERTEX_POINT('',#5174);
#4042=LINE('',#5175,#5176);
#4043=VERTEX_POINT('',#5177);
#4044=LINE('',#5178,#5179);
#4045=LINE('',#5180,#5181);
#4046=FILL_AREA_STYLE_COLOUR('',#5182);
#4047=VERTEX_POINT('',#5183);
#4048=LINE('',#5184,#5185);
#4049=VERTEX_POINT('',#5186);
#4050=LINE('',#5187,#5188);
#4051=LINE('',#5189,#5190);
#4052=FILL_AREA_STYLE_COLOUR('',#5191);
#4053=VERTEX_POINT('',#5192);
#4054=LINE('',#5193,#5194);
#4055=LINE('',#5195,#5196);
#4056=VERTEX_POINT('',#5197);
#4057=LINE('',#5198,#5199);
#4058=VERTEX_POINT('',#5200);
#4059=LINE('',#5201,#5202);
#4060=LINE('',#5203,#5204);
#4061=FILL_AREA_STYLE_COLOUR('',#5205);
#4062=VERTEX_POINT('',#5206);
#4063=LINE('',#5207,#5208);
#4064=VERTEX_POINT('',#5209);
#4065=LINE('',#5210,#5211);
#4066=LINE('',#5212,#5213);
#4067=FILL_AREA_STYLE_COLOUR('',#5214);
#4068=VERTEX_POINT('',#5215);
#4069=LINE('',#5216,#5217);
#4070=VERTEX_POINT('',#5218);
#4071=LINE('',#5219,#5220);
#4072=LINE('',#5221,#5222);
#4073=FILL_AREA_STYLE_COLOUR('',#5223);
#4074=LINE('',#5224,#5225);
#4075=FILL_AREA_STYLE_COLOUR('',#5226);
#4076=LINE('',#5227,#5228);
#4077=FILL_AREA_STYLE_COLOUR('',#5229);
#4078=LINE('',#5230,#5231);
#4079=FILL_AREA_STYLE_COLOUR('',#5232);
#4080=LINE('',#5233,#5234);
#4081=FILL_AREA_STYLE_COLOUR('',#5235);
#4082=VERTEX_POINT('',#5236);
#4083=LINE('',#5237,#5238);
#4084=LINE('',#5239,#5240);
#4085=FILL_AREA_STYLE_COLOUR('',#5241);
#4086=VERTEX_POINT('',#5242);
#4087=LINE('',#5243,#5244);
#4088=LINE('',#5245,#5246);
#4089=FILL_AREA_STYLE_COLOUR('',#5247);
#4090=LINE('',#5248,#5249);
#4091=FILL_AREA_STYLE_COLOUR('',#5250);
#4092=VERTEX_POINT('',#5251);
#4093=VERTEX_POINT('',#5252);
#4094=LINE('',#5253,#5254);
#4095=LINE('',#5255,#5256);
#4096=LINE('',#5257,#5258);
#4097=FILL_AREA_STYLE_COLOUR('',#5259);
#4098=LINE('',#5260,#5261);
#4099=FILL_AREA_STYLE_COLOUR('',#5262);
#4100=FILL_AREA_STYLE_COLOUR('',#5263);
#4101=LINE('',#5264,#5265);
#4102=LINE('',#5266,#5267);
#4103=FILL_AREA_STYLE_COLOUR('',#5268);
#4104=LINE('',#5269,#5270);
#4105=FILL_AREA_STYLE_COLOUR('',#5271);
#4106=LINE('',#5272,#5273);
#4107=FILL_AREA_STYLE_COLOUR('',#5274);
#4108=LINE('',#5275,#5276);
#4109=FILL_AREA_STYLE_COLOUR('',#5277);
#4110=LINE('',#5278,#5279);
#4111=FILL_AREA_STYLE_COLOUR('',#5280);
#4112=LINE('',#5281,#5282);
#4113=FILL_AREA_STYLE_COLOUR('',#5283);
#4114=LINE('',#5284,#5285);
#4115=FILL_AREA_STYLE_COLOUR('',#5286);
#4116=LINE('',#5287,#5288);
#4117=FILL_AREA_STYLE_COLOUR('',#5289);
#4118=LINE('',#5290,#5291);
#4119=FILL_AREA_STYLE_COLOUR('',#5292);
#4120=LINE('',#5293,#5294);
#4121=LINE('',#5295,#5296);
#4122=FILL_AREA_STYLE_COLOUR('',#5297);
#4123=FILL_AREA_STYLE_COLOUR('',#5298);
#4124=LINE('',#5299,#5300);
#4125=FILL_AREA_STYLE_COLOUR('',#5301);
#4126=FILL_AREA_STYLE_COLOUR('',#5302);
#4127=LINE('',#5303,#5304);
#4128=LINE('',#5305,#5306);
#4129=FILL_AREA_STYLE_COLOUR('',#5307);
#4130=LINE('',#5308,#5309);
#4131=LINE('',#5310,#5311);
#4132=FILL_AREA_STYLE_COLOUR('',#5312);
#4133=LINE('',#5313,#5314);
#4134=LINE('',#5315,#5316);
#4135=FILL_AREA_STYLE_COLOUR('',#5317);
#4136=FILL_AREA_STYLE_COLOUR('',#5318);
#4137=LINE('',#5319,#5320);
#4138=FILL_AREA_STYLE_COLOUR('',#5321);
#4139=LINE('',#5322,#5323);
#4140=FILL_AREA_STYLE_COLOUR('',#5324);
#4141=LINE('',#5325,#5326);
#4142=FILL_AREA_STYLE_COLOUR('',#5327);
#4143=LINE('',#5328,#5329);
#4144=FILL_AREA_STYLE_COLOUR('',#5330);
#4145=LINE('',#5331,#5332);
#4146=FILL_AREA_STYLE_COLOUR('',#5333);
#4147=LINE('',#5334,#5335);
#4148=FILL_AREA_STYLE_COLOUR('',#5336);
#4149=LINE('',#5337,#5338);
#4150=FILL_AREA_STYLE_COLOUR('',#5339);
#4151=FILL_AREA_STYLE_COLOUR('',#5340);
#4152=FILL_AREA_STYLE_COLOUR('',#5341);
#4153=LINE('',#5342,#5343);
#4154=FILL_AREA_STYLE_COLOUR('',#5344);
#4155=FILL_AREA_STYLE_COLOUR('',#5345);
#4156=FILL_AREA_STYLE_COLOUR('',#5346);
#4157=VERTEX_POINT('',#5347);
#4158=LINE('',#5348,#5349);
#4159=VERTEX_POINT('',#5350);
#4160=LINE('',#5351,#5352);
#4161=LINE('',#5353,#5354);
#4162=FILL_AREA_STYLE_COLOUR('',#5355);
#4163=VERTEX_POINT('',#5356);
#4164=LINE('',#5357,#5358);
#4165=LINE('',#5359,#5360);
#4166=FILL_AREA_STYLE_COLOUR('',#5361);
#4167=VERTEX_POINT('',#5362);
#4168=LINE('',#5363,#5364);
#4169=LINE('',#5365,#5366);
#4170=FILL_AREA_STYLE_COLOUR('',#5367);
#4171=CIRCLE('',#5368,0.899999999999826);
#4172=LINE('',#5369,#5370);
#4173=FILL_AREA_STYLE_COLOUR('',#5371);
#4174=FILL_AREA_STYLE_COLOUR('',#5372);
#4175=FILL_AREA_STYLE_COLOUR('',#5373);
#4176=FILL_AREA_STYLE_COLOUR('',#5374);
#4177=LINE('',#5375,#5376);
#4178=VERTEX_POINT('',#5377);
#4179=LINE('',#5378,#5379);
#4180=VERTEX_POINT('',#5380);
#4181=LINE('',#5381,#5382);
#4182=LINE('',#5383,#5384);
#4183=FILL_AREA_STYLE_COLOUR('',#5385);
#4184=FILL_AREA_STYLE_COLOUR('',#5386);
#4185=VERTEX_POINT('',#5387);
#4186=LINE('',#5388,#5389);
#4187=VERTEX_POINT('',#5390);
#4188=LINE('',#5391,#5392);
#4189=LINE('',#5393,#5394);
#4190=FILL_AREA_STYLE_COLOUR('',#5395);
#4191=LINE('',#5396,#5397);
#4192=FILL_AREA_STYLE_COLOUR('',#5398);
#4193=LINE('',#5399,#5400);
#4194=FILL_AREA_STYLE_COLOUR('',#5401);
#4195=FILL_AREA_STYLE_COLOUR('',#5402);
#4196=FILL_AREA_STYLE_COLOUR('',#5403);
#4197=VERTEX_POINT('',#5404);
#4198=LINE('',#5405,#5406);
#4199=VERTEX_POINT('',#5407);
#4200=LINE('',#5408,#5409);
#4201=LINE('',#5410,#5411);
#4202=FILL_AREA_STYLE_COLOUR('',#5412);
#4203=VERTEX_POINT('',#5413);
#4204=LINE('',#5414,#5415);
#4205=LINE('',#5416,#5417);
#4206=VERTEX_POINT('',#5418);
#4207=LINE('',#5419,#5420);
#4208=LINE('',#5421,#5422);
#4209=FILL_AREA_STYLE_COLOUR('',#5423);
#4210=VERTEX_POINT('',#5424);
#4211=LINE('',#5425,#5426);
#4212=VERTEX_POINT('',#5427);
#4213=ELLIPSE('',#5428,2.01501965091773,2.0);
#4214=VERTEX_POINT('',#5429);
#4215=LINE('',#5430,#5431);
#4216=VERTEX_POINT('',#5432);
#4217=ELLIPSE('',#5433,2.01101655912683,2.0);
#4218=LINE('',#5434,#5435);
#4219=FILL_AREA_STYLE_COLOUR('',#5436);
#4220=VERTEX_POINT('',#5437);
#4221=LINE('',#5438,#5439);
#4222=VERTEX_POINT('',#5440);
#4223=LINE('',#5441,#5442);
#4224=LINE('',#5443,#5444);
#4225=FILL_AREA_STYLE_COLOUR('',#5445);
#4226=LINE('',#5446,#5447);
#4227=FILL_AREA_STYLE_COLOUR('',#5448);
#4228=VERTEX_POINT('',#5449);
#4229=ELLIPSE('',#5450,2.05260821558679,2.0);
#4230=LINE('',#5451,#5452);
#4231=FILL_AREA_STYLE_COLOUR('',#5453);
#4232=ELLIPSE('',#5454,2.01501965091773,2.0);
#4233=VERTEX_POINT('',#5455);
#4234=ELLIPSE('',#5456,2.05260821558679,2.0);
#4235=LINE('',#5457,#5458);
#4236=LINE('',#5459,#5460);
#4237=FILL_AREA_STYLE_COLOUR('',#5461);
#4238=LINE('',#5462,#5463);
#4239=FILL_AREA_STYLE_COLOUR('',#5464);
#4240=FILL_AREA_STYLE_COLOUR('',#5465);
#4241=CIRCLE('',#5466,2.0);
#4242=FILL_AREA_STYLE_COLOUR('',#5467);
#4243=LINE('',#5468,#5469);
#4244=FILL_AREA_STYLE_COLOUR('',#5470);
#4245=FILL_AREA_STYLE_COLOUR('',#5471);
#4246=LINE('',#5472,#5473);
#4247=FILL_AREA_STYLE_COLOUR('',#5474);
#4248=FILL_AREA_STYLE_COLOUR('',#5475);
#4249=FILL_AREA_STYLE_COLOUR('',#5476);
#4250=FILL_AREA_STYLE_COLOUR('',#5477);
#4251=COLOUR_RGB('',0.560784339904785,0.588235318660736,0.600000023841858);
#4252=CARTESIAN_POINT('',(1.00000000000146,1.80000000000833,3.09999999999694));
#4253=CARTESIAN_POINT('',(6.1499999999696,1.80000000000893,3.0999999999963));
#4254=CARTESIAN_POINT('',(6.15000000000145,1.80000000000893,3.0999999999963));
#4255=VECTOR('',#5478,1.0);
#4256=CARTESIAN_POINT('',(1.00000000000168,0.900000000008504,3.9999999999968));
#4257=AXIS2_PLACEMENT_3D('',#5479,#5480,#5481);
#4258=CARTESIAN_POINT('',(-9.76996261670138E-15,0.900000000008404,3.9999999999969));
#4259=CARTESIAN_POINT('',(6.15000000000167,0.900000000009101,3.9999999999961));
#4260=VECTOR('',#5482,1.0);
#4261=CARTESIAN_POINT('',(-9.76996261670138E-15,7.8017592386459E-12,3.0999999999971));
#4262=AXIS2_PLACEMENT_3D('',#5483,#5484,#5485);
#4263=CARTESIAN_POINT('',(6.14999999999999,8.5051965470484E-12,3.0999999999963));
#4264=CARTESIAN_POINT('',(6.15000000000167,8.5051965470484E-12,3.0999999999963));
#4265=VECTOR('',#5486,1.0);
#4266=AXIS2_PLACEMENT_3D('',#5487,#5488,#5489);
#4267=COLOUR_RGB('',0.560784339904785,0.588235318660736,0.600000023841858);
#4268=CARTESIAN_POINT('',(-4.17380968220873E-12,61.3477270875578,17.1999999999947));
#4269=CARTESIAN_POINT('',(6.14999999995103,61.3477270875586,17.1999999999939));
#4270=CARTESIAN_POINT('',(3.07499999999876,61.3477270875582,17.1999999999943));
#4271=VECTOR('',#5490,1.0);
#4272=CARTESIAN_POINT('',(2.43982611891624E-12,62.6000000013353,23.1999999968899));
#4273=AXIS2_PLACEMENT_3D('',#5491,#5492,#5493);
#4274=CARTESIAN_POINT('',(6.15000000000244,62.600000001336,23.1999999968892));
#4275=CARTESIAN_POINT('',(6.14999999999641,62.600000001336,23.1999999968892));
#4276=VECTOR('',#5494,1.0);
#4277=AXIS2_PLACEMENT_3D('',#5495,#5496,#5497);
#4278=COLOUR_RGB('',0.560784339904785,0.588235318660736,0.600000023841858);
#4279=CARTESIAN_POINT('',(6.14999999996665,16.7521397485418,11.8848211502775));
#4280=CARTESIAN_POINT('',(6.83389576839738E-13,16.752139748541,11.8848211502783));
#4281=CARTESIAN_POINT('',(3.07499999999991,16.7521397485414,11.8848211502779));
#4282=VECTOR('',#5498,1.0);
#4283=CARTESIAN_POINT('',(6.15000000000006,16.2119911158227,12.5663250316887));
#4284=AXIS2_PLACEMENT_3D('',#5499,#5500,#5501);
#4285=CARTESIAN_POINT('',(5.95079541199084E-14,16.211991115822,12.5663250316895));
#4286=CARTESIAN_POINT('',(6.15000000000084,16.2119911158227,12.5663250316887));
#4287=VECTOR('',#5502,1.0);
#4288=AXIS2_PLACEMENT_3D('',#5503,#5504,#5505);
#4289=COLOUR_RGB('',0.560784339904785,0.588235318660736,0.600000023841858);
#4290=CARTESIAN_POINT('',(6.15,0.698095266841075,18.9149167131464));
#4291=CARTESIAN_POINT('',(5.54999999994918,0.698095266841076,18.9149167131464));
#4292=CARTESIAN_POINT('',(5.84999999997459,0.698095266841075,18.9149167131464));
#4293=VECTOR('',#5506,1.0);
#4294=CARTESIAN_POINT('',(6.14999999999999,1.4318223733798,19.7589731960303));
#4295=AXIS2_PLACEMENT_3D('',#5507,#5508,#5509);
#4296=CARTESIAN_POINT('',(5.54999999994918,1.4318223733798,19.7589731960303));
#4297=CARTESIAN_POINT('',(6.14999999994915,1.4318223733798,19.7589731960303));
#4298=VECTOR('',#5510,1.0);
#4299=AXIS2_PLACEMENT_3D('',#5511,#5512,#5513);
#4300=COLOUR_RGB('',0.560784339904785,0.588235318660736,0.600000023841858);
#4301=CARTESIAN_POINT('',(0.599999999947324,0.690911978753697,18.6999999999959));
#4302=CARTESIAN_POINT('',(3.5139385456501E-12,0.690911978753697,18.6999999999959));
#4303=CARTESIAN_POINT('',(3.07499999999934,0.690911978754027,18.6999999999956));
#4304=VECTOR('',#5514,1.0);
#4305=CARTESIAN_POINT('',(0.59999999994918,7.90123522165231E-12,23.1999999999958));
#4306=AXIS2_PLACEMENT_3D('',#5515,#5516,#5517);
#4307=CARTESIAN_POINT('',(-1.22035714866797E-12,7.90123522165231E-12,23.1999999999959));
#4308=CARTESIAN_POINT('',(6.15000000000416,8.60467253005481E-12,23.1999999999951));
#4309=VECTOR('',#5518,1.0);
#4310=AXIS2_PLACEMENT_3D('',#5519,#5520,#5521);
#4311=COLOUR_RGB('',0.560784339904785,0.588235318660736,0.600000023841858);
#4312=CARTESIAN_POINT('',(6.14999999999999,0.690911977426204,18.6999999999952));
#4313=CARTESIAN_POINT('',(5.54999999994732,0.690911978754407,18.6999999999953));
#4314=CARTESIAN_POINT('',(3.07499999999934,0.690911978754027,18.6999999999956));
#4315=VECTOR('',#5522,1.0);
#4316=CARTESIAN_POINT('',(6.14999999994914,0.690658329744103,18.7872319091394));
#4317=AXIS2_PLACEMENT_3D('',#5523,#5524,#5525);
#4318=CARTESIAN_POINT('',(5.54999999994918,0.690658328416404,18.7872319091322));
#4319=CARTESIAN_POINT('',(6.15000000000353,0.690658329744103,18.7872319091394));
#4320=VECTOR('',#5526,1.0);
#4321=AXIS2_PLACEMENT_3D('',#5527,#5528,#5529);
#4322=COLOUR_RGB('',0.560784339904785,0.588235318660736,0.600000023841858);
#4323=CARTESIAN_POINT('',(6.14999999999999,49.44370206752,37.7499999999918));
#4324=CARTESIAN_POINT('',(6.14999999999999,47.6273457471257,35.2499999999949));
#4325=CARTESIAN_POINT('',(6.14999999999999,38.0060409291624,22.0074100000007));
#4326=VECTOR('',#5530,1.0);
#4327=CARTESIAN_POINT('',(6.14999999999999,39.609654374986,35.2499999999949));
#4328=CARTESIAN_POINT('',(6.14999999999999,18.8972551300483,35.2499999999949));
#4329=VECTOR('',#5531,1.0);
#4330=CARTESIAN_POINT('',(6.14999999999999,38.6846015329226,33.144999999995));
#4331=CARTESIAN_POINT('',(6.14999999999983,33.7901315646399,22.0074099999966));
#4332=VECTOR('',#5532,1.0);
#4333=CARTESIAN_POINT('',(6.14999999999999,39.2125000000102,33.144999999995));
#4334=CARTESIAN_POINT('',(6.15000000000305,18.8972551300489,33.1449999999945));
#4335=VECTOR('',#5533,1.0);
#4336=CARTESIAN_POINT('',(6.14999999999999,39.2125000000102,32.074999999995));
#4337=CARTESIAN_POINT('',(6.14999999999916,39.2125000000104,22.0074099999966));
#4338=VECTOR('',#5534,1.0);
#4339=CARTESIAN_POINT('',(6.14999999999999,32.8875000000101,32.0749999999952));
#4340=CARTESIAN_POINT('',(6.15000000000185,27.5375000000105,32.0749999999954));
#4341=VECTOR('',#5535,1.0);
#4342=CARTESIAN_POINT('',(6.14999999999999,32.88750000001,33.1449999999949));
#4343=CARTESIAN_POINT('',(6.1499999999974,32.8875000000109,1.5037008067278));
#4344=VECTOR('',#5536,1.0);
#4345=CARTESIAN_POINT('',(6.14999999999999,33.4153984670946,33.1449999999949));
#4346=CARTESIAN_POINT('',(6.15000000000199,27.5375000000105,33.1449999999947));
#4347=VECTOR('',#5537,1.0);
#4348=CARTESIAN_POINT('',(6.14999999999999,32.4903456250339,35.2499999999933));
#4349=CARTESIAN_POINT('',(6.14999999999927,38.3098684353681,22.0074099999966));
#4350=VECTOR('',#5538,1.0);
#4351=CARTESIAN_POINT('',(6.14999999999999,30.8184997193063,35.2499999999931));
#4352=CARTESIAN_POINT('',(6.15000000000332,18.8972551300489,35.2499999999912));
#4353=VECTOR('',#5539,1.0);
#4354=CARTESIAN_POINT('',(6.14999999999999,30.1000000000186,33.549999999978));
#4355=CARTESIAN_POINT('',(6.14999999999956,17.3614480978577,3.4100602720894));
#4356=VECTOR('',#5540,1.0);
#4357=CARTESIAN_POINT('',(6.14999999999999,30.1000000000088,29.2499999999955));
#4358=CARTESIAN_POINT('',(6.14999999999779,30.1000000000258,1.8459627702427));
#4359=VECTOR('',#5541,1.0);
#4360=CARTESIAN_POINT('',(6.14999999999999,22.1000000000089,29.2499999999965));
#4361=CARTESIAN_POINT('',(6.14999999996803,18.8972551300483,29.2499999999968));
#4362=VECTOR('',#5542,1.0);
#4363=CARTESIAN_POINT('',(6.14999999999999,22.1000000000089,33.550000000016));
#4364=CARTESIAN_POINT('',(6.1499999999989,22.1000000000098,2.828239257468));
#4365=VECTOR('',#5543,1.0);
#4366=CARTESIAN_POINT('',(6.14999999999999,21.3815002807224,35.2499999999926));
#4367=CARTESIAN_POINT('',(6.14999999999999,26.9784398088859,22.0074100000007));
#4368=VECTOR('',#5544,1.0);
#4369=CARTESIAN_POINT('',(6.14999999999999,18.0499999986609,35.2499999999926));
#4370=CARTESIAN_POINT('',(6.14999999999999,18.8972551300483,35.2499999999926));
#4371=VECTOR('',#5545,1.0);
#4372=CARTESIAN_POINT('',(6.14999999999999,18.0499999986609,41.2499999999915));
#4373=CARTESIAN_POINT('',(6.14999999999999,18.0499999986609,22.0074100000007));
#4374=VECTOR('',#5546,1.0);
#4375=CARTESIAN_POINT('',(6.14999999999999,10.2857868003595,41.2499999999915));
#4376=CARTESIAN_POINT('',(6.14999999999999,18.8972551300483,41.2499999999915));
#4377=VECTOR('',#5547,1.0);
#4378=CARTESIAN_POINT('',(6.14999999999999,6.78578680035761,37.7499999999896));
#4379=CARTESIAN_POINT('',(6.14999999999999,18.8972551300483,49.8614683296803));
#4380=VECTOR('',#5548,1.0);
#4381=CARTESIAN_POINT('',(6.14999999999999,1.9066043895177,37.7499999999896));
#4382=CARTESIAN_POINT('',(6.14999999999999,18.8972551300483,37.7499999999896));
#4383=VECTOR('',#5549,1.0);
#4384=CARTESIAN_POINT('',(6.14999999999999,1.70223433036021,36.9872805556692));
#4385=CARTESIAN_POINT('',(6.14999999999999,-2.3116098877603,22.0074100000007));
#4386=VECTOR('',#5550,1.0);
#4387=CARTESIAN_POINT('',(6.14999999999999,2.13497751825231,36.5545373677783));
#4388=CARTESIAN_POINT('',(6.14999999999999,18.8972551300483,19.792259756031));
#4389=VECTOR('',#5551,1.0);
#4390=CARTESIAN_POINT('',(6.14999999999999,2.2054559167284,36.8175663317279));
#4391=CARTESIAN_POINT('',(6.14999999999999,-1.76291351212529,22.0074100000007));
#4392=VECTOR('',#5552,1.0);
#4393=CARTESIAN_POINT('',(6.14999999999999,3.2389965508584,36.5406299534681));
#4394=CARTESIAN_POINT('',(6.14999999999999,18.8972551300483,32.3450122122986));
#4395=VECTOR('',#5553,1.0);
#4396=CARTESIAN_POINT('',(6.14999999999999,1.60196609058421,30.4311491021901));
#4397=CARTESIAN_POINT('',(6.14999999999999,-0.655167999099199,22.0074100000007));
#4398=VECTOR('',#5554,1.0);
#4399=CARTESIAN_POINT('',(6.14999999999999,0.568425456454804,30.7080854804493));
#4400=CARTESIAN_POINT('',(6.14999999999999,18.8972551300483,25.7968903712115));
#4401=VECTOR('',#5555,1.0);
#4402=CARTESIAN_POINT('',(6.14999999999999,0.638903854931804,30.9711144443991));
#4403=CARTESIAN_POINT('',(6.14999999999999,-1.7629135121577,22.0074100000007));
#4404=VECTOR('',#5556,1.0);
#4405=CARTESIAN_POINT('',(6.14999999999999,8.60467253005481E-12,30.7999206724326));
#4406=CARTESIAN_POINT('',(6.14999999999999,18.8972551300483,35.8634249236535));
#4407=VECTOR('',#5557,1.0);
#4408=CARTESIAN_POINT('',(6.14999999994927,-1.32039446043564E-09,26.5920094404034));
#4409=CARTESIAN_POINT('',(6.14999999999999,8.60467253005481E-12,22.0074100000007));
#4410=VECTOR('',#5558,1.0);
#4411=CARTESIAN_POINT('',(6.14999999999999,0.7411809535771,25.6260836141143));
#4412=AXIS2_PLACEMENT_3D('',#5559,#5560,#5561);
#4413=CARTESIAN_POINT('',(6.15000000000001,4.7676380889048,24.5471976763449));
#4414=CARTESIAN_POINT('',(6.14999999999999,18.8972551300483,20.7611782008098));
#4415=VECTOR('',#5562,1.0);
#4416=CARTESIAN_POINT('',(6.14999999999999,6.24999999869981,22.6153460237667));
#4417=AXIS2_PLACEMENT_3D('',#5563,#5564,#5565);
#4418=CARTESIAN_POINT('',(6.14999999999999,6.24999999869981,22.5846539756826));
#4419=CARTESIAN_POINT('',(6.14999999999999,6.24999999869981,22.0074100000007));
#4420=VECTOR('',#5566,1.0);
#4421=CARTESIAN_POINT('',(6.14999999999998,4.7676380889049,20.6528023231044));
#4422=AXIS2_PLACEMENT_3D('',#5567,#5568,#5569);
#4423=CARTESIAN_POINT('',(6.14999999999999,18.8972551300483,24.4388217986403));
#4424=VECTOR('',#5570,1.0);
#4425=AXIS2_PLACEMENT_3D('',#5571,#5572,#5573);
#4426=CARTESIAN_POINT('',(6.14999999999766,8.5051965470484E-12,14.199999999995));
#4427=AXIS2_PLACEMENT_3D('',#5574,#5575,#5576);
#4428=CARTESIAN_POINT('',(6.14999999999999,8.5051965470484E-12,12.5999999999971));
#4429=CARTESIAN_POINT('',(6.14999999997232,8.5051965470484E-12,22.0074100000006));
#4430=VECTOR('',#5577,1.0);
#4431=CARTESIAN_POINT('',(6.14999999999999,3.60000000000851,12.5999999999971));
#4432=CARTESIAN_POINT('',(6.14999999996632,15.9972551300483,12.5999999999971));
#4433=VECTOR('',#5578,1.0);
#4434=CARTESIAN_POINT('',(6.14999999999999,3.60000000000851,1.4999999999962));
#4435=CARTESIAN_POINT('',(6.14999999997123,3.60000000000851,22.0074100000006));
#4436=VECTOR('',#5579,1.0);
#4437=CARTESIAN_POINT('',(6.14999999999999,1.50000000000851,1.4999999999962));
#4438=CARTESIAN_POINT('',(6.14999999996495,15.9972551300483,1.4999999999962));
#4439=VECTOR('',#5580,1.0);
#4440=CARTESIAN_POINT('',(6.14999999999999,1.50000000000851,2.4291796067461));
#4441=CARTESIAN_POINT('',(6.14999999997187,1.50000000000851,22.0074100000006));
#4442=VECTOR('',#5581,1.0);
#4443=AXIS2_PLACEMENT_3D('',#5582,#5583,#5584);
#4444=CARTESIAN_POINT('',(6.14999999999999,8.5051965470484E-12,-6.29896135251329E-12));
#4445=CARTESIAN_POINT('',(6.14999999997232,8.5051965470484E-12,22.0074100000006));
#4446=VECTOR('',#5585,1.0);
#4447=CARTESIAN_POINT('',(6.14999999999835,13.2410563468774,-5.79802872380242E-12));
#4448=CARTESIAN_POINT('',(6.1499999999644,18.8972551300483,-5.59907675778959E-12));
#4449=VECTOR('',#5586,1.0);
#4450=CARTESIAN_POINT('',(6.14999999999866,14.9000000000094,4.0999999999918));
#4451=AXIS2_PLACEMENT_3D('',#5587,#5588,#5589);
#4452=CARTESIAN_POINT('',(6.14999999999999,14.9000000000093,4.5516660498342));
#4453=CARTESIAN_POINT('',(6.14999999996834,14.9000000000072,22.0074100000007));
#4454=VECTOR('',#5590,1.0);
#4455=CARTESIAN_POINT('',(6.14999999999999,13.6000000000069,4.8999999999952));
#4456=CARTESIAN_POINT('',(6.14999999996483,18.8972551300483,3.4806047657992));
#4457=VECTOR('',#5591,1.0);
#4458=CARTESIAN_POINT('',(6.14999999999999,13.6000000000074,6.0000000000019));
#4459=CARTESIAN_POINT('',(6.14999999996873,13.6000000000048,22.0074100000007));
#4460=VECTOR('',#5592,1.0);
#4461=CARTESIAN_POINT('',(6.15000000000011,15.2095855994065,12.0070552360771));
#4462=CARTESIAN_POINT('',(6.14999999996743,17.8891725824304,22.0074100000007));
#4463=VECTOR('',#5593,1.0);
#4464=AXIS2_PLACEMENT_3D('',#5594,#5595,#5596);
#4465=CARTESIAN_POINT('',(6.14999999999989,16.728287826944,11.7036478187054));
#4466=AXIS2_PLACEMENT_3D('',#5597,#5598,#5599);
#4467=CARTESIAN_POINT('',(6.14999999999999,15.2000000000082,5.9999999999915));
#4468=CARTESIAN_POINT('',(6.14999999996695,19.4891725824309,22.0074100000007));
#4469=VECTOR('',#5600,1.0);
#4470=CARTESIAN_POINT('',(6.14999999999999,40.5000000000098,5.9999999999947));
#4471=CARTESIAN_POINT('',(6.14999999996514,18.8972551300483,5.999999999992));
#4472=VECTOR('',#5601,1.0);
#4473=CARTESIAN_POINT('',(6.14999999999999,40.5000000000098,6.19999999999536));
#4474=CARTESIAN_POINT('',(6.1499999999606,40.5000000000098,22.0074100000007));
#4475=VECTOR('',#5602,1.0);
#4476=CARTESIAN_POINT('',(6.14999999999999,46.0139895394579,6.19999999999536));
#4477=CARTESIAN_POINT('',(6.14999999996517,18.8972551300483,6.19999999999536));
#4478=VECTOR('',#5603,1.0);
#4479=CARTESIAN_POINT('',(6.14999999999999,48.3000000000098,5.9999999999954));
#4480=CARTESIAN_POINT('',(6.14999999996546,18.8972551300483,8.57240685266204));
#4481=VECTOR('',#5604,1.0);
#4482=CARTESIAN_POINT('',(6.14999999999999,48.3000000000098,4.9999999999954));
#4483=CARTESIAN_POINT('',(6.14999999995825,48.3000000000098,22.0074100000007));
#4484=VECTOR('',#5605,1.0);
#4485=CARTESIAN_POINT('',(6.14999999999999,47.1366025403881,4.6882685902134));
#4486=CARTESIAN_POINT('',(6.14999999996405,18.8972551300483,-2.8784417431673));
#4487=VECTOR('',#5606,1.0);
#4488=CARTESIAN_POINT('',(6.14999999999999,45.6500000000098,3.2016660498352));
#4489=CARTESIAN_POINT('',(6.14999999995336,64.4557439501754,22.0074100000007));
#4490=VECTOR('',#5607,1.0);
#4491=CARTESIAN_POINT('',(6.14999999999999,45.6500000000098,1.54851019798));
#4492=CARTESIAN_POINT('',(6.14999999995905,45.6500000000098,22.0074100000007));
#4493=VECTOR('',#5608,1.0);
#4494=CARTESIAN_POINT('',(6.14999999999999,48.9707908360693,-5.40012479177676E-12));
#4495=CARTESIAN_POINT('',(6.14999999996614,18.8972551300483,14.0235200075099));
#4496=VECTOR('',#5609,1.0);
#4497=CARTESIAN_POINT('',(6.14999999999999,50.7745043835265,-4.60076421404665E-12));
#4498=CARTESIAN_POINT('',(6.1499999999644,18.8972551300483,-1.77990955307905E-11));
#4499=VECTOR('',#5610,1.0);
#4500=CARTESIAN_POINT('',(6.14999999999999,62.600000002691,8.99999999999466));
#4501=CARTESIAN_POINT('',(6.14999999996139,18.8972551300483,-24.2607373526391));
#4502=VECTOR('',#5611,1.0);
#4503=CARTESIAN_POINT('',(6.15000000000095,62.600000002691,11.1999999999941));
#4504=CARTESIAN_POINT('',(6.14999999995392,62.600000002691,22.0074100000007));
#4505=VECTOR('',#5612,1.0);
#4506=AXIS2_PLACEMENT_3D('',#5613,#5614,#5615);
#4507=CARTESIAN_POINT('',(6.14999999999999,62.6000000013332,30.7999206720754));
#4508=CARTESIAN_POINT('',(6.14999999995392,62.6000000013365,22.0074100000007));
#4509=VECTOR('',#5616,1.0);
#4510=CARTESIAN_POINT('',(6.14999999999999,61.9610961450609,30.9711144443997));
#4511=CARTESIAN_POINT('',(6.15000000000422,18.8972551300489,42.5100358670226));
#4512=VECTOR('',#5617,1.0);
#4513=CARTESIAN_POINT('',(6.14999999999999,62.0315745435375,30.7080854804517));
#4514=CARTESIAN_POINT('',(6.14999999999648,63.6272417606163,24.7529743543951));
#4515=VECTOR('',#5618,1.0);
#4516=CARTESIAN_POINT('',(6.14999999999999,60.9980339094088,30.4311491021926));
#4517=CARTESIAN_POINT('',(6.14999999999907,43.7027448712937,25.7968903715753));
#4518=VECTOR('',#5619,1.0);
#4519=CARTESIAN_POINT('',(6.14999999999999,59.3610034491346,36.5406299534705));
#4520=CARTESIAN_POINT('',(6.14999999999619,63.255167999094,22.0074099999966));
#4521=VECTOR('',#5620,1.0);
#4522=CARTESIAN_POINT('',(6.14999999999999,60.3945440832639,36.8175663317301));
#4523=CARTESIAN_POINT('',(6.14999999999989,43.7027448712937,32.3450122126624));
#4524=VECTOR('',#5621,1.0);
#4525=CARTESIAN_POINT('',(6.14999999999999,60.4650224817399,36.5545373677807));
#4526=CARTESIAN_POINT('',(6.14999999999605,64.3629135121193,22.0074099999966));
#4527=VECTOR('',#5622,1.0);
#4528=CARTESIAN_POINT('',(6.14999999999999,60.8977656696321,36.9872805556716));
#4529=CARTESIAN_POINT('',(6.14999999999833,18.8972551300489,-5.01322998379));
#4530=VECTOR('',#5623,1.0);
#4531=CARTESIAN_POINT('',(6.14999999999999,60.6933956104746,37.7499999999918));
#4532=CARTESIAN_POINT('',(6.14999999999598,64.9116098877543,22.0074099999966));
#4533=VECTOR('',#5624,1.0);
#4534=CARTESIAN_POINT('',(6.14999999999999,18.8972551300483,37.749999999992));
#4535=VECTOR('',#5625,1.0);
#4536=COLOUR_RGB('',0.560784339904785,0.588235318660736,0.600000023841858);
#4537=CARTESIAN_POINT('',(-9.76996261670138E-15,60.6933956104739,37.7499999999925));
#4538=CARTESIAN_POINT('',(-9.76996261670138E-15,49.4437020675205,37.7499999999926));
#4539=CARTESIAN_POINT('',(-9.76996261670138E-15,18.8972551300483,37.7499999999927));
#4540=VECTOR('',#5626,1.0);
#4541=CARTESIAN_POINT('',(-9.76996261670138E-15,60.8977656696313,36.9872805556723));
#4542=CARTESIAN_POINT('',(-4.01989552756277E-12,64.9116098877536,22.0074099999973));
#4543=VECTOR('',#5627,1.0);
#4544=CARTESIAN_POINT('',(-9.76996261670138E-15,60.4650224817392,36.5545373677814));
#4545=CARTESIAN_POINT('',(-1.66977542903624E-12,18.8972551300481,-5.0132299837892));
#4546=VECTOR('',#5628,1.0);
#4547=CARTESIAN_POINT('',(-9.76996261670138E-15,60.3945440832631,36.8175663317308));
#4548=CARTESIAN_POINT('',(-3.94972943240646E-12,64.3629135121185,22.0074099999973));
#4549=VECTOR('',#5629,1.0);
#4550=CARTESIAN_POINT('',(-9.76996261670138E-15,59.3610034491338,36.5406299534712));
#4551=CARTESIAN_POINT('',(-1.10134124042816E-13,43.702744871293,32.3450122126632));
#4552=VECTOR('',#5630,1.0);
#4553=CARTESIAN_POINT('',(-9.76996261670138E-15,60.998033909408,30.4311491021934));
#4554=CARTESIAN_POINT('',(-3.81028542051354E-12,63.2551679990932,22.0074099999973));
#4555=VECTOR('',#5631,1.0);
#4556=CARTESIAN_POINT('',(-9.76996261670138E-15,62.0315745435368,30.7080854804524));
#4557=CARTESIAN_POINT('',(-9.2015284280933E-13,43.702744871293,25.7968903715761));
#4558=VECTOR('',#5632,1.0);
#4559=CARTESIAN_POINT('',(-9.76996261670138E-15,61.9610961450602,30.9711144444005));
#4560=CARTESIAN_POINT('',(-3.5198510772716E-12,63.6272417606156,24.7529743543959));
#4561=VECTOR('',#5633,1.0);
#4562=CARTESIAN_POINT('',(-9.76996261670138E-15,62.6000000013324,30.7999206720761));
#4563=CARTESIAN_POINT('',(4.21973567199529E-12,18.8972551300481,42.5100358670234));
#4564=VECTOR('',#5634,1.0);
#4565=CARTESIAN_POINT('',(-3.73034936274053E-12,62.6000000013358,22.0074099999973));
#4566=VECTOR('',#5635,1.0);
#4567=CARTESIAN_POINT('',(9.49462730659434E-13,62.6000000026902,11.1999999999949));
#4568=AXIS2_PLACEMENT_3D('',#5636,#5637,#5638);
#4569=CARTESIAN_POINT('',(-9.76996261670138E-15,62.6000000026902,8.99999999999537));
#4570=CARTESIAN_POINT('',(-3.73034936274053E-12,62.6000000026902,22.0074099999973));
#4571=VECTOR('',#5639,1.0);
#4572=CARTESIAN_POINT('',(-9.76996261670138E-15,50.7745043835257,-3.90087961932295E-12));
#4573=CARTESIAN_POINT('',(-4.05986355644927E-12,18.8972551300481,-24.2607373526379));
#4574=VECTOR('',#5640,1.0);
#4575=CARTESIAN_POINT('',(-9.76996261670138E-15,48.9707908360684,-4.60076421404665E-12));
#4576=CARTESIAN_POINT('',(-1.04982689208555E-12,18.8972551300481,-1.69997349530604E-11));
#4577=VECTOR('',#5641,1.0);
#4578=CARTESIAN_POINT('',(-9.76996261670138E-15,45.6500000000091,1.5485101979808));
#4579=CARTESIAN_POINT('',(6.90114632106997E-13,18.8972551300481,14.0235200075104));
#4580=VECTOR('',#5642,1.0);
#4581=CARTESIAN_POINT('',(-9.76996261670138E-15,45.6500000000091,3.2016660498359));
#4582=CARTESIAN_POINT('',(-1.64046554118613E-12,45.6500000000091,22.0074099999974));
#4583=VECTOR('',#5643,1.0);
#4584=CARTESIAN_POINT('',(-9.76996261670138E-15,47.1366025403874,4.6882685902142));
#4585=CARTESIAN_POINT('',(-3.96038757344286E-12,64.4557439501705,22.0074099999973));
#4586=VECTOR('',#5644,1.0);
#4587=CARTESIAN_POINT('',(-9.76996261670138E-15,48.300000000009,4.9999999999962));
#4588=CARTESIAN_POINT('',(-1.4104273304838E-12,18.8972551300481,-2.8784417431664));
#4589=VECTOR('',#5645,1.0);
#4590=CARTESIAN_POINT('',(-9.76996261670138E-15,48.300000000009,5.9999999999961));
#4591=CARTESIAN_POINT('',(-1.96020977227818E-12,48.300000000009,22.0074099999973));
#4592=VECTOR('',#5646,1.0);
#4593=CARTESIAN_POINT('',(-9.76996261670138E-15,46.0139895394571,6.19999999999612));
#4594=CARTESIAN_POINT('',(9.76996261670138E-15,18.8972551300481,8.57240685266276));
#4595=VECTOR('',#5647,1.0);
#4596=CARTESIAN_POINT('',(-9.76996261670138E-15,40.500000000009,6.19999999999612));
#4597=CARTESIAN_POINT('',(-2.79776202205539E-13,18.8972551300481,6.19999999999613));
#4598=VECTOR('',#5648,1.0);
#4599=CARTESIAN_POINT('',(-9.76996261670138E-15,40.500000000009,5.9999999999954));
#4600=CARTESIAN_POINT('',(-2.93010060659071E-12,40.500000000009,6.45000000000603));
#4601=VECTOR('',#5649,1.0);
#4602=CARTESIAN_POINT('',(-9.76996261670138E-15,15.2000000000075,5.9999999999923));
#4603=CARTESIAN_POINT('',(-1.4397372183339E-12,28.0758063432196,5.9999999999939));
#4604=VECTOR('',#5650,1.0);
#4605=CARTESIAN_POINT('',(-1.10134124042816E-13,16.7282878269433,11.7036478187062));
#4606=CARTESIAN_POINT('',(1.59960933387993E-12,19.489172582429,22.0074099999974));
#4607=VECTOR('',#5651,1.0);
#4608=AXIS2_PLACEMENT_3D('',#5652,#5653,#5654);
#4609=CARTESIAN_POINT('',(1.10134124042816E-13,15.2095855994057,12.0070552360779));
#4610=AXIS2_PLACEMENT_3D('',#5655,#5656,#5657);
#4611=CARTESIAN_POINT('',(-9.76996261670138E-15,13.6000000000067,6.0000000000028));
#4612=CARTESIAN_POINT('',(1.79944947831245E-12,17.8891725824277,22.0074099999974));
#4613=VECTOR('',#5658,1.0);
#4614=CARTESIAN_POINT('',(-9.76996261670138E-15,13.6000000000061,4.8999999999952));
#4615=CARTESIAN_POINT('',(2.32969199487343E-12,13.6000000000071,22.0074099999974));
#4616=VECTOR('',#5659,1.0);
#4617=CARTESIAN_POINT('',(-9.76996261670138E-15,14.9000000000086,4.551666049835));
#4618=CARTESIAN_POINT('',(-6.19948536950687E-13,18.8972551300481,3.4806047657998));
#4619=VECTOR('',#5660,1.0);
#4620=CARTESIAN_POINT('',(-1.34026123532749E-12,14.9000000000086,4.0999999999926));
#4621=CARTESIAN_POINT('',(2.16981987932741E-12,14.9000000000064,22.0074099999974));
#4622=VECTOR('',#5661,1.0);
#4623=CARTESIAN_POINT('',(-1.65023550380283E-12,13.2410563468766,-5.09814412907872E-12));
#4624=AXIS2_PLACEMENT_3D('',#5662,#5663,#5664);
#4625=CARTESIAN_POINT('',(-9.76996261670138E-15,7.8017592386459E-12,-5.59907675778959E-12));
#4626=CARTESIAN_POINT('',(-1.04982689208555E-12,18.8972551300481,-2.29860575018392E-12));
#4627=VECTOR('',#5665,1.0);
#4628=CARTESIAN_POINT('',(4.01012556494607E-12,7.8017592386459E-12,22.0074099999973));
#4629=VECTOR('',#5666,1.0);
#4630=CARTESIAN_POINT('',(-9.76996261670138E-15,3.6000000000078,3.9999999999969));
#4631=CARTESIAN_POINT('',(-1.99840144432528E-13,15.9972551300481,3.9999999999969));
#4632=VECTOR('',#5667,1.0);
#4633=CARTESIAN_POINT('',(-9.76996261670138E-15,3.6000000000078,12.5999999999978));
#4634=CARTESIAN_POINT('',(3.5695890687748E-12,3.6000000000078,22.0074099999973));
#4635=VECTOR('',#5668,1.0);
#4636=CARTESIAN_POINT('',(-9.76996261670138E-15,7.8017592386459E-12,12.5999999999978));
#4637=CARTESIAN_POINT('',(8.69526672886423E-13,15.9972551300481,12.5999999999981));
#4638=VECTOR('',#5669,1.0);
#4639=CARTESIAN_POINT('',(-9.76996261670138E-15,7.8017592386459E-12,14.1999999999958));
#4640=CARTESIAN_POINT('',(4.01012556494607E-12,7.90123522165231E-12,22.0074099999973));
#4641=VECTOR('',#5670,1.0);
#4642=AXIS2_PLACEMENT_3D('',#5671,#5672,#5673);
#4643=CARTESIAN_POINT('',(-9.76996261670138E-15,7.90123522165231E-12,30.7999206724324));
#4644=CARTESIAN_POINT('',(-9.76996261670138E-15,7.90123522165231E-12,22.0074100000007));
#4645=VECTOR('',#5674,1.0);
#4646=CARTESIAN_POINT('',(-9.76996261670138E-15,0.638903854931804,30.9711144443991));
#4647=CARTESIAN_POINT('',(-9.76996261670138E-15,18.8972551300483,35.8634249236535));
#4648=VECTOR('',#5675,1.0);
#4649=CARTESIAN_POINT('',(-9.76996261670138E-15,0.568425456454804,30.7080854804493));
#4650=CARTESIAN_POINT('',(-9.76996261670138E-15,-1.7629135121577,22.0074100000007));
#4651=VECTOR('',#5676,1.0);
#4652=CARTESIAN_POINT('',(-9.76996261670138E-15,1.60196609058421,30.4311491021901));
#4653=CARTESIAN_POINT('',(-9.76996261670138E-15,18.8972551300483,25.7968903712115));
#4654=VECTOR('',#5677,1.0);
#4655=CARTESIAN_POINT('',(-9.76996261670138E-15,3.2389965508584,36.5406299534681));
#4656=CARTESIAN_POINT('',(-9.76996261670138E-15,-0.655167999099199,22.0074100000007));
#4657=VECTOR('',#5678,1.0);
#4658=CARTESIAN_POINT('',(-9.76996261670138E-15,2.2054559167284,36.8175663317279));
#4659=CARTESIAN_POINT('',(-9.76996261670138E-15,18.8972551300483,32.3450122122986));
#4660=VECTOR('',#5679,1.0);
#4661=CARTESIAN_POINT('',(-9.76996261670138E-15,2.13497751825231,36.5545373677783));
#4662=CARTESIAN_POINT('',(-9.76996261670138E-15,-1.76291351212529,22.0074100000007));
#4663=VECTOR('',#5680,1.0);
#4664=CARTESIAN_POINT('',(-9.76996261670138E-15,1.70223433036021,36.9872805556692));
#4665=CARTESIAN_POINT('',(-9.76996261670138E-15,18.8972551300483,19.792259756031));
#4666=VECTOR('',#5681,1.0);
#4667=CARTESIAN_POINT('',(-9.76996261670138E-15,1.9066043895177,37.7499999999896));
#4668=CARTESIAN_POINT('',(-9.76996261670138E-15,-2.3116098877603,22.0074100000007));
#4669=VECTOR('',#5682,1.0);
#4670=CARTESIAN_POINT('',(-9.76996261670138E-15,6.78578680035761,37.7499999999896));
#4671=CARTESIAN_POINT('',(-9.76996261670138E-15,18.8972551300483,37.7499999999896));
#4672=VECTOR('',#5683,1.0);
#4673=CARTESIAN_POINT('',(-9.76996261670138E-15,10.2857868003603,41.2499999999923));
#4674=CARTESIAN_POINT('',(-9.76996261670138E-15,18.8972551300483,49.8614683296803));
#4675=VECTOR('',#5684,1.0);
#4676=CARTESIAN_POINT('',(-9.76996261670138E-15,18.0499999986609,41.2499999999923));
#4677=CARTESIAN_POINT('',(-9.76996261670138E-15,18.8972551300483,41.2499999999915));
#4678=VECTOR('',#5685,1.0);
#4679=CARTESIAN_POINT('',(-9.76996261670138E-15,18.0499999986609,35.2499999999926));
#4680=CARTESIAN_POINT('',(-9.76996261670138E-15,18.0499999986609,22.0074100000007));
#4681=VECTOR('',#5686,1.0);
#4682=CARTESIAN_POINT('',(-9.76996261670138E-15,21.3815002807222,35.2499999999926));
#4683=CARTESIAN_POINT('',(-9.76996261670138E-15,18.8972551300483,35.2499999999926));
#4684=VECTOR('',#5687,1.0);
#4685=CARTESIAN_POINT('',(-9.76996261670138E-15,22.1000000000081,33.5500000000119));
#4686=CARTESIAN_POINT('',(-9.76996261670138E-15,26.9784398088855,22.0074100000007));
#4687=VECTOR('',#5688,1.0);
#4688=CARTESIAN_POINT('',(-9.76996261670138E-15,22.1000000000081,29.2499999999972));
#4689=CARTESIAN_POINT('',(-1.10045306200846E-12,22.100000000009,2.8282392574688));
#4690=VECTOR('',#5689,1.0);
#4691=CARTESIAN_POINT('',(-9.76996261670138E-15,30.1000000000081,29.2499999999963));
#4692=CARTESIAN_POINT('',(2.56950016819246E-12,18.8972551300481,29.2499999999963));
#4693=VECTOR('',#5690,1.0);
#4694=CARTESIAN_POINT('',(-9.76996261670138E-15,30.1000000000216,33.5499999999878));
#4695=CARTESIAN_POINT('',(-2.20978790821391E-12,30.1000000000251,1.8459627702434));
#4696=VECTOR('',#5691,1.0);
#4697=CARTESIAN_POINT('',(-9.76996261670138E-15,30.8184997193056,35.2499999999938));
#4698=CARTESIAN_POINT('',(-4.40536496171262E-13,17.3614480978569,3.4100602720902));
#4699=VECTOR('',#5692,1.0);
#4700=CARTESIAN_POINT('',(-9.76996261670138E-15,32.4903456250331,35.2499999999941));
#4701=CARTESIAN_POINT('',(3.32001093283907E-12,18.8972551300481,35.249999999992));
#4702=VECTOR('',#5693,1.0);
#4703=CARTESIAN_POINT('',(-9.76996261670138E-15,33.4153984670939,33.1449999999957));
#4704=CARTESIAN_POINT('',(-7.30082660993503E-13,38.3098684353673,22.0074099999974));
#4705=VECTOR('',#5694,1.0);
#4706=CARTESIAN_POINT('',(-9.76996261670138E-15,32.8875000000093,33.1449999999957));
#4707=CARTESIAN_POINT('',(1.98951966012828E-12,27.5375000000098,33.1449999999954));
#4708=VECTOR('',#5695,1.0);
#4709=CARTESIAN_POINT('',(-9.76996261670138E-15,32.8875000000093,32.074999999996));
#4710=CARTESIAN_POINT('',(-2.59969823446227E-12,32.8875000000101,1.5037008067286));
#4711=VECTOR('',#5696,1.0);
#4712=CARTESIAN_POINT('',(-9.76996261670138E-15,39.2125000000094,32.0749999999958));
#4713=CARTESIAN_POINT('',(1.85007564823536E-12,27.5375000000097,32.0749999999961));
#4714=VECTOR('',#5697,1.0);
#4715=CARTESIAN_POINT('',(-9.76996261670138E-15,39.2125000000094,33.1449999999957));
#4716=CARTESIAN_POINT('',(-8.40216785036318E-13,39.2125000000097,22.0074099999974));
#4717=VECTOR('',#5698,1.0);
#4718=CARTESIAN_POINT('',(-9.76996261670138E-15,38.6846015329218,33.1449999999957));
#4719=CARTESIAN_POINT('',(3.05977465586693E-12,18.8972551300481,33.1449999999952));
#4720=VECTOR('',#5699,1.0);
#4721=CARTESIAN_POINT('',(-9.76996261670138E-15,39.6096543749853,35.2499999999956));
#4722=CARTESIAN_POINT('',(-1.70530256582424E-13,33.7901315646391,22.0074099999974));
#4723=VECTOR('',#5700,1.0);
#4724=CARTESIAN_POINT('',(-9.76996261670138E-15,47.6273457471263,35.2499999999956));
#4725=CARTESIAN_POINT('',(-9.76996261670138E-15,18.8972551300483,35.2499999999957));
#4726=VECTOR('',#5701,1.0);
#4727=CARTESIAN_POINT('',(-9.76996261670138E-15,38.0060409291624,22.0074100000007));
#4728=VECTOR('',#5702,1.0);
#4729=COLOUR_RGB('',0.560784339904785,0.588235318660736,0.600000023841858);
#4730=CARTESIAN_POINT('',(6.14999999999834,60.8977656696321,36.9872805556716));
#4731=VECTOR('',#5703,1.0);
#4732=CARTESIAN_POINT('',(6.14999999999845,60.6933956104746,37.7499999999918));
#4733=VECTOR('',#5704,1.0);
#4734=COLOUR_RGB('',0.560784339904785,0.588235318660736,0.600000023841858);
#4735=CARTESIAN_POINT('',(6.14999999999833,60.4650224817399,36.5545373677807));
#4736=VECTOR('',#5705,1.0);
#4737=COLOUR_RGB('',0.980392217636108,0.517647087574005,0.168627455830574);
#4738=CARTESIAN_POINT('',(2.56499999998635,55.5277524586488,21.4050727391107));
#4739=CARTESIAN_POINT('',(3.24999999999708,55.4127085319259,21.3676927013847));
#4740=AXIS2_PLACEMENT_3D('',#5706,#5707,#5708);
#4741=CARTESIAN_POINT('',(2.56499999998719,53.8594280831148,26.539647204377));
#4742=CARTESIAN_POINT('',(2.5649999999854,57.407649017289,15.619346048972));
#4743=VECTOR('',#5709,1.0);
#4744=CARTESIAN_POINT('',(1.27439180105846,55.4012498129231,26.8673715299734));
#4745=AXIS2_PLACEMENT_3D('',#5710,#5711,#5712);
#4746=CARTESIAN_POINT('',(1.24999999999817,54.8528209835509,29.5629853467123));
#4747=AXIS2_PLACEMENT_3D('',#5713,#5714,#5715);
#4748=CARTESIAN_POINT('',(1.2499999999995,52.2251906389847,37.6499999999929));
#4749=CARTESIAN_POINT('',(1.24999999999597,59.1947181231562,16.1999999999959));
#4750=VECTOR('',#5716,1.0);
#4751=CARTESIAN_POINT('',(3.24999999999976,50.1222661905089,37.649999999993));
#4752=AXIS2_PLACEMENT_3D('',#5717,#5718,#5719);
#4753=CARTESIAN_POINT('',(3.24999999999613,57.2926050905656,15.5819660112477));
#4754=VECTOR('',#5720,1.0);
#4755=COLOUR_RGB('',0.560784339904785,0.588235318660736,0.600000023841858);
#4756=CARTESIAN_POINT('',(6.04999999999985,49.3710478147048,37.6499999999927));
#4757=CARTESIAN_POINT('',(5.55000000003398,49.3710478147048,37.6499999999928));
#4758=CARTESIAN_POINT('',(6.14999999999999,49.3710478147048,37.6499999999927));
#4759=VECTOR('',#5721,1.0);
#4760=CARTESIAN_POINT('',(6.04999999999976,47.6273457471257,35.2499999999949));
#4761=CARTESIAN_POINT('',(6.04999999999931,38.0060409291624,22.0074100000007));
#4762=VECTOR('',#5722,1.0);
#4763=CARTESIAN_POINT('',(6.14999999999999,47.6273457471257,35.2499999999948));
#4764=VECTOR('',#5723,1.0);
#4765=CARTESIAN_POINT('',(5.55000000003398,49.4437020675201,37.7499999999919));
#4766=CARTESIAN_POINT('',(6.14999999999999,49.44370206752,37.7499999999918));
#4767=VECTOR('',#5724,1.0);
#4768=CARTESIAN_POINT('',(5.55000000003344,38.0060409291624,22.0074100000007));
#4769=VECTOR('',#5725,1.0);
#4770=COLOUR_RGB('',0.980392217636108,0.517647087574005,0.168627455830574);
#4771=CARTESIAN_POINT('',(0.0999999999997598,47.6273457471263,35.2499999999956));
#4772=CARTESIAN_POINT('',(0.0999999999998495,49.3710478147053,37.6499999999935));
#4773=CARTESIAN_POINT('',(0.0999999999993095,38.0060409291624,22.0074100000007));
#4774=VECTOR('',#5726,1.0);
#4775=CARTESIAN_POINT('',(0.10000000000045,42.1000000000087,35.2499999999956));
#4776=CARTESIAN_POINT('',(0.10000000000332,18.8972551300483,35.2499999999957));
#4777=VECTOR('',#5727,1.0);
#4778=CARTESIAN_POINT('',(0.10000000000045,42.1000000000102,35.2999999999956));
#4779=CARTESIAN_POINT('',(0.10000000000045,42.1000000000087,35.2499999999942));
#4780=VECTOR('',#5728,1.0);
#4781=CARTESIAN_POINT('',(0.10000000000053,42.4381126840049,36.2289569645019));
#4782=CARTESIAN_POINT('',(0.10000000000045,42.1000000000102,35.2999999999956));
#4783=VECTOR('',#5729,1.0);
#4784=CARTESIAN_POINT('',(0.10000000000032,45.4855493079611,37.6499999999941));
#4785=CARTESIAN_POINT('',(0.10000000000394,-9.39986612738959,12.0565104614818));
#4786=VECTOR('',#5730,1.0);
#4787=CARTESIAN_POINT('',(0.10000000000361,18.8972551300483,37.6499999999983));
#4788=VECTOR('',#5731,1.0);
#4789=COLOUR_RGB('',0.980392217636108,0.517647087574005,0.168627455830574);
#4790=CARTESIAN_POINT('',(6.05000000000033,45.4855493079619,37.6499999999934));
#4791=CARTESIAN_POINT('',(6.05000000000032,45.4855493079619,37.6499999999934));
#4792=VECTOR('',#5732,1.0);
#4793=CARTESIAN_POINT('',(6.05000000000053,42.4381126840057,36.2289569645011));
#4794=CARTESIAN_POINT('',(6.15000000000052,42.4381126840057,36.2289569645011));
#4795=VECTOR('',#5733,1.0);
#4796=CARTESIAN_POINT('',(6.05000000000394,-9.3998661273888,12.0565104614811));
#4797=VECTOR('',#5734,1.0);
#4798=COLOUR_RGB('',0.980392217636108,0.517647087574005,0.168627455830574);
#4799=CARTESIAN_POINT('',(5.55000000003378,50.9634359698996,37.6499999999925));
#4800=CARTESIAN_POINT('',(5.55000000003775,18.8972551300483,37.6499999999976));
#4801=VECTOR('',#5735,1.0);
#4802=CARTESIAN_POINT('',(5.04999999999965,50.9634359698996,37.6499999999926));
#4803=CARTESIAN_POINT('',(6.14999999999999,50.9634359698997,37.6499999999925));
#4804=VECTOR('',#5736,1.0);
#4805=CARTESIAN_POINT('',(3.44999999999976,50.122266190509,37.6499999999929));
#4806=AXIS2_PLACEMENT_3D('',#5737,#5738,#5739);
#4807=CARTESIAN_POINT('',(6.14999999999975,50.1222661905093,37.6499999999926));
#4808=VECTOR('',#5740,1.0);
#4809=CARTESIAN_POINT('',(1.24999999999926,54.1452988796221,37.6499999999926));
#4810=CARTESIAN_POINT('',(1.25000000000248,28.0758063432198,37.6499999999967));
#4811=VECTOR('',#5741,1.0);
#4812=CARTESIAN_POINT('',(3.24999999999901,56.152938554709,37.649999999992));
#4813=AXIS2_PLACEMENT_3D('',#5742,#5743,#5744);
#4814=CARTESIAN_POINT('',(3.44999999999901,56.152938554709,37.649999999992));
#4815=CARTESIAN_POINT('',(6.149999999999,56.1529385547094,37.6499999999917));
#4816=VECTOR('',#5745,1.0);
#4817=CARTESIAN_POINT('',(5.0499999999991,55.3498826846746,37.6499999999919));
#4818=AXIS2_PLACEMENT_3D('',#5746,#5747,#5748);
#4819=CARTESIAN_POINT('',(5.55000000003324,55.3498826846746,37.6499999999918));
#4820=CARTESIAN_POINT('',(6.1499999999991,55.3498826846747,37.6499999999918));
#4821=VECTOR('',#5749,1.0);
#4822=CARTESIAN_POINT('',(5.5500000000329,58.0500000013348,37.6499999999914));
#4823=CARTESIAN_POINT('',(5.55000000003775,18.8972551300483,37.6499999999976));
#4824=VECTOR('',#5750,1.0);
#4825=CARTESIAN_POINT('',(0.5500000000329,58.0500000013342,37.649999999992));
#4826=CARTESIAN_POINT('',(6.14999999999999,58.0500000013349,37.6499999999913));
#4827=VECTOR('',#5751,1.0);
#4828=CARTESIAN_POINT('',(0.55000000003398,49.3710478147053,37.6499999999934));
#4829=CARTESIAN_POINT('',(0.55000000003775,18.8972551300483,37.6499999999982));
#4830=VECTOR('',#5752,1.0);
#4831=CARTESIAN_POINT('',(6.14999999999999,49.3710478147048,37.6499999999927));
#4832=VECTOR('',#5753,1.0);
#4833=CARTESIAN_POINT('',(6.05000000000361,18.8972551300483,37.6499999999976));
#4834=VECTOR('',#5754,1.0);
#4835=CARTESIAN_POINT('',(4.90000000000026,46.0440235229503,37.6499999999934));
#4836=CARTESIAN_POINT('',(4.89999999999992,48.8244897959293,37.649999999993));
#4837=CARTESIAN_POINT('',(4.90000000000362,18.8972551300483,37.6499999999977));
#4838=VECTOR('',#5755,1.0);
#4839=CARTESIAN_POINT('',(1.20000000000026,46.0440235229498,37.6499999999939));
#4840=CARTESIAN_POINT('',(6.14999999999999,46.0440235229504,37.6499999999932));
#4841=VECTOR('',#5756,1.0);
#4842=CARTESIAN_POINT('',(1.19999999999992,48.8244897959289,37.6499999999934));
#4843=CARTESIAN_POINT('',(1.20000000000362,18.8972551300483,37.6499999999982));
#4844=VECTOR('',#5757,1.0);
#4845=CARTESIAN_POINT('',(6.14999999999999,48.8244897959295,37.6499999999928));
#4846=VECTOR('',#5758,1.0);
#4847=COLOUR_RGB('',0.980392217636108,0.517647087574005,0.168627455830574);
#4848=CARTESIAN_POINT('',(1.19999999999894,49.2939986545922,30.2676395830102));
#4849=CARTESIAN_POINT('',(1.19999999999938,48.223187908457,32.6999999999819));
#4850=VECTOR('',#5759,1.0);
#4851=CARTESIAN_POINT('',(1.19999999999859,49.8615838585954,27.9499999999964));
#4852=CARTESIAN_POINT('',(1.19999999999932,48.6983185524769,32.6999999999818));
#4853=VECTOR('',#5760,1.0);
#4854=CARTESIAN_POINT('',(1.19999999999842,51.2000000000092,27.9499999999961));
#4855=CARTESIAN_POINT('',(1.19999999999867,49.145727276639,27.9499999999965));
#4856=VECTOR('',#5761,1.0);
#4857=CARTESIAN_POINT('',(1.19999999999915,50.0367346938906,32.6999999999816));
#4858=VECTOR('',#5762,1.0);
#4859=COLOUR_RGB('',0.980392217636108,0.517647087574005,0.168627455830574);
#4860=CARTESIAN_POINT('',(4.89999999999842,51.2000000000096,27.9499999999957));
#4861=CARTESIAN_POINT('',(4.89999999999915,50.0367346938911,32.6999999999812));
#4862=VECTOR('',#5763,1.0);
#4863=CARTESIAN_POINT('',(4.89999999999858,49.8615838585959,27.9499999999959));
#4864=CARTESIAN_POINT('',(4.89999999999867,49.1457272766395,27.949999999996));
#4865=VECTOR('',#5764,1.0);
#4866=CARTESIAN_POINT('',(4.89999999999894,49.2939986545926,30.2676395830098));
#4867=CARTESIAN_POINT('',(4.89999999999932,48.6983185524773,32.6999999999814));
#4868=VECTOR('',#5765,1.0);
#4869=CARTESIAN_POINT('',(4.89999999999938,48.2231879084574,32.6999999999815));
#4870=VECTOR('',#5766,1.0);
#4871=COLOUR_RGB('',0.980392217636108,0.517647087574005,0.168627455830574);
#4872=CARTESIAN_POINT('',(4.89999999999894,49.2939986545926,30.2676395830098));
#4873=VECTOR('',#5767,1.0);
#4874=COLOUR_RGB('',0.980392217636108,0.517647087574005,0.168627455830574);
#4875=CARTESIAN_POINT('',(4.89999999999858,49.8615838585959,27.9499999999959));
#4876=VECTOR('',#5768,1.0);
#4877=COLOUR_RGB('',0.980392217636108,0.517647087574005,0.168627455830574);
#4878=CARTESIAN_POINT('',(4.89999999999842,51.2000000000096,27.9499999999957));
#4879=VECTOR('',#5769,1.0);
#4880=COLOUR_RGB('',0.980392217636108,0.517647087574005,0.168627455830574);
#4881=COLOUR_RGB('',0.980392217636108,0.517647087574005,0.168627455830574);
#4882=CARTESIAN_POINT('',(3.44999999999708,55.4127085319254,21.3676927013862));
#4883=CARTESIAN_POINT('',(3.44999999999613,57.2926050905656,15.5819660112476));
#4884=VECTOR('',#5770,1.0);
#4885=CARTESIAN_POINT('',(1.24999999999708,55.4127085319257,21.3676927013849));
#4886=VECTOR('',#5771,1.0);
#4887=COLOUR_RGB('',0.560784339904785,0.588235318660736,0.600000023841858);
#4888=CARTESIAN_POINT('',(0.55000000003398,49.4437020675205,37.7499999999925));
#4889=CARTESIAN_POINT('',(0.55000000003345,38.0060409291624,22.0074100000007));
#4890=VECTOR('',#5772,1.0);
#4891=CARTESIAN_POINT('',(6.14999999999999,49.44370206752,37.7499999999918));
#4892=VECTOR('',#5773,1.0);
#4893=CARTESIAN_POINT('',(6.14999999999999,47.6273457471257,35.2499999999948));
#4894=VECTOR('',#5774,1.0);
#4895=COLOUR_RGB('',0.560784339904785,0.588235318660736,0.600000023841858);
#4896=CARTESIAN_POINT('',(6.15000000000075,39.609654374986,35.2499999999949));
#4897=VECTOR('',#5775,1.0);
#4898=CARTESIAN_POINT('',(6.15000000000061,38.6846015329226,33.144999999995));
#4899=VECTOR('',#5776,1.0);
#4900=COLOUR_RGB('',0.980392217636108,0.517647087574005,0.168627455830574);
#4901=CARTESIAN_POINT('',(6.05000000000045,42.1000000000109,35.2999999999948));
#4902=CARTESIAN_POINT('',(6.05000000000045,42.1000000000109,35.2999999999948));
#4903=VECTOR('',#5777,1.0);
#4904=CARTESIAN_POINT('',(6.05000000000045,42.1000000000094,35.2499999999949));
#4905=CARTESIAN_POINT('',(6.05000000000045,42.1000000000094,35.2499999999934));
#4906=VECTOR('',#5778,1.0);
#4907=CARTESIAN_POINT('',(6.05000000000332,18.8972551300483,35.2499999999949));
#4908=VECTOR('',#5779,1.0);
#4909=COLOUR_RGB('',0.560784339904785,0.588235318660736,0.600000023841858);
#4910=CARTESIAN_POINT('',(6.15000000000044,42.1000000000095,35.2499999999949));
#4911=VECTOR('',#5780,1.0);
#4912=COLOUR_RGB('',0.980392217636108,0.517647087574005,0.168627455830574);
#4913=CARTESIAN_POINT('',(6.05000000000045,42.1000000000109,35.2999999999948));
#4914=VECTOR('',#5781,1.0);
#4915=COLOUR_RGB('',0.980392217636108,0.517647087574005,0.168627455830574);
#4916=COLOUR_RGB('',0.560784339904785,0.588235318660736,0.600000023841858);
#4917=CARTESIAN_POINT('',(6.15000000000054,39.2125000000102,33.144999999995));
#4918=VECTOR('',#5782,1.0);
#4919=COLOUR_RGB('',0.560784339904785,0.588235318660736,0.600000023841858);
#4920=CARTESIAN_POINT('',(6.15000000000041,39.2125000000102,32.074999999995));
#4921=VECTOR('',#5783,1.0);
#4922=COLOUR_RGB('',0.560784339904785,0.588235318660736,0.600000023841858);
#4923=CARTESIAN_POINT('',(6.15000000000119,32.8875000000101,32.0749999999952));
#4924=VECTOR('',#5784,1.0);
#4925=COLOUR_RGB('',0.560784339904785,0.588235318660736,0.600000023841858);
#4926=CARTESIAN_POINT('',(6.15000000000132,32.88750000001,33.1449999999948));
#4927=VECTOR('',#5785,1.0);
#4928=COLOUR_RGB('',0.560784339904785,0.588235318660736,0.600000023841858);
#4929=CARTESIAN_POINT('',(6.15000000000126,33.4153984670946,33.1449999999949));
#4930=VECTOR('',#5786,1.0);
#4931=COLOUR_RGB('',0.560784339904785,0.588235318660736,0.600000023841858);
#4932=CARTESIAN_POINT('',(6.15000000000163,32.4903456250339,35.2499999999933));
#4933=VECTOR('',#5787,1.0);
#4934=CARTESIAN_POINT('',(6.15000000000184,30.8184997193063,35.2499999999931));
#4935=VECTOR('',#5788,1.0);
#4936=COLOUR_RGB('',0.823529481887817,0.823529481887817,0.784313797950745);
#4937=CARTESIAN_POINT('',(0.65000000000003,26.9499999999894,17.0499999999879));
#4938=CARTESIAN_POINT('',(5.50000000000006,26.94999999999,17.0499999999873));
#4939=CARTESIAN_POINT('',(0.65000000000003,26.9499999999894,17.0499999999879));
#4940=VECTOR('',#5789,1.0);
#4941=CARTESIAN_POINT('',(5.49999999999967,30.1000000000267,17.0499999999869));
#4942=CARTESIAN_POINT('',(5.50000000000006,26.94999999999,17.0499999999873));
#4943=VECTOR('',#5790,1.0);
#4944=CARTESIAN_POINT('',(0.64999999999964,30.1000000000261,17.0499999999875));
#4945=CARTESIAN_POINT('',(5.49999999999967,30.1000000000267,17.0499999999869));
#4946=VECTOR('',#5791,1.0);
#4947=CARTESIAN_POINT('',(0.64999999999964,30.1000000000261,17.0499999999875));
#4948=VECTOR('',#5792,1.0);
#4949=COLOUR_RGB('',0.560784339904785,0.588235318660736,0.600000023841858);
#4950=CARTESIAN_POINT('',(0.65000000000115,30.1000000000082,29.2499999999962));
#4951=CARTESIAN_POINT('',(0.65000000000154,26.9499999999908,29.2499999999966));
#4952=CARTESIAN_POINT('',(0.6500000000014,28.0758063432197,29.2499999999965));
#4953=VECTOR('',#5793,1.0);
#4954=CARTESIAN_POINT('',(0.65000000000154,26.9499999999908,29.2499999999966));
#4955=VECTOR('',#5794,1.0);
#4956=CARTESIAN_POINT('',(0.65000000000115,30.1000000000275,29.2499999999962));
#4957=VECTOR('',#5795,1.0);
#4958=COLOUR_RGB('',0.560784339904785,0.588235318660736,0.600000023841858);
#4959=CARTESIAN_POINT('',(5.50000000000157,26.9499999999914,29.249999999996));
#4960=CARTESIAN_POINT('',(6.15000000000158,26.9499999999914,29.2499999999959));
#4961=VECTOR('',#5796,1.0);
#4962=CARTESIAN_POINT('',(5.50000000000157,26.9499999999914,29.249999999996));
#4963=VECTOR('',#5797,1.0);
#4964=COLOUR_RGB('',0.560784339904785,0.588235318660736,0.600000023841858);
#4965=CARTESIAN_POINT('',(5.50000000000118,30.1000000000088,29.2499999999956));
#4966=CARTESIAN_POINT('',(5.50000000000144,28.0758063432203,29.2499999999959));
#4967=VECTOR('',#5798,1.0);
#4968=CARTESIAN_POINT('',(5.50000000000118,30.1000000000281,29.2499999999956));
#4969=VECTOR('',#5799,1.0);
#4970=COLOUR_RGB('',0.560784339904785,0.588235318660736,0.600000023841858);
#4971=CARTESIAN_POINT('',(6.15000000000172,30.1000000000248,33.5499999999928));
#4972=VECTOR('',#5800,1.0);
#4973=CARTESIAN_POINT('',(6.15000000000119,30.1000000000088,29.2499999999943));
#4974=VECTOR('',#5801,1.0);
#4975=CARTESIAN_POINT('',(6.15000000000119,30.1000000000088,29.2499999999943));
#4976=VECTOR('',#5802,1.0);
#4977=COLOUR_RGB('',0.560784339904785,0.588235318660736,0.600000023841858);
#4978=COLOUR_RGB('',0.560784339904785,0.588235318660736,0.600000023841858);
#4979=CARTESIAN_POINT('',(0.65000000000214,22.1000000000082,29.2499999999972));
#4980=CARTESIAN_POINT('',(6.15000000000218,22.1000000000098,29.2499999999965));
#4981=VECTOR('',#5803,1.0);
#4982=CARTESIAN_POINT('',(0.65000000000175,25.2500000000277,29.2499999999968));
#4983=CARTESIAN_POINT('',(0.6500000000014,28.0758063432197,29.2499999999965));
#4984=VECTOR('',#5804,1.0);
#4985=CARTESIAN_POINT('',(5.50000000000179,25.2500000000283,29.2499999999962));
#4986=CARTESIAN_POINT('',(6.15000000000179,25.2500000000284,29.2499999999961));
#4987=VECTOR('',#5805,1.0);
#4988=CARTESIAN_POINT('',(5.50000000000218,22.1000000000088,29.2499999999966));
#4989=CARTESIAN_POINT('',(5.50000000000144,28.0758063432203,29.2499999999959));
#4990=VECTOR('',#5806,1.0);
#4991=CARTESIAN_POINT('',(6.15000000000218,22.1000000000098,29.2499999999965));
#4992=VECTOR('',#5807,1.0);
#4993=COLOUR_RGB('',0.560784339904785,0.588235318660736,0.600000023841858);
#4994=CARTESIAN_POINT('',(6.76500240000351,0.568425456454804,30.7080854804492));
#4995=VECTOR('',#5808,1.0);
#4996=CARTESIAN_POINT('',(6.14999999999999,0.638903854931804,30.9711144443991));
#4997=VECTOR('',#5809,1.0);
#4998=COLOUR_RGB('',0.560784339904785,0.588235318660736,0.600000023841858);
#4999=CARTESIAN_POINT('',(6.14999999999999,3.2389965508584,36.5406299534681));
#5000=VECTOR('',#5810,1.0);
#5001=CARTESIAN_POINT('',(6.14999999999999,1.60196609058421,30.4311491021901));
#5002=VECTOR('',#5811,1.0);
#5003=COLOUR_RGB('',0.560784339904785,0.588235318660736,0.600000023841858);
#5004=CARTESIAN_POINT('',(6.76500240000351,2.2054559167284,36.8175663317279));
#5005=VECTOR('',#5812,1.0);
#5006=COLOUR_RGB('',0.560784339904785,0.588235318660736,0.600000023841858);
#5007=CARTESIAN_POINT('',(6.14999999999999,1.70223433036021,36.9872805556692));
#5008=VECTOR('',#5813,1.0);
#5009=CARTESIAN_POINT('',(6.14999999999999,2.13497751825231,36.5545373677783));
#5010=VECTOR('',#5814,1.0);
#5011=COLOUR_RGB('',0.560784339904785,0.588235318660736,0.600000023841858);
#5012=CARTESIAN_POINT('',(6.14999999999999,1.9066043895177,37.7499999999896));
#5013=VECTOR('',#5815,1.0);
#5014=COLOUR_RGB('',0.560784339904785,0.588235318660736,0.600000023841858);
#5015=CARTESIAN_POINT('',(6.76500240000351,6.78578680035761,37.7499999999896));
#5016=VECTOR('',#5816,1.0);
#5017=COLOUR_RGB('',0.560784339904785,0.588235318660736,0.600000023841858);
#5018=CARTESIAN_POINT('',(6.14999999999999,10.2857868003595,41.2499999999915));
#5019=VECTOR('',#5817,1.0);
#5020=COLOUR_RGB('',0.560784339904785,0.588235318660736,0.600000023841858);
#5021=CARTESIAN_POINT('',(6.14999999999999,18.0499999986609,41.2499999999915));
#5022=VECTOR('',#5818,1.0);
#5023=CARTESIAN_POINT('',(3.54999999994876,11.1249999986583,41.2499999999919));
#5024=CARTESIAN_POINT('',(3.54999999994877,15.1249999986583,41.2499999999919));
#5025=AXIS2_PLACEMENT_3D('',#5819,#5820,#5821);
#5026=AXIS2_PLACEMENT_3D('',#5822,#5823,#5824);
#5027=COLOUR_RGB('',0.560784339904785,0.588235318660736,0.600000023841858);
#5028=CARTESIAN_POINT('',(3.549999999948,11.1249999986583,35.1249999999932));
#5029=CARTESIAN_POINT('',(1.9101225949683,14.2699026568075,35.1249999999935));
#5030=AXIS2_PLACEMENT_3D('',#5825,#5826,#5827);
#5031=CARTESIAN_POINT('',(1.91012259496818,14.2699026568075,34.1249999999935));
#5032=CARTESIAN_POINT('',(1.9101225949683,14.2699026568075,35.1249999999935));
#5033=VECTOR('',#5828,1.0);
#5034=CARTESIAN_POINT('',(2.40509734179883,14.7648774036381,34.1249999999934));
#5035=AXIS2_PLACEMENT_3D('',#5829,#5830,#5831);
#5036=CARTESIAN_POINT('',(2.40509734179895,14.7648774036381,35.1249999999934));
#5037=CARTESIAN_POINT('',(2.40509734179895,14.7648774036381,35.1249999999934));
#5038=VECTOR('',#5832,1.0);
#5039=CARTESIAN_POINT('',(3.54999999994801,15.1249999986583,35.1249999999932));
#5040=AXIS2_PLACEMENT_3D('',#5833,#5834,#5835);
#5041=CARTESIAN_POINT('',(3.54999999994877,15.1249999986583,41.2499999999919));
#5042=VECTOR('',#5836,1.0);
#5043=CARTESIAN_POINT('',(3.54999999994876,11.1249999986583,41.2499999999919));
#5044=VECTOR('',#5837,1.0);
#5045=COLOUR_RGB('',0.823529481887817,0.823529481887817,0.784313797950745);
#5046=CARTESIAN_POINT('',(5.18987740492375,11.9800973405037,34.124999999993));
#5047=CARTESIAN_POINT('',(4.69490265809703,11.4851225936786,34.1249999999931));
#5048=AXIS2_PLACEMENT_3D('',#5838,#5839,#5840);
#5049=CARTESIAN_POINT('',(2.40509734179883,14.7648774036381,34.1249999999934));
#5050=VECTOR('',#5841,1.0);
#5051=CARTESIAN_POINT('',(4.69490265809702,11.4851225936786,34.1249999999931));
#5052=VECTOR('',#5842,1.0);
#5053=COLOUR_RGB('',0.823529481887817,0.823529481887817,0.784313797950745);
#5054=CARTESIAN_POINT('',(4.69490265809715,11.4851225936786,35.1249999999931));
#5055=CARTESIAN_POINT('',(-2.71722987827244,18.8972551300483,35.124999999994));
#5056=VECTOR('',#5843,1.0);
#5057=CARTESIAN_POINT('',(4.69490265809715,11.4851225936786,35.1249999999931));
#5058=VECTOR('',#5844,1.0);
#5059=COLOUR_RGB('',0.823529481887817,0.823529481887817,0.784313797950745);
#5060=CARTESIAN_POINT('',(5.18987740492387,11.9800973405037,35.124999999993));
#5061=CARTESIAN_POINT('',(-1.7272803845968,18.8972551300483,35.1249999999939));
#5062=VECTOR('',#5845,1.0);
#5063=AXIS2_PLACEMENT_3D('',#5846,#5847,#5848);
#5064=COLOUR_RGB('',0.823529481887817,0.823529481887817,0.784313797950745);
#5065=CARTESIAN_POINT('',(5.18987740492387,11.9800973405037,35.124999999993));
#5066=VECTOR('',#5849,1.0);
#5067=COLOUR_RGB('',0.823529481887817,0.823529481887817,0.784313797950745);
#5068=AXIS2_PLACEMENT_3D('',#5850,#5851,#5852);
#5069=COLOUR_RGB('',0.560784339904785,0.588235318660736,0.600000023841858);
#5070=CARTESIAN_POINT('',(6.14999999999999,21.3815002807224,35.2499999999982));
#5071=VECTOR('',#5853,1.0);
#5072=CARTESIAN_POINT('',(6.76500240000351,18.0499999986609,35.2499999999926));
#5073=VECTOR('',#5854,1.0);
#5074=COLOUR_RGB('',0.560784339904785,0.588235318660736,0.600000023841858);
#5075=COLOUR_RGB('',0.560784339904785,0.588235318660736,0.600000023841858);
#5076=COLOUR_RGB('',0.560784339904785,0.588235318660736,0.600000023841858);
#5077=COLOUR_RGB('',0.560784339904785,0.588235318660736,0.600000023841858);
#5078=CARTESIAN_POINT('',(6.14999999999999,8.60467253005481E-12,30.7999206724326));
#5079=VECTOR('',#5855,1.0);
#5080=COLOUR_RGB('',0.560784339904785,0.588235318660736,0.600000023841858);
#5081=CARTESIAN_POINT('',(0.59999999994918,7.90123522165231E-12,28.0999999999892));
#5082=CARTESIAN_POINT('',(0.59999999994918,7.90123522165231E-12,22.0074100000007));
#5083=VECTOR('',#5856,1.0);
#5084=CARTESIAN_POINT('',(5.54999999994918,8.60467253005481E-12,28.0999999999892));
#5085=CARTESIAN_POINT('',(6.14999999999999,8.60467253005481E-12,28.0999999999892));
#5086=VECTOR('',#5857,1.0);
#5087=CARTESIAN_POINT('',(5.54999999994918,8.60467253005481E-12,26.5920094404034));
#5088=CARTESIAN_POINT('',(5.54999999994918,8.60467253005481E-12,22.0074100000007));
#5089=VECTOR('',#5858,1.0);
#5090=CARTESIAN_POINT('',(6.1500029999492,-1.32039446043564E-09,26.5920094404034));
#5091=VECTOR('',#5859,1.0);
#5092=COLOUR_RGB('',0.560784339904785,0.588235318660736,0.600000023841858);
#5093=CARTESIAN_POINT('',(5.54999999994918,0.462512553735301,16.0923542341166));
#5094=AXIS2_PLACEMENT_3D('',#5860,#5861,#5862);
#5095=CARTESIAN_POINT('',(0.59999999994917,0.462512553734804,16.0923542341163));
#5096=CARTESIAN_POINT('',(6.15000000000322,0.462512554211706,16.0923542343381));
#5097=VECTOR('',#5863,1.0);
#5098=AXIS2_PLACEMENT_3D('',#5864,#5865,#5866);
#5099=CARTESIAN_POINT('',(6.15000000000305,8.5051965470484E-12,14.199999999995));
#5100=VECTOR('',#5867,1.0);
#5101=COLOUR_RGB('',0.560784339904785,0.588235318660736,0.600000023841858);
#5102=CARTESIAN_POINT('',(6.15000000000285,8.5051965470484E-12,12.5999999999971));
#5103=VECTOR('',#5868,1.0);
#5104=COLOUR_RGB('',0.560784339904785,0.588235318660736,0.600000023841858);
#5105=CARTESIAN_POINT('',(6.1500000000024,3.60000000000851,12.5999999999971));
#5106=VECTOR('',#5869,1.0);
#5107=COLOUR_RGB('',0.560784339904785,0.588235318660736,0.600000023841858);
#5108=AXIS2_PLACEMENT_3D('',#5870,#5871,#5872);
#5109=COLOUR_RGB('',0.560784339904785,0.588235318660736,0.600000023841858);
#5110=CARTESIAN_POINT('',(5.54999999994916,4.7676380889049,20.6528023231044));
#5111=CARTESIAN_POINT('',(6.14999999994915,4.7676380889049,20.6528023231044));
#5112=VECTOR('',#5873,1.0);
#5113=CARTESIAN_POINT('',(5.54999999994918,-1.34089361836232E-09,19.3753175470191));
#5114=VECTOR('',#5874,1.0);
#5115=COLOUR_RGB('',0.560784339904785,0.588235318660736,0.600000023841858);
#5116=CARTESIAN_POINT('',(5.54999999994918,6.24999999869981,22.5846539756826));
#5117=CARTESIAN_POINT('',(6.14999999994917,6.24999999869981,22.5846539756826));
#5118=VECTOR('',#5875,1.0);
#5119=AXIS2_PLACEMENT_3D('',#5876,#5877,#5878);
#5120=COLOUR_RGB('',0.560784339904785,0.588235318660736,0.600000023841858);
#5121=CARTESIAN_POINT('',(5.54999999994918,6.24999999869981,22.6153460237668));
#5122=CARTESIAN_POINT('',(6.14999999994917,6.24999999869981,22.6153460237667));
#5123=VECTOR('',#5879,1.0);
#5124=CARTESIAN_POINT('',(5.54999999994918,6.2499999986997,26.9951220413329));
#5125=VECTOR('',#5880,1.0);
#5126=COLOUR_RGB('',0.560784339904785,0.588235318660736,0.600000023841858);
#5127=CARTESIAN_POINT('',(5.54999999994918,4.7676380889048,24.5471976763448));
#5128=CARTESIAN_POINT('',(6.14999999994918,4.7676380889048,24.5471976763448));
#5129=VECTOR('',#5881,1.0);
#5130=AXIS2_PLACEMENT_3D('',#5882,#5883,#5884);
#5131=COLOUR_RGB('',0.560784339904785,0.588235318660736,0.600000023841858);
#5132=CARTESIAN_POINT('',(5.54999999994918,0.7411809535771,25.6260836141143));
#5133=CARTESIAN_POINT('',(6.14999999994919,0.7411809535771,25.6260836141143));
#5134=VECTOR('',#5885,1.0);
#5135=CARTESIAN_POINT('',(5.54999999994918,-1.34089361836232E-09,25.8246824524299));
#5136=VECTOR('',#5886,1.0);
#5137=COLOUR_RGB('',0.560784339904785,0.588235318660736,0.600000023841858);
#5138=AXIS2_PLACEMENT_3D('',#5887,#5888,#5889);
#5139=COLOUR_RGB('',0.560784339904785,0.588235318660736,0.600000023841858);
#5140=CARTESIAN_POINT('',(5.54999999994918,7.8461743145681,19.5354122584191));
#5141=CARTESIAN_POINT('',(5.54999999994918,-1.34089361836232E-09,15.8766810876917));
#5142=VECTOR('',#5890,1.0);
#5143=CARTESIAN_POINT('',(5.54999999994918,5.1239839931448,28.0999999999892));
#5144=CARTESIAN_POINT('',(5.54999999994918,-1.34089361836232E-09,28.0999999999892));
#5145=VECTOR('',#5891,1.0);
#5146=CARTESIAN_POINT('',(5.54999999994918,7.8461743145681,25.3144279469149));
#5147=CARTESIAN_POINT('',(5.54999999994918,11.0779457698944,22.0074099999944));
#5148=VECTOR('',#5892,1.0);
#5149=CARTESIAN_POINT('',(5.54999999994918,7.8461743145681,26.9951220413329));
#5150=VECTOR('',#5893,1.0);
#5151=COLOUR_RGB('',0.823529481887817,0.823529481887817,0.784313797950745);
#5152=CARTESIAN_POINT('',(1.94999999994918,17.0499999986803,24.024999999994));
#5153=CARTESIAN_POINT('',(1.94999999994918,9.32499999867741,24.024999999994));
#5154=CARTESIAN_POINT('',(1.94999999994918,-1.34089361836232E-09,24.024999999994));
#5155=VECTOR('',#5894,1.0);
#5156=CARTESIAN_POINT('',(5.14999999994918,17.0499999986803,24.024999999994));
#5157=CARTESIAN_POINT('',(5.99999999994917,17.0499999986803,24.0249999999939));
#5158=VECTOR('',#5895,1.0);
#5159=CARTESIAN_POINT('',(5.14999999994918,9.1062631618147,24.024999999994));
#5160=CARTESIAN_POINT('',(5.14999999994918,-1.34089361836232E-09,24.024999999994));
#5161=VECTOR('',#5896,1.0);
#5162=CARTESIAN_POINT('',(1.82371222830481,9.1062631618147,24.024999999994));
#5163=CARTESIAN_POINT('',(5.99999999994917,9.1062631618147,24.024999999994));
#5164=VECTOR('',#5897,1.0);
#5165=CARTESIAN_POINT('',(-3.43379126025469,-1.34089361836232E-09,24.024999999994));
#5166=VECTOR('',#5898,1.0);
#5167=COLOUR_RGB('',0.823529481887817,0.823529481887817,0.784313797950745);
#5168=CARTESIAN_POINT('',(5.14999999994918,17.0499999986803,21.0249999999934));
#5169=CARTESIAN_POINT('',(5.14999999994918,17.0499999986803,26.9951220413328));
#5170=VECTOR('',#5899,1.0);
#5171=CARTESIAN_POINT('',(5.14999999994918,9.32499999867211,21.0249999999934));
#5172=CARTESIAN_POINT('',(5.14999999994918,-1.34089361836232E-09,21.0249999999934));
#5173=VECTOR('',#5900,1.0);
#5174=CARTESIAN_POINT('',(5.14999999994918,8.9249999986787,20.4593145750534));
#5175=CARTESIAN_POINT('',(5.14999999994918,13.5465137786115,26.9951220413329));
#5176=VECTOR('',#5901,1.0);
#5177=CARTESIAN_POINT('',(5.14999999994918,8.9249999986787,24.2104835782398));
#5178=CARTESIAN_POINT('',(5.14999999994918,8.9249999986787,26.9951220413329));
#5179=VECTOR('',#5902,1.0);
#5180=CARTESIAN_POINT('',(5.14999999994918,6.2037220247239,26.9951220413329));
#5181=VECTOR('',#5903,1.0);
#5182=COLOUR_RGB('',0.560784339904785,0.588235318660736,0.600000023841858);
#5183=CARTESIAN_POINT('',(5.42036336736009,8.1958126366649,19.6984512855973));
#5184=CARTESIAN_POINT('',(2.82758158417119,15.1887115891606,26.9951220413329));
#5185=VECTOR('',#5904,1.0);
#5186=CARTESIAN_POINT('',(4.34999999994918,9.3249999986726,20.2249999999934));
#5187=CARTESIAN_POINT('',(6.13240999995016,9.32499999867741,22.0074099999944));
#5188=VECTOR('',#5905,1.0);
#5189=CARTESIAN_POINT('',(13.1892225567913,-1.34089361836232E-09,15.8766810876917));
#5190=VECTOR('',#5906,1.0);
#5191=COLOUR_RGB('',0.560784339904785,0.588235318660736,0.600000023841858);
#5192=CARTESIAN_POINT('',(0.59999999994918,6.98673140845941,19.1346474495537));
#5193=CARTESIAN_POINT('',(0.59999999994918,-1.34089361836232E-09,15.8766810876917));
#5194=VECTOR('',#5907,1.0);
#5195=CARTESIAN_POINT('',(8.45915369603583,-1.34089361836232E-09,15.8766810876917));
#5196=VECTOR('',#5908,1.0);
#5197=CARTESIAN_POINT('',(2.74999999995695,9.3249999986758,20.2249999999949));
#5198=CARTESIAN_POINT('',(6.14999999998331,9.3249999986726,20.2249999999934));
#5199=VECTOR('',#5909,1.0);
#5200=CARTESIAN_POINT('',(0.70354691248906,7.1660799219453,19.2182790348709));
#5201=CARTESIAN_POINT('',(-6.08922255689296,-1.34089361836232E-09,15.8766810876917));
#5202=VECTOR('',#5910,1.0);
#5203=CARTESIAN_POINT('',(-3.43379126025459,-1.34089361836232E-09,15.8766810876917));
#5204=VECTOR('',#5911,1.0);
#5205=COLOUR_RGB('',0.823529481887817,0.823529481887817,0.784313797950745);
#5206=CARTESIAN_POINT('',(1.94999999994918,9.32499999867741,21.025000000005));
#5207=CARTESIAN_POINT('',(1.94999999994918,9.32499999867751,26.9951220413329));
#5208=VECTOR('',#5912,1.0);
#5209=CARTESIAN_POINT('',(1.94999999994918,17.0499999986803,21.0250000000055));
#5210=CARTESIAN_POINT('',(1.94999999994917,-1.34089361836232E-09,21.0250000000051));
#5211=VECTOR('',#5913,1.0);
#5212=CARTESIAN_POINT('',(1.94999999994918,17.0499999986803,26.9951220413329));
#5213=VECTOR('',#5914,1.0);
#5214=COLOUR_RGB('',0.560784339904785,0.588235318660736,0.600000023841858);
#5215=CARTESIAN_POINT('',(2.74999999995521,17.0499999986803,20.2249999999934));
#5216=CARTESIAN_POINT('',(5.99999999994911,17.0499999986803,16.9750000000055));
#5217=VECTOR('',#5915,1.0);
#5218=CARTESIAN_POINT('',(4.34999999994917,17.0499999986803,20.2249999999934));
#5219=CARTESIAN_POINT('',(5.99999999994914,17.0499999986803,20.2249999999934));
#5220=VECTOR('',#5916,1.0);
#5221=CARTESIAN_POINT('',(11.1201220412886,17.0499999986803,26.9951220413328));
#5222=VECTOR('',#5917,1.0);
#5223=COLOUR_RGB('',0.823529481887817,0.823529481887817,0.784313797950745);
#5224=CARTESIAN_POINT('',(4.34999999994918,-1.34089361836232E-09,20.2249999999934));
#5225=VECTOR('',#5918,1.0);
#5226=COLOUR_RGB('',0.823529481887817,0.823529481887817,0.784313797950745);
#5227=CARTESIAN_POINT('',(2.74999999996087,-1.34089361836232E-09,20.2249999999934));
#5228=VECTOR('',#5919,1.0);
#5229=COLOUR_RGB('',0.823529481887817,0.823529481887817,0.784313797950745);
#5230=CARTESIAN_POINT('',(6.14999999998331,9.32499999867741,16.8249999999593));
#5231=VECTOR('',#5920,1.0);
#5232=COLOUR_RGB('',0.560784339904785,0.588235318660736,0.600000023841858);
#5233=CARTESIAN_POINT('',(-3.43379126025455,-1.34089361836232E-09,13.2212497910532));
#5234=VECTOR('',#5921,1.0);
#5235=COLOUR_RGB('',0.560784339904785,0.588235318660736,0.600000023841858);
#5236=CARTESIAN_POINT('',(0.59999999994918,6.98673140845951,26.1938815698406));
#5237=CARTESIAN_POINT('',(0.147929321471389,6.2037220247239,26.9951220413329));
#5238=VECTOR('',#5922,1.0);
#5239=CARTESIAN_POINT('',(0.59999999994918,6.98673140845951,26.9951220413329));
#5240=VECTOR('',#5923,1.0);
#5241=COLOUR_RGB('',0.560784339904785,0.588235318660736,0.600000023841858);
#5242=CARTESIAN_POINT('',(0.59999999994918,5.1239839931448,28.0999999999892));
#5243=CARTESIAN_POINT('',(0.59999999994916,52.6055166410693,-20.4870621684044));
#5244=VECTOR('',#5924,1.0);
#5245=CARTESIAN_POINT('',(0.59999999994918,-1.34089361836232E-09,28.0999999999892));
#5246=VECTOR('',#5925,1.0);
#5247=COLOUR_RGB('',0.560784339904785,0.588235318660736,0.600000023841858);
#5248=CARTESIAN_POINT('',(6.14999999994917,5.1239839931448,28.0999999999892));
#5249=VECTOR('',#5926,1.0);
#5250=COLOUR_RGB('',0.823529481887817,0.823529481887817,0.784313797950745);
#5251=CARTESIAN_POINT('',(2.56499999998619,57.3995499290502,22.0132566046011));
#5252=CARTESIAN_POINT('',(2.56499999998688,56.946140664108,27.1957482174565));
#5253=CARTESIAN_POINT('',(2.56499999998768,56.4305554795503,33.0889138434907));
#5254=VECTOR('',#5927,1.0);
#5255=CARTESIAN_POINT('',(2.56499999998774,48.1570713201649,25.3275738574287));
#5256=VECTOR('',#5928,1.0);
#5257=CARTESIAN_POINT('',(2.56499999998646,54.1595295899985,20.9605101802484));
#5258=VECTOR('',#5929,1.0);
#5259=COLOUR_RGB('',0.560784339904785,0.588235318660736,0.600000023841858);
#5260=CARTESIAN_POINT('',(6.15897782242222,6.2037220247239,26.9951220413328));
#5261=VECTOR('',#5930,1.0);
#5262=COLOUR_RGB('',0.560784339904785,0.588235318660736,0.600000023841858);
#5263=COLOUR_RGB('',0.560784339904785,0.588235318660736,0.600000023841858);
#5264=CARTESIAN_POINT('',(6.15000000000128,8.5051965470484E-12,-6.29896135251329E-12));
#5265=VECTOR('',#5931,1.0);
#5266=CARTESIAN_POINT('',(6.14999999999965,13.2410563468774,-5.79802872380242E-12));
#5267=VECTOR('',#5932,1.0);
#5268=COLOUR_RGB('',0.560784339904785,0.588235318660736,0.600000023841858);
#5269=CARTESIAN_POINT('',(6.14999999999995,14.9000000000094,4.0999999999918));
#5270=VECTOR('',#5933,1.0);
#5271=COLOUR_RGB('',0.560784339904785,0.588235318660736,0.600000023841858);
#5272=CARTESIAN_POINT('',(6.15,14.9000000000093,4.5516660498342));
#5273=VECTOR('',#5934,1.0);
#5274=COLOUR_RGB('',0.560784339904785,0.588235318660736,0.600000023841858);
#5275=CARTESIAN_POINT('',(6.15000000000021,13.60000000001,4.8999999999945));
#5276=VECTOR('',#5935,1.0);
#5277=COLOUR_RGB('',0.560784339904785,0.588235318660736,0.600000023841858);
#5278=CARTESIAN_POINT('',(6.15000000000035,13.6000000000067,6.0000000000022));
#5279=VECTOR('',#5936,1.0);
#5280=COLOUR_RGB('',0.560784339904785,0.588235318660736,0.600000023841858);
#5281=CARTESIAN_POINT('',(6.15000000000089,15.2095855994065,12.0070552360771));
#5282=VECTOR('',#5937,1.0);
#5283=COLOUR_RGB('',0.560784339904785,0.588235318660736,0.600000023841858);
#5284=CARTESIAN_POINT('',(6.14999999999838,60.3945440832639,36.81756633173));
#5285=VECTOR('',#5938,1.0);
#5286=COLOUR_RGB('',0.560784339904785,0.588235318660736,0.600000023841858);
#5287=CARTESIAN_POINT('',(6.14999999999847,59.3610034491346,36.5406299534705));
#5288=VECTOR('',#5939,1.0);
#5289=COLOUR_RGB('',0.560784339904785,0.588235318660736,0.600000023841858);
#5290=CARTESIAN_POINT('',(6.14999999999751,60.9980339094088,30.4311491021926));
#5291=VECTOR('',#5940,1.0);
#5292=COLOUR_RGB('',0.560784339904785,0.588235318660736,0.600000023841858);
#5293=CARTESIAN_POINT('',(6.14999999999736,62.6000000013331,30.7999206720754));
#5294=VECTOR('',#5941,1.0);
#5295=CARTESIAN_POINT('',(6.14999999999746,61.9610961450609,30.9711144443997));
#5296=VECTOR('',#5942,1.0);
#5297=COLOUR_RGB('',0.560784339904785,0.588235318660736,0.600000023841858);
#5298=COLOUR_RGB('',0.560784339904785,0.588235318660736,0.600000023841858);
#5299=CARTESIAN_POINT('',(6.14999999999742,62.0315745435374,30.7080854804518));
#5300=VECTOR('',#5943,1.0);
#5301=COLOUR_RGB('',0.560784339904785,0.588235318660736,0.600000023841858);
#5302=COLOUR_RGB('',0.560784339904785,0.588235318660736,0.600000023841858);
#5303=CARTESIAN_POINT('',(6.14999999999466,62.600000002691,8.99999999999461));
#5304=VECTOR('',#5944,1.0);
#5305=CARTESIAN_POINT('',(6.14999999999493,62.600000002691,11.1999999999941));
#5306=VECTOR('',#5945,1.0);
#5307=COLOUR_RGB('',0.560784339904785,0.588235318660736,0.600000023841858);
#5308=CARTESIAN_POINT('',(6.14999999999583,45.6500000000098,1.54851019798));
#5309=VECTOR('',#5946,1.0);
#5310=CARTESIAN_POINT('',(6.14999999999523,48.9707908360692,-5.40012479177676E-12));
#5311=VECTOR('',#5947,1.0);
#5312=COLOUR_RGB('',0.560784339904785,0.588235318660736,0.600000023841858);
#5313=CARTESIAN_POINT('',(6.14999999999603,47.1366025403881,4.6882685902134));
#5314=VECTOR('',#5948,1.0);
#5315=CARTESIAN_POINT('',(6.14999999999603,45.6500000000098,3.2016660498352));
#5316=VECTOR('',#5949,1.0);
#5317=COLOUR_RGB('',0.560784339904785,0.588235318660736,0.600000023841858);
#5318=COLOUR_RGB('',0.560784339904785,0.588235318660736,0.600000023841858);
#5319=CARTESIAN_POINT('',(6.15000000000067,16.7282878269462,11.7036478187048));
#5320=VECTOR('',#5950,1.0);
#5321=COLOUR_RGB('',0.560784339904785,0.588235318660736,0.600000023841858);
#5322=CARTESIAN_POINT('',(6.15000000000015,15.2000000000082,5.9999999999915));
#5323=VECTOR('',#5951,1.0);
#5324=COLOUR_RGB('',0.560784339904785,0.588235318660736,0.600000023841858);
#5325=CARTESIAN_POINT('',(6.14999999999702,40.5000000000098,5.9999999999947));
#5326=VECTOR('',#5952,1.0);
#5327=COLOUR_RGB('',0.560784339904785,0.588235318660736,0.600000023841858);
#5328=CARTESIAN_POINT('',(6.14999999999704,40.5000000000098,6.19999999999536));
#5329=VECTOR('',#5953,1.0);
#5330=COLOUR_RGB('',0.560784339904785,0.588235318660736,0.600000023841858);
#5331=CARTESIAN_POINT('',(6.14999999999636,46.0139895394579,6.19999999999536));
#5332=VECTOR('',#5954,1.0);
#5333=COLOUR_RGB('',0.560784339904785,0.588235318660736,0.600000023841858);
#5334=CARTESIAN_POINT('',(6.14999999999605,48.3000000000097,5.9999999999954));
#5335=VECTOR('',#5955,1.0);
#5336=COLOUR_RGB('',0.560784339904785,0.588235318660736,0.600000023841858);
#5337=CARTESIAN_POINT('',(6.14999999999593,48.3000000000098,4.9999999999954));
#5338=VECTOR('',#5956,1.0);
#5339=COLOUR_RGB('',0.560784339904785,0.588235318660736,0.600000023841858);
#5340=COLOUR_RGB('',0.560784339904785,0.588235318660736,0.600000023841858);
#5341=COLOUR_RGB('',0.560784339904785,0.588235318660736,0.600000023841858);
#5342=CARTESIAN_POINT('',(6.149999999995,50.7745043835265,-4.60076421404665E-12));
#5343=VECTOR('',#5957,1.0);
#5344=COLOUR_RGB('',0.560784339904785,0.588235318660736,0.600000023841858);
#5345=COLOUR_RGB('',0.560784339904785,0.588235318660736,0.600000023841858);
#5346=COLOUR_RGB('',0.560784339904785,0.588235318660736,0.600000023841858);
#5347=CARTESIAN_POINT('',(1.00000000000135,3.6000000000079,3.9999999999968));
#5348=CARTESIAN_POINT('',(6.15000000000133,3.60000000000851,3.9999999999961));
#5349=VECTOR('',#5958,1.0);
#5350=CARTESIAN_POINT('',(1.00000000000104,3.6000000000079,1.4999999999968));
#5351=CARTESIAN_POINT('',(1.00000000000134,3.6000000000079,3.9499999999973));
#5352=VECTOR('',#5959,1.0);
#5353=CARTESIAN_POINT('',(6.15000000000103,3.60000000000851,1.4999999999962));
#5354=VECTOR('',#5960,1.0);
#5355=COLOUR_RGB('',0.560784339904785,0.588235318660736,0.600000023841858);
#5356=CARTESIAN_POINT('',(1.0000000000013,1.5000000000079,1.4999999999968));
#5357=CARTESIAN_POINT('',(0.9999999999995,15.9972551300482,1.4999999999968));
#5358=VECTOR('',#5961,1.0);
#5359=CARTESIAN_POINT('',(6.15000000000128,1.50000000000851,1.4999999999962));
#5360=VECTOR('',#5962,1.0);
#5361=COLOUR_RGB('',0.560784339904785,0.588235318660736,0.600000023841858);
#5362=CARTESIAN_POINT('',(1.00000000000141,1.5000000000079,2.4291796067467));
#5363=CARTESIAN_POINT('',(1.00000000000384,1.5000000000079,22.0074099999971));
#5364=VECTOR('',#5963,1.0);
#5365=CARTESIAN_POINT('',(6.1500000000014,1.50000000000851,2.4291796067461));
#5366=VECTOR('',#5964,1.0);
#5367=COLOUR_RGB('',0.560784339904785,0.588235318660736,0.600000023841858);
#5368=AXIS2_PLACEMENT_3D('',#5965,#5966,#5967);
#5369=CARTESIAN_POINT('',(0.99999999999868,25.1758063432198,3.9999999999968));
#5370=VECTOR('',#5968,1.0);
#5371=COLOUR_RGB('',0.560784339904785,0.588235318660736,0.600000023841858);
#5372=COLOUR_RGB('',0.560784339904785,0.588235318660736,0.600000023841858);
#5373=COLOUR_RGB('',0.560784339904785,0.588235318660736,0.600000023841858);
#5374=COLOUR_RGB('',0.560784339904785,0.588235318660736,0.600000023841858);
#5375=CARTESIAN_POINT('',(6.15000000000271,22.1000000000089,33.5499999999985));
#5376=VECTOR('',#5969,1.0);
#5377=CARTESIAN_POINT('',(5.50000000000072,22.1000000000088,17.449999999981));
#5378=CARTESIAN_POINT('',(5.50000000000128,22.1000000000088,22.0074099999944));
#5379=VECTOR('',#5970,1.0);
#5380=CARTESIAN_POINT('',(0.65000000000068,22.1000000000082,17.449999999981));
#5381=CARTESIAN_POINT('',(6.14999999994917,22.1000000000089,17.449999999981));
#5382=VECTOR('',#5971,1.0);
#5383=CARTESIAN_POINT('',(0.65000000000124,22.1000000000082,22.0074099999944));
#5384=VECTOR('',#5972,1.0);
#5385=COLOUR_RGB('',0.560784339904785,0.588235318660736,0.600000023841858);
#5386=COLOUR_RGB('',0.823529481887817,0.823529481887817,0.784313797950745);
#5387=CARTESIAN_POINT('',(5.50000000000033,25.2500000000269,17.449999999981));
#5388=CARTESIAN_POINT('',(5.50000000000111,18.8972551300481,17.449999999981));
#5389=VECTOR('',#5973,1.0);
#5390=CARTESIAN_POINT('',(0.65000000000029,25.2500000000263,17.449999999981));
#5391=CARTESIAN_POINT('',(6.14999999994917,25.250000000027,17.449999999981));
#5392=VECTOR('',#5974,1.0);
#5393=CARTESIAN_POINT('',(0.65000000000107,18.8972551300481,17.449999999981));
#5394=VECTOR('',#5975,1.0);
#5395=COLOUR_RGB('',0.560784339904785,0.588235318660736,0.600000023841858);
#5396=CARTESIAN_POINT('',(0.650000000000849,25.2500000000268,22.0074099999944));
#5397=VECTOR('',#5976,1.0);
#5398=COLOUR_RGB('',0.560784339904785,0.588235318660736,0.600000023841858);
#5399=CARTESIAN_POINT('',(5.50000000000089,25.2500000000274,22.0074099999944));
#5400=VECTOR('',#5977,1.0);
#5401=COLOUR_RGB('',0.560784339904785,0.588235318660736,0.600000023841858);
#5402=COLOUR_RGB('',0.560784339904785,0.588235318660736,0.600000023841858);
#5403=COLOUR_RGB('',0.560784339904785,0.588235318660736,0.600000023841858);
#5404=CARTESIAN_POINT('',(0.55000000003292,58.0500000013342,37.7499999999925));
#5405=CARTESIAN_POINT('',(0.55000000003776,18.8972551300483,37.7499999999927));
#5406=VECTOR('',#5978,1.0);
#5407=CARTESIAN_POINT('',(5.55000000003292,58.0500000013348,37.7499999999919));
#5408=CARTESIAN_POINT('',(6.14999999999999,58.0500000013349,37.7499999999918));
#5409=VECTOR('',#5979,1.0);
#5410=CARTESIAN_POINT('',(5.55000000003776,18.8972551300483,37.7499999999921));
#5411=VECTOR('',#5980,1.0);
#5412=COLOUR_RGB('',0.560784339904785,0.588235318660736,0.600000023841858);
#5413=CARTESIAN_POINT('',(5.55000000003198,54.5272837650508,26.6816043118207));
#5414=CARTESIAN_POINT('',(5.55000000003121,56.0460215609759,22.0074100000007));
#5415=VECTOR('',#5981,1.0);
#5416=CARTESIAN_POINT('',(5.55000000003096,58.0500000013323,22.0074100000007));
#5417=VECTOR('',#5982,1.0);
#5418=CARTESIAN_POINT('',(5.55000000003181,56.2769555611962,27.0535085328603));
#5419=CARTESIAN_POINT('',(5.55000000003113,56.7184319778554,22.0074100000007));
#5420=VECTOR('',#5983,1.0);
#5421=CARTESIAN_POINT('',(5.55000000003545,18.8972551300483,19.1082079329606));
#5422=VECTOR('',#5984,1.0);
#5423=COLOUR_RGB('',0.823529481887817,0.823529481887817,0.784313797950745);
#5424=CARTESIAN_POINT('',(5.04999999999768,56.2769555611961,27.0535085328604));
#5425=CARTESIAN_POINT('',(6.14999999999999,56.2769555611962,27.0535085328603));
#5426=VECTOR('',#5985,1.0);
#5427=CARTESIAN_POINT('',(4.13500000000509,56.9461406641094,27.1957482174566));
#5428=AXIS2_PLACEMENT_3D('',#5986,#5987,#5988);
#5429=CARTESIAN_POINT('',(4.13500000000539,53.8594280831138,26.5396472043766));
#5430=CARTESIAN_POINT('',(4.13500000000595,48.1570713201651,25.3275738574285));
#5431=VECTOR('',#5989,1.0);
#5432=CARTESIAN_POINT('',(5.04999999999785,54.5272837650508,26.6816043118208));
#5433=AXIS2_PLACEMENT_3D('',#5990,#5991,#5992);
#5434=CARTESIAN_POINT('',(6.14999999999999,54.5272837650509,26.6816043118206));
#5435=VECTOR('',#5993,1.0);
#5436=COLOUR_RGB('',0.823529481887817,0.823529481887817,0.784313797950745);
#5437=CARTESIAN_POINT('',(4.13500000000456,55.5277524586483,21.4050727391086));
#5438=CARTESIAN_POINT('',(4.1350000000036,57.407649017288,15.6193460489715));
#5439=VECTOR('',#5994,1.0);
#5440=CARTESIAN_POINT('',(4.1350000000044,57.3995499290516,22.0132566046012));
#5441=CARTESIAN_POINT('',(4.13500000000363,57.8938160712023,16.3637687483243));
#5442=VECTOR('',#5995,1.0);
#5443=CARTESIAN_POINT('',(4.13500000000467,54.1595295899987,20.9605101802483));
#5444=VECTOR('',#5996,1.0);
#5445=COLOUR_RGB('',0.980392217636108,0.517647087574005,0.168627455830574);
#5446=CARTESIAN_POINT('',(5.04999999999623,57.2173643499601,16.304586891293));
#5447=VECTOR('',#5997,1.0);
#5448=COLOUR_RGB('',0.980392217636108,0.517647087574005,0.168627455830574);
#5449=CARTESIAN_POINT('',(3.44999999999691,57.5176199836233,22.051619890867));
#5450=AXIS2_PLACEMENT_3D('',#5998,#5999,#6000);
#5451=CARTESIAN_POINT('',(3.44999999999614,58.0143201084333,16.3743114854912));
#5452=VECTOR('',#6001,1.0);
#5453=COLOUR_RGB('',0.980392217636108,0.517647087574005,0.168627455830574);
#5454=AXIS2_PLACEMENT_3D('',#6002,#6003,#6004);
#5455=CARTESIAN_POINT('',(3.24999999999691,57.5176199836233,22.051619890867));
#5456=AXIS2_PLACEMENT_3D('',#6005,#6006,#6007);
#5457=CARTESIAN_POINT('',(3.2499999999984,56.5510595167826,33.0994565806575));
#5458=VECTOR('',#6008,1.0);
#5459=CARTESIAN_POINT('',(1.24999999999862,54.5586701205988,32.9251450951628));
#5460=VECTOR('',#6009,1.0);
#5461=COLOUR_RGB('',0.980392217636108,0.517647087574005,0.168627455830574);
#5462=CARTESIAN_POINT('',(1.24999999999691,57.517619983623,22.0516198908672));
#5463=VECTOR('',#6010,1.0);
#5464=COLOUR_RGB('',0.980392217636108,0.517647087574005,0.168627455830574);
#5465=COLOUR_RGB('',0.980392217636108,0.517647087574005,0.168627455830574);
#5466=AXIS2_PLACEMENT_3D('',#6011,#6012,#6013);
#5467=COLOUR_RGB('',0.980392217636108,0.517647087574005,0.168627455830574);
#5468=CARTESIAN_POINT('',(5.04999999999607,58.0534503036022,15.8291796067466));
#5469=VECTOR('',#6014,1.0);
#5470=COLOUR_RGB('',0.980392217636108,0.517647087574005,0.168627455830574);
#5471=COLOUR_RGB('',0.560784339904785,0.588235318660736,0.600000023841858);
#5472=CARTESIAN_POINT('',(0.55000000002904,58.0500000013292,6.45000000000596));
#5473=VECTOR('',#6015,1.0);
#5474=COLOUR_RGB('',0.560784339904785,0.588235318660736,0.600000023841858);
#5475=COLOUR_RGB('',0.823529481887817,0.823529481887817,0.784313797950745);
#5476=COLOUR_RGB('',0.560784339904785,0.588235318660736,0.600000023841858);
#5477=COLOUR_RGB('',0.560784339904785,0.588235318660736,0.600000023841858);
#5478=DIRECTION('',(1.0,1.23734356094474E-13,-1.23956400699399E-13));
#5479=CARTESIAN_POINT('',(1.00000000000157,0.900000000008504,3.0999999999969));
#5480=DIRECTION('',(1.0,1.23734356094474E-13,-1.23956400699399E-13));
#5481=DIRECTION('',(-1.23734356094474E-13,1.0,-2.22044604924991E-16));
#5482=DIRECTION('',(-1.0,-1.23734356094474E-13,1.23956400699399E-13));
#5483=CARTESIAN_POINT('',(1.55964130499342E-12,0.900000000008404,3.0999999999971));
#5484=DIRECTION('',(1.0,1.23734356094474E-13,-1.23956400699399E-13));
#5485=DIRECTION('',(-1.23734356094474E-13,1.0,-2.22044604924991E-16));
#5486=DIRECTION('',(-1.0,-1.23734356094474E-13,1.23956400699399E-13));
#5487=CARTESIAN_POINT('',(6.14999999996971,0.900000000009101,3.0999999999963));
#5488=DIRECTION('',(1.0,1.23734356094474E-13,-1.23956400699399E-13));
#5489=DIRECTION('',(-1.23734356094474E-13,1.0,-2.22044604924991E-16));
#5490=DIRECTION('',(1.0,1.23734356094474E-13,-1.23956400699399E-13));
#5491=CARTESIAN_POINT('',(-6.02984329134415E-12,76.3477270875578,17.1999999999947));
#5492=DIRECTION('',(1.0,1.23734356094474E-13,-1.23956400699399E-13));
#5493=DIRECTION('',(-1.23734356094474E-13,1.0,-2.22044604925004E-16));
#5494=DIRECTION('',(1.0,1.23734356094474E-13,-1.23956400699399E-13));
#5495=CARTESIAN_POINT('',(6.14999999994918,76.3477270875586,17.1999999999939));
#5496=DIRECTION('',(1.0,1.23734356094474E-13,-1.23956400699399E-13));
#5497=DIRECTION('',(-1.23734356094474E-13,1.0,-2.22044604925004E-16));
#5498=DIRECTION('',(-1.0,-1.23734356094473E-13,1.23956400699399E-13));
#5499=CARTESIAN_POINT('',(6.14999999996673,16.0521397485416,11.8848211502774));
#5500=DIRECTION('',(1.0,1.23734356094473E-13,-1.23956400699399E-13));
#5501=DIRECTION('',(-1.23734356094458E-13,1.0,1.23512311489549E-13));
#5502=DIRECTION('',(-1.0,-1.23734356094474E-13,1.23956400699399E-13));
#5503=CARTESIAN_POINT('',(7.70050689880009E-13,16.0521397485408,11.8848211502782));
#5504=DIRECTION('',(1.0,1.23734356094473E-13,-1.23956400699399E-13));
#5505=DIRECTION('',(-1.23734356094458E-13,1.0,1.23512311489549E-13));
#5506=DIRECTION('',(-1.0,-2.44929359831531E-16,7.62361273756229E-15));
#5507=CARTESIAN_POINT('',(6.14999999999999,1.6906414184824,18.7930473697413));
#5508=DIRECTION('',(-1.0,-2.44929359831531E-16,7.62361273756229E-15));
#5509=DIRECTION('',(1.1721883722264E-15,-0.992546151641325,0.121869343405122));
#5510=DIRECTION('',(-1.0,-2.44929359831529E-16,7.62361273756229E-15));
#5511=CARTESIAN_POINT('',(5.54999999994918,1.6906414184824,18.7930473697413));
#5512=DIRECTION('',(-1.0,-2.44929359831531E-16,7.62361273756229E-15));
#5513=DIRECTION('',(1.1721883722264E-15,-0.992546151641325,0.121869343405122));
#5514=DIRECTION('',(-1.0,-1.23734356094474E-13,1.23956400699399E-13));
#5515=CARTESIAN_POINT('',(0.59999999994918,-14.3090880212463,18.6999999999959));
#5516=DIRECTION('',(1.0,1.23734356094474E-13,-1.23956400699399E-13));
#5517=DIRECTION('',(-1.23734356094474E-13,1.0,-2.22044604925004E-16));
#5518=DIRECTION('',(1.0,1.23734356094474E-13,-1.23956400699399E-13));
#5519=CARTESIAN_POINT('',(5.36992672550696E-12,-14.3090880212463,18.6999999999959));
#5520=DIRECTION('',(1.0,1.23734356094474E-13,-1.23956400699399E-13));
#5521=DIRECTION('',(-1.23734356094474E-13,1.0,-2.22044604925004E-16));
#5522=DIRECTION('',(-1.0,-1.23734356094474E-13,1.23956400699399E-13));
#5523=CARTESIAN_POINT('',(6.14999999999999,-14.3090880225738,18.699999999996));
#5524=DIRECTION('',(1.0,2.44929359831533E-16,-7.62361273756229E-15));
#5525=DIRECTION('',(-1.1721883722266E-15,0.992546151641322,-0.121869343405148));
#5526=DIRECTION('',(1.0,1.23734356094474E-13,-1.23956400699399E-13));
#5527=CARTESIAN_POINT('',(5.54999999994918,-14.3090880212456,18.6999999999953));
#5528=DIRECTION('',(1.0,1.23734356094474E-13,-1.23956400699399E-13));
#5529=DIRECTION('',(-1.23734356094474E-13,1.0,-2.22044604925004E-16));
#5530=DIRECTION('',(0.0,-0.587785252373606,-0.809016994316001));
#5531=DIRECTION('',(0.0,1.0,-2.61157650941019E-15));
#5532=DIRECTION('',(-6.37010651430071E-14,-0.402320578212688,-0.915498854366628));
#5533=DIRECTION('',(1.2373435609447E-13,-1.0,-2.60486077152678E-14));
#5534=DIRECTION('',(1.23956400699402E-13,-2.60486077152524E-14,1.0));
#5535=DIRECTION('',(1.23734356094478E-13,-1.0,3.1932789745781E-14));
#5536=DIRECTION('',(1.23956400699402E-13,-2.60486077152524E-14,1.0));
#5537=DIRECTION('',(-1.2373435609447E-13,1.0,2.60486077152678E-14));
#5538=DIRECTION('',(1.63262820520362E-13,-0.402320578211945,0.915498854366955));
#5539=DIRECTION('',(1.23734356094455E-13,-1.0,-1.47104550762833E-13));
#5540=DIRECTION('',(-6.60071177955143E-14,-0.389303997086899,-0.921109330021232));
#5541=DIRECTION('',(1.23956400699403E-13,-3.15858450505704E-14,1.0));
#5542=DIRECTION('',(3.0215935085136E-13,-1.0,1.1574075031715E-13));
#5543=DIRECTION('',(1.23956400699399E-13,2.22044604940329E-16,1.0));
#5544=DIRECTION('',(0.0,0.38930399709805,-0.92110933001652));
#5545=DIRECTION('',(0.0,1.0,-2.22044604940329E-16));
#5546=DIRECTION('',(0.0,-3.33066907387547E-16,-1.0));
#5547=DIRECTION('',(0.0,1.0,-3.33066907387547E-16));
#5548=DIRECTION('',(0.0,0.707106781186548,0.707106781186547));
#5549=DIRECTION('',(0.0,1.0,-2.22044604925031E-16));
#5550=DIRECTION('',(0.0,0.258819045102905,0.965925826288965));
#5551=DIRECTION('',(0.0,-0.707106781187573,0.707106781185522));
#5552=DIRECTION('',(0.0,-0.258819045101837,-0.965925826289252));
#5553=DIRECTION('',(0.0,-0.965925826289101,0.258819045102401));
#5554=DIRECTION('',(0.0,0.258819045102658,0.965925826289032));
#5555=DIRECTION('',(0.0,0.96592582628919,-0.258819045102068));
#5556=DIRECTION('',(0.0,-0.258819045104709,-0.965925826288482));
#5557=DIRECTION('',(0.0,0.965925826289555,0.258819045100704));
#5558=DIRECTION('',(0.0,-2.22044604924991E-16,-1.0));
#5559=CARTESIAN_POINT('',(6.14999999999999,0.999999998679606,26.5920094404034));
#5560=DIRECTION('',(-1.0,-2.44929359831531E-16,7.62361273756229E-15));
#5561=DIRECTION('',(1.1721883722264E-15,-0.992546151641325,0.121869343405122));
#5562=DIRECTION('',(0.0,0.965925826289076,-0.258819045102493));
#5563=CARTESIAN_POINT('',(6.14999999999999,4.24999999869981,22.6153460237667));
#5564=DIRECTION('',(-1.0,-2.44929359831529E-16,7.62361273756229E-15));
#5565=DIRECTION('',(2.44929359831333E-16,-1.0,-2.56600296566486E-14));
#5566=DIRECTION('',(0.0,2.58543186859587E-14,-1.0));
#5567=CARTESIAN_POINT('',(6.14999999999999,4.24999999869981,22.5846539756825));
#5568=DIRECTION('',(-1.0,-2.44929359831529E-16,7.62361273756229E-15));
#5569=DIRECTION('',(2.44929359831333E-16,-1.0,-2.56600296566486E-14));
#5570=DIRECTION('',(0.0,-0.965925826289061,-0.258819045102548));
#5571=CARTESIAN_POINT('',(6.14999999999999,1.6906414184824,18.7930473697413));
#5572=DIRECTION('',(-1.0,-2.44929359831531E-16,7.62361273756229E-15));
#5573=DIRECTION('',(1.1721883722264E-15,-0.992546151641325,0.121869343405122));
#5574=CARTESIAN_POINT('',(6.14999999999999,-14.3090880225738,18.699999999996));
#5575=DIRECTION('',(1.0,2.44929359831533E-16,-7.62361273756229E-15));
#5576=DIRECTION('',(-1.1721883722266E-15,0.992546151641322,-0.121869343405148));
#5577=DIRECTION('',(-1.23956400699399E-13,-2.22044604940304E-16,-1.0));
#5578=DIRECTION('',(-3.02159350851346E-13,1.0,-2.22044604902893E-16));
#5579=DIRECTION('',(-1.23956400699399E-13,-2.22044604940304E-16,-1.0));
#5580=DIRECTION('',(-3.02159350851346E-13,1.0,-2.22044604902893E-16));
#5581=DIRECTION('',(-1.23956400699399E-13,-2.22044604940304E-16,-1.0));
#5582=CARTESIAN_POINT('',(6.14999999996971,0.900000000009101,3.0999999999963));
#5583=DIRECTION('',(1.0,1.23734356094474E-13,-1.23956400699399E-13));
#5584=DIRECTION('',(-1.23734356094474E-13,1.0,-2.22044604924991E-16));
#5585=DIRECTION('',(-1.23956400699399E-13,-2.22044604940304E-16,-1.0));
#5586=DIRECTION('',(-3.02159350851341E-13,1.0,3.79973830178182E-14));
#5587=CARTESIAN_POINT('',(6.14999999996913,5.5060273206331,5.515371788291));
#5588=DIRECTION('',(1.0,1.23734356094473E-13,-1.23956400699399E-13));
#5589=DIRECTION('',(-1.23734356094458E-13,1.0,1.23512311489549E-13));
#5590=DIRECTION('',(1.23956400699436E-13,-1.23512311489533E-13,1.0));
#5591=DIRECTION('',(3.23935323010005E-13,-0.965925826289072,0.258819045102506));
#5592=DIRECTION('',(1.23956400699436E-13,-1.23512311489533E-13,1.0));
#5593=DIRECTION('',(4.14945855453652E-14,0.258819045103049,0.965925826288927));
#5594=CARTESIAN_POINT('',(6.14999999996675,15.9823262604376,11.7999999999946));
#5595=DIRECTION('',(1.0,1.23734356094473E-13,-1.23956400699399E-13));
#5596=DIRECTION('',(-1.23734356094458E-13,1.0,1.23512311489549E-13));
#5597=CARTESIAN_POINT('',(6.14999999996673,16.0521397485416,11.8848211502774));
#5598=DIRECTION('',(1.0,1.23734356094473E-13,-1.23956400699399E-13));
#5599=DIRECTION('',(-1.23734356094458E-13,1.0,1.23512311489549E-13));
#5600=DIRECTION('',(-4.15223411209809E-14,-0.258819045102875,-0.965925826288973));
#5601=DIRECTION('',(-3.0215935085133E-13,1.0,1.23512311489571E-13));
#5602=DIRECTION('',(1.23956400699399E-13,2.77555756171574E-16,1.0));
#5603=DIRECTION('',(-3.02159350851346E-13,1.0,-2.77555756134151E-16));
#5604=DIRECTION('',(-3.11820014253783E-13,0.996194698091746,-0.0871557427476585));
#5605=DIRECTION('',(-1.23956400699399E-13,-2.22044604940304E-16,-1.0));
#5606=DIRECTION('',(2.59750554398863E-13,-0.965925826289083,-0.258819045102467));
#5607=DIRECTION('',(1.26038068870571E-13,-0.707106781186547,-0.707106781186548));
#5608=DIRECTION('',(-1.23956400699399E-13,-2.77555756171574E-16,-1.0));
#5609=DIRECTION('',(-3.26239035786102E-13,0.90630778703665,-0.4226182617407));
#5610=DIRECTION('',(-3.02159350851294E-13,1.0,4.12267442406766E-13));
#5611=DIRECTION('',(-1.65367719517917E-13,0.795752799040796,0.605621567332884));
#5612=DIRECTION('',(1.23956400699399E-13,2.22044604940304E-16,1.0));
#5613=CARTESIAN_POINT('',(6.14999999994918,76.3477270875586,17.1999999999939));
#5614=DIRECTION('',(1.0,1.23734356094474E-13,-1.23956400699399E-13));
#5615=DIRECTION('',(-1.23734356094474E-13,1.0,-2.22044604925004E-16));
#5616=DIRECTION('',(1.23956400699513E-13,-3.78626518146891E-13,1.0));
#5617=DIRECTION('',(1.51600487413635E-13,-0.965925826290926,0.258819045095587));
#5618=DIRECTION('',(1.51757496660331E-13,-0.258819045104708,0.965925826288482));
#5619=DIRECTION('',(-8.74359328876077E-14,0.96592582628919,0.258819045102067));
#5620=DIRECTION('',(1.51757496660145E-13,-0.258819045102657,0.965925826289032));
#5621=DIRECTION('',(-8.74359328875554E-14,0.965925826289101,0.2588190451024));
#5622=DIRECTION('',(-1.51757496660071E-13,0.258819045101836,-0.965925826289252));
#5623=DIRECTION('',(-1.57009245614353E-16,-0.707106781187573,-0.707106781185522));
#5624=DIRECTION('',(-1.51757496660167E-13,0.258819045102904,-0.965925826288966));
#5625=DIRECTION('',(0.0,-1.0,5.15376498267343E-15));
#5626=DIRECTION('',(0.0,-1.0,5.15376498267343E-15));
#5627=DIRECTION('',(-1.51757496660167E-13,0.258819045102904,-0.965925826288966));
#5628=DIRECTION('',(-1.57009245614353E-16,-0.707106781187573,-0.707106781185522));
#5629=DIRECTION('',(-1.51757496660071E-13,0.258819045101836,-0.965925826289252));
#5630=DIRECTION('',(-8.74359328875554E-14,0.965925826289101,0.2588190451024));
#5631=DIRECTION('',(1.51757496660145E-13,-0.258819045102657,0.965925826289032));
#5632=DIRECTION('',(-8.74359328876077E-14,0.96592582628919,0.258819045102067));
#5633=DIRECTION('',(1.51757496660331E-13,-0.258819045104708,0.965925826288482));
#5634=DIRECTION('',(1.51600487413635E-13,-0.965925826290926,0.258819045095587));
#5635=DIRECTION('',(-1.23956400699446E-13,3.78626518146891E-13,-1.0));
#5636=CARTESIAN_POINT('',(-6.02984329134415E-12,76.3477270875578,17.1999999999947));
#5637=DIRECTION('',(1.0,1.23734356094474E-13,-1.23956400699399E-13));
#5638=DIRECTION('',(-1.23734356094474E-13,1.0,-2.22044604925004E-16));
#5639=DIRECTION('',(1.23956400699399E-13,2.22044604940329E-16,1.0));
#5640=DIRECTION('',(-2.33912905271752E-14,0.795752799040796,0.605621567332884));
#5641=DIRECTION('',(-1.23734356094423E-13,1.0,4.12267442406744E-13));
#5642=DIRECTION('',(-1.64527649047601E-13,0.90630778703665,-0.4226182617407));
#5643=DIRECTION('',(-1.23956400699399E-13,-2.77555756171587E-16,-1.0));
#5644=DIRECTION('',(-1.57009245868455E-16,-0.707106781186547,-0.707106781186548));
#5645=DIRECTION('',(8.74359328875449E-14,-0.965925826289083,-0.258819045102467));
#5646=DIRECTION('',(-1.23956400699399E-13,-2.22044604940329E-16,-1.0));
#5647=DIRECTION('',(-1.34067021684393E-13,0.996194698091746,-0.0871557427476585));
#5648=DIRECTION('',(-1.23734356094474E-13,1.0,-2.77555756156249E-16));
#5649=DIRECTION('',(1.23956400699399E-13,2.77555756171587E-16,1.0));
#5650=DIRECTION('',(-1.23734356094458E-13,1.0,1.23512311489549E-13));
#5651=DIRECTION('',(-8.7707880878583E-14,-0.258819045102875,-0.965925826288973));
#5652=CARTESIAN_POINT('',(7.70050689880009E-13,16.0521397485408,11.8848211502782));
#5653=DIRECTION('',(1.0,1.23734356094473E-13,-1.23956400699399E-13));
#5654=DIRECTION('',(-1.23734356094458E-13,1.0,1.23512311489549E-13));
#5655=CARTESIAN_POINT('',(7.70050689880009E-13,15.9823262604368,11.7999999999954));
#5656=DIRECTION('',(1.0,1.23734356094473E-13,-1.23956400699399E-13));
#5657=DIRECTION('',(-1.23734356094458E-13,1.0,1.23512311489549E-13));
#5658=DIRECTION('',(-8.77078808785557E-14,-0.258819045103049,-0.965925826288927));
#5659=DIRECTION('',(1.23956400699414E-13,-1.23512311489533E-13,1.0));
#5660=DIRECTION('',(1.51600487414263E-13,-0.965925826289072,0.258819045102506));
#5661=DIRECTION('',(1.23956400699414E-13,-1.23512311489533E-13,1.0));
#5662=CARTESIAN_POINT('',(1.28963506540458E-12,5.50602732063241,5.5153717882917));
#5663=DIRECTION('',(1.0,1.23734356094473E-13,-1.23956400699399E-13));
#5664=DIRECTION('',(-1.23734356094458E-13,1.0,1.23512311489549E-13));
#5665=DIRECTION('',(-1.23734356094469E-13,1.0,3.7997383017796E-14));
#5666=DIRECTION('',(-1.23956400699399E-13,-2.22044604940329E-16,-1.0));
#5667=DIRECTION('',(-1.23734356094474E-13,1.0,-2.22044604924991E-16));
#5668=DIRECTION('',(-1.23956400699399E-13,-2.22044604940329E-16,-1.0));
#5669=DIRECTION('',(1.23734356094474E-13,-1.0,2.22044604924991E-16));
#5670=DIRECTION('',(1.23956400699399E-13,2.22044604940329E-16,1.0));
#5671=CARTESIAN_POINT('',(5.36992672550696E-12,-14.3090880212463,18.6999999999959));
#5672=DIRECTION('',(1.0,1.23734356094474E-13,-1.23956400699399E-13));
#5673=DIRECTION('',(-1.23734356094474E-13,1.0,-2.22044604925004E-16));
#5674=DIRECTION('',(0.0,2.22044604924991E-16,1.0));
#5675=DIRECTION('',(0.0,-0.965925826289555,-0.258819045100704));
#5676=DIRECTION('',(0.0,0.258819045104709,0.965925826288482));
#5677=DIRECTION('',(0.0,-0.96592582628919,0.258819045102068));
#5678=DIRECTION('',(0.0,-0.258819045102658,-0.965925826289032));
#5679=DIRECTION('',(0.0,0.965925826289101,-0.258819045102401));
#5680=DIRECTION('',(0.0,0.258819045101837,0.965925826289252));
#5681=DIRECTION('',(0.0,0.707106781187573,-0.707106781185522));
#5682=DIRECTION('',(0.0,-0.258819045102905,-0.965925826288965));
#5683=DIRECTION('',(0.0,-1.0,2.22044604925031E-16));
#5684=DIRECTION('',(0.0,-0.707106781186548,-0.707106781186547));
#5685=DIRECTION('',(0.0,-1.0,3.33066907387547E-16));
#5686=DIRECTION('',(0.0,3.33066907387547E-16,1.0));
#5687=DIRECTION('',(0.0,-1.0,2.22044604940329E-16));
#5688=DIRECTION('',(0.0,0.38930399709805,-0.92110933001652));
#5689=DIRECTION('',(1.23956400699399E-13,2.22044604940329E-16,1.0));
#5690=DIRECTION('',(-1.23734356094488E-13,1.0,-1.15740750317173E-13));
#5691=DIRECTION('',(1.23956400699403E-13,-3.15858450505704E-14,1.0));
#5692=DIRECTION('',(-6.60071177955143E-14,-0.389303997086899,-0.921109330021232));
#5693=DIRECTION('',(1.23734356094455E-13,-1.0,-1.47104550762833E-13));
#5694=DIRECTION('',(1.63262820520362E-13,-0.402320578211945,0.915498854366955));
#5695=DIRECTION('',(-1.2373435609447E-13,1.0,2.60486077152678E-14));
#5696=DIRECTION('',(1.23956400699402E-13,-2.60486077152524E-14,1.0));
#5697=DIRECTION('',(1.23734356094478E-13,-1.0,3.1932789745781E-14));
#5698=DIRECTION('',(1.23956400699402E-13,-2.60486077152524E-14,1.0));
#5699=DIRECTION('',(1.2373435609447E-13,-1.0,-2.60486077152678E-14));
#5700=DIRECTION('',(-6.37010651430071E-14,-0.402320578212688,-0.915498854366628));
#5701=DIRECTION('',(0.0,1.0,-2.61157650941019E-15));
#5702=DIRECTION('',(0.0,-0.587785252373606,-0.809016994316001));
#5703=DIRECTION('',(1.0,1.23734356094474E-13,-1.23956400699399E-13));
#5704=DIRECTION('',(1.0,1.23734356094474E-13,-1.23956400699399E-13));
#5705=DIRECTION('',(1.0,1.23734356094474E-13,-1.23956400699399E-13));
#5706=CARTESIAN_POINT('',(3.24999999999692,57.3148215645163,21.9857266901343));
#5707=DIRECTION('',(1.56125561442812E-13,-0.309016994374014,0.951056516295457));
#5708=DIRECTION('',(7.93737312757226E-14,-0.951056516295457,-0.309016994374014));
#5709=DIRECTION('',(1.56125561442812E-13,-0.309016994374014,0.951056516295457));
#5710=CARTESIAN_POINT('',(3.24999999999774,55.7075263784581,26.9324726236633));
#5711=DIRECTION('',(1.55617228113563E-13,-0.207911690817747,0.978147600733808));
#5712=DIRECTION('',(1.3018662523207E-14,-0.978147600733808,-0.207911690817747));
#5713=CARTESIAN_POINT('',(3.24999999999817,54.8528209835511,29.5629853467122));
#5714=DIRECTION('',(-9.65374207821793E-14,0.979924704620943,0.199367934416639));
#5715=DIRECTION('',(1.46136602332162E-13,-0.199367934416639,0.979924704620943));
#5716=DIRECTION('',(1.56125561442812E-13,-0.309016994374014,0.951056516295457));
#5717=CARTESIAN_POINT('',(3.2499999999995,52.2251906389849,37.6499999999926));
#5718=DIRECTION('',(-1.23956400699379E-13,-1.58298008713815E-13,-1.0));
#5719=DIRECTION('',(1.23734356094493E-13,-1.0,1.582980087138E-13));
#5720=DIRECTION('',(1.56125561442812E-13,-0.309016994374014,0.951056516295457));
#5721=DIRECTION('',(-1.0,8.98982718969289E-14,1.23956400699365E-13));
#5722=DIRECTION('',(-2.76445533131664E-14,-0.587785252373606,-0.809016994316001));
#5723=DIRECTION('',(-1.0,8.9898271896953E-14,1.23956400699398E-13));
#5724=DIRECTION('',(-1.0,8.98982718969526E-14,1.23956400699398E-13));
#5725=DIRECTION('',(2.76445533131664E-14,0.587785252373606,0.809016994316001));
#5726=DIRECTION('',(2.76445533131664E-14,0.587785252373606,0.809016994316001));
#5727=DIRECTION('',(1.23734356094474E-13,-1.0,2.61157650939487E-15));
#5728=DIRECTION('',(1.23956400695768E-13,2.93456370306647E-11,1.0));
#5729=DIRECTION('',(7.41612728306397E-14,0.342020143325819,0.939692620785854));
#5730=DIRECTION('',(-5.97551718571991E-14,0.906307787036715,0.42261826174056));
#5731=DIRECTION('',(-1.23734356094493E-13,1.0,-1.582980087138E-13));
#5732=DIRECTION('',(-1.0,-1.23734356094474E-13,1.23956400699399E-13));
#5733=DIRECTION('',(1.0,1.23734356094474E-13,-1.23956400699399E-13));
#5734=DIRECTION('',(-5.97551718571991E-14,0.906307787036715,0.42261826174056));
#5735=DIRECTION('',(-1.23734356094493E-13,1.0,-1.582980087138E-13));
#5736=DIRECTION('',(-1.0,-1.23734356094474E-13,1.23956400699399E-13));
#5737=CARTESIAN_POINT('',(3.4499999999995,52.2251906389849,37.6499999999926));
#5738=DIRECTION('',(-1.23956400699379E-13,-1.58298008713815E-13,-1.0));
#5739=DIRECTION('',(1.23734356094493E-13,-1.0,1.582980087138E-13));
#5740=DIRECTION('',(-1.0,-1.23734356094474E-13,1.23956400699399E-13));
#5741=DIRECTION('',(1.23734356094493E-13,-1.0,1.582980087138E-13));
#5742=CARTESIAN_POINT('',(3.24999999999926,54.1452988796223,37.6499999999923));
#5743=DIRECTION('',(1.23956400699379E-13,1.58298008713815E-13,1.0));
#5744=DIRECTION('',(-1.23734356094493E-13,1.0,-1.582980087138E-13));
#5745=DIRECTION('',(1.0,1.23734356094474E-13,-1.23956400699399E-13));
#5746=CARTESIAN_POINT('',(3.44999999999926,54.1452988796223,37.6499999999923));
#5747=DIRECTION('',(1.23956400699379E-13,1.58298008713815E-13,1.0));
#5748=DIRECTION('',(-1.23734356094493E-13,1.0,-1.582980087138E-13));
#5749=DIRECTION('',(-1.0,-1.23734356094474E-13,1.23956400699399E-13));
#5750=DIRECTION('',(-1.23734356094493E-13,1.0,-1.582980087138E-13));
#5751=DIRECTION('',(1.0,1.23734356094474E-13,-1.23956400699399E-13));
#5752=DIRECTION('',(-1.23734356094493E-13,1.0,-1.582980087138E-13));
#5753=DIRECTION('',(1.0,-8.98982718969289E-14,-1.23956400699365E-13));
#5754=DIRECTION('',(-1.23734356094493E-13,1.0,-1.582980087138E-13));
#5755=DIRECTION('',(-1.23734356094493E-13,1.0,-1.582980087138E-13));
#5756=DIRECTION('',(-1.0,-1.23734356094474E-13,1.23956400699399E-13));
#5757=DIRECTION('',(-1.23734356094493E-13,1.0,-1.582980087138E-13));
#5758=DIRECTION('',(1.0,1.23734356094474E-13,-1.23956400699399E-13));
#5759=DIRECTION('',(1.63304237344407E-13,-0.402918977029535,0.915235651594426));
#5760=DIRECTION('',(1.49831052823649E-13,-0.237868729379193,0.971297311631989));
#5761=DIRECTION('',(-1.23734356094495E-13,1.0,-1.74081093256036E-13));
#5762=DIRECTION('',(-1.49831052823649E-13,0.237868729379195,-0.971297311631988));
#5763=DIRECTION('',(-1.49831052823649E-13,0.237868729379195,-0.971297311631988));
#5764=DIRECTION('',(-1.23734356094494E-13,1.0,-1.67718597858352E-13));
#5765=DIRECTION('',(1.49831052823649E-13,-0.237868729379193,0.971297311631989));
#5766=DIRECTION('',(1.63304237344407E-13,-0.402918977029535,0.915235651594426));
#5767=DIRECTION('',(1.0,1.23734356094474E-13,-1.23956400699399E-13));
#5768=DIRECTION('',(-1.0,-1.23734356094474E-13,1.23956400699399E-13));
#5769=DIRECTION('',(-1.0,-1.23734356094474E-13,1.23956400699399E-13));
#5770=DIRECTION('',(-1.56125561442812E-13,0.309016994374014,-0.951056516295457));
#5771=DIRECTION('',(-1.0,-1.23734356094474E-13,1.23956400699399E-13));
#5772=DIRECTION('',(-2.76445533131664E-14,-0.587785252373606,-0.809016994316001));
#5773=DIRECTION('',(1.0,-8.98982718969526E-14,-1.23956400699398E-13));
#5774=DIRECTION('',(1.0,-8.9898271896953E-14,-1.23956400699398E-13));
#5775=DIRECTION('',(1.0,1.23734356094474E-13,-1.23956400699399E-13));
#5776=DIRECTION('',(1.0,1.23734356094474E-13,-1.23956400699399E-13));
#5777=DIRECTION('',(7.41612728306397E-14,0.342020143325819,0.939692620785854));
#5778=DIRECTION('',(1.23956400695768E-13,2.93456370306647E-11,1.0));
#5779=DIRECTION('',(1.23734356094474E-13,-1.0,2.61157650939487E-15));
#5780=DIRECTION('',(1.0,1.23734356094474E-13,-1.23956400699399E-13));
#5781=DIRECTION('',(-1.0,-1.23734356094474E-13,1.23956400699399E-13));
#5782=DIRECTION('',(-1.0,-1.23734356094474E-13,1.23956400699399E-13));
#5783=DIRECTION('',(-1.0,-1.23734356094474E-13,1.23956400699399E-13));
#5784=DIRECTION('',(-1.0,-1.23734356094474E-13,1.23956400699399E-13));
#5785=DIRECTION('',(-1.0,-1.23734356094474E-13,1.23956400699399E-13));
#5786=DIRECTION('',(1.0,1.23734356094474E-13,-1.23956400699399E-13));
#5787=DIRECTION('',(1.0,1.23734356094474E-13,-1.23956400699399E-13));
#5788=DIRECTION('',(1.0,1.23734356094474E-13,-1.23956400699399E-13));
#5789=DIRECTION('',(1.0,1.23734356094474E-13,-1.23956400699399E-13));
#5790=DIRECTION('',(-1.23734356094488E-13,1.0,-1.15740750317173E-13));
#5791=DIRECTION('',(-1.0,-1.23734356094474E-13,1.23956400699399E-13));
#5792=DIRECTION('',(1.23734356094488E-13,-1.0,1.15740750317173E-13));
#5793=DIRECTION('',(1.23734356094488E-13,-1.0,1.15740750317173E-13));
#5794=DIRECTION('',(-1.23956400699384E-13,-1.15740750317188E-13,-1.0));
#5795=DIRECTION('',(-1.23956400699384E-13,-1.15740750317188E-13,-1.0));
#5796=DIRECTION('',(1.0,1.23734356094474E-13,-1.23956400699399E-13));
#5797=DIRECTION('',(-1.23956400699384E-13,-1.15740750317188E-13,-1.0));
#5798=DIRECTION('',(-1.23734356094488E-13,1.0,-1.15740750317173E-13));
#5799=DIRECTION('',(-1.23956400699384E-13,-1.15740750317188E-13,-1.0));
#5800=DIRECTION('',(-1.0,-1.23734356094474E-13,1.23956400699399E-13));
#5801=DIRECTION('',(-1.0,-1.23734356094474E-13,1.23956400699399E-13));
#5802=DIRECTION('',(-1.0,-1.23734356094474E-13,1.23956400699399E-13));
#5803=DIRECTION('',(-1.0,-1.23734356094474E-13,1.23956400699399E-13));
#5804=DIRECTION('',(1.23734356094488E-13,-1.0,1.15740750317173E-13));
#5805=DIRECTION('',(-1.0,-1.23734356094474E-13,1.23956400699399E-13));
#5806=DIRECTION('',(-1.23734356094488E-13,1.0,-1.15740750317173E-13));
#5807=DIRECTION('',(-1.0,-1.23734356094474E-13,1.23956400699399E-13));
#5808=DIRECTION('',(-1.0,0.0,0.0));
#5809=DIRECTION('',(1.0,0.0,0.0));
#5810=DIRECTION('',(-1.0,0.0,0.0));
#5811=DIRECTION('',(-1.0,0.0,0.0));
#5812=DIRECTION('',(-1.0,0.0,0.0));
#5813=DIRECTION('',(1.0,0.0,0.0));
#5814=DIRECTION('',(1.0,0.0,0.0));
#5815=DIRECTION('',(1.0,0.0,0.0));
#5816=DIRECTION('',(-1.0,0.0,0.0));
#5817=DIRECTION('',(-1.0,1.23956400699399E-13,1.23956400699399E-13));
#5818=DIRECTION('',(-1.0,3.78653234506086E-29,1.23956400699399E-13));
#5819=CARTESIAN_POINT('',(3.54999999994877,13.1249999986583,41.2499999999919));
#5820=DIRECTION('',(-1.23956400699399E-13,-2.22044604940329E-16,-1.0));
#5821=DIRECTION('',(3.55271367880053E-15,1.0,-2.22044604940769E-16));
#5822=CARTESIAN_POINT('',(3.54999999994877,13.1249999986583,41.2499999999919));
#5823=DIRECTION('',(-1.23956400699399E-13,-2.22044604940329E-16,-1.0));
#5824=DIRECTION('',(3.55271367880053E-15,1.0,-2.22044604940769E-16));
#5825=CARTESIAN_POINT('',(3.54999999994801,13.1249999986583,35.1249999999932));
#5826=DIRECTION('',(-1.23956400699399E-13,-2.22044604940329E-16,-1.0));
#5827=DIRECTION('',(3.55271367880053E-15,1.0,-2.22044604940769E-16));
#5828=DIRECTION('',(-1.23956400699399E-13,-2.22044604940329E-16,-1.0));
#5829=CARTESIAN_POINT('',(3.54999999994788,13.1249999986583,34.1249999999933));
#5830=DIRECTION('',(-1.23956400699399E-13,-2.22044604940329E-16,-1.0));
#5831=DIRECTION('',(3.55271367880053E-15,1.0,-2.22044604940769E-16));
#5832=DIRECTION('',(-1.23956400699399E-13,-2.22044604940329E-16,-1.0));
#5833=CARTESIAN_POINT('',(3.54999999994801,13.1249999986583,35.1249999999932));
#5834=DIRECTION('',(-1.23956400699399E-13,-2.22044604940329E-16,-1.0));
#5835=DIRECTION('',(3.55271367880053E-15,1.0,-2.22044604940769E-16));
#5836=DIRECTION('',(-1.23956400699399E-13,-2.22044604940329E-16,-1.0));
#5837=DIRECTION('',(-1.23956400699399E-13,-2.22044604940329E-16,-1.0));
#5838=CARTESIAN_POINT('',(3.54999999994788,13.1249999986583,34.1249999999933));
#5839=DIRECTION('',(-1.23956400699399E-13,-2.22044604940329E-16,-1.0));
#5840=DIRECTION('',(3.55271367880053E-15,1.0,-2.22044604940769E-16));
#5841=DIRECTION('',(0.707106781185312,-0.707106781187783,-8.74934022599892E-14));
#5842=DIRECTION('',(-0.707106781186542,0.707106781186553,8.74934022601419E-14));
#5843=DIRECTION('',(-0.707106781186542,0.707106781186553,8.74855743404623E-14));
#5844=DIRECTION('',(-1.23956400699399E-13,-2.22044604940329E-16,-1.0));
#5845=DIRECTION('',(0.707106781185312,-0.707106781187783,-8.74855743404623E-14));
#5846=CARTESIAN_POINT('',(3.54999999994801,13.1249999986583,35.1249999999932));
#5847=DIRECTION('',(-1.23956400699399E-13,-2.22044604940329E-16,-1.0));
#5848=DIRECTION('',(3.55271367880053E-15,1.0,-2.22044604940769E-16));
#5849=DIRECTION('',(-1.23956400699399E-13,-2.22044604940329E-16,-1.0));
#5850=CARTESIAN_POINT('',(3.54999999994801,13.1249999986583,35.1249999999932));
#5851=DIRECTION('',(-1.23956400699399E-13,-2.22044604940329E-16,-1.0));
#5852=DIRECTION('',(3.55271367880053E-15,1.0,-2.22044604940769E-16));
#5853=DIRECTION('',(1.0,2.67977354969567E-14,1.05399645778994E-13));
#5854=DIRECTION('',(-1.0,0.0,0.0));
#5855=DIRECTION('',(1.0,1.23734356094474E-13,3.31545207912497E-14));
#5856=DIRECTION('',(3.33066907387547E-16,2.22044604925032E-16,1.0));
#5857=DIRECTION('',(-1.0,-1.23734356094474E-13,3.33066907387585E-16));
#5858=DIRECTION('',(-3.33066907387547E-16,-2.22044604925032E-16,-1.0));
#5859=DIRECTION('',(-1.0,0.0,7.40141281670597E-15));
#5860=CARTESIAN_POINT('',(5.54999999994918,-14.3090880212456,18.6999999999953));
#5861=DIRECTION('',(1.0,1.23734356094474E-13,-1.23956400699399E-13));
#5862=DIRECTION('',(-1.23734356094474E-13,1.0,-2.22044604925004E-16));
#5863=DIRECTION('',(1.0,1.23734356094474E-13,-1.23956400699399E-13));
#5864=CARTESIAN_POINT('',(0.59999999994918,-14.3090880212463,18.6999999999959));
#5865=DIRECTION('',(1.0,1.23734356094474E-13,-1.23956400699399E-13));
#5866=DIRECTION('',(-1.23734356094474E-13,1.0,-2.22044604925004E-16));
#5867=DIRECTION('',(1.0,1.23734356094474E-13,-1.23956400699399E-13));
#5868=DIRECTION('',(1.0,1.23734356094474E-13,-1.23956400699399E-13));
#5869=DIRECTION('',(-1.0,-1.23734356094474E-13,1.23956400699399E-13));
#5870=CARTESIAN_POINT('',(5.54999999994918,1.6906414184824,18.7930473697413));
#5871=DIRECTION('',(-1.0,-2.44929359831531E-16,7.62361273756229E-15));
#5872=DIRECTION('',(1.1721883722264E-15,-0.992546151641325,0.121869343405122));
#5873=DIRECTION('',(-1.0,-2.44929359831529E-16,7.62361273756229E-15));
#5874=DIRECTION('',(-9.89736133676695E-17,-0.965925826289061,-0.258819045102548));
#5875=DIRECTION('',(-1.0,-2.44929359831529E-16,7.62361273756229E-15));
#5876=CARTESIAN_POINT('',(5.54999999994918,4.24999999869981,22.5846539756825));
#5877=DIRECTION('',(-1.0,-2.44929359831529E-16,7.62361273756229E-15));
#5878=DIRECTION('',(2.44929359831333E-16,-1.0,-2.56600296566486E-14));
#5879=DIRECTION('',(-1.0,-2.44929359831529E-16,7.62361273756229E-15));
#5880=DIRECTION('',(-3.3306690738755E-16,2.58543186859587E-14,-1.0));
#5881=DIRECTION('',(-1.0,-2.44929359831529E-16,7.62361273756229E-15));
#5882=CARTESIAN_POINT('',(5.54999999994918,4.24999999869981,22.6153460237667));
#5883=DIRECTION('',(-1.0,-2.44929359831529E-16,7.62361273756229E-15));
#5884=DIRECTION('',(2.44929359831333E-16,-1.0,-2.56600296566486E-14));
#5885=DIRECTION('',(-1.0,-2.44929359831529E-16,7.62361273756229E-15));
#5886=DIRECTION('',(-4.47848652257448E-17,0.965925826289076,-0.258819045102493));
#5887=CARTESIAN_POINT('',(5.54999999994918,0.999999998679606,26.5920094404034));
#5888=DIRECTION('',(-1.0,-2.44929359831531E-16,7.62361273756229E-15));
#5889=DIRECTION('',(1.1721883722264E-15,-0.992546151641325,0.121869343405122));
#5890=DIRECTION('',(-1.68827864449503E-16,-0.906307787036648,-0.422618261740704));
#5891=DIRECTION('',(-1.08314441426661E-17,-1.0,3.33066907387547E-16));
#5892=DIRECTION('',(-2.38208321953477E-16,0.698923324711384,-0.715196606657488));
#5893=DIRECTION('',(-3.33066907387547E-16,-3.33066907387549E-16,-1.0));
#5894=DIRECTION('',(9.86076131526265E-32,-1.0,2.22044604899182E-16));
#5895=DIRECTION('',(-1.0,-2.44929359831534E-16,3.33066907387547E-16));
#5896=DIRECTION('',(9.86076131526265E-32,-1.0,2.22044604899182E-16));
#5897=DIRECTION('',(-1.0,1.0831444142666E-17,3.33066907387548E-16));
#5898=DIRECTION('',(-0.5,-0.866025403784439,3.12344101234291E-16));
#5899=DIRECTION('',(-3.33066907387547E-16,-6.3837823915911E-16,-1.0));
#5900=DIRECTION('',(-9.86076131526265E-32,1.0,-3.33066907387547E-16));
#5901=DIRECTION('',(-2.50256887342114E-16,-0.577350269189608,-0.816496580927738));
#5902=DIRECTION('',(-3.33066907387547E-16,-3.33066907387549E-16,-1.0));
#5903=DIRECTION('',(-2.38987133436229E-16,0.698923324711384,-0.715196606657488));
#5904=DIRECTION('',(0.248497893366428,-0.670214774527704,-0.699328930473512));
#5905=DIRECTION('',(-0.707106781186547,-2.55140024536113E-16,-0.707106781186548));
#5906=DIRECTION('',(0.65164435271602,-0.68745679272198,-0.320566367096937));
#5907=DIRECTION('',(1.13316713218245E-16,0.906307787036648,0.422618261740704));
#5908=DIRECTION('',(-0.318531622906337,0.859100239981978,0.4006050210264));
#5909=DIRECTION('',(-1.0,4.93038065763132E-32,3.33066907387547E-16));
#5910=DIRECTION('',(-0.65164435271602,-0.68745679272198,-0.320566367096937));
#5911=DIRECTION('',(-0.463622830290394,-0.803018297611854,-0.374453581815002));
#5912=DIRECTION('',(-3.33066907387545E-16,-2.17048601314218E-14,-1.0));
#5913=DIRECTION('',(-6.55740627464966E-30,-1.0,-2.10387263166467E-14));
#5914=DIRECTION('',(-3.33066907387547E-16,-6.3837823915911E-16,-1.0));
#5915=DIRECTION('',(-0.707106781186548,2.78210370622776E-16,0.707106781186547));
#5916=DIRECTION('',(1.0,2.44929359831534E-16,-3.33066907387549E-16));
#5917=DIRECTION('',(0.707106781186547,6.24592793119892E-16,0.707106781186548));
#5918=DIRECTION('',(4.93038065763132E-32,-1.0,3.33066907387547E-16));
#5919=DIRECTION('',(-2.13717932240343E-14,-1.0,3.33066907387555E-16));
#5920=DIRECTION('',(0.707106781186548,-2.15887713069019E-16,-0.707106781186547));
#5921=DIRECTION('',(0.40485430096002,0.701228218925548,0.586832156563252));
#5922=DIRECTION('',(-0.374205835320745,-0.648143519264269,0.663234476823718));
#5923=DIRECTION('',(3.33066907387545E-16,2.17048601314218E-14,1.0));
#5924=DIRECTION('',(2.38208321953477E-16,-0.698923324711384,0.715196606657488));
#5925=DIRECTION('',(-1.4791141972894E-31,1.0,-3.33066907387547E-16));
#5926=DIRECTION('',(-1.0,1.08314441426662E-17,3.33066907387547E-16));
#5927=DIRECTION('',(1.34268868880076E-13,-0.0871557427475015,0.996194698091759));
#5928=DIRECTION('',(-9.50860697533212E-14,0.978147600733808,0.207911690817747));
#5929=DIRECTION('',(7.92071978218988E-14,-0.9510565162952,-0.309016994374806));
#5930=DIRECTION('',(0.250856035689765,-0.676574835790713,0.692327769869724));
#5931=DIRECTION('',(1.0,1.23734356094474E-13,-1.23956400699399E-13));
#5932=DIRECTION('',(1.0,1.23734356094474E-13,-1.23956400699399E-13));
#5933=DIRECTION('',(-1.0,-1.23734356094474E-13,1.23956400699399E-13));
#5934=DIRECTION('',(-1.0,-1.23734356094474E-13,1.23956400699399E-13));
#5935=DIRECTION('',(-1.0,-1.23734356094474E-13,1.23956400699399E-13));
#5936=DIRECTION('',(-1.0,-1.23734356094474E-13,1.23956400699399E-13));
#5937=DIRECTION('',(-1.0,-1.23734356094474E-13,1.23956400699399E-13));
#5938=DIRECTION('',(-1.0,-1.23734356094474E-13,1.23956400699399E-13));
#5939=DIRECTION('',(-1.0,-1.23734356094474E-13,1.23956400699399E-13));
#5940=DIRECTION('',(-1.0,-1.23734356094474E-13,1.23956400699399E-13));
#5941=DIRECTION('',(1.0,1.23734356094474E-13,-1.23956400699399E-13));
#5942=DIRECTION('',(1.0,1.23734356094474E-13,-1.23956400699399E-13));
#5943=DIRECTION('',(-1.0,-1.23734356094474E-13,1.23956400699399E-13));
#5944=DIRECTION('',(1.0,1.23734356094474E-13,-1.23956400699399E-13));
#5945=DIRECTION('',(1.0,1.23734356094474E-13,-1.23956400699399E-13));
#5946=DIRECTION('',(1.0,1.23734356094474E-13,-1.23956400699399E-13));
#5947=DIRECTION('',(1.0,1.23734356094474E-13,-1.23956400699399E-13));
#5948=DIRECTION('',(1.0,1.23734356094474E-13,-1.23956400699399E-13));
#5949=DIRECTION('',(1.0,1.23734356094474E-13,-1.23956400699399E-13));
#5950=DIRECTION('',(-1.0,-1.23734356094474E-13,1.23956400699399E-13));
#5951=DIRECTION('',(1.0,1.23734356094474E-13,-1.23956400699399E-13));
#5952=DIRECTION('',(1.0,1.23734356094474E-13,-1.23956400699399E-13));
#5953=DIRECTION('',(-1.0,-1.23734356094474E-13,1.23956400699399E-13));
#5954=DIRECTION('',(-1.0,-1.23734356094474E-13,1.23956400699399E-13));
#5955=DIRECTION('',(-1.0,-1.23734356094474E-13,1.23956400699399E-13));
#5956=DIRECTION('',(-1.0,-1.23734356094474E-13,1.23956400699399E-13));
#5957=DIRECTION('',(1.0,1.23734356094474E-13,-1.23956400699399E-13));
#5958=DIRECTION('',(-1.0,-1.23734356094474E-13,1.23956400699399E-13));
#5959=DIRECTION('',(1.23956400699399E-13,2.22044604940329E-16,1.0));
#5960=DIRECTION('',(1.0,1.23734356094474E-13,-1.23956400699399E-13));
#5961=DIRECTION('',(1.23734356094474E-13,-1.0,2.22044604924991E-16));
#5962=DIRECTION('',(-1.0,-1.23734356094474E-13,1.23956400699399E-13));
#5963=DIRECTION('',(1.23956400699399E-13,2.22044604940329E-16,1.0));
#5964=DIRECTION('',(-1.0,-1.23734356094474E-13,1.23956400699399E-13));
#5965=CARTESIAN_POINT('',(1.00000000000157,0.900000000008504,3.0999999999969));
#5966=DIRECTION('',(1.0,1.23734356094474E-13,-1.23956400699399E-13));
#5967=DIRECTION('',(-1.23734356094474E-13,1.0,-2.22044604924991E-16));
#5968=DIRECTION('',(1.23734356094474E-13,-1.0,2.22044604924991E-16));
#5969=DIRECTION('',(-1.0,-1.23734356094474E-13,1.23956400699399E-13));
#5970=DIRECTION('',(-1.23956400699399E-13,-2.22044604940304E-16,-1.0));
#5971=DIRECTION('',(1.0,1.23734356094474E-13,7.53149201952137E-15));
#5972=DIRECTION('',(-1.23956400699399E-13,-2.22044604940304E-16,-1.0));
#5973=DIRECTION('',(1.23734356094474E-13,-1.0,1.18749868686102E-16));
#5974=DIRECTION('',(1.0,1.23734356094489E-13,7.53149201952137E-15));
#5975=DIRECTION('',(-1.23734356094474E-13,1.0,-1.18749868686102E-16));
#5976=DIRECTION('',(-1.23956400699384E-13,-1.15740750317188E-13,-1.0));
#5977=DIRECTION('',(-1.23956400699384E-13,-1.15740750317188E-13,-1.0));
#5978=DIRECTION('',(-1.23734356094474E-13,1.0,-5.1537649826581E-15));
#5979=DIRECTION('',(1.0,1.23734356094474E-13,-1.23956400699399E-13));
#5980=DIRECTION('',(-1.23734356094474E-13,1.0,-5.1537649826581E-15));
#5981=DIRECTION('',(-1.56125112837913E-13,0.309016994374014,-0.951056516295457));
#5982=DIRECTION('',(1.23956400699379E-13,1.58298008713815E-13,1.0));
#5983=DIRECTION('',(-1.34260658146701E-13,0.0871557427475047,-0.996194698091759));
#5984=DIRECTION('',(9.52432577250306E-14,-0.978147600733808,-0.207911690817747));
#5985=DIRECTION('',(-1.0,-1.23716125164749E-13,1.23748020219113E-13));
#5986=CARTESIAN_POINT('',(3.4499999999978,55.0943635790099,26.8021408472686));
#5987=DIRECTION('',(1.46765857837307E-13,-0.207911690817747,0.978147600733808));
#5988=DIRECTION('',(9.3567571548782E-14,-0.978147600733808,-0.207911690817747));
#5989=DIRECTION('',(-9.50860697533212E-14,0.978147600733808,0.207911690817747));
#5990=CARTESIAN_POINT('',(3.44999999999774,55.7075263784581,26.9324726236633));
#5991=DIRECTION('',(1.46765857837307E-13,-0.207911690817747,0.978147600733808));
#5992=DIRECTION('',(9.72338252515649E-14,-0.978147600733808,-0.207911690817747));
#5993=DIRECTION('',(-1.0,-1.23669845427274E-13,1.23757857280986E-13));
#5994=DIRECTION('',(-1.56125561442812E-13,0.309016994374014,-0.951056516295457));
#5995=DIRECTION('',(1.34268868880077E-13,-0.0871557427475046,0.996194698091759));
#5996=DIRECTION('',(-7.93182201243613E-14,0.9510565162952,0.309016994374806));
#5997=DIRECTION('',(1.34268868880077E-13,-0.0871557427475046,0.996194698091759));
#5998=CARTESIAN_POINT('',(3.44999999999707,55.5654735647884,21.4173290694573));
#5999=DIRECTION('',(-1.56125561442878E-13,0.309016994374806,-0.9510565162952));
#6000=DIRECTION('',(7.93737312755925E-14,-0.9510565162952,-0.309016994374806));
#6001=DIRECTION('',(1.34268868880077E-13,-0.087155742747503,0.996194698091759));
#6002=CARTESIAN_POINT('',(3.2499999999978,55.0943635790099,26.8021408472686));
#6003=DIRECTION('',(1.55617228113563E-13,-0.207911690817747,0.978147600733808));
#6004=DIRECTION('',(1.65656197440804E-13,-0.978147600733808,-0.207911690817747));
#6005=CARTESIAN_POINT('',(3.24999999999707,55.5654735647884,21.4173290694573));
#6006=DIRECTION('',(-1.56125561442878E-13,0.309016994374806,-0.9510565162952));
#6007=DIRECTION('',(7.93737312755925E-14,-0.9510565162952,-0.309016994374806));
#6008=DIRECTION('',(-1.34268868880076E-13,0.0871557427475015,-0.996194698091759));
#6009=DIRECTION('',(-1.34268868880076E-13,0.0871557427475015,-0.996194698091759));
#6010=DIRECTION('',(1.0,1.23734356094474E-13,-1.23956400699399E-13));
#6011=CARTESIAN_POINT('',(3.44999999999692,57.3148215645163,21.9857266901343));
#6012=DIRECTION('',(1.56125561442812E-13,-0.309016994374014,0.951056516295457));
#6013=DIRECTION('',(-7.93737312757226E-14,0.951056516295457,0.309016994374014));
#6014=DIRECTION('',(-1.56125561442812E-13,0.309016994374014,-0.951056516295457));
#6015=DIRECTION('',(-1.23956400699379E-13,-1.58298008713815E-13,-1.0));
#6016=PRESENTATION_LAYER_ASSIGNMENT('','',(#172,#174,#176,#178,#180,#182,#184,#186,#188,#190,#192,#194,#196,#198,#200,#202,#204,#206,#208,#210,#212,#214,#216,#218,#220,#222,#224,#226,#228,#230,#232,#234,#236,#238,#240,#242,#244,#246,#248,#250,#252,#254,#256,#258,#260,#262,#264,#266,#268,#270,#272,#274,#276,#278,#280,#282,#284,#286,#288,#290,#292,#294,#296,#298,#300,#302,#304,#306,#308,#310,#312,#314,#316,#318,#320,#322,#324,#326,#328,#330,#332,#334,#336,#338,#340,#342,#344,#346,#348,#350,#352,#354,#356,#358,#360,#362,#364,#366,#368,#370,#372,#374,#376,#378,#380,#382,#384,#386,#388,#390,#392,#394,#396,#398,#400,#402,#404,#406,#408,#410,#412,#414,#416,#418,#420,#422,#424,#426,#428,#430,#432,#434,#436,#438,#440,#442,#444,#446,#448,#450,#452,#454,#456,#458,#460,#462,#464,#466,#2822,#2823,#2824,#2825,#2826,#2829,#2830,#2831,#2834,#2835,#2836,#2839,#2840,#2841,#2844,#2845,#2846,#2849,#2850,#2851,#2853,#2854,#2855,#2856,#2857,#2858,#2859,#2860,#2861,#2862,#2863,#2864,#2865,#2866,#2867,#2868,#2869,#2870,#2871,#2872,#2873,#2874,#2875,#2876,#2877,#2878,#2879,#2880,#2881,#2882,#2883,#2884,#2885,#2886,#2887,#2888,#2889,#2890,#2891,#2892,#2893,#2894,#2895,#2896,#2897,#2898,#2899,#2900,#2901,#2902,#2903,#2904,#2905,#2906,#2907,#2908,#2909,#2910,#2911,#2912,#2913,#2914,#2915,#2916,#2917,#2918,#2919,#2920,#2921,#2922,#2923,#2924,#2925,#2926,#2927,#2928,#2930,#2931,#2932,#2933,#2934,#2935,#2936,#2937,#2938,#2939,#2940,#2941,#2942,#2943,#2944,#2945,#2946,#2947,#2948,#2949,#2950,#2951,#2952,#2953,#2954,#2955,#2956,#2957,#2958,#2959,#2960,#2961,#2962,#2963,#2964,#2965,#2966,#2967,#2968,#2969,#2970,#2971,#2972,#2973,#2974,#2975,#2976,#2977,#2978,#2979,#2980,#2981,#2982,#2983,#2984,#2985,#2986,#2987,#2988,#2989,#2990,#2991,#2992,#2993,#2994,#2995,#2996,#2998,#2999,#3001,#3003,#3004,#3005,#3006,#3007,#3008,#3009,#3011,#3012,#3013,#3014,#3015,#3017,#3018,#3019,#3020,#3021,#3022,#3024,#3025,#3026,#3028,#3029,#3030,#3031,#3032,#3033,#3034,#3035,#3036,#3037,#3038,#3039,#3040,#3041,#3042,#3043,#3044,#3045,#3047,#3048,#3049,#3050,#3052,#3053,#3054,#3055,#3057,#3059,#3061,#3064,#3065,#3067,#3068,#3069,#3071,#3072,#3074,#3075,#3076,#3078,#3080,#3083,#3085,#3087,#3089,#3091,#3093,#3094,#3096,#3097,#3098,#3099,#3101,#3102,#3103,#3105,#3106,#3108,#3109,#3111,#3112,#3113,#3116,#3117,#3118,#3119,#3120,#3122,#3123,#3125,#3126,#3128,#3130,#3131,#3133,#3135,#3137,#3139,#3140,#3141,#3143,#3144,#3145,#3146,#3147,#3148,#3149,#3151,#3152,#3153,#3155,#3156,#3158,#3159,#3161,#3163,#3165,#3166,#3171,#3173,#3174,#3175,#3176,#3178,#3179,#3180,#3181,#3183,#3185,#3187,#3189,#3190,#3192,#3193,#3195,#3196,#3198,#3199,#3201,#3202,#3204,#3206,#3207,#3208,#3209,#3211,#3212,#3213,#3214,#3215,#3217,#3218,#3219,#3220,#3221,#3223,#3224,#3225,#3227,#3228,#3229,#3230,#3231,#3233,#3234,#3235,#3237,#3238,#3239,#3241,#3243,#3245,#3247,#3249,#3250,#3252,#3253,#3255,#3257,#3258,#3259,#3261,#3264,#3265,#3267,#3269,#3271,#3273,#3275,#3277,#3279,#3281,#3283,#3284,#3287,#3290,#3291,#3293,#3294,#3296,#3297,#3300,#3302,#3304,#3306,#3308,#3310,#3312,#3316,#3320,#3321,#3322,#3324,#3325,#3327,#3328,#3330,#3331,#3336,#3337,#3338,#3339,#3342,#3343,#3344,#3346,#3348,#3352,#3353,#3354,#3356,#3357,#3358,#3359,#3361,#3362,#3363,#3364,#3365,#3367,#3368,#3369,#3371,#3373,#3374,#3376,#3377,#3378,#3379,#3381,#3384,#3386,#3389,#3398,#3400,#3402,#3404,#3411,#3413,#3420,#3422,#3429,#3431,#3438,#3440,#3447,#3449,#3453,#3454,#3456,#3458,#3460,#3462,#3464,#3466,#3468,#3470,#3472,#3474,#3476,#3478,#3480,#3482,#3484,#3486,#3488,#3490,#3492,#3494,#3496,#3498,#3500,#3502,#3504,#3506,#3508,#3510,#3512,#3514,#3516,#3518,#3520,#3524,#3526,#3528,#3530,#3532,#3534,#3537,#3539,#3541,#3543,#3545,#3547,#3549,#3552,#3554,#3556,#3558,#3560,#3562,#3564,#3566,#3568,#3570,#3572,#3574,#3576,#3578,#3581,#3583,#3585,#3587,#3589,#3591,#3593,#3595,#3597,#3601,#3602,#3604,#3606,#3608,#3610,#3612,#3614,#3616,#3618,#3621,#3623,#3625,#3627,#3629,#3631,#3633,#3635,#3637,#3639,#3641,#3643,#3645,#3647,#3650,#3652,#3654,#3656,#3658,#3660,#3662,#3665,#3667,#3669,#3671,#3674,#3676,#3678,#3680,#3682,#3684,#3686,#3688,#3690,#3692,#3694,#3696,#3698,#3700,#3702,#3704,#3706,#3708,#3710,#3712,#3714,#3716,#3718,#3720,#3722,#3724,#3726,#3728,#3737,#3738,#3740,#3742,#3744,#3746,#3748,#3752,#3753,#3755,#3758,#3762,#3763,#3765,#3767,#3769,#3771,#3775,#3777,#3781,#3783,#3785,#3788,#3790,#3792,#3794,#3796,#3798,#3800,#3802,#3806,#3807,#3809,#3811,#3815,#3817,#3819,#3823,#3825,#3827,#3838,#3842,#3850,#3852,#3874,#3875,#3877,#3879,#3883,#3884,#3889,#3893,#3902,#3904,#3906,#3908,#3930,#3931,#3935,#3936,#3938,#3940,#3942,#3944,#3949,#3950,#3955,#3959,#3975,#3977,#3979,#3983,#3985,#3996,#4000,#4004,#4008,#4012,#4018,#4020,#4022,#4026,#4027,#4029,#4031,#4033,#4037,#4039,#4041,#4043,#4047,#4049,#4053,#4056,#4058,#4062,#4064,#4068,#4070,#4082,#4086,#4092,#4093,#4157,#4159,#4163,#4167,#4178,#4180,#4185,#4187,#4197,#4199,#4203,#4206,#4210,#4212,#4214,#4216,#4220,#4222,#4228,#4233));
ENDSEC;
END-ISO-10303-21;
