ISO-10303-21;
HEADER;
FILE_DESCRIPTION(('STEP AP242'),'1');
FILE_NAME('3033236.stp','2025-07-02T08:28:27',('TraceParts'),('TraceParts S.A.'),'Spatial InterOp 3D',' ',' ');
FILE_SCHEMA(('AP242_MANAGED_MODEL_BASED_3D_ENGINEERING_MIM_LF  {1 0 10303 442 1 1 4}'));
ENDSEC;
DATA;
#1=MECHANICAL_DESIGN_GEOMETRIC_PRESENTATION_REPRESENTATION(' ',(#10,#11,#12,#13,#14,#15,#16,#17,#18,#19,#20,#21,#22,#23,#24,#25,#26,#27,#28,#29,#30,#31,#32,#33,#34,#35,#36,#37,#38,#39,#40,#41,#42,#43,#44,#45,#46,#47,#48,#49,#50,#51,#52,#53,#54,#55,#56,#57,#58,#59,#60,#61,#62,#63,#64,#65,#66,#67,#68,#69,#70,#71,#72,#73,#74,#75,#76,#77,#78,#79,#80,#81,#82,#83,#84,#85,#86,#87,#88,#89,#90,#91,#92,#93,#94,#95,#96,#97,#98,#99,#100,#101,#102,#103,#104,#105,#106,#107,#108,#109,#110,#111,#112,#113,#114,#115,#116,#117,#118,#119,#120,#121,#122,#123,#124,#125,#126,#127,#128,#129,#130,#131,#132,#133,#134,#135,#136,#137,#138,#139,#140,#141,#142,#143,#144,#145,#146,#147,#148,#149,#150,#151,#152,#153,#154,#155,#156,#157,#158,#159,#160,#161,#162,#163,#164,#165,#166,#167,#168,#169,#170,#171,#172,#173,#174,#175,#176,#177,#178,#179,#180,#181,#182,#183,#184,#185,#186,#187,#188,#189,#190,#191,#192,#193,#194,#195,#196,#197,#198,#199,#200,#201,#202,#203,#204,#205,#206,#207,#208,#209,#210,#211,#212,#213,#214,#215,#216,#217,#218,#219,#220,#221,#222,#223,#224,#225,#226,#227,#228,#229,#230,#231,#232,#233,#234,#235,#236,#237,#238,#239,#240,#241,#242,#243,#244,#245,#246,#247,#248,#249,#250,#251,#252,#253,#254,#255,#256,#257),#6);
#2=PRODUCT_DEFINITION_CONTEXT('',#258,'design');
#3=APPLICATION_PROTOCOL_DEFINITION('INTERNATIONAL STANDARD','ap242_managed_model_based_3d_engineering',2014,#258);
#4=PRODUCT_CATEGORY_RELATIONSHIP('NONE','NONE',#259,#260);
#5=SHAPE_DEFINITION_REPRESENTATION(#261,#262);
#6= (GEOMETRIC_REPRESENTATION_CONTEXT(3)GLOBAL_UNCERTAINTY_ASSIGNED_CONTEXT((#265))GLOBAL_UNIT_ASSIGNED_CONTEXT((#267,#268,#269))REPRESENTATION_CONTEXT('NONE','WORKSPACE'));
#10=STYLED_ITEM('',(#271),#272);
#11=STYLED_ITEM('',(#273),#274);
#12=STYLED_ITEM('',(#275),#276);
#13=STYLED_ITEM('',(#277),#278);
#14=STYLED_ITEM('',(#279),#280);
#15=STYLED_ITEM('',(#281),#282);
#16=STYLED_ITEM('',(#283),#284);
#17=STYLED_ITEM('',(#285),#286);
#18=STYLED_ITEM('',(#287),#288);
#19=STYLED_ITEM('',(#289),#290);
#20=STYLED_ITEM('',(#291),#292);
#21=STYLED_ITEM('',(#293),#294);
#22=STYLED_ITEM('',(#295),#296);
#23=STYLED_ITEM('',(#297),#298);
#24=STYLED_ITEM('',(#299),#300);
#25=STYLED_ITEM('',(#301),#302);
#26=STYLED_ITEM('',(#303),#304);
#27=STYLED_ITEM('',(#305),#306);
#28=STYLED_ITEM('',(#307),#308);
#29=STYLED_ITEM('',(#309),#310);
#30=STYLED_ITEM('',(#311),#312);
#31=STYLED_ITEM('',(#313),#314);
#32=STYLED_ITEM('',(#315),#316);
#33=STYLED_ITEM('',(#317),#318);
#34=STYLED_ITEM('',(#319),#320);
#35=STYLED_ITEM('',(#321),#322);
#36=STYLED_ITEM('',(#323),#324);
#37=STYLED_ITEM('',(#325),#326);
#38=STYLED_ITEM('',(#327),#328);
#39=STYLED_ITEM('',(#329),#330);
#40=STYLED_ITEM('',(#331),#332);
#41=STYLED_ITEM('',(#333),#334);
#42=STYLED_ITEM('',(#335),#336);
#43=STYLED_ITEM('',(#337),#338);
#44=STYLED_ITEM('',(#339),#340);
#45=STYLED_ITEM('',(#341),#342);
#46=STYLED_ITEM('',(#343),#344);
#47=STYLED_ITEM('',(#345),#346);
#48=STYLED_ITEM('',(#347),#348);
#49=STYLED_ITEM('',(#349),#350);
#50=STYLED_ITEM('',(#351),#352);
#51=STYLED_ITEM('',(#353),#354);
#52=STYLED_ITEM('',(#355),#356);
#53=STYLED_ITEM('',(#357),#358);
#54=STYLED_ITEM('',(#359),#360);
#55=STYLED_ITEM('',(#361),#362);
#56=STYLED_ITEM('',(#363),#364);
#57=STYLED_ITEM('',(#365),#366);
#58=STYLED_ITEM('',(#367),#368);
#59=STYLED_ITEM('',(#369),#370);
#60=STYLED_ITEM('',(#371),#372);
#61=STYLED_ITEM('',(#373),#374);
#62=STYLED_ITEM('',(#375),#376);
#63=STYLED_ITEM('',(#377),#378);
#64=STYLED_ITEM('',(#379),#380);
#65=STYLED_ITEM('',(#381),#382);
#66=STYLED_ITEM('',(#383),#384);
#67=STYLED_ITEM('',(#385),#386);
#68=STYLED_ITEM('',(#387),#388);
#69=STYLED_ITEM('',(#389),#390);
#70=STYLED_ITEM('',(#391),#392);
#71=STYLED_ITEM('',(#393),#394);
#72=STYLED_ITEM('',(#395),#396);
#73=STYLED_ITEM('',(#397),#398);
#74=STYLED_ITEM('',(#399),#400);
#75=STYLED_ITEM('',(#401),#402);
#76=STYLED_ITEM('',(#403),#404);
#77=STYLED_ITEM('',(#405),#406);
#78=STYLED_ITEM('',(#407),#408);
#79=STYLED_ITEM('',(#409),#410);
#80=STYLED_ITEM('',(#411),#412);
#81=STYLED_ITEM('',(#413),#414);
#82=STYLED_ITEM('',(#415),#416);
#83=STYLED_ITEM('',(#417),#418);
#84=STYLED_ITEM('',(#419),#420);
#85=STYLED_ITEM('',(#421),#422);
#86=STYLED_ITEM('',(#423),#424);
#87=STYLED_ITEM('',(#425),#426);
#88=STYLED_ITEM('',(#427),#428);
#89=STYLED_ITEM('',(#429),#430);
#90=STYLED_ITEM('',(#431),#432);
#91=STYLED_ITEM('',(#433),#434);
#92=STYLED_ITEM('',(#435),#436);
#93=STYLED_ITEM('',(#437),#438);
#94=STYLED_ITEM('',(#439),#440);
#95=STYLED_ITEM('',(#441),#442);
#96=STYLED_ITEM('',(#443),#444);
#97=STYLED_ITEM('',(#445),#446);
#98=STYLED_ITEM('',(#447),#448);
#99=STYLED_ITEM('',(#449),#450);
#100=STYLED_ITEM('',(#451),#452);
#101=STYLED_ITEM('',(#453),#454);
#102=STYLED_ITEM('',(#455),#456);
#103=STYLED_ITEM('',(#457),#458);
#104=STYLED_ITEM('',(#459),#460);
#105=STYLED_ITEM('',(#461),#462);
#106=STYLED_ITEM('',(#463),#464);
#107=STYLED_ITEM('',(#465),#466);
#108=STYLED_ITEM('',(#467),#468);
#109=STYLED_ITEM('',(#469),#470);
#110=STYLED_ITEM('',(#471),#472);
#111=STYLED_ITEM('',(#473),#474);
#112=STYLED_ITEM('',(#475),#476);
#113=STYLED_ITEM('',(#477),#478);
#114=STYLED_ITEM('',(#479),#480);
#115=STYLED_ITEM('',(#481),#482);
#116=STYLED_ITEM('',(#483),#484);
#117=STYLED_ITEM('',(#485),#486);
#118=STYLED_ITEM('',(#487),#488);
#119=STYLED_ITEM('',(#489),#490);
#120=STYLED_ITEM('',(#491),#492);
#121=STYLED_ITEM('',(#493),#494);
#122=STYLED_ITEM('',(#495),#496);
#123=STYLED_ITEM('',(#497),#498);
#124=STYLED_ITEM('',(#499),#500);
#125=STYLED_ITEM('',(#501),#502);
#126=STYLED_ITEM('',(#503),#504);
#127=STYLED_ITEM('',(#505),#506);
#128=STYLED_ITEM('',(#507),#508);
#129=STYLED_ITEM('',(#509),#510);
#130=STYLED_ITEM('',(#511),#512);
#131=STYLED_ITEM('',(#513),#514);
#132=STYLED_ITEM('',(#515),#516);
#133=STYLED_ITEM('',(#517),#518);
#134=STYLED_ITEM('',(#519),#520);
#135=STYLED_ITEM('',(#521),#522);
#136=STYLED_ITEM('',(#523),#524);
#137=STYLED_ITEM('',(#525),#526);
#138=STYLED_ITEM('',(#527),#528);
#139=STYLED_ITEM('',(#529),#530);
#140=STYLED_ITEM('',(#531),#532);
#141=STYLED_ITEM('',(#533),#534);
#142=STYLED_ITEM('',(#535),#536);
#143=STYLED_ITEM('',(#537),#538);
#144=STYLED_ITEM('',(#539),#540);
#145=STYLED_ITEM('',(#541),#542);
#146=STYLED_ITEM('',(#543),#544);
#147=STYLED_ITEM('',(#545),#546);
#148=STYLED_ITEM('',(#547),#548);
#149=STYLED_ITEM('',(#549),#550);
#150=STYLED_ITEM('',(#551),#552);
#151=STYLED_ITEM('',(#553),#554);
#152=STYLED_ITEM('',(#555),#556);
#153=STYLED_ITEM('',(#557),#558);
#154=STYLED_ITEM('',(#559),#560);
#155=STYLED_ITEM('',(#561),#562);
#156=STYLED_ITEM('',(#563),#564);
#157=STYLED_ITEM('',(#565),#566);
#158=STYLED_ITEM('',(#567),#568);
#159=STYLED_ITEM('',(#569),#570);
#160=STYLED_ITEM('',(#571),#572);
#161=STYLED_ITEM('',(#573),#574);
#162=STYLED_ITEM('',(#575),#576);
#163=STYLED_ITEM('',(#577),#578);
#164=STYLED_ITEM('',(#579),#580);
#165=STYLED_ITEM('',(#581),#582);
#166=STYLED_ITEM('',(#583),#584);
#167=STYLED_ITEM('',(#585),#586);
#168=STYLED_ITEM('',(#587),#588);
#169=STYLED_ITEM('',(#589),#590);
#170=STYLED_ITEM('',(#591),#592);
#171=STYLED_ITEM('',(#593),#594);
#172=STYLED_ITEM('',(#595),#596);
#173=STYLED_ITEM('',(#597),#598);
#174=STYLED_ITEM('',(#599),#600);
#175=STYLED_ITEM('',(#601),#602);
#176=STYLED_ITEM('',(#603),#604);
#177=STYLED_ITEM('',(#605),#606);
#178=STYLED_ITEM('',(#607),#608);
#179=STYLED_ITEM('',(#609),#610);
#180=STYLED_ITEM('',(#611),#612);
#181=STYLED_ITEM('',(#613),#614);
#182=STYLED_ITEM('',(#615),#616);
#183=STYLED_ITEM('',(#617),#618);
#184=STYLED_ITEM('',(#619),#620);
#185=STYLED_ITEM('',(#621),#622);
#186=STYLED_ITEM('',(#623),#624);
#187=STYLED_ITEM('',(#625),#626);
#188=STYLED_ITEM('',(#627),#628);
#189=STYLED_ITEM('',(#629),#630);
#190=STYLED_ITEM('',(#631),#632);
#191=STYLED_ITEM('',(#633),#634);
#192=STYLED_ITEM('',(#635),#636);
#193=STYLED_ITEM('',(#637),#638);
#194=STYLED_ITEM('',(#639),#640);
#195=STYLED_ITEM('',(#641),#642);
#196=STYLED_ITEM('',(#643),#644);
#197=STYLED_ITEM('',(#645),#646);
#198=STYLED_ITEM('',(#647),#648);
#199=STYLED_ITEM('',(#649),#650);
#200=STYLED_ITEM('',(#651),#652);
#201=STYLED_ITEM('',(#653),#654);
#202=STYLED_ITEM('',(#655),#656);
#203=STYLED_ITEM('',(#657),#658);
#204=STYLED_ITEM('',(#659),#660);
#205=STYLED_ITEM('',(#661),#662);
#206=STYLED_ITEM('',(#663),#664);
#207=STYLED_ITEM('',(#665),#666);
#208=STYLED_ITEM('',(#667),#668);
#209=STYLED_ITEM('',(#669),#670);
#210=STYLED_ITEM('',(#671),#672);
#211=STYLED_ITEM('',(#673),#674);
#212=STYLED_ITEM('',(#675),#676);
#213=STYLED_ITEM('',(#677),#678);
#214=STYLED_ITEM('',(#679),#680);
#215=STYLED_ITEM('',(#681),#682);
#216=STYLED_ITEM('',(#683),#684);
#217=STYLED_ITEM('',(#685),#686);
#218=STYLED_ITEM('',(#687),#688);
#219=STYLED_ITEM('',(#689),#690);
#220=STYLED_ITEM('',(#691),#692);
#221=STYLED_ITEM('',(#693),#694);
#222=STYLED_ITEM('',(#695),#696);
#223=STYLED_ITEM('',(#697),#698);
#224=STYLED_ITEM('',(#699),#700);
#225=STYLED_ITEM('',(#701),#702);
#226=STYLED_ITEM('',(#703),#704);
#227=STYLED_ITEM('',(#705),#706);
#228=STYLED_ITEM('',(#707),#708);
#229=STYLED_ITEM('',(#709),#710);
#230=STYLED_ITEM('',(#711),#712);
#231=STYLED_ITEM('',(#713),#714);
#232=STYLED_ITEM('',(#715),#716);
#233=STYLED_ITEM('',(#717),#718);
#234=STYLED_ITEM('',(#719),#720);
#235=STYLED_ITEM('',(#721),#722);
#236=STYLED_ITEM('',(#723),#724);
#237=STYLED_ITEM('',(#725),#726);
#238=STYLED_ITEM('',(#727),#728);
#239=STYLED_ITEM('',(#729),#730);
#240=STYLED_ITEM('',(#731),#732);
#241=STYLED_ITEM('',(#733),#734);
#242=STYLED_ITEM('',(#735),#736);
#243=STYLED_ITEM('',(#737),#738);
#244=STYLED_ITEM('',(#739),#740);
#245=STYLED_ITEM('',(#741),#742);
#246=STYLED_ITEM('',(#743),#744);
#247=STYLED_ITEM('',(#745),#746);
#248=STYLED_ITEM('',(#747),#748);
#249=STYLED_ITEM('',(#749),#750);
#250=STYLED_ITEM('',(#751),#752);
#251=STYLED_ITEM('',(#753),#754);
#252=STYLED_ITEM('',(#755),#756);
#253=STYLED_ITEM('',(#757),#758);
#254=STYLED_ITEM('',(#759),#760);
#255=STYLED_ITEM('',(#761),#762);
#256=STYLED_ITEM('',(#763),#764);
#257=STYLED_ITEM('',(#765),#766);
#258=APPLICATION_CONTEXT('managed model based 3d engineering');
#259=PRODUCT_CATEGORY('part','NONE');
#260=PRODUCT_RELATED_PRODUCT_CATEGORY('detail',' ',(#767));
#261=PRODUCT_DEFINITION_SHAPE('NONE','NONE',#768);
#262=ADVANCED_BREP_SHAPE_REPRESENTATION('STU-35_4x10-YE-select|1#STU-35_4x10-YE-select;STU-35_4x10-YE-select',(#766,#769),#6);
#265=UNCERTAINTY_MEASURE_WITH_UNIT(LENGTH_MEASURE(1.0E-06),#267,'','');
#267= (CONVERSION_BASED_UNIT('MILLIMETRE',#772)LENGTH_UNIT()NAMED_UNIT(#775));
#268= (NAMED_UNIT(#777)PLANE_ANGLE_UNIT()SI_UNIT($,.RADIAN.));
#269= (NAMED_UNIT(#777)SOLID_ANGLE_UNIT()SI_UNIT($,.STERADIAN.));
#271=PRESENTATION_STYLE_ASSIGNMENT((#783));
#272=ADVANCED_FACE('',(#784),#785,.F.);
#273=PRESENTATION_STYLE_ASSIGNMENT((#786));
#274=ADVANCED_FACE('',(#787),#788,.F.);
#275=PRESENTATION_STYLE_ASSIGNMENT((#789));
#276=ADVANCED_FACE('',(#790),#791,.F.);
#277=PRESENTATION_STYLE_ASSIGNMENT((#792));
#278=ADVANCED_FACE('',(#793),#794,.F.);
#279=PRESENTATION_STYLE_ASSIGNMENT((#795));
#280=ADVANCED_FACE('',(#796),#797,.F.);
#281=PRESENTATION_STYLE_ASSIGNMENT((#798));
#282=ADVANCED_FACE('',(#799),#800,.F.);
#283=PRESENTATION_STYLE_ASSIGNMENT((#801));
#284=ADVANCED_FACE('',(#802),#803,.F.);
#285=PRESENTATION_STYLE_ASSIGNMENT((#804));
#286=ADVANCED_FACE('',(#805),#806,.F.);
#287=PRESENTATION_STYLE_ASSIGNMENT((#807));
#288=ADVANCED_FACE('',(#808),#809,.T.);
#289=PRESENTATION_STYLE_ASSIGNMENT((#810));
#290=ADVANCED_FACE('',(#811),#812,.F.);
#291=PRESENTATION_STYLE_ASSIGNMENT((#813));
#292=ADVANCED_FACE('',(#814),#815,.F.);
#293=PRESENTATION_STYLE_ASSIGNMENT((#816));
#294=ADVANCED_FACE('',(#817),#818,.F.);
#295=PRESENTATION_STYLE_ASSIGNMENT((#819));
#296=ADVANCED_FACE('',(#820),#821,.F.);
#297=PRESENTATION_STYLE_ASSIGNMENT((#822));
#298=ADVANCED_FACE('',(#823),#824,.F.);
#299=PRESENTATION_STYLE_ASSIGNMENT((#825));
#300=ADVANCED_FACE('',(#826),#827,.F.);
#301=PRESENTATION_STYLE_ASSIGNMENT((#828));
#302=ADVANCED_FACE('',(#829),#830,.F.);
#303=PRESENTATION_STYLE_ASSIGNMENT((#831));
#304=ADVANCED_FACE('',(#832),#833,.F.);
#305=PRESENTATION_STYLE_ASSIGNMENT((#834));
#306=ADVANCED_FACE('',(#835),#836,.F.);
#307=PRESENTATION_STYLE_ASSIGNMENT((#837));
#308=ADVANCED_FACE('',(#838),#839,.T.);
#309=PRESENTATION_STYLE_ASSIGNMENT((#840));
#310=ADVANCED_FACE('',(#841),#842,.T.);
#311=PRESENTATION_STYLE_ASSIGNMENT((#843));
#312=ADVANCED_FACE('',(#844),#845,.T.);
#313=PRESENTATION_STYLE_ASSIGNMENT((#846));
#314=ADVANCED_FACE('',(#847),#848,.F.);
#315=PRESENTATION_STYLE_ASSIGNMENT((#849));
#316=ADVANCED_FACE('',(#850),#851,.F.);
#317=PRESENTATION_STYLE_ASSIGNMENT((#852));
#318=ADVANCED_FACE('',(#853),#854,.F.);
#319=PRESENTATION_STYLE_ASSIGNMENT((#855));
#320=ADVANCED_FACE('',(#856),#857,.T.);
#321=PRESENTATION_STYLE_ASSIGNMENT((#858));
#322=ADVANCED_FACE('',(#859),#860,.F.);
#323=PRESENTATION_STYLE_ASSIGNMENT((#861));
#324=ADVANCED_FACE('',(#862),#863,.F.);
#325=PRESENTATION_STYLE_ASSIGNMENT((#864));
#326=ADVANCED_FACE('',(#865),#866,.F.);
#327=PRESENTATION_STYLE_ASSIGNMENT((#867));
#328=ADVANCED_FACE('',(#868),#869,.F.);
#329=PRESENTATION_STYLE_ASSIGNMENT((#870));
#330=ADVANCED_FACE('',(#871),#872,.F.);
#331=PRESENTATION_STYLE_ASSIGNMENT((#873));
#332=ADVANCED_FACE('',(#874),#875,.T.);
#333=PRESENTATION_STYLE_ASSIGNMENT((#876));
#334=ADVANCED_FACE('',(#877),#878,.T.);
#335=PRESENTATION_STYLE_ASSIGNMENT((#879));
#336=ADVANCED_FACE('',(#880),#881,.F.);
#337=PRESENTATION_STYLE_ASSIGNMENT((#882));
#338=ADVANCED_FACE('',(#883),#884,.F.);
#339=PRESENTATION_STYLE_ASSIGNMENT((#885));
#340=ADVANCED_FACE('',(#886),#887,.T.);
#341=PRESENTATION_STYLE_ASSIGNMENT((#888));
#342=ADVANCED_FACE('',(#889),#890,.F.);
#343=PRESENTATION_STYLE_ASSIGNMENT((#891));
#344=ADVANCED_FACE('',(#892),#893,.T.);
#345=PRESENTATION_STYLE_ASSIGNMENT((#894));
#346=ADVANCED_FACE('',(#895),#896,.T.);
#347=PRESENTATION_STYLE_ASSIGNMENT((#897));
#348=ADVANCED_FACE('',(#898),#899,.F.);
#349=PRESENTATION_STYLE_ASSIGNMENT((#900));
#350=ADVANCED_FACE('',(#901),#902,.T.);
#351=PRESENTATION_STYLE_ASSIGNMENT((#903));
#352=ADVANCED_FACE('',(#904),#905,.T.);
#353=PRESENTATION_STYLE_ASSIGNMENT((#906));
#354=ADVANCED_FACE('',(#907),#908,.T.);
#355=PRESENTATION_STYLE_ASSIGNMENT((#909));
#356=ADVANCED_FACE('',(#910),#911,.T.);
#357=PRESENTATION_STYLE_ASSIGNMENT((#912));
#358=ADVANCED_FACE('',(#913),#914,.F.);
#359=PRESENTATION_STYLE_ASSIGNMENT((#915));
#360=ADVANCED_FACE('',(#916),#917,.F.);
#361=PRESENTATION_STYLE_ASSIGNMENT((#918));
#362=ADVANCED_FACE('',(#919),#920,.F.);
#363=PRESENTATION_STYLE_ASSIGNMENT((#921));
#364=ADVANCED_FACE('',(#922),#923,.F.);
#365=PRESENTATION_STYLE_ASSIGNMENT((#924));
#366=ADVANCED_FACE('',(#925),#926,.T.);
#367=PRESENTATION_STYLE_ASSIGNMENT((#927));
#368=ADVANCED_FACE('',(#928),#929,.F.);
#369=PRESENTATION_STYLE_ASSIGNMENT((#930));
#370=ADVANCED_FACE('',(#931),#932,.T.);
#371=PRESENTATION_STYLE_ASSIGNMENT((#933));
#372=ADVANCED_FACE('',(#934),#935,.F.);
#373=PRESENTATION_STYLE_ASSIGNMENT((#936));
#374=ADVANCED_FACE('',(#937),#938,.T.);
#375=PRESENTATION_STYLE_ASSIGNMENT((#939));
#376=ADVANCED_FACE('',(#940),#941,.F.);
#377=PRESENTATION_STYLE_ASSIGNMENT((#942));
#378=ADVANCED_FACE('',(#943),#944,.T.);
#379=PRESENTATION_STYLE_ASSIGNMENT((#945));
#380=ADVANCED_FACE('',(#946),#947,.F.);
#381=PRESENTATION_STYLE_ASSIGNMENT((#948));
#382=ADVANCED_FACE('',(#949),#950,.F.);
#383=PRESENTATION_STYLE_ASSIGNMENT((#951));
#384=ADVANCED_FACE('',(#952),#953,.F.);
#385=PRESENTATION_STYLE_ASSIGNMENT((#954));
#386=ADVANCED_FACE('',(#955),#956,.F.);
#387=PRESENTATION_STYLE_ASSIGNMENT((#957));
#388=ADVANCED_FACE('',(#958),#959,.F.);
#389=PRESENTATION_STYLE_ASSIGNMENT((#960));
#390=ADVANCED_FACE('',(#961),#962,.F.);
#391=PRESENTATION_STYLE_ASSIGNMENT((#963));
#392=ADVANCED_FACE('',(#964),#965,.F.);
#393=PRESENTATION_STYLE_ASSIGNMENT((#966));
#394=ADVANCED_FACE('',(#967),#968,.T.);
#395=PRESENTATION_STYLE_ASSIGNMENT((#969));
#396=ADVANCED_FACE('',(#970),#971,.T.);
#397=PRESENTATION_STYLE_ASSIGNMENT((#972));
#398=ADVANCED_FACE('',(#973),#974,.F.);
#399=PRESENTATION_STYLE_ASSIGNMENT((#975));
#400=ADVANCED_FACE('',(#976),#977,.F.);
#401=PRESENTATION_STYLE_ASSIGNMENT((#978));
#402=ADVANCED_FACE('',(#979),#980,.F.);
#403=PRESENTATION_STYLE_ASSIGNMENT((#981));
#404=ADVANCED_FACE('',(#982),#983,.F.);
#405=PRESENTATION_STYLE_ASSIGNMENT((#984));
#406=ADVANCED_FACE('',(#985),#986,.F.);
#407=PRESENTATION_STYLE_ASSIGNMENT((#987));
#408=ADVANCED_FACE('',(#988),#989,.F.);
#409=PRESENTATION_STYLE_ASSIGNMENT((#990));
#410=ADVANCED_FACE('',(#991),#992,.F.);
#411=PRESENTATION_STYLE_ASSIGNMENT((#993));
#412=ADVANCED_FACE('',(#994),#995,.F.);
#413=PRESENTATION_STYLE_ASSIGNMENT((#996));
#414=ADVANCED_FACE('',(#997),#998,.F.);
#415=PRESENTATION_STYLE_ASSIGNMENT((#999));
#416=ADVANCED_FACE('',(#1000),#1001,.T.);
#417=PRESENTATION_STYLE_ASSIGNMENT((#1002));
#418=ADVANCED_FACE('',(#1003),#1004,.T.);
#419=PRESENTATION_STYLE_ASSIGNMENT((#1005));
#420=ADVANCED_FACE('',(#1006),#1007,.T.);
#421=PRESENTATION_STYLE_ASSIGNMENT((#1008));
#422=ADVANCED_FACE('',(#1009),#1010,.T.);
#423=PRESENTATION_STYLE_ASSIGNMENT((#1011));
#424=ADVANCED_FACE('',(#1012),#1013,.F.);
#425=PRESENTATION_STYLE_ASSIGNMENT((#1014));
#426=ADVANCED_FACE('',(#1015),#1016,.F.);
#427=PRESENTATION_STYLE_ASSIGNMENT((#1017));
#428=ADVANCED_FACE('',(#1018),#1019,.F.);
#429=PRESENTATION_STYLE_ASSIGNMENT((#1020));
#430=ADVANCED_FACE('',(#1021),#1022,.F.);
#431=PRESENTATION_STYLE_ASSIGNMENT((#1023));
#432=ADVANCED_FACE('',(#1024),#1025,.T.);
#433=PRESENTATION_STYLE_ASSIGNMENT((#1026));
#434=ADVANCED_FACE('',(#1027),#1028,.T.);
#435=PRESENTATION_STYLE_ASSIGNMENT((#1029));
#436=ADVANCED_FACE('',(#1030),#1031,.T.);
#437=PRESENTATION_STYLE_ASSIGNMENT((#1032));
#438=ADVANCED_FACE('',(#1033),#1034,.F.);
#439=PRESENTATION_STYLE_ASSIGNMENT((#1035));
#440=ADVANCED_FACE('',(#1036),#1037,.T.);
#441=PRESENTATION_STYLE_ASSIGNMENT((#1038));
#442=ADVANCED_FACE('',(#1039),#1040,.T.);
#443=PRESENTATION_STYLE_ASSIGNMENT((#1041));
#444=ADVANCED_FACE('',(#1042),#1043,.T.);
#445=PRESENTATION_STYLE_ASSIGNMENT((#1044));
#446=ADVANCED_FACE('',(#1045),#1046,.T.);
#447=PRESENTATION_STYLE_ASSIGNMENT((#1047));
#448=ADVANCED_FACE('',(#1048),#1049,.T.);
#449=PRESENTATION_STYLE_ASSIGNMENT((#1050));
#450=ADVANCED_FACE('',(#1051),#1052,.T.);
#451=PRESENTATION_STYLE_ASSIGNMENT((#1053));
#452=ADVANCED_FACE('',(#1054),#1055,.F.);
#453=PRESENTATION_STYLE_ASSIGNMENT((#1056));
#454=ADVANCED_FACE('',(#1057),#1058,.T.);
#455=PRESENTATION_STYLE_ASSIGNMENT((#1059));
#456=ADVANCED_FACE('',(#1060),#1061,.F.);
#457=PRESENTATION_STYLE_ASSIGNMENT((#1062));
#458=ADVANCED_FACE('',(#1063),#1064,.F.);
#459=PRESENTATION_STYLE_ASSIGNMENT((#1065));
#460=ADVANCED_FACE('',(#1066),#1067,.T.);
#461=PRESENTATION_STYLE_ASSIGNMENT((#1068));
#462=ADVANCED_FACE('',(#1069),#1070,.F.);
#463=PRESENTATION_STYLE_ASSIGNMENT((#1071));
#464=ADVANCED_FACE('',(#1072,#1073,#1074,#1075,#1076,#1077),#1078,.F.);
#465=PRESENTATION_STYLE_ASSIGNMENT((#1079));
#466=ADVANCED_FACE('',(#1080),#1081,.F.);
#467=PRESENTATION_STYLE_ASSIGNMENT((#1082));
#468=ADVANCED_FACE('',(#1083),#1084,.T.);
#469=PRESENTATION_STYLE_ASSIGNMENT((#1085));
#470=ADVANCED_FACE('',(#1086),#1087,.F.);
#471=PRESENTATION_STYLE_ASSIGNMENT((#1088));
#472=ADVANCED_FACE('',(#1089),#1090,.F.);
#473=PRESENTATION_STYLE_ASSIGNMENT((#1091));
#474=ADVANCED_FACE('',(#1092),#1093,.F.);
#475=PRESENTATION_STYLE_ASSIGNMENT((#1094));
#476=ADVANCED_FACE('',(#1095),#1096,.F.);
#477=PRESENTATION_STYLE_ASSIGNMENT((#1097));
#478=ADVANCED_FACE('',(#1098),#1099,.F.);
#479=PRESENTATION_STYLE_ASSIGNMENT((#1100));
#480=ADVANCED_FACE('',(#1101),#1102,.T.);
#481=PRESENTATION_STYLE_ASSIGNMENT((#1103));
#482=ADVANCED_FACE('',(#1104),#1105,.T.);
#483=PRESENTATION_STYLE_ASSIGNMENT((#1106));
#484=ADVANCED_FACE('',(#1107),#1108,.T.);
#485=PRESENTATION_STYLE_ASSIGNMENT((#1109));
#486=ADVANCED_FACE('',(#1110),#1111,.F.);
#487=PRESENTATION_STYLE_ASSIGNMENT((#1112));
#488=ADVANCED_FACE('',(#1113),#1114,.T.);
#489=PRESENTATION_STYLE_ASSIGNMENT((#1115));
#490=ADVANCED_FACE('',(#1116),#1117,.T.);
#491=PRESENTATION_STYLE_ASSIGNMENT((#1118));
#492=ADVANCED_FACE('',(#1119),#1120,.T.);
#493=PRESENTATION_STYLE_ASSIGNMENT((#1121));
#494=ADVANCED_FACE('',(#1122),#1123,.F.);
#495=PRESENTATION_STYLE_ASSIGNMENT((#1124));
#496=ADVANCED_FACE('',(#1125),#1126,.F.);
#497=PRESENTATION_STYLE_ASSIGNMENT((#1127));
#498=ADVANCED_FACE('',(#1128),#1129,.F.);
#499=PRESENTATION_STYLE_ASSIGNMENT((#1130));
#500=ADVANCED_FACE('',(#1131),#1132,.T.);
#501=PRESENTATION_STYLE_ASSIGNMENT((#1133));
#502=ADVANCED_FACE('',(#1134),#1135,.T.);
#503=PRESENTATION_STYLE_ASSIGNMENT((#1136));
#504=ADVANCED_FACE('',(#1137),#1138,.T.);
#505=PRESENTATION_STYLE_ASSIGNMENT((#1139));
#506=ADVANCED_FACE('',(#1140),#1141,.T.);
#507=PRESENTATION_STYLE_ASSIGNMENT((#1142));
#508=ADVANCED_FACE('',(#1143),#1144,.F.);
#509=PRESENTATION_STYLE_ASSIGNMENT((#1145));
#510=ADVANCED_FACE('',(#1146),#1147,.T.);
#511=PRESENTATION_STYLE_ASSIGNMENT((#1148));
#512=ADVANCED_FACE('',(#1149),#1150,.F.);
#513=PRESENTATION_STYLE_ASSIGNMENT((#1151));
#514=ADVANCED_FACE('',(#1152),#1153,.F.);
#515=PRESENTATION_STYLE_ASSIGNMENT((#1154));
#516=ADVANCED_FACE('',(#1155,#1156,#1157,#1158,#1159,#1160),#1161,.T.);
#517=PRESENTATION_STYLE_ASSIGNMENT((#1162));
#518=ADVANCED_FACE('',(#1163),#1164,.F.);
#519=PRESENTATION_STYLE_ASSIGNMENT((#1165));
#520=ADVANCED_FACE('',(#1166),#1167,.T.);
#521=PRESENTATION_STYLE_ASSIGNMENT((#1168));
#522=ADVANCED_FACE('',(#1169),#1170,.F.);
#523=PRESENTATION_STYLE_ASSIGNMENT((#1171));
#524=ADVANCED_FACE('',(#1172),#1173,.T.);
#525=PRESENTATION_STYLE_ASSIGNMENT((#1174));
#526=ADVANCED_FACE('',(#1175),#1176,.T.);
#527=PRESENTATION_STYLE_ASSIGNMENT((#1177));
#528=ADVANCED_FACE('',(#1178),#1179,.F.);
#529=PRESENTATION_STYLE_ASSIGNMENT((#1180));
#530=ADVANCED_FACE('',(#1181),#1182,.F.);
#531=PRESENTATION_STYLE_ASSIGNMENT((#1183));
#532=ADVANCED_FACE('',(#1184),#1185,.F.);
#533=PRESENTATION_STYLE_ASSIGNMENT((#1186));
#534=ADVANCED_FACE('',(#1187),#1188,.T.);
#535=PRESENTATION_STYLE_ASSIGNMENT((#1189));
#536=ADVANCED_FACE('',(#1190),#1191,.T.);
#537=PRESENTATION_STYLE_ASSIGNMENT((#1192));
#538=ADVANCED_FACE('',(#1193),#1194,.F.);
#539=PRESENTATION_STYLE_ASSIGNMENT((#1195));
#540=ADVANCED_FACE('',(#1196),#1197,.F.);
#541=PRESENTATION_STYLE_ASSIGNMENT((#1198));
#542=ADVANCED_FACE('',(#1199),#1200,.F.);
#543=PRESENTATION_STYLE_ASSIGNMENT((#1201));
#544=ADVANCED_FACE('',(#1202),#1203,.F.);
#545=PRESENTATION_STYLE_ASSIGNMENT((#1204));
#546=ADVANCED_FACE('',(#1205),#1206,.F.);
#547=PRESENTATION_STYLE_ASSIGNMENT((#1207));
#548=ADVANCED_FACE('',(#1208),#1209,.F.);
#549=PRESENTATION_STYLE_ASSIGNMENT((#1210));
#550=ADVANCED_FACE('',(#1211),#1212,.F.);
#551=PRESENTATION_STYLE_ASSIGNMENT((#1213));
#552=ADVANCED_FACE('',(#1214),#1215,.T.);
#553=PRESENTATION_STYLE_ASSIGNMENT((#1216));
#554=ADVANCED_FACE('',(#1217),#1218,.F.);
#555=PRESENTATION_STYLE_ASSIGNMENT((#1219));
#556=ADVANCED_FACE('',(#1220),#1221,.F.);
#557=PRESENTATION_STYLE_ASSIGNMENT((#1222));
#558=ADVANCED_FACE('',(#1223),#1224,.F.);
#559=PRESENTATION_STYLE_ASSIGNMENT((#1225));
#560=ADVANCED_FACE('',(#1226),#1227,.F.);
#561=PRESENTATION_STYLE_ASSIGNMENT((#1228));
#562=ADVANCED_FACE('',(#1229),#1230,.F.);
#563=PRESENTATION_STYLE_ASSIGNMENT((#1231));
#564=ADVANCED_FACE('',(#1232),#1233,.F.);
#565=PRESENTATION_STYLE_ASSIGNMENT((#1234));
#566=ADVANCED_FACE('',(#1235),#1236,.F.);
#567=PRESENTATION_STYLE_ASSIGNMENT((#1237));
#568=ADVANCED_FACE('',(#1238),#1239,.F.);
#569=PRESENTATION_STYLE_ASSIGNMENT((#1240));
#570=ADVANCED_FACE('',(#1241),#1242,.F.);
#571=PRESENTATION_STYLE_ASSIGNMENT((#1243));
#572=ADVANCED_FACE('',(#1244),#1245,.F.);
#573=PRESENTATION_STYLE_ASSIGNMENT((#1246));
#574=ADVANCED_FACE('',(#1247,#1248),#1249,.F.);
#575=PRESENTATION_STYLE_ASSIGNMENT((#1250));
#576=ADVANCED_FACE('',(#1251),#1252,.F.);
#577=PRESENTATION_STYLE_ASSIGNMENT((#1253));
#578=ADVANCED_FACE('',(#1254),#1255,.F.);
#579=PRESENTATION_STYLE_ASSIGNMENT((#1256));
#580=ADVANCED_FACE('',(#1257),#1258,.F.);
#581=PRESENTATION_STYLE_ASSIGNMENT((#1259));
#582=ADVANCED_FACE('',(#1260),#1261,.F.);
#583=PRESENTATION_STYLE_ASSIGNMENT((#1262));
#584=ADVANCED_FACE('',(#1263),#1264,.T.);
#585=PRESENTATION_STYLE_ASSIGNMENT((#1265));
#586=ADVANCED_FACE('',(#1266),#1267,.T.);
#587=PRESENTATION_STYLE_ASSIGNMENT((#1268));
#588=ADVANCED_FACE('',(#1269),#1270,.T.);
#589=PRESENTATION_STYLE_ASSIGNMENT((#1271));
#590=ADVANCED_FACE('',(#1272),#1273,.T.);
#591=PRESENTATION_STYLE_ASSIGNMENT((#1274));
#592=ADVANCED_FACE('',(#1275),#1276,.T.);
#593=PRESENTATION_STYLE_ASSIGNMENT((#1277));
#594=ADVANCED_FACE('',(#1278),#1279,.F.);
#595=PRESENTATION_STYLE_ASSIGNMENT((#1280));
#596=ADVANCED_FACE('',(#1281),#1282,.F.);
#597=PRESENTATION_STYLE_ASSIGNMENT((#1283));
#598=ADVANCED_FACE('',(#1284),#1285,.T.);
#599=PRESENTATION_STYLE_ASSIGNMENT((#1286));
#600=ADVANCED_FACE('',(#1287),#1288,.F.);
#601=PRESENTATION_STYLE_ASSIGNMENT((#1289));
#602=ADVANCED_FACE('',(#1290),#1291,.F.);
#603=PRESENTATION_STYLE_ASSIGNMENT((#1292));
#604=ADVANCED_FACE('',(#1293),#1294,.F.);
#605=PRESENTATION_STYLE_ASSIGNMENT((#1295));
#606=ADVANCED_FACE('',(#1296),#1297,.F.);
#607=PRESENTATION_STYLE_ASSIGNMENT((#1298));
#608=ADVANCED_FACE('',(#1299),#1300,.F.);
#609=PRESENTATION_STYLE_ASSIGNMENT((#1301));
#610=ADVANCED_FACE('',(#1302),#1303,.F.);
#611=PRESENTATION_STYLE_ASSIGNMENT((#1304));
#612=ADVANCED_FACE('',(#1305),#1306,.F.);
#613=PRESENTATION_STYLE_ASSIGNMENT((#1307));
#614=ADVANCED_FACE('',(#1308),#1309,.F.);
#615=PRESENTATION_STYLE_ASSIGNMENT((#1310));
#616=ADVANCED_FACE('',(#1311),#1312,.F.);
#617=PRESENTATION_STYLE_ASSIGNMENT((#1313));
#618=ADVANCED_FACE('',(#1314),#1315,.F.);
#619=PRESENTATION_STYLE_ASSIGNMENT((#1316));
#620=ADVANCED_FACE('',(#1317),#1318,.T.);
#621=PRESENTATION_STYLE_ASSIGNMENT((#1319));
#622=ADVANCED_FACE('',(#1320),#1321,.F.);
#623=PRESENTATION_STYLE_ASSIGNMENT((#1322));
#624=ADVANCED_FACE('',(#1323),#1324,.T.);
#625=PRESENTATION_STYLE_ASSIGNMENT((#1325));
#626=ADVANCED_FACE('',(#1326),#1327,.T.);
#627=PRESENTATION_STYLE_ASSIGNMENT((#1328));
#628=ADVANCED_FACE('',(#1329),#1330,.F.);
#629=PRESENTATION_STYLE_ASSIGNMENT((#1331));
#630=ADVANCED_FACE('',(#1332),#1333,.F.);
#631=PRESENTATION_STYLE_ASSIGNMENT((#1334));
#632=ADVANCED_FACE('',(#1335),#1336,.F.);
#633=PRESENTATION_STYLE_ASSIGNMENT((#1337));
#634=ADVANCED_FACE('',(#1338),#1339,.F.);
#635=PRESENTATION_STYLE_ASSIGNMENT((#1340));
#636=ADVANCED_FACE('',(#1341),#1342,.T.);
#637=PRESENTATION_STYLE_ASSIGNMENT((#1343));
#638=ADVANCED_FACE('',(#1344),#1345,.T.);
#639=PRESENTATION_STYLE_ASSIGNMENT((#1346));
#640=ADVANCED_FACE('',(#1347),#1348,.F.);
#641=PRESENTATION_STYLE_ASSIGNMENT((#1349));
#642=ADVANCED_FACE('',(#1350),#1351,.F.);
#643=PRESENTATION_STYLE_ASSIGNMENT((#1352));
#644=ADVANCED_FACE('',(#1353),#1354,.F.);
#645=PRESENTATION_STYLE_ASSIGNMENT((#1355));
#646=ADVANCED_FACE('',(#1356),#1357,.F.);
#647=PRESENTATION_STYLE_ASSIGNMENT((#1358));
#648=ADVANCED_FACE('',(#1359),#1360,.T.);
#649=PRESENTATION_STYLE_ASSIGNMENT((#1361));
#650=ADVANCED_FACE('',(#1362),#1363,.F.);
#651=PRESENTATION_STYLE_ASSIGNMENT((#1364));
#652=ADVANCED_FACE('',(#1365),#1366,.F.);
#653=PRESENTATION_STYLE_ASSIGNMENT((#1367));
#654=ADVANCED_FACE('',(#1368),#1369,.F.);
#655=PRESENTATION_STYLE_ASSIGNMENT((#1370));
#656=ADVANCED_FACE('',(#1371),#1372,.F.);
#657=PRESENTATION_STYLE_ASSIGNMENT((#1373));
#658=ADVANCED_FACE('',(#1374),#1375,.T.);
#659=PRESENTATION_STYLE_ASSIGNMENT((#1376));
#660=ADVANCED_FACE('',(#1377),#1378,.T.);
#661=PRESENTATION_STYLE_ASSIGNMENT((#1379));
#662=ADVANCED_FACE('',(#1380),#1381,.T.);
#663=PRESENTATION_STYLE_ASSIGNMENT((#1382));
#664=ADVANCED_FACE('',(#1383),#1384,.T.);
#665=PRESENTATION_STYLE_ASSIGNMENT((#1385));
#666=ADVANCED_FACE('',(#1386),#1387,.F.);
#667=PRESENTATION_STYLE_ASSIGNMENT((#1388));
#668=ADVANCED_FACE('',(#1389),#1390,.F.);
#669=PRESENTATION_STYLE_ASSIGNMENT((#1391));
#670=ADVANCED_FACE('',(#1392),#1393,.T.);
#671=PRESENTATION_STYLE_ASSIGNMENT((#1394));
#672=ADVANCED_FACE('',(#1395),#1396,.T.);
#673=PRESENTATION_STYLE_ASSIGNMENT((#1397));
#674=ADVANCED_FACE('',(#1398),#1399,.T.);
#675=PRESENTATION_STYLE_ASSIGNMENT((#1400));
#676=ADVANCED_FACE('',(#1401),#1402,.T.);
#677=PRESENTATION_STYLE_ASSIGNMENT((#1403));
#678=ADVANCED_FACE('',(#1404),#1405,.T.);
#679=PRESENTATION_STYLE_ASSIGNMENT((#1406));
#680=ADVANCED_FACE('',(#1407),#1408,.F.);
#681=PRESENTATION_STYLE_ASSIGNMENT((#1409));
#682=ADVANCED_FACE('',(#1410),#1411,.F.);
#683=PRESENTATION_STYLE_ASSIGNMENT((#1412));
#684=ADVANCED_FACE('',(#1413),#1414,.T.);
#685=PRESENTATION_STYLE_ASSIGNMENT((#1415));
#686=ADVANCED_FACE('',(#1416),#1417,.T.);
#687=PRESENTATION_STYLE_ASSIGNMENT((#1418));
#688=ADVANCED_FACE('',(#1419),#1420,.F.);
#689=PRESENTATION_STYLE_ASSIGNMENT((#1421));
#690=ADVANCED_FACE('',(#1422),#1423,.F.);
#691=PRESENTATION_STYLE_ASSIGNMENT((#1424));
#692=ADVANCED_FACE('',(#1425),#1426,.T.);
#693=PRESENTATION_STYLE_ASSIGNMENT((#1427));
#694=ADVANCED_FACE('',(#1428,#1429),#1430,.F.);
#695=PRESENTATION_STYLE_ASSIGNMENT((#1431));
#696=ADVANCED_FACE('',(#1432),#1433,.F.);
#697=PRESENTATION_STYLE_ASSIGNMENT((#1434));
#698=ADVANCED_FACE('',(#1435),#1436,.F.);
#699=PRESENTATION_STYLE_ASSIGNMENT((#1437));
#700=ADVANCED_FACE('',(#1438),#1439,.F.);
#701=PRESENTATION_STYLE_ASSIGNMENT((#1440));
#702=ADVANCED_FACE('',(#1441),#1442,.T.);
#703=PRESENTATION_STYLE_ASSIGNMENT((#1443));
#704=ADVANCED_FACE('',(#1444),#1445,.F.);
#705=PRESENTATION_STYLE_ASSIGNMENT((#1446));
#706=ADVANCED_FACE('',(#1447),#1448,.T.);
#707=PRESENTATION_STYLE_ASSIGNMENT((#1449));
#708=ADVANCED_FACE('',(#1450),#1451,.T.);
#709=PRESENTATION_STYLE_ASSIGNMENT((#1452));
#710=ADVANCED_FACE('',(#1453),#1454,.T.);
#711=PRESENTATION_STYLE_ASSIGNMENT((#1455));
#712=ADVANCED_FACE('',(#1456),#1457,.F.);
#713=PRESENTATION_STYLE_ASSIGNMENT((#1458));
#714=ADVANCED_FACE('',(#1459),#1460,.F.);
#715=PRESENTATION_STYLE_ASSIGNMENT((#1461));
#716=ADVANCED_FACE('',(#1462),#1463,.T.);
#717=PRESENTATION_STYLE_ASSIGNMENT((#1464));
#718=ADVANCED_FACE('',(#1465),#1466,.F.);
#719=PRESENTATION_STYLE_ASSIGNMENT((#1467));
#720=ADVANCED_FACE('',(#1468),#1469,.F.);
#721=PRESENTATION_STYLE_ASSIGNMENT((#1470));
#722=ADVANCED_FACE('',(#1471),#1472,.F.);
#723=PRESENTATION_STYLE_ASSIGNMENT((#1473));
#724=ADVANCED_FACE('',(#1474),#1475,.F.);
#725=PRESENTATION_STYLE_ASSIGNMENT((#1476));
#726=ADVANCED_FACE('',(#1477),#1478,.T.);
#727=PRESENTATION_STYLE_ASSIGNMENT((#1479));
#728=ADVANCED_FACE('',(#1480),#1481,.F.);
#729=PRESENTATION_STYLE_ASSIGNMENT((#1482));
#730=ADVANCED_FACE('',(#1483),#1484,.F.);
#731=PRESENTATION_STYLE_ASSIGNMENT((#1485));
#732=ADVANCED_FACE('',(#1486),#1487,.F.);
#733=PRESENTATION_STYLE_ASSIGNMENT((#1488));
#734=ADVANCED_FACE('',(#1489),#1490,.F.);
#735=PRESENTATION_STYLE_ASSIGNMENT((#1491));
#736=ADVANCED_FACE('',(#1492),#1493,.T.);
#737=PRESENTATION_STYLE_ASSIGNMENT((#1494));
#738=ADVANCED_FACE('',(#1495),#1496,.T.);
#739=PRESENTATION_STYLE_ASSIGNMENT((#1497));
#740=ADVANCED_FACE('',(#1498),#1499,.T.);
#741=PRESENTATION_STYLE_ASSIGNMENT((#1500));
#742=ADVANCED_FACE('',(#1501),#1502,.T.);
#743=PRESENTATION_STYLE_ASSIGNMENT((#1503));
#744=ADVANCED_FACE('',(#1504),#1505,.F.);
#745=PRESENTATION_STYLE_ASSIGNMENT((#1506));
#746=ADVANCED_FACE('',(#1507),#1508,.F.);
#747=PRESENTATION_STYLE_ASSIGNMENT((#1509));
#748=ADVANCED_FACE('',(#1510),#1511,.T.);
#749=PRESENTATION_STYLE_ASSIGNMENT((#1512));
#750=ADVANCED_FACE('',(#1513),#1514,.F.);
#751=PRESENTATION_STYLE_ASSIGNMENT((#1515));
#752=ADVANCED_FACE('',(#1516),#1517,.F.);
#753=PRESENTATION_STYLE_ASSIGNMENT((#1518));
#754=ADVANCED_FACE('',(#1519),#1520,.F.);
#755=PRESENTATION_STYLE_ASSIGNMENT((#1521));
#756=ADVANCED_FACE('',(#1522),#1523,.F.);
#757=PRESENTATION_STYLE_ASSIGNMENT((#1524));
#758=ADVANCED_FACE('',(#1525),#1526,.F.);
#759=PRESENTATION_STYLE_ASSIGNMENT((#1527));
#760=ADVANCED_FACE('',(#1528),#1529,.F.);
#761=PRESENTATION_STYLE_ASSIGNMENT((#1530));
#762=ADVANCED_FACE('',(#1531),#1532,.F.);
#763=PRESENTATION_STYLE_ASSIGNMENT((#1533));
#764=ADVANCED_FACE('',(#1534),#1535,.F.);
#765=PRESENTATION_STYLE_ASSIGNMENT((#1536));
#766=MANIFOLD_SOLID_BREP('STU-35_4x10-YE-select|1#STU-35_4x10-YE-select;STU-35_4x10-YE-select',#1537);
#767=PRODUCT('STU-35_4x10-YE-select|1#STU-35_4x10-YE-select;STU-35_4x10-YE-select','','PART--DESC',(#1538));
#768=PRODUCT_DEFINITION('','NONE',#1539,#2);
#769=AXIS2_PLACEMENT_3D('',#1540,#1541,#1542);
#772=LENGTH_MEASURE_WITH_UNIT(LENGTH_MEASURE(1.0),#1543);
#775=DIMENSIONAL_EXPONENTS(1.0,0.0,0.0,0.0,0.0,0.0,0.0);
#777=DIMENSIONAL_EXPONENTS(0.0,0.0,0.0,0.0,0.0,0.0,0.0);
#783=SURFACE_STYLE_USAGE(.BOTH.,#1544);
#784=FACE_OUTER_BOUND('',#1545,.T.);
#785=CYLINDRICAL_SURFACE('',#1546,3.5);
#786=SURFACE_STYLE_USAGE(.BOTH.,#1547);
#787=FACE_OUTER_BOUND('',#1548,.T.);
#788=CYLINDRICAL_SURFACE('',#1549,3.5);
#789=SURFACE_STYLE_USAGE(.BOTH.,#1550);
#790=FACE_OUTER_BOUND('',#1551,.T.);
#791=CYLINDRICAL_SURFACE('',#1552,3.5);
#792=SURFACE_STYLE_USAGE(.BOTH.,#1553);
#793=FACE_OUTER_BOUND('',#1554,.T.);
#794=CYLINDRICAL_SURFACE('',#1555,3.5);
#795=SURFACE_STYLE_USAGE(.BOTH.,#1556);
#796=FACE_OUTER_BOUND('',#1557,.T.);
#797=CYLINDRICAL_SURFACE('',#1558,3.5);
#798=SURFACE_STYLE_USAGE(.BOTH.,#1559);
#799=FACE_OUTER_BOUND('',#1560,.T.);
#800=CYLINDRICAL_SURFACE('',#1561,3.5);
#801=SURFACE_STYLE_USAGE(.BOTH.,#1562);
#802=FACE_OUTER_BOUND('',#1563,.T.);
#803=CYLINDRICAL_SURFACE('',#1564,2.67777777777775);
#804=SURFACE_STYLE_USAGE(.BOTH.,#1565);
#805=FACE_OUTER_BOUND('',#1566,.T.);
#806=CYLINDRICAL_SURFACE('',#1567,2.67777777777775);
#807=SURFACE_STYLE_USAGE(.BOTH.,#1568);
#808=FACE_OUTER_BOUND('',#1569,.T.);
#809=CYLINDRICAL_SURFACE('',#1570,0.899999999999826);
#810=SURFACE_STYLE_USAGE(.BOTH.,#1571);
#811=FACE_OUTER_BOUND('',#1572,.T.);
#812=CYLINDRICAL_SURFACE('',#1573,2.67777777777775);
#813=SURFACE_STYLE_USAGE(.BOTH.,#1574);
#814=FACE_OUTER_BOUND('',#1575,.T.);
#815=CYLINDRICAL_SURFACE('',#1576,0.700000000000186);
#816=SURFACE_STYLE_USAGE(.BOTH.,#1577);
#817=FACE_OUTER_BOUND('',#1578,.T.);
#818=CYLINDRICAL_SURFACE('',#1579,0.67);
#819=SURFACE_STYLE_USAGE(.BOTH.,#1580);
#820=FACE_OUTER_BOUND('',#1581,.T.);
#821=CYLINDRICAL_SURFACE('',#1582,3.5);
#822=SURFACE_STYLE_USAGE(.BOTH.,#1583);
#823=FACE_OUTER_BOUND('',#1584,.T.);
#824=CYLINDRICAL_SURFACE('',#1585,0.67);
#825=SURFACE_STYLE_USAGE(.BOTH.,#1586);
#826=FACE_OUTER_BOUND('',#1587,.T.);
#827=CYLINDRICAL_SURFACE('',#1588,36.42164);
#828=SURFACE_STYLE_USAGE(.BOTH.,#1589);
#829=FACE_OUTER_BOUND('',#1590,.T.);
#830=CYLINDRICAL_SURFACE('',#1591,15.0);
#831=SURFACE_STYLE_USAGE(.BOTH.,#1592);
#832=FACE_OUTER_BOUND('',#1593,.T.);
#833=CYLINDRICAL_SURFACE('',#1594,3.5);
#834=SURFACE_STYLE_USAGE(.BOTH.,#1595);
#835=FACE_OUTER_BOUND('',#1596,.T.);
#836=CYLINDRICAL_SURFACE('',#1597,2.67777777777775);
#837=SURFACE_STYLE_USAGE(.BOTH.,#1598);
#838=FACE_OUTER_BOUND('',#1599,.T.);
#839=PLANE('',#1600);
#840=SURFACE_STYLE_USAGE(.BOTH.,#1601);
#841=FACE_OUTER_BOUND('',#1602,.T.);
#842=PLANE('',#1603);
#843=SURFACE_STYLE_USAGE(.BOTH.,#1604);
#844=FACE_OUTER_BOUND('',#1605,.T.);
#845=PLANE('',#1606);
#846=SURFACE_STYLE_USAGE(.BOTH.,#1607);
#847=FACE_OUTER_BOUND('',#1608,.T.);
#848=PLANE('',#1609);
#849=SURFACE_STYLE_USAGE(.BOTH.,#1610);
#850=FACE_OUTER_BOUND('',#1611,.T.);
#851=PLANE('',#1612);
#852=SURFACE_STYLE_USAGE(.BOTH.,#1613);
#853=FACE_OUTER_BOUND('',#1614,.T.);
#854=CYLINDRICAL_SURFACE('',#1615,2.67777777777775);
#855=SURFACE_STYLE_USAGE(.BOTH.,#1616);
#856=FACE_OUTER_BOUND('',#1617,.T.);
#857=PLANE('',#1618);
#858=SURFACE_STYLE_USAGE(.BOTH.,#1619);
#859=FACE_OUTER_BOUND('',#1620,.T.);
#860=CYLINDRICAL_SURFACE('',#1621,3.5);
#861=SURFACE_STYLE_USAGE(.BOTH.,#1622);
#862=FACE_OUTER_BOUND('',#1623,.T.);
#863=PLANE('',#1624);
#864=SURFACE_STYLE_USAGE(.BOTH.,#1625);
#865=FACE_OUTER_BOUND('',#1626,.T.);
#866=CYLINDRICAL_SURFACE('',#1627,15.0);
#867=SURFACE_STYLE_USAGE(.BOTH.,#1628);
#868=FACE_OUTER_BOUND('',#1629,.T.);
#869=PLANE('',#1630);
#870=SURFACE_STYLE_USAGE(.BOTH.,#1631);
#871=FACE_OUTER_BOUND('',#1632,.T.);
#872=CYLINDRICAL_SURFACE('',#1633,36.42164);
#873=SURFACE_STYLE_USAGE(.BOTH.,#1634);
#874=FACE_OUTER_BOUND('',#1635,.T.);
#875=PLANE('',#1636);
#876=SURFACE_STYLE_USAGE(.BOTH.,#1637);
#877=FACE_OUTER_BOUND('',#1638,.T.);
#878=PLANE('',#1639);
#879=SURFACE_STYLE_USAGE(.BOTH.,#1640);
#880=FACE_OUTER_BOUND('',#1641,.T.);
#881=PLANE('',#1642);
#882=SURFACE_STYLE_USAGE(.BOTH.,#1643);
#883=FACE_OUTER_BOUND('',#1644,.T.);
#884=PLANE('',#1645);
#885=SURFACE_STYLE_USAGE(.BOTH.,#1646);
#886=FACE_OUTER_BOUND('',#1647,.T.);
#887=PLANE('',#1648);
#888=SURFACE_STYLE_USAGE(.BOTH.,#1649);
#889=FACE_OUTER_BOUND('',#1650,.T.);
#890=PLANE('',#1651);
#891=SURFACE_STYLE_USAGE(.BOTH.,#1652);
#892=FACE_OUTER_BOUND('',#1653,.T.);
#893=PLANE('',#1654);
#894=SURFACE_STYLE_USAGE(.BOTH.,#1655);
#895=FACE_OUTER_BOUND('',#1656,.T.);
#896=PLANE('',#1657);
#897=SURFACE_STYLE_USAGE(.BOTH.,#1658);
#898=FACE_OUTER_BOUND('',#1659,.T.);
#899=PLANE('',#1660);
#900=SURFACE_STYLE_USAGE(.BOTH.,#1661);
#901=FACE_OUTER_BOUND('',#1662,.T.);
#902=PLANE('',#1663);
#903=SURFACE_STYLE_USAGE(.BOTH.,#1664);
#904=FACE_OUTER_BOUND('',#1665,.T.);
#905=PLANE('',#1666);
#906=SURFACE_STYLE_USAGE(.BOTH.,#1667);
#907=FACE_OUTER_BOUND('',#1668,.T.);
#908=PLANE('',#1669);
#909=SURFACE_STYLE_USAGE(.BOTH.,#1670);
#910=FACE_OUTER_BOUND('',#1671,.T.);
#911=PLANE('',#1672);
#912=SURFACE_STYLE_USAGE(.BOTH.,#1673);
#913=FACE_OUTER_BOUND('',#1674,.T.);
#914=CYLINDRICAL_SURFACE('',#1675,0.67);
#915=SURFACE_STYLE_USAGE(.BOTH.,#1676);
#916=FACE_OUTER_BOUND('',#1677,.T.);
#917=PLANE('',#1678);
#918=SURFACE_STYLE_USAGE(.BOTH.,#1679);
#919=FACE_OUTER_BOUND('',#1680,.T.);
#920=PLANE('',#1681);
#921=SURFACE_STYLE_USAGE(.BOTH.,#1682);
#922=FACE_OUTER_BOUND('',#1683,.T.);
#923=PLANE('',#1684);
#924=SURFACE_STYLE_USAGE(.BOTH.,#1685);
#925=FACE_OUTER_BOUND('',#1686,.T.);
#926=PLANE('',#1687);
#927=SURFACE_STYLE_USAGE(.BOTH.,#1688);
#928=FACE_OUTER_BOUND('',#1689,.T.);
#929=PLANE('',#1690);
#930=SURFACE_STYLE_USAGE(.BOTH.,#1691);
#931=FACE_OUTER_BOUND('',#1692,.T.);
#932=PLANE('',#1693);
#933=SURFACE_STYLE_USAGE(.BOTH.,#1694);
#934=FACE_OUTER_BOUND('',#1695,.T.);
#935=PLANE('',#1696);
#936=SURFACE_STYLE_USAGE(.BOTH.,#1697);
#937=FACE_OUTER_BOUND('',#1698,.T.);
#938=PLANE('',#1699);
#939=SURFACE_STYLE_USAGE(.BOTH.,#1700);
#940=FACE_OUTER_BOUND('',#1701,.T.);
#941=PLANE('',#1702);
#942=SURFACE_STYLE_USAGE(.BOTH.,#1703);
#943=FACE_OUTER_BOUND('',#1704,.T.);
#944=PLANE('',#1705);
#945=SURFACE_STYLE_USAGE(.BOTH.,#1706);
#946=FACE_OUTER_BOUND('',#1707,.T.);
#947=PLANE('',#1708);
#948=SURFACE_STYLE_USAGE(.BOTH.,#1709);
#949=FACE_OUTER_BOUND('',#1710,.T.);
#950=PLANE('',#1711);
#951=SURFACE_STYLE_USAGE(.BOTH.,#1712);
#952=FACE_OUTER_BOUND('',#1713,.T.);
#953=PLANE('',#1714);
#954=SURFACE_STYLE_USAGE(.BOTH.,#1715);
#955=FACE_OUTER_BOUND('',#1716,.T.);
#956=PLANE('',#1717);
#957=SURFACE_STYLE_USAGE(.BOTH.,#1718);
#958=FACE_OUTER_BOUND('',#1719,.T.);
#959=PLANE('',#1720);
#960=SURFACE_STYLE_USAGE(.BOTH.,#1721);
#961=FACE_OUTER_BOUND('',#1722,.T.);
#962=PLANE('',#1723);
#963=SURFACE_STYLE_USAGE(.BOTH.,#1724);
#964=FACE_OUTER_BOUND('',#1725,.T.);
#965=PLANE('',#1726);
#966=SURFACE_STYLE_USAGE(.BOTH.,#1727);
#967=FACE_OUTER_BOUND('',#1728,.T.);
#968=PLANE('',#1729);
#969=SURFACE_STYLE_USAGE(.BOTH.,#1730);
#970=FACE_OUTER_BOUND('',#1731,.T.);
#971=CYLINDRICAL_SURFACE('',#1732,30.35);
#972=SURFACE_STYLE_USAGE(.BOTH.,#1733);
#973=FACE_OUTER_BOUND('',#1734,.T.);
#974=PLANE('',#1735);
#975=SURFACE_STYLE_USAGE(.BOTH.,#1736);
#976=FACE_OUTER_BOUND('',#1737,.T.);
#977=PLANE('',#1738);
#978=SURFACE_STYLE_USAGE(.BOTH.,#1739);
#979=FACE_OUTER_BOUND('',#1740,.T.);
#980=PLANE('',#1741);
#981=SURFACE_STYLE_USAGE(.BOTH.,#1742);
#982=FACE_OUTER_BOUND('',#1743,.T.);
#983=PLANE('',#1744);
#984=SURFACE_STYLE_USAGE(.BOTH.,#1745);
#985=FACE_OUTER_BOUND('',#1746,.T.);
#986=PLANE('',#1747);
#987=SURFACE_STYLE_USAGE(.BOTH.,#1748);
#988=FACE_OUTER_BOUND('',#1749,.T.);
#989=PLANE('',#1750);
#990=SURFACE_STYLE_USAGE(.BOTH.,#1751);
#991=FACE_OUTER_BOUND('',#1752,.T.);
#992=PLANE('',#1753);
#993=SURFACE_STYLE_USAGE(.BOTH.,#1754);
#994=FACE_OUTER_BOUND('',#1755,.T.);
#995=PLANE('',#1756);
#996=SURFACE_STYLE_USAGE(.BOTH.,#1757);
#997=FACE_OUTER_BOUND('',#1758,.T.);
#998=PLANE('',#1759);
#999=SURFACE_STYLE_USAGE(.BOTH.,#1760);
#1000=FACE_OUTER_BOUND('',#1761,.T.);
#1001=PLANE('',#1762);
#1002=SURFACE_STYLE_USAGE(.BOTH.,#1763);
#1003=FACE_OUTER_BOUND('',#1764,.T.);
#1004=PLANE('',#1765);
#1005=SURFACE_STYLE_USAGE(.BOTH.,#1766);
#1006=FACE_OUTER_BOUND('',#1767,.T.);
#1007=PLANE('',#1768);
#1008=SURFACE_STYLE_USAGE(.BOTH.,#1769);
#1009=FACE_OUTER_BOUND('',#1770,.T.);
#1010=PLANE('',#1771);
#1011=SURFACE_STYLE_USAGE(.BOTH.,#1772);
#1012=FACE_OUTER_BOUND('',#1773,.T.);
#1013=PLANE('',#1774);
#1014=SURFACE_STYLE_USAGE(.BOTH.,#1775);
#1015=FACE_OUTER_BOUND('',#1776,.T.);
#1016=PLANE('',#1777);
#1017=SURFACE_STYLE_USAGE(.BOTH.,#1778);
#1018=FACE_OUTER_BOUND('',#1779,.T.);
#1019=PLANE('',#1780);
#1020=SURFACE_STYLE_USAGE(.BOTH.,#1781);
#1021=FACE_OUTER_BOUND('',#1782,.T.);
#1022=PLANE('',#1783);
#1023=SURFACE_STYLE_USAGE(.BOTH.,#1784);
#1024=FACE_OUTER_BOUND('',#1785,.T.);
#1025=PLANE('',#1786);
#1026=SURFACE_STYLE_USAGE(.BOTH.,#1787);
#1027=FACE_OUTER_BOUND('',#1788,.T.);
#1028=PLANE('',#1789);
#1029=SURFACE_STYLE_USAGE(.BOTH.,#1790);
#1030=FACE_OUTER_BOUND('',#1791,.T.);
#1031=PLANE('',#1792);
#1032=SURFACE_STYLE_USAGE(.BOTH.,#1793);
#1033=FACE_OUTER_BOUND('',#1794,.T.);
#1034=PLANE('',#1795);
#1035=SURFACE_STYLE_USAGE(.BOTH.,#1796);
#1036=FACE_OUTER_BOUND('',#1797,.T.);
#1037=PLANE('',#1798);
#1038=SURFACE_STYLE_USAGE(.BOTH.,#1799);
#1039=FACE_OUTER_BOUND('',#1800,.T.);
#1040=PLANE('',#1801);
#1041=SURFACE_STYLE_USAGE(.BOTH.,#1802);
#1042=FACE_OUTER_BOUND('',#1803,.T.);
#1043=PLANE('',#1804);
#1044=SURFACE_STYLE_USAGE(.BOTH.,#1805);
#1045=FACE_OUTER_BOUND('',#1806,.T.);
#1046=CYLINDRICAL_SURFACE('',#1807,9.499999999999);
#1047=SURFACE_STYLE_USAGE(.BOTH.,#1808);
#1048=FACE_OUTER_BOUND('',#1809,.T.);
#1049=PLANE('',#1810);
#1050=SURFACE_STYLE_USAGE(.BOTH.,#1811);
#1051=FACE_OUTER_BOUND('',#1812,.T.);
#1052=PLANE('',#1813);
#1053=SURFACE_STYLE_USAGE(.BOTH.,#1814);
#1054=FACE_OUTER_BOUND('',#1815,.T.);
#1055=PLANE('',#1816);
#1056=SURFACE_STYLE_USAGE(.BOTH.,#1817);
#1057=FACE_OUTER_BOUND('',#1818,.T.);
#1058=PLANE('',#1819);
#1059=SURFACE_STYLE_USAGE(.BOTH.,#1820);
#1060=FACE_OUTER_BOUND('',#1821,.T.);
#1061=PLANE('',#1822);
#1062=SURFACE_STYLE_USAGE(.BOTH.,#1823);
#1063=FACE_OUTER_BOUND('',#1824,.T.);
#1064=PLANE('',#1825);
#1065=SURFACE_STYLE_USAGE(.BOTH.,#1826);
#1066=FACE_OUTER_BOUND('',#1827,.T.);
#1067=PLANE('',#1828);
#1068=SURFACE_STYLE_USAGE(.BOTH.,#1829);
#1069=FACE_OUTER_BOUND('',#1830,.T.);
#1070=PLANE('',#1831);
#1071=SURFACE_STYLE_USAGE(.BOTH.,#1832);
#1072=FACE_OUTER_BOUND('',#1833,.T.);
#1073=FACE_BOUND('',#1834,.T.);
#1074=FACE_BOUND('',#1835,.T.);
#1075=FACE_BOUND('',#1836,.T.);
#1076=FACE_BOUND('',#1837,.T.);
#1077=FACE_BOUND('',#1838,.T.);
#1078=PLANE('',#1839);
#1079=SURFACE_STYLE_USAGE(.BOTH.,#1840);
#1080=FACE_OUTER_BOUND('',#1841,.T.);
#1081=PLANE('',#1842);
#1082=SURFACE_STYLE_USAGE(.BOTH.,#1843);
#1083=FACE_OUTER_BOUND('',#1844,.T.);
#1084=PLANE('',#1845);
#1085=SURFACE_STYLE_USAGE(.BOTH.,#1846);
#1086=FACE_OUTER_BOUND('',#1847,.T.);
#1087=PLANE('',#1848);
#1088=SURFACE_STYLE_USAGE(.BOTH.,#1849);
#1089=FACE_OUTER_BOUND('',#1850,.T.);
#1090=PLANE('',#1851);
#1091=SURFACE_STYLE_USAGE(.BOTH.,#1852);
#1092=FACE_OUTER_BOUND('',#1853,.T.);
#1093=PLANE('',#1854);
#1094=SURFACE_STYLE_USAGE(.BOTH.,#1855);
#1095=FACE_OUTER_BOUND('',#1856,.T.);
#1096=PLANE('',#1857);
#1097=SURFACE_STYLE_USAGE(.BOTH.,#1858);
#1098=FACE_OUTER_BOUND('',#1859,.T.);
#1099=PLANE('',#1860);
#1100=SURFACE_STYLE_USAGE(.BOTH.,#1861);
#1101=FACE_OUTER_BOUND('',#1862,.T.);
#1102=PLANE('',#1863);
#1103=SURFACE_STYLE_USAGE(.BOTH.,#1864);
#1104=FACE_OUTER_BOUND('',#1865,.T.);
#1105=PLANE('',#1866);
#1106=SURFACE_STYLE_USAGE(.BOTH.,#1867);
#1107=FACE_OUTER_BOUND('',#1868,.T.);
#1108=PLANE('',#1869);
#1109=SURFACE_STYLE_USAGE(.BOTH.,#1870);
#1110=FACE_OUTER_BOUND('',#1871,.T.);
#1111=PLANE('',#1872);
#1112=SURFACE_STYLE_USAGE(.BOTH.,#1873);
#1113=FACE_OUTER_BOUND('',#1874,.T.);
#1114=PLANE('',#1875);
#1115=SURFACE_STYLE_USAGE(.BOTH.,#1876);
#1116=FACE_OUTER_BOUND('',#1877,.T.);
#1117=PLANE('',#1878);
#1118=SURFACE_STYLE_USAGE(.BOTH.,#1879);
#1119=FACE_OUTER_BOUND('',#1880,.T.);
#1120=PLANE('',#1881);
#1121=SURFACE_STYLE_USAGE(.BOTH.,#1882);
#1122=FACE_OUTER_BOUND('',#1883,.T.);
#1123=PLANE('',#1884);
#1124=SURFACE_STYLE_USAGE(.BOTH.,#1885);
#1125=FACE_OUTER_BOUND('',#1886,.T.);
#1126=CYLINDRICAL_SURFACE('',#1887,3.5);
#1127=SURFACE_STYLE_USAGE(.BOTH.,#1888);
#1128=FACE_OUTER_BOUND('',#1889,.T.);
#1129=CYLINDRICAL_SURFACE('',#1890,0.67);
#1130=SURFACE_STYLE_USAGE(.BOTH.,#1891);
#1131=FACE_OUTER_BOUND('',#1892,.T.);
#1132=CYLINDRICAL_SURFACE('',#1893,30.35);
#1133=SURFACE_STYLE_USAGE(.BOTH.,#1894);
#1134=FACE_OUTER_BOUND('',#1895,.T.);
#1135=PLANE('',#1896);
#1136=SURFACE_STYLE_USAGE(.BOTH.,#1897);
#1137=FACE_OUTER_BOUND('',#1898,.T.);
#1138=PLANE('',#1899);
#1139=SURFACE_STYLE_USAGE(.BOTH.,#1900);
#1140=FACE_OUTER_BOUND('',#1901,.T.);
#1141=CYLINDRICAL_SURFACE('',#1902,9.499999999999);
#1142=SURFACE_STYLE_USAGE(.BOTH.,#1903);
#1143=FACE_OUTER_BOUND('',#1904,.T.);
#1144=CYLINDRICAL_SURFACE('',#1905,0.700000000000186);
#1145=SURFACE_STYLE_USAGE(.BOTH.,#1906);
#1146=FACE_OUTER_BOUND('',#1907,.T.);
#1147=PLANE('',#1908);
#1148=SURFACE_STYLE_USAGE(.BOTH.,#1909);
#1149=FACE_OUTER_BOUND('',#1910,.T.);
#1150=CYLINDRICAL_SURFACE('',#1911,0.799999999999994);
#1151=SURFACE_STYLE_USAGE(.BOTH.,#1912);
#1152=FACE_OUTER_BOUND('',#1913,.T.);
#1153=PLANE('',#1914);
#1154=SURFACE_STYLE_USAGE(.BOTH.,#1915);
#1155=FACE_OUTER_BOUND('',#1916,.T.);
#1156=FACE_BOUND('',#1917,.T.);
#1157=FACE_BOUND('',#1918,.T.);
#1158=FACE_BOUND('',#1919,.T.);
#1159=FACE_BOUND('',#1920,.T.);
#1160=FACE_BOUND('',#1921,.T.);
#1161=PLANE('',#1922);
#1162=SURFACE_STYLE_USAGE(.BOTH.,#1923);
#1163=FACE_OUTER_BOUND('',#1924,.T.);
#1164=CYLINDRICAL_SURFACE('',#1925,2.67777777777775);
#1165=SURFACE_STYLE_USAGE(.BOTH.,#1926);
#1166=FACE_OUTER_BOUND('',#1927,.T.);
#1167=PLANE('',#1928);
#1168=SURFACE_STYLE_USAGE(.BOTH.,#1929);
#1169=FACE_OUTER_BOUND('',#1930,.T.);
#1170=PLANE('',#1931);
#1171=SURFACE_STYLE_USAGE(.BOTH.,#1932);
#1172=FACE_OUTER_BOUND('',#1933,.T.);
#1173=CYLINDRICAL_SURFACE('',#1934,0.899999999999826);
#1174=SURFACE_STYLE_USAGE(.BOTH.,#1935);
#1175=FACE_OUTER_BOUND('',#1936,.T.);
#1176=PLANE('',#1937);
#1177=SURFACE_STYLE_USAGE(.BOTH.,#1938);
#1178=FACE_OUTER_BOUND('',#1939,.T.);
#1179=PLANE('',#1940);
#1180=SURFACE_STYLE_USAGE(.BOTH.,#1941);
#1181=FACE_OUTER_BOUND('',#1942,.T.);
#1182=PLANE('',#1943);
#1183=SURFACE_STYLE_USAGE(.BOTH.,#1944);
#1184=FACE_OUTER_BOUND('',#1945,.T.);
#1185=PLANE('',#1946);
#1186=SURFACE_STYLE_USAGE(.BOTH.,#1947);
#1187=FACE_OUTER_BOUND('',#1948,.T.);
#1188=PLANE('',#1949);
#1189=SURFACE_STYLE_USAGE(.BOTH.,#1950);
#1190=FACE_OUTER_BOUND('',#1951,.T.);
#1191=PLANE('',#1952);
#1192=SURFACE_STYLE_USAGE(.BOTH.,#1953);
#1193=FACE_OUTER_BOUND('',#1954,.T.);
#1194=PLANE('',#1955);
#1195=SURFACE_STYLE_USAGE(.BOTH.,#1956);
#1196=FACE_OUTER_BOUND('',#1957,.T.);
#1197=PLANE('',#1958);
#1198=SURFACE_STYLE_USAGE(.BOTH.,#1959);
#1199=FACE_OUTER_BOUND('',#1960,.T.);
#1200=PLANE('',#1961);
#1201=SURFACE_STYLE_USAGE(.BOTH.,#1962);
#1202=FACE_OUTER_BOUND('',#1963,.T.);
#1203=PLANE('',#1964);
#1204=SURFACE_STYLE_USAGE(.BOTH.,#1965);
#1205=FACE_OUTER_BOUND('',#1966,.T.);
#1206=CYLINDRICAL_SURFACE('',#1967,2.67777777777775);
#1207=SURFACE_STYLE_USAGE(.BOTH.,#1968);
#1208=FACE_OUTER_BOUND('',#1969,.T.);
#1209=PLANE('',#1970);
#1210=SURFACE_STYLE_USAGE(.BOTH.,#1971);
#1211=FACE_OUTER_BOUND('',#1972,.T.);
#1212=PLANE('',#1973);
#1213=SURFACE_STYLE_USAGE(.BOTH.,#1974);
#1214=FACE_OUTER_BOUND('',#1975,.T.);
#1215=PLANE('',#1976);
#1216=SURFACE_STYLE_USAGE(.BOTH.,#1977);
#1217=FACE_OUTER_BOUND('',#1978,.T.);
#1218=PLANE('',#1979);
#1219=SURFACE_STYLE_USAGE(.BOTH.,#1980);
#1220=FACE_OUTER_BOUND('',#1981,.T.);
#1221=PLANE('',#1982);
#1222=SURFACE_STYLE_USAGE(.BOTH.,#1983);
#1223=FACE_OUTER_BOUND('',#1984,.T.);
#1224=PLANE('',#1985);
#1225=SURFACE_STYLE_USAGE(.BOTH.,#1986);
#1226=FACE_OUTER_BOUND('',#1987,.T.);
#1227=PLANE('',#1988);
#1228=SURFACE_STYLE_USAGE(.BOTH.,#1989);
#1229=FACE_OUTER_BOUND('',#1990,.T.);
#1230=PLANE('',#1991);
#1231=SURFACE_STYLE_USAGE(.BOTH.,#1992);
#1232=FACE_OUTER_BOUND('',#1993,.T.);
#1233=PLANE('',#1994);
#1234=SURFACE_STYLE_USAGE(.BOTH.,#1995);
#1235=FACE_OUTER_BOUND('',#1996,.T.);
#1236=CYLINDRICAL_SURFACE('',#1997,2.67777777777775);
#1237=SURFACE_STYLE_USAGE(.BOTH.,#1998);
#1238=FACE_OUTER_BOUND('',#1999,.T.);
#1239=PLANE('',#2000);
#1240=SURFACE_STYLE_USAGE(.BOTH.,#2001);
#1241=FACE_OUTER_BOUND('',#2002,.T.);
#1242=PLANE('',#2003);
#1243=SURFACE_STYLE_USAGE(.BOTH.,#2004);
#1244=FACE_OUTER_BOUND('',#2005,.T.);
#1245=PLANE('',#2006);
#1246=SURFACE_STYLE_USAGE(.BOTH.,#2007);
#1247=FACE_OUTER_BOUND('',#2008,.T.);
#1248=FACE_BOUND('',#2009,.T.);
#1249=PLANE('',#2010);
#1250=SURFACE_STYLE_USAGE(.BOTH.,#2011);
#1251=FACE_OUTER_BOUND('',#2012,.T.);
#1252=CYLINDRICAL_SURFACE('',#2013,3.6);
#1253=SURFACE_STYLE_USAGE(.BOTH.,#2014);
#1254=FACE_OUTER_BOUND('',#2015,.T.);
#1255=PLANE('',#2016);
#1256=SURFACE_STYLE_USAGE(.BOTH.,#2017);
#1257=FACE_OUTER_BOUND('',#2018,.T.);
#1258=PLANE('',#2019);
#1259=SURFACE_STYLE_USAGE(.BOTH.,#2020);
#1260=FACE_OUTER_BOUND('',#2021,.T.);
#1261=PLANE('',#2022);
#1262=SURFACE_STYLE_USAGE(.BOTH.,#2023);
#1263=FACE_OUTER_BOUND('',#2024,.T.);
#1264=PLANE('',#2025);
#1265=SURFACE_STYLE_USAGE(.BOTH.,#2026);
#1266=FACE_OUTER_BOUND('',#2027,.T.);
#1267=PLANE('',#2028);
#1268=SURFACE_STYLE_USAGE(.BOTH.,#2029);
#1269=FACE_OUTER_BOUND('',#2030,.T.);
#1270=PLANE('',#2031);
#1271=SURFACE_STYLE_USAGE(.BOTH.,#2032);
#1272=FACE_OUTER_BOUND('',#2033,.T.);
#1273=PLANE('',#2034);
#1274=SURFACE_STYLE_USAGE(.BOTH.,#2035);
#1275=FACE_OUTER_BOUND('',#2036,.T.);
#1276=PLANE('',#2037);
#1277=SURFACE_STYLE_USAGE(.BOTH.,#2038);
#1278=FACE_OUTER_BOUND('',#2039,.T.);
#1279=PLANE('',#2040);
#1280=SURFACE_STYLE_USAGE(.BOTH.,#2041);
#1281=FACE_OUTER_BOUND('',#2042,.T.);
#1282=PLANE('',#2043);
#1283=SURFACE_STYLE_USAGE(.BOTH.,#2044);
#1284=FACE_OUTER_BOUND('',#2045,.T.);
#1285=PLANE('',#2046);
#1286=SURFACE_STYLE_USAGE(.BOTH.,#2047);
#1287=FACE_OUTER_BOUND('',#2048,.T.);
#1288=CYLINDRICAL_SURFACE('',#2049,3.5);
#1289=SURFACE_STYLE_USAGE(.BOTH.,#2050);
#1290=FACE_OUTER_BOUND('',#2051,.T.);
#1291=PLANE('',#2052);
#1292=SURFACE_STYLE_USAGE(.BOTH.,#2053);
#1293=FACE_OUTER_BOUND('',#2054,.T.);
#1294=PLANE('',#2055);
#1295=SURFACE_STYLE_USAGE(.BOTH.,#2056);
#1296=FACE_OUTER_BOUND('',#2057,.T.);
#1297=PLANE('',#2058);
#1298=SURFACE_STYLE_USAGE(.BOTH.,#2059);
#1299=FACE_OUTER_BOUND('',#2060,.T.);
#1300=PLANE('',#2061);
#1301=SURFACE_STYLE_USAGE(.BOTH.,#2062);
#1302=FACE_OUTER_BOUND('',#2063,.T.);
#1303=PLANE('',#2064);
#1304=SURFACE_STYLE_USAGE(.BOTH.,#2065);
#1305=FACE_OUTER_BOUND('',#2066,.T.);
#1306=PLANE('',#2067);
#1307=SURFACE_STYLE_USAGE(.BOTH.,#2068);
#1308=FACE_OUTER_BOUND('',#2069,.T.);
#1309=PLANE('',#2070);
#1310=SURFACE_STYLE_USAGE(.BOTH.,#2071);
#1311=FACE_OUTER_BOUND('',#2072,.T.);
#1312=CYLINDRICAL_SURFACE('',#2073,3.5);
#1313=SURFACE_STYLE_USAGE(.BOTH.,#2074);
#1314=FACE_OUTER_BOUND('',#2075,.T.);
#1315=PLANE('',#2076);
#1316=SURFACE_STYLE_USAGE(.BOTH.,#2077);
#1317=FACE_OUTER_BOUND('',#2078,.T.);
#1318=PLANE('',#2079);
#1319=SURFACE_STYLE_USAGE(.BOTH.,#2080);
#1320=FACE_OUTER_BOUND('',#2081,.T.);
#1321=PLANE('',#2082);
#1322=SURFACE_STYLE_USAGE(.BOTH.,#2083);
#1323=FACE_OUTER_BOUND('',#2084,.T.);
#1324=PLANE('',#2085);
#1325=SURFACE_STYLE_USAGE(.BOTH.,#2086);
#1326=FACE_OUTER_BOUND('',#2087,.T.);
#1327=PLANE('',#2088);
#1328=SURFACE_STYLE_USAGE(.BOTH.,#2089);
#1329=FACE_OUTER_BOUND('',#2090,.T.);
#1330=CYLINDRICAL_SURFACE('',#2091,3.5);
#1331=SURFACE_STYLE_USAGE(.BOTH.,#2092);
#1332=FACE_OUTER_BOUND('',#2093,.T.);
#1333=PLANE('',#2094);
#1334=SURFACE_STYLE_USAGE(.BOTH.,#2095);
#1335=FACE_OUTER_BOUND('',#2096,.T.);
#1336=CYLINDRICAL_SURFACE('',#2097,3.5);
#1337=SURFACE_STYLE_USAGE(.BOTH.,#2098);
#1338=FACE_OUTER_BOUND('',#2099,.T.);
#1339=PLANE('',#2100);
#1340=SURFACE_STYLE_USAGE(.BOTH.,#2101);
#1341=FACE_OUTER_BOUND('',#2102,.T.);
#1342=PLANE('',#2103);
#1343=SURFACE_STYLE_USAGE(.BOTH.,#2104);
#1344=FACE_OUTER_BOUND('',#2105,.T.);
#1345=PLANE('',#2106);
#1346=SURFACE_STYLE_USAGE(.BOTH.,#2107);
#1347=FACE_OUTER_BOUND('',#2108,.T.);
#1348=PLANE('',#2109);
#1349=SURFACE_STYLE_USAGE(.BOTH.,#2110);
#1350=FACE_OUTER_BOUND('',#2111,.T.);
#1351=PLANE('',#2112);
#1352=SURFACE_STYLE_USAGE(.BOTH.,#2113);
#1353=FACE_OUTER_BOUND('',#2114,.T.);
#1354=PLANE('',#2115);
#1355=SURFACE_STYLE_USAGE(.BOTH.,#2116);
#1356=FACE_OUTER_BOUND('',#2117,.T.);
#1357=PLANE('',#2118);
#1358=SURFACE_STYLE_USAGE(.BOTH.,#2119);
#1359=FACE_OUTER_BOUND('',#2120,.T.);
#1360=PLANE('',#2121);
#1361=SURFACE_STYLE_USAGE(.BOTH.,#2122);
#1362=FACE_OUTER_BOUND('',#2123,.T.);
#1363=PLANE('',#2124);
#1364=SURFACE_STYLE_USAGE(.BOTH.,#2125);
#1365=FACE_OUTER_BOUND('',#2126,.T.);
#1366=PLANE('',#2127);
#1367=SURFACE_STYLE_USAGE(.BOTH.,#2128);
#1368=FACE_OUTER_BOUND('',#2129,.T.);
#1369=PLANE('',#2130);
#1370=SURFACE_STYLE_USAGE(.BOTH.,#2131);
#1371=FACE_OUTER_BOUND('',#2132,.T.);
#1372=CYLINDRICAL_SURFACE('',#2133,3.5);
#1373=SURFACE_STYLE_USAGE(.BOTH.,#2134);
#1374=FACE_OUTER_BOUND('',#2135,.T.);
#1375=PLANE('',#2136);
#1376=SURFACE_STYLE_USAGE(.BOTH.,#2137);
#1377=FACE_OUTER_BOUND('',#2138,.T.);
#1378=PLANE('',#2139);
#1379=SURFACE_STYLE_USAGE(.BOTH.,#2140);
#1380=FACE_OUTER_BOUND('',#2141,.T.);
#1381=PLANE('',#2142);
#1382=SURFACE_STYLE_USAGE(.BOTH.,#2143);
#1383=FACE_OUTER_BOUND('',#2144,.T.);
#1384=PLANE('',#2145);
#1385=SURFACE_STYLE_USAGE(.BOTH.,#2146);
#1386=FACE_OUTER_BOUND('',#2147,.T.);
#1387=CYLINDRICAL_SURFACE('',#2148,3.5);
#1388=SURFACE_STYLE_USAGE(.BOTH.,#2149);
#1389=FACE_OUTER_BOUND('',#2150,.T.);
#1390=PLANE('',#2151);
#1391=SURFACE_STYLE_USAGE(.BOTH.,#2152);
#1392=FACE_OUTER_BOUND('',#2153,.T.);
#1393=PLANE('',#2154);
#1394=SURFACE_STYLE_USAGE(.BOTH.,#2155);
#1395=FACE_OUTER_BOUND('',#2156,.T.);
#1396=PLANE('',#2157);
#1397=SURFACE_STYLE_USAGE(.BOTH.,#2158);
#1398=FACE_OUTER_BOUND('',#2159,.T.);
#1399=PLANE('',#2160);
#1400=SURFACE_STYLE_USAGE(.BOTH.,#2161);
#1401=FACE_OUTER_BOUND('',#2162,.T.);
#1402=PLANE('',#2163);
#1403=SURFACE_STYLE_USAGE(.BOTH.,#2164);
#1404=FACE_OUTER_BOUND('',#2165,.T.);
#1405=PLANE('',#2166);
#1406=SURFACE_STYLE_USAGE(.BOTH.,#2167);
#1407=FACE_OUTER_BOUND('',#2168,.T.);
#1408=PLANE('',#2169);
#1409=SURFACE_STYLE_USAGE(.BOTH.,#2170);
#1410=FACE_OUTER_BOUND('',#2171,.T.);
#1411=PLANE('',#2172);
#1412=SURFACE_STYLE_USAGE(.BOTH.,#2173);
#1413=FACE_OUTER_BOUND('',#2174,.T.);
#1414=PLANE('',#2175);
#1415=SURFACE_STYLE_USAGE(.BOTH.,#2176);
#1416=FACE_OUTER_BOUND('',#2177,.T.);
#1417=PLANE('',#2178);
#1418=SURFACE_STYLE_USAGE(.BOTH.,#2179);
#1419=FACE_OUTER_BOUND('',#2180,.T.);
#1420=CYLINDRICAL_SURFACE('',#2181,4.0);
#1421=SURFACE_STYLE_USAGE(.BOTH.,#2182);
#1422=FACE_OUTER_BOUND('',#2183,.T.);
#1423=PLANE('',#2184);
#1424=SURFACE_STYLE_USAGE(.BOTH.,#2185);
#1425=FACE_OUTER_BOUND('',#2186,.T.);
#1426=PLANE('',#2187);
#1427=SURFACE_STYLE_USAGE(.BOTH.,#2188);
#1428=FACE_OUTER_BOUND('',#2189,.T.);
#1429=FACE_BOUND('',#2190,.T.);
#1430=PLANE('',#2191);
#1431=SURFACE_STYLE_USAGE(.BOTH.,#2192);
#1432=FACE_OUTER_BOUND('',#2193,.T.);
#1433=PLANE('',#2194);
#1434=SURFACE_STYLE_USAGE(.BOTH.,#2195);
#1435=FACE_OUTER_BOUND('',#2196,.T.);
#1436=PLANE('',#2197);
#1437=SURFACE_STYLE_USAGE(.BOTH.,#2198);
#1438=FACE_OUTER_BOUND('',#2199,.T.);
#1439=PLANE('',#2200);
#1440=SURFACE_STYLE_USAGE(.BOTH.,#2201);
#1441=FACE_OUTER_BOUND('',#2202,.T.);
#1442=PLANE('',#2203);
#1443=SURFACE_STYLE_USAGE(.BOTH.,#2204);
#1444=FACE_OUTER_BOUND('',#2205,.T.);
#1445=PLANE('',#2206);
#1446=SURFACE_STYLE_USAGE(.BOTH.,#2207);
#1447=FACE_OUTER_BOUND('',#2208,.T.);
#1448=PLANE('',#2209);
#1449=SURFACE_STYLE_USAGE(.BOTH.,#2210);
#1450=FACE_OUTER_BOUND('',#2211,.T.);
#1451=PLANE('',#2212);
#1452=SURFACE_STYLE_USAGE(.BOTH.,#2213);
#1453=FACE_OUTER_BOUND('',#2214,.T.);
#1454=PLANE('',#2215);
#1455=SURFACE_STYLE_USAGE(.BOTH.,#2216);
#1456=FACE_OUTER_BOUND('',#2217,.T.);
#1457=PLANE('',#2218);
#1458=SURFACE_STYLE_USAGE(.BOTH.,#2219);
#1459=FACE_OUTER_BOUND('',#2220,.T.);
#1460=PLANE('',#2221);
#1461=SURFACE_STYLE_USAGE(.BOTH.,#2222);
#1462=FACE_OUTER_BOUND('',#2223,.T.);
#1463=PLANE('',#2224);
#1464=SURFACE_STYLE_USAGE(.BOTH.,#2225);
#1465=FACE_OUTER_BOUND('',#2226,.T.);
#1466=PLANE('',#2227);
#1467=SURFACE_STYLE_USAGE(.BOTH.,#2228);
#1468=FACE_OUTER_BOUND('',#2229,.T.);
#1469=PLANE('',#2230);
#1470=SURFACE_STYLE_USAGE(.BOTH.,#2231);
#1471=FACE_OUTER_BOUND('',#2232,.T.);
#1472=PLANE('',#2233);
#1473=SURFACE_STYLE_USAGE(.BOTH.,#2234);
#1474=FACE_OUTER_BOUND('',#2235,.T.);
#1475=PLANE('',#2236);
#1476=SURFACE_STYLE_USAGE(.BOTH.,#2237);
#1477=FACE_OUTER_BOUND('',#2238,.T.);
#1478=PLANE('',#2239);
#1479=SURFACE_STYLE_USAGE(.BOTH.,#2240);
#1480=FACE_OUTER_BOUND('',#2241,.T.);
#1481=PLANE('',#2242);
#1482=SURFACE_STYLE_USAGE(.BOTH.,#2243);
#1483=FACE_OUTER_BOUND('',#2244,.T.);
#1484=PLANE('',#2245);
#1485=SURFACE_STYLE_USAGE(.BOTH.,#2246);
#1486=FACE_OUTER_BOUND('',#2247,.T.);
#1487=PLANE('',#2248);
#1488=SURFACE_STYLE_USAGE(.BOTH.,#2249);
#1489=FACE_OUTER_BOUND('',#2250,.T.);
#1490=PLANE('',#2251);
#1491=SURFACE_STYLE_USAGE(.BOTH.,#2252);
#1492=FACE_OUTER_BOUND('',#2253,.T.);
#1493=PLANE('',#2254);
#1494=SURFACE_STYLE_USAGE(.BOTH.,#2255);
#1495=FACE_OUTER_BOUND('',#2256,.T.);
#1496=PLANE('',#2257);
#1497=SURFACE_STYLE_USAGE(.BOTH.,#2258);
#1498=FACE_OUTER_BOUND('',#2259,.T.);
#1499=PLANE('',#2260);
#1500=SURFACE_STYLE_USAGE(.BOTH.,#2261);
#1501=FACE_OUTER_BOUND('',#2262,.T.);
#1502=PLANE('',#2263);
#1503=SURFACE_STYLE_USAGE(.BOTH.,#2264);
#1504=FACE_OUTER_BOUND('',#2265,.T.);
#1505=PLANE('',#2266);
#1506=SURFACE_STYLE_USAGE(.BOTH.,#2267);
#1507=FACE_OUTER_BOUND('',#2268,.T.);
#1508=PLANE('',#2269);
#1509=SURFACE_STYLE_USAGE(.BOTH.,#2270);
#1510=FACE_OUTER_BOUND('',#2271,.T.);
#1511=PLANE('',#2272);
#1512=SURFACE_STYLE_USAGE(.BOTH.,#2273);
#1513=FACE_OUTER_BOUND('',#2274,.T.);
#1514=PLANE('',#2275);
#1515=SURFACE_STYLE_USAGE(.BOTH.,#2276);
#1516=FACE_OUTER_BOUND('',#2277,.T.);
#1517=PLANE('',#2278);
#1518=SURFACE_STYLE_USAGE(.BOTH.,#2279);
#1519=FACE_OUTER_BOUND('',#2280,.T.);
#1520=PLANE('',#2281);
#1521=SURFACE_STYLE_USAGE(.BOTH.,#2282);
#1522=FACE_OUTER_BOUND('',#2283,.T.);
#1523=PLANE('',#2284);
#1524=SURFACE_STYLE_USAGE(.BOTH.,#2285);
#1525=FACE_OUTER_BOUND('',#2286,.T.);
#1526=PLANE('',#2287);
#1527=SURFACE_STYLE_USAGE(.BOTH.,#2288);
#1528=FACE_OUTER_BOUND('',#2289,.T.);
#1529=PLANE('',#2290);
#1530=SURFACE_STYLE_USAGE(.BOTH.,#2291);
#1531=FACE_OUTER_BOUND('',#2292,.T.);
#1532=PLANE('',#2293);
#1533=SURFACE_STYLE_USAGE(.BOTH.,#2294);
#1534=FACE_OUTER_BOUND('',#2295,.T.);
#1535=CYLINDRICAL_SURFACE('',#2296,3.6);
#1536=SURFACE_STYLE_USAGE(.BOTH.,#2297);
#1537=CLOSED_SHELL('',(#272,#274,#276,#278,#280,#282,#284,#286,#288,#290,#292,#294,#296,#298,#300,#302,#304,#306,#308,#310,#312,#314,#316,#318,#320,#322,#324,#326,#328,#330,#332,#334,#336,#338,#340,#342,#344,#346,#348,#350,#352,#354,#356,#358,#360,#362,#364,#366,#368,#370,#372,#374,#376,#378,#380,#382,#384,#386,#388,#390,#392,#394,#396,#398,#400,#402,#404,#406,#408,#410,#412,#414,#416,#418,#420,#422,#424,#426,#428,#430,#432,#434,#436,#438,#440,#442,#444,#446,#448,#450,#452,#454,#456,#458,#460,#462,#464,#466,#468,#470,#472,#474,#476,#478,#480,#482,#484,#486,#488,#490,#492,#494,#496,#498,#500,#502,#504,#506,#508,#510,#512,#514,#516,#518,#520,#522,#524,#526,#528,#530,#532,#534,#536,#538,#540,#542,#544,#546,#548,#550,#552,#554,#556,#558,#560,#562,#564,#566,#568,#570,#572,#574,#576,#578,#580,#582,#584,#586,#588,#590,#592,#594,#596,#598,#600,#602,#604,#606,#608,#610,#612,#614,#616,#618,#620,#622,#624,#626,#628,#630,#632,#634,#636,#638,#640,#642,#644,#646,#648,#650,#652,#654,#656,#658,#660,#662,#664,#666,#668,#670,#672,#674,#676,#678,#680,#682,#684,#686,#688,#690,#692,#694,#696,#698,#700,#702,#704,#706,#708,#710,#712,#714,#716,#718,#720,#722,#724,#726,#728,#730,#732,#734,#736,#738,#740,#742,#744,#746,#748,#750,#752,#754,#756,#758,#760,#762,#764));
#1538=PRODUCT_CONTEXT('',#258,'mechanical');
#1539=PRODUCT_DEFINITION_FORMATION_WITH_SPECIFIED_SOURCE(' ','NONE',#767,.NOT_KNOWN.);
#1540=CARTESIAN_POINT('',(0.0,0.0,0.0));
#1541=DIRECTION('',(0.0,0.0,1.0));
#1542=DIRECTION('',(1.0,0.0,0.0));
#1543= (NAMED_UNIT(#775)LENGTH_UNIT()SI_UNIT(.MILLI.,.METRE.));
#1544=SURFACE_SIDE_STYLE('',(#2299));
#1545=EDGE_LOOP('',(#2300,#2301,#2302,#2303,#2304,#2305));
#1546=AXIS2_PLACEMENT_3D('',#2306,#2307,#2308);
#1547=SURFACE_SIDE_STYLE('',(#2309));
#1548=EDGE_LOOP('',(#2310,#2311,#2312,#2313,#2314,#2315));
#1549=AXIS2_PLACEMENT_3D('',#2316,#2317,#2318);
#1550=SURFACE_SIDE_STYLE('',(#2319));
#1551=EDGE_LOOP('',(#2320,#2321,#2322,#2323,#2324,#2325));
#1552=AXIS2_PLACEMENT_3D('',#2326,#2327,#2328);
#1553=SURFACE_SIDE_STYLE('',(#2329));
#1554=EDGE_LOOP('',(#2330,#2331,#2332,#2333,#2334));
#1555=AXIS2_PLACEMENT_3D('',#2335,#2336,#2337);
#1556=SURFACE_SIDE_STYLE('',(#2338));
#1557=EDGE_LOOP('',(#2339,#2340,#2341,#2342,#2343,#2344));
#1558=AXIS2_PLACEMENT_3D('',#2345,#2346,#2347);
#1559=SURFACE_SIDE_STYLE('',(#2348));
#1560=EDGE_LOOP('',(#2349,#2350,#2351,#2352,#2353,#2354));
#1561=AXIS2_PLACEMENT_3D('',#2355,#2356,#2357);
#1562=SURFACE_SIDE_STYLE('',(#2358));
#1563=EDGE_LOOP('',(#2359,#2360,#2361,#2362));
#1564=AXIS2_PLACEMENT_3D('',#2363,#2364,#2365);
#1565=SURFACE_SIDE_STYLE('',(#2366));
#1566=EDGE_LOOP('',(#2367,#2368,#2369,#2370));
#1567=AXIS2_PLACEMENT_3D('',#2371,#2372,#2373);
#1568=SURFACE_SIDE_STYLE('',(#2374));
#1569=EDGE_LOOP('',(#2375,#2376,#2377,#2378,#2379,#2380));
#1570=AXIS2_PLACEMENT_3D('',#2381,#2382,#2383);
#1571=SURFACE_SIDE_STYLE('',(#2384));
#1572=EDGE_LOOP('',(#2385,#2386,#2387,#2388));
#1573=AXIS2_PLACEMENT_3D('',#2389,#2390,#2391);
#1574=SURFACE_SIDE_STYLE('',(#2392));
#1575=EDGE_LOOP('',(#2393,#2394,#2395,#2396));
#1576=AXIS2_PLACEMENT_3D('',#2397,#2398,#2399);
#1577=SURFACE_SIDE_STYLE('',(#2400));
#1578=EDGE_LOOP('',(#2401,#2402,#2403,#2404));
#1579=AXIS2_PLACEMENT_3D('',#2405,#2406,#2407);
#1580=SURFACE_SIDE_STYLE('',(#2408));
#1581=EDGE_LOOP('',(#2409,#2410,#2411,#2412,#2413,#2414,#2415));
#1582=AXIS2_PLACEMENT_3D('',#2416,#2417,#2418);
#1583=SURFACE_SIDE_STYLE('',(#2419));
#1584=EDGE_LOOP('',(#2420,#2421,#2422,#2423));
#1585=AXIS2_PLACEMENT_3D('',#2424,#2425,#2426);
#1586=SURFACE_SIDE_STYLE('',(#2427));
#1587=EDGE_LOOP('',(#2428,#2429,#2430,#2431,#2432,#2433));
#1588=AXIS2_PLACEMENT_3D('',#2434,#2435,#2436);
#1589=SURFACE_SIDE_STYLE('',(#2437));
#1590=EDGE_LOOP('',(#2438,#2439,#2440,#2441));
#1591=AXIS2_PLACEMENT_3D('',#2442,#2443,#2444);
#1592=SURFACE_SIDE_STYLE('',(#2445));
#1593=EDGE_LOOP('',(#2446,#2447,#2448,#2449,#2450,#2451,#2452,#2453));
#1594=AXIS2_PLACEMENT_3D('',#2454,#2455,#2456);
#1595=SURFACE_SIDE_STYLE('',(#2457));
#1596=EDGE_LOOP('',(#2458,#2459,#2460,#2461));
#1597=AXIS2_PLACEMENT_3D('',#2462,#2463,#2464);
#1598=SURFACE_SIDE_STYLE('',(#2465));
#1599=EDGE_LOOP('',(#2466,#2467,#2468,#2469,#2470,#2471,#2472,#2473,#2474,#2475,#2476,#2477,#2478,#2479,#2480,#2481,#2482,#2483,#2484,#2485,#2486,#2487,#2488,#2489,#2490,#2491,#2492,#2493,#2494,#2495,#2496,#2497,#2498,#2499,#2500,#2501,#2502,#2503,#2504,#2505,#2506,#2507,#2508,#2509,#2510,#2511,#2512,#2513,#2514,#2515,#2516,#2517,#2518,#2519,#2520,#2521,#2522,#2523,#2524,#2525,#2526,#2527));
#1600=AXIS2_PLACEMENT_3D('',#2528,#2529,#2530);
#1601=SURFACE_SIDE_STYLE('',(#2531));
#1602=EDGE_LOOP('',(#2532,#2533,#2534,#2535,#2536,#2537,#2538,#2539,#2540,#2541,#2542,#2543,#2544,#2545,#2546,#2547,#2548,#2549,#2550,#2551,#2552,#2553,#2554,#2555,#2556,#2557,#2558,#2559,#2560,#2561,#2562,#2563,#2564,#2565,#2566,#2567,#2568,#2569,#2570,#2571,#2572,#2573,#2574,#2575,#2576,#2577,#2578,#2579,#2580,#2581,#2582,#2583,#2584,#2585,#2586,#2587,#2588,#2589,#2590,#2591,#2592,#2593,#2594,#2595,#2596,#2597));
#1603=AXIS2_PLACEMENT_3D('',#2598,#2599,#2600);
#1604=SURFACE_SIDE_STYLE('',(#2601));
#1605=EDGE_LOOP('',(#2602,#2603,#2604,#2605));
#1606=AXIS2_PLACEMENT_3D('',#2606,#2607,#2608);
#1607=SURFACE_SIDE_STYLE('',(#2609));
#1608=EDGE_LOOP('',(#2610,#2611,#2612,#2613));
#1609=AXIS2_PLACEMENT_3D('',#2614,#2615,#2616);
#1610=SURFACE_SIDE_STYLE('',(#2617));
#1611=EDGE_LOOP('',(#2618,#2619,#2620,#2621));
#1612=AXIS2_PLACEMENT_3D('',#2622,#2623,#2624);
#1613=SURFACE_SIDE_STYLE('',(#2625));
#1614=EDGE_LOOP('',(#2626,#2627,#2628,#2629));
#1615=AXIS2_PLACEMENT_3D('',#2630,#2631,#2632);
#1616=SURFACE_SIDE_STYLE('',(#2633));
#1617=EDGE_LOOP('',(#2634,#2635,#2636,#2637));
#1618=AXIS2_PLACEMENT_3D('',#2638,#2639,#2640);
#1619=SURFACE_SIDE_STYLE('',(#2641));
#1620=EDGE_LOOP('',(#2642,#2643,#2644,#2645,#2646));
#1621=AXIS2_PLACEMENT_3D('',#2647,#2648,#2649);
#1622=SURFACE_SIDE_STYLE('',(#2650));
#1623=EDGE_LOOP('',(#2651,#2652,#2653,#2654));
#1624=AXIS2_PLACEMENT_3D('',#2655,#2656,#2657);
#1625=SURFACE_SIDE_STYLE('',(#2658));
#1626=EDGE_LOOP('',(#2659,#2660,#2661,#2662));
#1627=AXIS2_PLACEMENT_3D('',#2663,#2664,#2665);
#1628=SURFACE_SIDE_STYLE('',(#2666));
#1629=EDGE_LOOP('',(#2667,#2668,#2669,#2670));
#1630=AXIS2_PLACEMENT_3D('',#2671,#2672,#2673);
#1631=SURFACE_SIDE_STYLE('',(#2674));
#1632=EDGE_LOOP('',(#2675,#2676,#2677,#2678));
#1633=AXIS2_PLACEMENT_3D('',#2679,#2680,#2681);
#1634=SURFACE_SIDE_STYLE('',(#2682));
#1635=EDGE_LOOP('',(#2683,#2684,#2685,#2686));
#1636=AXIS2_PLACEMENT_3D('',#2687,#2688,#2689);
#1637=SURFACE_SIDE_STYLE('',(#2690));
#1638=EDGE_LOOP('',(#2691,#2692,#2693,#2694));
#1639=AXIS2_PLACEMENT_3D('',#2695,#2696,#2697);
#1640=SURFACE_SIDE_STYLE('',(#2698));
#1641=EDGE_LOOP('',(#2699,#2700,#2701,#2702));
#1642=AXIS2_PLACEMENT_3D('',#2703,#2704,#2705);
#1643=SURFACE_SIDE_STYLE('',(#2706));
#1644=EDGE_LOOP('',(#2707,#2708,#2709,#2710));
#1645=AXIS2_PLACEMENT_3D('',#2711,#2712,#2713);
#1646=SURFACE_SIDE_STYLE('',(#2714));
#1647=EDGE_LOOP('',(#2715,#2716,#2717,#2718));
#1648=AXIS2_PLACEMENT_3D('',#2719,#2720,#2721);
#1649=SURFACE_SIDE_STYLE('',(#2722));
#1650=EDGE_LOOP('',(#2723,#2724,#2725,#2726));
#1651=AXIS2_PLACEMENT_3D('',#2727,#2728,#2729);
#1652=SURFACE_SIDE_STYLE('',(#2730));
#1653=EDGE_LOOP('',(#2731,#2732,#2733,#2734));
#1654=AXIS2_PLACEMENT_3D('',#2735,#2736,#2737);
#1655=SURFACE_SIDE_STYLE('',(#2738));
#1656=EDGE_LOOP('',(#2739,#2740,#2741,#2742));
#1657=AXIS2_PLACEMENT_3D('',#2743,#2744,#2745);
#1658=SURFACE_SIDE_STYLE('',(#2746));
#1659=EDGE_LOOP('',(#2747,#2748,#2749,#2750));
#1660=AXIS2_PLACEMENT_3D('',#2751,#2752,#2753);
#1661=SURFACE_SIDE_STYLE('',(#2754));
#1662=EDGE_LOOP('',(#2755,#2756,#2757,#2758));
#1663=AXIS2_PLACEMENT_3D('',#2759,#2760,#2761);
#1664=SURFACE_SIDE_STYLE('',(#2762));
#1665=EDGE_LOOP('',(#2763,#2764,#2765,#2766));
#1666=AXIS2_PLACEMENT_3D('',#2767,#2768,#2769);
#1667=SURFACE_SIDE_STYLE('',(#2770));
#1668=EDGE_LOOP('',(#2771,#2772,#2773,#2774));
#1669=AXIS2_PLACEMENT_3D('',#2775,#2776,#2777);
#1670=SURFACE_SIDE_STYLE('',(#2778));
#1671=EDGE_LOOP('',(#2779,#2780,#2781,#2782));
#1672=AXIS2_PLACEMENT_3D('',#2783,#2784,#2785);
#1673=SURFACE_SIDE_STYLE('',(#2786));
#1674=EDGE_LOOP('',(#2787,#2788,#2789,#2790));
#1675=AXIS2_PLACEMENT_3D('',#2791,#2792,#2793);
#1676=SURFACE_SIDE_STYLE('',(#2794));
#1677=EDGE_LOOP('',(#2795,#2796,#2797,#2798));
#1678=AXIS2_PLACEMENT_3D('',#2799,#2800,#2801);
#1679=SURFACE_SIDE_STYLE('',(#2802));
#1680=EDGE_LOOP('',(#2803,#2804,#2805,#2806));
#1681=AXIS2_PLACEMENT_3D('',#2807,#2808,#2809);
#1682=SURFACE_SIDE_STYLE('',(#2810));
#1683=EDGE_LOOP('',(#2811,#2812,#2813,#2814));
#1684=AXIS2_PLACEMENT_3D('',#2815,#2816,#2817);
#1685=SURFACE_SIDE_STYLE('',(#2818));
#1686=EDGE_LOOP('',(#2819,#2820,#2821,#2822,#2823,#2824,#2825,#2826,#2827,#2828,#2829,#2830,#2831,#2832,#2833,#2834,#2835,#2836,#2837,#2838));
#1687=AXIS2_PLACEMENT_3D('',#2839,#2840,#2841);
#1688=SURFACE_SIDE_STYLE('',(#2842));
#1689=EDGE_LOOP('',(#2843,#2844,#2845,#2846));
#1690=AXIS2_PLACEMENT_3D('',#2847,#2848,#2849);
#1691=SURFACE_SIDE_STYLE('',(#2850));
#1692=EDGE_LOOP('',(#2851,#2852,#2853,#2854));
#1693=AXIS2_PLACEMENT_3D('',#2855,#2856,#2857);
#1694=SURFACE_SIDE_STYLE('',(#2858));
#1695=EDGE_LOOP('',(#2859,#2860,#2861,#2862,#2863,#2864));
#1696=AXIS2_PLACEMENT_3D('',#2865,#2866,#2867);
#1697=SURFACE_SIDE_STYLE('',(#2868));
#1698=EDGE_LOOP('',(#2869,#2870,#2871,#2872));
#1699=AXIS2_PLACEMENT_3D('',#2873,#2874,#2875);
#1700=SURFACE_SIDE_STYLE('',(#2876));
#1701=EDGE_LOOP('',(#2877,#2878,#2879,#2880));
#1702=AXIS2_PLACEMENT_3D('',#2881,#2882,#2883);
#1703=SURFACE_SIDE_STYLE('',(#2884));
#1704=EDGE_LOOP('',(#2885,#2886,#2887,#2888,#2889,#2890));
#1705=AXIS2_PLACEMENT_3D('',#2891,#2892,#2893);
#1706=SURFACE_SIDE_STYLE('',(#2894));
#1707=EDGE_LOOP('',(#2895,#2896,#2897,#2898));
#1708=AXIS2_PLACEMENT_3D('',#2899,#2900,#2901);
#1709=SURFACE_SIDE_STYLE('',(#2902));
#1710=EDGE_LOOP('',(#2903,#2904,#2905,#2906));
#1711=AXIS2_PLACEMENT_3D('',#2907,#2908,#2909);
#1712=SURFACE_SIDE_STYLE('',(#2910));
#1713=EDGE_LOOP('',(#2911,#2912,#2913,#2914));
#1714=AXIS2_PLACEMENT_3D('',#2915,#2916,#2917);
#1715=SURFACE_SIDE_STYLE('',(#2918));
#1716=EDGE_LOOP('',(#2919,#2920,#2921,#2922,#2923,#2924,#2925,#2926,#2927,#2928,#2929,#2930));
#1717=AXIS2_PLACEMENT_3D('',#2931,#2932,#2933);
#1718=SURFACE_SIDE_STYLE('',(#2934));
#1719=EDGE_LOOP('',(#2935,#2936,#2937,#2938));
#1720=AXIS2_PLACEMENT_3D('',#2939,#2940,#2941);
#1721=SURFACE_SIDE_STYLE('',(#2942));
#1722=EDGE_LOOP('',(#2943,#2944,#2945,#2946));
#1723=AXIS2_PLACEMENT_3D('',#2947,#2948,#2949);
#1724=SURFACE_SIDE_STYLE('',(#2950));
#1725=EDGE_LOOP('',(#2951,#2952,#2953,#2954));
#1726=AXIS2_PLACEMENT_3D('',#2955,#2956,#2957);
#1727=SURFACE_SIDE_STYLE('',(#2958));
#1728=EDGE_LOOP('',(#2959,#2960,#2961,#2962));
#1729=AXIS2_PLACEMENT_3D('',#2963,#2964,#2965);
#1730=SURFACE_SIDE_STYLE('',(#2966));
#1731=EDGE_LOOP('',(#2967,#2968,#2969,#2970,#2971,#2972));
#1732=AXIS2_PLACEMENT_3D('',#2973,#2974,#2975);
#1733=SURFACE_SIDE_STYLE('',(#2976));
#1734=EDGE_LOOP('',(#2977,#2978,#2979,#2980));
#1735=AXIS2_PLACEMENT_3D('',#2981,#2982,#2983);
#1736=SURFACE_SIDE_STYLE('',(#2984));
#1737=EDGE_LOOP('',(#2985,#2986,#2987,#2988));
#1738=AXIS2_PLACEMENT_3D('',#2989,#2990,#2991);
#1739=SURFACE_SIDE_STYLE('',(#2992));
#1740=EDGE_LOOP('',(#2993,#2994,#2995,#2996,#2997,#2998,#2999));
#1741=AXIS2_PLACEMENT_3D('',#3000,#3001,#3002);
#1742=SURFACE_SIDE_STYLE('',(#3003));
#1743=EDGE_LOOP('',(#3004,#3005,#3006,#3007));
#1744=AXIS2_PLACEMENT_3D('',#3008,#3009,#3010);
#1745=SURFACE_SIDE_STYLE('',(#3011));
#1746=EDGE_LOOP('',(#3012,#3013,#3014,#3015,#3016,#3017,#3018,#3019,#3020,#3021,#3022,#3023));
#1747=AXIS2_PLACEMENT_3D('',#3024,#3025,#3026);
#1748=SURFACE_SIDE_STYLE('',(#3027));
#1749=EDGE_LOOP('',(#3028,#3029,#3030,#3031));
#1750=AXIS2_PLACEMENT_3D('',#3032,#3033,#3034);
#1751=SURFACE_SIDE_STYLE('',(#3035));
#1752=EDGE_LOOP('',(#3036,#3037,#3038,#3039));
#1753=AXIS2_PLACEMENT_3D('',#3040,#3041,#3042);
#1754=SURFACE_SIDE_STYLE('',(#3043));
#1755=EDGE_LOOP('',(#3044,#3045,#3046,#3047));
#1756=AXIS2_PLACEMENT_3D('',#3048,#3049,#3050);
#1757=SURFACE_SIDE_STYLE('',(#3051));
#1758=EDGE_LOOP('',(#3052,#3053,#3054,#3055));
#1759=AXIS2_PLACEMENT_3D('',#3056,#3057,#3058);
#1760=SURFACE_SIDE_STYLE('',(#3059));
#1761=EDGE_LOOP('',(#3060,#3061,#3062,#3063));
#1762=AXIS2_PLACEMENT_3D('',#3064,#3065,#3066);
#1763=SURFACE_SIDE_STYLE('',(#3067));
#1764=EDGE_LOOP('',(#3068,#3069,#3070,#3071,#3072,#3073,#3074,#3075,#3076,#3077));
#1765=AXIS2_PLACEMENT_3D('',#3078,#3079,#3080);
#1766=SURFACE_SIDE_STYLE('',(#3081));
#1767=EDGE_LOOP('',(#3082,#3083,#3084,#3085));
#1768=AXIS2_PLACEMENT_3D('',#3086,#3087,#3088);
#1769=SURFACE_SIDE_STYLE('',(#3089));
#1770=EDGE_LOOP('',(#3090,#3091,#3092,#3093));
#1771=AXIS2_PLACEMENT_3D('',#3094,#3095,#3096);
#1772=SURFACE_SIDE_STYLE('',(#3097));
#1773=EDGE_LOOP('',(#3098,#3099,#3100,#3101));
#1774=AXIS2_PLACEMENT_3D('',#3102,#3103,#3104);
#1775=SURFACE_SIDE_STYLE('',(#3105));
#1776=EDGE_LOOP('',(#3106,#3107,#3108,#3109));
#1777=AXIS2_PLACEMENT_3D('',#3110,#3111,#3112);
#1778=SURFACE_SIDE_STYLE('',(#3113));
#1779=EDGE_LOOP('',(#3114,#3115,#3116,#3117));
#1780=AXIS2_PLACEMENT_3D('',#3118,#3119,#3120);
#1781=SURFACE_SIDE_STYLE('',(#3121));
#1782=EDGE_LOOP('',(#3122,#3123,#3124,#3125));
#1783=AXIS2_PLACEMENT_3D('',#3126,#3127,#3128);
#1784=SURFACE_SIDE_STYLE('',(#3129));
#1785=EDGE_LOOP('',(#3130,#3131,#3132,#3133));
#1786=AXIS2_PLACEMENT_3D('',#3134,#3135,#3136);
#1787=SURFACE_SIDE_STYLE('',(#3137));
#1788=EDGE_LOOP('',(#3138,#3139,#3140,#3141));
#1789=AXIS2_PLACEMENT_3D('',#3142,#3143,#3144);
#1790=SURFACE_SIDE_STYLE('',(#3145));
#1791=EDGE_LOOP('',(#3146,#3147,#3148,#3149));
#1792=AXIS2_PLACEMENT_3D('',#3150,#3151,#3152);
#1793=SURFACE_SIDE_STYLE('',(#3153));
#1794=EDGE_LOOP('',(#3154,#3155,#3156,#3157));
#1795=AXIS2_PLACEMENT_3D('',#3158,#3159,#3160);
#1796=SURFACE_SIDE_STYLE('',(#3161));
#1797=EDGE_LOOP('',(#3162,#3163,#3164,#3165));
#1798=AXIS2_PLACEMENT_3D('',#3166,#3167,#3168);
#1799=SURFACE_SIDE_STYLE('',(#3169));
#1800=EDGE_LOOP('',(#3170,#3171,#3172,#3173));
#1801=AXIS2_PLACEMENT_3D('',#3174,#3175,#3176);
#1802=SURFACE_SIDE_STYLE('',(#3177));
#1803=EDGE_LOOP('',(#3178,#3179,#3180,#3181));
#1804=AXIS2_PLACEMENT_3D('',#3182,#3183,#3184);
#1805=SURFACE_SIDE_STYLE('',(#3185));
#1806=EDGE_LOOP('',(#3186,#3187,#3188,#3189));
#1807=AXIS2_PLACEMENT_3D('',#3190,#3191,#3192);
#1808=SURFACE_SIDE_STYLE('',(#3193));
#1809=EDGE_LOOP('',(#3194,#3195,#3196,#3197));
#1810=AXIS2_PLACEMENT_3D('',#3198,#3199,#3200);
#1811=SURFACE_SIDE_STYLE('',(#3201));
#1812=EDGE_LOOP('',(#3202,#3203,#3204,#3205));
#1813=AXIS2_PLACEMENT_3D('',#3206,#3207,#3208);
#1814=SURFACE_SIDE_STYLE('',(#3209));
#1815=EDGE_LOOP('',(#3210,#3211,#3212,#3213));
#1816=AXIS2_PLACEMENT_3D('',#3214,#3215,#3216);
#1817=SURFACE_SIDE_STYLE('',(#3217));
#1818=EDGE_LOOP('',(#3218,#3219,#3220,#3221));
#1819=AXIS2_PLACEMENT_3D('',#3222,#3223,#3224);
#1820=SURFACE_SIDE_STYLE('',(#3225));
#1821=EDGE_LOOP('',(#3226,#3227,#3228,#3229));
#1822=AXIS2_PLACEMENT_3D('',#3230,#3231,#3232);
#1823=SURFACE_SIDE_STYLE('',(#3233));
#1824=EDGE_LOOP('',(#3234,#3235,#3236,#3237));
#1825=AXIS2_PLACEMENT_3D('',#3238,#3239,#3240);
#1826=SURFACE_SIDE_STYLE('',(#3241));
#1827=EDGE_LOOP('',(#3242,#3243,#3244,#3245));
#1828=AXIS2_PLACEMENT_3D('',#3246,#3247,#3248);
#1829=SURFACE_SIDE_STYLE('',(#3249));
#1830=EDGE_LOOP('',(#3250,#3251,#3252,#3253));
#1831=AXIS2_PLACEMENT_3D('',#3254,#3255,#3256);
#1832=SURFACE_SIDE_STYLE('',(#3257));
#1833=EDGE_LOOP('',(#3258,#3259,#3260,#3261));
#1834=EDGE_LOOP('',(#3262,#3263,#3264,#3265,#3266,#3267,#3268));
#1835=EDGE_LOOP('',(#3269,#3270,#3271,#3272,#3273,#3274));
#1836=EDGE_LOOP('',(#3275,#3276,#3277,#3278,#3279,#3280));
#1837=EDGE_LOOP('',(#3281,#3282,#3283,#3284,#3285,#3286));
#1838=EDGE_LOOP('',(#3287,#3288,#3289,#3290,#3291,#3292,#3293));
#1839=AXIS2_PLACEMENT_3D('',#3294,#3295,#3296);
#1840=SURFACE_SIDE_STYLE('',(#3297));
#1841=EDGE_LOOP('',(#3298,#3299,#3300));
#1842=AXIS2_PLACEMENT_3D('',#3301,#3302,#3303);
#1843=SURFACE_SIDE_STYLE('',(#3304));
#1844=EDGE_LOOP('',(#3305,#3306,#3307,#3308,#3309,#3310,#3311,#3312));
#1845=AXIS2_PLACEMENT_3D('',#3313,#3314,#3315);
#1846=SURFACE_SIDE_STYLE('',(#3316));
#1847=EDGE_LOOP('',(#3317,#3318,#3319,#3320));
#1848=AXIS2_PLACEMENT_3D('',#3321,#3322,#3323);
#1849=SURFACE_SIDE_STYLE('',(#3324));
#1850=EDGE_LOOP('',(#3325,#3326,#3327,#3328,#3329));
#1851=AXIS2_PLACEMENT_3D('',#3330,#3331,#3332);
#1852=SURFACE_SIDE_STYLE('',(#3333));
#1853=EDGE_LOOP('',(#3334,#3335,#3336));
#1854=AXIS2_PLACEMENT_3D('',#3337,#3338,#3339);
#1855=SURFACE_SIDE_STYLE('',(#3340));
#1856=EDGE_LOOP('',(#3341,#3342,#3343,#3344));
#1857=AXIS2_PLACEMENT_3D('',#3345,#3346,#3347);
#1858=SURFACE_SIDE_STYLE('',(#3348));
#1859=EDGE_LOOP('',(#3349,#3350,#3351,#3352,#3353,#3354,#3355,#3356));
#1860=AXIS2_PLACEMENT_3D('',#3357,#3358,#3359);
#1861=SURFACE_SIDE_STYLE('',(#3360));
#1862=EDGE_LOOP('',(#3361,#3362,#3363,#3364,#3365));
#1863=AXIS2_PLACEMENT_3D('',#3366,#3367,#3368);
#1864=SURFACE_SIDE_STYLE('',(#3369));
#1865=EDGE_LOOP('',(#3370,#3371,#3372,#3373,#3374,#3375));
#1866=AXIS2_PLACEMENT_3D('',#3376,#3377,#3378);
#1867=SURFACE_SIDE_STYLE('',(#3379));
#1868=EDGE_LOOP('',(#3380,#3381,#3382,#3383));
#1869=AXIS2_PLACEMENT_3D('',#3384,#3385,#3386);
#1870=SURFACE_SIDE_STYLE('',(#3387));
#1871=EDGE_LOOP('',(#3388,#3389,#3390,#3391));
#1872=AXIS2_PLACEMENT_3D('',#3392,#3393,#3394);
#1873=SURFACE_SIDE_STYLE('',(#3395));
#1874=EDGE_LOOP('',(#3396,#3397,#3398,#3399));
#1875=AXIS2_PLACEMENT_3D('',#3400,#3401,#3402);
#1876=SURFACE_SIDE_STYLE('',(#3403));
#1877=EDGE_LOOP('',(#3404,#3405,#3406,#3407));
#1878=AXIS2_PLACEMENT_3D('',#3408,#3409,#3410);
#1879=SURFACE_SIDE_STYLE('',(#3411));
#1880=EDGE_LOOP('',(#3412,#3413,#3414,#3415));
#1881=AXIS2_PLACEMENT_3D('',#3416,#3417,#3418);
#1882=SURFACE_SIDE_STYLE('',(#3419));
#1883=EDGE_LOOP('',(#3420,#3421,#3422,#3423,#3424,#3425,#3426,#3427,#3428,#3429));
#1884=AXIS2_PLACEMENT_3D('',#3430,#3431,#3432);
#1885=SURFACE_SIDE_STYLE('',(#3433));
#1886=EDGE_LOOP('',(#3434,#3435,#3436,#3437,#3438,#3439));
#1887=AXIS2_PLACEMENT_3D('',#3440,#3441,#3442);
#1888=SURFACE_SIDE_STYLE('',(#3443));
#1889=EDGE_LOOP('',(#3444,#3445,#3446,#3447));
#1890=AXIS2_PLACEMENT_3D('',#3448,#3449,#3450);
#1891=SURFACE_SIDE_STYLE('',(#3451));
#1892=EDGE_LOOP('',(#3452,#3453,#3454,#3455,#3456,#3457));
#1893=AXIS2_PLACEMENT_3D('',#3458,#3459,#3460);
#1894=SURFACE_SIDE_STYLE('',(#3461));
#1895=EDGE_LOOP('',(#3462,#3463,#3464));
#1896=AXIS2_PLACEMENT_3D('',#3465,#3466,#3467);
#1897=SURFACE_SIDE_STYLE('',(#3468));
#1898=EDGE_LOOP('',(#3469,#3470,#3471,#3472));
#1899=AXIS2_PLACEMENT_3D('',#3473,#3474,#3475);
#1900=SURFACE_SIDE_STYLE('',(#3476));
#1901=EDGE_LOOP('',(#3477,#3478,#3479,#3480));
#1902=AXIS2_PLACEMENT_3D('',#3481,#3482,#3483);
#1903=SURFACE_SIDE_STYLE('',(#3484));
#1904=EDGE_LOOP('',(#3485,#3486,#3487,#3488));
#1905=AXIS2_PLACEMENT_3D('',#3489,#3490,#3491);
#1906=SURFACE_SIDE_STYLE('',(#3492));
#1907=EDGE_LOOP('',(#3493,#3494,#3495,#3496,#3497,#3498));
#1908=AXIS2_PLACEMENT_3D('',#3499,#3500,#3501);
#1909=SURFACE_SIDE_STYLE('',(#3502));
#1910=EDGE_LOOP('',(#3503,#3504,#3505,#3506));
#1911=AXIS2_PLACEMENT_3D('',#3507,#3508,#3509);
#1912=SURFACE_SIDE_STYLE('',(#3510));
#1913=EDGE_LOOP('',(#3511,#3512,#3513,#3514,#3515,#3516,#3517));
#1914=AXIS2_PLACEMENT_3D('',#3518,#3519,#3520);
#1915=SURFACE_SIDE_STYLE('',(#3521));
#1916=EDGE_LOOP('',(#3522,#3523,#3524,#3525));
#1917=EDGE_LOOP('',(#3526,#3527,#3528,#3529,#3530,#3531,#3532));
#1918=EDGE_LOOP('',(#3533,#3534,#3535,#3536,#3537,#3538));
#1919=EDGE_LOOP('',(#3539,#3540,#3541,#3542,#3543,#3544));
#1920=EDGE_LOOP('',(#3545,#3546,#3547,#3548,#3549,#3550));
#1921=EDGE_LOOP('',(#3551,#3552,#3553,#3554,#3555,#3556,#3557));
#1922=AXIS2_PLACEMENT_3D('',#3558,#3559,#3560);
#1923=SURFACE_SIDE_STYLE('',(#3561));
#1924=EDGE_LOOP('',(#3562,#3563,#3564,#3565));
#1925=AXIS2_PLACEMENT_3D('',#3566,#3567,#3568);
#1926=SURFACE_SIDE_STYLE('',(#3569));
#1927=EDGE_LOOP('',(#3570,#3571,#3572,#3573));
#1928=AXIS2_PLACEMENT_3D('',#3574,#3575,#3576);
#1929=SURFACE_SIDE_STYLE('',(#3577));
#1930=EDGE_LOOP('',(#3578,#3579,#3580,#3581));
#1931=AXIS2_PLACEMENT_3D('',#3582,#3583,#3584);
#1932=SURFACE_SIDE_STYLE('',(#3585));
#1933=EDGE_LOOP('',(#3586,#3587,#3588,#3589));
#1934=AXIS2_PLACEMENT_3D('',#3590,#3591,#3592);
#1935=SURFACE_SIDE_STYLE('',(#3593));
#1936=EDGE_LOOP('',(#3594,#3595,#3596,#3597,#3598,#3599,#3600,#3601));
#1937=AXIS2_PLACEMENT_3D('',#3602,#3603,#3604);
#1938=SURFACE_SIDE_STYLE('',(#3605));
#1939=EDGE_LOOP('',(#3606,#3607,#3608,#3609));
#1940=AXIS2_PLACEMENT_3D('',#3610,#3611,#3612);
#1941=SURFACE_SIDE_STYLE('',(#3613));
#1942=EDGE_LOOP('',(#3614,#3615,#3616,#3617));
#1943=AXIS2_PLACEMENT_3D('',#3618,#3619,#3620);
#1944=SURFACE_SIDE_STYLE('',(#3621));
#1945=EDGE_LOOP('',(#3622,#3623,#3624,#3625));
#1946=AXIS2_PLACEMENT_3D('',#3626,#3627,#3628);
#1947=SURFACE_SIDE_STYLE('',(#3629));
#1948=EDGE_LOOP('',(#3630,#3631,#3632,#3633));
#1949=AXIS2_PLACEMENT_3D('',#3634,#3635,#3636);
#1950=SURFACE_SIDE_STYLE('',(#3637));
#1951=EDGE_LOOP('',(#3638,#3639,#3640,#3641));
#1952=AXIS2_PLACEMENT_3D('',#3642,#3643,#3644);
#1953=SURFACE_SIDE_STYLE('',(#3645));
#1954=EDGE_LOOP('',(#3646,#3647,#3648,#3649));
#1955=AXIS2_PLACEMENT_3D('',#3650,#3651,#3652);
#1956=SURFACE_SIDE_STYLE('',(#3653));
#1957=EDGE_LOOP('',(#3654,#3655,#3656,#3657));
#1958=AXIS2_PLACEMENT_3D('',#3658,#3659,#3660);
#1959=SURFACE_SIDE_STYLE('',(#3661));
#1960=EDGE_LOOP('',(#3662,#3663,#3664,#3665));
#1961=AXIS2_PLACEMENT_3D('',#3666,#3667,#3668);
#1962=SURFACE_SIDE_STYLE('',(#3669));
#1963=EDGE_LOOP('',(#3670,#3671,#3672,#3673));
#1964=AXIS2_PLACEMENT_3D('',#3674,#3675,#3676);
#1965=SURFACE_SIDE_STYLE('',(#3677));
#1966=EDGE_LOOP('',(#3678,#3679,#3680,#3681));
#1967=AXIS2_PLACEMENT_3D('',#3682,#3683,#3684);
#1968=SURFACE_SIDE_STYLE('',(#3685));
#1969=EDGE_LOOP('',(#3686,#3687,#3688,#3689));
#1970=AXIS2_PLACEMENT_3D('',#3690,#3691,#3692);
#1971=SURFACE_SIDE_STYLE('',(#3693));
#1972=EDGE_LOOP('',(#3694,#3695,#3696,#3697));
#1973=AXIS2_PLACEMENT_3D('',#3698,#3699,#3700);
#1974=SURFACE_SIDE_STYLE('',(#3701));
#1975=EDGE_LOOP('',(#3702,#3703,#3704,#3705,#3706,#3707,#3708));
#1976=AXIS2_PLACEMENT_3D('',#3709,#3710,#3711);
#1977=SURFACE_SIDE_STYLE('',(#3712));
#1978=EDGE_LOOP('',(#3713,#3714,#3715,#3716));
#1979=AXIS2_PLACEMENT_3D('',#3717,#3718,#3719);
#1980=SURFACE_SIDE_STYLE('',(#3720));
#1981=EDGE_LOOP('',(#3721,#3722,#3723,#3724));
#1982=AXIS2_PLACEMENT_3D('',#3725,#3726,#3727);
#1983=SURFACE_SIDE_STYLE('',(#3728));
#1984=EDGE_LOOP('',(#3729,#3730,#3731,#3732));
#1985=AXIS2_PLACEMENT_3D('',#3733,#3734,#3735);
#1986=SURFACE_SIDE_STYLE('',(#3736));
#1987=EDGE_LOOP('',(#3737,#3738,#3739,#3740));
#1988=AXIS2_PLACEMENT_3D('',#3741,#3742,#3743);
#1989=SURFACE_SIDE_STYLE('',(#3744));
#1990=EDGE_LOOP('',(#3745,#3746,#3747,#3748,#3749,#3750,#3751));
#1991=AXIS2_PLACEMENT_3D('',#3752,#3753,#3754);
#1992=SURFACE_SIDE_STYLE('',(#3755));
#1993=EDGE_LOOP('',(#3756,#3757,#3758,#3759));
#1994=AXIS2_PLACEMENT_3D('',#3760,#3761,#3762);
#1995=SURFACE_SIDE_STYLE('',(#3763));
#1996=EDGE_LOOP('',(#3764,#3765,#3766,#3767));
#1997=AXIS2_PLACEMENT_3D('',#3768,#3769,#3770);
#1998=SURFACE_SIDE_STYLE('',(#3771));
#1999=EDGE_LOOP('',(#3772,#3773,#3774,#3775));
#2000=AXIS2_PLACEMENT_3D('',#3776,#3777,#3778);
#2001=SURFACE_SIDE_STYLE('',(#3779));
#2002=EDGE_LOOP('',(#3780,#3781,#3782,#3783));
#2003=AXIS2_PLACEMENT_3D('',#3784,#3785,#3786);
#2004=SURFACE_SIDE_STYLE('',(#3787));
#2005=EDGE_LOOP('',(#3788,#3789,#3790,#3791));
#2006=AXIS2_PLACEMENT_3D('',#3792,#3793,#3794);
#2007=SURFACE_SIDE_STYLE('',(#3795));
#2008=EDGE_LOOP('',(#3796,#3797,#3798,#3799));
#2009=EDGE_LOOP('',(#3800,#3801));
#2010=AXIS2_PLACEMENT_3D('',#3802,#3803,#3804);
#2011=SURFACE_SIDE_STYLE('',(#3805));
#2012=EDGE_LOOP('',(#3806,#3807,#3808,#3809,#3810,#3811,#3812,#3813));
#2013=AXIS2_PLACEMENT_3D('',#3814,#3815,#3816);
#2014=SURFACE_SIDE_STYLE('',(#3817));
#2015=EDGE_LOOP('',(#3818,#3819,#3820,#3821));
#2016=AXIS2_PLACEMENT_3D('',#3822,#3823,#3824);
#2017=SURFACE_SIDE_STYLE('',(#3825));
#2018=EDGE_LOOP('',(#3826,#3827,#3828,#3829));
#2019=AXIS2_PLACEMENT_3D('',#3830,#3831,#3832);
#2020=SURFACE_SIDE_STYLE('',(#3833));
#2021=EDGE_LOOP('',(#3834,#3835,#3836,#3837));
#2022=AXIS2_PLACEMENT_3D('',#3838,#3839,#3840);
#2023=SURFACE_SIDE_STYLE('',(#3841));
#2024=EDGE_LOOP('',(#3842,#3843,#3844));
#2025=AXIS2_PLACEMENT_3D('',#3845,#3846,#3847);
#2026=SURFACE_SIDE_STYLE('',(#3848));
#2027=EDGE_LOOP('',(#3849,#3850,#3851));
#2028=AXIS2_PLACEMENT_3D('',#3852,#3853,#3854);
#2029=SURFACE_SIDE_STYLE('',(#3855));
#2030=EDGE_LOOP('',(#3856,#3857,#3858,#3859));
#2031=AXIS2_PLACEMENT_3D('',#3860,#3861,#3862);
#2032=SURFACE_SIDE_STYLE('',(#3863));
#2033=EDGE_LOOP('',(#3864,#3865,#3866,#3867));
#2034=AXIS2_PLACEMENT_3D('',#3868,#3869,#3870);
#2035=SURFACE_SIDE_STYLE('',(#3871));
#2036=EDGE_LOOP('',(#3872,#3873,#3874,#3875,#3876,#3877,#3878,#3879,#3880,#3881,#3882,#3883));
#2037=AXIS2_PLACEMENT_3D('',#3884,#3885,#3886);
#2038=SURFACE_SIDE_STYLE('',(#3887));
#2039=EDGE_LOOP('',(#3888,#3889,#3890,#3891));
#2040=AXIS2_PLACEMENT_3D('',#3892,#3893,#3894);
#2041=SURFACE_SIDE_STYLE('',(#3895));
#2042=EDGE_LOOP('',(#3896,#3897,#3898));
#2043=AXIS2_PLACEMENT_3D('',#3899,#3900,#3901);
#2044=SURFACE_SIDE_STYLE('',(#3902));
#2045=EDGE_LOOP('',(#3903,#3904,#3905,#3906));
#2046=AXIS2_PLACEMENT_3D('',#3907,#3908,#3909);
#2047=SURFACE_SIDE_STYLE('',(#3910));
#2048=EDGE_LOOP('',(#3911,#3912,#3913,#3914,#3915,#3916));
#2049=AXIS2_PLACEMENT_3D('',#3917,#3918,#3919);
#2050=SURFACE_SIDE_STYLE('',(#3920));
#2051=EDGE_LOOP('',(#3921,#3922,#3923,#3924,#3925,#3926));
#2052=AXIS2_PLACEMENT_3D('',#3927,#3928,#3929);
#2053=SURFACE_SIDE_STYLE('',(#3930));
#2054=EDGE_LOOP('',(#3931,#3932,#3933,#3934,#3935,#3936));
#2055=AXIS2_PLACEMENT_3D('',#3937,#3938,#3939);
#2056=SURFACE_SIDE_STYLE('',(#3940));
#2057=EDGE_LOOP('',(#3941,#3942,#3943,#3944,#3945,#3946));
#2058=AXIS2_PLACEMENT_3D('',#3947,#3948,#3949);
#2059=SURFACE_SIDE_STYLE('',(#3950));
#2060=EDGE_LOOP('',(#3951,#3952,#3953,#3954,#3955,#3956));
#2061=AXIS2_PLACEMENT_3D('',#3957,#3958,#3959);
#2062=SURFACE_SIDE_STYLE('',(#3960));
#2063=EDGE_LOOP('',(#3961,#3962,#3963,#3964));
#2064=AXIS2_PLACEMENT_3D('',#3965,#3966,#3967);
#2065=SURFACE_SIDE_STYLE('',(#3968));
#2066=EDGE_LOOP('',(#3969,#3970,#3971,#3972,#3973,#3974));
#2067=AXIS2_PLACEMENT_3D('',#3975,#3976,#3977);
#2068=SURFACE_SIDE_STYLE('',(#3978));
#2069=EDGE_LOOP('',(#3979,#3980,#3981,#3982,#3983,#3984));
#2070=AXIS2_PLACEMENT_3D('',#3985,#3986,#3987);
#2071=SURFACE_SIDE_STYLE('',(#3988));
#2072=EDGE_LOOP('',(#3989,#3990,#3991,#3992,#3993,#3994));
#2073=AXIS2_PLACEMENT_3D('',#3995,#3996,#3997);
#2074=SURFACE_SIDE_STYLE('',(#3998));
#2075=EDGE_LOOP('',(#3999,#4000,#4001,#4002));
#2076=AXIS2_PLACEMENT_3D('',#4003,#4004,#4005);
#2077=SURFACE_SIDE_STYLE('',(#4006));
#2078=EDGE_LOOP('',(#4007,#4008,#4009));
#2079=AXIS2_PLACEMENT_3D('',#4010,#4011,#4012);
#2080=SURFACE_SIDE_STYLE('',(#4013));
#2081=EDGE_LOOP('',(#4014,#4015,#4016,#4017,#4018));
#2082=AXIS2_PLACEMENT_3D('',#4019,#4020,#4021);
#2083=SURFACE_SIDE_STYLE('',(#4022));
#2084=EDGE_LOOP('',(#4023,#4024,#4025,#4026));
#2085=AXIS2_PLACEMENT_3D('',#4027,#4028,#4029);
#2086=SURFACE_SIDE_STYLE('',(#4030));
#2087=EDGE_LOOP('',(#4031,#4032,#4033,#4034,#4035));
#2088=AXIS2_PLACEMENT_3D('',#4036,#4037,#4038);
#2089=SURFACE_SIDE_STYLE('',(#4039));
#2090=EDGE_LOOP('',(#4040,#4041,#4042,#4043,#4044,#4045,#4046,#4047));
#2091=AXIS2_PLACEMENT_3D('',#4048,#4049,#4050);
#2092=SURFACE_SIDE_STYLE('',(#4051));
#2093=EDGE_LOOP('',(#4052,#4053,#4054,#4055,#4056,#4057));
#2094=AXIS2_PLACEMENT_3D('',#4058,#4059,#4060);
#2095=SURFACE_SIDE_STYLE('',(#4061));
#2096=EDGE_LOOP('',(#4062,#4063,#4064,#4065,#4066,#4067,#4068));
#2097=AXIS2_PLACEMENT_3D('',#4069,#4070,#4071);
#2098=SURFACE_SIDE_STYLE('',(#4072));
#2099=EDGE_LOOP('',(#4073,#4074,#4075,#4076));
#2100=AXIS2_PLACEMENT_3D('',#4077,#4078,#4079);
#2101=SURFACE_SIDE_STYLE('',(#4080));
#2102=EDGE_LOOP('',(#4081,#4082,#4083,#4084));
#2103=AXIS2_PLACEMENT_3D('',#4085,#4086,#4087);
#2104=SURFACE_SIDE_STYLE('',(#4088));
#2105=EDGE_LOOP('',(#4089,#4090,#4091));
#2106=AXIS2_PLACEMENT_3D('',#4092,#4093,#4094);
#2107=SURFACE_SIDE_STYLE('',(#4095));
#2108=EDGE_LOOP('',(#4096,#4097,#4098,#4099,#4100));
#2109=AXIS2_PLACEMENT_3D('',#4101,#4102,#4103);
#2110=SURFACE_SIDE_STYLE('',(#4104));
#2111=EDGE_LOOP('',(#4105,#4106,#4107,#4108,#4109,#4110,#4111));
#2112=AXIS2_PLACEMENT_3D('',#4112,#4113,#4114);
#2113=SURFACE_SIDE_STYLE('',(#4115));
#2114=EDGE_LOOP('',(#4116,#4117,#4118,#4119));
#2115=AXIS2_PLACEMENT_3D('',#4120,#4121,#4122);
#2116=SURFACE_SIDE_STYLE('',(#4123));
#2117=EDGE_LOOP('',(#4124,#4125,#4126,#4127,#4128,#4129));
#2118=AXIS2_PLACEMENT_3D('',#4130,#4131,#4132);
#2119=SURFACE_SIDE_STYLE('',(#4133));
#2120=EDGE_LOOP('',(#4134,#4135,#4136,#4137,#4138));
#2121=AXIS2_PLACEMENT_3D('',#4139,#4140,#4141);
#2122=SURFACE_SIDE_STYLE('',(#4142));
#2123=EDGE_LOOP('',(#4143,#4144,#4145,#4146,#4147));
#2124=AXIS2_PLACEMENT_3D('',#4148,#4149,#4150);
#2125=SURFACE_SIDE_STYLE('',(#4151));
#2126=EDGE_LOOP('',(#4152,#4153,#4154,#4155));
#2127=AXIS2_PLACEMENT_3D('',#4156,#4157,#4158);
#2128=SURFACE_SIDE_STYLE('',(#4159));
#2129=EDGE_LOOP('',(#4160,#4161,#4162,#4163));
#2130=AXIS2_PLACEMENT_3D('',#4164,#4165,#4166);
#2131=SURFACE_SIDE_STYLE('',(#4167));
#2132=EDGE_LOOP('',(#4168,#4169,#4170,#4171,#4172,#4173));
#2133=AXIS2_PLACEMENT_3D('',#4174,#4175,#4176);
#2134=SURFACE_SIDE_STYLE('',(#4177));
#2135=EDGE_LOOP('',(#4178,#4179,#4180,#4181,#4182,#4183));
#2136=AXIS2_PLACEMENT_3D('',#4184,#4185,#4186);
#2137=SURFACE_SIDE_STYLE('',(#4187));
#2138=EDGE_LOOP('',(#4188,#4189,#4190,#4191,#4192,#4193));
#2139=AXIS2_PLACEMENT_3D('',#4194,#4195,#4196);
#2140=SURFACE_SIDE_STYLE('',(#4197));
#2141=EDGE_LOOP('',(#4198,#4199,#4200,#4201,#4202,#4203));
#2142=AXIS2_PLACEMENT_3D('',#4204,#4205,#4206);
#2143=SURFACE_SIDE_STYLE('',(#4207));
#2144=EDGE_LOOP('',(#4208,#4209,#4210,#4211,#4212,#4213));
#2145=AXIS2_PLACEMENT_3D('',#4214,#4215,#4216);
#2146=SURFACE_SIDE_STYLE('',(#4217));
#2147=EDGE_LOOP('',(#4218,#4219,#4220,#4221,#4222,#4223));
#2148=AXIS2_PLACEMENT_3D('',#4224,#4225,#4226);
#2149=SURFACE_SIDE_STYLE('',(#4227));
#2150=EDGE_LOOP('',(#4228,#4229,#4230));
#2151=AXIS2_PLACEMENT_3D('',#4231,#4232,#4233);
#2152=SURFACE_SIDE_STYLE('',(#4234));
#2153=EDGE_LOOP('',(#4235,#4236,#4237,#4238));
#2154=AXIS2_PLACEMENT_3D('',#4239,#4240,#4241);
#2155=SURFACE_SIDE_STYLE('',(#4242));
#2156=EDGE_LOOP('',(#4243,#4244,#4245,#4246,#4247,#4248));
#2157=AXIS2_PLACEMENT_3D('',#4249,#4250,#4251);
#2158=SURFACE_SIDE_STYLE('',(#4252));
#2159=EDGE_LOOP('',(#4253,#4254,#4255,#4256));
#2160=AXIS2_PLACEMENT_3D('',#4257,#4258,#4259);
#2161=SURFACE_SIDE_STYLE('',(#4260));
#2162=EDGE_LOOP('',(#4261,#4262,#4263,#4264,#4265,#4266));
#2163=AXIS2_PLACEMENT_3D('',#4267,#4268,#4269);
#2164=SURFACE_SIDE_STYLE('',(#4270));
#2165=EDGE_LOOP('',(#4271,#4272,#4273,#4274,#4275));
#2166=AXIS2_PLACEMENT_3D('',#4276,#4277,#4278);
#2167=SURFACE_SIDE_STYLE('',(#4279));
#2168=EDGE_LOOP('',(#4280,#4281,#4282,#4283));
#2169=AXIS2_PLACEMENT_3D('',#4284,#4285,#4286);
#2170=SURFACE_SIDE_STYLE('',(#4287));
#2171=EDGE_LOOP('',(#4288,#4289,#4290,#4291,#4292));
#2172=AXIS2_PLACEMENT_3D('',#4293,#4294,#4295);
#2173=SURFACE_SIDE_STYLE('',(#4296));
#2174=EDGE_LOOP('',(#4297,#4298,#4299,#4300,#4301));
#2175=AXIS2_PLACEMENT_3D('',#4302,#4303,#4304);
#2176=SURFACE_SIDE_STYLE('',(#4305));
#2177=EDGE_LOOP('',(#4306,#4307,#4308,#4309,#4310,#4311,#4312));
#2178=AXIS2_PLACEMENT_3D('',#4313,#4314,#4315);
#2179=SURFACE_SIDE_STYLE('',(#4316));
#2180=EDGE_LOOP('',(#4317,#4318,#4319,#4320));
#2181=AXIS2_PLACEMENT_3D('',#4321,#4322,#4323);
#2182=SURFACE_SIDE_STYLE('',(#4324));
#2183=EDGE_LOOP('',(#4325,#4326,#4327,#4328,#4329,#4330,#4331,#4332,#4333,#4334,#4335,#4336,#4337,#4338,#4339,#4340,#4341,#4342));
#2184=AXIS2_PLACEMENT_3D('',#4343,#4344,#4345);
#2185=SURFACE_SIDE_STYLE('',(#4346));
#2186=EDGE_LOOP('',(#4347,#4348,#4349,#4350));
#2187=AXIS2_PLACEMENT_3D('',#4351,#4352,#4353);
#2188=SURFACE_SIDE_STYLE('',(#4354));
#2189=EDGE_LOOP('',(#4355,#4356,#4357,#4358,#4359,#4360));
#2190=EDGE_LOOP('',(#4361,#4362,#4363,#4364));
#2191=AXIS2_PLACEMENT_3D('',#4365,#4366,#4367);
#2192=SURFACE_SIDE_STYLE('',(#4368));
#2193=EDGE_LOOP('',(#4369,#4370,#4371,#4372,#4373,#4374,#4375));
#2194=AXIS2_PLACEMENT_3D('',#4376,#4377,#4378);
#2195=SURFACE_SIDE_STYLE('',(#4379));
#2196=EDGE_LOOP('',(#4380,#4381,#4382,#4383));
#2197=AXIS2_PLACEMENT_3D('',#4384,#4385,#4386);
#2198=SURFACE_SIDE_STYLE('',(#4387));
#2199=EDGE_LOOP('',(#4388,#4389,#4390,#4391,#4392,#4393,#4394));
#2200=AXIS2_PLACEMENT_3D('',#4395,#4396,#4397);
#2201=SURFACE_SIDE_STYLE('',(#4398));
#2202=EDGE_LOOP('',(#4399,#4400,#4401,#4402,#4403,#4404));
#2203=AXIS2_PLACEMENT_3D('',#4405,#4406,#4407);
#2204=SURFACE_SIDE_STYLE('',(#4408));
#2205=EDGE_LOOP('',(#4409,#4410,#4411,#4412,#4413,#4414));
#2206=AXIS2_PLACEMENT_3D('',#4415,#4416,#4417);
#2207=SURFACE_SIDE_STYLE('',(#4418));
#2208=EDGE_LOOP('',(#4419,#4420,#4421,#4422,#4423,#4424,#4425));
#2209=AXIS2_PLACEMENT_3D('',#4426,#4427,#4428);
#2210=SURFACE_SIDE_STYLE('',(#4429));
#2211=EDGE_LOOP('',(#4430,#4431,#4432,#4433));
#2212=AXIS2_PLACEMENT_3D('',#4434,#4435,#4436);
#2213=SURFACE_SIDE_STYLE('',(#4437));
#2214=EDGE_LOOP('',(#4438,#4439,#4440));
#2215=AXIS2_PLACEMENT_3D('',#4441,#4442,#4443);
#2216=SURFACE_SIDE_STYLE('',(#4444));
#2217=EDGE_LOOP('',(#4445,#4446,#4447,#4448));
#2218=AXIS2_PLACEMENT_3D('',#4449,#4450,#4451);
#2219=SURFACE_SIDE_STYLE('',(#4452));
#2220=EDGE_LOOP('',(#4453,#4454,#4455,#4456,#4457,#4458));
#2221=AXIS2_PLACEMENT_3D('',#4459,#4460,#4461);
#2222=SURFACE_SIDE_STYLE('',(#4462));
#2223=EDGE_LOOP('',(#4463,#4464,#4465,#4466));
#2224=AXIS2_PLACEMENT_3D('',#4467,#4468,#4469);
#2225=SURFACE_SIDE_STYLE('',(#4470));
#2226=EDGE_LOOP('',(#4471,#4472,#4473,#4474,#4475,#4476));
#2227=AXIS2_PLACEMENT_3D('',#4477,#4478,#4479);
#2228=SURFACE_SIDE_STYLE('',(#4480));
#2229=EDGE_LOOP('',(#4481,#4482,#4483,#4484,#4485,#4486,#4487));
#2230=AXIS2_PLACEMENT_3D('',#4488,#4489,#4490);
#2231=SURFACE_SIDE_STYLE('',(#4491));
#2232=EDGE_LOOP('',(#4492,#4493,#4494,#4495,#4496,#4497));
#2233=AXIS2_PLACEMENT_3D('',#4498,#4499,#4500);
#2234=SURFACE_SIDE_STYLE('',(#4501));
#2235=EDGE_LOOP('',(#4502,#4503,#4504,#4505));
#2236=AXIS2_PLACEMENT_3D('',#4506,#4507,#4508);
#2237=SURFACE_SIDE_STYLE('',(#4509));
#2238=EDGE_LOOP('',(#4510,#4511,#4512,#4513));
#2239=AXIS2_PLACEMENT_3D('',#4514,#4515,#4516);
#2240=SURFACE_SIDE_STYLE('',(#4517));
#2241=EDGE_LOOP('',(#4518,#4519,#4520,#4521));
#2242=AXIS2_PLACEMENT_3D('',#4522,#4523,#4524);
#2243=SURFACE_SIDE_STYLE('',(#4525));
#2244=EDGE_LOOP('',(#4526,#4527,#4528,#4529));
#2245=AXIS2_PLACEMENT_3D('',#4530,#4531,#4532);
#2246=SURFACE_SIDE_STYLE('',(#4533));
#2247=EDGE_LOOP('',(#4534,#4535,#4536,#4537));
#2248=AXIS2_PLACEMENT_3D('',#4538,#4539,#4540);
#2249=SURFACE_SIDE_STYLE('',(#4541));
#2250=EDGE_LOOP('',(#4542,#4543,#4544,#4545));
#2251=AXIS2_PLACEMENT_3D('',#4546,#4547,#4548);
#2252=SURFACE_SIDE_STYLE('',(#4549));
#2253=EDGE_LOOP('',(#4550,#4551,#4552,#4553));
#2254=AXIS2_PLACEMENT_3D('',#4554,#4555,#4556);
#2255=SURFACE_SIDE_STYLE('',(#4557));
#2256=EDGE_LOOP('',(#4558,#4559,#4560,#4561));
#2257=AXIS2_PLACEMENT_3D('',#4562,#4563,#4564);
#2258=SURFACE_SIDE_STYLE('',(#4565));
#2259=EDGE_LOOP('',(#4566,#4567,#4568,#4569));
#2260=AXIS2_PLACEMENT_3D('',#4570,#4571,#4572);
#2261=SURFACE_SIDE_STYLE('',(#4573));
#2262=EDGE_LOOP('',(#4574,#4575,#4576,#4577));
#2263=AXIS2_PLACEMENT_3D('',#4578,#4579,#4580);
#2264=SURFACE_SIDE_STYLE('',(#4581));
#2265=EDGE_LOOP('',(#4582,#4583,#4584,#4585));
#2266=AXIS2_PLACEMENT_3D('',#4586,#4587,#4588);
#2267=SURFACE_SIDE_STYLE('',(#4589));
#2268=EDGE_LOOP('',(#4590,#4591,#4592,#4593,#4594,#4595));
#2269=AXIS2_PLACEMENT_3D('',#4596,#4597,#4598);
#2270=SURFACE_SIDE_STYLE('',(#4599));
#2271=EDGE_LOOP('',(#4600,#4601,#4602,#4603));
#2272=AXIS2_PLACEMENT_3D('',#4604,#4605,#4606);
#2273=SURFACE_SIDE_STYLE('',(#4607));
#2274=EDGE_LOOP('',(#4608,#4609,#4610,#4611));
#2275=AXIS2_PLACEMENT_3D('',#4612,#4613,#4614);
#2276=SURFACE_SIDE_STYLE('',(#4615));
#2277=EDGE_LOOP('',(#4616,#4617,#4618,#4619,#4620,#4621));
#2278=AXIS2_PLACEMENT_3D('',#4622,#4623,#4624);
#2279=SURFACE_SIDE_STYLE('',(#4625));
#2280=EDGE_LOOP('',(#4626,#4627,#4628,#4629));
#2281=AXIS2_PLACEMENT_3D('',#4630,#4631,#4632);
#2282=SURFACE_SIDE_STYLE('',(#4633));
#2283=EDGE_LOOP('',(#4634,#4635,#4636,#4637));
#2284=AXIS2_PLACEMENT_3D('',#4638,#4639,#4640);
#2285=SURFACE_SIDE_STYLE('',(#4641));
#2286=EDGE_LOOP('',(#4642,#4643,#4644,#4645));
#2287=AXIS2_PLACEMENT_3D('',#4646,#4647,#4648);
#2288=SURFACE_SIDE_STYLE('',(#4649));
#2289=EDGE_LOOP('',(#4650,#4651,#4652,#4653,#4654,#4655));
#2290=AXIS2_PLACEMENT_3D('',#4656,#4657,#4658);
#2291=SURFACE_SIDE_STYLE('',(#4659));
#2292=EDGE_LOOP('',(#4660,#4661,#4662,#4663,#4664,#4665));
#2293=AXIS2_PLACEMENT_3D('',#4666,#4667,#4668);
#2294=SURFACE_SIDE_STYLE('',(#4669));
#2295=EDGE_LOOP('',(#4670,#4671,#4672,#4673,#4674,#4675,#4676,#4677));
#2296=AXIS2_PLACEMENT_3D('',#4678,#4679,#4680);
#2297=SURFACE_SIDE_STYLE('',(#4681));
#2299=SURFACE_STYLE_FILL_AREA(#4682);
#2300=ORIENTED_EDGE('',*,*,#4683,.F.);
#2301=ORIENTED_EDGE('',*,*,#4684,.F.);
#2302=ORIENTED_EDGE('',*,*,#4685,.F.);
#2303=ORIENTED_EDGE('',*,*,#4686,.F.);
#2304=ORIENTED_EDGE('',*,*,#4687,.T.);
#2305=ORIENTED_EDGE('',*,*,#4688,.T.);
#2306=CARTESIAN_POINT('',(4.14999999883995,55.3499999892104,34.5295996027421));
#2307=DIRECTION('',(-1.66277322067376E-16,-2.37749389902766E-13,-1.0));
#2308=DIRECTION('',(-9.97818155697559E-17,1.0,-2.37749389902766E-13));
#2309=SURFACE_STYLE_FILL_AREA(#4689);
#2310=ORIENTED_EDGE('',*,*,#4690,.F.);
#2311=ORIENTED_EDGE('',*,*,#4691,.F.);
#2312=ORIENTED_EDGE('',*,*,#4692,.F.);
#2313=ORIENTED_EDGE('',*,*,#4693,.F.);
#2314=ORIENTED_EDGE('',*,*,#4694,.T.);
#2315=ORIENTED_EDGE('',*,*,#4695,.F.);
#2316=CARTESIAN_POINT('',(4.14999999883994,56.3499999892113,36.1130573423437));
#2317=DIRECTION('',(-1.26917932630666E-16,-2.37735512114958E-13,-1.0));
#2318=DIRECTION('',(-2.00535325398687E-16,1.0,-2.37735512114958E-13));
#2319=SURFACE_STYLE_FILL_AREA(#4696);
#2320=ORIENTED_EDGE('',*,*,#4697,.F.);
#2321=ORIENTED_EDGE('',*,*,#4698,.T.);
#2322=ORIENTED_EDGE('',*,*,#4699,.T.);
#2323=ORIENTED_EDGE('',*,*,#4700,.T.);
#2324=ORIENTED_EDGE('',*,*,#4701,.T.);
#2325=ORIENTED_EDGE('',*,*,#4702,.F.);
#2326=CARTESIAN_POINT('',(12.29999999884,13.3500002400897,34.5295998116944));
#2327=DIRECTION('',(-1.66277322067483E-16,2.5596191832733E-13,-1.0));
#2328=DIRECTION('',(3.34565752857927E-16,-1.0,-2.5596191832733E-13));
#2329=SURFACE_STYLE_FILL_AREA(#4703);
#2330=ORIENTED_EDGE('',*,*,#4704,.F.);
#2331=ORIENTED_EDGE('',*,*,#4705,.T.);
#2332=ORIENTED_EDGE('',*,*,#4706,.T.);
#2333=ORIENTED_EDGE('',*,*,#4707,.T.);
#2334=ORIENTED_EDGE('',*,*,#4708,.T.);
#2335=CARTESIAN_POINT('',(12.29999999884,12.350000240089,35.0295998116953));
#2336=DIRECTION('',(1.66277322067483E-16,-2.5596191832733E-13,1.0));
#2337=DIRECTION('',(-3.34565752857927E-16,1.0,2.5596191832733E-13));
#2338=SURFACE_STYLE_FILL_AREA(#4709);
#2339=ORIENTED_EDGE('',*,*,#4710,.F.);
#2340=ORIENTED_EDGE('',*,*,#4711,.T.);
#2341=ORIENTED_EDGE('',*,*,#4712,.T.);
#2342=ORIENTED_EDGE('',*,*,#4713,.T.);
#2343=ORIENTED_EDGE('',*,*,#4714,.T.);
#2344=ORIENTED_EDGE('',*,*,#4715,.F.);
#2345=CARTESIAN_POINT('',(4.14999999883996,13.3500002400897,34.5295998116944));
#2346=DIRECTION('',(-1.66277322067483E-16,2.5596191832733E-13,-1.0));
#2347=DIRECTION('',(3.34565752857927E-16,-1.0,-2.5596191832733E-13));
#2348=SURFACE_STYLE_FILL_AREA(#4716);
#2349=ORIENTED_EDGE('',*,*,#4717,.F.);
#2350=ORIENTED_EDGE('',*,*,#4718,.T.);
#2351=ORIENTED_EDGE('',*,*,#4719,.F.);
#2352=ORIENTED_EDGE('',*,*,#4720,.T.);
#2353=ORIENTED_EDGE('',*,*,#4721,.T.);
#2354=ORIENTED_EDGE('',*,*,#4722,.T.);
#2355=CARTESIAN_POINT('',(4.14999999883996,12.3500002400888,36.1130575512961));
#2356=DIRECTION('',(-1.26917932630773E-16,2.55948040539523E-13,-1.0));
#2357=DIRECTION('',(2.33812243028996E-16,-1.0,-2.55948040539523E-13));
#2358=SURFACE_STYLE_FILL_AREA(#4723);
#2359=ORIENTED_EDGE('',*,*,#4724,.F.);
#2360=ORIENTED_EDGE('',*,*,#4725,.T.);
#2361=ORIENTED_EDGE('',*,*,#4726,.F.);
#2362=ORIENTED_EDGE('',*,*,#4727,.F.);
#2363=CARTESIAN_POINT('',(11.5500000016797,47.1722222098058,42.1999999999994));
#2364=DIRECTION('',(3.05352588438755E-48,1.50220255530364E-16,1.0));
#2365=DIRECTION('',(1.2850908544456E-16,1.0,-1.50220255530364E-16));
#2366=SURFACE_STYLE_FILL_AREA(#4728);
#2367=ORIENTED_EDGE('',*,*,#4729,.F.);
#2368=ORIENTED_EDGE('',*,*,#4730,.F.);
#2369=ORIENTED_EDGE('',*,*,#4731,.F.);
#2370=ORIENTED_EDGE('',*,*,#4732,.F.);
#2371=CARTESIAN_POINT('',(4.15000000167974,47.1722222098058,42.1999999999994));
#2372=DIRECTION('',(3.05352588438755E-48,1.50220255530364E-16,1.0));
#2373=DIRECTION('',(1.2850908544456E-16,1.0,-1.50220255530364E-16));
#2374=SURFACE_STYLE_FILL_AREA(#4733);
#2375=ORIENTED_EDGE('',*,*,#4734,.F.);
#2376=ORIENTED_EDGE('',*,*,#4735,.T.);
#2377=ORIENTED_EDGE('',*,*,#4736,.F.);
#2378=ORIENTED_EDGE('',*,*,#4737,.T.);
#2379=ORIENTED_EDGE('',*,*,#4738,.T.);
#2380=ORIENTED_EDGE('',*,*,#4739,.F.);
#2381=CARTESIAN_POINT('',(5.80000000002651,0.900000000000908,4.04999999999871));
#2382=DIRECTION('',(-1.0,-3.27010842385319E-13,-1.8156945863841E-14));
#2383=DIRECTION('',(-3.27010842385319E-13,1.0,-1.502202555363E-16));
#2384=SURFACE_STYLE_FILL_AREA(#4740);
#2385=ORIENTED_EDGE('',*,*,#4741,.F.);
#2386=ORIENTED_EDGE('',*,*,#4742,.T.);
#2387=ORIENTED_EDGE('',*,*,#4743,.T.);
#2388=ORIENTED_EDGE('',*,*,#4744,.T.);
#2389=CARTESIAN_POINT('',(4.15000000167975,21.5277780195159,42.1999999999996));
#2390=DIRECTION('',(1.80344811839262E-14,-1.50220255524467E-16,-1.0));
#2391=DIRECTION('',(3.17927294042772E-16,-1.0,1.50220255524472E-16));
#2392=SURFACE_STYLE_FILL_AREA(#4745);
#2393=ORIENTED_EDGE('',*,*,#4746,.F.);
#2394=ORIENTED_EDGE('',*,*,#4747,.T.);
#2395=ORIENTED_EDGE('',*,*,#4748,.F.);
#2396=ORIENTED_EDGE('',*,*,#4749,.F.);
#2397=CARTESIAN_POINT('',(2.48499760000005,19.6521397485339,11.884821150281));
#2398=DIRECTION('',(-1.0,-9.4709104299106E-17,-2.4492935982947E-16));
#2399=DIRECTION('',(-9.4709104299106E-17,1.0,-1.50220255530364E-16));
#2400=SURFACE_STYLE_FILL_AREA(#4750);
#2401=ORIENTED_EDGE('',*,*,#4751,.F.);
#2402=ORIENTED_EDGE('',*,*,#4752,.F.);
#2403=ORIENTED_EDGE('',*,*,#4753,.F.);
#2404=ORIENTED_EDGE('',*,*,#4754,.T.);
#2405=CARTESIAN_POINT('',(6.87999999883995,51.3299999892115,39.4301158819931));
#2406=DIRECTION('',(-1.66277322067375E-16,-2.37749389902766E-13,-1.0));
#2407=DIRECTION('',(-9.97818155697269E-17,1.0,-2.37749389902766E-13));
#2408=SURFACE_STYLE_FILL_AREA(#4755);
#2409=ORIENTED_EDGE('',*,*,#4756,.F.);
#2410=ORIENTED_EDGE('',*,*,#4757,.F.);
#2411=ORIENTED_EDGE('',*,*,#4758,.F.);
#2412=ORIENTED_EDGE('',*,*,#4759,.T.);
#2413=ORIENTED_EDGE('',*,*,#4760,.F.);
#2414=ORIENTED_EDGE('',*,*,#4761,.T.);
#2415=ORIENTED_EDGE('',*,*,#4762,.T.);
#2416=CARTESIAN_POINT('',(12.2999999988399,55.3499999892104,34.5295996027421));
#2417=DIRECTION('',(-1.66277322067376E-16,-2.37749389902766E-13,-1.0));
#2418=DIRECTION('',(-9.97818155697559E-17,1.0,-2.37749389902766E-13));
#2419=SURFACE_STYLE_FILL_AREA(#4763);
#2420=ORIENTED_EDGE('',*,*,#4764,.F.);
#2421=ORIENTED_EDGE('',*,*,#4765,.T.);
#2422=ORIENTED_EDGE('',*,*,#4766,.F.);
#2423=ORIENTED_EDGE('',*,*,#4767,.T.);
#2424=CARTESIAN_POINT('',(6.87999999883996,17.3700002400885,39.430115881985));
#2425=DIRECTION('',(-1.66277322067482E-16,2.55978231525494E-13,-1.0));
#2426=DIRECTION('',(3.34565752857957E-16,-1.0,-2.55978231525494E-13));
#2427=SURFACE_STYLE_FILL_AREA(#4768);
#2428=ORIENTED_EDGE('',*,*,#4769,.F.);
#2429=ORIENTED_EDGE('',*,*,#4770,.T.);
#2430=ORIENTED_EDGE('',*,*,#4771,.F.);
#2431=ORIENTED_EDGE('',*,*,#4772,.F.);
#2432=ORIENTED_EDGE('',*,*,#4773,.T.);
#2433=ORIENTED_EDGE('',*,*,#4774,.F.);
#2434=CARTESIAN_POINT('',(16.3,-30.6722391089,15.9669788759785));
#2435=DIRECTION('',(-1.0,-9.47091042991061E-17,-1.22464679914735E-16));
#2436=DIRECTION('',(-5.17322007387838E-17,0.949996010420321,-0.312262037695065));
#2437=SURFACE_STYLE_FILL_AREA(#4775);
#2438=ORIENTED_EDGE('',*,*,#4776,.F.);
#2439=ORIENTED_EDGE('',*,*,#4777,.T.);
#2440=ORIENTED_EDGE('',*,*,#4778,.F.);
#2441=ORIENTED_EDGE('',*,*,#4779,.F.);
#2442=CARTESIAN_POINT('',(-0.815002399999967,-13.5185058345945,20.6999999999983));
#2443=DIRECTION('',(-1.0,-9.4709104299106E-17,-2.4492935982947E-16));
#2444=DIRECTION('',(-9.4709104299106E-17,1.0,-1.50220255530364E-16));
#2445=SURFACE_STYLE_FILL_AREA(#4780);
#2446=ORIENTED_EDGE('',*,*,#4781,.F.);
#2447=ORIENTED_EDGE('',*,*,#4782,.F.);
#2448=ORIENTED_EDGE('',*,*,#4783,.T.);
#2449=ORIENTED_EDGE('',*,*,#4784,.F.);
#2450=ORIENTED_EDGE('',*,*,#4785,.T.);
#2451=ORIENTED_EDGE('',*,*,#4786,.T.);
#2452=ORIENTED_EDGE('',*,*,#4787,.T.);
#2453=ORIENTED_EDGE('',*,*,#4788,.F.);
#2454=CARTESIAN_POINT('',(12.2999999988399,56.3499999892111,35.029599602743));
#2455=DIRECTION('',(1.66277322067376E-16,2.37749389902766E-13,1.0));
#2456=DIRECTION('',(9.97818155697559E-17,-1.0,2.37749389902766E-13));
#2457=SURFACE_STYLE_FILL_AREA(#4789);
#2458=ORIENTED_EDGE('',*,*,#4790,.F.);
#2459=ORIENTED_EDGE('',*,*,#4791,.T.);
#2460=ORIENTED_EDGE('',*,*,#4792,.T.);
#2461=ORIENTED_EDGE('',*,*,#4793,.T.);
#2462=CARTESIAN_POINT('',(11.5500000016798,21.5277780195159,42.1999999999997));
#2463=DIRECTION('',(1.80344811839262E-14,-1.50220255524467E-16,-1.0));
#2464=DIRECTION('',(3.17927294042772E-16,-1.0,1.50220255524472E-16));
#2465=SURFACE_STYLE_FILL_AREA(#4794);
#2466=ORIENTED_EDGE('',*,*,#4795,.F.);
#2467=ORIENTED_EDGE('',*,*,#4796,.F.);
#2468=ORIENTED_EDGE('',*,*,#4797,.T.);
#2469=ORIENTED_EDGE('',*,*,#4749,.T.);
#2470=ORIENTED_EDGE('',*,*,#4798,.T.);
#2471=ORIENTED_EDGE('',*,*,#4799,.T.);
#2472=ORIENTED_EDGE('',*,*,#4800,.F.);
#2473=ORIENTED_EDGE('',*,*,#4801,.F.);
#2474=ORIENTED_EDGE('',*,*,#4802,.F.);
#2475=ORIENTED_EDGE('',*,*,#4803,.F.);
#2476=ORIENTED_EDGE('',*,*,#4804,.F.);
#2477=ORIENTED_EDGE('',*,*,#4805,.F.);
#2478=ORIENTED_EDGE('',*,*,#4737,.F.);
#2479=ORIENTED_EDGE('',*,*,#4806,.F.);
#2480=ORIENTED_EDGE('',*,*,#4772,.T.);
#2481=ORIENTED_EDGE('',*,*,#4807,.T.);
#2482=ORIENTED_EDGE('',*,*,#4808,.F.);
#2483=ORIENTED_EDGE('',*,*,#4809,.T.);
#2484=ORIENTED_EDGE('',*,*,#4779,.T.);
#2485=ORIENTED_EDGE('',*,*,#4810,.F.);
#2486=ORIENTED_EDGE('',*,*,#4811,.T.);
#2487=ORIENTED_EDGE('',*,*,#4812,.T.);
#2488=ORIENTED_EDGE('',*,*,#4813,.F.);
#2489=ORIENTED_EDGE('',*,*,#4814,.T.);
#2490=ORIENTED_EDGE('',*,*,#4815,.F.);
#2491=ORIENTED_EDGE('',*,*,#4816,.F.);
#2492=ORIENTED_EDGE('',*,*,#4817,.T.);
#2493=ORIENTED_EDGE('',*,*,#4818,.T.);
#2494=ORIENTED_EDGE('',*,*,#4819,.F.);
#2495=ORIENTED_EDGE('',*,*,#4820,.F.);
#2496=ORIENTED_EDGE('',*,*,#4821,.F.);
#2497=ORIENTED_EDGE('',*,*,#4822,.T.);
#2498=ORIENTED_EDGE('',*,*,#4823,.T.);
#2499=ORIENTED_EDGE('',*,*,#4824,.T.);
#2500=ORIENTED_EDGE('',*,*,#4825,.F.);
#2501=ORIENTED_EDGE('',*,*,#4826,.T.);
#2502=ORIENTED_EDGE('',*,*,#4827,.F.);
#2503=ORIENTED_EDGE('',*,*,#4828,.T.);
#2504=ORIENTED_EDGE('',*,*,#4829,.T.);
#2505=ORIENTED_EDGE('',*,*,#4830,.T.);
#2506=ORIENTED_EDGE('',*,*,#4831,.F.);
#2507=ORIENTED_EDGE('',*,*,#4832,.T.);
#2508=ORIENTED_EDGE('',*,*,#4833,.F.);
#2509=ORIENTED_EDGE('',*,*,#4834,.T.);
#2510=ORIENTED_EDGE('',*,*,#4835,.T.);
#2511=ORIENTED_EDGE('',*,*,#4836,.T.);
#2512=ORIENTED_EDGE('',*,*,#4837,.T.);
#2513=ORIENTED_EDGE('',*,*,#4838,.F.);
#2514=ORIENTED_EDGE('',*,*,#4839,.F.);
#2515=ORIENTED_EDGE('',*,*,#4840,.T.);
#2516=ORIENTED_EDGE('',*,*,#4841,.T.);
#2517=ORIENTED_EDGE('',*,*,#4842,.F.);
#2518=ORIENTED_EDGE('',*,*,#4843,.T.);
#2519=ORIENTED_EDGE('',*,*,#4844,.F.);
#2520=ORIENTED_EDGE('',*,*,#4845,.F.);
#2521=ORIENTED_EDGE('',*,*,#4846,.T.);
#2522=ORIENTED_EDGE('',*,*,#4847,.F.);
#2523=ORIENTED_EDGE('',*,*,#4848,.F.);
#2524=ORIENTED_EDGE('',*,*,#4849,.T.);
#2525=ORIENTED_EDGE('',*,*,#4850,.F.);
#2526=ORIENTED_EDGE('',*,*,#4851,.F.);
#2527=ORIENTED_EDGE('',*,*,#4852,.F.);
#2528=CARTESIAN_POINT('',(-1.50990331349021E-14,77.1584775648441,25.6668620358079));
#2529=DIRECTION('',(-1.0,-9.4709104299106E-17,-2.4492935982947E-16));
#2530=DIRECTION('',(-2.4492935982947E-16,1.50220255530364E-16,1.0));
#2531=SURFACE_STYLE_FILL_AREA(#4853);
#2532=ORIENTED_EDGE('',*,*,#4854,.T.);
#2533=ORIENTED_EDGE('',*,*,#4855,.T.);
#2534=ORIENTED_EDGE('',*,*,#4856,.T.);
#2535=ORIENTED_EDGE('',*,*,#4857,.T.);
#2536=ORIENTED_EDGE('',*,*,#4858,.F.);
#2537=ORIENTED_EDGE('',*,*,#4859,.T.);
#2538=ORIENTED_EDGE('',*,*,#4860,.T.);
#2539=ORIENTED_EDGE('',*,*,#4861,.T.);
#2540=ORIENTED_EDGE('',*,*,#4862,.T.);
#2541=ORIENTED_EDGE('',*,*,#4863,.T.);
#2542=ORIENTED_EDGE('',*,*,#4864,.F.);
#2543=ORIENTED_EDGE('',*,*,#4865,.T.);
#2544=ORIENTED_EDGE('',*,*,#4866,.F.);
#2545=ORIENTED_EDGE('',*,*,#4867,.F.);
#2546=ORIENTED_EDGE('',*,*,#4868,.T.);
#2547=ORIENTED_EDGE('',*,*,#4869,.T.);
#2548=ORIENTED_EDGE('',*,*,#4870,.F.);
#2549=ORIENTED_EDGE('',*,*,#4871,.F.);
#2550=ORIENTED_EDGE('',*,*,#4872,.F.);
#2551=ORIENTED_EDGE('',*,*,#4873,.F.);
#2552=ORIENTED_EDGE('',*,*,#4874,.T.);
#2553=ORIENTED_EDGE('',*,*,#4875,.F.);
#2554=ORIENTED_EDGE('',*,*,#4876,.T.);
#2555=ORIENTED_EDGE('',*,*,#4877,.F.);
#2556=ORIENTED_EDGE('',*,*,#4878,.F.);
#2557=ORIENTED_EDGE('',*,*,#4879,.F.);
#2558=ORIENTED_EDGE('',*,*,#4880,.T.);
#2559=ORIENTED_EDGE('',*,*,#4881,.F.);
#2560=ORIENTED_EDGE('',*,*,#4882,.T.);
#2561=ORIENTED_EDGE('',*,*,#4883,.T.);
#2562=ORIENTED_EDGE('',*,*,#4884,.F.);
#2563=ORIENTED_EDGE('',*,*,#4885,.T.);
#2564=ORIENTED_EDGE('',*,*,#4886,.T.);
#2565=ORIENTED_EDGE('',*,*,#4887,.T.);
#2566=ORIENTED_EDGE('',*,*,#4888,.T.);
#2567=ORIENTED_EDGE('',*,*,#4889,.F.);
#2568=ORIENTED_EDGE('',*,*,#4890,.F.);
#2569=ORIENTED_EDGE('',*,*,#4891,.T.);
#2570=ORIENTED_EDGE('',*,*,#4892,.T.);
#2571=ORIENTED_EDGE('',*,*,#4893,.F.);
#2572=ORIENTED_EDGE('',*,*,#4894,.T.);
#2573=ORIENTED_EDGE('',*,*,#4895,.F.);
#2574=ORIENTED_EDGE('',*,*,#4896,.F.);
#2575=ORIENTED_EDGE('',*,*,#4897,.T.);
#2576=ORIENTED_EDGE('',*,*,#4777,.F.);
#2577=ORIENTED_EDGE('',*,*,#4898,.F.);
#2578=ORIENTED_EDGE('',*,*,#4899,.T.);
#2579=ORIENTED_EDGE('',*,*,#4900,.F.);
#2580=ORIENTED_EDGE('',*,*,#4770,.F.);
#2581=ORIENTED_EDGE('',*,*,#4901,.F.);
#2582=ORIENTED_EDGE('',*,*,#4902,.F.);
#2583=ORIENTED_EDGE('',*,*,#4903,.F.);
#2584=ORIENTED_EDGE('',*,*,#4904,.F.);
#2585=ORIENTED_EDGE('',*,*,#4905,.T.);
#2586=ORIENTED_EDGE('',*,*,#4739,.T.);
#2587=ORIENTED_EDGE('',*,*,#4906,.T.);
#2588=ORIENTED_EDGE('',*,*,#4907,.T.);
#2589=ORIENTED_EDGE('',*,*,#4908,.T.);
#2590=ORIENTED_EDGE('',*,*,#4909,.T.);
#2591=ORIENTED_EDGE('',*,*,#4910,.T.);
#2592=ORIENTED_EDGE('',*,*,#4911,.T.);
#2593=ORIENTED_EDGE('',*,*,#4912,.F.);
#2594=ORIENTED_EDGE('',*,*,#4913,.F.);
#2595=ORIENTED_EDGE('',*,*,#4747,.F.);
#2596=ORIENTED_EDGE('',*,*,#4914,.F.);
#2597=ORIENTED_EDGE('',*,*,#4915,.T.);
#2598=CARTESIAN_POINT('',(16.3,32.4775799939368,28.2125817614112));
#2599=DIRECTION('',(1.0,9.4709104299106E-17,2.4492935982947E-16));
#2600=DIRECTION('',(9.4709104299106E-17,-1.0,1.50220255530364E-16));
#2601=SURFACE_STYLE_FILL_AREA(#4916);
#2602=ORIENTED_EDGE('',*,*,#4917,.T.);
#2603=ORIENTED_EDGE('',*,*,#4833,.T.);
#2604=ORIENTED_EDGE('',*,*,#4918,.T.);
#2605=ORIENTED_EDGE('',*,*,#4874,.F.);
#2606=CARTESIAN_POINT('',(-0.515002399999948,42.3893651947592,40.3333944982943));
#2607=DIRECTION('',(-1.18340451839413E-17,-0.915498854366618,0.402320578212711));
#2608=DIRECTION('',(-1.0,2.7755575615629E-17,3.37446136977741E-17));
#2609=SURFACE_STYLE_FILL_AREA(#4919);
#2610=ORIENTED_EDGE('',*,*,#4920,.T.);
#2611=ORIENTED_EDGE('',*,*,#4879,.T.);
#2612=ORIENTED_EDGE('',*,*,#4921,.T.);
#2613=ORIENTED_EDGE('',*,*,#4828,.F.);
#2614=CARTESIAN_POINT('',(16.3,36.7550000000025,40.094999999998));
#2615=DIRECTION('',(-2.4492935982947E-16,1.50220255530364E-16,1.0));
#2616=DIRECTION('',(-1.0,2.7755575615629E-17,-2.4492935982947E-16));
#2617=SURFACE_STYLE_FILL_AREA(#4922);
#2618=ORIENTED_EDGE('',*,*,#4923,.F.);
#2619=ORIENTED_EDGE('',*,*,#4830,.F.);
#2620=ORIENTED_EDGE('',*,*,#4924,.T.);
#2621=ORIENTED_EDGE('',*,*,#4877,.T.);
#2622=CARTESIAN_POINT('',(16.3,36.4875000000023,39.0249999999984));
#2623=DIRECTION('',(2.44929359829475E-16,-5.81316177165792E-14,-1.0));
#2624=DIRECTION('',(-2.77555756156361E-17,-1.0,5.81316177165792E-14));
#2625=SURFACE_STYLE_FILL_AREA(#4925);
#2626=ORIENTED_EDGE('',*,*,#4790,.T.);
#2627=ORIENTED_EDGE('',*,*,#4926,.T.);
#2628=ORIENTED_EDGE('',*,*,#4927,.F.);
#2629=ORIENTED_EDGE('',*,*,#4928,.T.);
#2630=CARTESIAN_POINT('',(11.5500000016798,21.5277780195159,42.1999999999997));
#2631=DIRECTION('',(1.80344811839262E-14,-1.50220255524467E-16,-1.0));
#2632=DIRECTION('',(3.17927294042772E-16,-1.0,1.50220255524472E-16));
#2633=SURFACE_STYLE_FILL_AREA(#4929);
#2634=ORIENTED_EDGE('',*,*,#4831,.T.);
#2635=ORIENTED_EDGE('',*,*,#4923,.T.);
#2636=ORIENTED_EDGE('',*,*,#4876,.F.);
#2637=ORIENTED_EDGE('',*,*,#4930,.F.);
#2638=CARTESIAN_POINT('',(16.3,42.8125000000024,40.094999999998));
#2639=DIRECTION('',(9.4709104299106E-17,-1.0,1.50220255530364E-16));
#2640=DIRECTION('',(1.0,9.4709104299106E-17,1.22464679914735E-16));
#2641=SURFACE_STYLE_FILL_AREA(#4931);
#2642=ORIENTED_EDGE('',*,*,#4781,.T.);
#2643=ORIENTED_EDGE('',*,*,#4932,.F.);
#2644=ORIENTED_EDGE('',*,*,#4933,.F.);
#2645=ORIENTED_EDGE('',*,*,#4934,.F.);
#2646=ORIENTED_EDGE('',*,*,#4935,.F.);
#2647=CARTESIAN_POINT('',(12.2999999988399,56.3499999892111,35.029599602743));
#2648=DIRECTION('',(1.66277322067376E-16,2.37749389902766E-13,1.0));
#2649=DIRECTION('',(9.97818155697559E-17,-1.0,2.37749389902766E-13));
#2650=SURFACE_STYLE_FILL_AREA(#4936);
#2651=ORIENTED_EDGE('',*,*,#4937,.F.);
#2652=ORIENTED_EDGE('',*,*,#4889,.T.);
#2653=ORIENTED_EDGE('',*,*,#4938,.F.);
#2654=ORIENTED_EDGE('',*,*,#4818,.F.);
#2655=CARTESIAN_POINT('',(6.00000000163517,4.30411356207171,39.4785264786113));
#2656=DIRECTION('',(-1.17229716018725E-13,0.751532807377288,0.65969571730883));
#2657=DIRECTION('',(1.10346459065954E-16,0.65969571730883,-0.751532807377288));
#2658=SURFACE_STYLE_FILL_AREA(#4939);
#2659=ORIENTED_EDGE('',*,*,#4776,.T.);
#2660=ORIENTED_EDGE('',*,*,#4809,.F.);
#2661=ORIENTED_EDGE('',*,*,#4940,.T.);
#2662=ORIENTED_EDGE('',*,*,#4898,.T.);
#2663=CARTESIAN_POINT('',(-0.815002399999967,-13.5185058345945,20.6999999999983));
#2664=DIRECTION('',(-1.0,-9.4709104299106E-17,-2.4492935982947E-16));
#2665=DIRECTION('',(-9.4709104299106E-17,1.0,-1.50220255530364E-16));
#2666=SURFACE_STYLE_FILL_AREA(#4941);
#2667=ORIENTED_EDGE('',*,*,#4771,.T.);
#2668=ORIENTED_EDGE('',*,*,#4900,.T.);
#2669=ORIENTED_EDGE('',*,*,#4942,.F.);
#2670=ORIENTED_EDGE('',*,*,#4807,.F.);
#2671=CARTESIAN_POINT('',(-1.64000240180562,-2.54358821316919,12.5999999999998));
#2672=DIRECTION('',(-3.72490258684047E-29,1.71818455438195E-13,1.0));
#2673=DIRECTION('',(2.775557561565E-17,1.0,-1.71818455438195E-13));
#2674=SURFACE_STYLE_FILL_AREA(#4943);
#2675=ORIENTED_EDGE('',*,*,#4769,.T.);
#2676=ORIENTED_EDGE('',*,*,#4944,.F.);
#2677=ORIENTED_EDGE('',*,*,#4945,.T.);
#2678=ORIENTED_EDGE('',*,*,#4901,.T.);
#2679=CARTESIAN_POINT('',(16.3,-30.6722391089,15.9669788759785));
#2680=DIRECTION('',(-1.0,-9.47091042991061E-17,-1.22464679914735E-16));
#2681=DIRECTION('',(-5.17322007387838E-17,0.949996010420321,-0.312262037695065));
#2682=SURFACE_STYLE_FILL_AREA(#4946);
#2683=ORIENTED_EDGE('',*,*,#4940,.F.);
#2684=ORIENTED_EDGE('',*,*,#4808,.T.);
#2685=ORIENTED_EDGE('',*,*,#4942,.T.);
#2686=ORIENTED_EDGE('',*,*,#4899,.F.);
#2687=CARTESIAN_POINT('',(-0.650002399999956,6.11066752753686E-13,13.5999999999995));
#2688=DIRECTION('',(9.47091042991072E-17,-1.0,-1.90369234002618E-15));
#2689=DIRECTION('',(1.22464679914735E-16,1.90369234002618E-15,-1.0));
#2690=SURFACE_STYLE_FILL_AREA(#4947);
#2691=ORIENTED_EDGE('',*,*,#4810,.T.);
#2692=ORIENTED_EDGE('',*,*,#4778,.T.);
#2693=ORIENTED_EDGE('',*,*,#4897,.F.);
#2694=ORIENTED_EDGE('',*,*,#4948,.F.);
#2695=CARTESIAN_POINT('',(8.15000000000003,6.11066752753686E-13,25.1606501220821));
#2696=DIRECTION('',(9.47091042991072E-17,-1.0,-1.90369234002618E-15));
#2697=DIRECTION('',(1.22464679914735E-16,1.90369234002618E-15,-1.0));
#2698=SURFACE_STYLE_FILL_AREA(#4949);
#2699=ORIENTED_EDGE('',*,*,#4948,.T.);
#2700=ORIENTED_EDGE('',*,*,#4896,.T.);
#2701=ORIENTED_EDGE('',*,*,#4950,.F.);
#2702=ORIENTED_EDGE('',*,*,#4811,.F.);
#2703=CARTESIAN_POINT('',(6.00000000163853,0.506271948335012,32.7481816467523));
#2704=DIRECTION('',(8.51071555356295E-13,0.906307787036628,-0.422618261740747));
#2705=DIRECTION('',(1.0,-9.38996455419125E-13,1.22464679914906E-16));
#2706=SURFACE_STYLE_FILL_AREA(#4951);
#2707=ORIENTED_EDGE('',*,*,#4952,.F.);
#2708=ORIENTED_EDGE('',*,*,#4812,.F.);
#2709=ORIENTED_EDGE('',*,*,#4950,.T.);
#2710=ORIENTED_EDGE('',*,*,#4895,.T.);
#2711=CARTESIAN_POINT('',(6.00000000163928,2.90310849946721,33.4714493247371));
#2712=DIRECTION('',(8.02036916520875E-13,-0.0222802615396178,-0.999751764162348));
#2713=DIRECTION('',(-1.0,-3.59921485129408E-11,-1.22464679909383E-16));
#2714=SURFACE_STYLE_FILL_AREA(#4953);
#2715=ORIENTED_EDGE('',*,*,#4813,.T.);
#2716=ORIENTED_EDGE('',*,*,#4952,.T.);
#2717=ORIENTED_EDGE('',*,*,#4894,.F.);
#2718=ORIENTED_EDGE('',*,*,#4954,.T.);
#2719=CARTESIAN_POINT('',(10.149999998358,2.94034279378581,32.9872090873005));
#2720=DIRECTION('',(-7.4679535788083E-13,0.90630778703665,-0.4226182617407));
#2721=DIRECTION('',(1.0,8.24054614087498E-13,1.22464679914563E-16));
#2722=SURFACE_STYLE_FILL_AREA(#4955);
#2723=ORIENTED_EDGE('',*,*,#4814,.F.);
#2724=ORIENTED_EDGE('',*,*,#4954,.F.);
#2725=ORIENTED_EDGE('',*,*,#4893,.T.);
#2726=ORIENTED_EDGE('',*,*,#4956,.F.);
#2727=CARTESIAN_POINT('',(6.1500000016406,3.91009212591541,32.5350075472391));
#2728=DIRECTION('',(5.02057773286939E-13,-0.4226182617407,-0.90630778703665));
#2729=DIRECTION('',(-1.0,-1.18770727163198E-12,-1.22464679914576E-16));
#2730=SURFACE_STYLE_FILL_AREA(#4957);
#2731=ORIENTED_EDGE('',*,*,#4958,.T.);
#2732=ORIENTED_EDGE('',*,*,#4815,.T.);
#2733=ORIENTED_EDGE('',*,*,#4956,.T.);
#2734=ORIENTED_EDGE('',*,*,#4892,.F.);
#2735=CARTESIAN_POINT('',(10.1499999983576,4.03684160443691,32.8068998833491));
#2736=DIRECTION('',(7.46795357880895E-13,-0.906307787036625,0.422618261740753));
#2737=DIRECTION('',(-1.0,2.7755575615803E-17,1.76712788013248E-12));
#2738=SURFACE_STYLE_FILL_AREA(#4959);
#2739=ORIENTED_EDGE('',*,*,#4816,.T.);
#2740=ORIENTED_EDGE('',*,*,#4958,.F.);
#2741=ORIENTED_EDGE('',*,*,#4891,.F.);
#2742=ORIENTED_EDGE('',*,*,#4960,.F.);
#2743=CARTESIAN_POINT('',(10.149999998365,5.61336729929581,38.7196058403075));
#2744=DIRECTION('',(-1.09615552237266E-12,-0.4226182617407,-0.90630778703665));
#2745=DIRECTION('',(-1.0,2.59398755877313E-12,-1.22464679914952E-16));
#2746=SURFACE_STYLE_FILL_AREA(#4961);
#2747=ORIENTED_EDGE('',*,*,#4937,.T.);
#2748=ORIENTED_EDGE('',*,*,#4817,.F.);
#2749=ORIENTED_EDGE('',*,*,#4960,.T.);
#2750=ORIENTED_EDGE('',*,*,#4890,.T.);
#2751=CARTESIAN_POINT('',(6.15000000163665,5.50031691428091,38.4771685072763));
#2752=DIRECTION('',(-8.51071555356269E-13,-0.90630778703665,0.4226182617407));
#2753=DIRECTION('',(-1.0,2.7755575615418E-17,-2.01374733963607E-12));
#2754=SURFACE_STYLE_FILL_AREA(#4962);
#2755=ORIENTED_EDGE('',*,*,#4963,.F.);
#2756=ORIENTED_EDGE('',*,*,#4819,.T.);
#2757=ORIENTED_EDGE('',*,*,#4938,.T.);
#2758=ORIENTED_EDGE('',*,*,#4888,.F.);
#2759=CARTESIAN_POINT('',(10.1499999983682,4.32771635997081,40.9433728360969));
#2760=DIRECTION('',(7.46795357880701E-13,-0.9063077870367,0.422618261740593));
#2761=DIRECTION('',(-1.0,2.7755575615803E-17,1.76712788013269E-12));
#2762=SURFACE_STYLE_FILL_AREA(#4964);
#2763=ORIENTED_EDGE('',*,*,#4965,.F.);
#2764=ORIENTED_EDGE('',*,*,#4966,.F.);
#2765=ORIENTED_EDGE('',*,*,#4967,.F.);
#2766=ORIENTED_EDGE('',*,*,#4968,.F.);
#2767=CARTESIAN_POINT('',(4.7161471855803,51.8447066884291,17.7999998115507));
#2768=DIRECTION('',(-1.78750637563542E-15,1.80085874331024E-10,1.0));
#2769=DIRECTION('',(2.77555756376831E-17,1.0,-1.80085874331024E-10));
#2770=SURFACE_STYLE_FILL_AREA(#4969);
#2771=ORIENTED_EDGE('',*,*,#4784,.T.);
#2772=ORIENTED_EDGE('',*,*,#4970,.T.);
#2773=ORIENTED_EDGE('',*,*,#4760,.T.);
#2774=ORIENTED_EDGE('',*,*,#4971,.F.);
#2775=CARTESIAN_POINT('',(10.1999999988399,51.0499975892098,31.9301156730327));
#2776=DIRECTION('',(0.766044443118978,1.52898799345374E-13,0.642787609686539));
#2777=DIRECTION('',(2.77555756156581E-17,1.0,-2.37901383046902E-13));
#2778=SURFACE_STYLE_FILL_AREA(#4972);
#2779=ORIENTED_EDGE('',*,*,#4973,.T.);
#2780=ORIENTED_EDGE('',*,*,#4974,.T.);
#2781=ORIENTED_EDGE('',*,*,#4787,.F.);
#2782=ORIENTED_EDGE('',*,*,#4975,.T.);
#2783=CARTESIAN_POINT('',(8.09999760000746,58.6500182320127,28.1744128845306));
#2784=DIRECTION('',(1.88855622001797E-15,-1.0,-1.79886443948668E-10));
#2785=DIRECTION('',(-0.999999999943258,2.77539753344506E-17,-1.06528883065368E-05));
#2786=SURFACE_STYLE_FILL_AREA(#4976);
#2787=ORIENTED_EDGE('',*,*,#4764,.T.);
#2788=ORIENTED_EDGE('',*,*,#4977,.T.);
#2789=ORIENTED_EDGE('',*,*,#4978,.T.);
#2790=ORIENTED_EDGE('',*,*,#4979,.T.);
#2791=CARTESIAN_POINT('',(6.87999999883996,17.3700002400885,39.430115881985));
#2792=DIRECTION('',(-1.66277322067482E-16,2.55978231525494E-13,-1.0));
#2793=DIRECTION('',(3.34565752857957E-16,-1.0,-2.55978231525494E-13));
#2794=SURFACE_STYLE_FILL_AREA(#4980);
#2795=ORIENTED_EDGE('',*,*,#4981,.F.);
#2796=ORIENTED_EDGE('',*,*,#4982,.F.);
#2797=ORIENTED_EDGE('',*,*,#4743,.F.);
#2798=ORIENTED_EDGE('',*,*,#4983,.T.);
#2799=CARTESIAN_POINT('',(5.63576579749006,19.3000002417381,42.1999999999996));
#2800=DIRECTION('',(3.36782783357541E-16,-1.0,1.50220255524473E-16));
#2801=DIRECTION('',(1.0,3.36782783357541E-16,1.22464679914735E-16));
#2802=SURFACE_STYLE_FILL_AREA(#4984);
#2803=ORIENTED_EDGE('',*,*,#4985,.T.);
#2804=ORIENTED_EDGE('',*,*,#4927,.T.);
#2805=ORIENTED_EDGE('',*,*,#4986,.F.);
#2806=ORIENTED_EDGE('',*,*,#4987,.T.);
#2807=CARTESIAN_POINT('',(9.20000000167975,19.3000002417381,42.1999999999997));
#2808=DIRECTION('',(3.36782783357541E-16,-1.0,1.50220255524473E-16));
#2809=DIRECTION('',(1.0,3.36782783357541E-16,1.22464679914735E-16));
#2810=SURFACE_STYLE_FILL_AREA(#4988);
#2811=ORIENTED_EDGE('',*,*,#4989,.T.);
#2812=ORIENTED_EDGE('',*,*,#4968,.T.);
#2813=ORIENTED_EDGE('',*,*,#4990,.F.);
#2814=ORIENTED_EDGE('',*,*,#4991,.T.);
#2815=CARTESIAN_POINT('',(0.575000000000043,33.7000000000009,33.199999999998));
#2816=DIRECTION('',(-1.0,-3.39638464128576E-16,-9.61424228238108E-31));
#2817=DIRECTION('',(-1.01244480510744E-30,1.50220255530364E-16,1.0));
#2818=SURFACE_STYLE_FILL_AREA(#4992);
#2819=ORIENTED_EDGE('',*,*,#4993,.F.);
#2820=ORIENTED_EDGE('',*,*,#4994,.F.);
#2821=ORIENTED_EDGE('',*,*,#4995,.F.);
#2822=ORIENTED_EDGE('',*,*,#4996,.F.);
#2823=ORIENTED_EDGE('',*,*,#4997,.F.);
#2824=ORIENTED_EDGE('',*,*,#4998,.F.);
#2825=ORIENTED_EDGE('',*,*,#4999,.F.);
#2826=ORIENTED_EDGE('',*,*,#5000,.F.);
#2827=ORIENTED_EDGE('',*,*,#5001,.F.);
#2828=ORIENTED_EDGE('',*,*,#4884,.T.);
#2829=ORIENTED_EDGE('',*,*,#5002,.F.);
#2830=ORIENTED_EDGE('',*,*,#5003,.F.);
#2831=ORIENTED_EDGE('',*,*,#5004,.F.);
#2832=ORIENTED_EDGE('',*,*,#5005,.F.);
#2833=ORIENTED_EDGE('',*,*,#5006,.F.);
#2834=ORIENTED_EDGE('',*,*,#5007,.F.);
#2835=ORIENTED_EDGE('',*,*,#5008,.F.);
#2836=ORIENTED_EDGE('',*,*,#4991,.F.);
#2837=ORIENTED_EDGE('',*,*,#5009,.F.);
#2838=ORIENTED_EDGE('',*,*,#4823,.F.);
#2839=CARTESIAN_POINT('',(5.32500000000007,30.5499999999823,33.199999999998));
#2840=DIRECTION('',(2.76101316827354E-30,-9.10626421228188E-15,1.0));
#2841=DIRECTION('',(-1.0,2.7755575615629E-17,3.01376277319343E-30));
#2842=SURFACE_STYLE_FILL_AREA(#5010);
#2843=ORIENTED_EDGE('',*,*,#5011,.T.);
#2844=ORIENTED_EDGE('',*,*,#5012,.T.);
#2845=ORIENTED_EDGE('',*,*,#5013,.F.);
#2846=ORIENTED_EDGE('',*,*,#5000,.T.);
#2847=CARTESIAN_POINT('',(15.725,25.7000000000011,33.1999999999979));
#2848=DIRECTION('',(1.0,3.39638464128576E-16,9.61424228238108E-31));
#2849=DIRECTION('',(3.39638464128576E-16,-1.0,1.50220255530364E-16));
#2850=SURFACE_STYLE_FILL_AREA(#5014);
#2851=ORIENTED_EDGE('',*,*,#5015,.F.);
#2852=ORIENTED_EDGE('',*,*,#5016,.F.);
#2853=ORIENTED_EDGE('',*,*,#5017,.F.);
#2854=ORIENTED_EDGE('',*,*,#5012,.F.);
#2855=CARTESIAN_POINT('',(4.7161471855803,51.8447066884291,17.7999998115507));
#2856=DIRECTION('',(-1.78750637563542E-15,1.80085874331024E-10,1.0));
#2857=DIRECTION('',(2.77555756376831E-17,1.0,-1.80085874331024E-10));
#2858=SURFACE_STYLE_FILL_AREA(#5018);
#2859=ORIENTED_EDGE('',*,*,#5019,.T.);
#2860=ORIENTED_EDGE('',*,*,#5020,.F.);
#2861=ORIENTED_EDGE('',*,*,#5021,.T.);
#2862=ORIENTED_EDGE('',*,*,#5022,.T.);
#2863=ORIENTED_EDGE('',*,*,#5023,.F.);
#2864=ORIENTED_EDGE('',*,*,#5024,.F.);
#2865=CARTESIAN_POINT('',(9.64999999668009,68.8543659391533,5.5000000000049));
#2866=DIRECTION('',(0.642787609686539,1.9603023902025E-13,-0.766044443118978));
#2867=DIRECTION('',(3.05147939158153E-13,-1.0,1.50220255530418E-16));
#2868=SURFACE_STYLE_FILL_AREA(#5025);
#2869=ORIENTED_EDGE('',*,*,#5026,.T.);
#2870=ORIENTED_EDGE('',*,*,#4882,.F.);
#2871=ORIENTED_EDGE('',*,*,#5027,.T.);
#2872=ORIENTED_EDGE('',*,*,#4825,.T.);
#2873=CARTESIAN_POINT('',(13.4750000000001,34.1970385804795,41.6760138022421));
#2874=DIRECTION('',(2.00040798874353E-16,-0.92110933001647,0.389303997098168));
#2875=DIRECTION('',(-1.0,2.77555756156291E-17,5.79512977558762E-16));
#2876=SURFACE_STYLE_FILL_AREA(#5028);
#2877=ORIENTED_EDGE('',*,*,#5029,.F.);
#2878=ORIENTED_EDGE('',*,*,#5030,.F.);
#2879=ORIENTED_EDGE('',*,*,#5031,.T.);
#2880=ORIENTED_EDGE('',*,*,#5032,.F.);
#2881=CARTESIAN_POINT('',(14.3999999988373,19.8000002417382,42.1999999999998));
#2882=DIRECTION('',(1.0,4.20569151595522E-16,1.80344811839262E-14));
#2883=DIRECTION('',(-1.80344811839262E-14,1.50220255530364E-16,1.0));
#2884=SURFACE_STYLE_FILL_AREA(#5033);
#2885=ORIENTED_EDGE('',*,*,#4758,.T.);
#2886=ORIENTED_EDGE('',*,*,#5034,.F.);
#2887=ORIENTED_EDGE('',*,*,#5035,.T.);
#2888=ORIENTED_EDGE('',*,*,#5036,.T.);
#2889=ORIENTED_EDGE('',*,*,#5037,.T.);
#2890=ORIENTED_EDGE('',*,*,#5038,.T.);
#2891=CARTESIAN_POINT('',(16.3,54.0557045185911,32.1896338028744));
#2892=DIRECTION('',(-1.5764337262446E-16,0.499999999844211,0.866025403874384));
#2893=DIRECTION('',(8.52693735205799E-17,0.866025403874384,-0.499999999844211));
#2894=SURFACE_STYLE_FILL_AREA(#5039);
#2895=ORIENTED_EDGE('',*,*,#5027,.F.);
#2896=ORIENTED_EDGE('',*,*,#4881,.T.);
#2897=ORIENTED_EDGE('',*,*,#5040,.T.);
#2898=ORIENTED_EDGE('',*,*,#4826,.F.);
#2899=CARTESIAN_POINT('',(8.15000000000005,33.7000000000009,42.1999999999961));
#2900=DIRECTION('',(2.44929359829458E-16,1.20891845004228E-13,-1.0));
#2901=DIRECTION('',(-2.77555756156142E-17,-1.0,-1.20891845004228E-13));
#2902=SURFACE_STYLE_FILL_AREA(#5041);
#2903=ORIENTED_EDGE('',*,*,#5042,.T.);
#2904=ORIENTED_EDGE('',*,*,#5015,.T.);
#2905=ORIENTED_EDGE('',*,*,#5011,.F.);
#2906=ORIENTED_EDGE('',*,*,#4999,.T.);
#2907=CARTESIAN_POINT('',(15.725,28.8500000000206,33.199999999998));
#2908=DIRECTION('',(-3.39638464128577E-16,1.0,9.10626421228188E-15));
#2909=DIRECTION('',(1.22464679914735E-16,9.10626421228188E-15,-1.0));
#2910=SURFACE_STYLE_FILL_AREA(#5043);
#2911=ORIENTED_EDGE('',*,*,#5044,.T.);
#2912=ORIENTED_EDGE('',*,*,#5016,.T.);
#2913=ORIENTED_EDGE('',*,*,#5042,.F.);
#2914=ORIENTED_EDGE('',*,*,#4998,.T.);
#2915=CARTESIAN_POINT('',(8.72500000000005,28.8500000000206,33.199999999998));
#2916=DIRECTION('',(-1.0,-3.39638464128576E-16,-9.61424228238108E-31));
#2917=DIRECTION('',(-1.01244480510744E-30,1.50220255530364E-16,1.0));
#2918=SURFACE_STYLE_FILL_AREA(#5045);
#2919=ORIENTED_EDGE('',*,*,#5013,.T.);
#2920=ORIENTED_EDGE('',*,*,#5017,.T.);
#2921=ORIENTED_EDGE('',*,*,#5044,.F.);
#2922=ORIENTED_EDGE('',*,*,#4997,.T.);
#2923=ORIENTED_EDGE('',*,*,#5046,.T.);
#2924=ORIENTED_EDGE('',*,*,#5047,.T.);
#2925=ORIENTED_EDGE('',*,*,#5048,.F.);
#2926=ORIENTED_EDGE('',*,*,#4993,.T.);
#2927=ORIENTED_EDGE('',*,*,#4822,.F.);
#2928=ORIENTED_EDGE('',*,*,#5049,.F.);
#2929=ORIENTED_EDGE('',*,*,#4885,.F.);
#2930=ORIENTED_EDGE('',*,*,#5001,.T.);
#2931=CARTESIAN_POINT('',(8.72500000000005,25.7000000000011,33.1999999999979));
#2932=DIRECTION('',(2.17173784213842E-16,-1.0,-9.10626421228188E-15));
#2933=DIRECTION('',(1.22464679914735E-16,9.10626421228188E-15,-1.0));
#2934=SURFACE_STYLE_FILL_AREA(#5050);
#2935=ORIENTED_EDGE('',*,*,#5051,.T.);
#2936=ORIENTED_EDGE('',*,*,#5052,.T.);
#2937=ORIENTED_EDGE('',*,*,#5053,.F.);
#2938=ORIENTED_EDGE('',*,*,#4995,.T.);
#2939=CARTESIAN_POINT('',(7.57500000000005,28.8500000000206,33.199999999998));
#2940=DIRECTION('',(-3.39638464128577E-16,1.0,9.10626421228188E-15));
#2941=DIRECTION('',(1.22464679914735E-16,9.10626421228188E-15,-1.0));
#2942=SURFACE_STYLE_FILL_AREA(#5054);
#2943=ORIENTED_EDGE('',*,*,#5048,.T.);
#2944=ORIENTED_EDGE('',*,*,#5055,.T.);
#2945=ORIENTED_EDGE('',*,*,#5051,.F.);
#2946=ORIENTED_EDGE('',*,*,#4994,.T.);
#2947=CARTESIAN_POINT('',(0.575000000000042,28.8500000000206,33.199999999998));
#2948=DIRECTION('',(-1.0,-3.39638464128576E-16,-9.61424228238108E-31));
#2949=DIRECTION('',(-1.01244480510744E-30,1.50220255530364E-16,1.0));
#2950=SURFACE_STYLE_FILL_AREA(#5056);
#2951=ORIENTED_EDGE('',*,*,#5053,.T.);
#2952=ORIENTED_EDGE('',*,*,#5057,.T.);
#2953=ORIENTED_EDGE('',*,*,#5046,.F.);
#2954=ORIENTED_EDGE('',*,*,#4996,.T.);
#2955=CARTESIAN_POINT('',(7.57500000000005,25.7000000000011,33.1999999999979));
#2956=DIRECTION('',(1.0,3.39638464128576E-16,9.61424228238108E-31));
#2957=DIRECTION('',(3.39638464128576E-16,-1.0,1.50220255530364E-16));
#2958=SURFACE_STYLE_FILL_AREA(#5058);
#2959=ORIENTED_EDGE('',*,*,#5052,.F.);
#2960=ORIENTED_EDGE('',*,*,#5055,.F.);
#2961=ORIENTED_EDGE('',*,*,#5047,.F.);
#2962=ORIENTED_EDGE('',*,*,#5057,.F.);
#2963=CARTESIAN_POINT('',(4.7161471855803,51.8447066884291,17.7999998115507));
#2964=DIRECTION('',(-1.78750637563542E-15,1.80085874331024E-10,1.0));
#2965=DIRECTION('',(2.77555756376831E-17,1.0,-1.80085874331024E-10));
#2966=SURFACE_STYLE_FILL_AREA(#5059);
#2967=ORIENTED_EDGE('',*,*,#5060,.T.);
#2968=ORIENTED_EDGE('',*,*,#5061,.F.);
#2969=ORIENTED_EDGE('',*,*,#5062,.F.);
#2970=ORIENTED_EDGE('',*,*,#4977,.F.);
#2971=ORIENTED_EDGE('',*,*,#4767,.F.);
#2972=ORIENTED_EDGE('',*,*,#5063,.T.);
#2973=CARTESIAN_POINT('',(8.44999999883511,16.8583221998226,-1.0321828738941));
#2974=DIRECTION('',(1.0,4.44121735915314E-15,-3.0714443582419E-15));
#2975=DIRECTION('',(5.35366858805208E-15,-0.889659179954329,0.456625167421804));
#2976=SURFACE_STYLE_FILL_AREA(#5064);
#2977=ORIENTED_EDGE('',*,*,#5065,.F.);
#2978=ORIENTED_EDGE('',*,*,#5066,.F.);
#2979=ORIENTED_EDGE('',*,*,#5067,.T.);
#2980=ORIENTED_EDGE('',*,*,#5068,.F.);
#2981=CARTESIAN_POINT('',(2.99999999668006,68.8543659391526,8.56271365380199));
#2982=DIRECTION('',(-0.64278760968654,1.95729655794625E-13,-0.766044443118978));
#2983=DIRECTION('',(3.04680314672094E-13,1.0,-1.50220255530329E-16));
#2984=SURFACE_STYLE_FILL_AREA(#5069);
#2985=ORIENTED_EDGE('',*,*,#5070,.F.);
#2986=ORIENTED_EDGE('',*,*,#5071,.F.);
#2987=ORIENTED_EDGE('',*,*,#5072,.T.);
#2988=ORIENTED_EDGE('',*,*,#5073,.T.);
#2989=CARTESIAN_POINT('',(1.29999999883997,23.0500002417382,42.1999999999995));
#2990=DIRECTION('',(-1.0,2.31150942997304E-16,-1.80344811839262E-14));
#2991=DIRECTION('',(2.31150942997307E-16,1.0,-1.50220255530364E-16));
#2992=SURFACE_STYLE_FILL_AREA(#5074);
#2993=ORIENTED_EDGE('',*,*,#4744,.F.);
#2994=ORIENTED_EDGE('',*,*,#4982,.T.);
#2995=ORIENTED_EDGE('',*,*,#5075,.T.);
#2996=ORIENTED_EDGE('',*,*,#5076,.T.);
#2997=ORIENTED_EDGE('',*,*,#5071,.T.);
#2998=ORIENTED_EDGE('',*,*,#5077,.T.);
#2999=ORIENTED_EDGE('',*,*,#5078,.F.);
#3000=CARTESIAN_POINT('',(6.50000000167972,19.3140873209531,35.1840349596451));
#3001=DIRECTION('',(6.73816719124806E-17,-0.70435396075143,-0.709848926162302));
#3002=DIRECTION('',(-1.0,2.7755575615629E-17,-1.22464679914735E-16));
#3003=SURFACE_STYLE_FILL_AREA(#5079);
#3004=ORIENTED_EDGE('',*,*,#5075,.F.);
#3005=ORIENTED_EDGE('',*,*,#4981,.T.);
#3006=ORIENTED_EDGE('',*,*,#5080,.T.);
#3007=ORIENTED_EDGE('',*,*,#5081,.F.);
#3008=CARTESIAN_POINT('',(7.00000000167976,19.8000002417382,42.1999999999996));
#3009=DIRECTION('',(1.0,4.20569151595522E-16,1.80344811839262E-14));
#3010=DIRECTION('',(-1.80344811839262E-14,1.50220255530364E-16,1.0));
#3011=SURFACE_STYLE_FILL_AREA(#5082);
#3012=ORIENTED_EDGE('',*,*,#4990,.T.);
#3013=ORIENTED_EDGE('',*,*,#4967,.T.);
#3014=ORIENTED_EDGE('',*,*,#5083,.F.);
#3015=ORIENTED_EDGE('',*,*,#5006,.T.);
#3016=ORIENTED_EDGE('',*,*,#5084,.T.);
#3017=ORIENTED_EDGE('',*,*,#5085,.T.);
#3018=ORIENTED_EDGE('',*,*,#5086,.F.);
#3019=ORIENTED_EDGE('',*,*,#5002,.T.);
#3020=ORIENTED_EDGE('',*,*,#4883,.F.);
#3021=ORIENTED_EDGE('',*,*,#5026,.F.);
#3022=ORIENTED_EDGE('',*,*,#4824,.F.);
#3023=ORIENTED_EDGE('',*,*,#5009,.T.);
#3024=CARTESIAN_POINT('',(7.57500000000005,33.7000000000009,33.199999999998));
#3025=DIRECTION('',(-2.17173784213842E-16,1.0,9.10626421228188E-15));
#3026=DIRECTION('',(1.22464679914735E-16,9.10626421228188E-15,-1.0));
#3027=SURFACE_STYLE_FILL_AREA(#5087);
#3028=ORIENTED_EDGE('',*,*,#5083,.T.);
#3029=ORIENTED_EDGE('',*,*,#4966,.T.);
#3030=ORIENTED_EDGE('',*,*,#5088,.F.);
#3031=ORIENTED_EDGE('',*,*,#5007,.T.);
#3032=CARTESIAN_POINT('',(7.57500000000005,30.5499999999823,33.199999999998));
#3033=DIRECTION('',(1.0,3.39638464128576E-16,9.61424228238108E-31));
#3034=DIRECTION('',(3.39638464128576E-16,-1.0,1.50220255530364E-16));
#3035=SURFACE_STYLE_FILL_AREA(#5089);
#3036=ORIENTED_EDGE('',*,*,#5088,.T.);
#3037=ORIENTED_EDGE('',*,*,#4965,.T.);
#3038=ORIENTED_EDGE('',*,*,#4989,.F.);
#3039=ORIENTED_EDGE('',*,*,#5008,.T.);
#3040=CARTESIAN_POINT('',(0.575000000000042,30.5499999999822,33.199999999998));
#3041=DIRECTION('',(3.39638464128577E-16,-1.0,-9.10626421228188E-15));
#3042=DIRECTION('',(1.22464679914735E-16,9.10626421228188E-15,-1.0));
#3043=SURFACE_STYLE_FILL_AREA(#5090);
#3044=ORIENTED_EDGE('',*,*,#5086,.T.);
#3045=ORIENTED_EDGE('',*,*,#5091,.T.);
#3046=ORIENTED_EDGE('',*,*,#5092,.F.);
#3047=ORIENTED_EDGE('',*,*,#5003,.T.);
#3048=CARTESIAN_POINT('',(15.725,30.5499999999823,33.199999999998));
#3049=DIRECTION('',(1.0,3.39638464128576E-16,9.61424228238108E-31));
#3050=DIRECTION('',(3.39638464128576E-16,-1.0,1.50220255530364E-16));
#3051=SURFACE_STYLE_FILL_AREA(#5093);
#3052=ORIENTED_EDGE('',*,*,#5092,.T.);
#3053=ORIENTED_EDGE('',*,*,#5094,.T.);
#3054=ORIENTED_EDGE('',*,*,#5095,.F.);
#3055=ORIENTED_EDGE('',*,*,#5004,.T.);
#3056=CARTESIAN_POINT('',(8.72500000000005,30.5499999999822,33.199999999998));
#3057=DIRECTION('',(2.17173784213842E-16,-1.0,-9.10626421228188E-15));
#3058=DIRECTION('',(1.22464679914735E-16,9.10626421228188E-15,-1.0));
#3059=SURFACE_STYLE_FILL_AREA(#5096);
#3060=ORIENTED_EDGE('',*,*,#5091,.F.);
#3061=ORIENTED_EDGE('',*,*,#5085,.F.);
#3062=ORIENTED_EDGE('',*,*,#5097,.F.);
#3063=ORIENTED_EDGE('',*,*,#5094,.F.);
#3064=CARTESIAN_POINT('',(4.7161471855803,51.8447066884291,17.7999998115507));
#3065=DIRECTION('',(-1.78750637563542E-15,1.80085874331024E-10,1.0));
#3066=DIRECTION('',(2.77555756376831E-17,1.0,-1.80085874331024E-10));
#3067=SURFACE_STYLE_FILL_AREA(#5098);
#3068=ORIENTED_EDGE('',*,*,#5099,.F.);
#3069=ORIENTED_EDGE('',*,*,#5100,.F.);
#3070=ORIENTED_EDGE('',*,*,#5101,.F.);
#3071=ORIENTED_EDGE('',*,*,#5102,.T.);
#3072=ORIENTED_EDGE('',*,*,#5103,.T.);
#3073=ORIENTED_EDGE('',*,*,#5104,.T.);
#3074=ORIENTED_EDGE('',*,*,#5105,.T.);
#3075=ORIENTED_EDGE('',*,*,#5106,.F.);
#3076=ORIENTED_EDGE('',*,*,#5107,.T.);
#3077=ORIENTED_EDGE('',*,*,#5108,.F.);
#3078=CARTESIAN_POINT('',(5.39999999883994,50.3499999892117,39.9301158819933));
#3079=DIRECTION('',(1.0,-1.97134290854333E-14,-1.66277322062688E-16));
#3080=DIRECTION('',(-1.97134290854333E-14,-1.0,1.50220255530362E-16));
#3081=SURFACE_STYLE_FILL_AREA(#5109);
#3082=ORIENTED_EDGE('',*,*,#4920,.F.);
#3083=ORIENTED_EDGE('',*,*,#4827,.T.);
#3084=ORIENTED_EDGE('',*,*,#5040,.F.);
#3085=ORIENTED_EDGE('',*,*,#4880,.F.);
#3086=CARTESIAN_POINT('',(-0.515002399999939,36.3529988543692,41.6023205782101));
#3087=DIRECTION('',(-1.85246198151621E-16,0.915498854366965,0.402320578211921));
#3088=DIRECTION('',(1.23282913392642E-16,0.402320578211921,-0.915498854366965));
#3089=SURFACE_STYLE_FILL_AREA(#5110);
#3090=ORIENTED_EDGE('',*,*,#5111,.T.);
#3091=ORIENTED_EDGE('',*,*,#5112,.F.);
#3092=ORIENTED_EDGE('',*,*,#5113,.T.);
#3093=ORIENTED_EDGE('',*,*,#5114,.F.);
#3094=CARTESIAN_POINT('',(7.54999999883992,50.4499999892056,13.0825069279302));
#3095=DIRECTION('',(-1.0,-7.56352351281659E-17,6.79557510300962E-16));
#3096=DIRECTION('',(6.79557510300962E-16,1.50220255530364E-16,1.0));
#3097=SURFACE_STYLE_FILL_AREA(#5115);
#3098=ORIENTED_EDGE('',*,*,#5116,.F.);
#3099=ORIENTED_EDGE('',*,*,#4934,.T.);
#3100=ORIENTED_EDGE('',*,*,#5117,.T.);
#3101=ORIENTED_EDGE('',*,*,#5118,.T.);
#3102=CARTESIAN_POINT('',(15.7999999988399,59.8701747871458,34.5295996027449));
#3103=DIRECTION('',(1.0,2.22246495484451E-16,-1.66277322067428E-16));
#3104=DIRECTION('',(1.66277322067428E-16,1.50220255530364E-16,1.0));
#3105=SURFACE_STYLE_FILL_AREA(#5119);
#3106=ORIENTED_EDGE('',*,*,#5120,.T.);
#3107=ORIENTED_EDGE('',*,*,#5121,.F.);
#3108=ORIENTED_EDGE('',*,*,#5122,.F.);
#3109=ORIENTED_EDGE('',*,*,#5032,.T.);
#3110=CARTESIAN_POINT('',(13.8999999988373,23.5500002417382,42.1999999999998));
#3111=DIRECTION('',(-2.1717378421384E-16,1.0,-1.5022025552447E-16));
#3112=DIRECTION('',(1.0,2.1717378421384E-16,1.22464679914735E-16));
#3113=SURFACE_STYLE_FILL_AREA(#5123);
#3114=ORIENTED_EDGE('',*,*,#5095,.T.);
#3115=ORIENTED_EDGE('',*,*,#5097,.T.);
#3116=ORIENTED_EDGE('',*,*,#5084,.F.);
#3117=ORIENTED_EDGE('',*,*,#5005,.T.);
#3118=CARTESIAN_POINT('',(8.72500000000004,33.7000000000009,33.199999999998));
#3119=DIRECTION('',(-1.0,-3.39638464128576E-16,-9.61424228238108E-31));
#3120=DIRECTION('',(-1.01244480510744E-30,1.50220255530364E-16,1.0));
#3121=SURFACE_STYLE_FILL_AREA(#5124);
#3122=ORIENTED_EDGE('',*,*,#4918,.F.);
#3123=ORIENTED_EDGE('',*,*,#4832,.F.);
#3124=ORIENTED_EDGE('',*,*,#4930,.T.);
#3125=ORIENTED_EDGE('',*,*,#4875,.T.);
#3126=CARTESIAN_POINT('',(16.3,42.8125000000024,40.094999999998));
#3127=DIRECTION('',(-2.4492935982947E-16,1.50220255530364E-16,1.0));
#3128=DIRECTION('',(-1.0,2.7755575615629E-17,-2.4492935982947E-16));
#3129=SURFACE_STYLE_FILL_AREA(#5125);
#3130=ORIENTED_EDGE('',*,*,#4736,.T.);
#3131=ORIENTED_EDGE('',*,*,#5126,.T.);
#3132=ORIENTED_EDGE('',*,*,#4773,.F.);
#3133=ORIENTED_EDGE('',*,*,#4806,.T.);
#3134=CARTESIAN_POINT('',(2.65041322222714E-11,0.900000000000809,4.94999999999861));
#3135=DIRECTION('',(-1.80344811839262E-14,1.5022025553036E-16,1.0));
#3136=DIRECTION('',(-1.0,2.77555756156263E-17,-1.80344811839262E-14));
#3137=SURFACE_STYLE_FILL_AREA(#5127);
#3138=ORIENTED_EDGE('',*,*,#5128,.F.);
#3139=ORIENTED_EDGE('',*,*,#4804,.T.);
#3140=ORIENTED_EDGE('',*,*,#5129,.T.);
#3141=ORIENTED_EDGE('',*,*,#4907,.F.);
#3142=CARTESIAN_POINT('',(16.3,1.00000000000041,-1.95399252334028E-13));
#3143=DIRECTION('',(1.22464679914735E-16,-1.50220255530364E-16,-1.0));
#3144=DIRECTION('',(-1.0,2.7755575615629E-17,-1.22464679914735E-16));
#3145=SURFACE_STYLE_FILL_AREA(#5130);
#3146=ORIENTED_EDGE('',*,*,#5131,.F.);
#3147=ORIENTED_EDGE('',*,*,#4795,.T.);
#3148=ORIENTED_EDGE('',*,*,#5132,.F.);
#3149=ORIENTED_EDGE('',*,*,#4854,.F.);
#3150=CARTESIAN_POINT('',(8.15000000000006,19.4516126864225,5.9999999999982));
#3151=DIRECTION('',(2.4492935982947E-16,-1.50220255530364E-16,-1.0));
#3152=DIRECTION('',(-1.0,2.7755575615629E-17,-2.4492935982947E-16));
#3153=SURFACE_STYLE_FILL_AREA(#5133);
#3154=ORIENTED_EDGE('',*,*,#4829,.F.);
#3155=ORIENTED_EDGE('',*,*,#4921,.F.);
#3156=ORIENTED_EDGE('',*,*,#4878,.T.);
#3157=ORIENTED_EDGE('',*,*,#4924,.F.);
#3158=CARTESIAN_POINT('',(16.3,36.4875000000023,40.094999999998));
#3159=DIRECTION('',(9.4709104299106E-17,-1.0,1.50220255530364E-16));
#3160=DIRECTION('',(1.0,9.4709104299106E-17,1.22464679914735E-16));
#3161=SURFACE_STYLE_FILL_AREA(#5134);
#3162=ORIENTED_EDGE('',*,*,#4852,.T.);
#3163=ORIENTED_EDGE('',*,*,#5135,.F.);
#3164=ORIENTED_EDGE('',*,*,#4855,.F.);
#3165=ORIENTED_EDGE('',*,*,#5132,.T.);
#3166=CARTESIAN_POINT('',(5.15000000000005,51.9000000000012,5.9999999999982));
#3167=DIRECTION('',(9.4709104299106E-17,-1.0,1.50220255530364E-16));
#3168=DIRECTION('',(1.0,9.4709104299106E-17,1.22464679914735E-16));
#3169=SURFACE_STYLE_FILL_AREA(#5136);
#3170=ORIENTED_EDGE('',*,*,#5135,.T.);
#3171=ORIENTED_EDGE('',*,*,#4851,.T.);
#3172=ORIENTED_EDGE('',*,*,#5137,.T.);
#3173=ORIENTED_EDGE('',*,*,#4856,.F.);
#3174=CARTESIAN_POINT('',(5.15000000000005,51.9000000000012,4.8999999999983));
#3175=DIRECTION('',(-2.12071074338534E-16,-0.258819045102457,0.965925826289085));
#3176=DIRECTION('',(-1.0,2.7755575615629E-17,-2.1211504774499E-16));
#3177=SURFACE_STYLE_FILL_AREA(#5138);
#3178=ORIENTED_EDGE('',*,*,#5137,.F.);
#3179=ORIENTED_EDGE('',*,*,#4850,.T.);
#3180=ORIENTED_EDGE('',*,*,#5139,.F.);
#3181=ORIENTED_EDGE('',*,*,#4857,.F.);
#3182=CARTESIAN_POINT('',(8.15000000000004,50.600000000001,4.5516660498379));
#3183=DIRECTION('',(9.47091042989375E-17,-1.0,6.9037587466499E-13));
#3184=DIRECTION('',(-1.22464679914716E-16,6.9037587466499E-13,1.0));
#3185=SURFACE_STYLE_FILL_AREA(#5140);
#3186=ORIENTED_EDGE('',*,*,#5139,.T.);
#3187=ORIENTED_EDGE('',*,*,#4849,.F.);
#3188=ORIENTED_EDGE('',*,*,#5141,.F.);
#3189=ORIENTED_EDGE('',*,*,#4858,.T.);
#3190=CARTESIAN_POINT('',(16.3,59.9939726793771,5.51537178829579));
#3191=DIRECTION('',(1.0,9.4709104299106E-17,1.22464679914735E-16));
#3192=DIRECTION('',(9.4709104299106E-17,-1.0,1.50220255530364E-16));
#3193=SURFACE_STYLE_FILL_AREA(#5142);
#3194=ORIENTED_EDGE('',*,*,#5141,.T.);
#3195=ORIENTED_EDGE('',*,*,#4848,.T.);
#3196=ORIENTED_EDGE('',*,*,#5143,.T.);
#3197=ORIENTED_EDGE('',*,*,#4859,.F.);
#3198=CARTESIAN_POINT('',(16.3,53.3688567415216,-1.90070181815827E-12));
#3199=DIRECTION('',(1.22464679914735E-16,-1.50220255530364E-16,-1.0));
#3200=DIRECTION('',(-2.7755575615629E-17,-1.0,1.50220255530364E-16));
#3201=SURFACE_STYLE_FILL_AREA(#5144);
#3202=ORIENTED_EDGE('',*,*,#4845,.T.);
#3203=ORIENTED_EDGE('',*,*,#5145,.T.);
#3204=ORIENTED_EDGE('',*,*,#4862,.F.);
#3205=ORIENTED_EDGE('',*,*,#5146,.T.);
#3206=CARTESIAN_POINT('',(6.00000000163852,85.4937280516667,35.84816364795));
#3207=DIRECTION('',(-8.51294982363904E-13,0.906307787036628,0.422618261740747));
#3208=DIRECTION('',(1.22720706163963E-16,0.422618261740747,-0.906307787036628));
#3209=SURFACE_STYLE_FILL_AREA(#5147);
#3210=ORIENTED_EDGE('',*,*,#5148,.F.);
#3211=ORIENTED_EDGE('',*,*,#4843,.F.);
#3212=ORIENTED_EDGE('',*,*,#5149,.F.);
#3213=ORIENTED_EDGE('',*,*,#4864,.T.);
#3214=CARTESIAN_POINT('',(10.149999998358,83.059657206216,36.0871910884983));
#3215=DIRECTION('',(7.46571930873221E-13,0.90630778703665,0.4226182617407));
#3216=DIRECTION('',(1.22720706163965E-16,0.4226182617407,-0.90630778703665));
#3217=SURFACE_STYLE_FILL_AREA(#5150);
#3218=ORIENTED_EDGE('',*,*,#4842,.T.);
#3219=ORIENTED_EDGE('',*,*,#5151,.T.);
#3220=ORIENTED_EDGE('',*,*,#4865,.F.);
#3221=ORIENTED_EDGE('',*,*,#5149,.T.);
#3222=CARTESIAN_POINT('',(6.15000000164059,82.0899078740864,35.6349895484369));
#3223=DIRECTION('',(-5.02088712385924E-13,-0.4226182617407,0.90630778703665));
#3224=DIRECTION('',(-1.0,2.77555756155458E-17,-5.53980655969472E-13));
#3225=SURFACE_STYLE_FILL_AREA(#5152);
#3226=ORIENTED_EDGE('',*,*,#5153,.T.);
#3227=ORIENTED_EDGE('',*,*,#4866,.T.);
#3228=ORIENTED_EDGE('',*,*,#5151,.F.);
#3229=ORIENTED_EDGE('',*,*,#4841,.F.);
#3230=CARTESIAN_POINT('',(10.1499999983576,81.9631223955649,35.9068818845469));
#3231=DIRECTION('',(-7.46571930873286E-13,-0.906307787036625,-0.422618261740753));
#3232=DIRECTION('',(-1.0,2.77555756158944E-17,1.76648016274537E-12));
#3233=SURFACE_STYLE_FILL_AREA(#5154);
#3234=ORIENTED_EDGE('',*,*,#4840,.F.);
#3235=ORIENTED_EDGE('',*,*,#5155,.F.);
#3236=ORIENTED_EDGE('',*,*,#4867,.T.);
#3237=ORIENTED_EDGE('',*,*,#5153,.F.);
#3238=CARTESIAN_POINT('',(10.149999998365,80.386596700706,41.8195878415052));
#3239=DIRECTION('',(1.09612458327367E-12,-0.4226182617407,0.90630778703665));
#3240=DIRECTION('',(-1.0,2.77555756158107E-17,1.20945260425359E-12));
#3241=SURFACE_STYLE_FILL_AREA(#5156);
#3242=ORIENTED_EDGE('',*,*,#4839,.T.);
#3243=ORIENTED_EDGE('',*,*,#5157,.F.);
#3244=ORIENTED_EDGE('',*,*,#4868,.F.);
#3245=ORIENTED_EDGE('',*,*,#5155,.T.);
#3246=CARTESIAN_POINT('',(6.15000000163664,80.4996470857209,41.5771505084741));
#3247=DIRECTION('',(8.51294982363878E-13,-0.90630778703665,-0.4226182617407));
#3248=DIRECTION('',(-1.0,2.77555756152349E-17,-2.01439505702317E-12));
#3249=SURFACE_STYLE_FILL_AREA(#5158);
#3250=ORIENTED_EDGE('',*,*,#5159,.T.);
#3251=ORIENTED_EDGE('',*,*,#4837,.F.);
#3252=ORIENTED_EDGE('',*,*,#5160,.F.);
#3253=ORIENTED_EDGE('',*,*,#4870,.T.);
#3254=CARTESIAN_POINT('',(10.1499999983682,81.672247640031,44.0433548372946));
#3255=DIRECTION('',(-7.46571930873092E-13,-0.9063077870367,-0.422618261740593));
#3256=DIRECTION('',(-1.0,2.77555756158029E-17,1.76648016274558E-12));
#3257=SURFACE_STYLE_FILL_AREA(#5161);
#3258=ORIENTED_EDGE('',*,*,#5162,.T.);
#3259=ORIENTED_EDGE('',*,*,#4834,.F.);
#3260=ORIENTED_EDGE('',*,*,#4917,.F.);
#3261=ORIENTED_EDGE('',*,*,#4873,.T.);
#3262=ORIENTED_EDGE('',*,*,#5163,.T.);
#3263=ORIENTED_EDGE('',*,*,#5164,.T.);
#3264=ORIENTED_EDGE('',*,*,#5165,.T.);
#3265=ORIENTED_EDGE('',*,*,#4732,.T.);
#3266=ORIENTED_EDGE('',*,*,#5166,.T.);
#3267=ORIENTED_EDGE('',*,*,#5167,.T.);
#3268=ORIENTED_EDGE('',*,*,#5168,.T.);
#3269=ORIENTED_EDGE('',*,*,#5169,.T.);
#3270=ORIENTED_EDGE('',*,*,#5170,.F.);
#3271=ORIENTED_EDGE('',*,*,#4688,.F.);
#3272=ORIENTED_EDGE('',*,*,#5171,.F.);
#3273=ORIENTED_EDGE('',*,*,#4691,.T.);
#3274=ORIENTED_EDGE('',*,*,#5172,.T.);
#3275=ORIENTED_EDGE('',*,*,#4782,.T.);
#3276=ORIENTED_EDGE('',*,*,#4935,.T.);
#3277=ORIENTED_EDGE('',*,*,#5116,.T.);
#3278=ORIENTED_EDGE('',*,*,#5173,.F.);
#3279=ORIENTED_EDGE('',*,*,#4762,.F.);
#3280=ORIENTED_EDGE('',*,*,#5174,.F.);
#3281=ORIENTED_EDGE('',*,*,#5175,.F.);
#3282=ORIENTED_EDGE('',*,*,#5107,.F.);
#3283=ORIENTED_EDGE('',*,*,#5176,.F.);
#3284=ORIENTED_EDGE('',*,*,#4752,.T.);
#3285=ORIENTED_EDGE('',*,*,#5177,.T.);
#3286=ORIENTED_EDGE('',*,*,#5113,.F.);
#3287=ORIENTED_EDGE('',*,*,#5178,.T.);
#3288=ORIENTED_EDGE('',*,*,#5179,.T.);
#3289=ORIENTED_EDGE('',*,*,#5180,.T.);
#3290=ORIENTED_EDGE('',*,*,#4727,.T.);
#3291=ORIENTED_EDGE('',*,*,#5181,.T.);
#3292=ORIENTED_EDGE('',*,*,#5182,.T.);
#3293=ORIENTED_EDGE('',*,*,#5183,.T.);
#3294=CARTESIAN_POINT('',(8.72500000000748,60.8761464424908,42.1999999999994));
#3295=DIRECTION('',(0.0,-1.50220255530364E-16,-1.0));
#3296=DIRECTION('',(-1.0,2.7755575615629E-17,-4.16944966137213E-33));
#3297=SURFACE_STYLE_FILL_AREA(#5184);
#3298=ORIENTED_EDGE('',*,*,#5185,.F.);
#3299=ORIENTED_EDGE('',*,*,#5186,.T.);
#3300=ORIENTED_EDGE('',*,*,#5187,.F.);
#3301=CARTESIAN_POINT('',(4.76178358552389,76.7999999999839,5.87389528132099));
#3302=DIRECTION('',(-1.11347563114261E-16,1.0,2.55948040539522E-13));
#3303=DIRECTION('',(1.22464679914742E-16,2.55948040539522E-13,-1.0));
#3304=SURFACE_STYLE_FILL_AREA(#5188);
#3305=ORIENTED_EDGE('',*,*,#5189,.F.);
#3306=ORIENTED_EDGE('',*,*,#4753,.T.);
#3307=ORIENTED_EDGE('',*,*,#5176,.T.);
#3308=ORIENTED_EDGE('',*,*,#5106,.T.);
#3309=ORIENTED_EDGE('',*,*,#5190,.T.);
#3310=ORIENTED_EDGE('',*,*,#5191,.T.);
#3311=ORIENTED_EDGE('',*,*,#5192,.F.);
#3312=ORIENTED_EDGE('',*,*,#5100,.T.);
#3313=CARTESIAN_POINT('',(5.66470588119289,51.4411764597999,39.9301158819931));
#3314=DIRECTION('',(0.470588235294121,-0.882352941176469,2.09700625292055E-13));
#3315=DIRECTION('',(-4.45332165766495E-13,1.50220255530376E-16,1.0));
#3316=SURFACE_STYLE_FILL_AREA(#5193);
#3317=ORIENTED_EDGE('',*,*,#5194,.F.);
#3318=ORIENTED_EDGE('',*,*,#5195,.F.);
#3319=ORIENTED_EDGE('',*,*,#5196,.T.);
#3320=ORIENTED_EDGE('',*,*,#5197,.F.);
#3321=CARTESIAN_POINT('',(9.64999999668009,68.8543659391533,5.5000000000049));
#3322=DIRECTION('',(0.642787609686539,1.9603023902025E-13,-0.766044443118978));
#3323=DIRECTION('',(3.05147939158153E-13,-1.0,1.50220255530418E-16));
#3324=SURFACE_STYLE_FILL_AREA(#5198);
#3325=ORIENTED_EDGE('',*,*,#4786,.F.);
#3326=ORIENTED_EDGE('',*,*,#5199,.F.);
#3327=ORIENTED_EDGE('',*,*,#5200,.F.);
#3328=ORIENTED_EDGE('',*,*,#5201,.F.);
#3329=ORIENTED_EDGE('',*,*,#4975,.F.);
#3330=CARTESIAN_POINT('',(14.2500000000047,58.2058411373539,20.4999995804383));
#3331=DIRECTION('',(-7.2618462294104E-16,-2.37680000963727E-13,-1.0));
#3332=DIRECTION('',(-2.77555756156581E-17,-1.0,2.37680000963727E-13));
#3333=SURFACE_STYLE_FILL_AREA(#5202);
#3334=ORIENTED_EDGE('',*,*,#4757,.T.);
#3335=ORIENTED_EDGE('',*,*,#5203,.T.);
#3336=ORIENTED_EDGE('',*,*,#5034,.T.);
#3337=CARTESIAN_POINT('',(8.14999999883702,53.2101224465804,32.4635769043476));
#3338=DIRECTION('',(1.46791535932156E-17,-0.906307787036752,-0.422618261740481));
#3339=DIRECTION('',(-1.0,2.7755575615629E-17,-9.42558604621035E-17));
#3340=SURFACE_STYLE_FILL_AREA(#5204);
#3341=ORIENTED_EDGE('',*,*,#4766,.T.);
#3342=ORIENTED_EDGE('',*,*,#5205,.T.);
#3343=ORIENTED_EDGE('',*,*,#5206,.F.);
#3344=ORIENTED_EDGE('',*,*,#5063,.F.);
#3345=CARTESIAN_POINT('',(7.54999999883992,18.250000240095,13.0825069279222));
#3346=DIRECTION('',(1.0,3.58712333299529E-16,-6.79557510300959E-16));
#3347=DIRECTION('',(6.79557510300959E-16,1.50220255530364E-16,1.0));
#3348=SURFACE_STYLE_FILL_AREA(#5207);
#3349=ORIENTED_EDGE('',*,*,#5208,.T.);
#3350=ORIENTED_EDGE('',*,*,#5209,.T.);
#3351=ORIENTED_EDGE('',*,*,#4978,.F.);
#3352=ORIENTED_EDGE('',*,*,#5062,.T.);
#3353=ORIENTED_EDGE('',*,*,#5210,.T.);
#3354=ORIENTED_EDGE('',*,*,#5211,.F.);
#3355=ORIENTED_EDGE('',*,*,#5212,.F.);
#3356=ORIENTED_EDGE('',*,*,#5213,.T.);
#3357=CARTESIAN_POINT('',(5.6647058811929,17.2588237695001,39.930115881985));
#3358=DIRECTION('',(-0.470588235294121,-0.882352941176469,-2.25784897312108E-13));
#3359=DIRECTION('',(-4.80074569767346E-13,1.502202555304E-16,1.0));
#3360=SURFACE_STYLE_FILL_AREA(#5214);
#3361=ORIENTED_EDGE('',*,*,#5215,.F.);
#3362=ORIENTED_EDGE('',*,*,#4932,.T.);
#3363=ORIENTED_EDGE('',*,*,#4788,.T.);
#3364=ORIENTED_EDGE('',*,*,#4974,.F.);
#3365=ORIENTED_EDGE('',*,*,#5216,.T.);
#3366=CARTESIAN_POINT('',(8.09999759883993,58.64999998921,30.530115673032));
#3367=DIRECTION('',(1.60704869274547E-16,-0.906307787036549,0.422618261740915));
#3368=DIRECTION('',(-1.0,2.7755575615629E-17,4.3978214008796E-16));
#3369=SURFACE_STYLE_FILL_AREA(#5217);
#3370=ORIENTED_EDGE('',*,*,#5038,.F.);
#3371=ORIENTED_EDGE('',*,*,#5218,.F.);
#3372=ORIENTED_EDGE('',*,*,#5199,.T.);
#3373=ORIENTED_EDGE('',*,*,#4785,.F.);
#3374=ORIENTED_EDGE('',*,*,#4971,.T.);
#3375=ORIENTED_EDGE('',*,*,#4759,.F.);
#3376=CARTESIAN_POINT('',(9.45000000000746,53.4352364424731,13.2201046000361));
#3377=DIRECTION('',(1.0,1.97631324953956E-15,-6.79557510301415E-16));
#3378=DIRECTION('',(1.97631324953956E-15,-1.0,1.50220255530364E-16));
#3379=SURFACE_STYLE_FILL_AREA(#5219);
#3380=ORIENTED_EDGE('',*,*,#5174,.T.);
#3381=ORIENTED_EDGE('',*,*,#4761,.F.);
#3382=ORIENTED_EDGE('',*,*,#4970,.F.);
#3383=ORIENTED_EDGE('',*,*,#4783,.F.);
#3384=CARTESIAN_POINT('',(8.79999999883994,59.8701747871453,35.029599602741));
#3385=DIRECTION('',(1.0,9.9781815569716E-17,-1.66277322067399E-16));
#3386=DIRECTION('',(1.66277322067399E-16,1.50220255530364E-16,1.0));
#3387=SURFACE_STYLE_FILL_AREA(#5220);
#3388=ORIENTED_EDGE('',*,*,#5221,.T.);
#3389=ORIENTED_EDGE('',*,*,#4912,.T.);
#3390=ORIENTED_EDGE('',*,*,#5222,.T.);
#3391=ORIENTED_EDGE('',*,*,#4799,.F.);
#3392=CARTESIAN_POINT('',(2.48499760000005,18.2450567103207,9.90020473970961));
#3393=DIRECTION('',(2.80895867984016E-17,-0.965925826288895,0.258819045103168));
#3394=DIRECTION('',(-1.0,2.7755575615629E-17,2.12115047743757E-16));
#3395=SURFACE_STYLE_FILL_AREA(#5223);
#3396=ORIENTED_EDGE('',*,*,#5224,.F.);
#3397=ORIENTED_EDGE('',*,*,#4802,.T.);
#3398=ORIENTED_EDGE('',*,*,#5225,.T.);
#3399=ORIENTED_EDGE('',*,*,#4909,.F.);
#3400=CARTESIAN_POINT('',(8.15000000000006,18.5000000000008,4.099999999998));
#3401=DIRECTION('',(-9.4709104299106E-17,1.0,-1.50220255530364E-16));
#3402=DIRECTION('',(1.0,9.4709104299106E-17,1.22464679914735E-16));
#3403=SURFACE_STYLE_FILL_AREA(#5226);
#3404=ORIENTED_EDGE('',*,*,#5225,.F.);
#3405=ORIENTED_EDGE('',*,*,#4801,.T.);
#3406=ORIENTED_EDGE('',*,*,#5227,.F.);
#3407=ORIENTED_EDGE('',*,*,#4910,.F.);
#3408=CARTESIAN_POINT('',(8.15000000000006,18.5000000000008,4.5516660498378));
#3409=DIRECTION('',(-2.61096114212946E-16,0.258819045102626,0.96592582628904));
#3410=DIRECTION('',(5.85060188249848E-17,0.96592582628904,-0.258819045102626));
#3411=SURFACE_STYLE_FILL_AREA(#5228);
#3412=ORIENTED_EDGE('',*,*,#5227,.T.);
#3413=ORIENTED_EDGE('',*,*,#4800,.T.);
#3414=ORIENTED_EDGE('',*,*,#5222,.F.);
#3415=ORIENTED_EDGE('',*,*,#4911,.F.);
#3416=CARTESIAN_POINT('',(8.15000000000006,17.2000000000015,4.8999999999983));
#3417=DIRECTION('',(-9.4709104299106E-17,1.0,-1.50220255530364E-16));
#3418=DIRECTION('',(1.0,9.4709104299106E-17,1.22464679914735E-16));
#3419=SURFACE_STYLE_FILL_AREA(#5229);
#3420=ORIENTED_EDGE('',*,*,#5230,.F.);
#3421=ORIENTED_EDGE('',*,*,#5231,.T.);
#3422=ORIENTED_EDGE('',*,*,#5208,.F.);
#3423=ORIENTED_EDGE('',*,*,#5232,.T.);
#3424=ORIENTED_EDGE('',*,*,#5233,.T.);
#3425=ORIENTED_EDGE('',*,*,#5234,.T.);
#3426=ORIENTED_EDGE('',*,*,#5235,.T.);
#3427=ORIENTED_EDGE('',*,*,#5236,.F.);
#3428=ORIENTED_EDGE('',*,*,#5210,.F.);
#3429=ORIENTED_EDGE('',*,*,#5061,.T.);
#3430=CARTESIAN_POINT('',(5.39999999883995,18.3500002400883,39.9301158819853));
#3431=DIRECTION('',(-1.0,-2.01477766538611E-14,1.66277322062324E-16));
#3432=DIRECTION('',(1.66277322062321E-16,1.50220255530364E-16,1.0));
#3433=SURFACE_STYLE_FILL_AREA(#5237);
#3434=ORIENTED_EDGE('',*,*,#4756,.T.);
#3435=ORIENTED_EDGE('',*,*,#5173,.T.);
#3436=ORIENTED_EDGE('',*,*,#5118,.F.);
#3437=ORIENTED_EDGE('',*,*,#5238,.F.);
#3438=ORIENTED_EDGE('',*,*,#5035,.F.);
#3439=ORIENTED_EDGE('',*,*,#5203,.F.);
#3440=CARTESIAN_POINT('',(12.2999999988399,55.3499999892104,34.5295996027421));
#3441=DIRECTION('',(-1.66277322067376E-16,-2.37749389902766E-13,-1.0));
#3442=DIRECTION('',(-9.97818155697559E-17,1.0,-2.37749389902766E-13));
#3443=SURFACE_STYLE_FILL_AREA(#5239);
#3444=ORIENTED_EDGE('',*,*,#4751,.T.);
#3445=ORIENTED_EDGE('',*,*,#5240,.T.);
#3446=ORIENTED_EDGE('',*,*,#5114,.T.);
#3447=ORIENTED_EDGE('',*,*,#5177,.F.);
#3448=CARTESIAN_POINT('',(6.87999999883995,51.3299999892115,39.4301158819931));
#3449=DIRECTION('',(-1.66277322067375E-16,-2.37749389902766E-13,-1.0));
#3450=DIRECTION('',(-9.97818155697269E-17,1.0,-2.37749389902766E-13));
#3451=SURFACE_STYLE_FILL_AREA(#5241);
#3452=ORIENTED_EDGE('',*,*,#5242,.F.);
#3453=ORIENTED_EDGE('',*,*,#5111,.F.);
#3454=ORIENTED_EDGE('',*,*,#5240,.F.);
#3455=ORIENTED_EDGE('',*,*,#4754,.F.);
#3456=ORIENTED_EDGE('',*,*,#5189,.T.);
#3457=ORIENTED_EDGE('',*,*,#5099,.T.);
#3458=CARTESIAN_POINT('',(8.44999999883509,51.8416780294781,-1.032182873886));
#3459=DIRECTION('',(1.0,-4.00686979072545E-15,-3.071444358242E-15));
#3460=DIRECTION('',(-4.96724728650961E-15,-0.889659179954321,-0.45662516742182));
#3461=SURFACE_STYLE_FILL_AREA(#5243);
#3462=ORIENTED_EDGE('',*,*,#5023,.T.);
#3463=ORIENTED_EDGE('',*,*,#5244,.F.);
#3464=ORIENTED_EDGE('',*,*,#5245,.T.);
#3465=CARTESIAN_POINT('',(5.87644024366828,78.5613489952649,5.8348521164258));
#3466=DIRECTION('',(-7.20360392592207E-17,0.69721860974711,0.716858570585794));
#3467=DIRECTION('',(1.05281476134882E-16,0.716858570585794,-0.69721860974711));
#3468=SURFACE_STYLE_FILL_AREA(#5246);
#3469=ORIENTED_EDGE('',*,*,#5242,.T.);
#3470=ORIENTED_EDGE('',*,*,#5108,.T.);
#3471=ORIENTED_EDGE('',*,*,#5175,.T.);
#3472=ORIENTED_EDGE('',*,*,#5112,.T.);
#3473=CARTESIAN_POINT('',(6.49696899854971,49.849999987571,35.6999997897345));
#3474=DIRECTION('',(-2.00535325398712E-16,1.0,-2.33252986653034E-13));
#3475=DIRECTION('',(1.0,2.00535325398741E-16,1.22464679914735E-16));
#3476=SURFACE_STYLE_FILL_AREA(#5247);
#3477=ORIENTED_EDGE('',*,*,#5129,.F.);
#3478=ORIENTED_EDGE('',*,*,#4803,.T.);
#3479=ORIENTED_EDGE('',*,*,#5224,.T.);
#3480=ORIENTED_EDGE('',*,*,#4908,.F.);
#3481=CARTESIAN_POINT('',(8.15000000000006,9.10602732062471,5.5153717882958));
#3482=DIRECTION('',(-1.0,-9.4709104299106E-17,-2.4492935982947E-16));
#3483=DIRECTION('',(-9.4709104299106E-17,1.0,-1.50220255530364E-16));
#3484=SURFACE_STYLE_FILL_AREA(#5248);
#3485=ORIENTED_EDGE('',*,*,#4746,.T.);
#3486=ORIENTED_EDGE('',*,*,#4797,.F.);
#3487=ORIENTED_EDGE('',*,*,#5249,.T.);
#3488=ORIENTED_EDGE('',*,*,#4914,.T.);
#3489=CARTESIAN_POINT('',(2.48499760000005,19.6521397485339,11.884821150281));
#3490=DIRECTION('',(-1.0,-9.4709104299106E-17,-2.4492935982947E-16));
#3491=DIRECTION('',(-9.4709104299106E-17,1.0,-1.50220255530364E-16));
#3492=SURFACE_STYLE_FILL_AREA(#5250);
#3493=ORIENTED_EDGE('',*,*,#5251,.T.);
#3494=ORIENTED_EDGE('',*,*,#4860,.F.);
#3495=ORIENTED_EDGE('',*,*,#5143,.F.);
#3496=ORIENTED_EDGE('',*,*,#4847,.T.);
#3497=ORIENTED_EDGE('',*,*,#5252,.T.);
#3498=ORIENTED_EDGE('',*,*,#5253,.F.);
#3499=CARTESIAN_POINT('',(16.3,78.5318647868308,3.57928843906789));
#3500=DIRECTION('',(1.07120614202149E-16,0.14780941112961,-0.989015863361917));
#3501=DIRECTION('',(1.0,9.4709104299107E-17,1.22464679914735E-16));
#3502=SURFACE_STYLE_FILL_AREA(#5254);
#3503=ORIENTED_EDGE('',*,*,#5221,.F.);
#3504=ORIENTED_EDGE('',*,*,#4798,.F.);
#3505=ORIENTED_EDGE('',*,*,#4748,.T.);
#3506=ORIENTED_EDGE('',*,*,#4913,.T.);
#3507=CARTESIAN_POINT('',(2.48499760000005,19.5823262604299,11.7999999999982));
#3508=DIRECTION('',(-1.0,-9.4709104299106E-17,-2.4492935982947E-16));
#3509=DIRECTION('',(-9.4709104299106E-17,1.0,-1.50220255530364E-16));
#3510=SURFACE_STYLE_FILL_AREA(#5255);
#3511=ORIENTED_EDGE('',*,*,#5029,.T.);
#3512=ORIENTED_EDGE('',*,*,#5122,.T.);
#3513=ORIENTED_EDGE('',*,*,#5256,.T.);
#3514=ORIENTED_EDGE('',*,*,#4986,.T.);
#3515=ORIENTED_EDGE('',*,*,#4926,.F.);
#3516=ORIENTED_EDGE('',*,*,#4793,.F.);
#3517=ORIENTED_EDGE('',*,*,#5257,.T.);
#3518=CARTESIAN_POINT('',(13.8000000016797,19.3162003828354,35.1861645064236));
#3519=DIRECTION('',(6.73816719124806E-17,-0.70435396075143,-0.709848926162302));
#3520=DIRECTION('',(-1.0,2.7755575615629E-17,-1.22464679914735E-16));
#3521=SURFACE_STYLE_FILL_AREA(#5258);
#3522=ORIENTED_EDGE('',*,*,#5259,.F.);
#3523=ORIENTED_EDGE('',*,*,#4820,.T.);
#3524=ORIENTED_EDGE('',*,*,#4963,.T.);
#3525=ORIENTED_EDGE('',*,*,#4887,.F.);
#3526=ORIENTED_EDGE('',*,*,#5120,.F.);
#3527=ORIENTED_EDGE('',*,*,#5031,.F.);
#3528=ORIENTED_EDGE('',*,*,#5260,.F.);
#3529=ORIENTED_EDGE('',*,*,#4791,.F.);
#3530=ORIENTED_EDGE('',*,*,#4928,.F.);
#3531=ORIENTED_EDGE('',*,*,#4985,.F.);
#3532=ORIENTED_EDGE('',*,*,#5261,.F.);
#3533=ORIENTED_EDGE('',*,*,#5262,.T.);
#3534=ORIENTED_EDGE('',*,*,#4715,.T.);
#3535=ORIENTED_EDGE('',*,*,#5263,.T.);
#3536=ORIENTED_EDGE('',*,*,#4718,.F.);
#3537=ORIENTED_EDGE('',*,*,#5264,.F.);
#3538=ORIENTED_EDGE('',*,*,#5265,.F.);
#3539=ORIENTED_EDGE('',*,*,#5266,.F.);
#3540=ORIENTED_EDGE('',*,*,#5267,.T.);
#3541=ORIENTED_EDGE('',*,*,#4702,.T.);
#3542=ORIENTED_EDGE('',*,*,#5268,.T.);
#3543=ORIENTED_EDGE('',*,*,#4705,.F.);
#3544=ORIENTED_EDGE('',*,*,#5269,.F.);
#3545=ORIENTED_EDGE('',*,*,#5209,.F.);
#3546=ORIENTED_EDGE('',*,*,#5231,.F.);
#3547=ORIENTED_EDGE('',*,*,#5270,.F.);
#3548=ORIENTED_EDGE('',*,*,#5205,.F.);
#3549=ORIENTED_EDGE('',*,*,#4765,.F.);
#3550=ORIENTED_EDGE('',*,*,#4979,.F.);
#3551=ORIENTED_EDGE('',*,*,#5271,.F.);
#3552=ORIENTED_EDGE('',*,*,#5073,.F.);
#3553=ORIENTED_EDGE('',*,*,#5272,.F.);
#3554=ORIENTED_EDGE('',*,*,#5080,.F.);
#3555=ORIENTED_EDGE('',*,*,#4983,.F.);
#3556=ORIENTED_EDGE('',*,*,#4742,.F.);
#3557=ORIENTED_EDGE('',*,*,#5273,.F.);
#3558=CARTESIAN_POINT('',(1.8061108164602E-11,24.6231387868183,42.1999999999995));
#3559=DIRECTION('',(-1.80344811839262E-14,1.50220255524467E-16,1.0));
#3560=DIRECTION('',(-1.0,2.77555756156263E-17,-1.80344811839262E-14));
#3561=SURFACE_STYLE_FILL_AREA(#5274);
#3562=ORIENTED_EDGE('',*,*,#4741,.T.);
#3563=ORIENTED_EDGE('',*,*,#5078,.T.);
#3564=ORIENTED_EDGE('',*,*,#5275,.F.);
#3565=ORIENTED_EDGE('',*,*,#5273,.T.);
#3566=CARTESIAN_POINT('',(4.15000000167975,21.5277780195159,42.1999999999996));
#3567=DIRECTION('',(1.80344811839262E-14,-1.50220255524467E-16,-1.0));
#3568=DIRECTION('',(3.17927294042772E-16,-1.0,1.50220255524472E-16));
#3569=SURFACE_STYLE_FILL_AREA(#5276);
#3570=ORIENTED_EDGE('',*,*,#4738,.F.);
#3571=ORIENTED_EDGE('',*,*,#4805,.T.);
#3572=ORIENTED_EDGE('',*,*,#5128,.T.);
#3573=ORIENTED_EDGE('',*,*,#4906,.F.);
#3574=CARTESIAN_POINT('',(16.3,1.10844666778576E-12,4.04999999999871));
#3575=DIRECTION('',(9.47091042990746E-17,-1.0,2.56411534792041E-13));
#3576=DIRECTION('',(-1.22464679914728E-16,2.56411534792041E-13,1.0));
#3577=SURFACE_STYLE_FILL_AREA(#5277);
#3578=ORIENTED_EDGE('',*,*,#4987,.F.);
#3579=ORIENTED_EDGE('',*,*,#5256,.F.);
#3580=ORIENTED_EDGE('',*,*,#5121,.T.);
#3581=ORIENTED_EDGE('',*,*,#5261,.T.);
#3582=CARTESIAN_POINT('',(8.69999999883997,23.0500002417382,42.1999999999997));
#3583=DIRECTION('',(-1.0,-4.20569151595522E-16,-1.80344811839262E-14));
#3584=DIRECTION('',(-4.20569151595519E-16,1.0,-1.50220255530364E-16));
#3585=SURFACE_STYLE_FILL_AREA(#5278);
#3586=ORIENTED_EDGE('',*,*,#4734,.T.);
#3587=ORIENTED_EDGE('',*,*,#4905,.F.);
#3588=ORIENTED_EDGE('',*,*,#5279,.F.);
#3589=ORIENTED_EDGE('',*,*,#5280,.T.);
#3590=CARTESIAN_POINT('',(5.80000000002651,0.900000000000908,4.04999999999871));
#3591=DIRECTION('',(-1.0,-3.27010842385319E-13,-1.8156945863841E-14));
#3592=DIRECTION('',(-3.27010842385319E-13,1.0,-1.502202555363E-16));
#3593=SURFACE_STYLE_FILL_AREA(#5281);
#3594=ORIENTED_EDGE('',*,*,#5280,.F.);
#3595=ORIENTED_EDGE('',*,*,#5282,.F.);
#3596=ORIENTED_EDGE('',*,*,#5283,.F.);
#3597=ORIENTED_EDGE('',*,*,#5284,.F.);
#3598=ORIENTED_EDGE('',*,*,#4944,.T.);
#3599=ORIENTED_EDGE('',*,*,#4774,.T.);
#3600=ORIENTED_EDGE('',*,*,#5126,.F.);
#3601=ORIENTED_EDGE('',*,*,#4735,.F.);
#3602=CARTESIAN_POINT('',(5.80000000002589,2.79745859596181,4.3711398807933));
#3603=DIRECTION('',(1.0,3.27010842385319E-13,1.8156945863841E-14));
#3604=DIRECTION('',(3.27010842385319E-13,-1.0,1.50220255530404E-16));
#3605=SURFACE_STYLE_FILL_AREA(#5285);
#3606=ORIENTED_EDGE('',*,*,#5286,.T.);
#3607=ORIENTED_EDGE('',*,*,#4903,.T.);
#3608=ORIENTED_EDGE('',*,*,#5287,.F.);
#3609=ORIENTED_EDGE('',*,*,#5283,.T.);
#3610=CARTESIAN_POINT('',(5.80000000002581,3.14998504650061,2.06129632481181));
#3611=DIRECTION('',(1.8156945863841E-14,-1.50220255524507E-16,-1.0));
#3612=DIRECTION('',(-1.0,2.77555756156263E-17,-1.8156945863841E-14));
#3613=SURFACE_STYLE_FILL_AREA(#5288);
#3614=ORIENTED_EDGE('',*,*,#5279,.T.);
#3615=ORIENTED_EDGE('',*,*,#4904,.T.);
#3616=ORIENTED_EDGE('',*,*,#5286,.F.);
#3617=ORIENTED_EDGE('',*,*,#5282,.T.);
#3618=CARTESIAN_POINT('',(5.80000000002634,1.50000000000031,2.56129632480981));
#3619=DIRECTION('',(3.27010842385319E-13,-1.0,1.502202555363E-16));
#3620=DIRECTION('',(1.0,3.27010842385319E-13,1.22464679914686E-16));
#3621=SURFACE_STYLE_FILL_AREA(#5289);
#3622=ORIENTED_EDGE('',*,*,#5257,.F.);
#3623=ORIENTED_EDGE('',*,*,#4792,.F.);
#3624=ORIENTED_EDGE('',*,*,#5260,.T.);
#3625=ORIENTED_EDGE('',*,*,#5030,.T.);
#3626=CARTESIAN_POINT('',(13.0357657974901,19.3000002417381,42.1999999999998));
#3627=DIRECTION('',(3.36782783357541E-16,-1.0,1.50220255524473E-16));
#3628=DIRECTION('',(1.0,3.36782783357541E-16,1.22464679914735E-16));
#3629=SURFACE_STYLE_FILL_AREA(#5290);
#3630=ORIENTED_EDGE('',*,*,#4796,.T.);
#3631=ORIENTED_EDGE('',*,*,#5131,.T.);
#3632=ORIENTED_EDGE('',*,*,#4915,.F.);
#3633=ORIENTED_EDGE('',*,*,#5249,.F.);
#3634=CARTESIAN_POINT('',(8.15000000000006,19.1483339501618,7.29999999999811));
#3635=DIRECTION('',(2.80895867984485E-17,-0.965925826288941,0.258819045102995));
#3636=DIRECTION('',(-1.0,2.7755575615629E-17,2.12115047744084E-16));
#3637=SURFACE_STYLE_FILL_AREA(#5291);
#3638=ORIENTED_EDGE('',*,*,#5049,.T.);
#3639=ORIENTED_EDGE('',*,*,#4821,.T.);
#3640=ORIENTED_EDGE('',*,*,#5259,.T.);
#3641=ORIENTED_EDGE('',*,*,#4886,.F.);
#3642=CARTESIAN_POINT('',(13.4750000000001,25.7000000000011,40.4999999999962));
#3643=DIRECTION('',(-2.00040798875452E-16,0.921109330021533,0.389303997086189));
#3644=DIRECTION('',(1.23608715796155E-16,0.389303997086189,-0.921109330021533));
#3645=SURFACE_STYLE_FILL_AREA(#5292);
#3646=ORIENTED_EDGE('',*,*,#5287,.T.);
#3647=ORIENTED_EDGE('',*,*,#4902,.T.);
#3648=ORIENTED_EDGE('',*,*,#4945,.F.);
#3649=ORIENTED_EDGE('',*,*,#5284,.T.);
#3650=CARTESIAN_POINT('',(5.80000000002558,3.74998524250051,3.98174852191131));
#3651=DIRECTION('',(-3.27010842385319E-13,1.0,3.80692073671847E-14));
#3652=DIRECTION('',(1.0,3.27010842385319E-13,1.22464679914686E-16));
#3653=SURFACE_STYLE_FILL_AREA(#5293);
#3654=ORIENTED_EDGE('',*,*,#5072,.F.);
#3655=ORIENTED_EDGE('',*,*,#5076,.F.);
#3656=ORIENTED_EDGE('',*,*,#5081,.T.);
#3657=ORIENTED_EDGE('',*,*,#5272,.T.);
#3658=CARTESIAN_POINT('',(6.49999999883725,23.5500002417382,42.1999999999996));
#3659=DIRECTION('',(-2.1717378421384E-16,1.0,-1.5022025552447E-16));
#3660=DIRECTION('',(1.0,2.1717378421384E-16,1.22464679914735E-16));
#3661=SURFACE_STYLE_FILL_AREA(#5294);
#3662=ORIENTED_EDGE('',*,*,#5271,.T.);
#3663=ORIENTED_EDGE('',*,*,#5275,.T.);
#3664=ORIENTED_EDGE('',*,*,#5077,.F.);
#3665=ORIENTED_EDGE('',*,*,#5070,.T.);
#3666=CARTESIAN_POINT('',(1.80000000167975,19.3000002417381,42.1999999999996));
#3667=DIRECTION('',(3.36782783357541E-16,-1.0,1.50220255524473E-16));
#3668=DIRECTION('',(1.0,3.36782783357541E-16,1.22464679914735E-16));
#3669=SURFACE_STYLE_FILL_AREA(#5295);
#3670=ORIENTED_EDGE('',*,*,#4731,.T.);
#3671=ORIENTED_EDGE('',*,*,#5296,.T.);
#3672=ORIENTED_EDGE('',*,*,#5297,.T.);
#3673=ORIENTED_EDGE('',*,*,#5166,.F.);
#3674=CARTESIAN_POINT('',(6.50000000167975,49.3999999875835,42.1999999999994));
#3675=DIRECTION('',(1.47364574759295E-16,1.0,-1.50220255530364E-16));
#3676=DIRECTION('',(1.22464679914735E-16,-1.50220255530364E-16,-1.0));
#3677=SURFACE_STYLE_FILL_AREA(#5298);
#3678=ORIENTED_EDGE('',*,*,#4729,.T.);
#3679=ORIENTED_EDGE('',*,*,#5165,.F.);
#3680=ORIENTED_EDGE('',*,*,#5299,.T.);
#3681=ORIENTED_EDGE('',*,*,#5300,.F.);
#3682=CARTESIAN_POINT('',(4.15000000167974,47.1722222098058,42.1999999999994));
#3683=DIRECTION('',(3.05352588438755E-48,1.50220255530364E-16,1.0));
#3684=DIRECTION('',(1.2850908544456E-16,1.0,-1.50220255530364E-16));
#3685=SURFACE_STYLE_FILL_AREA(#5301);
#3686=ORIENTED_EDGE('',*,*,#5299,.F.);
#3687=ORIENTED_EDGE('',*,*,#5164,.F.);
#3688=ORIENTED_EDGE('',*,*,#5302,.F.);
#3689=ORIENTED_EDGE('',*,*,#5303,.T.);
#3690=CARTESIAN_POINT('',(2.66423420586941,49.3999999875835,42.1999999999994));
#3691=DIRECTION('',(1.47364574759295E-16,1.0,-1.50220255530364E-16));
#3692=DIRECTION('',(1.22464679914735E-16,-1.50220255530364E-16,-1.0));
#3693=SURFACE_STYLE_FILL_AREA(#5304);
#3694=ORIENTED_EDGE('',*,*,#5305,.F.);
#3695=ORIENTED_EDGE('',*,*,#5302,.T.);
#3696=ORIENTED_EDGE('',*,*,#5163,.F.);
#3697=ORIENTED_EDGE('',*,*,#5306,.F.);
#3698=CARTESIAN_POINT('',(1.30000000167973,48.8999999875835,42.1999999999994));
#3699=DIRECTION('',(-1.0,2.31150942997307E-16,-2.46519032881566E-32));
#3700=DIRECTION('',(2.31150942997307E-16,1.0,-1.50220255530364E-16));
#3701=SURFACE_STYLE_FILL_AREA(#5307);
#3702=ORIENTED_EDGE('',*,*,#5308,.F.);
#3703=ORIENTED_EDGE('',*,*,#5309,.F.);
#3704=ORIENTED_EDGE('',*,*,#5296,.F.);
#3705=ORIENTED_EDGE('',*,*,#4730,.T.);
#3706=ORIENTED_EDGE('',*,*,#5300,.T.);
#3707=ORIENTED_EDGE('',*,*,#5303,.F.);
#3708=ORIENTED_EDGE('',*,*,#5305,.T.);
#3709=CARTESIAN_POINT('',(6.50000000167971,49.3824758645189,35.184034959645));
#3710=DIRECTION('',(-7.92068790126136E-17,-0.704353960751426,0.709848926162306));
#3711=DIRECTION('',(-1.0,2.7755575615629E-17,-8.40420083711856E-17));
#3712=SURFACE_STYLE_FILL_AREA(#5310);
#3713=ORIENTED_EDGE('',*,*,#5309,.T.);
#3714=ORIENTED_EDGE('',*,*,#5311,.T.);
#3715=ORIENTED_EDGE('',*,*,#5167,.F.);
#3716=ORIENTED_EDGE('',*,*,#5297,.F.);
#3717=CARTESIAN_POINT('',(6.99999999883724,45.6499999875835,42.1999999999994));
#3718=DIRECTION('',(1.0,-2.31150942997307E-16,2.46519032881566E-32));
#3719=DIRECTION('',(-2.31150942997307E-16,-1.0,1.50220255530364E-16));
#3720=SURFACE_STYLE_FILL_AREA(#5312);
#3721=ORIENTED_EDGE('',*,*,#5168,.F.);
#3722=ORIENTED_EDGE('',*,*,#5311,.F.);
#3723=ORIENTED_EDGE('',*,*,#5308,.T.);
#3724=ORIENTED_EDGE('',*,*,#5306,.T.);
#3725=CARTESIAN_POINT('',(1.79999999883996,45.1499999875835,42.1999999999994));
#3726=DIRECTION('',(-2.7755575615629E-17,-1.0,1.50220255530364E-16));
#3727=DIRECTION('',(1.0,-2.77555756156289E-17,1.22464679914735E-16));
#3728=SURFACE_STYLE_FILL_AREA(#5313);
#3729=ORIENTED_EDGE('',*,*,#5314,.F.);
#3730=ORIENTED_EDGE('',*,*,#5315,.T.);
#3731=ORIENTED_EDGE('',*,*,#5182,.F.);
#3732=ORIENTED_EDGE('',*,*,#5316,.F.);
#3733=CARTESIAN_POINT('',(14.3999999988372,45.6499999875835,42.1999999999994));
#3734=DIRECTION('',(1.0,-2.31150942997307E-16,2.46519032881566E-32));
#3735=DIRECTION('',(-2.31150942997307E-16,-1.0,1.50220255530364E-16));
#3736=SURFACE_STYLE_FILL_AREA(#5317);
#3737=ORIENTED_EDGE('',*,*,#5183,.F.);
#3738=ORIENTED_EDGE('',*,*,#5315,.F.);
#3739=ORIENTED_EDGE('',*,*,#5318,.F.);
#3740=ORIENTED_EDGE('',*,*,#5319,.T.);
#3741=CARTESIAN_POINT('',(9.19999999883996,45.1499999875835,42.1999999999994));
#3742=DIRECTION('',(-2.7755575615629E-17,-1.0,1.50220255530364E-16));
#3743=DIRECTION('',(1.0,-2.77555756156289E-17,1.22464679914735E-16));
#3744=SURFACE_STYLE_FILL_AREA(#5320);
#3745=ORIENTED_EDGE('',*,*,#5318,.T.);
#3746=ORIENTED_EDGE('',*,*,#5314,.T.);
#3747=ORIENTED_EDGE('',*,*,#5321,.T.);
#3748=ORIENTED_EDGE('',*,*,#4725,.F.);
#3749=ORIENTED_EDGE('',*,*,#5322,.F.);
#3750=ORIENTED_EDGE('',*,*,#5323,.T.);
#3751=ORIENTED_EDGE('',*,*,#5324,.T.);
#3752=CARTESIAN_POINT('',(12.7000000016797,49.3859129083685,35.1874453972177));
#3753=DIRECTION('',(7.92068790126136E-17,0.704353960751426,-0.709848926162306));
#3754=DIRECTION('',(1.0,1.09668475625959E-17,1.22464679914735E-16));
#3755=SURFACE_STYLE_FILL_AREA(#5325);
#3756=ORIENTED_EDGE('',*,*,#5323,.F.);
#3757=ORIENTED_EDGE('',*,*,#5326,.F.);
#3758=ORIENTED_EDGE('',*,*,#5179,.F.);
#3759=ORIENTED_EDGE('',*,*,#5327,.F.);
#3760=CARTESIAN_POINT('',(10.0642342058694,49.3999999875835,42.1999999999994));
#3761=DIRECTION('',(1.47364574759295E-16,1.0,-1.50220255530364E-16));
#3762=DIRECTION('',(1.22464679914735E-16,-1.50220255530364E-16,-1.0));
#3763=SURFACE_STYLE_FILL_AREA(#5328);
#3764=ORIENTED_EDGE('',*,*,#4724,.T.);
#3765=ORIENTED_EDGE('',*,*,#5180,.F.);
#3766=ORIENTED_EDGE('',*,*,#5326,.T.);
#3767=ORIENTED_EDGE('',*,*,#5322,.T.);
#3768=CARTESIAN_POINT('',(11.5500000016797,47.1722222098058,42.1999999999994));
#3769=DIRECTION('',(3.05352588438755E-48,1.50220255530364E-16,1.0));
#3770=DIRECTION('',(1.2850908544456E-16,1.0,-1.50220255530364E-16));
#3771=SURFACE_STYLE_FILL_AREA(#5329);
#3772=ORIENTED_EDGE('',*,*,#5321,.F.);
#3773=ORIENTED_EDGE('',*,*,#5316,.T.);
#3774=ORIENTED_EDGE('',*,*,#5181,.F.);
#3775=ORIENTED_EDGE('',*,*,#4726,.T.);
#3776=CARTESIAN_POINT('',(13.9000000016798,49.3999999875835,42.1999999999994));
#3777=DIRECTION('',(1.47364574759295E-16,1.0,-1.50220255530364E-16));
#3778=DIRECTION('',(1.22464679914735E-16,-1.50220255530364E-16,-1.0));
#3779=SURFACE_STYLE_FILL_AREA(#5330);
#3780=ORIENTED_EDGE('',*,*,#5324,.F.);
#3781=ORIENTED_EDGE('',*,*,#5327,.T.);
#3782=ORIENTED_EDGE('',*,*,#5178,.F.);
#3783=ORIENTED_EDGE('',*,*,#5319,.F.);
#3784=CARTESIAN_POINT('',(8.69999999883996,48.8999999875835,42.1999999999994));
#3785=DIRECTION('',(-1.0,2.31150942997307E-16,-2.46519032881566E-32));
#3786=DIRECTION('',(2.31150942997307E-16,1.0,-1.50220255530364E-16));
#3787=SURFACE_STYLE_FILL_AREA(#5331);
#3788=ORIENTED_EDGE('',*,*,#5162,.F.);
#3789=ORIENTED_EDGE('',*,*,#4872,.T.);
#3790=ORIENTED_EDGE('',*,*,#5332,.T.);
#3791=ORIENTED_EDGE('',*,*,#4835,.F.);
#3792=CARTESIAN_POINT('',(16.1499999999999,62.7499999999853,40.7999999999896));
#3793=DIRECTION('',(-1.8069951107757E-16,0.832050294337843,-0.55470019622523));
#3794=DIRECTION('',(1.0,2.98816904156974E-16,1.22464679914735E-16));
#3795=SURFACE_STYLE_FILL_AREA(#5333);
#3796=ORIENTED_EDGE('',*,*,#5332,.F.);
#3797=ORIENTED_EDGE('',*,*,#4871,.T.);
#3798=ORIENTED_EDGE('',*,*,#5160,.T.);
#3799=ORIENTED_EDGE('',*,*,#4836,.F.);
#3800=ORIENTED_EDGE('',*,*,#5334,.T.);
#3801=ORIENTED_EDGE('',*,*,#5335,.T.);
#3802=CARTESIAN_POINT('',(8.14999999999996,68.4099378934081,45.2999999999994));
#3803=DIRECTION('',(1.22464679914735E-16,-1.50220255530364E-16,-1.0));
#3804=DIRECTION('',(-1.0,2.7755575615629E-17,-1.22464679914735E-16));
#3805=SURFACE_STYLE_FILL_AREA(#5336);
#3806=ORIENTED_EDGE('',*,*,#5337,.F.);
#3807=ORIENTED_EDGE('',*,*,#5338,.T.);
#3808=ORIENTED_EDGE('',*,*,#5339,.T.);
#3809=ORIENTED_EDGE('',*,*,#5340,.T.);
#3810=ORIENTED_EDGE('',*,*,#5341,.T.);
#3811=ORIENTED_EDGE('',*,*,#5334,.F.);
#3812=ORIENTED_EDGE('',*,*,#5342,.F.);
#3813=ORIENTED_EDGE('',*,*,#5343,.T.);
#3814=CARTESIAN_POINT('',(8.15000000000002,70.5499999999853,40.1999999999945));
#3815=DIRECTION('',(3.50057026691824E-29,-5.1761429527457E-16,-1.0));
#3816=DIRECTION('',(-2.17173784213842E-16,1.0,-5.1761429527457E-16));
#3817=SURFACE_STYLE_FILL_AREA(#5344);
#3818=ORIENTED_EDGE('',*,*,#5337,.T.);
#3819=ORIENTED_EDGE('',*,*,#5345,.T.);
#3820=ORIENTED_EDGE('',*,*,#5346,.F.);
#3821=ORIENTED_EDGE('',*,*,#5347,.T.);
#3822=CARTESIAN_POINT('',(11.9683783131137,65.8830935447482,42.3358819999788));
#3823=DIRECTION('',(-0.707106781186547,-0.707106781186548,-8.79810671400356E-17));
#3824=DIRECTION('',(-2.74644273911861E-16,1.50220255530364E-16,1.0));
#3825=SURFACE_STYLE_FILL_AREA(#5348);
#3826=ORIENTED_EDGE('',*,*,#5349,.F.);
#3827=ORIENTED_EDGE('',*,*,#5350,.T.);
#3828=ORIENTED_EDGE('',*,*,#5338,.F.);
#3829=ORIENTED_EDGE('',*,*,#5347,.F.);
#3830=CARTESIAN_POINT('',(11.9683783131137,65.8830935447482,40.1999997693528));
#3831=DIRECTION('',(4.18120571076579E-16,-2.93696552695083E-16,-1.0));
#3832=DIRECTION('',(-1.0,2.7755575615629E-17,-4.18120571076579E-16));
#3833=SURFACE_STYLE_FILL_AREA(#5351);
#3834=ORIENTED_EDGE('',*,*,#5339,.F.);
#3835=ORIENTED_EDGE('',*,*,#5350,.F.);
#3836=ORIENTED_EDGE('',*,*,#5352,.T.);
#3837=ORIENTED_EDGE('',*,*,#5353,.T.);
#3838=CARTESIAN_POINT('',(12.8169064505376,66.731621682172,40.1999997693528));
#3839=DIRECTION('',(0.707106781186547,0.707106781186548,8.79810671400356E-17));
#3840=DIRECTION('',(1.22464679914735E-16,1.95933846676132E-18,-1.0));
#3841=SURFACE_STYLE_FILL_AREA(#5354);
#3842=ORIENTED_EDGE('',*,*,#5355,.F.);
#3843=ORIENTED_EDGE('',*,*,#5340,.F.);
#3844=ORIENTED_EDGE('',*,*,#5353,.F.);
#3845=CARTESIAN_POINT('',(9.79403929610534,72.1940392960909,41.6999997693528));
#3846=DIRECTION('',(-4.18120571076579E-16,2.93696552695083E-16,1.0));
#3847=DIRECTION('',(-1.0,2.7755575615629E-17,-4.18120571076579E-16));
#3848=SURFACE_STYLE_FILL_AREA(#5356);
#3849=ORIENTED_EDGE('',*,*,#5343,.F.);
#3850=ORIENTED_EDGE('',*,*,#5357,.F.);
#3851=ORIENTED_EDGE('',*,*,#5345,.F.);
#3852=CARTESIAN_POINT('',(9.79403929610534,72.1940392960909,41.6999997693528));
#3853=DIRECTION('',(-4.18120571076579E-16,2.93696552695083E-16,1.0));
#3854=DIRECTION('',(-1.0,2.7755575615629E-17,-4.18120571076579E-16));
#3855=SURFACE_STYLE_FILL_AREA(#5358);
#3856=ORIENTED_EDGE('',*,*,#5157,.T.);
#3857=ORIENTED_EDGE('',*,*,#4838,.T.);
#3858=ORIENTED_EDGE('',*,*,#5159,.F.);
#3859=ORIENTED_EDGE('',*,*,#4869,.F.);
#3860=CARTESIAN_POINT('',(6.00000000163516,81.69585043793,42.578508479809));
#3861=DIRECTION('',(1.1716815144551E-13,0.751532807377288,-0.65969571730883));
#3862=DIRECTION('',(1.0,-1.55798071449818E-13,1.22464679914758E-16));
#3863=SURFACE_STYLE_FILL_AREA(#5359);
#3864=ORIENTED_EDGE('',*,*,#5148,.T.);
#3865=ORIENTED_EDGE('',*,*,#4863,.F.);
#3866=ORIENTED_EDGE('',*,*,#5145,.F.);
#3867=ORIENTED_EDGE('',*,*,#4844,.T.);
#3868=CARTESIAN_POINT('',(6.00000000163927,83.0968915005346,36.5714313259349));
#3869=DIRECTION('',(-8.0215513051344E-13,-0.0222802615396175,0.999751764162348));
#3870=DIRECTION('',(-1.0,2.77555756155085E-17,-8.02353685051058E-13));
#3871=SURFACE_STYLE_FILL_AREA(#5360);
#3872=ORIENTED_EDGE('',*,*,#5146,.F.);
#3873=ORIENTED_EDGE('',*,*,#4861,.F.);
#3874=ORIENTED_EDGE('',*,*,#5251,.F.);
#3875=ORIENTED_EDGE('',*,*,#5361,.F.);
#3876=ORIENTED_EDGE('',*,*,#5362,.F.);
#3877=ORIENTED_EDGE('',*,*,#5363,.T.);
#3878=ORIENTED_EDGE('',*,*,#5364,.F.);
#3879=ORIENTED_EDGE('',*,*,#5365,.T.);
#3880=ORIENTED_EDGE('',*,*,#5366,.F.);
#3881=ORIENTED_EDGE('',*,*,#5367,.T.);
#3882=ORIENTED_EDGE('',*,*,#5252,.F.);
#3883=ORIENTED_EDGE('',*,*,#4846,.F.);
#3884=CARTESIAN_POINT('',(1.15000000165992,86.0000000000012,28.8155687094143));
#3885=DIRECTION('',(-2.17173784213842E-16,1.0,-1.50220255530364E-16));
#3886=DIRECTION('',(1.0,2.17173784213842E-16,1.22464679914735E-16));
#3887=SURFACE_STYLE_FILL_AREA(#5368);
#3888=ORIENTED_EDGE('',*,*,#5206,.T.);
#3889=ORIENTED_EDGE('',*,*,#5270,.T.);
#3890=ORIENTED_EDGE('',*,*,#5230,.T.);
#3891=ORIENTED_EDGE('',*,*,#5060,.F.);
#3892=CARTESIAN_POINT('',(6.49696899854972,18.8500002417291,35.6999997897265));
#3893=DIRECTION('',(-2.33812243028971E-16,1.0,2.51481828275762E-13));
#3894=DIRECTION('',(1.22464679914742E-16,2.51481828275762E-13,-1.0));
#3895=SURFACE_STYLE_FILL_AREA(#5369);
#3896=ORIENTED_EDGE('',*,*,#5019,.F.);
#3897=ORIENTED_EDGE('',*,*,#5370,.F.);
#3898=ORIENTED_EDGE('',*,*,#5371,.F.);
#3899=CARTESIAN_POINT('',(4.76178358552389,76.7999999999839,5.87389528132099));
#3900=DIRECTION('',(-1.11347563114261E-16,1.0,2.55948040539522E-13));
#3901=DIRECTION('',(1.22464679914742E-16,2.55948040539522E-13,-1.0));
#3902=SURFACE_STYLE_FILL_AREA(#5372);
#3903=ORIENTED_EDGE('',*,*,#4714,.F.);
#3904=ORIENTED_EDGE('',*,*,#5373,.F.);
#3905=ORIENTED_EDGE('',*,*,#4719,.T.);
#3906=ORIENTED_EDGE('',*,*,#5263,.F.);
#3907=CARTESIAN_POINT('',(7.64999999883995,8.82982544215431,34.5295998116971));
#3908=DIRECTION('',(-1.0,-2.12101072943235E-16,1.66277322067428E-16));
#3909=DIRECTION('',(1.66277322067428E-16,1.50220255530364E-16,1.0));
#3910=SURFACE_STYLE_FILL_AREA(#5374);
#3911=ORIENTED_EDGE('',*,*,#4717,.T.);
#3912=ORIENTED_EDGE('',*,*,#5375,.T.);
#3913=ORIENTED_EDGE('',*,*,#5376,.F.);
#3914=ORIENTED_EDGE('',*,*,#5377,.T.);
#3915=ORIENTED_EDGE('',*,*,#5378,.T.);
#3916=ORIENTED_EDGE('',*,*,#5264,.T.);
#3917=CARTESIAN_POINT('',(4.14999999883996,12.3500002400888,36.1130575512961));
#3918=DIRECTION('',(-1.26917932630773E-16,2.55948040539523E-13,-1.0));
#3919=DIRECTION('',(2.33812243028996E-16,-1.0,-2.55948040539523E-13));
#3920=SURFACE_STYLE_FILL_AREA(#5379);
#3921=ORIENTED_EDGE('',*,*,#5380,.T.);
#3922=ORIENTED_EDGE('',*,*,#5381,.T.);
#3923=ORIENTED_EDGE('',*,*,#5382,.F.);
#3924=ORIENTED_EDGE('',*,*,#5383,.F.);
#3925=ORIENTED_EDGE('',*,*,#5384,.F.);
#3926=ORIENTED_EDGE('',*,*,#5385,.T.);
#3927=CARTESIAN_POINT('',(16.3,14.6442957084078,19.3999997893916));
#3928=DIRECTION('',(-1.11347563115053E-16,1.0,-1.79932083121948E-10));
#3929=DIRECTION('',(1.0,1.11347563137088E-16,1.22464679914735E-16));
#3930=SURFACE_STYLE_FILL_AREA(#5386);
#3931=ORIENTED_EDGE('',*,*,#5387,.F.);
#3932=ORIENTED_EDGE('',*,*,#5382,.T.);
#3933=ORIENTED_EDGE('',*,*,#5388,.T.);
#3934=ORIENTED_EDGE('',*,*,#5376,.T.);
#3935=ORIENTED_EDGE('',*,*,#5389,.T.);
#3936=ORIENTED_EDGE('',*,*,#5390,.F.);
#3937=CARTESIAN_POINT('',(2.04999999883994,17.6500026400924,23.6658058819879));
#3938=DIRECTION('',(-1.0,-2.12101072943235E-16,1.66277322067428E-16));
#3939=DIRECTION('',(1.66277322067428E-16,1.50220255530364E-16,1.0));
#3940=SURFACE_STYLE_FILL_AREA(#5391);
#3941=ORIENTED_EDGE('',*,*,#5381,.F.);
#3942=ORIENTED_EDGE('',*,*,#5392,.F.);
#3943=ORIENTED_EDGE('',*,*,#5393,.F.);
#3944=ORIENTED_EDGE('',*,*,#5394,.F.);
#3945=ORIENTED_EDGE('',*,*,#5377,.F.);
#3946=ORIENTED_EDGE('',*,*,#5388,.F.);
#3947=CARTESIAN_POINT('',(2.04999999883994,17.6500026400904,31.9301158819851));
#3948=DIRECTION('',(-0.766044443118978,1.64272857416571E-13,-0.642787609686539));
#3949=DIRECTION('',(2.14569035272045E-13,1.0,-1.5022025553034E-16));
#3950=SURFACE_STYLE_FILL_AREA(#5395);
#3951=ORIENTED_EDGE('',*,*,#5396,.T.);
#3952=ORIENTED_EDGE('',*,*,#5397,.F.);
#3953=ORIENTED_EDGE('',*,*,#5392,.T.);
#3954=ORIENTED_EDGE('',*,*,#5380,.F.);
#3955=ORIENTED_EDGE('',*,*,#5398,.T.);
#3956=ORIENTED_EDGE('',*,*,#4712,.F.);
#3957=CARTESIAN_POINT('',(16.3,14.6442957107091,32.1896340118268));
#3958=DIRECTION('',(-5.95304115217186E-17,0.499999999844227,-0.866025403874375));
#3959=DIRECTION('',(1.0,3.31175870913623E-16,1.22464679914735E-16));
#3960=SURFACE_STYLE_FILL_AREA(#5399);
#3961=ORIENTED_EDGE('',*,*,#5400,.F.);
#3962=ORIENTED_EDGE('',*,*,#5390,.T.);
#3963=ORIENTED_EDGE('',*,*,#5401,.F.);
#3964=ORIENTED_EDGE('',*,*,#5402,.T.);
#3965=CARTESIAN_POINT('',(8.09999760000748,10.0499819972875,28.1744130934829));
#3966=DIRECTION('',(-1.45420865159029E-15,-1.0,1.79868231420243E-10));
#3967=DIRECTION('',(-0.999999999968553,2.77543842852877E-17,-7.93055147090709E-06));
#3968=SURFACE_STYLE_FILL_AREA(#5403);
#3969=ORIENTED_EDGE('',*,*,#5384,.T.);
#3970=ORIENTED_EDGE('',*,*,#5404,.F.);
#3971=ORIENTED_EDGE('',*,*,#5402,.F.);
#3972=ORIENTED_EDGE('',*,*,#5405,.T.);
#3973=ORIENTED_EDGE('',*,*,#4721,.F.);
#3974=ORIENTED_EDGE('',*,*,#5406,.T.);
#3975=CARTESIAN_POINT('',(6.64999999883994,17.6500026400904,31.9301158819851));
#3976=DIRECTION('',(1.0,3.3456575285797E-16,-1.66277322067397E-16));
#3977=DIRECTION('',(3.3456575285797E-16,-1.0,1.50220255530364E-16));
#3978=SURFACE_STYLE_FILL_AREA(#5407);
#3979=ORIENTED_EDGE('',*,*,#5398,.F.);
#3980=ORIENTED_EDGE('',*,*,#5385,.F.);
#3981=ORIENTED_EDGE('',*,*,#5406,.F.);
#3982=ORIENTED_EDGE('',*,*,#4720,.F.);
#3983=ORIENTED_EDGE('',*,*,#5373,.T.);
#3984=ORIENTED_EDGE('',*,*,#4713,.F.);
#3985=CARTESIAN_POINT('',(11.0026481617239,17.650002640089,37.1173999674034));
#3986=DIRECTION('',(0.766044443118978,1.64691628500713E-13,-0.64278760968654));
#3987=DIRECTION('',(-2.77555756156363E-17,-1.0,-2.56247768349957E-13));
#3988=SURFACE_STYLE_FILL_AREA(#5408);
#3989=ORIENTED_EDGE('',*,*,#4710,.T.);
#3990=ORIENTED_EDGE('',*,*,#5262,.F.);
#3991=ORIENTED_EDGE('',*,*,#5409,.F.);
#3992=ORIENTED_EDGE('',*,*,#5393,.T.);
#3993=ORIENTED_EDGE('',*,*,#5397,.T.);
#3994=ORIENTED_EDGE('',*,*,#5410,.T.);
#3995=CARTESIAN_POINT('',(4.14999999883996,13.3500002400897,34.5295998116944));
#3996=DIRECTION('',(-1.66277322067483E-16,2.5596191832733E-13,-1.0));
#3997=DIRECTION('',(3.34565752857927E-16,-1.0,-2.5596191832733E-13));
#3998=SURFACE_STYLE_FILL_AREA(#5411);
#3999=ORIENTED_EDGE('',*,*,#5378,.F.);
#4000=ORIENTED_EDGE('',*,*,#5394,.T.);
#4001=ORIENTED_EDGE('',*,*,#5409,.T.);
#4002=ORIENTED_EDGE('',*,*,#5265,.T.);
#4003=CARTESIAN_POINT('',(0.649999998839961,8.82982544215481,35.0295998116933));
#4004=DIRECTION('',(-1.0,-3.3456575285797E-16,1.66277322067397E-16));
#4005=DIRECTION('',(1.66277322067397E-16,1.50220255530364E-16,1.0));
#4006=SURFACE_STYLE_FILL_AREA(#5412);
#4007=ORIENTED_EDGE('',*,*,#5396,.F.);
#4008=ORIENTED_EDGE('',*,*,#4711,.F.);
#4009=ORIENTED_EDGE('',*,*,#5410,.F.);
#4010=CARTESIAN_POINT('',(8.14999999883704,15.4898777827198,32.4635771133));
#4011=DIRECTION('',(3.78973429953273E-16,-0.906307787036759,0.422618261740465));
#4012=DIRECTION('',(-1.0,2.77555756156292E-17,9.56249553919148E-16));
#4013=SURFACE_STYLE_FILL_AREA(#5413);
#4014=ORIENTED_EDGE('',*,*,#5405,.F.);
#4015=ORIENTED_EDGE('',*,*,#5401,.T.);
#4016=ORIENTED_EDGE('',*,*,#5389,.F.);
#4017=ORIENTED_EDGE('',*,*,#5375,.F.);
#4018=ORIENTED_EDGE('',*,*,#4722,.F.);
#4019=CARTESIAN_POINT('',(-0.0500024011600484,10.0500002400902,30.5301158819843));
#4020=DIRECTION('',(2.32947714271852E-16,-0.906307787036542,-0.422618261740932));
#4021=DIRECTION('',(-1.0,2.77555756156289E-17,-6.10723274291911E-16));
#4022=SURFACE_STYLE_FILL_AREA(#5414);
#4023=ORIENTED_EDGE('',*,*,#5383,.T.);
#4024=ORIENTED_EDGE('',*,*,#5387,.T.);
#4025=ORIENTED_EDGE('',*,*,#5400,.T.);
#4026=ORIENTED_EDGE('',*,*,#5404,.T.);
#4027=CARTESIAN_POINT('',(14.2500000000047,10.4941590919465,20.4999997893906));
#4028=DIRECTION('',(7.26184622941147E-16,-2.55892529388291E-13,1.0));
#4029=DIRECTION('',(-1.0,2.77555756156291E-17,7.26184622941154E-16));
#4030=SURFACE_STYLE_FILL_AREA(#5415);
#4031=ORIENTED_EDGE('',*,*,#5416,.T.);
#4032=ORIENTED_EDGE('',*,*,#5417,.T.);
#4033=ORIENTED_EDGE('',*,*,#5418,.T.);
#4034=ORIENTED_EDGE('',*,*,#5419,.F.);
#4035=ORIENTED_EDGE('',*,*,#5420,.T.);
#4036=CARTESIAN_POINT('',(14.0500000000075,10.6148971633248,30.7180871352934));
#4037=DIRECTION('',(-1.0,-2.33812243029029E-16,1.26917932630713E-16));
#4038=DIRECTION('',(1.26917932630713E-16,1.50220255530364E-16,1.0));
#4039=SURFACE_STYLE_FILL_AREA(#5421);
#4040=ORIENTED_EDGE('',*,*,#4704,.T.);
#4041=ORIENTED_EDGE('',*,*,#5422,.T.);
#4042=ORIENTED_EDGE('',*,*,#5423,.F.);
#4043=ORIENTED_EDGE('',*,*,#5424,.F.);
#4044=ORIENTED_EDGE('',*,*,#5425,.F.);
#4045=ORIENTED_EDGE('',*,*,#5426,.T.);
#4046=ORIENTED_EDGE('',*,*,#5427,.F.);
#4047=ORIENTED_EDGE('',*,*,#5269,.T.);
#4048=CARTESIAN_POINT('',(12.29999999884,12.350000240089,35.0295998116953));
#4049=DIRECTION('',(1.66277322067483E-16,-2.5596191832733E-13,1.0));
#4050=DIRECTION('',(-3.34565752857927E-16,1.0,2.5596191832733E-13));
#4051=SURFACE_STYLE_FILL_AREA(#5428);
#4052=ORIENTED_EDGE('',*,*,#5429,.F.);
#4053=ORIENTED_EDGE('',*,*,#5430,.F.);
#4054=ORIENTED_EDGE('',*,*,#5431,.F.);
#4055=ORIENTED_EDGE('',*,*,#4699,.F.);
#4056=ORIENTED_EDGE('',*,*,#5432,.T.);
#4057=ORIENTED_EDGE('',*,*,#5433,.F.);
#4058=CARTESIAN_POINT('',(16.3,14.6442957107091,32.1896340118268));
#4059=DIRECTION('',(-5.95304115217186E-17,0.499999999844227,-0.866025403874375));
#4060=DIRECTION('',(1.0,3.31175870913623E-16,1.22464679914735E-16));
#4061=SURFACE_STYLE_FILL_AREA(#5434);
#4062=ORIENTED_EDGE('',*,*,#4697,.T.);
#4063=ORIENTED_EDGE('',*,*,#5267,.F.);
#4064=ORIENTED_EDGE('',*,*,#5435,.F.);
#4065=ORIENTED_EDGE('',*,*,#5436,.T.);
#4066=ORIENTED_EDGE('',*,*,#5437,.F.);
#4067=ORIENTED_EDGE('',*,*,#5433,.T.);
#4068=ORIENTED_EDGE('',*,*,#5438,.T.);
#4069=CARTESIAN_POINT('',(12.29999999884,13.3500002400897,34.5295998116944));
#4070=DIRECTION('',(-1.66277322067483E-16,2.5596191832733E-13,-1.0));
#4071=DIRECTION('',(3.34565752857927E-16,-1.0,-2.5596191832733E-13));
#4072=SURFACE_STYLE_FILL_AREA(#5439);
#4073=ORIENTED_EDGE('',*,*,#5427,.T.);
#4074=ORIENTED_EDGE('',*,*,#5440,.T.);
#4075=ORIENTED_EDGE('',*,*,#5435,.T.);
#4076=ORIENTED_EDGE('',*,*,#5266,.T.);
#4077=CARTESIAN_POINT('',(8.79999999883996,8.82982544215481,35.0295998116932));
#4078=DIRECTION('',(-1.0,-3.3456575285797E-16,1.66277322067397E-16));
#4079=DIRECTION('',(1.66277322067397E-16,1.50220255530364E-16,1.0));
#4080=SURFACE_STYLE_FILL_AREA(#5441);
#4081=ORIENTED_EDGE('',*,*,#4701,.F.);
#4082=ORIENTED_EDGE('',*,*,#5442,.F.);
#4083=ORIENTED_EDGE('',*,*,#4706,.F.);
#4084=ORIENTED_EDGE('',*,*,#5268,.F.);
#4085=CARTESIAN_POINT('',(15.7999999988399,8.82982544215431,34.5295998116971));
#4086=DIRECTION('',(-1.0,-2.12101072943235E-16,1.66277322067428E-16));
#4087=DIRECTION('',(1.66277322067428E-16,1.50220255530364E-16,1.0));
#4088=SURFACE_STYLE_FILL_AREA(#5443);
#4089=ORIENTED_EDGE('',*,*,#5432,.F.);
#4090=ORIENTED_EDGE('',*,*,#4698,.F.);
#4091=ORIENTED_EDGE('',*,*,#5438,.F.);
#4092=CARTESIAN_POINT('',(8.14999999883704,15.4898777827198,32.4635771133));
#4093=DIRECTION('',(3.78973429953273E-16,-0.906307787036759,0.422618261740465));
#4094=DIRECTION('',(-1.0,2.77555756156292E-17,9.56249553919148E-16));
#4095=SURFACE_STYLE_FILL_AREA(#5444);
#4096=ORIENTED_EDGE('',*,*,#5430,.T.);
#4097=ORIENTED_EDGE('',*,*,#5445,.F.);
#4098=ORIENTED_EDGE('',*,*,#5446,.F.);
#4099=ORIENTED_EDGE('',*,*,#5418,.F.);
#4100=ORIENTED_EDGE('',*,*,#5447,.T.);
#4101=CARTESIAN_POINT('',(16.3,14.6442957084078,19.3999997893916));
#4102=DIRECTION('',(-1.11347563115053E-16,1.0,-1.79932083121948E-10));
#4103=DIRECTION('',(1.0,1.11347563137088E-16,1.22464679914735E-16));
#4104=SURFACE_STYLE_FILL_AREA(#5448);
#4105=ORIENTED_EDGE('',*,*,#5431,.T.);
#4106=ORIENTED_EDGE('',*,*,#5447,.F.);
#4107=ORIENTED_EDGE('',*,*,#5417,.F.);
#4108=ORIENTED_EDGE('',*,*,#5449,.F.);
#4109=ORIENTED_EDGE('',*,*,#4707,.F.);
#4110=ORIENTED_EDGE('',*,*,#5442,.T.);
#4111=ORIENTED_EDGE('',*,*,#4700,.F.);
#4112=CARTESIAN_POINT('',(19.1526481617238,17.650002640089,37.1173999674034));
#4113=DIRECTION('',(0.766044443118978,1.64691628500713E-13,-0.64278760968654));
#4114=DIRECTION('',(-2.77555756156363E-17,-1.0,-2.56247768349957E-13));
#4115=SURFACE_STYLE_FILL_AREA(#5450);
#4116=ORIENTED_EDGE('',*,*,#5451,.T.);
#4117=ORIENTED_EDGE('',*,*,#5436,.F.);
#4118=ORIENTED_EDGE('',*,*,#5440,.F.);
#4119=ORIENTED_EDGE('',*,*,#5426,.F.);
#4120=CARTESIAN_POINT('',(10.1999999988399,17.6500026400904,31.9301158819851));
#4121=DIRECTION('',(-0.766044443118978,1.64272857416571E-13,-0.642787609686539));
#4122=DIRECTION('',(2.14569035272045E-13,1.0,-1.5022025553034E-16));
#4123=SURFACE_STYLE_FILL_AREA(#5452);
#4124=ORIENTED_EDGE('',*,*,#5437,.T.);
#4125=ORIENTED_EDGE('',*,*,#5451,.F.);
#4126=ORIENTED_EDGE('',*,*,#5425,.T.);
#4127=ORIENTED_EDGE('',*,*,#5453,.F.);
#4128=ORIENTED_EDGE('',*,*,#5445,.T.);
#4129=ORIENTED_EDGE('',*,*,#5429,.T.);
#4130=CARTESIAN_POINT('',(9.45000000000747,15.2647637868274,13.2201048089885));
#4131=DIRECTION('',(-1.0,1.54196568111186E-15,6.79557510301447E-16));
#4132=DIRECTION('',(1.54196568111186E-15,1.0,-1.50220255530364E-16));
#4133=SURFACE_STYLE_FILL_AREA(#5454);
#4134=ORIENTED_EDGE('',*,*,#5455,.T.);
#4135=ORIENTED_EDGE('',*,*,#5419,.T.);
#4136=ORIENTED_EDGE('',*,*,#5446,.T.);
#4137=ORIENTED_EDGE('',*,*,#5453,.T.);
#4138=ORIENTED_EDGE('',*,*,#5424,.T.);
#4139=CARTESIAN_POINT('',(14.2500000000047,10.4941590919465,20.4999997893906));
#4140=DIRECTION('',(7.26184622941147E-16,-2.55892529388291E-13,1.0));
#4141=DIRECTION('',(-1.0,2.77555756156291E-17,7.26184622941154E-16));
#4142=SURFACE_STYLE_FILL_AREA(#5456);
#4143=ORIENTED_EDGE('',*,*,#5416,.F.);
#4144=ORIENTED_EDGE('',*,*,#5457,.T.);
#4145=ORIENTED_EDGE('',*,*,#5422,.F.);
#4146=ORIENTED_EDGE('',*,*,#4708,.F.);
#4147=ORIENTED_EDGE('',*,*,#5449,.T.);
#4148=CARTESIAN_POINT('',(8.09999759883995,10.0500002400902,30.5301158819843));
#4149=DIRECTION('',(2.32947714271852E-16,-0.906307787036542,-0.422618261740932));
#4150=DIRECTION('',(-1.0,2.77555756156289E-17,-6.10723274291911E-16));
#4151=SURFACE_STYLE_FILL_AREA(#5458);
#4152=ORIENTED_EDGE('',*,*,#5455,.F.);
#4153=ORIENTED_EDGE('',*,*,#5423,.T.);
#4154=ORIENTED_EDGE('',*,*,#5457,.F.);
#4155=ORIENTED_EDGE('',*,*,#5420,.F.);
#4156=CARTESIAN_POINT('',(8.09999760000748,10.0499819972875,28.1744130934829));
#4157=DIRECTION('',(-1.45420865159029E-15,-1.0,1.79868231420243E-10));
#4158=DIRECTION('',(-0.999999999968553,2.77543842852877E-17,-7.93055147090709E-06));
#4159=SURFACE_STYLE_FILL_AREA(#5459);
#4160=ORIENTED_EDGE('',*,*,#5169,.F.);
#4161=ORIENTED_EDGE('',*,*,#5460,.F.);
#4162=ORIENTED_EDGE('',*,*,#5461,.T.);
#4163=ORIENTED_EDGE('',*,*,#5462,.T.);
#4164=CARTESIAN_POINT('',(7.64999999883993,59.8701747871458,34.5295996027449));
#4165=DIRECTION('',(1.0,2.22246495484451E-16,-1.66277322067428E-16));
#4166=DIRECTION('',(1.66277322067428E-16,1.50220255530364E-16,1.0));
#4167=SURFACE_STYLE_FILL_AREA(#5463);
#4168=ORIENTED_EDGE('',*,*,#4690,.T.);
#4169=ORIENTED_EDGE('',*,*,#5464,.F.);
#4170=ORIENTED_EDGE('',*,*,#5465,.F.);
#4171=ORIENTED_EDGE('',*,*,#5466,.F.);
#4172=ORIENTED_EDGE('',*,*,#5460,.T.);
#4173=ORIENTED_EDGE('',*,*,#5172,.F.);
#4174=CARTESIAN_POINT('',(4.14999999883994,56.3499999892113,36.1130573423437));
#4175=DIRECTION('',(-1.26917932630666E-16,-2.37735512114958E-13,-1.0));
#4176=DIRECTION('',(-2.00535325398687E-16,1.0,-2.37735512114958E-13));
#4177=SURFACE_STYLE_FILL_AREA(#5467);
#4178=ORIENTED_EDGE('',*,*,#5468,.F.);
#4179=ORIENTED_EDGE('',*,*,#5469,.T.);
#4180=ORIENTED_EDGE('',*,*,#5470,.T.);
#4181=ORIENTED_EDGE('',*,*,#5471,.T.);
#4182=ORIENTED_EDGE('',*,*,#5472,.F.);
#4183=ORIENTED_EDGE('',*,*,#5473,.F.);
#4184=CARTESIAN_POINT('',(16.2999999999999,54.0557045208926,19.3999995804393));
#4185=DIRECTION('',(-3.23000005312631E-16,1.0,1.79950295650372E-10));
#4186=DIRECTION('',(1.2246467991973E-16,1.79950295650372E-10,-1.0));
#4187=SURFACE_STYLE_FILL_AREA(#5474);
#4188=ORIENTED_EDGE('',*,*,#5475,.T.);
#4189=ORIENTED_EDGE('',*,*,#5476,.F.);
#4190=ORIENTED_EDGE('',*,*,#5473,.T.);
#4191=ORIENTED_EDGE('',*,*,#5477,.F.);
#4192=ORIENTED_EDGE('',*,*,#4685,.T.);
#4193=ORIENTED_EDGE('',*,*,#5478,.F.);
#4194=CARTESIAN_POINT('',(16.3,54.0557045185911,32.1896338028744));
#4195=DIRECTION('',(-1.5764337262446E-16,0.499999999844211,0.866025403874384));
#4196=DIRECTION('',(8.52693735205799E-17,0.866025403874384,-0.499999999844211));
#4197=SURFACE_STYLE_FILL_AREA(#5479);
#4198=ORIENTED_EDGE('',*,*,#5480,.T.);
#4199=ORIENTED_EDGE('',*,*,#4693,.T.);
#4200=ORIENTED_EDGE('',*,*,#5481,.T.);
#4201=ORIENTED_EDGE('',*,*,#4686,.T.);
#4202=ORIENTED_EDGE('',*,*,#5477,.T.);
#4203=ORIENTED_EDGE('',*,*,#5472,.T.);
#4204=CARTESIAN_POINT('',(2.04999999883992,51.0499975892098,31.9301156730327));
#4205=DIRECTION('',(0.766044443118978,1.52898799345374E-13,0.642787609686539));
#4206=DIRECTION('',(2.77555756156581E-17,1.0,-2.37901383046902E-13));
#4207=SURFACE_STYLE_FILL_AREA(#5482);
#4208=ORIENTED_EDGE('',*,*,#5483,.T.);
#4209=ORIENTED_EDGE('',*,*,#5461,.F.);
#4210=ORIENTED_EDGE('',*,*,#5466,.T.);
#4211=ORIENTED_EDGE('',*,*,#5484,.T.);
#4212=ORIENTED_EDGE('',*,*,#5468,.T.);
#4213=ORIENTED_EDGE('',*,*,#5476,.T.);
#4214=CARTESIAN_POINT('',(11.0026481617239,51.0499975892111,37.117399758451));
#4215=DIRECTION('',(-0.766044443118978,1.52652111347164E-13,0.64278760968654));
#4216=DIRECTION('',(0.64278760968654,9.7234451887504E-17,0.766044443118978));
#4217=SURFACE_STYLE_FILL_AREA(#5485);
#4218=ORIENTED_EDGE('',*,*,#4683,.T.);
#4219=ORIENTED_EDGE('',*,*,#5170,.T.);
#4220=ORIENTED_EDGE('',*,*,#5462,.F.);
#4221=ORIENTED_EDGE('',*,*,#5483,.F.);
#4222=ORIENTED_EDGE('',*,*,#5475,.F.);
#4223=ORIENTED_EDGE('',*,*,#5486,.F.);
#4224=CARTESIAN_POINT('',(4.14999999883995,55.3499999892104,34.5295996027421));
#4225=DIRECTION('',(-1.66277322067376E-16,-2.37749389902766E-13,-1.0));
#4226=DIRECTION('',(-9.97818155697559E-17,1.0,-2.37749389902766E-13));
#4227=SURFACE_STYLE_FILL_AREA(#5487);
#4228=ORIENTED_EDGE('',*,*,#4684,.T.);
#4229=ORIENTED_EDGE('',*,*,#5486,.T.);
#4230=ORIENTED_EDGE('',*,*,#5478,.T.);
#4231=CARTESIAN_POINT('',(8.14999999883702,53.2101224465804,32.4635769043476));
#4232=DIRECTION('',(1.46791535932156E-17,-0.906307787036752,-0.422618261740481));
#4233=DIRECTION('',(-1.0,2.7755575615629E-17,-9.42558604621035E-17));
#4234=SURFACE_STYLE_FILL_AREA(#5488);
#4235=ORIENTED_EDGE('',*,*,#5171,.T.);
#4236=ORIENTED_EDGE('',*,*,#4687,.F.);
#4237=ORIENTED_EDGE('',*,*,#5481,.F.);
#4238=ORIENTED_EDGE('',*,*,#4692,.T.);
#4239=CARTESIAN_POINT('',(0.649999998839943,59.8701747871453,35.029599602741));
#4240=DIRECTION('',(1.0,9.9781815569716E-17,-1.66277322067399E-16));
#4241=DIRECTION('',(1.66277322067399E-16,1.50220255530364E-16,1.0));
#4242=SURFACE_STYLE_FILL_AREA(#5489);
#4243=ORIENTED_EDGE('',*,*,#5484,.F.);
#4244=ORIENTED_EDGE('',*,*,#5465,.T.);
#4245=ORIENTED_EDGE('',*,*,#5490,.F.);
#4246=ORIENTED_EDGE('',*,*,#5491,.T.);
#4247=ORIENTED_EDGE('',*,*,#5492,.T.);
#4248=ORIENTED_EDGE('',*,*,#5469,.F.);
#4249=CARTESIAN_POINT('',(6.64999999883992,51.0499975892098,31.9301156730327));
#4250=DIRECTION('',(-1.0,-9.9781815569716E-17,1.66277322067399E-16));
#4251=DIRECTION('',(1.66277322067399E-16,1.50220255530364E-16,1.0));
#4252=SURFACE_STYLE_FILL_AREA(#5493);
#4253=ORIENTED_EDGE('',*,*,#5491,.F.);
#4254=ORIENTED_EDGE('',*,*,#5494,.T.);
#4255=ORIENTED_EDGE('',*,*,#5495,.F.);
#4256=ORIENTED_EDGE('',*,*,#5496,.T.);
#4257=CARTESIAN_POINT('',(8.09999760000746,58.6500182320127,28.1744128845306));
#4258=DIRECTION('',(1.88855622001797E-15,-1.0,-1.79886443948668E-10));
#4259=DIRECTION('',(-0.999999999943258,2.77539753344506E-17,-1.06528883065368E-05));
#4260=SURFACE_STYLE_FILL_AREA(#5497);
#4261=ORIENTED_EDGE('',*,*,#5495,.T.);
#4262=ORIENTED_EDGE('',*,*,#5498,.F.);
#4263=ORIENTED_EDGE('',*,*,#4694,.F.);
#4264=ORIENTED_EDGE('',*,*,#5480,.F.);
#4265=ORIENTED_EDGE('',*,*,#5471,.F.);
#4266=ORIENTED_EDGE('',*,*,#5499,.T.);
#4267=CARTESIAN_POINT('',(2.04999999883992,51.0499975892079,23.6658056730355));
#4268=DIRECTION('',(1.0,2.22246495484451E-16,-1.66277322067428E-16));
#4269=DIRECTION('',(1.66277322067428E-16,1.50220255530364E-16,1.0));
#4270=SURFACE_STYLE_FILL_AREA(#5500);
#4271=ORIENTED_EDGE('',*,*,#5464,.T.);
#4272=ORIENTED_EDGE('',*,*,#4695,.T.);
#4273=ORIENTED_EDGE('',*,*,#5498,.T.);
#4274=ORIENTED_EDGE('',*,*,#5494,.F.);
#4275=ORIENTED_EDGE('',*,*,#5490,.T.);
#4276=CARTESIAN_POINT('',(-0.0500024011600662,58.64999998921,30.530115673032));
#4277=DIRECTION('',(1.60704869274547E-16,-0.906307787036549,0.422618261740915));
#4278=DIRECTION('',(-1.0,2.7755575615629E-17,4.3978214008796E-16));
#4279=SURFACE_STYLE_FILL_AREA(#5501);
#4280=ORIENTED_EDGE('',*,*,#5492,.F.);
#4281=ORIENTED_EDGE('',*,*,#5496,.F.);
#4282=ORIENTED_EDGE('',*,*,#5499,.F.);
#4283=ORIENTED_EDGE('',*,*,#5470,.F.);
#4284=CARTESIAN_POINT('',(14.2500000000047,58.2058411373539,20.4999995804383));
#4285=DIRECTION('',(-7.2618462294104E-16,-2.37680000963727E-13,-1.0));
#4286=DIRECTION('',(-2.77555756156581E-17,-1.0,2.37680000963727E-13));
#4287=SURFACE_STYLE_FILL_AREA(#5502);
#4288=ORIENTED_EDGE('',*,*,#4973,.F.);
#4289=ORIENTED_EDGE('',*,*,#5201,.T.);
#4290=ORIENTED_EDGE('',*,*,#5503,.F.);
#4291=ORIENTED_EDGE('',*,*,#5504,.F.);
#4292=ORIENTED_EDGE('',*,*,#5216,.F.);
#4293=CARTESIAN_POINT('',(14.0500000000075,58.0851030659754,30.7180869263411));
#4294=DIRECTION('',(1.0,2.00535325398656E-16,-1.26917932630713E-16));
#4295=DIRECTION('',(1.26917932630713E-16,1.50220255530364E-16,1.0));
#4296=SURFACE_STYLE_FILL_AREA(#5505);
#4297=ORIENTED_EDGE('',*,*,#5506,.F.);
#4298=ORIENTED_EDGE('',*,*,#5503,.T.);
#4299=ORIENTED_EDGE('',*,*,#5200,.T.);
#4300=ORIENTED_EDGE('',*,*,#5218,.T.);
#4301=ORIENTED_EDGE('',*,*,#5037,.F.);
#4302=CARTESIAN_POINT('',(16.2999999999999,54.0557045208926,19.3999995804393));
#4303=DIRECTION('',(-3.23000005312631E-16,1.0,1.79950295650372E-10));
#4304=DIRECTION('',(1.2246467991973E-16,1.79950295650372E-10,-1.0));
#4305=SURFACE_STYLE_FILL_AREA(#5507);
#4306=ORIENTED_EDGE('',*,*,#5238,.T.);
#4307=ORIENTED_EDGE('',*,*,#5117,.F.);
#4308=ORIENTED_EDGE('',*,*,#4933,.T.);
#4309=ORIENTED_EDGE('',*,*,#5215,.T.);
#4310=ORIENTED_EDGE('',*,*,#5504,.T.);
#4311=ORIENTED_EDGE('',*,*,#5506,.T.);
#4312=ORIENTED_EDGE('',*,*,#5036,.F.);
#4313=CARTESIAN_POINT('',(19.1526481617238,51.0499975892111,37.117399758451));
#4314=DIRECTION('',(-0.766044443118978,1.52652111347164E-13,0.64278760968654));
#4315=DIRECTION('',(0.64278760968654,9.7234451887504E-17,0.766044443118978));
#4316=SURFACE_STYLE_FILL_AREA(#5508);
#4317=ORIENTED_EDGE('',*,*,#5361,.T.);
#4318=ORIENTED_EDGE('',*,*,#5253,.T.);
#4319=ORIENTED_EDGE('',*,*,#5367,.F.);
#4320=ORIENTED_EDGE('',*,*,#5509,.F.);
#4321=CARTESIAN_POINT('',(8.1499638239996,88.561819804119,5.50000000000999));
#4322=DIRECTION('',(2.19933424526431E-15,-2.55703111179693E-13,1.0));
#4323=DIRECTION('',(1.0,1.11347563114825E-16,-2.19933424526429E-15));
#4324=SURFACE_STYLE_FILL_AREA(#5510);
#4325=ORIENTED_EDGE('',*,*,#5024,.T.);
#4326=ORIENTED_EDGE('',*,*,#5245,.F.);
#4327=ORIENTED_EDGE('',*,*,#5511,.T.);
#4328=ORIENTED_EDGE('',*,*,#5512,.T.);
#4329=ORIENTED_EDGE('',*,*,#5513,.F.);
#4330=ORIENTED_EDGE('',*,*,#5362,.T.);
#4331=ORIENTED_EDGE('',*,*,#5509,.T.);
#4332=ORIENTED_EDGE('',*,*,#5366,.T.);
#4333=ORIENTED_EDGE('',*,*,#5514,.F.);
#4334=ORIENTED_EDGE('',*,*,#5515,.F.);
#4335=ORIENTED_EDGE('',*,*,#5516,.F.);
#4336=ORIENTED_EDGE('',*,*,#5517,.F.);
#4337=ORIENTED_EDGE('',*,*,#5518,.T.);
#4338=ORIENTED_EDGE('',*,*,#5187,.T.);
#4339=ORIENTED_EDGE('',*,*,#5519,.F.);
#4340=ORIENTED_EDGE('',*,*,#5520,.F.);
#4341=ORIENTED_EDGE('',*,*,#5521,.T.);
#4342=ORIENTED_EDGE('',*,*,#5370,.T.);
#4343=CARTESIAN_POINT('',(6.64999999668002,68.8543659391533,5.5000000000049));
#4344=DIRECTION('',(-2.19933424526432E-15,2.55703111179693E-13,-1.0));
#4345=DIRECTION('',(-2.77555756155977E-17,-1.0,-2.55703111179693E-13));
#4346=SURFACE_STYLE_FILL_AREA(#5522);
#4347=ORIENTED_EDGE('',*,*,#5513,.T.);
#4348=ORIENTED_EDGE('',*,*,#5523,.T.);
#4349=ORIENTED_EDGE('',*,*,#5524,.T.);
#4350=ORIENTED_EDGE('',*,*,#5363,.F.);
#4351=CARTESIAN_POINT('',(15.14999999834,83.1468234504328,18.943223907193));
#4352=DIRECTION('',(-1.0,-2.33812243029029E-16,1.26917932630679E-16));
#4353=DIRECTION('',(1.26917932630679E-16,1.50220255530364E-16,1.0));
#4354=SURFACE_STYLE_FILL_AREA(#5525);
#4355=ORIENTED_EDGE('',*,*,#5524,.F.);
#4356=ORIENTED_EDGE('',*,*,#5526,.T.);
#4357=ORIENTED_EDGE('',*,*,#5527,.F.);
#4358=ORIENTED_EDGE('',*,*,#5528,.F.);
#4359=ORIENTED_EDGE('',*,*,#5529,.F.);
#4360=ORIENTED_EDGE('',*,*,#5364,.T.);
#4361=ORIENTED_EDGE('',*,*,#5530,.T.);
#4362=ORIENTED_EDGE('',*,*,#5531,.F.);
#4363=ORIENTED_EDGE('',*,*,#5532,.T.);
#4364=ORIENTED_EDGE('',*,*,#5533,.T.);
#4365=CARTESIAN_POINT('',(13.0499999966648,78.9999999999809,16.9000000000074));
#4366=DIRECTION('',(1.40060060560063E-13,-0.856933680202569,0.515426685120668));
#4367=DIRECTION('',(-1.0,2.77555756156915E-17,2.71782290850591E-13));
#4368=SURFACE_STYLE_FILL_AREA(#5534);
#4369=ORIENTED_EDGE('',*,*,#5535,.F.);
#4370=ORIENTED_EDGE('',*,*,#5021,.F.);
#4371=ORIENTED_EDGE('',*,*,#5536,.T.);
#4372=ORIENTED_EDGE('',*,*,#5537,.F.);
#4373=ORIENTED_EDGE('',*,*,#5526,.F.);
#4374=ORIENTED_EDGE('',*,*,#5523,.F.);
#4375=ORIENTED_EDGE('',*,*,#5512,.F.);
#4376=CARTESIAN_POINT('',(15.34999999834,81.2999999999852,0.619997369371191));
#4377=DIRECTION('',(0.707106781186548,-0.707106781186547,-1.80812552810852E-13));
#4378=DIRECTION('',(-1.2246467991476E-16,-2.55830029112324E-13,1.0));
#4379=SURFACE_STYLE_FILL_AREA(#5538);
#4380=ORIENTED_EDGE('',*,*,#5535,.T.);
#4381=ORIENTED_EDGE('',*,*,#5511,.F.);
#4382=ORIENTED_EDGE('',*,*,#5244,.T.);
#4383=ORIENTED_EDGE('',*,*,#5022,.F.);
#4384=CARTESIAN_POINT('',(13.0748599967471,79.6249663522652,5.29692207813639));
#4385=DIRECTION('',(0.40437024023966,-0.83212035734642,-0.379552920813666));
#4386=DIRECTION('',(0.68437844020854,4.43423644576919E-17,0.729126978363663));
#4387=SURFACE_STYLE_FILL_AREA(#5539);
#4388=ORIENTED_EDGE('',*,*,#5540,.F.);
#4389=ORIENTED_EDGE('',*,*,#5541,.T.);
#4390=ORIENTED_EDGE('',*,*,#5542,.T.);
#4391=ORIENTED_EDGE('',*,*,#5371,.T.);
#4392=ORIENTED_EDGE('',*,*,#5521,.F.);
#4393=ORIENTED_EDGE('',*,*,#5543,.F.);
#4394=ORIENTED_EDGE('',*,*,#5197,.T.);
#4395=CARTESIAN_POINT('',(13.2999999966801,68.8543659391526,8.56271365380199));
#4396=DIRECTION('',(1.0,2.33812243029029E-16,-1.26917932630679E-16));
#4397=DIRECTION('',(2.33812243029029E-16,-1.0,1.50220255530364E-16));
#4398=SURFACE_STYLE_FILL_AREA(#5544);
#4399=ORIENTED_EDGE('',*,*,#5545,.T.);
#4400=ORIENTED_EDGE('',*,*,#5067,.F.);
#4401=ORIENTED_EDGE('',*,*,#5546,.F.);
#4402=ORIENTED_EDGE('',*,*,#5547,.T.);
#4403=ORIENTED_EDGE('',*,*,#5540,.T.);
#4404=ORIENTED_EDGE('',*,*,#5196,.F.);
#4405=CARTESIAN_POINT('',(15.25,63.5499999999852,1.3245087496049));
#4406=DIRECTION('',(-1.88309101659035E-16,1.0,2.55948040539522E-13));
#4407=DIRECTION('',(1.22464679914742E-16,2.55948040539522E-13,-1.0));
#4408=SURFACE_STYLE_FILL_AREA(#5548);
#4409=ORIENTED_EDGE('',*,*,#5549,.F.);
#4410=ORIENTED_EDGE('',*,*,#5550,.F.);
#4411=ORIENTED_EDGE('',*,*,#5551,.F.);
#4412=ORIENTED_EDGE('',*,*,#5185,.T.);
#4413=ORIENTED_EDGE('',*,*,#5518,.F.);
#4414=ORIENTED_EDGE('',*,*,#5552,.F.);
#4415=CARTESIAN_POINT('',(2.99999999668006,68.8543659391526,8.56271365380199));
#4416=DIRECTION('',(-0.64278760968654,1.95729655794625E-13,-0.766044443118978));
#4417=DIRECTION('',(3.04680314672094E-13,1.0,-1.50220255530329E-16));
#4418=SURFACE_STYLE_FILL_AREA(#5553);
#4419=ORIENTED_EDGE('',*,*,#5554,.F.);
#4420=ORIENTED_EDGE('',*,*,#5528,.T.);
#4421=ORIENTED_EDGE('',*,*,#5555,.T.);
#4422=ORIENTED_EDGE('',*,*,#5556,.F.);
#4423=ORIENTED_EDGE('',*,*,#5550,.T.);
#4424=ORIENTED_EDGE('',*,*,#5557,.T.);
#4425=ORIENTED_EDGE('',*,*,#5515,.T.);
#4426=CARTESIAN_POINT('',(0.950000001659927,81.2999999999852,0.619997369371191));
#4427=DIRECTION('',(0.707106781186547,0.707106781186548,1.80892850566088E-13));
#4428=DIRECTION('',(1.22464679914724E-16,2.55698657926977E-13,-1.0));
#4429=SURFACE_STYLE_FILL_AREA(#5558);
#4430=ORIENTED_EDGE('',*,*,#5365,.F.);
#4431=ORIENTED_EDGE('',*,*,#5529,.T.);
#4432=ORIENTED_EDGE('',*,*,#5554,.T.);
#4433=ORIENTED_EDGE('',*,*,#5514,.T.);
#4434=CARTESIAN_POINT('',(1.15000000165993,83.9016089701277,7.15084067955009));
#4435=DIRECTION('',(1.0,2.33812243029029E-16,-1.26917932630679E-16));
#4436=DIRECTION('',(2.33812243029029E-16,-1.0,1.50220255530364E-16));
#4437=SURFACE_STYLE_FILL_AREA(#5559);
#4438=ORIENTED_EDGE('',*,*,#5517,.T.);
#4439=ORIENTED_EDGE('',*,*,#5560,.T.);
#4440=ORIENTED_EDGE('',*,*,#5552,.T.);
#4441=CARTESIAN_POINT('',(5.87644024366828,78.5613489952649,5.8348521164258));
#4442=DIRECTION('',(-7.20360392592207E-17,0.69721860974711,0.716858570585794));
#4443=DIRECTION('',(1.05281476134882E-16,0.716858570585794,-0.69721860974711));
#4444=SURFACE_STYLE_FILL_AREA(#5561);
#4445=ORIENTED_EDGE('',*,*,#5545,.F.);
#4446=ORIENTED_EDGE('',*,*,#5195,.T.);
#4447=ORIENTED_EDGE('',*,*,#5562,.F.);
#4448=ORIENTED_EDGE('',*,*,#5068,.T.);
#4449=CARTESIAN_POINT('',(-1.24344978758018E-14,74.449999999984,5.8000000000063));
#4450=DIRECTION('',(-1.26917932630774E-16,2.55948040539522E-13,-1.0));
#4451=DIRECTION('',(-2.77555756155976E-17,-1.0,-2.55948040539522E-13));
#4452=SURFACE_STYLE_FILL_AREA(#5563);
#4453=ORIENTED_EDGE('',*,*,#5520,.T.);
#4454=ORIENTED_EDGE('',*,*,#5564,.F.);
#4455=ORIENTED_EDGE('',*,*,#5065,.T.);
#4456=ORIENTED_EDGE('',*,*,#5562,.T.);
#4457=ORIENTED_EDGE('',*,*,#5194,.T.);
#4458=ORIENTED_EDGE('',*,*,#5543,.T.);
#4459=CARTESIAN_POINT('',(-1.24344978758018E-14,74.4499999999841,5.50000000000639));
#4460=DIRECTION('',(2.33812243028996E-16,-1.0,-2.55948040539522E-13));
#4461=DIRECTION('',(1.22464679914742E-16,2.55948040539522E-13,-1.0));
#4462=SURFACE_STYLE_FILL_AREA(#5565);
#4463=ORIENTED_EDGE('',*,*,#5557,.F.);
#4464=ORIENTED_EDGE('',*,*,#5549,.T.);
#4465=ORIENTED_EDGE('',*,*,#5560,.F.);
#4466=ORIENTED_EDGE('',*,*,#5516,.T.);
#4467=CARTESIAN_POINT('',(3.2251400032529,79.6249663522652,5.29692207813639));
#4468=DIRECTION('',(0.40437024023966,0.832120357346421,0.379552920813666));
#4469=DIRECTION('',(1.0049262209165E-16,0.414995449554676,-0.909823486643927));
#4470=SURFACE_STYLE_FILL_AREA(#5566);
#4471=ORIENTED_EDGE('',*,*,#5527,.T.);
#4472=ORIENTED_EDGE('',*,*,#5537,.T.);
#4473=ORIENTED_EDGE('',*,*,#5567,.F.);
#4474=ORIENTED_EDGE('',*,*,#5568,.F.);
#4475=ORIENTED_EDGE('',*,*,#5569,.F.);
#4476=ORIENTED_EDGE('',*,*,#5555,.F.);
#4477=CARTESIAN_POINT('',(13.0499999966648,78.6999999999809,16.9000000000073));
#4478=DIRECTION('',(3.0344911277315E-14,-2.55948040539518E-13,1.0));
#4479=DIRECTION('',(-1.0,2.77555756156336E-17,3.0344911277315E-14));
#4480=SURFACE_STYLE_FILL_AREA(#5570);
#4481=ORIENTED_EDGE('',*,*,#5546,.T.);
#4482=ORIENTED_EDGE('',*,*,#5066,.T.);
#4483=ORIENTED_EDGE('',*,*,#5564,.T.);
#4484=ORIENTED_EDGE('',*,*,#5519,.T.);
#4485=ORIENTED_EDGE('',*,*,#5186,.F.);
#4486=ORIENTED_EDGE('',*,*,#5571,.F.);
#4487=ORIENTED_EDGE('',*,*,#5572,.F.);
#4488=CARTESIAN_POINT('',(2.99999999668007,68.8543659391503,17.3162126672698));
#4489=DIRECTION('',(-1.0,-2.33812243029029E-16,1.26917932630679E-16));
#4490=DIRECTION('',(1.26917932630679E-16,1.50220255530364E-16,1.0));
#4491=SURFACE_STYLE_FILL_AREA(#5573);
#4492=ORIENTED_EDGE('',*,*,#5547,.F.);
#4493=ORIENTED_EDGE('',*,*,#5572,.T.);
#4494=ORIENTED_EDGE('',*,*,#5574,.T.);
#4495=ORIENTED_EDGE('',*,*,#5575,.T.);
#4496=ORIENTED_EDGE('',*,*,#5576,.F.);
#4497=ORIENTED_EDGE('',*,*,#5541,.F.);
#4498=CARTESIAN_POINT('',(-1.4210854715202E-14,63.5499999999813,16.2999997977103));
#4499=DIRECTION('',(1.26917932588663E-16,1.79849427017765E-10,1.0));
#4500=DIRECTION('',(2.77555756376542E-17,1.0,-1.79849427017765E-10));
#4501=SURFACE_STYLE_FILL_AREA(#5577);
#4502=ORIENTED_EDGE('',*,*,#5575,.F.);
#4503=ORIENTED_EDGE('',*,*,#5578,.T.);
#4504=ORIENTED_EDGE('',*,*,#5568,.T.);
#4505=ORIENTED_EDGE('',*,*,#5579,.F.);
#4506=CARTESIAN_POINT('',(-1.4210854715202E-14,76.8468403578336,16.2999997953189));
#4507=DIRECTION('',(2.2682027536855E-16,-0.500000000000222,0.866025403784311));
#4508=DIRECTION('',(-1.0,2.77555756156291E-17,2.7793418313664E-16));
#4509=SURFACE_STYLE_FILL_AREA(#5580);
#4510=ORIENTED_EDGE('',*,*,#5531,.T.);
#4511=ORIENTED_EDGE('',*,*,#5581,.F.);
#4512=ORIENTED_EDGE('',*,*,#5582,.T.);
#4513=ORIENTED_EDGE('',*,*,#5583,.T.);
#4514=CARTESIAN_POINT('',(9.3999999949882,81.7179068568447,25.7999999999844));
#4515=DIRECTION('',(-1.0,1.45107904629553E-13,-1.22464679914792E-16));
#4516=DIRECTION('',(1.45107904629553E-13,1.0,-1.50220255530346E-16));
#4517=SURFACE_STYLE_FILL_AREA(#5584);
#4518=ORIENTED_EDGE('',*,*,#5585,.T.);
#4519=ORIENTED_EDGE('',*,*,#5586,.T.);
#4520=ORIENTED_EDGE('',*,*,#5532,.F.);
#4521=ORIENTED_EDGE('',*,*,#5583,.F.);
#4522=CARTESIAN_POINT('',(9.39999999498874,85.4358137136993,27.5999999999844));
#4523=DIRECTION('',(-1.22464679914771E-16,1.50220255530332E-16,1.0));
#4524=DIRECTION('',(-1.0,2.7755575615629E-17,-1.22464679914771E-16));
#4525=SURFACE_STYLE_FILL_AREA(#5587);
#4526=ORIENTED_EDGE('',*,*,#5586,.F.);
#4527=ORIENTED_EDGE('',*,*,#5588,.F.);
#4528=ORIENTED_EDGE('',*,*,#5589,.T.);
#4529=ORIENTED_EDGE('',*,*,#5533,.F.);
#4530=CARTESIAN_POINT('',(6.8999999949882,81.7179068568451,25.7999999999844));
#4531=DIRECTION('',(-1.0,1.45107904629553E-13,-1.22464679914792E-16));
#4532=DIRECTION('',(1.45107904629553E-13,1.0,-1.50220255530346E-16));
#4533=SURFACE_STYLE_FILL_AREA(#5590);
#4534=ORIENTED_EDGE('',*,*,#5530,.F.);
#4535=ORIENTED_EDGE('',*,*,#5589,.F.);
#4536=ORIENTED_EDGE('',*,*,#5591,.F.);
#4537=ORIENTED_EDGE('',*,*,#5581,.T.);
#4538=CARTESIAN_POINT('',(9.39999999498766,77.9999999999901,23.9999999999844));
#4539=DIRECTION('',(1.22464679914771E-16,-1.50220255530332E-16,-1.0));
#4540=DIRECTION('',(-1.0,2.7755575615629E-17,-1.22464679914771E-16));
#4541=SURFACE_STYLE_FILL_AREA(#5592);
#4542=ORIENTED_EDGE('',*,*,#5591,.T.);
#4543=ORIENTED_EDGE('',*,*,#5588,.T.);
#4544=ORIENTED_EDGE('',*,*,#5585,.F.);
#4545=ORIENTED_EDGE('',*,*,#5582,.F.);
#4546=CARTESIAN_POINT('',(9.39999999498766,77.9999999999901,27.5999999999844));
#4547=DIRECTION('',(-1.45107904629553E-13,-1.0,1.50220255530296E-16));
#4548=DIRECTION('',(-1.0,1.45107904629553E-13,-1.22464679914757E-16));
#4549=SURFACE_STYLE_FILL_AREA(#5593);
#4550=ORIENTED_EDGE('',*,*,#5232,.F.);
#4551=ORIENTED_EDGE('',*,*,#5213,.F.);
#4552=ORIENTED_EDGE('',*,*,#5594,.F.);
#4553=ORIENTED_EDGE('',*,*,#5595,.T.);
#4554=CARTESIAN_POINT('',(8.04999999716053,17.4442957110084,33.806214765052));
#4555=DIRECTION('',(2.66542031489058E-16,-0.499999999844005,0.866025403874503));
#4556=DIRECTION('',(-1.0,2.77555756156291E-17,3.23800916275637E-16));
#4557=SURFACE_STYLE_FILL_AREA(#5596);
#4558=ORIENTED_EDGE('',*,*,#5597,.T.);
#4559=ORIENTED_EDGE('',*,*,#5598,.F.);
#4560=ORIENTED_EDGE('',*,*,#5235,.F.);
#4561=ORIENTED_EDGE('',*,*,#5599,.T.);
#4562=CARTESIAN_POINT('',(6.52999999716348,18.4442957109877,33.6911863459337));
#4563=DIRECTION('',(2.10045930925143E-15,1.0,-1.80117071598016E-10));
#4564=DIRECTION('',(1.0,-2.10045930922937E-15,1.22464679914735E-16));
#4565=SURFACE_STYLE_FILL_AREA(#5600);
#4566=ORIENTED_EDGE('',*,*,#5601,.T.);
#4567=ORIENTED_EDGE('',*,*,#5599,.F.);
#4568=ORIENTED_EDGE('',*,*,#5234,.F.);
#4569=ORIENTED_EDGE('',*,*,#5602,.F.);
#4570=CARTESIAN_POINT('',(7.6299999971635,18.4442957113495,35.6000537666496));
#4571=DIRECTION('',(1.52047697487927E-15,1.80129228540135E-10,1.0));
#4572=DIRECTION('',(2.77555756376884E-17,1.0,-1.80129228540135E-10));
#4573=SURFACE_STYLE_FILL_AREA(#5603);
#4574=ORIENTED_EDGE('',*,*,#5233,.F.);
#4575=ORIENTED_EDGE('',*,*,#5595,.F.);
#4576=ORIENTED_EDGE('',*,*,#5604,.T.);
#4577=ORIENTED_EDGE('',*,*,#5602,.T.);
#4578=CARTESIAN_POINT('',(8.04999999716053,17.4442957111572,34.6324376584624));
#4579=DIRECTION('',(-2.10045930925141E-15,-1.0,1.80127896272506E-10));
#4580=DIRECTION('',(-0.999999999933796,2.77538470511946E-17,-1.15068543238049E-05));
#4581=SURFACE_STYLE_FILL_AREA(#5605);
#4582=ORIENTED_EDGE('',*,*,#5211,.T.);
#4583=ORIENTED_EDGE('',*,*,#5236,.T.);
#4584=ORIENTED_EDGE('',*,*,#5598,.T.);
#4585=ORIENTED_EDGE('',*,*,#5606,.T.);
#4586=CARTESIAN_POINT('',(2.1299999971635,19.1488949230039,33.6356650402894));
#4587=DIRECTION('',(2.6654203148905E-16,-0.499999999844008,0.866025403874501));
#4588=DIRECTION('',(-1.0,2.77555756156291E-17,3.23800916275629E-16));
#4589=SURFACE_STYLE_FILL_AREA(#5607);
#4590=ORIENTED_EDGE('',*,*,#5212,.T.);
#4591=ORIENTED_EDGE('',*,*,#5606,.F.);
#4592=ORIENTED_EDGE('',*,*,#5597,.F.);
#4593=ORIENTED_EDGE('',*,*,#5601,.F.);
#4594=ORIENTED_EDGE('',*,*,#5604,.F.);
#4595=ORIENTED_EDGE('',*,*,#5594,.T.);
#4596=CARTESIAN_POINT('',(5.67999999716349,17.9442957110472,34.0216158880709));
#4597=DIRECTION('',(-0.987688340595138,-2.81762420300677E-11,-0.156434465040229));
#4598=DIRECTION('',(-2.85274386386546E-11,1.0,-1.50220255534018E-16));
#4599=SURFACE_STYLE_FILL_AREA(#5608);
#4600=ORIENTED_EDGE('',*,*,#5101,.T.);
#4601=ORIENTED_EDGE('',*,*,#5192,.T.);
#4602=ORIENTED_EDGE('',*,*,#5609,.F.);
#4603=ORIENTED_EDGE('',*,*,#5610,.T.);
#4604=CARTESIAN_POINT('',(2.1299999971635,49.5511048836289,33.6356650402794));
#4605=DIRECTION('',(-2.05987648961277E-16,-0.499999999844014,-0.866025403874497));
#4606=DIRECTION('',(-1.0,6.24090345884291E-16,-1.22464679914735E-16));
#4607=SURFACE_STYLE_FILL_AREA(#5611);
#4608=ORIENTED_EDGE('',*,*,#5612,.F.);
#4609=ORIENTED_EDGE('',*,*,#5104,.F.);
#4610=ORIENTED_EDGE('',*,*,#5613,.T.);
#4611=ORIENTED_EDGE('',*,*,#5614,.T.);
#4612=CARTESIAN_POINT('',(8.04999999716053,51.2557040954755,34.6324376584524));
#4613=DIRECTION('',(-3.00899858265648E-16,-1.0,-1.80119990804276E-10));
#4614=DIRECTION('',(-0.99999999999885,2.77558034180166E-17,1.51645607812679E-06));
#4615=SURFACE_STYLE_FILL_AREA(#5615);
#4616=ORIENTED_EDGE('',*,*,#5191,.F.);
#4617=ORIENTED_EDGE('',*,*,#5616,.T.);
#4618=ORIENTED_EDGE('',*,*,#5614,.F.);
#4619=ORIENTED_EDGE('',*,*,#5617,.F.);
#4620=ORIENTED_EDGE('',*,*,#5618,.F.);
#4621=ORIENTED_EDGE('',*,*,#5609,.T.);
#4622=CARTESIAN_POINT('',(5.67999999716349,50.4844186823083,33.6741663367273));
#4623=DIRECTION('',(-0.987688340595138,0.135476220766355,-0.0782172324957121));
#4624=DIRECTION('',(0.135892549434672,0.990723581534297,-1.31376014471951E-16));
#4625=SURFACE_STYLE_FILL_AREA(#5619);
#4626=ORIENTED_EDGE('',*,*,#5616,.F.);
#4627=ORIENTED_EDGE('',*,*,#5190,.F.);
#4628=ORIENTED_EDGE('',*,*,#5105,.F.);
#4629=ORIENTED_EDGE('',*,*,#5612,.T.);
#4630=CARTESIAN_POINT('',(8.04999999716053,51.2557040956244,33.8062147650419));
#4631=DIRECTION('',(-2.05987648961284E-16,-0.499999999844012,-0.866025403874498));
#4632=DIRECTION('',(-1.0,6.24090345884309E-16,-1.22464679914735E-16));
#4633=SURFACE_STYLE_FILL_AREA(#5620);
#4634=ORIENTED_EDGE('',*,*,#5617,.T.);
#4635=ORIENTED_EDGE('',*,*,#5613,.F.);
#4636=ORIENTED_EDGE('',*,*,#5103,.F.);
#4637=ORIENTED_EDGE('',*,*,#5621,.F.);
#4638=CARTESIAN_POINT('',(7.6299999971635,50.2557040952292,35.5999530666396));
#4639=DIRECTION('',(-2.73189515490998E-15,1.801211010273E-10,-1.0));
#4640=DIRECTION('',(0.999999999874438,1.58468798917198E-05,1.22462299377012E-16));
#4641=SURFACE_STYLE_FILL_AREA(#5622);
#4642=ORIENTED_EDGE('',*,*,#5102,.F.);
#4643=ORIENTED_EDGE('',*,*,#5610,.F.);
#4644=ORIENTED_EDGE('',*,*,#5618,.T.);
#4645=ORIENTED_EDGE('',*,*,#5621,.T.);
#4646=CARTESIAN_POINT('',(6.52999999716349,50.2557040956451,33.6911863459236));
#4647=DIRECTION('',(3.00899858265619E-16,1.0,1.80109221640936E-10));
#4648=DIRECTION('',(1.22464679919734E-16,1.80109221640936E-10,-1.0));
#4649=SURFACE_STYLE_FILL_AREA(#5623);
#4650=ORIENTED_EDGE('',*,*,#5542,.F.);
#4651=ORIENTED_EDGE('',*,*,#5576,.T.);
#4652=ORIENTED_EDGE('',*,*,#5579,.T.);
#4653=ORIENTED_EDGE('',*,*,#5567,.T.);
#4654=ORIENTED_EDGE('',*,*,#5536,.F.);
#4655=ORIENTED_EDGE('',*,*,#5020,.T.);
#4656=CARTESIAN_POINT('',(13.2999999966801,68.8543659391526,8.56271365380199));
#4657=DIRECTION('',(1.0,2.33812243029029E-16,-1.26917932630679E-16));
#4658=DIRECTION('',(2.33812243029029E-16,-1.0,1.50220255530364E-16));
#4659=SURFACE_STYLE_FILL_AREA(#5624);
#4660=ORIENTED_EDGE('',*,*,#5571,.T.);
#4661=ORIENTED_EDGE('',*,*,#5551,.T.);
#4662=ORIENTED_EDGE('',*,*,#5556,.T.);
#4663=ORIENTED_EDGE('',*,*,#5569,.T.);
#4664=ORIENTED_EDGE('',*,*,#5578,.F.);
#4665=ORIENTED_EDGE('',*,*,#5574,.F.);
#4666=CARTESIAN_POINT('',(2.99999999668007,68.8543659391503,17.3162126672698));
#4667=DIRECTION('',(-1.0,-2.33812243029029E-16,1.26917932630679E-16));
#4668=DIRECTION('',(1.26917932630679E-16,1.50220255530364E-16,1.0));
#4669=SURFACE_STYLE_FILL_AREA(#5625);
#4670=ORIENTED_EDGE('',*,*,#5341,.F.);
#4671=ORIENTED_EDGE('',*,*,#5355,.T.);
#4672=ORIENTED_EDGE('',*,*,#5352,.F.);
#4673=ORIENTED_EDGE('',*,*,#5349,.T.);
#4674=ORIENTED_EDGE('',*,*,#5346,.T.);
#4675=ORIENTED_EDGE('',*,*,#5357,.T.);
#4676=ORIENTED_EDGE('',*,*,#5342,.T.);
#4677=ORIENTED_EDGE('',*,*,#5335,.F.);
#4678=CARTESIAN_POINT('',(8.15000000000002,70.5499999999853,40.1999999999945));
#4679=DIRECTION('',(3.50057026691824E-29,-5.1761429527457E-16,-1.0));
#4680=DIRECTION('',(-2.17173784213842E-16,1.0,-5.1761429527457E-16));
#4681=SURFACE_STYLE_FILL_AREA(#5626);
#4682=FILL_AREA_STYLE('',(#5627));
#4683=EDGE_CURVE('',#5628,#5629,#5630,.T.);
#4684=EDGE_CURVE('',#5631,#5628,#5632,.T.);
#4685=EDGE_CURVE('',#5633,#5631,#5634,.T.);
#4686=EDGE_CURVE('',#5635,#5633,#5636,.T.);
#4687=EDGE_CURVE('',#5635,#5637,#5638,.T.);
#4688=EDGE_CURVE('',#5637,#5629,#5639,.T.);
#4689=FILL_AREA_STYLE('',(#5640));
#4690=EDGE_CURVE('',#5641,#5642,#5643,.T.);
#4691=EDGE_CURVE('',#5644,#5641,#5645,.T.);
#4692=EDGE_CURVE('',#5646,#5644,#5647,.T.);
#4693=EDGE_CURVE('',#5648,#5646,#5649,.T.);
#4694=EDGE_CURVE('',#5648,#5650,#5651,.T.);
#4695=EDGE_CURVE('',#5642,#5650,#5652,.T.);
#4696=FILL_AREA_STYLE('',(#5653));
#4697=EDGE_CURVE('',#5654,#5655,#5656,.T.);
#4698=EDGE_CURVE('',#5654,#5657,#5658,.T.);
#4699=EDGE_CURVE('',#5657,#5659,#5660,.T.);
#4700=EDGE_CURVE('',#5659,#5661,#5662,.T.);
#4701=EDGE_CURVE('',#5661,#5663,#5664,.T.);
#4702=EDGE_CURVE('',#5655,#5663,#5665,.T.);
#4703=FILL_AREA_STYLE('',(#5666));
#4704=EDGE_CURVE('',#5667,#5668,#5669,.T.);
#4705=EDGE_CURVE('',#5667,#5670,#5671,.T.);
#4706=EDGE_CURVE('',#5670,#5672,#5673,.T.);
#4707=EDGE_CURVE('',#5672,#5674,#5675,.T.);
#4708=EDGE_CURVE('',#5674,#5668,#5676,.T.);
#4709=FILL_AREA_STYLE('',(#5677));
#4710=EDGE_CURVE('',#5678,#5679,#5680,.T.);
#4711=EDGE_CURVE('',#5678,#5681,#5682,.T.);
#4712=EDGE_CURVE('',#5681,#5683,#5684,.T.);
#4713=EDGE_CURVE('',#5683,#5685,#5686,.T.);
#4714=EDGE_CURVE('',#5685,#5687,#5688,.T.);
#4715=EDGE_CURVE('',#5679,#5687,#5689,.T.);
#4716=FILL_AREA_STYLE('',(#5690));
#4717=EDGE_CURVE('',#5691,#5692,#5693,.T.);
#4718=EDGE_CURVE('',#5691,#5694,#5695,.T.);
#4719=EDGE_CURVE('',#5696,#5694,#5697,.T.);
#4720=EDGE_CURVE('',#5696,#5698,#5699,.T.);
#4721=EDGE_CURVE('',#5698,#5700,#5701,.T.);
#4722=EDGE_CURVE('',#5700,#5692,#5702,.T.);
#4723=FILL_AREA_STYLE('',(#5703));
#4724=EDGE_CURVE('',#5704,#5705,#5706,.T.);
#4725=EDGE_CURVE('',#5704,#5707,#5708,.T.);
#4726=EDGE_CURVE('',#5709,#5707,#5710,.T.);
#4727=EDGE_CURVE('',#5705,#5709,#5711,.T.);
#4728=FILL_AREA_STYLE('',(#5712));
#4729=EDGE_CURVE('',#5713,#5714,#5715,.T.);
#4730=EDGE_CURVE('',#5716,#5713,#5717,.T.);
#4731=EDGE_CURVE('',#5718,#5716,#5719,.T.);
#4732=EDGE_CURVE('',#5714,#5718,#5720,.T.);
#4733=FILL_AREA_STYLE('',(#5721));
#4734=EDGE_CURVE('',#5722,#5723,#5724,.T.);
#4735=EDGE_CURVE('',#5722,#5725,#5726,.T.);
#4736=EDGE_CURVE('',#5727,#5725,#5728,.T.);
#4737=EDGE_CURVE('',#5727,#5729,#5730,.T.);
#4738=EDGE_CURVE('',#5729,#5731,#5732,.T.);
#4739=EDGE_CURVE('',#5723,#5731,#5733,.T.);
#4740=FILL_AREA_STYLE('',(#5734));
#4741=EDGE_CURVE('',#5735,#5736,#5737,.T.);
#4742=EDGE_CURVE('',#5735,#5738,#5739,.T.);
#4743=EDGE_CURVE('',#5738,#5740,#5741,.T.);
#4744=EDGE_CURVE('',#5740,#5736,#5742,.T.);
#4745=FILL_AREA_STYLE('',(#5743));
#4746=EDGE_CURVE('',#5744,#5745,#5746,.T.);
#4747=EDGE_CURVE('',#5744,#5747,#5748,.T.);
#4748=EDGE_CURVE('',#5749,#5747,#5750,.T.);
#4749=EDGE_CURVE('',#5745,#5749,#5751,.T.);
#4750=FILL_AREA_STYLE('',(#5752));
#4751=EDGE_CURVE('',#5753,#5754,#5755,.T.);
#4752=EDGE_CURVE('',#5756,#5753,#5757,.T.);
#4753=EDGE_CURVE('',#5758,#5756,#5759,.T.);
#4754=EDGE_CURVE('',#5758,#5754,#5760,.T.);
#4755=FILL_AREA_STYLE('',(#5761));
#4756=EDGE_CURVE('',#5762,#5763,#5764,.T.);
#4757=EDGE_CURVE('',#5765,#5762,#5766,.T.);
#4758=EDGE_CURVE('',#5767,#5765,#5768,.T.);
#4759=EDGE_CURVE('',#5767,#5769,#5770,.T.);
#4760=EDGE_CURVE('',#5771,#5769,#5772,.T.);
#4761=EDGE_CURVE('',#5771,#5773,#5774,.T.);
#4762=EDGE_CURVE('',#5773,#5763,#5775,.T.);
#4763=FILL_AREA_STYLE('',(#5776));
#4764=EDGE_CURVE('',#5777,#5778,#5779,.T.);
#4765=EDGE_CURVE('',#5777,#5780,#5781,.T.);
#4766=EDGE_CURVE('',#5782,#5780,#5783,.T.);
#4767=EDGE_CURVE('',#5782,#5778,#5784,.T.);
#4768=FILL_AREA_STYLE('',(#5785));
#4769=EDGE_CURVE('',#5786,#5787,#5788,.T.);
#4770=EDGE_CURVE('',#5786,#5789,#5790,.T.);
#4771=EDGE_CURVE('',#5791,#5789,#5792,.T.);
#4772=EDGE_CURVE('',#5793,#5791,#5794,.T.);
#4773=EDGE_CURVE('',#5793,#5795,#5796,.T.);
#4774=EDGE_CURVE('',#5787,#5795,#5797,.T.);
#4775=FILL_AREA_STYLE('',(#5798));
#4776=EDGE_CURVE('',#5799,#5800,#5801,.T.);
#4777=EDGE_CURVE('',#5799,#5802,#5803,.T.);
#4778=EDGE_CURVE('',#5804,#5802,#5805,.T.);
#4779=EDGE_CURVE('',#5800,#5804,#5806,.T.);
#4780=FILL_AREA_STYLE('',(#5807));
#4781=EDGE_CURVE('',#5808,#5809,#5810,.T.);
#4782=EDGE_CURVE('',#5811,#5808,#5812,.T.);
#4783=EDGE_CURVE('',#5811,#5813,#5814,.T.);
#4784=EDGE_CURVE('',#5815,#5813,#5816,.T.);
#4785=EDGE_CURVE('',#5815,#5817,#5818,.T.);
#4786=EDGE_CURVE('',#5817,#5819,#5820,.T.);
#4787=EDGE_CURVE('',#5819,#5821,#5822,.T.);
#4788=EDGE_CURVE('',#5809,#5821,#5823,.T.);
#4789=FILL_AREA_STYLE('',(#5824));
#4790=EDGE_CURVE('',#5825,#5826,#5827,.T.);
#4791=EDGE_CURVE('',#5825,#5828,#5829,.T.);
#4792=EDGE_CURVE('',#5828,#5830,#5831,.T.);
#4793=EDGE_CURVE('',#5830,#5826,#5832,.T.);
#4794=FILL_AREA_STYLE('',(#5833));
#4795=EDGE_CURVE('',#5834,#5835,#5836,.T.);
#4796=EDGE_CURVE('',#5837,#5834,#5838,.T.);
#4797=EDGE_CURVE('',#5837,#5745,#5839,.T.);
#4798=EDGE_CURVE('',#5749,#5840,#5841,.T.);
#4799=EDGE_CURVE('',#5840,#5842,#5843,.T.);
#4800=EDGE_CURVE('',#5844,#5842,#5845,.T.);
#4801=EDGE_CURVE('',#5846,#5844,#5847,.T.);
#4802=EDGE_CURVE('',#5848,#5846,#5849,.T.);
#4803=EDGE_CURVE('',#5850,#5848,#5851,.T.);
#4804=EDGE_CURVE('',#5852,#5850,#5853,.T.);
#4805=EDGE_CURVE('',#5729,#5852,#5854,.T.);
#4806=EDGE_CURVE('',#5793,#5727,#5855,.T.);
#4807=EDGE_CURVE('',#5791,#5856,#5857,.T.);
#4808=EDGE_CURVE('',#5858,#5856,#5859,.T.);
#4809=EDGE_CURVE('',#5858,#5800,#5860,.T.);
#4810=EDGE_CURVE('',#5861,#5804,#5862,.T.);
#4811=EDGE_CURVE('',#5861,#5863,#5864,.T.);
#4812=EDGE_CURVE('',#5863,#5865,#5866,.T.);
#4813=EDGE_CURVE('',#5867,#5865,#5868,.T.);
#4814=EDGE_CURVE('',#5867,#5869,#5870,.T.);
#4815=EDGE_CURVE('',#5871,#5869,#5872,.T.);
#4816=EDGE_CURVE('',#5873,#5871,#5874,.T.);
#4817=EDGE_CURVE('',#5873,#5875,#5876,.T.);
#4818=EDGE_CURVE('',#5875,#5877,#5878,.T.);
#4819=EDGE_CURVE('',#5879,#5877,#5880,.T.);
#4820=EDGE_CURVE('',#5881,#5879,#5882,.T.);
#4821=EDGE_CURVE('',#5883,#5881,#5884,.T.);
#4822=EDGE_CURVE('',#5883,#5885,#5886,.T.);
#4823=EDGE_CURVE('',#5885,#5887,#5888,.T.);
#4824=EDGE_CURVE('',#5887,#5889,#5890,.T.);
#4825=EDGE_CURVE('',#5891,#5889,#5892,.T.);
#4826=EDGE_CURVE('',#5891,#5893,#5894,.T.);
#4827=EDGE_CURVE('',#5895,#5893,#5896,.T.);
#4828=EDGE_CURVE('',#5895,#5897,#5898,.T.);
#4829=EDGE_CURVE('',#5897,#5899,#5900,.T.);
#4830=EDGE_CURVE('',#5899,#5901,#5902,.T.);
#4831=EDGE_CURVE('',#5903,#5901,#5904,.T.);
#4832=EDGE_CURVE('',#5903,#5905,#5906,.T.);
#4833=EDGE_CURVE('',#5907,#5905,#5908,.T.);
#4834=EDGE_CURVE('',#5907,#5909,#5910,.T.);
#4835=EDGE_CURVE('',#5909,#5911,#5912,.T.);
#4836=EDGE_CURVE('',#5911,#5913,#5914,.T.);
#4837=EDGE_CURVE('',#5913,#5915,#5916,.T.);
#4838=EDGE_CURVE('',#5917,#5915,#5918,.T.);
#4839=EDGE_CURVE('',#5919,#5917,#5920,.T.);
#4840=EDGE_CURVE('',#5919,#5921,#5922,.T.);
#4841=EDGE_CURVE('',#5921,#5923,#5924,.T.);
#4842=EDGE_CURVE('',#5925,#5923,#5926,.T.);
#4843=EDGE_CURVE('',#5925,#5927,#5928,.T.);
#4844=EDGE_CURVE('',#5929,#5927,#5930,.T.);
#4845=EDGE_CURVE('',#5931,#5929,#5932,.T.);
#4846=EDGE_CURVE('',#5931,#5933,#5934,.T.);
#4847=EDGE_CURVE('',#5935,#5933,#5936,.T.);
#4848=EDGE_CURVE('',#5937,#5935,#5938,.T.);
#4849=EDGE_CURVE('',#5937,#5939,#5940,.T.);
#4850=EDGE_CURVE('',#5941,#5939,#5942,.T.);
#4851=EDGE_CURVE('',#5943,#5941,#5944,.T.);
#4852=EDGE_CURVE('',#5835,#5943,#5945,.T.);
#4853=FILL_AREA_STYLE('',(#5946));
#4854=EDGE_CURVE('',#5947,#5948,#5949,.T.);
#4855=EDGE_CURVE('',#5948,#5950,#5951,.T.);
#4856=EDGE_CURVE('',#5950,#5952,#5953,.T.);
#4857=EDGE_CURVE('',#5952,#5954,#5955,.T.);
#4858=EDGE_CURVE('',#5956,#5954,#5957,.T.);
#4859=EDGE_CURVE('',#5956,#5958,#5959,.T.);
#4860=EDGE_CURVE('',#5958,#5960,#5961,.T.);
#4861=EDGE_CURVE('',#5960,#5962,#5963,.T.);
#4862=EDGE_CURVE('',#5962,#5964,#5965,.T.);
#4863=EDGE_CURVE('',#5964,#5966,#5967,.T.);
#4864=EDGE_CURVE('',#5968,#5966,#5969,.T.);
#4865=EDGE_CURVE('',#5968,#5970,#5971,.T.);
#4866=EDGE_CURVE('',#5972,#5970,#5973,.T.);
#4867=EDGE_CURVE('',#5974,#5972,#5975,.T.);
#4868=EDGE_CURVE('',#5974,#5976,#5977,.T.);
#4869=EDGE_CURVE('',#5976,#5978,#5979,.T.);
#4870=EDGE_CURVE('',#5980,#5978,#5981,.T.);
#4871=EDGE_CURVE('',#5982,#5980,#5983,.T.);
#4872=EDGE_CURVE('',#5984,#5982,#5985,.T.);
#4873=EDGE_CURVE('',#5986,#5984,#5987,.T.);
#4874=EDGE_CURVE('',#5986,#5988,#5989,.T.);
#4875=EDGE_CURVE('',#5990,#5988,#5991,.T.);
#4876=EDGE_CURVE('',#5990,#5992,#5993,.T.);
#4877=EDGE_CURVE('',#5994,#5992,#5995,.T.);
#4878=EDGE_CURVE('',#5996,#5994,#5997,.T.);
#4879=EDGE_CURVE('',#5998,#5996,#5999,.T.);
#4880=EDGE_CURVE('',#5998,#6000,#6001,.T.);
#4881=EDGE_CURVE('',#6002,#6000,#6003,.T.);
#4882=EDGE_CURVE('',#6002,#6004,#6005,.T.);
#4883=EDGE_CURVE('',#6004,#6006,#6007,.T.);
#4884=EDGE_CURVE('',#6008,#6006,#6009,.T.);
#4885=EDGE_CURVE('',#6008,#6010,#6011,.T.);
#4886=EDGE_CURVE('',#6010,#6012,#6013,.T.);
#4887=EDGE_CURVE('',#6012,#6014,#6015,.T.);
#4888=EDGE_CURVE('',#6014,#6016,#6017,.T.);
#4889=EDGE_CURVE('',#6018,#6016,#6019,.T.);
#4890=EDGE_CURVE('',#6020,#6018,#6021,.T.);
#4891=EDGE_CURVE('',#6020,#6022,#6023,.T.);
#4892=EDGE_CURVE('',#6022,#6024,#6025,.T.);
#4893=EDGE_CURVE('',#6026,#6024,#6027,.T.);
#4894=EDGE_CURVE('',#6026,#6028,#6029,.T.);
#4895=EDGE_CURVE('',#6030,#6028,#6031,.T.);
#4896=EDGE_CURVE('',#6032,#6030,#6033,.T.);
#4897=EDGE_CURVE('',#6032,#5802,#6034,.T.);
#4898=EDGE_CURVE('',#6035,#5799,#6036,.T.);
#4899=EDGE_CURVE('',#6035,#6037,#6038,.T.);
#4900=EDGE_CURVE('',#5789,#6037,#6039,.T.);
#4901=EDGE_CURVE('',#6040,#5786,#6041,.T.);
#4902=EDGE_CURVE('',#6042,#6040,#6043,.T.);
#4903=EDGE_CURVE('',#6044,#6042,#6045,.T.);
#4904=EDGE_CURVE('',#6046,#6044,#6047,.T.);
#4905=EDGE_CURVE('',#6046,#5723,#6048,.T.);
#4906=EDGE_CURVE('',#5731,#6049,#6050,.T.);
#4907=EDGE_CURVE('',#6049,#6051,#6052,.T.);
#4908=EDGE_CURVE('',#6051,#6053,#6054,.T.);
#4909=EDGE_CURVE('',#6053,#6055,#6056,.T.);
#4910=EDGE_CURVE('',#6055,#6057,#6058,.T.);
#4911=EDGE_CURVE('',#6057,#6059,#6060,.T.);
#4912=EDGE_CURVE('',#6061,#6059,#6062,.T.);
#4913=EDGE_CURVE('',#5747,#6061,#6063,.T.);
#4914=EDGE_CURVE('',#6064,#5744,#6065,.T.);
#4915=EDGE_CURVE('',#6064,#5947,#6066,.T.);
#4916=FILL_AREA_STYLE('',(#6067));
#4917=EDGE_CURVE('',#5986,#5907,#6068,.T.);
#4918=EDGE_CURVE('',#5905,#5988,#6069,.T.);
#4919=FILL_AREA_STYLE('',(#6070));
#4920=EDGE_CURVE('',#5895,#5998,#6071,.T.);
#4921=EDGE_CURVE('',#5996,#5897,#6072,.T.);
#4922=FILL_AREA_STYLE('',(#6073));
#4923=EDGE_CURVE('',#5901,#5992,#6074,.T.);
#4924=EDGE_CURVE('',#5899,#5994,#6075,.T.);
#4925=FILL_AREA_STYLE('',(#6076));
#4926=EDGE_CURVE('',#5826,#6077,#6078,.T.);
#4927=EDGE_CURVE('',#6079,#6077,#6080,.T.);
#4928=EDGE_CURVE('',#6079,#5825,#6081,.T.);
#4929=FILL_AREA_STYLE('',(#6082));
#4930=EDGE_CURVE('',#5903,#5990,#6083,.T.);
#4931=FILL_AREA_STYLE('',(#6084));
#4932=EDGE_CURVE('',#6085,#5809,#6086,.T.);
#4933=EDGE_CURVE('',#6087,#6085,#6088,.T.);
#4934=EDGE_CURVE('',#6089,#6087,#6090,.T.);
#4935=EDGE_CURVE('',#5808,#6089,#6091,.T.);
#4936=FILL_AREA_STYLE('',(#6092));
#4937=EDGE_CURVE('',#6018,#5875,#6093,.T.);
#4938=EDGE_CURVE('',#5877,#6016,#6094,.T.);
#4939=FILL_AREA_STYLE('',(#6095));
#4940=EDGE_CURVE('',#5858,#6035,#6096,.T.);
#4941=FILL_AREA_STYLE('',(#6097));
#4942=EDGE_CURVE('',#5856,#6037,#6098,.T.);
#4943=FILL_AREA_STYLE('',(#6099));
#4944=EDGE_CURVE('',#6100,#5787,#6101,.T.);
#4945=EDGE_CURVE('',#6100,#6040,#6102,.T.);
#4946=FILL_AREA_STYLE('',(#6103));
#4947=FILL_AREA_STYLE('',(#6104));
#4948=EDGE_CURVE('',#5861,#6032,#6105,.T.);
#4949=FILL_AREA_STYLE('',(#6106));
#4950=EDGE_CURVE('',#5863,#6030,#6107,.T.);
#4951=FILL_AREA_STYLE('',(#6108));
#4952=EDGE_CURVE('',#5865,#6028,#6109,.T.);
#4953=FILL_AREA_STYLE('',(#6110));
#4954=EDGE_CURVE('',#6026,#5867,#6111,.T.);
#4955=FILL_AREA_STYLE('',(#6112));
#4956=EDGE_CURVE('',#5869,#6024,#6113,.T.);
#4957=FILL_AREA_STYLE('',(#6114));
#4958=EDGE_CURVE('',#6022,#5871,#6115,.T.);
#4959=FILL_AREA_STYLE('',(#6116));
#4960=EDGE_CURVE('',#5873,#6020,#6117,.T.);
#4961=FILL_AREA_STYLE('',(#6118));
#4962=FILL_AREA_STYLE('',(#6119));
#4963=EDGE_CURVE('',#5879,#6014,#6120,.T.);
#4964=FILL_AREA_STYLE('',(#6121));
#4965=EDGE_CURVE('',#6122,#6123,#6124,.T.);
#4966=EDGE_CURVE('',#6125,#6122,#6126,.T.);
#4967=EDGE_CURVE('',#6127,#6125,#6128,.T.);
#4968=EDGE_CURVE('',#6123,#6127,#6129,.T.);
#4969=FILL_AREA_STYLE('',(#6130));
#4970=EDGE_CURVE('',#5813,#5771,#6131,.T.);
#4971=EDGE_CURVE('',#5815,#5769,#6132,.T.);
#4972=FILL_AREA_STYLE('',(#6133));
#4973=EDGE_CURVE('',#6134,#6135,#6136,.T.);
#4974=EDGE_CURVE('',#6135,#5821,#6137,.T.);
#4975=EDGE_CURVE('',#5819,#6134,#6138,.T.);
#4976=FILL_AREA_STYLE('',(#6139));
#4977=EDGE_CURVE('',#5778,#6140,#6141,.T.);
#4978=EDGE_CURVE('',#6140,#6142,#6143,.T.);
#4979=EDGE_CURVE('',#6142,#5777,#6144,.T.);
#4980=FILL_AREA_STYLE('',(#6145));
#4981=EDGE_CURVE('',#6146,#6147,#6148,.T.);
#4982=EDGE_CURVE('',#5740,#6146,#6149,.T.);
#4983=EDGE_CURVE('',#5738,#6147,#6150,.T.);
#4984=FILL_AREA_STYLE('',(#6151));
#4985=EDGE_CURVE('',#6152,#6079,#6153,.T.);
#4986=EDGE_CURVE('',#6154,#6077,#6155,.T.);
#4987=EDGE_CURVE('',#6154,#6152,#6156,.T.);
#4988=FILL_AREA_STYLE('',(#6157));
#4989=EDGE_CURVE('',#6158,#6123,#6159,.T.);
#4990=EDGE_CURVE('',#6160,#6127,#6161,.T.);
#4991=EDGE_CURVE('',#6160,#6158,#6162,.T.);
#4992=FILL_AREA_STYLE('',(#6163));
#4993=EDGE_CURVE('',#6164,#5885,#6165,.T.);
#4994=EDGE_CURVE('',#6166,#6164,#6167,.T.);
#4995=EDGE_CURVE('',#6168,#6166,#6169,.T.);
#4996=EDGE_CURVE('',#6170,#6168,#6171,.T.);
#4997=EDGE_CURVE('',#6172,#6170,#6173,.T.);
#4998=EDGE_CURVE('',#6174,#6172,#6175,.T.);
#4999=EDGE_CURVE('',#6176,#6174,#6177,.T.);
#5000=EDGE_CURVE('',#6178,#6176,#6179,.T.);
#5001=EDGE_CURVE('',#6008,#6178,#6180,.T.);
#5002=EDGE_CURVE('',#6181,#6006,#6182,.T.);
#5003=EDGE_CURVE('',#6183,#6181,#6184,.T.);
#5004=EDGE_CURVE('',#6185,#6183,#6186,.T.);
#5005=EDGE_CURVE('',#6187,#6185,#6188,.T.);
#5006=EDGE_CURVE('',#6189,#6187,#6190,.T.);
#5007=EDGE_CURVE('',#6191,#6189,#6192,.T.);
#5008=EDGE_CURVE('',#6158,#6191,#6193,.T.);
#5009=EDGE_CURVE('',#5887,#6160,#6194,.T.);
#5010=FILL_AREA_STYLE('',(#6195));
#5011=EDGE_CURVE('',#6176,#6196,#6197,.T.);
#5012=EDGE_CURVE('',#6196,#6198,#6199,.T.);
#5013=EDGE_CURVE('',#6178,#6198,#6200,.T.);
#5014=FILL_AREA_STYLE('',(#6201));
#5015=EDGE_CURVE('',#6202,#6196,#6203,.T.);
#5016=EDGE_CURVE('',#6204,#6202,#6205,.T.);
#5017=EDGE_CURVE('',#6198,#6204,#6206,.T.);
#5018=FILL_AREA_STYLE('',(#6207));
#5019=EDGE_CURVE('',#6208,#6209,#6210,.T.);
#5020=EDGE_CURVE('',#6211,#6209,#6212,.T.);
#5021=EDGE_CURVE('',#6211,#6213,#6214,.T.);
#5022=EDGE_CURVE('',#6213,#6215,#6216,.T.);
#5023=EDGE_CURVE('',#6217,#6215,#6218,.T.);
#5024=EDGE_CURVE('',#6208,#6217,#6219,.T.);
#5025=FILL_AREA_STYLE('',(#6220));
#5026=EDGE_CURVE('',#5889,#6004,#6221,.T.);
#5027=EDGE_CURVE('',#6002,#5891,#6222,.T.);
#5028=FILL_AREA_STYLE('',(#6223));
#5029=EDGE_CURVE('',#6224,#6225,#6226,.T.);
#5030=EDGE_CURVE('',#6227,#6224,#6228,.T.);
#5031=EDGE_CURVE('',#6227,#6229,#6230,.T.);
#5032=EDGE_CURVE('',#6225,#6229,#6231,.T.);
#5033=FILL_AREA_STYLE('',(#6232));
#5034=EDGE_CURVE('',#6233,#5765,#6234,.T.);
#5035=EDGE_CURVE('',#6233,#6235,#6236,.T.);
#5036=EDGE_CURVE('',#6235,#6237,#6238,.T.);
#5037=EDGE_CURVE('',#6237,#6239,#6240,.T.);
#5038=EDGE_CURVE('',#6239,#5767,#6241,.T.);
#5039=FILL_AREA_STYLE('',(#6242));
#5040=EDGE_CURVE('',#6000,#5893,#6243,.T.);
#5041=FILL_AREA_STYLE('',(#6244));
#5042=EDGE_CURVE('',#6174,#6202,#6245,.T.);
#5043=FILL_AREA_STYLE('',(#6246));
#5044=EDGE_CURVE('',#6172,#6204,#6247,.T.);
#5045=FILL_AREA_STYLE('',(#6248));
#5046=EDGE_CURVE('',#6170,#6249,#6250,.T.);
#5047=EDGE_CURVE('',#6249,#6251,#6252,.T.);
#5048=EDGE_CURVE('',#6164,#6251,#6253,.T.);
#5049=EDGE_CURVE('',#6010,#5883,#6254,.T.);
#5050=FILL_AREA_STYLE('',(#6255));
#5051=EDGE_CURVE('',#6166,#6256,#6257,.T.);
#5052=EDGE_CURVE('',#6256,#6258,#6259,.T.);
#5053=EDGE_CURVE('',#6168,#6258,#6260,.T.);
#5054=FILL_AREA_STYLE('',(#6261));
#5055=EDGE_CURVE('',#6251,#6256,#6262,.T.);
#5056=FILL_AREA_STYLE('',(#6263));
#5057=EDGE_CURVE('',#6258,#6249,#6264,.T.);
#5058=FILL_AREA_STYLE('',(#6265));
#5059=FILL_AREA_STYLE('',(#6266));
#5060=EDGE_CURVE('',#6267,#6268,#6269,.T.);
#5061=EDGE_CURVE('',#6270,#6268,#6271,.T.);
#5062=EDGE_CURVE('',#6140,#6270,#6272,.T.);
#5063=EDGE_CURVE('',#5782,#6267,#6273,.T.);
#5064=FILL_AREA_STYLE('',(#6274));
#5065=EDGE_CURVE('',#6275,#6276,#6277,.T.);
#5066=EDGE_CURVE('',#6278,#6275,#6279,.T.);
#5067=EDGE_CURVE('',#6278,#6280,#6281,.T.);
#5068=EDGE_CURVE('',#6276,#6280,#6282,.T.);
#5069=FILL_AREA_STYLE('',(#6283));
#5070=EDGE_CURVE('',#6284,#6285,#6286,.T.);
#5071=EDGE_CURVE('',#6287,#6284,#6288,.T.);
#5072=EDGE_CURVE('',#6287,#6289,#6290,.T.);
#5073=EDGE_CURVE('',#6289,#6285,#6291,.T.);
#5074=FILL_AREA_STYLE('',(#6292));
#5075=EDGE_CURVE('',#6146,#6293,#6294,.T.);
#5076=EDGE_CURVE('',#6293,#6287,#6295,.T.);
#5077=EDGE_CURVE('',#6284,#6296,#6297,.T.);
#5078=EDGE_CURVE('',#5736,#6296,#6298,.T.);
#5079=FILL_AREA_STYLE('',(#6299));
#5080=EDGE_CURVE('',#6147,#6300,#6301,.T.);
#5081=EDGE_CURVE('',#6293,#6300,#6302,.T.);
#5082=FILL_AREA_STYLE('',(#6303));
#5083=EDGE_CURVE('',#6189,#6125,#6304,.T.);
#5084=EDGE_CURVE('',#6187,#6305,#6306,.T.);
#5085=EDGE_CURVE('',#6305,#6307,#6308,.T.);
#5086=EDGE_CURVE('',#6181,#6307,#6309,.T.);
#5087=FILL_AREA_STYLE('',(#6310));
#5088=EDGE_CURVE('',#6191,#6122,#6311,.T.);
#5089=FILL_AREA_STYLE('',(#6312));
#5090=FILL_AREA_STYLE('',(#6313));
#5091=EDGE_CURVE('',#6307,#6314,#6315,.T.);
#5092=EDGE_CURVE('',#6183,#6314,#6316,.T.);
#5093=FILL_AREA_STYLE('',(#6317));
#5094=EDGE_CURVE('',#6314,#6318,#6319,.T.);
#5095=EDGE_CURVE('',#6185,#6318,#6320,.T.);
#5096=FILL_AREA_STYLE('',(#6321));
#5097=EDGE_CURVE('',#6318,#6305,#6322,.T.);
#5098=FILL_AREA_STYLE('',(#6323));
#5099=EDGE_CURVE('',#6324,#6325,#6326,.T.);
#5100=EDGE_CURVE('',#6327,#6324,#6328,.T.);
#5101=EDGE_CURVE('',#6329,#6327,#6330,.T.);
#5102=EDGE_CURVE('',#6329,#6331,#6332,.T.);
#5103=EDGE_CURVE('',#6331,#6333,#6334,.T.);
#5104=EDGE_CURVE('',#6333,#6335,#6336,.T.);
#5105=EDGE_CURVE('',#6335,#6337,#6338,.T.);
#5106=EDGE_CURVE('',#6339,#6337,#6340,.T.);
#5107=EDGE_CURVE('',#6339,#6341,#6342,.T.);
#5108=EDGE_CURVE('',#6325,#6341,#6343,.T.);
#5109=FILL_AREA_STYLE('',(#6344));
#5110=FILL_AREA_STYLE('',(#6345));
#5111=EDGE_CURVE('',#6346,#6347,#6348,.T.);
#5112=EDGE_CURVE('',#6349,#6347,#6350,.T.);
#5113=EDGE_CURVE('',#6349,#6351,#6352,.T.);
#5114=EDGE_CURVE('',#6346,#6351,#6353,.T.);
#5115=FILL_AREA_STYLE('',(#6354));
#5116=EDGE_CURVE('',#6089,#6355,#6356,.T.);
#5117=EDGE_CURVE('',#6087,#6357,#6358,.T.);
#5118=EDGE_CURVE('',#6357,#6355,#6359,.T.);
#5119=FILL_AREA_STYLE('',(#6360));
#5120=EDGE_CURVE('',#6229,#6361,#6362,.T.);
#5121=EDGE_CURVE('',#6363,#6361,#6364,.T.);
#5122=EDGE_CURVE('',#6225,#6363,#6365,.T.);
#5123=FILL_AREA_STYLE('',(#6366));
#5124=FILL_AREA_STYLE('',(#6367));
#5125=FILL_AREA_STYLE('',(#6368));
#5126=EDGE_CURVE('',#5725,#5795,#6369,.T.);
#5127=FILL_AREA_STYLE('',(#6370));
#5128=EDGE_CURVE('',#5852,#6049,#6371,.T.);
#5129=EDGE_CURVE('',#5850,#6051,#6372,.T.);
#5130=FILL_AREA_STYLE('',(#6373));
#5131=EDGE_CURVE('',#5834,#5947,#6374,.T.);
#5132=EDGE_CURVE('',#5948,#5835,#6375,.T.);
#5133=FILL_AREA_STYLE('',(#6376));
#5134=FILL_AREA_STYLE('',(#6377));
#5135=EDGE_CURVE('',#5950,#5943,#6378,.T.);
#5136=FILL_AREA_STYLE('',(#6379));
#5137=EDGE_CURVE('',#5941,#5952,#6380,.T.);
#5138=FILL_AREA_STYLE('',(#6381));
#5139=EDGE_CURVE('',#5954,#5939,#6382,.T.);
#5140=FILL_AREA_STYLE('',(#6383));
#5141=EDGE_CURVE('',#5956,#5937,#6384,.T.);
#5142=FILL_AREA_STYLE('',(#6385));
#5143=EDGE_CURVE('',#5935,#5958,#6386,.T.);
#5144=FILL_AREA_STYLE('',(#6387));
#5145=EDGE_CURVE('',#5929,#5964,#6388,.T.);
#5146=EDGE_CURVE('',#5962,#5931,#6389,.T.);
#5147=FILL_AREA_STYLE('',(#6390));
#5148=EDGE_CURVE('',#5927,#5966,#6391,.T.);
#5149=EDGE_CURVE('',#5968,#5925,#6392,.T.);
#5150=FILL_AREA_STYLE('',(#6393));
#5151=EDGE_CURVE('',#5923,#5970,#6394,.T.);
#5152=FILL_AREA_STYLE('',(#6395));
#5153=EDGE_CURVE('',#5921,#5972,#6396,.T.);
#5154=FILL_AREA_STYLE('',(#6397));
#5155=EDGE_CURVE('',#5974,#5919,#6398,.T.);
#5156=FILL_AREA_STYLE('',(#6399));
#5157=EDGE_CURVE('',#5976,#5917,#6400,.T.);
#5158=FILL_AREA_STYLE('',(#6401));
#5159=EDGE_CURVE('',#5978,#5915,#6402,.T.);
#5160=EDGE_CURVE('',#5980,#5913,#6403,.T.);
#5161=FILL_AREA_STYLE('',(#6404));
#5162=EDGE_CURVE('',#5984,#5909,#6405,.T.);
#5163=EDGE_CURVE('',#6406,#6407,#6408,.T.);
#5164=EDGE_CURVE('',#6407,#6409,#6410,.T.);
#5165=EDGE_CURVE('',#6409,#5714,#6411,.T.);
#5166=EDGE_CURVE('',#5718,#6412,#6413,.T.);
#5167=EDGE_CURVE('',#6412,#6414,#6415,.T.);
#5168=EDGE_CURVE('',#6414,#6406,#6416,.T.);
#5169=EDGE_CURVE('',#6417,#6418,#6419,.T.);
#5170=EDGE_CURVE('',#5629,#6418,#6420,.T.);
#5171=EDGE_CURVE('',#5644,#5637,#6421,.T.);
#5172=EDGE_CURVE('',#5641,#6417,#6422,.T.);
#5173=EDGE_CURVE('',#5763,#6355,#6423,.T.);
#5174=EDGE_CURVE('',#5811,#5773,#6424,.T.);
#5175=EDGE_CURVE('',#6341,#6349,#6425,.T.);
#5176=EDGE_CURVE('',#5756,#6339,#6426,.T.);
#5177=EDGE_CURVE('',#5753,#6351,#6427,.T.);
#5178=EDGE_CURVE('',#6428,#6429,#6430,.T.);
#5179=EDGE_CURVE('',#6429,#6431,#6432,.T.);
#5180=EDGE_CURVE('',#6431,#5705,#6433,.T.);
#5181=EDGE_CURVE('',#5709,#6434,#6435,.T.);
#5182=EDGE_CURVE('',#6434,#6436,#6437,.T.);
#5183=EDGE_CURVE('',#6436,#6428,#6438,.T.);
#5184=FILL_AREA_STYLE('',(#6439));
#5185=EDGE_CURVE('',#6440,#6441,#6442,.T.);
#5186=EDGE_CURVE('',#6440,#6443,#6444,.T.);
#5187=EDGE_CURVE('',#6441,#6443,#6445,.T.);
#5188=FILL_AREA_STYLE('',(#6446));
#5189=EDGE_CURVE('',#5758,#6324,#6447,.T.);
#5190=EDGE_CURVE('',#6337,#6448,#6449,.T.);
#5191=EDGE_CURVE('',#6448,#6450,#6451,.T.);
#5192=EDGE_CURVE('',#6327,#6450,#6452,.T.);
#5193=FILL_AREA_STYLE('',(#6453));
#5194=EDGE_CURVE('',#6454,#6455,#6456,.T.);
#5195=EDGE_CURVE('',#6457,#6454,#6458,.T.);
#5196=EDGE_CURVE('',#6457,#6459,#6460,.T.);
#5197=EDGE_CURVE('',#6455,#6459,#6461,.T.);
#5198=FILL_AREA_STYLE('',(#6462));
#5199=EDGE_CURVE('',#6463,#5817,#6464,.T.);
#5200=EDGE_CURVE('',#6465,#6463,#6466,.T.);
#5201=EDGE_CURVE('',#6134,#6465,#6467,.T.);
#5202=FILL_AREA_STYLE('',(#6468));
#5203=EDGE_CURVE('',#5762,#6233,#6469,.T.);
#5204=FILL_AREA_STYLE('',(#6470));
#5205=EDGE_CURVE('',#5780,#6471,#6472,.T.);
#5206=EDGE_CURVE('',#6267,#6471,#6473,.T.);
#5207=FILL_AREA_STYLE('',(#6474));
#5208=EDGE_CURVE('',#6475,#6476,#6477,.T.);
#5209=EDGE_CURVE('',#6476,#6142,#6478,.T.);
#5210=EDGE_CURVE('',#6270,#6479,#6480,.T.);
#5211=EDGE_CURVE('',#6481,#6479,#6482,.T.);
#5212=EDGE_CURVE('',#6483,#6481,#6484,.T.);
#5213=EDGE_CURVE('',#6483,#6475,#6485,.T.);
#5214=FILL_AREA_STYLE('',(#6486));
#5215=EDGE_CURVE('',#6085,#6487,#6488,.T.);
#5216=EDGE_CURVE('',#6135,#6487,#6489,.T.);
#5217=FILL_AREA_STYLE('',(#6490));
#5218=EDGE_CURVE('',#6463,#6239,#6491,.T.);
#5219=FILL_AREA_STYLE('',(#6492));
#5220=FILL_AREA_STYLE('',(#6493));
#5221=EDGE_CURVE('',#5840,#6061,#6494,.T.);
#5222=EDGE_CURVE('',#6059,#5842,#6495,.T.);
#5223=FILL_AREA_STYLE('',(#6496));
#5224=EDGE_CURVE('',#5848,#6053,#6497,.T.);
#5225=EDGE_CURVE('',#5846,#6055,#6498,.T.);
#5226=FILL_AREA_STYLE('',(#6499));
#5227=EDGE_CURVE('',#6057,#5844,#6500,.T.);
#5228=FILL_AREA_STYLE('',(#6501));
#5229=FILL_AREA_STYLE('',(#6502));
#5230=EDGE_CURVE('',#6503,#6268,#6504,.T.);
#5231=EDGE_CURVE('',#6503,#6476,#6505,.T.);
#5232=EDGE_CURVE('',#6475,#6506,#6507,.T.);
#5233=EDGE_CURVE('',#6506,#6508,#6509,.T.);
#5234=EDGE_CURVE('',#6508,#6510,#6511,.T.);
#5235=EDGE_CURVE('',#6510,#6512,#6513,.T.);
#5236=EDGE_CURVE('',#6479,#6512,#6514,.T.);
#5237=FILL_AREA_STYLE('',(#6515));
#5238=EDGE_CURVE('',#6235,#6357,#6516,.T.);
#5239=FILL_AREA_STYLE('',(#6517));
#5240=EDGE_CURVE('',#5754,#6346,#6518,.T.);
#5241=FILL_AREA_STYLE('',(#6519));
#5242=EDGE_CURVE('',#6347,#6325,#6520,.T.);
#5243=FILL_AREA_STYLE('',(#6521));
#5244=EDGE_CURVE('',#6522,#6215,#6523,.T.);
#5245=EDGE_CURVE('',#6522,#6217,#6524,.T.);
#5246=FILL_AREA_STYLE('',(#6525));
#5247=FILL_AREA_STYLE('',(#6526));
#5248=FILL_AREA_STYLE('',(#6527));
#5249=EDGE_CURVE('',#5837,#6064,#6528,.T.);
#5250=FILL_AREA_STYLE('',(#6529));
#5251=EDGE_CURVE('',#6530,#5960,#6531,.T.);
#5252=EDGE_CURVE('',#5933,#6532,#6533,.T.);
#5253=EDGE_CURVE('',#6530,#6532,#6534,.T.);
#5254=FILL_AREA_STYLE('',(#6535));
#5255=FILL_AREA_STYLE('',(#6536));
#5256=EDGE_CURVE('',#6363,#6154,#6537,.T.);
#5257=EDGE_CURVE('',#5830,#6224,#6538,.T.);
#5258=FILL_AREA_STYLE('',(#6539));
#5259=EDGE_CURVE('',#5881,#6012,#6540,.T.);
#5260=EDGE_CURVE('',#5828,#6227,#6541,.T.);
#5261=EDGE_CURVE('',#6361,#6152,#6542,.T.);
#5262=EDGE_CURVE('',#6543,#5679,#6544,.T.);
#5263=EDGE_CURVE('',#5687,#5694,#6545,.T.);
#5264=EDGE_CURVE('',#6546,#5691,#6547,.T.);
#5265=EDGE_CURVE('',#6543,#6546,#6548,.T.);
#5266=EDGE_CURVE('',#6549,#6550,#6551,.T.);
#5267=EDGE_CURVE('',#6549,#5655,#6552,.T.);
#5268=EDGE_CURVE('',#5663,#5670,#6553,.T.);
#5269=EDGE_CURVE('',#6550,#5667,#6554,.T.);
#5270=EDGE_CURVE('',#6471,#6503,#6555,.T.);
#5271=EDGE_CURVE('',#6285,#6556,#6557,.T.);
#5272=EDGE_CURVE('',#6300,#6289,#6558,.T.);
#5273=EDGE_CURVE('',#6556,#5735,#6559,.T.);
#5274=FILL_AREA_STYLE('',(#6560));
#5275=EDGE_CURVE('',#6556,#6296,#6561,.T.);
#5276=FILL_AREA_STYLE('',(#6562));
#5277=FILL_AREA_STYLE('',(#6563));
#5278=FILL_AREA_STYLE('',(#6564));
#5279=EDGE_CURVE('',#6565,#6046,#6566,.T.);
#5280=EDGE_CURVE('',#6565,#5722,#6567,.T.);
#5281=FILL_AREA_STYLE('',(#6568));
#5282=EDGE_CURVE('',#6569,#6565,#6570,.T.);
#5283=EDGE_CURVE('',#6571,#6569,#6572,.T.);
#5284=EDGE_CURVE('',#6100,#6571,#6573,.T.);
#5285=FILL_AREA_STYLE('',(#6574));
#5286=EDGE_CURVE('',#6569,#6044,#6575,.T.);
#5287=EDGE_CURVE('',#6571,#6042,#6576,.T.);
#5288=FILL_AREA_STYLE('',(#6577));
#5289=FILL_AREA_STYLE('',(#6578));
#5290=FILL_AREA_STYLE('',(#6579));
#5291=FILL_AREA_STYLE('',(#6580));
#5292=FILL_AREA_STYLE('',(#6581));
#5293=FILL_AREA_STYLE('',(#6582));
#5294=FILL_AREA_STYLE('',(#6583));
#5295=FILL_AREA_STYLE('',(#6584));
#5296=EDGE_CURVE('',#5716,#6585,#6586,.T.);
#5297=EDGE_CURVE('',#6585,#6412,#6587,.T.);
#5298=FILL_AREA_STYLE('',(#6588));
#5299=EDGE_CURVE('',#6409,#6589,#6590,.T.);
#5300=EDGE_CURVE('',#5713,#6589,#6591,.T.);
#5301=FILL_AREA_STYLE('',(#6592));
#5302=EDGE_CURVE('',#6593,#6407,#6594,.T.);
#5303=EDGE_CURVE('',#6593,#6589,#6595,.T.);
#5304=FILL_AREA_STYLE('',(#6596));
#5305=EDGE_CURVE('',#6593,#6597,#6598,.T.);
#5306=EDGE_CURVE('',#6597,#6406,#6599,.T.);
#5307=FILL_AREA_STYLE('',(#6600));
#5308=EDGE_CURVE('',#6601,#6597,#6602,.T.);
#5309=EDGE_CURVE('',#6585,#6601,#6603,.T.);
#5310=FILL_AREA_STYLE('',(#6604));
#5311=EDGE_CURVE('',#6601,#6414,#6605,.T.);
#5312=FILL_AREA_STYLE('',(#6606));
#5313=FILL_AREA_STYLE('',(#6607));
#5314=EDGE_CURVE('',#6608,#6609,#6610,.T.);
#5315=EDGE_CURVE('',#6608,#6436,#6611,.T.);
#5316=EDGE_CURVE('',#6609,#6434,#6612,.T.);
#5317=FILL_AREA_STYLE('',(#6613));
#5318=EDGE_CURVE('',#6614,#6608,#6615,.T.);
#5319=EDGE_CURVE('',#6614,#6428,#6616,.T.);
#5320=FILL_AREA_STYLE('',(#6617));
#5321=EDGE_CURVE('',#6609,#5707,#6618,.T.);
#5322=EDGE_CURVE('',#6619,#5704,#6620,.T.);
#5323=EDGE_CURVE('',#6619,#6621,#6622,.T.);
#5324=EDGE_CURVE('',#6621,#6614,#6623,.T.);
#5325=FILL_AREA_STYLE('',(#6624));
#5326=EDGE_CURVE('',#6431,#6619,#6625,.T.);
#5327=EDGE_CURVE('',#6621,#6429,#6626,.T.);
#5328=FILL_AREA_STYLE('',(#6627));
#5329=FILL_AREA_STYLE('',(#6628));
#5330=FILL_AREA_STYLE('',(#6629));
#5331=FILL_AREA_STYLE('',(#6630));
#5332=EDGE_CURVE('',#5982,#5911,#6631,.T.);
#5333=FILL_AREA_STYLE('',(#6632));
#5334=EDGE_CURVE('',#6633,#6634,#6635,.T.);
#5335=EDGE_CURVE('',#6634,#6633,#6636,.T.);
#5336=FILL_AREA_STYLE('',(#6637));
#5337=EDGE_CURVE('',#6638,#6639,#6640,.T.);
#5338=EDGE_CURVE('',#6638,#6641,#6642,.T.);
#5339=EDGE_CURVE('',#6641,#6643,#6644,.T.);
#5340=EDGE_CURVE('',#6643,#6645,#6646,.T.);
#5341=EDGE_CURVE('',#6645,#6634,#6647,.T.);
#5342=EDGE_CURVE('',#6648,#6633,#6649,.T.);
#5343=EDGE_CURVE('',#6648,#6639,#6650,.T.);
#5344=FILL_AREA_STYLE('',(#6651));
#5345=EDGE_CURVE('',#6639,#6652,#6653,.T.);
#5346=EDGE_CURVE('',#6654,#6652,#6655,.T.);
#5347=EDGE_CURVE('',#6654,#6638,#6656,.T.);
#5348=FILL_AREA_STYLE('',(#6657));
#5349=EDGE_CURVE('',#6658,#6654,#6659,.T.);
#5350=EDGE_CURVE('',#6658,#6641,#6660,.T.);
#5351=FILL_AREA_STYLE('',(#6661));
#5352=EDGE_CURVE('',#6658,#6662,#6663,.T.);
#5353=EDGE_CURVE('',#6662,#6643,#6664,.T.);
#5354=FILL_AREA_STYLE('',(#6665));
#5355=EDGE_CURVE('',#6645,#6662,#6666,.T.);
#5356=FILL_AREA_STYLE('',(#6667));
#5357=EDGE_CURVE('',#6652,#6648,#6668,.T.);
#5358=FILL_AREA_STYLE('',(#6669));
#5359=FILL_AREA_STYLE('',(#6670));
#5360=FILL_AREA_STYLE('',(#6671));
#5361=EDGE_CURVE('',#6672,#6530,#6673,.T.);
#5362=EDGE_CURVE('',#6674,#6672,#6675,.T.);
#5363=EDGE_CURVE('',#6674,#6676,#6677,.T.);
#5364=EDGE_CURVE('',#6678,#6676,#6679,.T.);
#5365=EDGE_CURVE('',#6678,#6680,#6681,.T.);
#5366=EDGE_CURVE('',#6682,#6680,#6683,.T.);
#5367=EDGE_CURVE('',#6682,#6532,#6684,.T.);
#5368=FILL_AREA_STYLE('',(#6685));
#5369=FILL_AREA_STYLE('',(#6686));
#5370=EDGE_CURVE('',#6687,#6208,#6688,.T.);
#5371=EDGE_CURVE('',#6209,#6687,#6689,.T.);
#5372=FILL_AREA_STYLE('',(#6690));
#5373=EDGE_CURVE('',#5696,#5685,#6691,.T.);
#5374=FILL_AREA_STYLE('',(#6692));
#5375=EDGE_CURVE('',#5692,#6693,#6694,.T.);
#5376=EDGE_CURVE('',#6695,#6693,#6696,.T.);
#5377=EDGE_CURVE('',#6695,#6697,#6698,.T.);
#5378=EDGE_CURVE('',#6697,#6546,#6699,.T.);
#5379=FILL_AREA_STYLE('',(#6700));
#5380=EDGE_CURVE('',#6701,#6702,#6703,.T.);
#5381=EDGE_CURVE('',#6702,#6704,#6705,.T.);
#5382=EDGE_CURVE('',#6706,#6704,#6707,.T.);
#5383=EDGE_CURVE('',#6708,#6706,#6709,.T.);
#5384=EDGE_CURVE('',#6710,#6708,#6711,.T.);
#5385=EDGE_CURVE('',#6710,#6701,#6712,.T.);
#5386=FILL_AREA_STYLE('',(#6713));
#5387=EDGE_CURVE('',#6706,#6714,#6715,.T.);
#5388=EDGE_CURVE('',#6704,#6695,#6716,.T.);
#5389=EDGE_CURVE('',#6693,#6717,#6718,.T.);
#5390=EDGE_CURVE('',#6714,#6717,#6719,.T.);
#5391=FILL_AREA_STYLE('',(#6720));
#5392=EDGE_CURVE('',#6721,#6702,#6722,.T.);
#5393=EDGE_CURVE('',#6723,#6721,#6724,.T.);
#5394=EDGE_CURVE('',#6697,#6723,#6725,.T.);
#5395=FILL_AREA_STYLE('',(#6726));
#5396=EDGE_CURVE('',#5681,#6727,#6728,.T.);
#5397=EDGE_CURVE('',#6721,#6727,#6729,.T.);
#5398=EDGE_CURVE('',#6701,#5683,#6730,.T.);
#5399=FILL_AREA_STYLE('',(#6731));
#5400=EDGE_CURVE('',#6714,#6732,#6733,.T.);
#5401=EDGE_CURVE('',#6734,#6717,#6735,.T.);
#5402=EDGE_CURVE('',#6734,#6732,#6736,.T.);
#5403=FILL_AREA_STYLE('',(#6737));
#5404=EDGE_CURVE('',#6732,#6708,#6738,.T.);
#5405=EDGE_CURVE('',#6734,#5700,#6739,.T.);
#5406=EDGE_CURVE('',#5698,#6710,#6740,.T.);
#5407=FILL_AREA_STYLE('',(#6741));
#5408=FILL_AREA_STYLE('',(#6742));
#5409=EDGE_CURVE('',#6723,#6543,#6743,.T.);
#5410=EDGE_CURVE('',#6727,#5678,#6744,.T.);
#5411=FILL_AREA_STYLE('',(#6745));
#5412=FILL_AREA_STYLE('',(#6746));
#5413=FILL_AREA_STYLE('',(#6747));
#5414=FILL_AREA_STYLE('',(#6748));
#5415=FILL_AREA_STYLE('',(#6749));
#5416=EDGE_CURVE('',#6750,#6751,#6752,.T.);
#5417=EDGE_CURVE('',#6751,#6753,#6754,.T.);
#5418=EDGE_CURVE('',#6753,#6755,#6756,.T.);
#5419=EDGE_CURVE('',#6757,#6755,#6758,.T.);
#5420=EDGE_CURVE('',#6757,#6750,#6759,.T.);
#5421=FILL_AREA_STYLE('',(#6760));
#5422=EDGE_CURVE('',#5668,#6761,#6762,.T.);
#5423=EDGE_CURVE('',#6763,#6761,#6764,.T.);
#5424=EDGE_CURVE('',#6765,#6763,#6766,.T.);
#5425=EDGE_CURVE('',#6767,#6765,#6768,.T.);
#5426=EDGE_CURVE('',#6767,#6769,#6770,.T.);
#5427=EDGE_CURVE('',#6550,#6769,#6771,.T.);
#5428=FILL_AREA_STYLE('',(#6772));
#5429=EDGE_CURVE('',#6773,#6774,#6775,.T.);
#5430=EDGE_CURVE('',#6776,#6773,#6777,.T.);
#5431=EDGE_CURVE('',#5659,#6776,#6778,.T.);
#5432=EDGE_CURVE('',#5657,#6779,#6780,.T.);
#5433=EDGE_CURVE('',#6774,#6779,#6781,.T.);
#5434=FILL_AREA_STYLE('',(#6782));
#5435=EDGE_CURVE('',#6783,#6549,#6784,.T.);
#5436=EDGE_CURVE('',#6783,#6785,#6786,.T.);
#5437=EDGE_CURVE('',#6774,#6785,#6787,.T.);
#5438=EDGE_CURVE('',#6779,#5654,#6788,.T.);
#5439=FILL_AREA_STYLE('',(#6789));
#5440=EDGE_CURVE('',#6769,#6783,#6790,.T.);
#5441=FILL_AREA_STYLE('',(#6791));
#5442=EDGE_CURVE('',#5672,#5661,#6792,.T.);
#5443=FILL_AREA_STYLE('',(#6793));
#5444=FILL_AREA_STYLE('',(#6794));
#5445=EDGE_CURVE('',#6795,#6773,#6796,.T.);
#5446=EDGE_CURVE('',#6755,#6795,#6797,.T.);
#5447=EDGE_CURVE('',#6753,#6776,#6798,.T.);
#5448=FILL_AREA_STYLE('',(#6799));
#5449=EDGE_CURVE('',#5674,#6751,#6800,.T.);
#5450=FILL_AREA_STYLE('',(#6801));
#5451=EDGE_CURVE('',#6767,#6785,#6802,.T.);
#5452=FILL_AREA_STYLE('',(#6803));
#5453=EDGE_CURVE('',#6795,#6765,#6804,.T.);
#5454=FILL_AREA_STYLE('',(#6805));
#5455=EDGE_CURVE('',#6763,#6757,#6806,.T.);
#5456=FILL_AREA_STYLE('',(#6807));
#5457=EDGE_CURVE('',#6750,#6761,#6808,.T.);
#5458=FILL_AREA_STYLE('',(#6809));
#5459=FILL_AREA_STYLE('',(#6810));
#5460=EDGE_CURVE('',#6811,#6417,#6812,.T.);
#5461=EDGE_CURVE('',#6811,#6813,#6814,.T.);
#5462=EDGE_CURVE('',#6813,#6418,#6815,.T.);
#5463=FILL_AREA_STYLE('',(#6816));
#5464=EDGE_CURVE('',#6817,#5642,#6818,.T.);
#5465=EDGE_CURVE('',#6819,#6817,#6820,.T.);
#5466=EDGE_CURVE('',#6811,#6819,#6821,.T.);
#5467=FILL_AREA_STYLE('',(#6822));
#5468=EDGE_CURVE('',#6823,#6824,#6825,.T.);
#5469=EDGE_CURVE('',#6823,#6826,#6827,.T.);
#5470=EDGE_CURVE('',#6826,#6828,#6829,.T.);
#5471=EDGE_CURVE('',#6828,#6830,#6831,.T.);
#5472=EDGE_CURVE('',#6832,#6830,#6833,.T.);
#5473=EDGE_CURVE('',#6824,#6832,#6834,.T.);
#5474=FILL_AREA_STYLE('',(#6835));
#5475=EDGE_CURVE('',#6836,#6837,#6838,.T.);
#5476=EDGE_CURVE('',#6824,#6837,#6839,.T.);
#5477=EDGE_CURVE('',#5633,#6832,#6840,.T.);
#5478=EDGE_CURVE('',#6836,#5631,#6841,.T.);
#5479=FILL_AREA_STYLE('',(#6842));
#5480=EDGE_CURVE('',#6830,#5648,#6843,.T.);
#5481=EDGE_CURVE('',#5646,#5635,#6844,.T.);
#5482=FILL_AREA_STYLE('',(#6845));
#5483=EDGE_CURVE('',#6837,#6813,#6846,.T.);
#5484=EDGE_CURVE('',#6819,#6823,#6847,.T.);
#5485=FILL_AREA_STYLE('',(#6848));
#5486=EDGE_CURVE('',#5628,#6836,#6849,.T.);
#5487=FILL_AREA_STYLE('',(#6850));
#5488=FILL_AREA_STYLE('',(#6851));
#5489=FILL_AREA_STYLE('',(#6852));
#5490=EDGE_CURVE('',#6853,#6817,#6854,.T.);
#5491=EDGE_CURVE('',#6853,#6855,#6856,.T.);
#5492=EDGE_CURVE('',#6855,#6826,#6857,.T.);
#5493=FILL_AREA_STYLE('',(#6858));
#5494=EDGE_CURVE('',#6853,#6859,#6860,.T.);
#5495=EDGE_CURVE('',#6861,#6859,#6862,.T.);
#5496=EDGE_CURVE('',#6861,#6855,#6863,.T.);
#5497=FILL_AREA_STYLE('',(#6864));
#5498=EDGE_CURVE('',#5650,#6859,#6865,.T.);
#5499=EDGE_CURVE('',#6828,#6861,#6866,.T.);
#5500=FILL_AREA_STYLE('',(#6867));
#5501=FILL_AREA_STYLE('',(#6868));
#5502=FILL_AREA_STYLE('',(#6869));
#5503=EDGE_CURVE('',#6870,#6465,#6871,.T.);
#5504=EDGE_CURVE('',#6487,#6870,#6872,.T.);
#5505=FILL_AREA_STYLE('',(#6873));
#5506=EDGE_CURVE('',#6870,#6237,#6874,.T.);
#5507=FILL_AREA_STYLE('',(#6875));
#5508=FILL_AREA_STYLE('',(#6876));
#5509=EDGE_CURVE('',#6672,#6682,#6877,.T.);
#5510=FILL_AREA_STYLE('',(#6878));
#5511=EDGE_CURVE('',#6522,#6879,#6880,.T.);
#5512=EDGE_CURVE('',#6879,#6881,#6882,.T.);
#5513=EDGE_CURVE('',#6674,#6881,#6883,.T.);
#5514=EDGE_CURVE('',#6884,#6680,#6885,.T.);
#5515=EDGE_CURVE('',#6886,#6884,#6887,.T.);
#5516=EDGE_CURVE('',#6888,#6886,#6889,.T.);
#5517=EDGE_CURVE('',#6890,#6888,#6891,.T.);
#5518=EDGE_CURVE('',#6890,#6441,#6892,.T.);
#5519=EDGE_CURVE('',#6893,#6443,#6894,.T.);
#5520=EDGE_CURVE('',#6895,#6893,#6896,.T.);
#5521=EDGE_CURVE('',#6895,#6687,#6897,.T.);
#5522=FILL_AREA_STYLE('',(#6898));
#5523=EDGE_CURVE('',#6881,#6899,#6900,.T.);
#5524=EDGE_CURVE('',#6899,#6676,#6901,.T.);
#5525=FILL_AREA_STYLE('',(#6902));
#5526=EDGE_CURVE('',#6899,#6903,#6904,.T.);
#5527=EDGE_CURVE('',#6905,#6903,#6906,.T.);
#5528=EDGE_CURVE('',#6907,#6905,#6908,.T.);
#5529=EDGE_CURVE('',#6678,#6907,#6909,.T.);
#5530=EDGE_CURVE('',#6910,#6911,#6912,.T.);
#5531=EDGE_CURVE('',#6913,#6911,#6914,.T.);
#5532=EDGE_CURVE('',#6913,#6915,#6916,.T.);
#5533=EDGE_CURVE('',#6915,#6910,#6917,.T.);
#5534=FILL_AREA_STYLE('',(#6918));
#5535=EDGE_CURVE('',#6213,#6879,#6919,.T.);
#5536=EDGE_CURVE('',#6211,#6920,#6921,.T.);
#5537=EDGE_CURVE('',#6903,#6920,#6922,.T.);
#5538=FILL_AREA_STYLE('',(#6923));
#5539=FILL_AREA_STYLE('',(#6924));
#5540=EDGE_CURVE('',#6925,#6459,#6926,.T.);
#5541=EDGE_CURVE('',#6925,#6927,#6928,.T.);
#5542=EDGE_CURVE('',#6927,#6209,#6929,.T.);
#5543=EDGE_CURVE('',#6455,#6895,#6930,.T.);
#5544=FILL_AREA_STYLE('',(#6931));
#5545=EDGE_CURVE('',#6457,#6280,#6932,.T.);
#5546=EDGE_CURVE('',#6933,#6278,#6934,.T.);
#5547=EDGE_CURVE('',#6933,#6925,#6935,.T.);
#5548=FILL_AREA_STYLE('',(#6936));
#5549=EDGE_CURVE('',#6937,#6938,#6939,.T.);
#5550=EDGE_CURVE('',#6940,#6937,#6941,.T.);
#5551=EDGE_CURVE('',#6440,#6940,#6942,.T.);
#5552=EDGE_CURVE('',#6938,#6890,#6943,.T.);
#5553=FILL_AREA_STYLE('',(#6944));
#5554=EDGE_CURVE('',#6907,#6884,#6945,.T.);
#5555=EDGE_CURVE('',#6905,#6946,#6947,.T.);
#5556=EDGE_CURVE('',#6940,#6946,#6948,.T.);
#5557=EDGE_CURVE('',#6937,#6886,#6949,.T.);
#5558=FILL_AREA_STYLE('',(#6950));
#5559=FILL_AREA_STYLE('',(#6951));
#5560=EDGE_CURVE('',#6888,#6938,#6952,.T.);
#5561=FILL_AREA_STYLE('',(#6953));
#5562=EDGE_CURVE('',#6276,#6454,#6954,.T.);
#5563=FILL_AREA_STYLE('',(#6955));
#5564=EDGE_CURVE('',#6275,#6893,#6956,.T.);
#5565=FILL_AREA_STYLE('',(#6957));
#5566=FILL_AREA_STYLE('',(#6958));
#5567=EDGE_CURVE('',#6959,#6920,#6960,.T.);
#5568=EDGE_CURVE('',#6961,#6959,#6962,.T.);
#5569=EDGE_CURVE('',#6946,#6961,#6963,.T.);
#5570=FILL_AREA_STYLE('',(#6964));
#5571=EDGE_CURVE('',#6965,#6440,#6966,.T.);
#5572=EDGE_CURVE('',#6933,#6965,#6967,.T.);
#5573=FILL_AREA_STYLE('',(#6968));
#5574=EDGE_CURVE('',#6965,#6969,#6970,.T.);
#5575=EDGE_CURVE('',#6969,#6971,#6972,.T.);
#5576=EDGE_CURVE('',#6927,#6971,#6973,.T.);
#5577=FILL_AREA_STYLE('',(#6974));
#5578=EDGE_CURVE('',#6969,#6961,#6975,.T.);
#5579=EDGE_CURVE('',#6971,#6959,#6976,.T.);
#5580=FILL_AREA_STYLE('',(#6977));
#5581=EDGE_CURVE('',#6978,#6911,#6979,.T.);
#5582=EDGE_CURVE('',#6978,#6980,#6981,.T.);
#5583=EDGE_CURVE('',#6980,#6913,#6982,.T.);
#5584=FILL_AREA_STYLE('',(#6983));
#5585=EDGE_CURVE('',#6980,#6984,#6985,.T.);
#5586=EDGE_CURVE('',#6984,#6915,#6986,.T.);
#5587=FILL_AREA_STYLE('',(#6987));
#5588=EDGE_CURVE('',#6988,#6984,#6989,.T.);
#5589=EDGE_CURVE('',#6988,#6910,#6990,.T.);
#5590=FILL_AREA_STYLE('',(#6991));
#5591=EDGE_CURVE('',#6978,#6988,#6992,.T.);
#5592=FILL_AREA_STYLE('',(#6993));
#5593=FILL_AREA_STYLE('',(#6994));
#5594=EDGE_CURVE('',#6995,#6483,#6996,.T.);
#5595=EDGE_CURVE('',#6995,#6506,#6997,.T.);
#5596=FILL_AREA_STYLE('',(#6998));
#5597=EDGE_CURVE('',#6999,#7000,#7001,.T.);
#5598=EDGE_CURVE('',#6512,#7000,#7002,.T.);
#5599=EDGE_CURVE('',#6510,#6999,#7003,.T.);
#5600=FILL_AREA_STYLE('',(#7004));
#5601=EDGE_CURVE('',#7005,#6999,#7006,.T.);
#5602=EDGE_CURVE('',#7005,#6508,#7007,.T.);
#5603=FILL_AREA_STYLE('',(#7008));
#5604=EDGE_CURVE('',#6995,#7005,#7009,.T.);
#5605=FILL_AREA_STYLE('',(#7010));
#5606=EDGE_CURVE('',#7000,#6481,#7011,.T.);
#5607=FILL_AREA_STYLE('',(#7012));
#5608=FILL_AREA_STYLE('',(#7013));
#5609=EDGE_CURVE('',#7014,#6450,#7015,.T.);
#5610=EDGE_CURVE('',#7014,#6329,#7016,.T.);
#5611=FILL_AREA_STYLE('',(#7017));
#5612=EDGE_CURVE('',#6335,#7018,#7019,.T.);
#5613=EDGE_CURVE('',#6333,#7020,#7021,.T.);
#5614=EDGE_CURVE('',#7020,#7018,#7022,.T.);
#5615=FILL_AREA_STYLE('',(#7023));
#5616=EDGE_CURVE('',#6448,#7018,#7024,.T.);
#5617=EDGE_CURVE('',#7025,#7020,#7026,.T.);
#5618=EDGE_CURVE('',#7014,#7025,#7027,.T.);
#5619=FILL_AREA_STYLE('',(#7028));
#5620=FILL_AREA_STYLE('',(#7029));
#5621=EDGE_CURVE('',#7025,#6331,#7030,.T.);
#5622=FILL_AREA_STYLE('',(#7031));
#5623=FILL_AREA_STYLE('',(#7032));
#5624=FILL_AREA_STYLE('',(#7033));
#5625=FILL_AREA_STYLE('',(#7034));
#5626=FILL_AREA_STYLE('',(#7035));
#5627=FILL_AREA_STYLE_COLOUR('',#7036);
#5628=VERTEX_POINT('',#7037);
#5629=VERTEX_POINT('',#7038);
#5630=LINE('',#7039,#7040);
#5631=VERTEX_POINT('',#7041);
#5632=ELLIPSE('',#7042,8.2817055410338,3.5);
#5633=VERTEX_POINT('',#7043);
#5634=ELLIPSE('',#7044,4.04145188390708,3.5);
#5635=VERTEX_POINT('',#7045);
#5636=ELLIPSE('',#7046,5.44503339401144,3.5);
#5637=VERTEX_POINT('',#7047);
#5638=LINE('',#7048,#7049);
#5639=CIRCLE('',#7050,3.5);
#5640=FILL_AREA_STYLE_COLOUR('',#7051);
#5641=VERTEX_POINT('',#7052);
#5642=VERTEX_POINT('',#7053);
#5643=LINE('',#7054,#7055);
#5644=VERTEX_POINT('',#7056);
#5645=CIRCLE('',#7057,3.5);
#5646=VERTEX_POINT('',#7058);
#5647=LINE('',#7059,#7060);
#5648=VERTEX_POINT('',#7061);
#5649=ELLIPSE('',#7062,5.44503339401144,3.5);
#5650=VERTEX_POINT('',#7063);
#5651=LINE('',#7064,#7065);
#5652=ELLIPSE('',#7066,8.2817055410337,3.5);
#5653=FILL_AREA_STYLE_COLOUR('',#7067);
#5654=VERTEX_POINT('',#7068);
#5655=VERTEX_POINT('',#7069);
#5656=LINE('',#7070,#7071);
#5657=VERTEX_POINT('',#7072);
#5658=ELLIPSE('',#7073,8.2817055410338,3.5);
#5659=VERTEX_POINT('',#7074);
#5660=ELLIPSE('',#7075,4.04145188390708,3.5);
#5661=VERTEX_POINT('',#7076);
#5662=ELLIPSE('',#7077,5.44503339401144,3.5);
#5663=VERTEX_POINT('',#7078);
#5664=LINE('',#7079,#7080);
#5665=CIRCLE('',#7081,3.5);
#5666=FILL_AREA_STYLE_COLOUR('',#7082);
#5667=VERTEX_POINT('',#7083);
#5668=VERTEX_POINT('',#7084);
#5669=LINE('',#7085,#7086);
#5670=VERTEX_POINT('',#7087);
#5671=CIRCLE('',#7088,3.5);
#5672=VERTEX_POINT('',#7089);
#5673=LINE('',#7090,#7091);
#5674=VERTEX_POINT('',#7092);
#5675=ELLIPSE('',#7093,5.44503339401144,3.5);
#5676=ELLIPSE('',#7094,8.2817055410337,3.5);
#5677=FILL_AREA_STYLE_COLOUR('',#7095);
#5678=VERTEX_POINT('',#7096);
#5679=VERTEX_POINT('',#7097);
#5680=LINE('',#7098,#7099);
#5681=VERTEX_POINT('',#7100);
#5682=ELLIPSE('',#7101,8.2817055410338,3.5);
#5683=VERTEX_POINT('',#7102);
#5684=ELLIPSE('',#7103,4.04145188390708,3.5);
#5685=VERTEX_POINT('',#7104);
#5686=ELLIPSE('',#7105,5.44503339401144,3.5);
#5687=VERTEX_POINT('',#7106);
#5688=LINE('',#7107,#7108);
#5689=CIRCLE('',#7109,3.5);
#5690=FILL_AREA_STYLE_COLOUR('',#7110);
#5691=VERTEX_POINT('',#7111);
#5692=VERTEX_POINT('',#7112);
#5693=LINE('',#7113,#7114);
#5694=VERTEX_POINT('',#7115);
#5695=CIRCLE('',#7116,3.5);
#5696=VERTEX_POINT('',#7117);
#5697=LINE('',#7118,#7119);
#5698=VERTEX_POINT('',#7120);
#5699=ELLIPSE('',#7121,5.44503339401144,3.5);
#5700=VERTEX_POINT('',#7122);
#5701=LINE('',#7123,#7124);
#5702=ELLIPSE('',#7125,8.2817055410337,3.5);
#5703=FILL_AREA_STYLE_COLOUR('',#7126);
#5704=VERTEX_POINT('',#7127);
#5705=VERTEX_POINT('',#7128);
#5706=LINE('',#7129,#7130);
#5707=VERTEX_POINT('',#7131);
#5708=ELLIPSE('',#7132,3.77232067146281,2.67777777777775);
#5709=VERTEX_POINT('',#7133);
#5710=LINE('',#7134,#7135);
#5711=CIRCLE('',#7136,2.67777777777775);
#5712=FILL_AREA_STYLE_COLOUR('',#7137);
#5713=VERTEX_POINT('',#7138);
#5714=VERTEX_POINT('',#7139);
#5715=LINE('',#7140,#7141);
#5716=VERTEX_POINT('',#7142);
#5717=ELLIPSE('',#7143,3.77232067146281,2.67777777777775);
#5718=VERTEX_POINT('',#7144);
#5719=LINE('',#7145,#7146);
#5720=CIRCLE('',#7147,2.67777777777775);
#5721=FILL_AREA_STYLE_COLOUR('',#7148);
#5722=VERTEX_POINT('',#7149);
#5723=VERTEX_POINT('',#7150);
#5724=LINE('',#7151,#7152);
#5725=VERTEX_POINT('',#7153);
#5726=CIRCLE('',#7154,0.899999999999826);
#5727=VERTEX_POINT('',#7155);
#5728=LINE('',#7156,#7157);
#5729=VERTEX_POINT('',#7158);
#5730=CIRCLE('',#7159,0.899999999999826);
#5731=VERTEX_POINT('',#7160);
#5732=LINE('',#7161,#7162);
#5733=CIRCLE('',#7163,0.899999999999826);
#5734=FILL_AREA_STYLE_COLOUR('',#7164);
#5735=VERTEX_POINT('',#7165);
#5736=VERTEX_POINT('',#7166);
#5737=LINE('',#7167,#7168);
#5738=VERTEX_POINT('',#7169);
#5739=CIRCLE('',#7170,2.67777777777775);
#5740=VERTEX_POINT('',#7171);
#5741=LINE('',#7172,#7173);
#5742=ELLIPSE('',#7174,3.77232067146283,2.67777777777775);
#5743=FILL_AREA_STYLE_COLOUR('',#7175);
#5744=VERTEX_POINT('',#7176);
#5745=VERTEX_POINT('',#7177);
#5746=LINE('',#7178,#7179);
#5747=VERTEX_POINT('',#7180);
#5748=CIRCLE('',#7181,0.700000000000186);
#5749=VERTEX_POINT('',#7182);
#5750=LINE('',#7183,#7184);
#5751=CIRCLE('',#7185,0.700000000000186);
#5752=FILL_AREA_STYLE_COLOUR('',#7186);
#5753=VERTEX_POINT('',#7187);
#5754=VERTEX_POINT('',#7188);
#5755=LINE('',#7189,#7190);
#5756=VERTEX_POINT('',#7191);
#5757=CIRCLE('',#7192,0.67);
#5758=VERTEX_POINT('',#7193);
#5759=LINE('',#7194,#7195);
#5760=B_SPLINE_CURVE_WITH_KNOTS('',3,(#7196,#7197,#7198,#7199,#7200,#7201,#7202,#7203,#7204,#7205,#7206,#7207,#7208,#7209,#7210,#7211,#7212,#7213,#7214,#7215,#7216,#7217,#7218,#7219,#7220,#7221,#7222,#7223,#7224,#7225,#7226,#7227,#7228,#7229,#7230,#7231,#7232,#7233,#7234,#7235,#7236,#7237,#7238,#7239,#7240,#7241,#7242,#7243,#7244,#7245,#7246,#7247,#7248,#7249,#7250,#7251,#7252,#7253,#7254,#7255,#7256,#7257,#7258,#7259,#7260,#7261,#7262,#7263,#7264,#7265,#7266,#7267,#7268,#7269,#7270,#7271,#7272,#7273,#7274,#7275,#7276,#7277,#7278,#7279,#7280,#7281,#7282,#7283,#7284,#7285,#7286,#7287,#7288,#7289),.UNSPECIFIED.,.F.,.F.,(4,3,3,3,3,3,3,3,3,3,3,3,3,3,3,3,3,3,3,3,3,3,3,3,3,3,3,3,3,3,3,4),(6.08160571098192E-15,0.0432868741619424,0.0864422077514937,0.129414487181647,0.172512158489036,0.215768149362341,0.259092410127327,0.302390309102517,0.345568962565876,0.388555164084237,0.431624514955887,0.474863857538661,0.518184293769919,0.561491445266157,0.604691811357088,0.647700541951881,0.690740123720517,0.733961142163995,0.777275956303761,0.820590546745014,0.863810916618666,0.906849494438976,0.949859111251922,0.993060188712892,1.03636763214561,1.07968788728537,1.12292655768064,1.16599477059614,1.20893910897647,1.25193872785873,1.29491290815511,1.3807288441079),.UNSPECIFIED.);
#5761=FILL_AREA_STYLE_COLOUR('',#7290);
#5762=VERTEX_POINT('',#7291);
#5763=VERTEX_POINT('',#7292);
#5764=LINE('',#7293,#7294);
#5765=VERTEX_POINT('',#7295);
#5766=ELLIPSE('',#7296,8.2817055410338,3.5);
#5767=VERTEX_POINT('',#7297);
#5768=ELLIPSE('',#7298,4.04145188390708,3.5);
#5769=VERTEX_POINT('',#7299);
#5770=LINE('',#7300,#7301);
#5771=VERTEX_POINT('',#7302);
#5772=ELLIPSE('',#7303,5.44503339401144,3.5);
#5773=VERTEX_POINT('',#7304);
#5774=LINE('',#7305,#7306);
#5775=CIRCLE('',#7307,3.5);
#5776=FILL_AREA_STYLE_COLOUR('',#7308);
#5777=VERTEX_POINT('',#7309);
#5778=VERTEX_POINT('',#7310);
#5779=LINE('',#7311,#7312);
#5780=VERTEX_POINT('',#7313);
#5781=CIRCLE('',#7314,0.67);
#5782=VERTEX_POINT('',#7315);
#5783=LINE('',#7316,#7317);
#5784=B_SPLINE_CURVE_WITH_KNOTS('',3,(#7318,#7319,#7320,#7321,#7322,#7323,#7324,#7325,#7326,#7327,#7328,#7329,#7330,#7331,#7332,#7333,#7334,#7335,#7336,#7337,#7338,#7339,#7340,#7341,#7342,#7343,#7344,#7345,#7346,#7347,#7348,#7349,#7350,#7351,#7352,#7353,#7354,#7355,#7356,#7357,#7358,#7359,#7360,#7361,#7362,#7363,#7364,#7365,#7366,#7367,#7368,#7369,#7370,#7371,#7372,#7373,#7374,#7375,#7376,#7377,#7378,#7379,#7380,#7381,#7382,#7383,#7384,#7385,#7386,#7387,#7388,#7389,#7390,#7391,#7392,#7393,#7394,#7395,#7396,#7397,#7398,#7399,#7400,#7401,#7402),.UNSPECIFIED.,.F.,.F.,(4,3,3,3,3,3,3,3,3,3,3,3,3,3,3,3,3,3,3,3,3,3,3,3,3,3,3,3,4),(4.38471570410735E-14,0.0858253313621667,0.171842616377216,0.214992435515731,0.258124345147506,0.301148139245634,0.344140780803631,0.387327524353502,0.430630430704476,0.473956419928295,0.517210871811845,0.560303968662038,0.60328151139604,0.646445503333755,0.689737903454409,0.733066351111082,0.776336088130332,0.819456279792368,0.862426313892551,0.905565887161006,0.948846007855187,0.992175139258299,1.03545847954555,1.12157537656556,1.16468895025756,1.20795502892351,1.25128303370146,1.29457823789924,1.38072884398866),.UNSPECIFIED.);
#5785=FILL_AREA_STYLE_COLOUR('',#7403);
#5786=VERTEX_POINT('',#7404);
#5787=VERTEX_POINT('',#7405);
#5788=LINE('',#7406,#7407);
#5789=VERTEX_POINT('',#7408);
#5790=CIRCLE('',#7409,36.42164);
#5791=VERTEX_POINT('',#7410);
#5792=LINE('',#7411,#7412);
#5793=VERTEX_POINT('',#7413);
#5794=CIRCLE('',#7414,36.42164);
#5795=VERTEX_POINT('',#7415);
#5796=LINE('',#7416,#7417);
#5797=CIRCLE('',#7418,36.42164);
#5798=FILL_AREA_STYLE_COLOUR('',#7419);
#5799=VERTEX_POINT('',#7420);
#5800=VERTEX_POINT('',#7421);
#5801=LINE('',#7422,#7423);
#5802=VERTEX_POINT('',#7424);
#5803=CIRCLE('',#7425,15.0);
#5804=VERTEX_POINT('',#7426);
#5805=LINE('',#7427,#7428);
#5806=CIRCLE('',#7429,15.0);
#5807=FILL_AREA_STYLE_COLOUR('',#7430);
#5808=VERTEX_POINT('',#7431);
#5809=VERTEX_POINT('',#7432);
#5810=LINE('',#7433,#7434);
#5811=VERTEX_POINT('',#7435);
#5812=CIRCLE('',#7436,3.5);
#5813=VERTEX_POINT('',#7437);
#5814=LINE('',#7438,#7439);
#5815=VERTEX_POINT('',#7440);
#5816=ELLIPSE('',#7441,5.44503339401144,3.5);
#5817=VERTEX_POINT('',#7442);
#5818=LINE('',#7443,#7444);
#5819=VERTEX_POINT('',#7445);
#5820=CIRCLE('',#7446,3.5);
#5821=VERTEX_POINT('',#7447);
#5822=B_SPLINE_CURVE_WITH_KNOTS('',3,(#7448,#7449,#7450,#7451,#7452,#7453,#7454,#7455,#7456,#7457,#7458,#7459,#7460),.UNSPECIFIED.,.F.,.F.,(4,3,3,3,4),(0.0,2.50753880337545,5.0150776067509,7.52261641012632,10.0301552135018),.UNSPECIFIED.);
#5823=ELLIPSE('',#7461,8.2817055410337,3.5);
#5824=FILL_AREA_STYLE_COLOUR('',#7462);
#5825=VERTEX_POINT('',#7463);
#5826=VERTEX_POINT('',#7464);
#5827=LINE('',#7465,#7466);
#5828=VERTEX_POINT('',#7467);
#5829=CIRCLE('',#7468,2.67777777777775);
#5830=VERTEX_POINT('',#7469);
#5831=LINE('',#7470,#7471);
#5832=ELLIPSE('',#7472,3.77232067146283,2.67777777777775);
#5833=FILL_AREA_STYLE_COLOUR('',#7473);
#5834=VERTEX_POINT('',#7474);
#5835=VERTEX_POINT('',#7475);
#5836=LINE('',#7476,#7477);
#5837=VERTEX_POINT('',#7478);
#5838=LINE('',#7479,#7480);
#5839=CIRCLE('',#7481,0.700000000000186);
#5840=VERTEX_POINT('',#7482);
#5841=CIRCLE('',#7483,0.799999999999994);
#5842=VERTEX_POINT('',#7484);
#5843=LINE('',#7485,#7486);
#5844=VERTEX_POINT('',#7487);
#5845=LINE('',#7488,#7489);
#5846=VERTEX_POINT('',#7490);
#5847=LINE('',#7491,#7492);
#5848=VERTEX_POINT('',#7493);
#5849=LINE('',#7494,#7495);
#5850=VERTEX_POINT('',#7496);
#5851=CIRCLE('',#7497,9.499999999999);
#5852=VERTEX_POINT('',#7498);
#5853=LINE('',#7499,#7500);
#5854=LINE('',#7501,#7502);
#5855=LINE('',#7503,#7504);
#5856=VERTEX_POINT('',#7505);
#5857=LINE('',#7506,#7507);
#5858=VERTEX_POINT('',#7508);
#5859=LINE('',#7509,#7510);
#5860=CIRCLE('',#7511,15.0);
#5861=VERTEX_POINT('',#7512);
#5862=LINE('',#7513,#7514);
#5863=VERTEX_POINT('',#7515);
#5864=LINE('',#7516,#7517);
#5865=VERTEX_POINT('',#7518);
#5866=LINE('',#7519,#7520);
#5867=VERTEX_POINT('',#7521);
#5868=LINE('',#7522,#7523);
#5869=VERTEX_POINT('',#7524);
#5870=LINE('',#7525,#7526);
#5871=VERTEX_POINT('',#7527);
#5872=LINE('',#7528,#7529);
#5873=VERTEX_POINT('',#7530);
#5874=LINE('',#7531,#7532);
#5875=VERTEX_POINT('',#7533);
#5876=LINE('',#7534,#7535);
#5877=VERTEX_POINT('',#7536);
#5878=LINE('',#7537,#7538);
#5879=VERTEX_POINT('',#7539);
#5880=LINE('',#7540,#7541);
#5881=VERTEX_POINT('',#7542);
#5882=LINE('',#7543,#7544);
#5883=VERTEX_POINT('',#7545);
#5884=LINE('',#7546,#7547);
#5885=VERTEX_POINT('',#7548);
#5886=LINE('',#7549,#7550);
#5887=VERTEX_POINT('',#7551);
#5888=LINE('',#7552,#7553);
#5889=VERTEX_POINT('',#7554);
#5890=LINE('',#7555,#7556);
#5891=VERTEX_POINT('',#7557);
#5892=LINE('',#7558,#7559);
#5893=VERTEX_POINT('',#7560);
#5894=LINE('',#7561,#7562);
#5895=VERTEX_POINT('',#7563);
#5896=LINE('',#7564,#7565);
#5897=VERTEX_POINT('',#7566);
#5898=LINE('',#7567,#7568);
#5899=VERTEX_POINT('',#7569);
#5900=LINE('',#7570,#7571);
#5901=VERTEX_POINT('',#7572);
#5902=LINE('',#7573,#7574);
#5903=VERTEX_POINT('',#7575);
#5904=LINE('',#7576,#7577);
#5905=VERTEX_POINT('',#7578);
#5906=LINE('',#7579,#7580);
#5907=VERTEX_POINT('',#7581);
#5908=LINE('',#7582,#7583);
#5909=VERTEX_POINT('',#7584);
#5910=LINE('',#7585,#7586);
#5911=VERTEX_POINT('',#7587);
#5912=LINE('',#7588,#7589);
#5913=VERTEX_POINT('',#7590);
#5914=LINE('',#7591,#7592);
#5915=VERTEX_POINT('',#7593);
#5916=LINE('',#7594,#7595);
#5917=VERTEX_POINT('',#7596);
#5918=LINE('',#7597,#7598);
#5919=VERTEX_POINT('',#7599);
#5920=LINE('',#7600,#7601);
#5921=VERTEX_POINT('',#7602);
#5922=LINE('',#7603,#7604);
#5923=VERTEX_POINT('',#7605);
#5924=LINE('',#7606,#7607);
#5925=VERTEX_POINT('',#7608);
#5926=LINE('',#7609,#7610);
#5927=VERTEX_POINT('',#7611);
#5928=LINE('',#7612,#7613);
#5929=VERTEX_POINT('',#7614);
#5930=LINE('',#7615,#7616);
#5931=VERTEX_POINT('',#7617);
#5932=LINE('',#7618,#7619);
#5933=VERTEX_POINT('',#7620);
#5934=LINE('',#7621,#7622);
#5935=VERTEX_POINT('',#7623);
#5936=LINE('',#7624,#7625);
#5937=VERTEX_POINT('',#7626);
#5938=LINE('',#7627,#7628);
#5939=VERTEX_POINT('',#7629);
#5940=CIRCLE('',#7630,9.499999999999);
#5941=VERTEX_POINT('',#7631);
#5942=LINE('',#7632,#7633);
#5943=VERTEX_POINT('',#7634);
#5944=LINE('',#7635,#7636);
#5945=LINE('',#7637,#7638);
#5946=FILL_AREA_STYLE_COLOUR('',#7639);
#5947=VERTEX_POINT('',#7640);
#5948=VERTEX_POINT('',#7641);
#5949=LINE('',#7642,#7643);
#5950=VERTEX_POINT('',#7644);
#5951=LINE('',#7645,#7646);
#5952=VERTEX_POINT('',#7647);
#5953=LINE('',#7648,#7649);
#5954=VERTEX_POINT('',#7650);
#5955=LINE('',#7651,#7652);
#5956=VERTEX_POINT('',#7653);
#5957=CIRCLE('',#7654,9.499999999999);
#5958=VERTEX_POINT('',#7655);
#5959=LINE('',#7656,#7657);
#5960=VERTEX_POINT('',#7658);
#5961=LINE('',#7659,#7660);
#5962=VERTEX_POINT('',#7661);
#5963=LINE('',#7662,#7663);
#5964=VERTEX_POINT('',#7664);
#5965=LINE('',#7665,#7666);
#5966=VERTEX_POINT('',#7667);
#5967=LINE('',#7668,#7669);
#5968=VERTEX_POINT('',#7670);
#5969=LINE('',#7671,#7672);
#5970=VERTEX_POINT('',#7673);
#5971=LINE('',#7674,#7675);
#5972=VERTEX_POINT('',#7676);
#5973=LINE('',#7677,#7678);
#5974=VERTEX_POINT('',#7679);
#5975=LINE('',#7680,#7681);
#5976=VERTEX_POINT('',#7682);
#5977=LINE('',#7683,#7684);
#5978=VERTEX_POINT('',#7685);
#5979=LINE('',#7686,#7687);
#5980=VERTEX_POINT('',#7688);
#5981=LINE('',#7689,#7690);
#5982=VERTEX_POINT('',#7691);
#5983=LINE('',#7692,#7693);
#5984=VERTEX_POINT('',#7694);
#5985=LINE('',#7695,#7696);
#5986=VERTEX_POINT('',#7697);
#5987=LINE('',#7698,#7699);
#5988=VERTEX_POINT('',#7700);
#5989=LINE('',#7701,#7702);
#5990=VERTEX_POINT('',#7703);
#5991=LINE('',#7704,#7705);
#5992=VERTEX_POINT('',#7706);
#5993=LINE('',#7707,#7708);
#5994=VERTEX_POINT('',#7709);
#5995=LINE('',#7710,#7711);
#5996=VERTEX_POINT('',#7712);
#5997=LINE('',#7713,#7714);
#5998=VERTEX_POINT('',#7715);
#5999=LINE('',#7716,#7717);
#6000=VERTEX_POINT('',#7718);
#6001=LINE('',#7719,#7720);
#6002=VERTEX_POINT('',#7721);
#6003=LINE('',#7722,#7723);
#6004=VERTEX_POINT('',#7724);
#6005=LINE('',#7725,#7726);
#6006=VERTEX_POINT('',#7727);
#6007=LINE('',#7728,#7729);
#6008=VERTEX_POINT('',#7730);
#6009=LINE('',#7731,#7732);
#6010=VERTEX_POINT('',#7733);
#6011=LINE('',#7734,#7735);
#6012=VERTEX_POINT('',#7736);
#6013=LINE('',#7737,#7738);
#6014=VERTEX_POINT('',#7739);
#6015=LINE('',#7740,#7741);
#6016=VERTEX_POINT('',#7742);
#6017=LINE('',#7743,#7744);
#6018=VERTEX_POINT('',#7745);
#6019=LINE('',#7746,#7747);
#6020=VERTEX_POINT('',#7748);
#6021=LINE('',#7749,#7750);
#6022=VERTEX_POINT('',#7751);
#6023=LINE('',#7752,#7753);
#6024=VERTEX_POINT('',#7754);
#6025=LINE('',#7755,#7756);
#6026=VERTEX_POINT('',#7757);
#6027=LINE('',#7758,#7759);
#6028=VERTEX_POINT('',#7760);
#6029=LINE('',#7761,#7762);
#6030=VERTEX_POINT('',#7763);
#6031=LINE('',#7764,#7765);
#6032=VERTEX_POINT('',#7766);
#6033=LINE('',#7767,#7768);
#6034=LINE('',#7769,#7770);
#6035=VERTEX_POINT('',#7771);
#6036=CIRCLE('',#7772,15.0);
#6037=VERTEX_POINT('',#7773);
#6038=LINE('',#7774,#7775);
#6039=LINE('',#7776,#7777);
#6040=VERTEX_POINT('',#7778);
#6041=CIRCLE('',#7779,36.42164);
#6042=VERTEX_POINT('',#7780);
#6043=LINE('',#7781,#7782);
#6044=VERTEX_POINT('',#7783);
#6045=LINE('',#7784,#7785);
#6046=VERTEX_POINT('',#7786);
#6047=LINE('',#7787,#7788);
#6048=CIRCLE('',#7789,0.899999999999826);
#6049=VERTEX_POINT('',#7790);
#6050=LINE('',#7791,#7792);
#6051=VERTEX_POINT('',#7793);
#6052=LINE('',#7794,#7795);
#6053=VERTEX_POINT('',#7796);
#6054=CIRCLE('',#7797,9.499999999999);
#6055=VERTEX_POINT('',#7798);
#6056=LINE('',#7799,#7800);
#6057=VERTEX_POINT('',#7801);
#6058=LINE('',#7802,#7803);
#6059=VERTEX_POINT('',#7804);
#6060=LINE('',#7805,#7806);
#6061=VERTEX_POINT('',#7807);
#6062=LINE('',#7808,#7809);
#6063=CIRCLE('',#7810,0.799999999999994);
#6064=VERTEX_POINT('',#7811);
#6065=CIRCLE('',#7812,0.700000000000186);
#6066=LINE('',#7813,#7814);
#6067=FILL_AREA_STYLE_COLOUR('',#7815);
#6068=LINE('',#7816,#7817);
#6069=LINE('',#7818,#7819);
#6070=FILL_AREA_STYLE_COLOUR('',#7820);
#6071=LINE('',#7821,#7822);
#6072=LINE('',#7823,#7824);
#6073=FILL_AREA_STYLE_COLOUR('',#7825);
#6074=LINE('',#7826,#7827);
#6075=LINE('',#7828,#7829);
#6076=FILL_AREA_STYLE_COLOUR('',#7830);
#6077=VERTEX_POINT('',#7831);
#6078=ELLIPSE('',#7832,3.77232067146283,2.67777777777775);
#6079=VERTEX_POINT('',#7833);
#6080=LINE('',#7834,#7835);
#6081=CIRCLE('',#7836,2.67777777777775);
#6082=FILL_AREA_STYLE_COLOUR('',#7837);
#6083=LINE('',#7838,#7839);
#6084=FILL_AREA_STYLE_COLOUR('',#7840);
#6085=VERTEX_POINT('',#7841);
#6086=ELLIPSE('',#7842,8.2817055410337,3.5);
#6087=VERTEX_POINT('',#7843);
#6088=ELLIPSE('',#7844,5.44503339401144,3.5);
#6089=VERTEX_POINT('',#7845);
#6090=LINE('',#7846,#7847);
#6091=CIRCLE('',#7848,3.5);
#6092=FILL_AREA_STYLE_COLOUR('',#7849);
#6093=LINE('',#7850,#7851);
#6094=LINE('',#7852,#7853);
#6095=FILL_AREA_STYLE_COLOUR('',#7854);
#6096=LINE('',#7855,#7856);
#6097=FILL_AREA_STYLE_COLOUR('',#7857);
#6098=LINE('',#7858,#7859);
#6099=FILL_AREA_STYLE_COLOUR('',#7860);
#6100=VERTEX_POINT('',#7861);
#6101=CIRCLE('',#7862,36.42164);
#6102=LINE('',#7863,#7864);
#6103=FILL_AREA_STYLE_COLOUR('',#7865);
#6104=FILL_AREA_STYLE_COLOUR('',#7866);
#6105=LINE('',#7867,#7868);
#6106=FILL_AREA_STYLE_COLOUR('',#7869);
#6107=LINE('',#7870,#7871);
#6108=FILL_AREA_STYLE_COLOUR('',#7872);
#6109=LINE('',#7873,#7874);
#6110=FILL_AREA_STYLE_COLOUR('',#7875);
#6111=LINE('',#7876,#7877);
#6112=FILL_AREA_STYLE_COLOUR('',#7878);
#6113=LINE('',#7879,#7880);
#6114=FILL_AREA_STYLE_COLOUR('',#7881);
#6115=LINE('',#7882,#7883);
#6116=FILL_AREA_STYLE_COLOUR('',#7884);
#6117=LINE('',#7885,#7886);
#6118=FILL_AREA_STYLE_COLOUR('',#7887);
#6119=FILL_AREA_STYLE_COLOUR('',#7888);
#6120=LINE('',#7889,#7890);
#6121=FILL_AREA_STYLE_COLOUR('',#7891);
#6122=VERTEX_POINT('',#7892);
#6123=VERTEX_POINT('',#7893);
#6124=LINE('',#7894,#7895);
#6125=VERTEX_POINT('',#7896);
#6126=LINE('',#7897,#7898);
#6127=VERTEX_POINT('',#7899);
#6128=LINE('',#7900,#7901);
#6129=LINE('',#7902,#7903);
#6130=FILL_AREA_STYLE_COLOUR('',#7904);
#6131=LINE('',#7905,#7906);
#6132=LINE('',#7907,#7908);
#6133=FILL_AREA_STYLE_COLOUR('',#7909);
#6134=VERTEX_POINT('',#7910);
#6135=VERTEX_POINT('',#7911);
#6136=LINE('',#7912,#7913);
#6137=LINE('',#7914,#7915);
#6138=LINE('',#7916,#7917);
#6139=FILL_AREA_STYLE_COLOUR('',#7918);
#6140=VERTEX_POINT('',#7919);
#6141=B_SPLINE_CURVE_WITH_KNOTS('',3,(#7920,#7921,#7922,#7923,#7924,#7925,#7926,#7927,#7928,#7929,#7930,#7931,#7932,#7933,#7934,#7935,#7936,#7937,#7938,#7939,#7940,#7941,#7942,#7943,#7944,#7945,#7946,#7947,#7948,#7949,#7950,#7951,#7952,#7953,#7954,#7955,#7956,#7957,#7958,#7959,#7960,#7961,#7962,#7963,#7964,#7965,#7966,#7967,#7968,#7969,#7970,#7971,#7972,#7973,#7974,#7975,#7976,#7977,#7978,#7979,#7980,#7981,#7982,#7983,#7984,#7985,#7986,#7987,#7988,#7989,#7990,#7991,#7992,#7993,#7994,#7995,#7996,#7997,#7998,#7999,#8000,#8001,#8002,#8003,#8004),.UNSPECIFIED.,.F.,.F.,(4,3,3,3,3,3,3,3,3,3,3,3,3,3,3,3,3,3,3,3,3,3,3,3,3,3,3,3,4),(4.38471570410735E-14,0.0858253313621667,0.171842616377216,0.214992435515731,0.258124345147506,0.301148139245634,0.344140780803631,0.387327524353502,0.430630430704476,0.473956419928295,0.517210871811845,0.560303968662038,0.60328151139604,0.646445503333755,0.689737903454409,0.733066351111082,0.776336088130332,0.819456279792368,0.862426313892551,0.905565887161006,0.948846007855187,0.992175139258299,1.03545847954555,1.12157537656556,1.16468895025756,1.20795502892351,1.25128303370146,1.29457823789924,1.38072884398866),.UNSPECIFIED.);
#6142=VERTEX_POINT('',#8005);
#6143=LINE('',#8006,#8007);
#6144=CIRCLE('',#8008,0.67);
#6145=FILL_AREA_STYLE_COLOUR('',#8009);
#6146=VERTEX_POINT('',#8010);
#6147=VERTEX_POINT('',#8011);
#6148=LINE('',#8012,#8013);
#6149=LINE('',#8014,#8015);
#6150=LINE('',#8016,#8017);
#6151=FILL_AREA_STYLE_COLOUR('',#8018);
#6152=VERTEX_POINT('',#8019);
#6153=LINE('',#8020,#8021);
#6154=VERTEX_POINT('',#8022);
#6155=LINE('',#8023,#8024);
#6156=LINE('',#8025,#8026);
#6157=FILL_AREA_STYLE_COLOUR('',#8027);
#6158=VERTEX_POINT('',#8028);
#6159=LINE('',#8029,#8030);
#6160=VERTEX_POINT('',#8031);
#6161=LINE('',#8032,#8033);
#6162=LINE('',#8034,#8035);
#6163=FILL_AREA_STYLE_COLOUR('',#8036);
#6164=VERTEX_POINT('',#8037);
#6165=LINE('',#8038,#8039);
#6166=VERTEX_POINT('',#8040);
#6167=LINE('',#8041,#8042);
#6168=VERTEX_POINT('',#8043);
#6169=LINE('',#8044,#8045);
#6170=VERTEX_POINT('',#8046);
#6171=LINE('',#8047,#8048);
#6172=VERTEX_POINT('',#8049);
#6173=LINE('',#8050,#8051);
#6174=VERTEX_POINT('',#8052);
#6175=LINE('',#8053,#8054);
#6176=VERTEX_POINT('',#8055);
#6177=LINE('',#8056,#8057);
#6178=VERTEX_POINT('',#8058);
#6179=LINE('',#8059,#8060);
#6180=LINE('',#8061,#8062);
#6181=VERTEX_POINT('',#8063);
#6182=LINE('',#8064,#8065);
#6183=VERTEX_POINT('',#8066);
#6184=LINE('',#8067,#8068);
#6185=VERTEX_POINT('',#8069);
#6186=LINE('',#8070,#8071);
#6187=VERTEX_POINT('',#8072);
#6188=LINE('',#8073,#8074);
#6189=VERTEX_POINT('',#8075);
#6190=LINE('',#8076,#8077);
#6191=VERTEX_POINT('',#8078);
#6192=LINE('',#8079,#8080);
#6193=LINE('',#8081,#8082);
#6194=LINE('',#8083,#8084);
#6195=FILL_AREA_STYLE_COLOUR('',#8085);
#6196=VERTEX_POINT('',#8086);
#6197=LINE('',#8087,#8088);
#6198=VERTEX_POINT('',#8089);
#6199=LINE('',#8090,#8091);
#6200=LINE('',#8092,#8093);
#6201=FILL_AREA_STYLE_COLOUR('',#8094);
#6202=VERTEX_POINT('',#8095);
#6203=LINE('',#8096,#8097);
#6204=VERTEX_POINT('',#8098);
#6205=LINE('',#8099,#8100);
#6206=LINE('',#8101,#8102);
#6207=FILL_AREA_STYLE_COLOUR('',#8103);
#6208=VERTEX_POINT('',#8104);
#6209=VERTEX_POINT('',#8105);
#6210=LINE('',#8106,#8107);
#6211=VERTEX_POINT('',#8108);
#6212=LINE('',#8109,#8110);
#6213=VERTEX_POINT('',#8111);
#6214=LINE('',#8112,#8113);
#6215=VERTEX_POINT('',#8114);
#6216=LINE('',#8115,#8116);
#6217=VERTEX_POINT('',#8117);
#6218=LINE('',#8118,#8119);
#6219=LINE('',#8120,#8121);
#6220=FILL_AREA_STYLE_COLOUR('',#8122);
#6221=LINE('',#8123,#8124);
#6222=LINE('',#8125,#8126);
#6223=FILL_AREA_STYLE_COLOUR('',#8127);
#6224=VERTEX_POINT('',#8128);
#6225=VERTEX_POINT('',#8129);
#6226=LINE('',#8130,#8131);
#6227=VERTEX_POINT('',#8132);
#6228=LINE('',#8133,#8134);
#6229=VERTEX_POINT('',#8135);
#6230=LINE('',#8136,#8137);
#6231=LINE('',#8138,#8139);
#6232=FILL_AREA_STYLE_COLOUR('',#8140);
#6233=VERTEX_POINT('',#8141);
#6234=LINE('',#8142,#8143);
#6235=VERTEX_POINT('',#8144);
#6236=ELLIPSE('',#8145,4.04145188390708,3.5);
#6237=VERTEX_POINT('',#8146);
#6238=LINE('',#8147,#8148);
#6239=VERTEX_POINT('',#8149);
#6240=LINE('',#8150,#8151);
#6241=LINE('',#8152,#8153);
#6242=FILL_AREA_STYLE_COLOUR('',#8154);
#6243=LINE('',#8155,#8156);
#6244=FILL_AREA_STYLE_COLOUR('',#8157);
#6245=LINE('',#8158,#8159);
#6246=FILL_AREA_STYLE_COLOUR('',#8160);
#6247=LINE('',#8161,#8162);
#6248=FILL_AREA_STYLE_COLOUR('',#8163);
#6249=VERTEX_POINT('',#8164);
#6250=LINE('',#8165,#8166);
#6251=VERTEX_POINT('',#8167);
#6252=LINE('',#8168,#8169);
#6253=LINE('',#8170,#8171);
#6254=LINE('',#8172,#8173);
#6255=FILL_AREA_STYLE_COLOUR('',#8174);
#6256=VERTEX_POINT('',#8175);
#6257=LINE('',#8176,#8177);
#6258=VERTEX_POINT('',#8178);
#6259=LINE('',#8179,#8180);
#6260=LINE('',#8181,#8182);
#6261=FILL_AREA_STYLE_COLOUR('',#8183);
#6262=LINE('',#8184,#8185);
#6263=FILL_AREA_STYLE_COLOUR('',#8186);
#6264=LINE('',#8187,#8188);
#6265=FILL_AREA_STYLE_COLOUR('',#8189);
#6266=FILL_AREA_STYLE_COLOUR('',#8190);
#6267=VERTEX_POINT('',#8191);
#6268=VERTEX_POINT('',#8192);
#6269=LINE('',#8193,#8194);
#6270=VERTEX_POINT('',#8195);
#6271=CIRCLE('',#8196,30.35);
#6272=ELLIPSE('',#8197,64.4937499999991,30.35);
#6273=CIRCLE('',#8198,30.35);
#6274=FILL_AREA_STYLE_COLOUR('',#8199);
#6275=VERTEX_POINT('',#8200);
#6276=VERTEX_POINT('',#8201);
#6277=LINE('',#8202,#8203);
#6278=VERTEX_POINT('',#8204);
#6279=LINE('',#8205,#8206);
#6280=VERTEX_POINT('',#8207);
#6281=LINE('',#8208,#8209);
#6282=LINE('',#8210,#8211);
#6283=FILL_AREA_STYLE_COLOUR('',#8212);
#6284=VERTEX_POINT('',#8213);
#6285=VERTEX_POINT('',#8214);
#6286=LINE('',#8215,#8216);
#6287=VERTEX_POINT('',#8217);
#6288=LINE('',#8218,#8219);
#6289=VERTEX_POINT('',#8220);
#6290=LINE('',#8221,#8222);
#6291=LINE('',#8223,#8224);
#6292=FILL_AREA_STYLE_COLOUR('',#8225);
#6293=VERTEX_POINT('',#8226);
#6294=LINE('',#8227,#8228);
#6295=LINE('',#8229,#8230);
#6296=VERTEX_POINT('',#8231);
#6297=LINE('',#8232,#8233);
#6298=ELLIPSE('',#8234,3.77232067146283,2.67777777777775);
#6299=FILL_AREA_STYLE_COLOUR('',#8235);
#6300=VERTEX_POINT('',#8236);
#6301=LINE('',#8237,#8238);
#6302=LINE('',#8239,#8240);
#6303=FILL_AREA_STYLE_COLOUR('',#8241);
#6304=LINE('',#8242,#8243);
#6305=VERTEX_POINT('',#8244);
#6306=LINE('',#8245,#8246);
#6307=VERTEX_POINT('',#8247);
#6308=LINE('',#8248,#8249);
#6309=LINE('',#8250,#8251);
#6310=FILL_AREA_STYLE_COLOUR('',#8252);
#6311=LINE('',#8253,#8254);
#6312=FILL_AREA_STYLE_COLOUR('',#8255);
#6313=FILL_AREA_STYLE_COLOUR('',#8256);
#6314=VERTEX_POINT('',#8257);
#6315=LINE('',#8258,#8259);
#6316=LINE('',#8260,#8261);
#6317=FILL_AREA_STYLE_COLOUR('',#8262);
#6318=VERTEX_POINT('',#8263);
#6319=LINE('',#8264,#8265);
#6320=LINE('',#8266,#8267);
#6321=FILL_AREA_STYLE_COLOUR('',#8268);
#6322=LINE('',#8269,#8270);
#6323=FILL_AREA_STYLE_COLOUR('',#8271);
#6324=VERTEX_POINT('',#8272);
#6325=VERTEX_POINT('',#8273);
#6326=CIRCLE('',#8274,30.35);
#6327=VERTEX_POINT('',#8275);
#6328=LINE('',#8276,#8277);
#6329=VERTEX_POINT('',#8278);
#6330=LINE('',#8279,#8280);
#6331=VERTEX_POINT('',#8281);
#6332=LINE('',#8282,#8283);
#6333=VERTEX_POINT('',#8284);
#6334=LINE('',#8285,#8286);
#6335=VERTEX_POINT('',#8287);
#6336=LINE('',#8288,#8289);
#6337=VERTEX_POINT('',#8290);
#6338=LINE('',#8291,#8292);
#6339=VERTEX_POINT('',#8293);
#6340=LINE('',#8294,#8295);
#6341=VERTEX_POINT('',#8296);
#6342=LINE('',#8297,#8298);
#6343=LINE('',#8299,#8300);
#6344=FILL_AREA_STYLE_COLOUR('',#8301);
#6345=FILL_AREA_STYLE_COLOUR('',#8302);
#6346=VERTEX_POINT('',#8303);
#6347=VERTEX_POINT('',#8304);
#6348=CIRCLE('',#8305,30.35);
#6349=VERTEX_POINT('',#8306);
#6350=LINE('',#8307,#8308);
#6351=VERTEX_POINT('',#8309);
#6352=LINE('',#8310,#8311);
#6353=LINE('',#8312,#8313);
#6354=FILL_AREA_STYLE_COLOUR('',#8314);
#6355=VERTEX_POINT('',#8315);
#6356=LINE('',#8316,#8317);
#6357=VERTEX_POINT('',#8318);
#6358=LINE('',#8319,#8320);
#6359=LINE('',#8321,#8322);
#6360=FILL_AREA_STYLE_COLOUR('',#8323);
#6361=VERTEX_POINT('',#8324);
#6362=LINE('',#8325,#8326);
#6363=VERTEX_POINT('',#8327);
#6364=LINE('',#8328,#8329);
#6365=LINE('',#8330,#8331);
#6366=FILL_AREA_STYLE_COLOUR('',#8332);
#6367=FILL_AREA_STYLE_COLOUR('',#8333);
#6368=FILL_AREA_STYLE_COLOUR('',#8334);
#6369=LINE('',#8335,#8336);
#6370=FILL_AREA_STYLE_COLOUR('',#8337);
#6371=LINE('',#8338,#8339);
#6372=LINE('',#8340,#8341);
#6373=FILL_AREA_STYLE_COLOUR('',#8342);
#6374=LINE('',#8343,#8344);
#6375=LINE('',#8345,#8346);
#6376=FILL_AREA_STYLE_COLOUR('',#8347);
#6377=FILL_AREA_STYLE_COLOUR('',#8348);
#6378=LINE('',#8349,#8350);
#6379=FILL_AREA_STYLE_COLOUR('',#8351);
#6380=LINE('',#8352,#8353);
#6381=FILL_AREA_STYLE_COLOUR('',#8354);
#6382=LINE('',#8355,#8356);
#6383=FILL_AREA_STYLE_COLOUR('',#8357);
#6384=LINE('',#8358,#8359);
#6385=FILL_AREA_STYLE_COLOUR('',#8360);
#6386=LINE('',#8361,#8362);
#6387=FILL_AREA_STYLE_COLOUR('',#8363);
#6388=LINE('',#8364,#8365);
#6389=LINE('',#8366,#8367);
#6390=FILL_AREA_STYLE_COLOUR('',#8368);
#6391=LINE('',#8369,#8370);
#6392=LINE('',#8371,#8372);
#6393=FILL_AREA_STYLE_COLOUR('',#8373);
#6394=LINE('',#8374,#8375);
#6395=FILL_AREA_STYLE_COLOUR('',#8376);
#6396=LINE('',#8377,#8378);
#6397=FILL_AREA_STYLE_COLOUR('',#8379);
#6398=LINE('',#8380,#8381);
#6399=FILL_AREA_STYLE_COLOUR('',#8382);
#6400=LINE('',#8383,#8384);
#6401=FILL_AREA_STYLE_COLOUR('',#8385);
#6402=LINE('',#8386,#8387);
#6403=LINE('',#8388,#8389);
#6404=FILL_AREA_STYLE_COLOUR('',#8390);
#6405=LINE('',#8391,#8392);
#6406=VERTEX_POINT('',#8393);
#6407=VERTEX_POINT('',#8394);
#6408=LINE('',#8395,#8396);
#6409=VERTEX_POINT('',#8397);
#6410=LINE('',#8398,#8399);
#6411=CIRCLE('',#8400,2.67777777777775);
#6412=VERTEX_POINT('',#8401);
#6413=LINE('',#8402,#8403);
#6414=VERTEX_POINT('',#8404);
#6415=LINE('',#8405,#8406);
#6416=LINE('',#8407,#8408);
#6417=VERTEX_POINT('',#8409);
#6418=VERTEX_POINT('',#8410);
#6419=LINE('',#8411,#8412);
#6420=CIRCLE('',#8413,3.5);
#6421=LINE('',#8414,#8415);
#6422=CIRCLE('',#8416,3.5);
#6423=CIRCLE('',#8417,3.5);
#6424=LINE('',#8418,#8419);
#6425=LINE('',#8420,#8421);
#6426=LINE('',#8422,#8423);
#6427=CIRCLE('',#8424,0.67);
#6428=VERTEX_POINT('',#8425);
#6429=VERTEX_POINT('',#8426);
#6430=LINE('',#8427,#8428);
#6431=VERTEX_POINT('',#8429);
#6432=LINE('',#8430,#8431);
#6433=CIRCLE('',#8432,2.67777777777775);
#6434=VERTEX_POINT('',#8433);
#6435=LINE('',#8434,#8435);
#6436=VERTEX_POINT('',#8436);
#6437=LINE('',#8437,#8438);
#6438=LINE('',#8439,#8440);
#6439=FILL_AREA_STYLE_COLOUR('',#8441);
#6440=VERTEX_POINT('',#8442);
#6441=VERTEX_POINT('',#8443);
#6442=LINE('',#8444,#8445);
#6443=VERTEX_POINT('',#8446);
#6444=LINE('',#8447,#8448);
#6445=LINE('',#8449,#8450);
#6446=FILL_AREA_STYLE_COLOUR('',#8451);
#6447=ELLIPSE('',#8452,64.4937499999991,30.35);
#6448=VERTEX_POINT('',#8453);
#6449=LINE('',#8454,#8455);
#6450=VERTEX_POINT('',#8456);
#6451=LINE('',#8457,#8458);
#6452=LINE('',#8459,#8460);
#6453=FILL_AREA_STYLE_COLOUR('',#8461);
#6454=VERTEX_POINT('',#8462);
#6455=VERTEX_POINT('',#8463);
#6456=LINE('',#8464,#8465);
#6457=VERTEX_POINT('',#8466);
#6458=LINE('',#8467,#8468);
#6459=VERTEX_POINT('',#8469);
#6460=LINE('',#8470,#8471);
#6461=LINE('',#8472,#8473);
#6462=FILL_AREA_STYLE_COLOUR('',#8474);
#6463=VERTEX_POINT('',#8475);
#6464=LINE('',#8476,#8477);
#6465=VERTEX_POINT('',#8478);
#6466=LINE('',#8479,#8480);
#6467=LINE('',#8481,#8482);
#6468=FILL_AREA_STYLE_COLOUR('',#8483);
#6469=ELLIPSE('',#8484,8.2817055410338,3.5);
#6470=FILL_AREA_STYLE_COLOUR('',#8485);
#6471=VERTEX_POINT('',#8486);
#6472=LINE('',#8487,#8488);
#6473=LINE('',#8489,#8490);
#6474=FILL_AREA_STYLE_COLOUR('',#8491);
#6475=VERTEX_POINT('',#8492);
#6476=VERTEX_POINT('',#8493);
#6477=LINE('',#8494,#8495);
#6478=LINE('',#8496,#8497);
#6479=VERTEX_POINT('',#8498);
#6480=LINE('',#8499,#8500);
#6481=VERTEX_POINT('',#8501);
#6482=LINE('',#8502,#8503);
#6483=VERTEX_POINT('',#8504);
#6484=LINE('',#8505,#8506);
#6485=LINE('',#8507,#8508);
#6486=FILL_AREA_STYLE_COLOUR('',#8509);
#6487=VERTEX_POINT('',#8510);
#6488=LINE('',#8511,#8512);
#6489=LINE('',#8513,#8514);
#6490=FILL_AREA_STYLE_COLOUR('',#8515);
#6491=LINE('',#8516,#8517);
#6492=FILL_AREA_STYLE_COLOUR('',#8518);
#6493=FILL_AREA_STYLE_COLOUR('',#8519);
#6494=LINE('',#8520,#8521);
#6495=LINE('',#8522,#8523);
#6496=FILL_AREA_STYLE_COLOUR('',#8524);
#6497=LINE('',#8525,#8526);
#6498=LINE('',#8527,#8528);
#6499=FILL_AREA_STYLE_COLOUR('',#8529);
#6500=LINE('',#8530,#8531);
#6501=FILL_AREA_STYLE_COLOUR('',#8532);
#6502=FILL_AREA_STYLE_COLOUR('',#8533);
#6503=VERTEX_POINT('',#8534);
#6504=LINE('',#8535,#8536);
#6505=LINE('',#8537,#8538);
#6506=VERTEX_POINT('',#8539);
#6507=LINE('',#8540,#8541);
#6508=VERTEX_POINT('',#8542);
#6509=LINE('',#8543,#8544);
#6510=VERTEX_POINT('',#8545);
#6511=LINE('',#8546,#8547);
#6512=VERTEX_POINT('',#8548);
#6513=LINE('',#8549,#8550);
#6514=LINE('',#8551,#8552);
#6515=FILL_AREA_STYLE_COLOUR('',#8553);
#6516=ELLIPSE('',#8554,5.44503339401144,3.5);
#6517=FILL_AREA_STYLE_COLOUR('',#8555);
#6518=B_SPLINE_CURVE_WITH_KNOTS('',3,(#8556,#8557,#8558,#8559,#8560,#8561,#8562,#8563,#8564,#8565,#8566,#8567,#8568,#8569,#8570,#8571,#8572,#8573,#8574,#8575,#8576,#8577,#8578,#8579,#8580,#8581,#8582,#8583,#8584,#8585,#8586,#8587,#8588,#8589,#8590,#8591,#8592,#8593,#8594,#8595,#8596,#8597,#8598,#8599,#8600,#8601,#8602,#8603,#8604,#8605,#8606,#8607,#8608,#8609,#8610,#8611,#8612,#8613,#8614,#8615,#8616,#8617,#8618,#8619,#8620,#8621,#8622,#8623,#8624,#8625,#8626,#8627,#8628,#8629,#8630,#8631,#8632,#8633,#8634,#8635,#8636,#8637,#8638,#8639,#8640,#8641,#8642,#8643,#8644,#8645,#8646,#8647,#8648,#8649),.UNSPECIFIED.,.F.,.F.,(4,3,3,3,3,3,3,3,3,3,3,3,3,3,3,3,3,3,3,3,3,3,3,3,3,3,3,3,3,3,3,4),(6.08160571098192E-15,0.0432868741619424,0.0864422077514937,0.129414487181647,0.172512158489036,0.215768149362341,0.259092410127327,0.302390309102517,0.345568962565876,0.388555164084237,0.431624514955887,0.474863857538661,0.518184293769919,0.561491445266157,0.604691811357088,0.647700541951881,0.690740123720517,0.733961142163995,0.777275956303761,0.820590546745014,0.863810916618666,0.906849494438976,0.949859111251922,0.993060188712892,1.03636763214561,1.07968788728537,1.12292655768064,1.16599477059614,1.20893910897647,1.25193872785873,1.29491290815511,1.3807288441079),.UNSPECIFIED.);
#6519=FILL_AREA_STYLE_COLOUR('',#8650);
#6520=LINE('',#8651,#8652);
#6521=FILL_AREA_STYLE_COLOUR('',#8653);
#6522=VERTEX_POINT('',#8654);
#6523=LINE('',#8655,#8656);
#6524=LINE('',#8657,#8658);
#6525=FILL_AREA_STYLE_COLOUR('',#8659);
#6526=FILL_AREA_STYLE_COLOUR('',#8660);
#6527=FILL_AREA_STYLE_COLOUR('',#8661);
#6528=LINE('',#8662,#8663);
#6529=FILL_AREA_STYLE_COLOUR('',#8664);
#6530=VERTEX_POINT('',#8665);
#6531=LINE('',#8666,#8667);
#6532=VERTEX_POINT('',#8668);
#6533=LINE('',#8669,#8670);
#6534=ELLIPSE('',#8671,4.04442451145609,4.0);
#6535=FILL_AREA_STYLE_COLOUR('',#8672);
#6536=FILL_AREA_STYLE_COLOUR('',#8673);
#6537=LINE('',#8674,#8675);
#6538=LINE('',#8676,#8677);
#6539=FILL_AREA_STYLE_COLOUR('',#8678);
#6540=LINE('',#8679,#8680);
#6541=LINE('',#8681,#8682);
#6542=LINE('',#8683,#8684);
#6543=VERTEX_POINT('',#8685);
#6544=CIRCLE('',#8686,3.5);
#6545=LINE('',#8687,#8688);
#6546=VERTEX_POINT('',#8689);
#6547=CIRCLE('',#8690,3.5);
#6548=LINE('',#8691,#8692);
#6549=VERTEX_POINT('',#8693);
#6550=VERTEX_POINT('',#8694);
#6551=LINE('',#8695,#8696);
#6552=CIRCLE('',#8697,3.5);
#6553=LINE('',#8698,#8699);
#6554=CIRCLE('',#8700,3.5);
#6555=LINE('',#8701,#8702);
#6556=VERTEX_POINT('',#8703);
#6557=LINE('',#8704,#8705);
#6558=LINE('',#8706,#8707);
#6559=CIRCLE('',#8708,2.67777777777775);
#6560=FILL_AREA_STYLE_COLOUR('',#8709);
#6561=LINE('',#8710,#8711);
#6562=FILL_AREA_STYLE_COLOUR('',#8712);
#6563=FILL_AREA_STYLE_COLOUR('',#8713);
#6564=FILL_AREA_STYLE_COLOUR('',#8714);
#6565=VERTEX_POINT('',#8715);
#6566=LINE('',#8716,#8717);
#6567=CIRCLE('',#8718,0.899999999999826);
#6568=FILL_AREA_STYLE_COLOUR('',#8719);
#6569=VERTEX_POINT('',#8720);
#6570=LINE('',#8721,#8722);
#6571=VERTEX_POINT('',#8723);
#6572=LINE('',#8724,#8725);
#6573=LINE('',#8726,#8727);
#6574=FILL_AREA_STYLE_COLOUR('',#8728);
#6575=LINE('',#8729,#8730);
#6576=LINE('',#8731,#8732);
#6577=FILL_AREA_STYLE_COLOUR('',#8733);
#6578=FILL_AREA_STYLE_COLOUR('',#8734);
#6579=FILL_AREA_STYLE_COLOUR('',#8735);
#6580=FILL_AREA_STYLE_COLOUR('',#8736);
#6581=FILL_AREA_STYLE_COLOUR('',#8737);
#6582=FILL_AREA_STYLE_COLOUR('',#8738);
#6583=FILL_AREA_STYLE_COLOUR('',#8739);
#6584=FILL_AREA_STYLE_COLOUR('',#8740);
#6585=VERTEX_POINT('',#8741);
#6586=LINE('',#8742,#8743);
#6587=LINE('',#8744,#8745);
#6588=FILL_AREA_STYLE_COLOUR('',#8746);
#6589=VERTEX_POINT('',#8747);
#6590=LINE('',#8748,#8749);
#6591=ELLIPSE('',#8750,3.77232067146281,2.67777777777775);
#6592=FILL_AREA_STYLE_COLOUR('',#8751);
#6593=VERTEX_POINT('',#8752);
#6594=LINE('',#8753,#8754);
#6595=LINE('',#8755,#8756);
#6596=FILL_AREA_STYLE_COLOUR('',#8757);
#6597=VERTEX_POINT('',#8758);
#6598=LINE('',#8759,#8760);
#6599=LINE('',#8761,#8762);
#6600=FILL_AREA_STYLE_COLOUR('',#8763);
#6601=VERTEX_POINT('',#8764);
#6602=LINE('',#8765,#8766);
#6603=LINE('',#8767,#8768);
#6604=FILL_AREA_STYLE_COLOUR('',#8769);
#6605=LINE('',#8770,#8771);
#6606=FILL_AREA_STYLE_COLOUR('',#8772);
#6607=FILL_AREA_STYLE_COLOUR('',#8773);
#6608=VERTEX_POINT('',#8774);
#6609=VERTEX_POINT('',#8775);
#6610=LINE('',#8776,#8777);
#6611=LINE('',#8778,#8779);
#6612=LINE('',#8780,#8781);
#6613=FILL_AREA_STYLE_COLOUR('',#8782);
#6614=VERTEX_POINT('',#8783);
#6615=LINE('',#8784,#8785);
#6616=LINE('',#8786,#8787);
#6617=FILL_AREA_STYLE_COLOUR('',#8788);
#6618=LINE('',#8789,#8790);
#6619=VERTEX_POINT('',#8791);
#6620=ELLIPSE('',#8792,3.77232067146281,2.67777777777775);
#6621=VERTEX_POINT('',#8793);
#6622=LINE('',#8794,#8795);
#6623=LINE('',#8796,#8797);
#6624=FILL_AREA_STYLE_COLOUR('',#8798);
#6625=LINE('',#8799,#8800);
#6626=LINE('',#8801,#8802);
#6627=FILL_AREA_STYLE_COLOUR('',#8803);
#6628=FILL_AREA_STYLE_COLOUR('',#8804);
#6629=FILL_AREA_STYLE_COLOUR('',#8805);
#6630=FILL_AREA_STYLE_COLOUR('',#8806);
#6631=LINE('',#8807,#8808);
#6632=FILL_AREA_STYLE_COLOUR('',#8809);
#6633=VERTEX_POINT('',#8810);
#6634=VERTEX_POINT('',#8811);
#6635=CIRCLE('',#8812,3.6);
#6636=CIRCLE('',#8813,3.6);
#6637=FILL_AREA_STYLE_COLOUR('',#8814);
#6638=VERTEX_POINT('',#8815);
#6639=VERTEX_POINT('',#8816);
#6640=LINE('',#8817,#8818);
#6641=VERTEX_POINT('',#8819);
#6642=CIRCLE('',#8820,3.6);
#6643=VERTEX_POINT('',#8821);
#6644=LINE('',#8822,#8823);
#6645=VERTEX_POINT('',#8824);
#6646=CIRCLE('',#8825,3.6);
#6647=LINE('',#8826,#8827);
#6648=VERTEX_POINT('',#8828);
#6649=LINE('',#8829,#8830);
#6650=CIRCLE('',#8831,3.6);
#6651=FILL_AREA_STYLE_COLOUR('',#8832);
#6652=VERTEX_POINT('',#8833);
#6653=LINE('',#8834,#8835);
#6654=VERTEX_POINT('',#8836);
#6655=LINE('',#8837,#8838);
#6656=LINE('',#8839,#8840);
#6657=FILL_AREA_STYLE_COLOUR('',#8841);
#6658=VERTEX_POINT('',#8842);
#6659=CIRCLE('',#8843,3.6);
#6660=LINE('',#8844,#8845);
#6661=FILL_AREA_STYLE_COLOUR('',#8846);
#6662=VERTEX_POINT('',#8847);
#6663=LINE('',#8848,#8849);
#6664=LINE('',#8850,#8851);
#6665=FILL_AREA_STYLE_COLOUR('',#8852);
#6666=CIRCLE('',#8853,3.6);
#6667=FILL_AREA_STYLE_COLOUR('',#8854);
#6668=CIRCLE('',#8855,3.6);
#6669=FILL_AREA_STYLE_COLOUR('',#8856);
#6670=FILL_AREA_STYLE_COLOUR('',#8857);
#6671=FILL_AREA_STYLE_COLOUR('',#8858);
#6672=VERTEX_POINT('',#8859);
#6673=LINE('',#8860,#8861);
#6674=VERTEX_POINT('',#8862);
#6675=LINE('',#8863,#8864);
#6676=VERTEX_POINT('',#8865);
#6677=LINE('',#8866,#8867);
#6678=VERTEX_POINT('',#8868);
#6679=LINE('',#8869,#8870);
#6680=VERTEX_POINT('',#8871);
#6681=LINE('',#8872,#8873);
#6682=VERTEX_POINT('',#8874);
#6683=LINE('',#8875,#8876);
#6684=LINE('',#8877,#8878);
#6685=FILL_AREA_STYLE_COLOUR('',#8879);
#6686=FILL_AREA_STYLE_COLOUR('',#8880);
#6687=VERTEX_POINT('',#8881);
#6688=LINE('',#8882,#8883);
#6689=LINE('',#8884,#8885);
#6690=FILL_AREA_STYLE_COLOUR('',#8886);
#6691=LINE('',#8887,#8888);
#6692=FILL_AREA_STYLE_COLOUR('',#8889);
#6693=VERTEX_POINT('',#8890);
#6694=ELLIPSE('',#8891,8.2817055410337,3.5);
#6695=VERTEX_POINT('',#8892);
#6696=LINE('',#8893,#8894);
#6697=VERTEX_POINT('',#8895);
#6698=ELLIPSE('',#8896,5.44503339401144,3.5);
#6699=LINE('',#8897,#8898);
#6700=FILL_AREA_STYLE_COLOUR('',#8899);
#6701=VERTEX_POINT('',#8900);
#6702=VERTEX_POINT('',#8901);
#6703=LINE('',#8902,#8903);
#6704=VERTEX_POINT('',#8904);
#6705=LINE('',#8905,#8906);
#6706=VERTEX_POINT('',#8907);
#6707=LINE('',#8908,#8909);
#6708=VERTEX_POINT('',#8910);
#6709=LINE('',#8911,#8912);
#6710=VERTEX_POINT('',#8913);
#6711=LINE('',#8914,#8915);
#6712=LINE('',#8916,#8917);
#6713=FILL_AREA_STYLE_COLOUR('',#8918);
#6714=VERTEX_POINT('',#8919);
#6715=LINE('',#8920,#8921);
#6716=LINE('',#8922,#8923);
#6717=VERTEX_POINT('',#8924);
#6718=LINE('',#8925,#8926);
#6719=LINE('',#8927,#8928);
#6720=FILL_AREA_STYLE_COLOUR('',#8929);
#6721=VERTEX_POINT('',#8930);
#6722=LINE('',#8931,#8932);
#6723=VERTEX_POINT('',#8933);
#6724=ELLIPSE('',#8934,5.44503339401144,3.5);
#6725=LINE('',#8935,#8936);
#6726=FILL_AREA_STYLE_COLOUR('',#8937);
#6727=VERTEX_POINT('',#8938);
#6728=LINE('',#8939,#8940);
#6729=ELLIPSE('',#8941,4.04145188390708,3.5);
#6730=LINE('',#8942,#8943);
#6731=FILL_AREA_STYLE_COLOUR('',#8944);
#6732=VERTEX_POINT('',#8945);
#6733=LINE('',#8946,#8947);
#6734=VERTEX_POINT('',#8948);
#6735=LINE('',#8949,#8950);
#6736=LINE('',#8951,#8952);
#6737=FILL_AREA_STYLE_COLOUR('',#8953);
#6738=LINE('',#8954,#8955);
#6739=LINE('',#8956,#8957);
#6740=LINE('',#8958,#8959);
#6741=FILL_AREA_STYLE_COLOUR('',#8960);
#6742=FILL_AREA_STYLE_COLOUR('',#8961);
#6743=LINE('',#8962,#8963);
#6744=ELLIPSE('',#8964,8.2817055410338,3.5);
#6745=FILL_AREA_STYLE_COLOUR('',#8965);
#6746=FILL_AREA_STYLE_COLOUR('',#8966);
#6747=FILL_AREA_STYLE_COLOUR('',#8967);
#6748=FILL_AREA_STYLE_COLOUR('',#8968);
#6749=FILL_AREA_STYLE_COLOUR('',#8969);
#6750=VERTEX_POINT('',#8970);
#6751=VERTEX_POINT('',#8971);
#6752=LINE('',#8972,#8973);
#6753=VERTEX_POINT('',#8974);
#6754=LINE('',#8975,#8976);
#6755=VERTEX_POINT('',#8977);
#6756=LINE('',#8978,#8979);
#6757=VERTEX_POINT('',#8980);
#6758=LINE('',#8981,#8982);
#6759=LINE('',#8983,#8984);
#6760=FILL_AREA_STYLE_COLOUR('',#8985);
#6761=VERTEX_POINT('',#8986);
#6762=ELLIPSE('',#8987,8.2817055410337,3.5);
#6763=VERTEX_POINT('',#8988);
#6764=B_SPLINE_CURVE_WITH_KNOTS('',3,(#8989,#8990,#8991,#8992,#8993,#8994,#8995,#8996,#8997,#8998,#8999,#9000,#9001),.UNSPECIFIED.,.F.,.F.,(4,3,3,3,4),(0.0,2.50753880337544,5.0150776067509,7.52261641012631,10.0301552135018),.UNSPECIFIED.);
#6765=VERTEX_POINT('',#9002);
#6766=CIRCLE('',#9003,3.5);
#6767=VERTEX_POINT('',#9004);
#6768=LINE('',#9005,#9006);
#6769=VERTEX_POINT('',#9007);
#6770=ELLIPSE('',#9008,5.44503339401144,3.5);
#6771=LINE('',#9009,#9010);
#6772=FILL_AREA_STYLE_COLOUR('',#9011);
#6773=VERTEX_POINT('',#9012);
#6774=VERTEX_POINT('',#9013);
#6775=LINE('',#9014,#9015);
#6776=VERTEX_POINT('',#9016);
#6777=LINE('',#9017,#9018);
#6778=LINE('',#9019,#9020);
#6779=VERTEX_POINT('',#9021);
#6780=LINE('',#9022,#9023);
#6781=ELLIPSE('',#9024,4.04145188390708,3.5);
#6782=FILL_AREA_STYLE_COLOUR('',#9025);
#6783=VERTEX_POINT('',#9026);
#6784=LINE('',#9027,#9028);
#6785=VERTEX_POINT('',#9029);
#6786=ELLIPSE('',#9030,5.44503339401144,3.5);
#6787=LINE('',#9031,#9032);
#6788=ELLIPSE('',#9033,8.2817055410338,3.5);
#6789=FILL_AREA_STYLE_COLOUR('',#9034);
#6790=LINE('',#9035,#9036);
#6791=FILL_AREA_STYLE_COLOUR('',#9037);
#6792=LINE('',#9038,#9039);
#6793=FILL_AREA_STYLE_COLOUR('',#9040);
#6794=FILL_AREA_STYLE_COLOUR('',#9041);
#6795=VERTEX_POINT('',#9042);
#6796=LINE('',#9043,#9044);
#6797=LINE('',#9045,#9046);
#6798=LINE('',#9047,#9048);
#6799=FILL_AREA_STYLE_COLOUR('',#9049);
#6800=LINE('',#9050,#9051);
#6801=FILL_AREA_STYLE_COLOUR('',#9052);
#6802=LINE('',#9053,#9054);
#6803=FILL_AREA_STYLE_COLOUR('',#9055);
#6804=LINE('',#9056,#9057);
#6805=FILL_AREA_STYLE_COLOUR('',#9058);
#6806=LINE('',#9059,#9060);
#6807=FILL_AREA_STYLE_COLOUR('',#9061);
#6808=LINE('',#9062,#9063);
#6809=FILL_AREA_STYLE_COLOUR('',#9064);
#6810=FILL_AREA_STYLE_COLOUR('',#9065);
#6811=VERTEX_POINT('',#9066);
#6812=LINE('',#9067,#9068);
#6813=VERTEX_POINT('',#9069);
#6814=LINE('',#9070,#9071);
#6815=LINE('',#9072,#9073);
#6816=FILL_AREA_STYLE_COLOUR('',#9074);
#6817=VERTEX_POINT('',#9075);
#6818=ELLIPSE('',#9076,8.2817055410337,3.5);
#6819=VERTEX_POINT('',#9077);
#6820=LINE('',#9078,#9079);
#6821=ELLIPSE('',#9080,5.44503339401144,3.5);
#6822=FILL_AREA_STYLE_COLOUR('',#9081);
#6823=VERTEX_POINT('',#9082);
#6824=VERTEX_POINT('',#9083);
#6825=LINE('',#9084,#9085);
#6826=VERTEX_POINT('',#9086);
#6827=LINE('',#9087,#9088);
#6828=VERTEX_POINT('',#9089);
#6829=LINE('',#9090,#9091);
#6830=VERTEX_POINT('',#9092);
#6831=LINE('',#9093,#9094);
#6832=VERTEX_POINT('',#9095);
#6833=LINE('',#9096,#9097);
#6834=LINE('',#9098,#9099);
#6835=FILL_AREA_STYLE_COLOUR('',#9100);
#6836=VERTEX_POINT('',#9101);
#6837=VERTEX_POINT('',#9102);
#6838=ELLIPSE('',#9103,4.04145188390708,3.5);
#6839=LINE('',#9104,#9105);
#6840=LINE('',#9106,#9107);
#6841=LINE('',#9108,#9109);
#6842=FILL_AREA_STYLE_COLOUR('',#9110);
#6843=LINE('',#9111,#9112);
#6844=LINE('',#9113,#9114);
#6845=FILL_AREA_STYLE_COLOUR('',#9115);
#6846=ELLIPSE('',#9116,5.44503339401144,3.5);
#6847=LINE('',#9117,#9118);
#6848=FILL_AREA_STYLE_COLOUR('',#9119);
#6849=ELLIPSE('',#9120,8.2817055410338,3.5);
#6850=FILL_AREA_STYLE_COLOUR('',#9121);
#6851=FILL_AREA_STYLE_COLOUR('',#9122);
#6852=FILL_AREA_STYLE_COLOUR('',#9123);
#6853=VERTEX_POINT('',#9124);
#6854=LINE('',#9125,#9126);
#6855=VERTEX_POINT('',#9127);
#6856=LINE('',#9128,#9129);
#6857=LINE('',#9130,#9131);
#6858=FILL_AREA_STYLE_COLOUR('',#9132);
#6859=VERTEX_POINT('',#9133);
#6860=LINE('',#9134,#9135);
#6861=VERTEX_POINT('',#9136);
#6862=LINE('',#9137,#9138);
#6863=LINE('',#9139,#9140);
#6864=FILL_AREA_STYLE_COLOUR('',#9141);
#6865=LINE('',#9142,#9143);
#6866=LINE('',#9144,#9145);
#6867=FILL_AREA_STYLE_COLOUR('',#9146);
#6868=FILL_AREA_STYLE_COLOUR('',#9147);
#6869=FILL_AREA_STYLE_COLOUR('',#9148);
#6870=VERTEX_POINT('',#9149);
#6871=LINE('',#9150,#9151);
#6872=LINE('',#9152,#9153);
#6873=FILL_AREA_STYLE_COLOUR('',#9154);
#6874=LINE('',#9155,#9156);
#6875=FILL_AREA_STYLE_COLOUR('',#9157);
#6876=FILL_AREA_STYLE_COLOUR('',#9158);
#6877=CIRCLE('',#9159,4.0);
#6878=FILL_AREA_STYLE_COLOUR('',#9160);
#6879=VERTEX_POINT('',#9161);
#6880=LINE('',#9162,#9163);
#6881=VERTEX_POINT('',#9164);
#6882=LINE('',#9165,#9166);
#6883=LINE('',#9167,#9168);
#6884=VERTEX_POINT('',#9169);
#6885=LINE('',#9170,#9171);
#6886=VERTEX_POINT('',#9172);
#6887=LINE('',#9173,#9174);
#6888=VERTEX_POINT('',#9175);
#6889=LINE('',#9176,#9177);
#6890=VERTEX_POINT('',#9178);
#6891=LINE('',#9179,#9180);
#6892=LINE('',#9181,#9182);
#6893=VERTEX_POINT('',#9183);
#6894=LINE('',#9184,#9185);
#6895=VERTEX_POINT('',#9186);
#6896=LINE('',#9187,#9188);
#6897=LINE('',#9189,#9190);
#6898=FILL_AREA_STYLE_COLOUR('',#9191);
#6899=VERTEX_POINT('',#9192);
#6900=LINE('',#9193,#9194);
#6901=LINE('',#9195,#9196);
#6902=FILL_AREA_STYLE_COLOUR('',#9197);
#6903=VERTEX_POINT('',#9198);
#6904=LINE('',#9199,#9200);
#6905=VERTEX_POINT('',#9201);
#6906=LINE('',#9202,#9203);
#6907=VERTEX_POINT('',#9204);
#6908=LINE('',#9205,#9206);
#6909=LINE('',#9207,#9208);
#6910=VERTEX_POINT('',#9209);
#6911=VERTEX_POINT('',#9210);
#6912=LINE('',#9211,#9212);
#6913=VERTEX_POINT('',#9213);
#6914=LINE('',#9214,#9215);
#6915=VERTEX_POINT('',#9216);
#6916=LINE('',#9217,#9218);
#6917=LINE('',#9219,#9220);
#6918=FILL_AREA_STYLE_COLOUR('',#9221);
#6919=LINE('',#9222,#9223);
#6920=VERTEX_POINT('',#9224);
#6921=LINE('',#9225,#9226);
#6922=LINE('',#9227,#9228);
#6923=FILL_AREA_STYLE_COLOUR('',#9229);
#6924=FILL_AREA_STYLE_COLOUR('',#9230);
#6925=VERTEX_POINT('',#9231);
#6926=LINE('',#9232,#9233);
#6927=VERTEX_POINT('',#9234);
#6928=LINE('',#9235,#9236);
#6929=LINE('',#9237,#9238);
#6930=LINE('',#9239,#9240);
#6931=FILL_AREA_STYLE_COLOUR('',#9241);
#6932=LINE('',#9242,#9243);
#6933=VERTEX_POINT('',#9244);
#6934=LINE('',#9245,#9246);
#6935=LINE('',#9247,#9248);
#6936=FILL_AREA_STYLE_COLOUR('',#9249);
#6937=VERTEX_POINT('',#9250);
#6938=VERTEX_POINT('',#9251);
#6939=LINE('',#9252,#9253);
#6940=VERTEX_POINT('',#9254);
#6941=LINE('',#9255,#9256);
#6942=LINE('',#9257,#9258);
#6943=LINE('',#9259,#9260);
#6944=FILL_AREA_STYLE_COLOUR('',#9261);
#6945=LINE('',#9262,#9263);
#6946=VERTEX_POINT('',#9264);
#6947=LINE('',#9265,#9266);
#6948=LINE('',#9267,#9268);
#6949=LINE('',#9269,#9270);
#6950=FILL_AREA_STYLE_COLOUR('',#9271);
#6951=FILL_AREA_STYLE_COLOUR('',#9272);
#6952=LINE('',#9273,#9274);
#6953=FILL_AREA_STYLE_COLOUR('',#9275);
#6954=LINE('',#9276,#9277);
#6955=FILL_AREA_STYLE_COLOUR('',#9278);
#6956=LINE('',#9279,#9280);
#6957=FILL_AREA_STYLE_COLOUR('',#9281);
#6958=FILL_AREA_STYLE_COLOUR('',#9282);
#6959=VERTEX_POINT('',#9283);
#6960=LINE('',#9284,#9285);
#6961=VERTEX_POINT('',#9286);
#6962=LINE('',#9287,#9288);
#6963=LINE('',#9289,#9290);
#6964=FILL_AREA_STYLE_COLOUR('',#9291);
#6965=VERTEX_POINT('',#9292);
#6966=LINE('',#9293,#9294);
#6967=LINE('',#9295,#9296);
#6968=FILL_AREA_STYLE_COLOUR('',#9297);
#6969=VERTEX_POINT('',#9298);
#6970=LINE('',#9299,#9300);
#6971=VERTEX_POINT('',#9301);
#6972=LINE('',#9302,#9303);
#6973=LINE('',#9304,#9305);
#6974=FILL_AREA_STYLE_COLOUR('',#9306);
#6975=LINE('',#9307,#9308);
#6976=LINE('',#9309,#9310);
#6977=FILL_AREA_STYLE_COLOUR('',#9311);
#6978=VERTEX_POINT('',#9312);
#6979=LINE('',#9313,#9314);
#6980=VERTEX_POINT('',#9315);
#6981=LINE('',#9316,#9317);
#6982=LINE('',#9318,#9319);
#6983=FILL_AREA_STYLE_COLOUR('',#9320);
#6984=VERTEX_POINT('',#9321);
#6985=LINE('',#9322,#9323);
#6986=LINE('',#9324,#9325);
#6987=FILL_AREA_STYLE_COLOUR('',#9326);
#6988=VERTEX_POINT('',#9327);
#6989=LINE('',#9328,#9329);
#6990=LINE('',#9330,#9331);
#6991=FILL_AREA_STYLE_COLOUR('',#9332);
#6992=LINE('',#9333,#9334);
#6993=FILL_AREA_STYLE_COLOUR('',#9335);
#6994=FILL_AREA_STYLE_COLOUR('',#9336);
#6995=VERTEX_POINT('',#9337);
#6996=LINE('',#9338,#9339);
#6997=LINE('',#9340,#9341);
#6998=FILL_AREA_STYLE_COLOUR('',#9342);
#6999=VERTEX_POINT('',#9343);
#7000=VERTEX_POINT('',#9344);
#7001=LINE('',#9345,#9346);
#7002=LINE('',#9347,#9348);
#7003=LINE('',#9349,#9350);
#7004=FILL_AREA_STYLE_COLOUR('',#9351);
#7005=VERTEX_POINT('',#9352);
#7006=LINE('',#9353,#9354);
#7007=LINE('',#9355,#9356);
#7008=FILL_AREA_STYLE_COLOUR('',#9357);
#7009=LINE('',#9358,#9359);
#7010=FILL_AREA_STYLE_COLOUR('',#9360);
#7011=LINE('',#9361,#9362);
#7012=FILL_AREA_STYLE_COLOUR('',#9363);
#7013=FILL_AREA_STYLE_COLOUR('',#9364);
#7014=VERTEX_POINT('',#9365);
#7015=LINE('',#9366,#9367);
#7016=LINE('',#9368,#9369);
#7017=FILL_AREA_STYLE_COLOUR('',#9370);
#7018=VERTEX_POINT('',#9371);
#7019=LINE('',#9372,#9373);
#7020=VERTEX_POINT('',#9374);
#7021=LINE('',#9375,#9376);
#7022=LINE('',#9377,#9378);
#7023=FILL_AREA_STYLE_COLOUR('',#9379);
#7024=LINE('',#9380,#9381);
#7025=VERTEX_POINT('',#9382);
#7026=LINE('',#9383,#9384);
#7027=LINE('',#9385,#9386);
#7028=FILL_AREA_STYLE_COLOUR('',#9387);
#7029=FILL_AREA_STYLE_COLOUR('',#9388);
#7030=LINE('',#9389,#9390);
#7031=FILL_AREA_STYLE_COLOUR('',#9391);
#7032=FILL_AREA_STYLE_COLOUR('',#9392);
#7033=FILL_AREA_STYLE_COLOUR('',#9393);
#7034=FILL_AREA_STYLE_COLOUR('',#9394);
#7035=FILL_AREA_STYLE_COLOUR('',#9395);
#7036=COLOUR_RGB('',1.0,0.839215755462646,0.301960796117783);
#7037=CARTESIAN_POINT('',(4.14999999883995,51.8499999892106,35.3803689269193));
#7038=CARTESIAN_POINT('',(4.14999999883995,51.8499999892122,42.2000000000002));
#7039=CARTESIAN_POINT('',(4.14999999883995,51.8499999892104,34.5295996027429));
#7040=VECTOR('',#9396,1.0);
#7041=CARTESIAN_POINT('',(1.49159332100019,53.0734073740904,32.7567633234405));
#7042=AXIS2_PLACEMENT_3D('',#9397,#9398,#9399);
#7043=CARTESIAN_POINT('',(1.40644019674249,53.1767812675174,32.697080378268));
#7044=AXIS2_PLACEMENT_3D('',#9400,#9401,#9402);
#7045=CARTESIAN_POINT('',(0.649999998839943,55.3499999892102,33.5985707026636));
#7046=AXIS2_PLACEMENT_3D('',#9403,#9404,#9405);
#7047=CARTESIAN_POINT('',(0.649999998839942,55.3499999892122,42.1999999999994));
#7048=CARTESIAN_POINT('',(0.649999998839943,55.3499999892104,34.5295996027421));
#7049=VECTOR('',#9406,1.0);
#7050=AXIS2_PLACEMENT_3D('',#9407,#9408,#9409);
#7051=COLOUR_RGB('',1.0,0.839215755462646,0.301960796117783);
#7052=CARTESIAN_POINT('',(4.14999999883994,59.8499999892128,42.1999999999986));
#7053=CARTESIAN_POINT('',(4.14999999883994,59.8499999892106,33.1035239776432));
#7054=CARTESIAN_POINT('',(4.14999999883994,59.8499999892113,36.1130573423429));
#7055=VECTOR('',#9410,1.0);
#7056=CARTESIAN_POINT('',(0.649999998839942,56.3499999892128,42.1999999999994));
#7057=AXIS2_PLACEMENT_3D('',#9411,#9412,#9413);
#7058=CARTESIAN_POINT('',(0.649999998839943,56.3499999892107,33.5985707026633));
#7059=CARTESIAN_POINT('',(0.649999998839933,56.3499999892113,36.1130573423437));
#7060=VECTOR('',#9414,1.0);
#7061=CARTESIAN_POINT('',(2.04999999883992,59.1499999892103,31.9301156730308));
#7062=AXIS2_PLACEMENT_3D('',#9415,#9416,#9417);
#7063=CARTESIAN_POINT('',(2.04999999883992,59.1499999892103,31.6023691332867));
#7064=CARTESIAN_POINT('',(2.04999999883992,59.1499999892111,35.0295996027423));
#7065=VECTOR('',#9418,1.0);
#7066=AXIS2_PLACEMENT_3D('',#9419,#9420,#9421);
#7067=COLOUR_RGB('',1.0,0.839215755462646,0.301960796117783);
#7068=CARTESIAN_POINT('',(12.29999999884,16.8500002400895,35.3803691358718));
#7069=CARTESIAN_POINT('',(12.29999999884,16.8500002400878,42.2000000000007));
#7070=CARTESIAN_POINT('',(12.29999999884,16.8500002400897,34.5295998116953));
#7071=VECTOR('',#9422,1.0);
#7072=CARTESIAN_POINT('',(14.9584066766797,15.6265928552098,32.7567635323929));
#7073=AXIS2_PLACEMENT_3D('',#9423,#9424,#9425);
#7074=CARTESIAN_POINT('',(15.2800121502886,15.1856275381053,32.5021720879651));
#7075=AXIS2_PLACEMENT_3D('',#9426,#9427,#9428);
#7076=CARTESIAN_POINT('',(15.7999999988399,13.3500002400901,33.1218694745809));
#7077=AXIS2_PLACEMENT_3D('',#9429,#9430,#9431);
#7078=CARTESIAN_POINT('',(15.7999999988399,13.3500002400878,42.1999999999998));
#7079=CARTESIAN_POINT('',(15.7999999988399,13.3500002400897,34.5295998116944));
#7080=VECTOR('',#9432,1.0);
#7081=AXIS2_PLACEMENT_3D('',#9433,#9434,#9435);
#7082=COLOUR_RGB('',1.0,0.839215755462646,0.301960796117783);
#7083=CARTESIAN_POINT('',(12.29999999884,8.85000024008722,42.1999999999989));
#7084=CARTESIAN_POINT('',(12.29999999884,8.85000024008959,33.1035241865954));
#7085=CARTESIAN_POINT('',(12.29999999884,8.85000024008901,35.0295998116944));
#7086=VECTOR('',#9436,1.0);
#7087=CARTESIAN_POINT('',(15.7999999988399,12.3500002400872,42.1999999999998));
#7088=AXIS2_PLACEMENT_3D('',#9437,#9438,#9439);
#7089=CARTESIAN_POINT('',(15.7999999988399,12.3500002400895,33.1218694745807));
#7090=CARTESIAN_POINT('',(15.7999999988399,12.350000240089,35.0295998116953));
#7091=VECTOR('',#9440,1.0);
#7092=CARTESIAN_POINT('',(14.4525959691609,9.59023021551221,31.5160958815341));
#7093=AXIS2_PLACEMENT_3D('',#9441,#9442,#9443);
#7094=AXIS2_PLACEMENT_3D('',#9444,#9445,#9446);
#7095=COLOUR_RGB('',1.0,0.839215755462646,0.301960796117783);
#7096=CARTESIAN_POINT('',(4.14999999883996,16.8500002400895,35.3803691358718));
#7097=CARTESIAN_POINT('',(4.14999999883996,16.8500002400878,42.2000000000005));
#7098=CARTESIAN_POINT('',(4.14999999883996,16.8500002400897,34.5295998116953));
#7099=VECTOR('',#9447,1.0);
#7100=CARTESIAN_POINT('',(6.80840667667971,15.6265928552098,32.7567635323929));
#7101=AXIS2_PLACEMENT_3D('',#9448,#9449,#9450);
#7102=CARTESIAN_POINT('',(7.13001215028865,15.1856275381053,32.5021720879651));
#7103=AXIS2_PLACEMENT_3D('',#9451,#9452,#9453);
#7104=CARTESIAN_POINT('',(7.64999999883995,13.3500002400901,33.121869474581));
#7105=AXIS2_PLACEMENT_3D('',#9454,#9455,#9456);
#7106=CARTESIAN_POINT('',(7.64999999883995,13.3500002400878,42.1999999999997));
#7107=CARTESIAN_POINT('',(7.64999999883997,13.3500002400897,34.5295998116944));
#7108=VECTOR('',#9457,1.0);
#7109=AXIS2_PLACEMENT_3D('',#9458,#9459,#9460);
#7110=COLOUR_RGB('',1.0,0.839215755462646,0.301960796117783);
#7111=CARTESIAN_POINT('',(4.14999999883996,8.85000024008722,42.1999999999987));
#7112=CARTESIAN_POINT('',(4.14999999883996,8.85000024008959,33.1035241865954));
#7113=CARTESIAN_POINT('',(4.14999999883996,8.85000024008881,36.1130575512952));
#7114=VECTOR('',#9461,1.0);
#7115=CARTESIAN_POINT('',(7.64999999883995,12.3500002400872,42.1999999999997));
#7116=AXIS2_PLACEMENT_3D('',#9462,#9463,#9464);
#7117=CARTESIAN_POINT('',(7.64999999883995,12.3500002400895,33.1218694745807));
#7118=CARTESIAN_POINT('',(7.64999999883996,12.3500002400888,36.1130575512961));
#7119=VECTOR('',#9465,1.0);
#7120=CARTESIAN_POINT('',(6.64999999883994,9.90051049730661,31.9301158819859));
#7121=AXIS2_PLACEMENT_3D('',#9466,#9467,#9468);
#7122=CARTESIAN_POINT('',(6.6499999988401,9.90051049730711,30.8506976699276));
#7123=CARTESIAN_POINT('',(6.64999999883995,9.90051049730581,35.0295998116947));
#7124=VECTOR('',#9469,1.0);
#7125=AXIS2_PLACEMENT_3D('',#9470,#9471,#9472);
#7126=COLOUR_RGB('',1.0,0.839215755462646,0.301960796117783);
#7127=CARTESIAN_POINT('',(11.5500000016797,49.8499999875835,35.6479399620906));
#7128=CARTESIAN_POINT('',(11.5500000016797,49.8499999875835,42.1999999999994));
#7129=CARTESIAN_POINT('',(11.5500000016797,49.8499999875835,38.7007117139291));
#7130=VECTOR('',#9473,1.0);
#7131=CARTESIAN_POINT('',(13.0357657974901,49.3999999875835,35.2014234278589));
#7132=AXIS2_PLACEMENT_3D('',#9474,#9475,#9476);
#7133=CARTESIAN_POINT('',(13.0357657974901,49.3999999875835,42.1999999999994));
#7134=CARTESIAN_POINT('',(13.0357657974901,49.3999999875835,42.1999999999994));
#7135=VECTOR('',#9477,1.0);
#7136=AXIS2_PLACEMENT_3D('',#9478,#9479,#9480);
#7137=COLOUR_RGB('',1.0,0.839215755462646,0.301960796117783);
#7138=CARTESIAN_POINT('',(4.15000000167974,49.8499999875835,35.6479399620906));
#7139=CARTESIAN_POINT('',(4.15000000167974,49.8499999875835,42.1999999999994));
#7140=CARTESIAN_POINT('',(4.15000000167974,49.8499999875835,38.7007117139291));
#7141=VECTOR('',#9481,1.0);
#7142=CARTESIAN_POINT('',(5.63576579749008,49.3999999875835,35.2014234278589));
#7143=AXIS2_PLACEMENT_3D('',#9482,#9483,#9484);
#7144=CARTESIAN_POINT('',(5.63576579749008,49.3999999875835,42.1999999999994));
#7145=CARTESIAN_POINT('',(5.63576579749008,49.3999999875835,42.1999999999994));
#7146=VECTOR('',#9485,1.0);
#7147=AXIS2_PLACEMENT_3D('',#9486,#9487,#9488);
#7148=COLOUR_RGB('',1.0,0.839215755462646,0.301960796117783);
#7149=CARTESIAN_POINT('',(5.80000000002622,1.80000000000073,4.04999999999871));
#7150=CARTESIAN_POINT('',(16.2999999999998,1.80000000000414,4.0499999999989));
#7151=CARTESIAN_POINT('',(5.80000000002622,1.80000000000073,4.04999999999871));
#7152=VECTOR('',#9489,1.0);
#7153=CARTESIAN_POINT('',(5.8000000000265,0.900000000006109,4.9499999999963));
#7154=AXIS2_PLACEMENT_3D('',#9490,#9491,#9492);
#7155=CARTESIAN_POINT('',(-5.32907051820075E-15,0.900000000006109,4.94999999999861));
#7156=CARTESIAN_POINT('',(-3.33333333557562E-06,0.900000000006109,4.9499999999963));
#7157=VECTOR('',#9493,1.0);
#7158=CARTESIAN_POINT('',(-5.32907051820075E-15,1.10844666778576E-12,4.04999999999671));
#7159=AXIS2_PLACEMENT_3D('',#9494,#9495,#9496);
#7160=CARTESIAN_POINT('',(16.3,1.10844666778576E-12,4.04999999999671));
#7161=CARTESIAN_POINT('',(-3.33333333557562E-06,7.105427357601E-15,4.04999999999671));
#7162=VECTOR('',#9497,1.0);
#7163=AXIS2_PLACEMENT_3D('',#9498,#9499,#9500);
#7164=COLOUR_RGB('',1.0,0.839215755462646,0.301960796117783);
#7165=CARTESIAN_POINT('',(4.15000000167976,18.8500002417382,42.1999999999996));
#7166=CARTESIAN_POINT('',(4.15000000167987,18.8500002417382,35.644529524518));
#7167=CARTESIAN_POINT('',(4.15000000167982,18.8500002417382,38.699006495143));
#7168=VECTOR('',#9501,1.0);
#7169=CARTESIAN_POINT('',(5.63576579749009,19.3000002417381,42.1999999999996));
#7170=AXIS2_PLACEMENT_3D('',#9502,#9503,#9504);
#7171=CARTESIAN_POINT('',(5.63576579749022,19.3000002417381,35.1980129902863));
#7172=CARTESIAN_POINT('',(5.63576579749009,19.3000002417381,42.1999999999996));
#7173=VECTOR('',#9505,1.0);
#7174=AXIS2_PLACEMENT_3D('',#9506,#9507,#9508);
#7175=COLOUR_RGB('',1.0,0.839215755462646,0.301960796117783);
#7176=CARTESIAN_POINT('',(16.3,20.3521397485341,11.884821150281));
#7177=CARTESIAN_POINT('',(3.5067762439975E-15,20.3521397485341,11.884821150281));
#7178=CARTESIAN_POINT('',(8.15000000000002,20.3521397485341,11.884821150281));
#7179=VECTOR('',#9509,1.0);
#7180=CARTESIAN_POINT('',(16.3,19.8119911158151,12.5663250316922));
#7181=AXIS2_PLACEMENT_3D('',#9510,#9511,#9512);
#7182=CARTESIAN_POINT('',(-5.32907051820075E-15,19.8119911158151,12.5663250316922));
#7183=CARTESIAN_POINT('',(2.48499760000005,19.8119911158151,12.5663250316922));
#7184=VECTOR('',#9513,1.0);
#7185=AXIS2_PLACEMENT_3D('',#9514,#9515,#9516);
#7186=COLOUR_RGB('',1.0,0.839215755462646,0.301960796117783);
#7187=CARTESIAN_POINT('',(6.87999999883995,51.9999999892122,42.1999999999992));
#7188=CARTESIAN_POINT('',(6.87999999883983,51.9999999892091,29.3174041769631));
#7189=CARTESIAN_POINT('',(6.87999999883995,51.9999999892115,39.4301158819929));
#7190=VECTOR('',#9517,1.0);
#7191=CARTESIAN_POINT('',(6.56470588119287,51.9211764598005,42.1999997910462));
#7192=AXIS2_PLACEMENT_3D('',#9518,#9519,#9520);
#7193=CARTESIAN_POINT('',(6.56470588119286,51.9211764597974,29.3177130073123));
#7194=CARTESIAN_POINT('',(6.56470588119287,51.9211764598006,42.6999997894067));
#7195=VECTOR('',#9521,1.0);
#7196=CARTESIAN_POINT('',(6.56470588119289,51.9211764597974,29.3177130073123));
#7197=CARTESIAN_POINT('',(6.57744782276725,51.9279721619704,29.3176952066695));
#7198=CARTESIAN_POINT('',(6.59040357348534,51.9343522179386,29.3176762174109));
#7199=CARTESIAN_POINT('',(6.60353138890348,51.9402991844567,29.3176568928704));
#7200=CARTESIAN_POINT('',(6.61665926754205,51.9462461796139,29.3176375682369));
#7201=CARTESIAN_POINT('',(6.62995869761963,51.9517598893659,29.3176179109532));
#7202=CARTESIAN_POINT('',(6.64338742886056,51.9568289066402,29.317598678466));
#7203=CARTESIAN_POINT('',(6.656825758759,51.9619015471727,29.3175794322317));
#7204=CARTESIAN_POINT('',(6.6703491214002,51.9665153254395,29.3175606704508));
#7205=CARTESIAN_POINT('',(6.68404972390697,51.9707054517687,29.3175428567412));
#7206=CARTESIAN_POINT('',(6.69775347048982,51.974896539667,29.3175250389437));
#7207=CARTESIAN_POINT('',(6.71162997979267,51.9786592331821,29.3175081814136));
#7208=CARTESIAN_POINT('',(6.72563983484306,51.9819761695799,29.3174928481359));
#7209=CARTESIAN_POINT('',(6.73964960693763,51.9852930863373,29.3174775149489));
#7210=CARTESIAN_POINT('',(6.75379220934808,51.9881640818626,29.3174637081907));
#7211=CARTESIAN_POINT('',(6.7680245184455,51.9905766250285,29.3174518719926));
#7212=CARTESIAN_POINT('',(6.7822567931084,51.9929891623574,29.3174400358231));
#7213=CARTESIAN_POINT('',(6.79657822306886,51.9949431368885,29.3174301717976));
#7214=CARTESIAN_POINT('',(6.81094368503476,51.9964317002821,29.3174225815622));
#7215=CARTESIAN_POINT('',(6.82530916028972,51.9979202650528,29.3174149913198));
#7216=CARTESIAN_POINT('',(6.83971810376757,51.9989433666945,29.3174096756648));
#7217=CARTESIAN_POINT('',(6.85412516181565,51.9995001705452,29.3174067802063));
#7218=CARTESIAN_POINT('',(6.86853228225532,52.0000569768072,29.3174038847353));
#7219=CARTESIAN_POINT('',(6.88293696458299,52.0001474938867,29.3174034093951));
#7220=CARTESIAN_POINT('',(6.89729545750514,51.9997767185075,29.317405340858));
#7221=CARTESIAN_POINT('',(6.91165887234056,51.999405816031,29.3174072729829));
#7222=CARTESIAN_POINT('',(6.92595473169194,51.9985751960543,29.3174116033293));
#7223=CARTESIAN_POINT('',(6.94020227274887,51.9972897959769,29.317418193972));
#7224=CARTESIAN_POINT('',(6.95446349310445,51.9960031617658,29.3174247909425));
#7225=CARTESIAN_POINT('',(6.96872480533208,51.9942551876531,29.3174336821608));
#7226=CARTESIAN_POINT('',(6.98294351824544,51.9920442715743,29.3174446360726));
#7227=CARTESIAN_POINT('',(6.99716213976351,51.9898333697069,29.317455589914));
#7228=CARTESIAN_POINT('',(7.0113376267735,51.9871595641114,29.3174686057562));
#7229=CARTESIAN_POINT('',(7.02542545641518,51.9840270806121,29.3174832980448));
#7230=CARTESIAN_POINT('',(7.03951324537862,51.9808946061578,29.317497990291));
#7231=CARTESIAN_POINT('',(7.05351282591036,51.9773035558815,29.3175143574445));
#7232=CARTESIAN_POINT('',(7.06737976676731,51.9732641826565,29.3175318708079));
#7233=CARTESIAN_POINT('',(7.0812467140815,51.9692248075505,29.3175493841795));
#7234=CARTESIAN_POINT('',(7.09498047865115,51.9647372710475,29.3175680415192));
#7235=CARTESIAN_POINT('',(7.10853850023896,51.959817544838,29.3175871920455));
#7236=CARTESIAN_POINT('',(7.12209657401579,51.954897799691,29.3176063426455));
#7237=CARTESIAN_POINT('',(7.13547839227194,51.9495460791386,29.3176259837365));
#7238=CARTESIAN_POINT('',(7.14864490557176,51.9437832686222,29.3176453714293));
#7239=CARTESIAN_POINT('',(7.16181202650934,51.9380201921507,29.3176647600168));
#7240=CARTESIAN_POINT('',(7.1747612170266,51.9318473534365,29.3176838893076));
#7241=CARTESIAN_POINT('',(7.18746457534705,51.9252860836153,29.3177019643351));
#7242=CARTESIAN_POINT('',(7.20017661558893,51.9187203295917,29.3177200517157));
#7243=CARTESIAN_POINT('',(7.21271646177257,51.9117272292567,29.3177371913062));
#7244=CARTESIAN_POINT('',(7.22504418678638,51.9043208998196,29.3177524781175));
#7245=CARTESIAN_POINT('',(7.23737182622749,51.8969146217933,29.3177677648227));
#7246=CARTESIAN_POINT('',(7.2494868658117,51.8890953462589,29.317781195872));
#7247=CARTESIAN_POINT('',(7.26134965303638,51.8808833173688,29.3177918039519));
#7248=CARTESIAN_POINT('',(7.27321240041384,51.8726713160629,29.3178024119962));
#7249=CARTESIAN_POINT('',(7.28482242361425,51.8640668597678,29.3178101939851));
#7250=CARTESIAN_POINT('',(7.29614224251232,51.8550958214449,29.3178141600983));
#7251=CARTESIAN_POINT('',(7.30746206149519,51.8461247830547,29.3178181262116));
#7252=CARTESIAN_POINT('',(7.31849123196648,51.8367875147384,29.317818273529));
#7253=CARTESIAN_POINT('',(7.32919601387299,51.8271146038388,29.3178136319891));
#7254=CARTESIAN_POINT('',(7.33990083190526,51.8174416602958,29.3178089904336));
#7255=CARTESIAN_POINT('',(7.35028086318037,51.8074334654253,29.3177995576591));
#7256=CARTESIAN_POINT('',(7.36030735521283,51.7971240020945,29.3177844232734));
#7257=CARTESIAN_POINT('',(7.37033391702307,51.7868144670165,29.3177692887823));
#7258=CARTESIAN_POINT('',(7.38000660487151,51.7762040766662,29.3177484512586));
#7259=CARTESIAN_POINT('',(7.38930257161232,51.7653284736521,29.3177210921124));
#7260=CARTESIAN_POINT('',(7.39859248614619,51.7544599512788,29.3176937507786));
#7261=CARTESIAN_POINT('',(7.40756070690622,51.7432629693009,29.3176597415998));
#7262=CARTESIAN_POINT('',(7.41617954178551,51.7317604871761,29.3176180831861));
#7263=CARTESIAN_POINT('',(7.42479801937769,51.7202584818778,29.3175764264992));
#7264=CARTESIAN_POINT('',(7.43306540438555,51.7084530040026,29.3175271233741));
#7265=CARTESIAN_POINT('',(7.44095244151979,51.6963773316466,29.3174693104012));
#7266=CARTESIAN_POINT('',(7.44883944839361,51.6843017056216,29.3174114976501));
#7267=CARTESIAN_POINT('',(7.4563457812924,51.6719563358686,29.3173451741875));
#7268=CARTESIAN_POINT('',(7.46344617543327,51.6593790398767,29.3172696265857));
#7269=CARTESIAN_POINT('',(7.47054656638162,51.6468017495398,29.3171940790179));
#7270=CARTESIAN_POINT('',(7.47724073693254,51.6339930255261,29.3171093077727));
#7271=CARTESIAN_POINT('',(7.4835085710015,51.6209938092939,29.3170147839593));
#7272=CARTESIAN_POINT('',(7.4897764233001,51.6079945552543,29.3169202598709));
#7273=CARTESIAN_POINT('',(7.49561771366461,51.5948053229119,29.3168159852255));
#7274=CARTESIAN_POINT('',(7.50101818051254,51.581468512154,29.3167016362091));
#7275=CARTESIAN_POINT('',(7.50641868222297,51.5681316153008,29.3165872864547));
#7276=CARTESIAN_POINT('',(7.51137820089327,51.5546476529953,29.3164628659902));
#7277=CARTESIAN_POINT('',(7.51588857331634,51.5410585612937,29.3163282582165));
#7278=CARTESIAN_POINT('',(7.52039563159342,51.5274794546287,29.3161937493502));
#7279=CARTESIAN_POINT('',(7.52446717968802,51.5137590907809,29.3160487277072));
#7280=CARTESIAN_POINT('',(7.52810100342667,51.4998972753961,29.3158926156098));
#7281=CARTESIAN_POINT('',(7.53173394581668,51.4860388220598,29.315736541376));
#7282=CARTESIAN_POINT('',(7.53492455372823,51.4720537087634,29.3155695277157));
#7283=CARTESIAN_POINT('',(7.53766245203486,51.4579847447766,29.315391649678));
#7284=CARTESIAN_POINT('',(7.54040035298853,51.4439157671877,29.3152137714684));
#7285=CARTESIAN_POINT('',(7.54268544794582,51.4297634693091,29.3150250347711));
#7286=CARTESIAN_POINT('',(7.54451301098103,51.4155713436169,29.3148257611057));
#7287=CARTESIAN_POINT('',(7.5481667561744,51.387197815573,29.3144273643429));
#7288=CARTESIAN_POINT('',(7.54999999883995,51.3585994526807,29.313985801098));
#7289=CARTESIAN_POINT('',(7.54999999883995,51.3299999892091,29.3135035672408));
#7290=COLOUR_RGB('',1.0,0.839215755462646,0.301960796117783);
#7291=CARTESIAN_POINT('',(12.2999999988399,51.8499999892106,35.3803689269193));
#7292=CARTESIAN_POINT('',(12.2999999988399,51.8499999892122,42.2000000000002));
#7293=CARTESIAN_POINT('',(12.2999999988399,51.8499999892104,34.5295996027429));
#7294=VECTOR('',#9522,1.0);
#7295=CARTESIAN_POINT('',(9.64159332100019,53.0734073740904,32.7567633234405));
#7296=AXIS2_PLACEMENT_3D('',#9523,#9524,#9525);
#7297=CARTESIAN_POINT('',(9.45000000000747,53.3183750221811,32.6153311859313));
#7298=AXIS2_PLACEMENT_3D('',#9526,#9527,#9528);
#7299=CARTESIAN_POINT('',(9.45000000000747,53.3183750221812,32.823930865954));
#7300=CARTESIAN_POINT('',(9.45000000000746,53.3183750221816,34.5295996027425));
#7301=VECTOR('',#9529,1.0);
#7302=CARTESIAN_POINT('',(8.79999999883994,55.3499999892102,33.5985707026635));
#7303=AXIS2_PLACEMENT_3D('',#9530,#9531,#9532);
#7304=CARTESIAN_POINT('',(8.79999999883995,55.3499999892122,42.1999999999994));
#7305=CARTESIAN_POINT('',(8.79999999883994,55.3499999892104,34.5295996027421));
#7306=VECTOR('',#9533,1.0);
#7307=AXIS2_PLACEMENT_3D('',#9534,#9535,#9536);
#7308=COLOUR_RGB('',1.0,0.839215755462646,0.301960796117783);
#7309=CARTESIAN_POINT('',(6.87999999883996,16.7000002400878,42.1999999999995));
#7310=CARTESIAN_POINT('',(6.87999999883732,16.7000002400911,29.317404176955));
#7311=CARTESIAN_POINT('',(6.87999999883996,16.7000002400885,39.4301158819848));
#7312=VECTOR('',#9537,1.0);
#7313=CARTESIAN_POINT('',(7.54999999883994,17.3700002400878,42.1999999999997));
#7314=AXIS2_PLACEMENT_3D('',#9538,#9539,#9540);
#7315=CARTESIAN_POINT('',(7.54999999883996,17.3700002400911,29.3135035672314));
#7316=CARTESIAN_POINT('',(7.54999999883996,17.3700002400885,39.430115881985));
#7317=VECTOR('',#9541,1.0);
#7318=CARTESIAN_POINT('',(7.54999999883996,17.3700002400911,29.3135035672327));
#7319=CARTESIAN_POINT('',(7.54999999883996,17.3413979743506,29.3139858483407));
#7320=CARTESIAN_POINT('',(7.54816715190487,17.3128023455737,29.3144273740066));
#7321=CARTESIAN_POINT('',(7.54451181106503,17.2844195681298,29.3148258919254));
#7322=CARTESIAN_POINT('',(7.5408603953319,17.2560672681255,29.3152239819154));
#7323=CARTESIAN_POINT('',(7.53538325228938,17.2278733404329,29.3155799116965));
#7324=CARTESIAN_POINT('',(7.52808759265523,17.2000518045503,29.3158931916039));
#7325=CARTESIAN_POINT('',(7.52444125237614,17.1861467168678,29.316049767596));
#7326=CARTESIAN_POINT('',(7.52034381719745,17.1723472155275,29.3161955778482));
#7327=CARTESIAN_POINT('',(7.51580714226858,17.1586964863025,29.3163306858838));
#7328=CARTESIAN_POINT('',(7.51127046436841,17.1450457481369,29.3164657940079));
#7329=CARTESIAN_POINT('',(7.50629472526816,17.1315443050548,29.3165901965056));
#7330=CARTESIAN_POINT('',(7.50089723548883,17.1182332416147,29.3167041938446));
#7331=CARTESIAN_POINT('',(7.49549972368682,17.1049221238633,29.3168181916487));
#7332=CARTESIAN_POINT('',(7.48968069012105,17.0918018753138,29.3169217826432));
#7333=CARTESIAN_POINT('',(7.48346201285601,17.0789098801688,29.3170154857872));
#7334=CARTESIAN_POINT('',(7.47724898412013,17.0660295950398,29.317109103819));
#7335=CARTESIAN_POINT('',(7.47061451805602,17.0533285361428,29.317193218031));
#7336=CARTESIAN_POINT('',(7.46355450859829,17.0408131593289,29.3172684728716));
#7337=CARTESIAN_POINT('',(7.45649602288702,17.0283004836815,29.3173437114701));
#7338=CARTESIAN_POINT('',(7.44901805358711,17.0159855672427,29.3174100083873));
#7339=CARTESIAN_POINT('',(7.44113890856603,17.0039085521338,29.3174679414616));
#7340=CARTESIAN_POINT('',(7.43325979674235,16.9918315879092,29.3175258742919));
#7341=CARTESIAN_POINT('',(7.4249797871823,16.9799930044437,29.3175754429477));
#7342=CARTESIAN_POINT('',(7.41632300266641,16.9684312727062,29.3176173889095));
#7343=CARTESIAN_POINT('',(7.40766622516051,16.9568695503309,29.3176593348373));
#7344=CARTESIAN_POINT('',(7.39863300800423,16.9455851368463,29.3176936590437));
#7345=CARTESIAN_POINT('',(7.38925249232888,16.9346131733616,29.31772123942));
#7346=CARTESIAN_POINT('',(7.37987195283009,16.9236411820116,29.3177488198663));
#7347=CARTESIAN_POINT('',(7.37014449347771,16.9129820565304,29.3177696584544));
#7348=CARTESIAN_POINT('',(7.36010306856299,16.90266626696,29.3177847307626));
#7349=CARTESIAN_POINT('',(7.35006158285878,16.892350414939,29.317799803162));
#7350=CARTESIAN_POINT('',(7.3397065373418,16.8823782556255,29.3178091118878));
#7351=CARTESIAN_POINT('',(7.32907307824526,16.8727745676309,29.3178136850689));
#7352=CARTESIAN_POINT('',(7.31844408122445,16.8631749095933,29.317818256331));
#7353=CARTESIAN_POINT('',(7.30753367019734,16.8539369134521,29.3178181218812));
#7354=CARTESIAN_POINT('',(7.29627654080892,16.8450108681926,29.3178142069699));
#7355=CARTESIAN_POINT('',(7.28502689885425,16.8360907598972,29.3178102946624));
#7356=CARTESIAN_POINT('',(7.27346235353595,16.8275104684882,29.3178025963354));
#7357=CARTESIAN_POINT('',(7.26161452495885,16.8193003640651,29.317792040368));
#7358=CARTESIAN_POINT('',(7.24976675195978,16.8110902981554,29.3177814844501));
#7359=CARTESIAN_POINT('',(7.23763612885301,16.8032507588571,29.3177680737314));
#7360=CARTESIAN_POINT('',(7.22525916151361,16.7958085381396,29.3177527445237));
#7361=CARTESIAN_POINT('',(7.21288220985219,16.7883663268493,29.3177374153354));
#7362=CARTESIAN_POINT('',(7.2002593941493,16.7813217330981,29.3177201707568));
#7363=CARTESIAN_POINT('',(7.18743076879668,16.7746966858569,29.3177019162236));
#7364=CARTESIAN_POINT('',(7.17460211683361,16.7680716248734,29.3176836616525));
#7365=CARTESIAN_POINT('',(7.16156816239684,16.7618663561779,29.3176644001003));
#7366=CARTESIAN_POINT('',(7.14837091600311,16.7560971118852,29.31764496798));
#7367=CARTESIAN_POINT('',(7.13517359635178,16.7503278355674,29.3176255357519));
#7368=CARTESIAN_POINT('',(7.12181349739525,16.7449947658667,29.3176059354699));
#7369=CARTESIAN_POINT('',(7.10833273430371,16.7401080573204,29.317586901452));
#7370=CARTESIAN_POINT('',(7.09484845570699,16.7352200744211,29.3175678624705));
#7371=CARTESIAN_POINT('',(7.08127582973671,16.7307865526183,29.3175494280345));
#7372=CARTESIAN_POINT('',(7.06749328198341,16.7267691239469,29.3175320141939));
#7373=CARTESIAN_POINT('',(7.05371952693627,16.7227542582319,29.3175146114626));
#7374=CARTESIAN_POINT('',(7.03978079626252,16.7191717716923,29.3174982937599));
#7375=CARTESIAN_POINT('',(7.02571741049332,16.7160381342003,29.3174836027687));
#7376=CARTESIAN_POINT('',(7.01165409757668,16.7129045129415,29.3174689118537));
#7377=CARTESIAN_POINT('',(6.99746665451192,16.7102198944092,29.3174558497268));
#7378=CARTESIAN_POINT('',(6.98319876434936,16.7079956972084,29.3174448329265));
#7379=CARTESIAN_POINT('',(6.96893089883244,16.7057715038495,29.3174338161453));
#7380=CARTESIAN_POINT('',(6.95458314220744,16.7040078305869,29.3174248461255));
#7381=CARTESIAN_POINT('',(6.94020081931519,16.7027103021974,29.3174181932916));
#7382=CARTESIAN_POINT('',(6.92581847323086,16.7014127717156,29.317411540447));
#7383=CARTESIAN_POINT('',(6.91140212449176,16.7005814257597,29.3174072054107));
#7384=CARTESIAN_POINT('',(6.89699695719913,16.7002158692623,29.3174053010423));
#7385=CARTESIAN_POINT('',(6.86816702660685,16.6994842589842,29.3174014897149));
#7386=CARTESIAN_POINT('',(6.83946897944943,16.7006153343733,29.3174075225027));
#7387=CARTESIAN_POINT('',(6.81100441743386,16.7035622386638,29.3174225494788));
#7388=CARTESIAN_POINT('',(6.79674413898387,16.7050385893529,29.3174300777472));
#7389=CARTESIAN_POINT('',(6.78249240335195,16.7069771085606,29.3174398655888));
#7390=CARTESIAN_POINT('',(6.76829244992218,16.7093782426411,29.3174516494016));
#7391=CARTESIAN_POINT('',(6.75409257708393,16.711779363094,29.3174634331475));
#7392=CARTESIAN_POINT('',(6.73994502713698,16.7146430467977,29.3174772119916));
#7393=CARTESIAN_POINT('',(6.72589446416179,16.7179638268582,29.3174925696282));
#7394=CARTESIAN_POINT('',(6.71184393195714,16.7212845996463,29.3175079272312));
#7395=CARTESIAN_POINT('',(6.69789093818317,16.7250623540141,29.3175248619272));
#7396=CARTESIAN_POINT('',(6.68407967766149,16.729285617385,29.3175428177888));
#7397=CARTESIAN_POINT('',(6.67026840122606,16.7335088856221,29.317560773671));
#7398=CARTESIAN_POINT('',(6.65659939681785,16.7381774897773,29.3175797483593));
#7399=CARTESIAN_POINT('',(6.64311463905901,16.7432743619582,29.3175990692271));
#7400=CARTESIAN_POINT('',(6.61613552149421,16.7534717356329,29.3176377247204));
#7401=CARTESIAN_POINT('',(6.58993619626217,16.7653676014659,29.3176777602562));
#7402=CARTESIAN_POINT('',(6.5647058811929,16.7788237695028,29.3177130073042));
#7403=COLOUR_RGB('',1.0,0.839215755462646,0.301960796117783);
#7404=CARTESIAN_POINT('',(16.3,3.92817358406516,4.59388335338243));
#7405=CARTESIAN_POINT('',(5.80000000002552,3.92817358406516,4.59388335338243));
#7406=CARTESIAN_POINT('',(8.15000000000002,3.92817358406516,4.59388335338243));
#7407=VECTOR('',#9542,1.0);
#7408=CARTESIAN_POINT('',(16.3,5.59343768801511,12.5999999999984));
#7409=AXIS2_PLACEMENT_3D('',#9543,#9544,#9545);
#7410=CARTESIAN_POINT('',(-6.21724893790088E-15,5.59343768801511,12.5999999999984));
#7411=CARTESIAN_POINT('',(16.3,5.59343768801511,12.5999999999984));
#7412=VECTOR('',#9546,1.0);
#7413=CARTESIAN_POINT('',(-5.32907051820075E-15,4.04320466956571,4.94999999999861));
#7414=AXIS2_PLACEMENT_3D('',#9547,#9548,#9549);
#7415=CARTESIAN_POINT('',(5.80000000003662,4.04320466956581,4.94999999999891));
#7416=CARTESIAN_POINT('',(16.3,4.04320466956581,4.94999999999891));
#7417=VECTOR('',#9550,1.0);
#7418=AXIS2_PLACEMENT_3D('',#9551,#9552,#9553);
#7419=COLOUR_RGB('',1.0,0.839215755462646,0.301960796117783);
#7420=CARTESIAN_POINT('',(16.3,1.48149416540551,20.6999999999983));
#7421=CARTESIAN_POINT('',(1.91913923049962E-15,1.48149416540551,20.6999999999983));
#7422=CARTESIAN_POINT('',(8.15000000000002,1.48149416540551,20.6999999999983));
#7423=VECTOR('',#9554,1.0);
#7424=CARTESIAN_POINT('',(16.3,6.11066752753686E-13,27.1999999999997));
#7425=AXIS2_PLACEMENT_3D('',#9555,#9556,#9557);
#7426=CARTESIAN_POINT('',(-7.99360577730113E-15,6.11066752753686E-13,27.1999999999997));
#7427=CARTESIAN_POINT('',(-0.815002399999968,6.11066752753686E-13,27.1999999999997));
#7428=VECTOR('',#9558,1.0);
#7429=AXIS2_PLACEMENT_3D('',#9559,#9560,#9561);
#7430=COLOUR_RGB('',1.0,0.839215755462646,0.301960796117783);
#7431=CARTESIAN_POINT('',(12.2999999988399,59.8499999892128,42.1999999999986));
#7432=CARTESIAN_POINT('',(12.2999999988399,59.8499999892106,33.1035239776432));
#7433=CARTESIAN_POINT('',(12.2999999988399,59.8499999892111,35.0295996027422));
#7434=VECTOR('',#9562,1.0);
#7435=CARTESIAN_POINT('',(8.79999999883994,56.3499999892128,42.1999999999994));
#7436=AXIS2_PLACEMENT_3D('',#9563,#9564,#9565);
#7437=CARTESIAN_POINT('',(8.79999999883994,56.3499999892107,33.5985707026633));
#7438=CARTESIAN_POINT('',(8.79999999883993,56.3499999892111,35.029599602743));
#7439=VECTOR('',#9566,1.0);
#7440=CARTESIAN_POINT('',(9.45000000000745,58.3816249562394,32.8239308660852));
#7441=AXIS2_PLACEMENT_3D('',#9567,#9568,#9569);
#7442=CARTESIAN_POINT('',(9.45000000000745,58.3816249562364,20.4999995804383));
#7443=CARTESIAN_POINT('',(9.45000000000745,58.3816249562399,35.0295996027425));
#7444=VECTOR('',#9570,1.0);
#7445=CARTESIAN_POINT('',(9.66183471281004,58.6500182333933,20.4999995804382));
#7446=AXIS2_PLACEMENT_3D('',#9571,#9572,#9573);
#7447=CARTESIAN_POINT('',(9.66183471123494,58.650018231589,30.53015479394));
#7448=CARTESIAN_POINT('',(9.66183471281004,58.6500182333933,20.4999995804382));
#7449=CARTESIAN_POINT('',(9.66183471267878,58.6500182332429,21.33584584823));
#7450=CARTESIAN_POINT('',(9.66183471254753,58.6500182330926,22.1716921160218));
#7451=CARTESIAN_POINT('',(9.66183471241627,58.6500182329422,23.0075383838136));
#7452=CARTESIAN_POINT('',(9.66183471228501,58.6500182327918,23.8433846516054));
#7453=CARTESIAN_POINT('',(9.66183471215375,58.6500182326415,24.6792309193973));
#7454=CARTESIAN_POINT('',(9.66183471202249,58.6500182324911,25.5150771871891));
#7455=CARTESIAN_POINT('',(9.66183471189123,58.6500182323408,26.3509234549809));
#7456=CARTESIAN_POINT('',(9.66183471175998,58.6500182321904,27.1867697227727));
#7457=CARTESIAN_POINT('',(9.66183471162872,58.6500182320401,28.0226159905645));
#7458=CARTESIAN_POINT('',(9.66183471149746,58.6500182318897,28.8584622583563));
#7459=CARTESIAN_POINT('',(9.6618347113662,58.6500182317393,29.6943085261481));
#7460=CARTESIAN_POINT('',(9.66183471123494,58.650018231589,30.53015479394));
#7461=AXIS2_PLACEMENT_3D('',#9574,#9575,#9576);
#7462=COLOUR_RGB('',1.0,0.839215755462646,0.301960796117783);
#7463=CARTESIAN_POINT('',(11.5500000016798,18.8500002417382,42.1999999999997));
#7464=CARTESIAN_POINT('',(11.5500000016799,18.8500002417382,35.6487557758927));
#7465=CARTESIAN_POINT('',(11.5500000016798,18.8500002417382,38.7011196208304));
#7466=VECTOR('',#9577,1.0);
#7467=CARTESIAN_POINT('',(13.0357657974901,19.3000002417381,42.1999999999998));
#7468=AXIS2_PLACEMENT_3D('',#9578,#9579,#9580);
#7469=CARTESIAN_POINT('',(13.0357657974902,19.3000002417381,35.202239241661));
#7470=CARTESIAN_POINT('',(13.0357657974901,19.3000002417381,42.1999999999998));
#7471=VECTOR('',#9581,1.0);
#7472=AXIS2_PLACEMENT_3D('',#9582,#9583,#9584);
#7473=COLOUR_RGB('',1.0,0.839215755462646,0.301960796117783);
#7474=CARTESIAN_POINT('',(-4.44089209850063E-15,18.8000000000006,5.9999999999982));
#7475=CARTESIAN_POINT('',(-3.5527136788005E-15,51.9000000000012,5.9999999999982));
#7476=CARTESIAN_POINT('',(-3.5527136788005E-15,45.9971140948247,5.9999999999982));
#7477=VECTOR('',#9585,1.0);
#7478=CARTESIAN_POINT('',(-5.32907051820075E-15,20.3282878269387,11.7036478187089));
#7479=CARTESIAN_POINT('',(7.105427357601E-15,13.615188011328,-13.3499817693826));
#7480=VECTOR('',#9586,1.0);
#7481=AXIS2_PLACEMENT_3D('',#9587,#9588,#9589);
#7482=CARTESIAN_POINT('',(-5.32907051820075E-15,18.8095855993988,12.0070552360808));
#7483=AXIS2_PLACEMENT_3D('',#9590,#9591,#9592);
#7484=CARTESIAN_POINT('',(-4.44089209850063E-15,17.1999999999987,6.0000000000073));
#7485=CARTESIAN_POINT('',(7.105427357601E-15,12.0151880113198,-13.3499817693826));
#7486=VECTOR('',#9593,1.0);
#7487=CARTESIAN_POINT('',(-4.44089209850063E-15,17.2000000000015,4.8999999999983));
#7488=CARTESIAN_POINT('',(-2.66453525910038E-15,17.2000000000015,-13.3499817693826));
#7489=VECTOR('',#9594,1.0);
#7490=CARTESIAN_POINT('',(-4.44089209850063E-15,18.5000000000008,4.5516660498378));
#7491=CARTESIAN_POINT('',(-2.66453525910038E-15,45.9971140948247,-2.8161634660599));
#7492=VECTOR('',#9595,1.0);
#7493=CARTESIAN_POINT('',(-4.44089209850063E-15,18.5000000000008,4.0999999999955));
#7494=CARTESIAN_POINT('',(-2.66453525910038E-15,18.5000000000008,-13.3499817693826));
#7495=VECTOR('',#9596,1.0);
#7496=CARTESIAN_POINT('',(-3.5527136788005E-15,16.8410563468694,-1.98951966012828E-13));
#7497=AXIS2_PLACEMENT_3D('',#9597,#9598,#9599);
#7498=CARTESIAN_POINT('',(-4.44089209850063E-15,7.105427357601E-15,-1.95399252334028E-13));
#7499=CARTESIAN_POINT('',(-3.5527136788005E-15,45.9971140948247,-2.02504679691629E-13));
#7500=VECTOR('',#9600,1.0);
#7501=CARTESIAN_POINT('',(7.105427357601E-15,-3.39639427693328E-12,-13.3499817693826));
#7502=VECTOR('',#9601,1.0);
#7503=CARTESIAN_POINT('',(-3.5527136788005E-15,45.9971140948247,4.9499999999986));
#7504=VECTOR('',#9602,1.0);
#7505=CARTESIAN_POINT('',(-6.21724893790088E-15,6.11066752753686E-13,12.5999999999993));
#7506=CARTESIAN_POINT('',(-4.44089209850063E-15,45.9971140948247,12.5999999999914));
#7507=VECTOR('',#9603,1.0);
#7508=CARTESIAN_POINT('',(-6.21724893790088E-15,6.11066752753686E-13,14.1999999999969));
#7509=CARTESIAN_POINT('',(7.105427357601E-15,7.03437308402499E-13,-13.3499817693826));
#7510=VECTOR('',#9604,1.0);
#7511=AXIS2_PLACEMENT_3D('',#9605,#9606,#9607);
#7512=CARTESIAN_POINT('',(-7.99360577730113E-15,6.11066752753686E-13,31.6624779498773));
#7513=CARTESIAN_POINT('',(7.105427357601E-15,7.03437308402499E-13,-13.3499817693826));
#7514=VECTOR('',#9608,1.0);
#7515=CARTESIAN_POINT('',(-8.88178419700125E-15,0.864720210484514,33.5168764255646));
#7516=CARTESIAN_POINT('',(6.21724893790088E-15,-20.9896546794866,-13.3499817693826));
#7517=VECTOR('',#9609,1.0);
#7518=CARTESIAN_POINT('',(-7.99360577730113E-15,3.16344232631081,33.4656475787814));
#7519=CARTESIAN_POINT('',(-7.105427357601E-15,45.9971140948247,32.5110652075222));
#7520=VECTOR('',#9610,1.0);
#7521=CARTESIAN_POINT('',(-7.99360577730113E-15,2.94034279377811,32.987209087302));
#7522=CARTESIAN_POINT('',(6.21724893790088E-15,-18.6670441600837,-13.3499817693826));
#7523=VECTOR('',#9611,1.0);
#7524=CARTESIAN_POINT('',(-7.99360577730113E-15,3.91006255573001,32.5350213360396));
#7525=CARTESIAN_POINT('',(-4.44089209850063E-15,45.9971140948247,12.9095068941956));
#7526=VECTOR('',#9612,1.0);
#7527=CARTESIAN_POINT('',(-8.88178419700125E-15,6.58311663142281,38.2674043002582));
#7528=CARTESIAN_POINT('',(6.21724893790088E-15,-17.4864657867975,-13.3499817693826));
#7529=VECTOR('',#9613,1.0);
#7530=CARTESIAN_POINT('',(-8.88178419700125E-15,5.61336729930541,38.7196058403152));
#7531=CARTESIAN_POINT('',(-5.32907051820075E-15,45.9971140948247,19.8883554445722));
#7532=VECTOR('',#9614,1.0);
#7533=CARTESIAN_POINT('',(-8.88178419700125E-15,5.39026776676401,38.2411673488178));
#7534=CARTESIAN_POINT('',(6.21724893790088E-15,-18.6670801600693,-13.3499817693826));
#7535=VECTOR('',#9615,1.0);
#7536=CARTESIAN_POINT('',(-8.88178419700125E-15,3.87343409917511,39.9691613839735));
#7537=CARTESIAN_POINT('',(-1.15463194561016E-14,50.6769934961331,-13.3499817693826));
#7538=VECTOR('',#9616,1.0);
#7539=CARTESIAN_POINT('',(-9.76996261670138E-15,4.91369122993561,42.1999999999995));
#7540=CARTESIAN_POINT('',(6.21724893790088E-15,-20.9896906794898,-13.3499817693826));
#7541=VECTOR('',#9617,1.0);
#7542=CARTESIAN_POINT('',(-8.88178419700125E-15,24.9815002807199,42.1999999999995));
#7543=CARTESIAN_POINT('',(-7.99360577730113E-15,45.9971140948247,42.1999999999995));
#7544=VECTOR('',#9618,1.0);
#7545=CARTESIAN_POINT('',(-8.88178419700125E-15,25.7000000000011,40.4999999999965));
#7546=CARTESIAN_POINT('',(-1.77635683940025E-15,48.4595275203092,-13.3499817693826));
#7547=VECTOR('',#9619,1.0);
#7548=CARTESIAN_POINT('',(-7.99360577730113E-15,25.7000000000011,33.1999999999979));
#7549=CARTESIAN_POINT('',(-1.77635683940025E-15,25.7000000000011,-13.3499817693826));
#7550=VECTOR('',#9620,1.0);
#7551=CARTESIAN_POINT('',(-7.105427357601E-15,33.7000000000009,33.199999999998));
#7552=CARTESIAN_POINT('',(-7.105427357601E-15,45.9971140948247,33.1999999999981));
#7553=VECTOR('',#9621,1.0);
#7554=CARTESIAN_POINT('',(-7.99360577730113E-15,33.700000000001,40.4999999999963));
#7555=CARTESIAN_POINT('',(-1.77635683940025E-15,33.7000000000009,-13.3499817693826));
#7556=VECTOR('',#9622,1.0);
#7557=CARTESIAN_POINT('',(-1.86517468137026E-14,34.4184997193069,42.1999999999962));
#7558=CARTESIAN_POINT('',(-2.66453525910038E-15,10.9404724788675,-13.3499817693826));
#7559=VECTOR('',#9623,1.0);
#7560=CARTESIAN_POINT('',(-1.86517468137026E-14,36.0903456250272,42.1999999999964));
#7561=CARTESIAN_POINT('',(-7.99360577730113E-15,45.9971140948247,42.1999999999976));
#7562=VECTOR('',#9624,1.0);
#7563=CARTESIAN_POINT('',(-1.77635683940025E-14,37.0153984670878,40.094999999998));
#7564=CARTESIAN_POINT('',(-1.06581410364015E-14,60.5020646332084,-13.3499817693826));
#7565=VECTOR('',#9625,1.0);
#7566=CARTESIAN_POINT('',(-1.77635683940025E-14,36.4875000000023,40.094999999998));
#7567=CARTESIAN_POINT('',(-7.99360577730113E-15,45.9971140948247,40.094999999998));
#7568=VECTOR('',#9626,1.0);
#7569=CARTESIAN_POINT('',(-1.77635683940025E-14,36.4875000000023,39.0249999999984));
#7570=CARTESIAN_POINT('',(-1.77635683940025E-15,36.4875000000022,-13.3499817693826));
#7571=VECTOR('',#9627,1.0);
#7572=CARTESIAN_POINT('',(-1.77635683940025E-14,42.8125000000024,39.024999999998));
#7573=CARTESIAN_POINT('',(-7.99360577730113E-15,45.9971140948247,39.0249999999978));
#7574=VECTOR('',#9628,1.0);
#7575=CARTESIAN_POINT('',(-1.77635683940025E-14,42.8125000000024,40.094999999998));
#7576=CARTESIAN_POINT('',(-1.77635683940025E-15,42.8125000000024,-13.3499817693826));
#7577=VECTOR('',#9629,1.0);
#7578=CARTESIAN_POINT('',(-7.99360577730113E-15,42.2846015329154,40.094999999998));
#7579=CARTESIAN_POINT('',(-7.99360577730113E-15,45.9971140948247,40.094999999998));
#7580=VECTOR('',#9630,1.0);
#7581=CARTESIAN_POINT('',(-1.77635683940025E-14,43.2096543749795,42.1999999999994));
#7582=CARTESIAN_POINT('',(-2.66453525910038E-15,18.7979353667397,-13.3499817693826));
#7583=VECTOR('',#9631,1.0);
#7584=CARTESIAN_POINT('',(-1.77635683940025E-14,63.6833333333252,42.1999999999994));
#7585=CARTESIAN_POINT('',(-7.99360577730113E-15,45.9971140948247,42.1999999999994));
#7586=VECTOR('',#9632,1.0);
#7587=CARTESIAN_POINT('',(-1.77635683940025E-14,65.7499999999919,45.2999999999994));
#7588=CARTESIAN_POINT('',(-1.77635683940025E-15,26.6500121537371,-13.3499817693826));
#7589=VECTOR('',#9633,1.0);
#7590=CARTESIAN_POINT('',(-1.77635683940025E-14,81.0862643770869,45.2999999999994));
#7591=CARTESIAN_POINT('',(-8.88178419700125E-15,45.9971140948247,45.2999999999994));
#7592=VECTOR('',#9634,1.0);
#7593=CARTESIAN_POINT('',(-1.68753899743024E-14,82.1265299008266,43.0691433851713));
#7594=CARTESIAN_POINT('',(-2.04281036531029E-14,108.435200026792,-13.3499817693826));
#7595=VECTOR('',#9635,1.0);
#7596=CARTESIAN_POINT('',(-1.68753899743024E-14,80.6096962332377,41.3411493500156));
#7597=CARTESIAN_POINT('',(-1.77635683940025E-15,32.6018053998975,-13.3499817693826));
#7598=VECTOR('',#9636,1.0);
#7599=CARTESIAN_POINT('',(-1.68753899743024E-14,80.3865967006964,41.819587841513));
#7600=CARTESIAN_POINT('',(-2.04281036531029E-14,106.112589507372,-13.3499817693826));
#7601=VECTOR('',#9637,1.0);
#7602=CARTESIAN_POINT('',(-1.68753899743024E-14,79.4168473685789,41.367386301456));
#7603=CARTESIAN_POINT('',(-6.21724893790088E-15,45.9971140948247,25.7835087424069));
#7604=VECTOR('',#9638,1.0);
#7605=CARTESIAN_POINT('',(-1.59872115546023E-14,82.0899078740948,35.6349895484374));
#7606=CARTESIAN_POINT('',(-2.04281036531029E-14,104.931975134101,-13.3499817693826));
#7607=VECTOR('',#9639,1.0);
#7608=CARTESIAN_POINT('',(-1.59872115546023E-14,83.0596572062237,36.0871910884998));
#7609=CARTESIAN_POINT('',(-5.32907051820075E-15,45.9971140948247,18.8046434049546));
#7610=VECTOR('',#9640,1.0);
#7611=CARTESIAN_POINT('',(-1.59872115546023E-14,82.8365576736907,36.5656295799791));
#7612=CARTESIAN_POINT('',(-2.04281036531029E-14,106.112589507387,-13.3499817693826));
#7613=VECTOR('',#9641,1.0);
#7614=CARTESIAN_POINT('',(-1.59872115546023E-14,85.1352797895172,36.6168584267623));
#7615=CARTESIAN_POINT('',(-7.105427357601E-15,45.9971140948247,35.744633341379));
#7616=VECTOR('',#9642,1.0);
#7617=CARTESIAN_POINT('',(-1.59872115546023E-14,86.0000000000012,34.7624599511079));
#7618=CARTESIAN_POINT('',(-2.04281036531029E-14,108.43520002679,-13.3499817693826));
#7619=VECTOR('',#9643,1.0);
#7620=CARTESIAN_POINT('',(-1.24344978758018E-14,86.0000000000012,4.69540872488689));
#7621=CARTESIAN_POINT('',(8.88178419700125E-16,86.0000000000012,-26.0355767875781));
#7622=VECTOR('',#9644,1.0);
#7623=CARTESIAN_POINT('',(-2.66453525910038E-15,54.5822866190114,-1.90070181815827E-12));
#7624=CARTESIAN_POINT('',(-2.66453525910038E-15,45.9971140948247,-1.2830626304966));
#7625=VECTOR('',#9645,1.0);
#7626=CARTESIAN_POINT('',(-2.66453525910038E-15,52.2589436531335,-1.90070181815827E-12));
#7627=CARTESIAN_POINT('',(-3.5527136788005E-15,45.9971140948247,-1.90070181815827E-12));
#7628=VECTOR('',#9646,1.0);
#7629=CARTESIAN_POINT('',(-3.5527136788005E-15,50.6000000000007,4.0999999999976));
#7630=AXIS2_PLACEMENT_3D('',#9647,#9648,#9649);
#7631=CARTESIAN_POINT('',(-3.5527136788005E-15,50.600000000001,4.5516660498379));
#7632=CARTESIAN_POINT('',(-1.77635683940025E-15,50.5999999999887,-13.3499817693826));
#7633=VECTOR('',#9650,1.0);
#7634=CARTESIAN_POINT('',(-3.5527136788005E-15,51.9000000000012,4.8999999999983));
#7635=CARTESIAN_POINT('',(-3.5527136788005E-15,45.9971140948247,3.3183264886936));
#7636=VECTOR('',#9651,1.0);
#7637=CARTESIAN_POINT('',(-8.88178419700125E-16,51.9000000000012,-13.3499817693826));
#7638=VECTOR('',#9652,1.0);
#7639=COLOUR_RGB('',1.0,0.839215755462646,0.301960796117783);
#7640=CARTESIAN_POINT('',(16.3,18.8000000000006,5.9999999999982));
#7641=CARTESIAN_POINT('',(16.3,51.9000000000012,5.9999999999982));
#7642=CARTESIAN_POINT('',(16.3,45.9971140948247,5.9999999999982));
#7643=VECTOR('',#9653,1.0);
#7644=CARTESIAN_POINT('',(16.3,51.9000000000012,4.8999999999983));
#7645=CARTESIAN_POINT('',(16.3,51.9000000000012,-13.3499817693826));
#7646=VECTOR('',#9654,1.0);
#7647=CARTESIAN_POINT('',(16.3,50.600000000001,4.5516660498379));
#7648=CARTESIAN_POINT('',(16.3,45.9971140948247,3.3183264886936));
#7649=VECTOR('',#9655,1.0);
#7650=CARTESIAN_POINT('',(16.3,50.6000000000007,4.0999999999976));
#7651=CARTESIAN_POINT('',(16.3,50.5999999999887,-13.3499817693826));
#7652=VECTOR('',#9656,1.0);
#7653=CARTESIAN_POINT('',(16.3,52.2589436531335,-1.90070181815827E-12));
#7654=AXIS2_PLACEMENT_3D('',#9657,#9658,#9659);
#7655=CARTESIAN_POINT('',(16.3,54.5822866190114,-1.90070181815827E-12));
#7656=CARTESIAN_POINT('',(16.3,45.9971140948247,-1.90070181815827E-12));
#7657=VECTOR('',#9660,1.0);
#7658=CARTESIAN_POINT('',(16.2999999999999,86.0000000000012,4.69540872488689));
#7659=CARTESIAN_POINT('',(16.3,45.9971140948247,-1.2830626304966));
#7660=VECTOR('',#9661,1.0);
#7661=CARTESIAN_POINT('',(16.2999999999999,86.0000000000012,34.7624599511079));
#7662=CARTESIAN_POINT('',(16.3000000000001,86.0000000000012,-26.0355767875781));
#7663=VECTOR('',#9662,1.0);
#7664=CARTESIAN_POINT('',(16.2999999999999,85.1352797895263,36.6168584267756));
#7665=CARTESIAN_POINT('',(16.3000000000001,108.435200026805,-13.3499817693826));
#7666=VECTOR('',#9663,1.0);
#7667=CARTESIAN_POINT('',(16.2999999999999,82.8365576736714,36.5656295799918));
#7668=CARTESIAN_POINT('',(16.3,45.9971140948247,35.7446333413921));
#7669=VECTOR('',#9664,1.0);
#7670=CARTESIAN_POINT('',(16.2999999999999,83.0596572062092,36.0871910885021));
#7671=CARTESIAN_POINT('',(16.3000000000001,106.112589507373,-13.3499817693826));
#7672=VECTOR('',#9665,1.0);
#7673=CARTESIAN_POINT('',(16.2999999999999,82.0899078740803,35.6349895484397));
#7674=CARTESIAN_POINT('',(16.3,45.9971140948247,18.8046434049637));
#7675=VECTOR('',#9666,1.0);
#7676=CARTESIAN_POINT('',(16.2999999999999,79.4168473685755,41.3673863014347));
#7677=CARTESIAN_POINT('',(16.3000000000001,104.931975134087,-13.3499817693826));
#7678=VECTOR('',#9667,1.0);
#7679=CARTESIAN_POINT('',(16.2999999999999,80.3865967007165,41.8195878415027));
#7680=CARTESIAN_POINT('',(16.3,45.9971140948247,25.7835087423872));
#7681=VECTOR('',#9668,1.0);
#7682=CARTESIAN_POINT('',(16.2999999999999,80.6096962332469,41.3411493500288));
#7683=CARTESIAN_POINT('',(16.3000000000001,106.112589507388,-13.3499817693826));
#7684=VECTOR('',#9669,1.0);
#7685=CARTESIAN_POINT('',(16.2999999999999,82.126529900817,43.0691433851632));
#7686=CARTESIAN_POINT('',(16.3,32.6018053998949,-13.3499817693826));
#7687=VECTOR('',#9670,1.0);
#7688=CARTESIAN_POINT('',(16.2999999999999,81.0862643770735,45.2999999999994));
#7689=CARTESIAN_POINT('',(16.3000000000001,108.435200026779,-13.3499817693826));
#7690=VECTOR('',#9671,1.0);
#7691=CARTESIAN_POINT('',(16.2999999999999,65.749999999992,45.2999999999994));
#7692=CARTESIAN_POINT('',(16.3,45.9971140948247,45.2999999999994));
#7693=VECTOR('',#9672,1.0);
#7694=CARTESIAN_POINT('',(16.2999999999999,63.6833333333252,42.1999999999994));
#7695=CARTESIAN_POINT('',(16.3,26.6500121537371,-13.3499817693826));
#7696=VECTOR('',#9673,1.0);
#7697=CARTESIAN_POINT('',(16.2999999999999,43.2096543749795,42.1999999999994));
#7698=CARTESIAN_POINT('',(16.3,45.9971140948247,42.1999999999994));
#7699=VECTOR('',#9674,1.0);
#7700=CARTESIAN_POINT('',(16.3,42.2846015329154,40.094999999998));
#7701=CARTESIAN_POINT('',(16.3,18.7979353667397,-13.3499817693826));
#7702=VECTOR('',#9675,1.0);
#7703=CARTESIAN_POINT('',(16.2999999999999,42.8125000000024,40.094999999998));
#7704=CARTESIAN_POINT('',(16.3,45.9971140948247,40.094999999998));
#7705=VECTOR('',#9676,1.0);
#7706=CARTESIAN_POINT('',(16.2999999999999,42.8125000000024,39.024999999998));
#7707=CARTESIAN_POINT('',(16.3,42.8125000000024,-13.3499817693826));
#7708=VECTOR('',#9677,1.0);
#7709=CARTESIAN_POINT('',(16.3,36.4875000000023,39.0249999999984));
#7710=CARTESIAN_POINT('',(16.3,45.9971140948247,39.0249999999978));
#7711=VECTOR('',#9678,1.0);
#7712=CARTESIAN_POINT('',(16.2999999999999,36.4875000000023,40.094999999998));
#7713=CARTESIAN_POINT('',(16.3,36.4875000000022,-13.3499817693826));
#7714=VECTOR('',#9679,1.0);
#7715=CARTESIAN_POINT('',(16.3,37.0153984670878,40.094999999998));
#7716=CARTESIAN_POINT('',(16.3,45.9971140948247,40.094999999998));
#7717=VECTOR('',#9680,1.0);
#7718=CARTESIAN_POINT('',(16.3,36.0903456250272,42.1999999999964));
#7719=CARTESIAN_POINT('',(16.3,60.5020646332084,-13.3499817693826));
#7720=VECTOR('',#9681,1.0);
#7721=CARTESIAN_POINT('',(16.2999999999999,34.4184997193069,42.1999999999962));
#7722=CARTESIAN_POINT('',(16.3,45.9971140948247,42.1999999999976));
#7723=VECTOR('',#9682,1.0);
#7724=CARTESIAN_POINT('',(16.2999999999999,33.700000000001,40.4999999999963));
#7725=CARTESIAN_POINT('',(16.3,10.9404724788675,-13.3499817693826));
#7726=VECTOR('',#9683,1.0);
#7727=CARTESIAN_POINT('',(16.3,33.7000000000009,33.199999999998));
#7728=CARTESIAN_POINT('',(16.3,33.7000000000009,-13.3499817693826));
#7729=VECTOR('',#9684,1.0);
#7730=CARTESIAN_POINT('',(16.3,25.7000000000011,33.1999999999979));
#7731=CARTESIAN_POINT('',(16.3,45.9971140948247,33.1999999999981));
#7732=VECTOR('',#9685,1.0);
#7733=CARTESIAN_POINT('',(16.2999999999999,25.7000000000011,40.4999999999965));
#7734=CARTESIAN_POINT('',(16.3,25.7000000000011,-13.3499817693826));
#7735=VECTOR('',#9686,1.0);
#7736=CARTESIAN_POINT('',(16.2999999999999,24.9815002807198,42.1999999999998));
#7737=CARTESIAN_POINT('',(16.3,48.4595275203092,-13.3499817693826));
#7738=VECTOR('',#9687,1.0);
#7739=CARTESIAN_POINT('',(16.3,4.91369122994921,42.1999999999998));
#7740=CARTESIAN_POINT('',(16.3,45.9971140948247,42.1999999999998));
#7741=VECTOR('',#9688,1.0);
#7742=CARTESIAN_POINT('',(16.3,3.87343409918481,39.9691613839655));
#7743=CARTESIAN_POINT('',(16.3,-20.9896906794764,-13.3499817693826));
#7744=VECTOR('',#9689,1.0);
#7745=CARTESIAN_POINT('',(16.3,5.39026776675491,38.2411673488311));
#7746=CARTESIAN_POINT('',(16.3,50.6769934961356,-13.3499817693826));
#7747=VECTOR('',#9690,1.0);
#7748=CARTESIAN_POINT('',(16.3,5.61336729928531,38.7196058403049));
#7749=CARTESIAN_POINT('',(16.3,-18.6670801600846,-13.3499817693826));
#7750=VECTOR('',#9691,1.0);
#7751=CARTESIAN_POINT('',(16.3,6.58311663142631,38.2674043002369));
#7752=CARTESIAN_POINT('',(16.3,45.9971140948247,19.8883554445525));
#7753=VECTOR('',#9692,1.0);
#7754=CARTESIAN_POINT('',(16.3,3.91006255574451,32.5350213360419));
#7755=CARTESIAN_POINT('',(16.3,-17.4864657867841,-13.3499817693826));
#7756=VECTOR('',#9693,1.0);
#7757=CARTESIAN_POINT('',(16.3,2.94034279379261,32.9872090873043));
#7758=CARTESIAN_POINT('',(16.3,45.9971140948247,12.9095068942047));
#7759=VECTOR('',#9694,1.0);
#7760=CARTESIAN_POINT('',(16.3,3.16344232632981,33.465647578794));
#7761=CARTESIAN_POINT('',(16.3,-18.6670441600703,-13.3499817693826));
#7762=VECTOR('',#9695,1.0);
#7763=CARTESIAN_POINT('',(16.3,0.864720210475411,33.5168764255779));
#7764=CARTESIAN_POINT('',(16.3,45.9971140948247,32.5110652075353));
#7765=VECTOR('',#9696,1.0);
#7766=CARTESIAN_POINT('',(16.3,6.11066752753686E-13,31.6624779499101));
#7767=CARTESIAN_POINT('',(16.3,-20.9896546795019,-13.3499817693826));
#7768=VECTOR('',#9697,1.0);
#7769=CARTESIAN_POINT('',(16.3,7.03437308402499E-13,-13.3499817693826));
#7770=VECTOR('',#9698,1.0);
#7771=CARTESIAN_POINT('',(16.3,6.11066752753686E-13,14.1999999999969));
#7772=AXIS2_PLACEMENT_3D('',#9699,#9700,#9701);
#7773=CARTESIAN_POINT('',(16.3,6.11066752753686E-13,12.5999999999993));
#7774=CARTESIAN_POINT('',(16.3,7.03437308402499E-13,-13.3499817693826));
#7775=VECTOR('',#9702,1.0);
#7776=CARTESIAN_POINT('',(16.3,45.9971140948247,12.5999999999914));
#7777=VECTOR('',#9703,1.0);
#7778=CARTESIAN_POINT('',(16.3,3.74998524250391,4.0654524616391));
#7779=AXIS2_PLACEMENT_3D('',#9704,#9705,#9706);
#7780=CARTESIAN_POINT('',(16.3,3.74998524250401,2.06129632481201));
#7781=CARTESIAN_POINT('',(16.3,3.7499852425046,-13.3499817693826));
#7782=VECTOR('',#9707,1.0);
#7783=CARTESIAN_POINT('',(16.3,1.50000000000371,2.06129632481201));
#7784=CARTESIAN_POINT('',(16.3,45.9971140948247,2.061296324812));
#7785=VECTOR('',#9708,1.0);
#7786=CARTESIAN_POINT('',(16.3,1.50000000000371,3.37917960674871));
#7787=CARTESIAN_POINT('',(16.3,1.5000000000037,-13.3499817693826));
#7788=VECTOR('',#9709,1.0);
#7789=AXIS2_PLACEMENT_3D('',#9710,#9711,#9712);
#7790=CARTESIAN_POINT('',(16.3,7.105427357601E-15,-1.95399252334028E-13));
#7791=CARTESIAN_POINT('',(16.3,-3.39639427693328E-12,-13.3499817693826));
#7792=VECTOR('',#9713,1.0);
#7793=CARTESIAN_POINT('',(16.3,16.8410563468694,-1.98951966012828E-13));
#7794=CARTESIAN_POINT('',(16.3,45.9971140948247,-2.02504679691629E-13));
#7795=VECTOR('',#9714,1.0);
#7796=CARTESIAN_POINT('',(16.3,18.5000000000008,4.0999999999955));
#7797=AXIS2_PLACEMENT_3D('',#9715,#9716,#9717);
#7798=CARTESIAN_POINT('',(16.3,18.5000000000008,4.5516660498378));
#7799=CARTESIAN_POINT('',(16.3,18.5000000000008,-13.3499817693826));
#7800=VECTOR('',#9718,1.0);
#7801=CARTESIAN_POINT('',(16.3,17.2000000000015,4.8999999999983));
#7802=CARTESIAN_POINT('',(16.3,45.9971140948247,-2.8161634660599));
#7803=VECTOR('',#9719,1.0);
#7804=CARTESIAN_POINT('',(16.3,17.2000000000015,6.00000000001771));
#7805=CARTESIAN_POINT('',(16.3,17.2000000000015,-13.3499817693826));
#7806=VECTOR('',#9720,1.0);
#7807=CARTESIAN_POINT('',(16.3,18.8095855993988,12.0070552360808));
#7808=CARTESIAN_POINT('',(16.3,12.0151880113198,-13.3499817693826));
#7809=VECTOR('',#9721,1.0);
#7810=AXIS2_PLACEMENT_3D('',#9722,#9723,#9724);
#7811=CARTESIAN_POINT('',(16.3,20.3282878269387,11.7036478187087));
#7812=AXIS2_PLACEMENT_3D('',#9725,#9726,#9727);
#7813=CARTESIAN_POINT('',(16.3,13.615188011328,-13.3499817693826));
#7814=VECTOR('',#9728,1.0);
#7815=COLOUR_RGB('',1.0,0.839215755462646,0.301960796117783);
#7816=CARTESIAN_POINT('',(4.65000000000314,43.2096543749795,42.1999999999994));
#7817=VECTOR('',#9729,1.0);
#7818=CARTESIAN_POINT('',(4.65000000000314,42.2846015329154,40.094999999998));
#7819=VECTOR('',#9730,1.0);
#7820=COLOUR_RGB('',1.0,0.839215755462646,0.301960796117783);
#7821=CARTESIAN_POINT('',(4.65000000000314,37.0153984670879,40.094999999998));
#7822=VECTOR('',#9731,1.0);
#7823=CARTESIAN_POINT('',(11.6499999999968,36.4875000000023,40.094999999998));
#7824=VECTOR('',#9732,1.0);
#7825=COLOUR_RGB('',1.0,0.839215755462646,0.301960796117783);
#7826=CARTESIAN_POINT('',(11.6499999999968,42.8125000000024,39.024999999998));
#7827=VECTOR('',#9733,1.0);
#7828=CARTESIAN_POINT('',(11.6499999999968,36.4875000000023,39.0249999999984));
#7829=VECTOR('',#9734,1.0);
#7830=COLOUR_RGB('',1.0,0.839215755462646,0.301960796117783);
#7831=CARTESIAN_POINT('',(10.0642342058696,19.3000002417381,35.202239241661));
#7832=AXIS2_PLACEMENT_3D('',#9735,#9736,#9737);
#7833=CARTESIAN_POINT('',(10.0642342058694,19.3000002417381,42.1999999999997));
#7834=CARTESIAN_POINT('',(10.0642342058694,19.3000002417381,42.1999999999997));
#7835=VECTOR('',#9738,1.0);
#7836=AXIS2_PLACEMENT_3D('',#9739,#9740,#9741);
#7837=COLOUR_RGB('',1.0,0.839215755462646,0.301960796117783);
#7838=CARTESIAN_POINT('',(11.6499999999968,42.8125000000024,40.094999999998));
#7839=VECTOR('',#9742,1.0);
#7840=COLOUR_RGB('',1.0,0.839215755462646,0.301960796117783);
#7841=CARTESIAN_POINT('',(14.4525959691609,59.109770013788,31.5160956725818));
#7842=AXIS2_PLACEMENT_3D('',#9743,#9744,#9745);
#7843=CARTESIAN_POINT('',(15.7999999988399,56.3499999892106,33.1218692656284));
#7844=AXIS2_PLACEMENT_3D('',#9746,#9747,#9748);
#7845=CARTESIAN_POINT('',(15.7999999988399,56.3499999892128,42.1999999999994));
#7846=CARTESIAN_POINT('',(15.7999999988399,56.3499999892111,35.029599602743));
#7847=VECTOR('',#9749,1.0);
#7848=AXIS2_PLACEMENT_3D('',#9750,#9751,#9752);
#7849=COLOUR_RGB('',1.0,0.839215755462646,0.301960796117783);
#7850=CARTESIAN_POINT('',(11.6499999999969,5.39026776675751,38.2411673488273));
#7851=VECTOR('',#9753,1.0);
#7852=CARTESIAN_POINT('',(11.6499999999969,3.87343409918201,39.9691613839678));
#7853=VECTOR('',#9754,1.0);
#7854=COLOUR_RGB('',1.0,0.839215755462646,0.301960796117783);
#7855=CARTESIAN_POINT('',(-0.815002399999966,6.11066752753686E-13,14.1999999999969));
#7856=VECTOR('',#9755,1.0);
#7857=COLOUR_RGB('',1.0,0.839215755462646,0.301960796117783);
#7858=CARTESIAN_POINT('',(11.6499999999969,6.11066752753686E-13,12.5999999999993));
#7859=VECTOR('',#9756,1.0);
#7860=COLOUR_RGB('',1.0,0.839215755462646,0.301960796117783);
#7861=CARTESIAN_POINT('',(5.80000000003662,3.74998524250391,4.0654524616391));
#7862=AXIS2_PLACEMENT_3D('',#9757,#9758,#9759);
#7863=CARTESIAN_POINT('',(16.3,3.74998524250391,4.0654524616391));
#7864=VECTOR('',#9760,1.0);
#7865=COLOUR_RGB('',1.0,0.839215755462646,0.301960796117783);
#7866=COLOUR_RGB('',1.0,0.839215755462646,0.301960796117783);
#7867=CARTESIAN_POINT('',(11.6499999999969,6.11066752753686E-13,31.6624779499008));
#7868=VECTOR('',#9761,1.0);
#7869=COLOUR_RGB('',1.0,0.839215755462646,0.301960796117783);
#7870=CARTESIAN_POINT('',(11.6499999999969,0.864720210478112,33.5168764255741));
#7871=VECTOR('',#9762,1.0);
#7872=COLOUR_RGB('',1.0,0.839215755462646,0.301960796117783);
#7873=CARTESIAN_POINT('',(11.6499999999969,3.16344232632491,33.4656475787904));
#7874=VECTOR('',#9763,1.0);
#7875=COLOUR_RGB('',1.0,0.839215755462646,0.301960796117783);
#7876=CARTESIAN_POINT('',(11.6499999999969,2.94034279378851,32.9872090873037));
#7877=VECTOR('',#9764,1.0);
#7878=COLOUR_RGB('',1.0,0.839215755462646,0.301960796117783);
#7879=CARTESIAN_POINT('',(11.6499999999969,3.91006255574041,32.5350213360412));
#7880=VECTOR('',#9765,1.0);
#7881=COLOUR_RGB('',1.0,0.839215755462646,0.301960796117783);
#7882=CARTESIAN_POINT('',(11.6499999999969,6.58311663142531,38.267404300243));
#7883=VECTOR('',#9766,1.0);
#7884=COLOUR_RGB('',1.0,0.839215755462646,0.301960796117783);
#7885=CARTESIAN_POINT('',(11.6499999999969,5.61336729929101,38.7196058403079));
#7886=VECTOR('',#9767,1.0);
#7887=COLOUR_RGB('',1.0,0.839215755462646,0.301960796117783);
#7888=COLOUR_RGB('',1.0,0.839215755462646,0.301960796117783);
#7889=CARTESIAN_POINT('',(11.6499999999969,4.91369122994531,42.1999999999997));
#7890=VECTOR('',#9768,1.0);
#7891=COLOUR_RGB('',0.823529481887817,0.823529481887817,0.784313797950745);
#7892=CARTESIAN_POINT('',(7.57500000000005,30.5499999999824,17.7999998153856));
#7893=CARTESIAN_POINT('',(0.575000000000045,30.5499999999824,17.7999998153856));
#7894=CARTESIAN_POINT('',(11.6499999999968,30.5499999999824,17.7999998153856));
#7895=VECTOR('',#9769,1.0);
#7896=CARTESIAN_POINT('',(7.57500000000004,33.7000000000011,17.7999998148184));
#7897=CARTESIAN_POINT('',(7.57500000000004,45.9971140948247,17.7999998126038));
#7898=VECTOR('',#9770,1.0);
#7899=CARTESIAN_POINT('',(0.575000000000045,33.7000000000011,17.7999998148183));
#7900=CARTESIAN_POINT('',(11.6499999999968,33.7000000000011,17.7999998148184));
#7901=VECTOR('',#9771,1.0);
#7902=CARTESIAN_POINT('',(0.575000000000035,45.9971140948247,17.7999998126038));
#7903=VECTOR('',#9772,1.0);
#7904=COLOUR_RGB('',1.0,0.839215755462646,0.301960796117783);
#7905=CARTESIAN_POINT('',(8.79999999883995,22.7028861344841,33.5985707026713));
#7906=VECTOR('',#9773,1.0);
#7907=CARTESIAN_POINT('',(9.45000000000753,22.7028861344839,32.8239308660936));
#7908=VECTOR('',#9774,1.0);
#7909=COLOUR_RGB('',1.0,0.839215755462646,0.301960796117783);
#7910=CARTESIAN_POINT('',(14.0500000000075,58.6500182333933,20.4999995804382));
#7911=CARTESIAN_POINT('',(14.0500000000075,58.650018231589,30.53015479394));
#7912=CARTESIAN_POINT('',(14.0500000000075,58.6500182394824,-13.3499819783347));
#7913=VECTOR('',#9775,1.0);
#7914=CARTESIAN_POINT('',(11.6499999999968,58.6500182314247,30.5301547935875));
#7915=VECTOR('',#9776,1.0);
#7916=CARTESIAN_POINT('',(11.6499999999968,58.6500182333933,20.4999995804382));
#7917=VECTOR('',#9777,1.0);
#7918=COLOUR_RGB('',1.0,0.839215755462646,0.301960796117783);
#7919=CARTESIAN_POINT('',(6.56470588119287,16.7788237695028,29.3177130073042));
#7920=CARTESIAN_POINT('',(7.54999999883996,17.3700002400911,29.3135035672327));
#7921=CARTESIAN_POINT('',(7.54999999883996,17.3413979743506,29.3139858483407));
#7922=CARTESIAN_POINT('',(7.54816715190487,17.3128023455737,29.3144273740066));
#7923=CARTESIAN_POINT('',(7.54451181106503,17.2844195681298,29.3148258919254));
#7924=CARTESIAN_POINT('',(7.5408603953319,17.2560672681255,29.3152239819154));
#7925=CARTESIAN_POINT('',(7.53538325228938,17.2278733404329,29.3155799116965));
#7926=CARTESIAN_POINT('',(7.52808759265523,17.2000518045503,29.3158931916039));
#7927=CARTESIAN_POINT('',(7.52444125237614,17.1861467168678,29.316049767596));
#7928=CARTESIAN_POINT('',(7.52034381719745,17.1723472155275,29.3161955778482));
#7929=CARTESIAN_POINT('',(7.51580714226858,17.1586964863025,29.3163306858838));
#7930=CARTESIAN_POINT('',(7.51127046436841,17.1450457481369,29.3164657940079));
#7931=CARTESIAN_POINT('',(7.50629472526816,17.1315443050548,29.3165901965056));
#7932=CARTESIAN_POINT('',(7.50089723548883,17.1182332416147,29.3167041938446));
#7933=CARTESIAN_POINT('',(7.49549972368682,17.1049221238633,29.3168181916487));
#7934=CARTESIAN_POINT('',(7.48968069012105,17.0918018753138,29.3169217826432));
#7935=CARTESIAN_POINT('',(7.48346201285601,17.0789098801688,29.3170154857872));
#7936=CARTESIAN_POINT('',(7.47724898412013,17.0660295950398,29.317109103819));
#7937=CARTESIAN_POINT('',(7.47061451805602,17.0533285361428,29.317193218031));
#7938=CARTESIAN_POINT('',(7.46355450859829,17.0408131593289,29.3172684728716));
#7939=CARTESIAN_POINT('',(7.45649602288702,17.0283004836815,29.3173437114701));
#7940=CARTESIAN_POINT('',(7.44901805358711,17.0159855672427,29.3174100083873));
#7941=CARTESIAN_POINT('',(7.44113890856603,17.0039085521338,29.3174679414616));
#7942=CARTESIAN_POINT('',(7.43325979674235,16.9918315879092,29.3175258742919));
#7943=CARTESIAN_POINT('',(7.4249797871823,16.9799930044437,29.3175754429477));
#7944=CARTESIAN_POINT('',(7.41632300266641,16.9684312727062,29.3176173889095));
#7945=CARTESIAN_POINT('',(7.40766622516051,16.9568695503309,29.3176593348373));
#7946=CARTESIAN_POINT('',(7.39863300800423,16.9455851368463,29.3176936590437));
#7947=CARTESIAN_POINT('',(7.38925249232888,16.9346131733616,29.31772123942));
#7948=CARTESIAN_POINT('',(7.37987195283009,16.9236411820116,29.3177488198663));
#7949=CARTESIAN_POINT('',(7.37014449347771,16.9129820565304,29.3177696584544));
#7950=CARTESIAN_POINT('',(7.36010306856299,16.90266626696,29.3177847307626));
#7951=CARTESIAN_POINT('',(7.35006158285878,16.892350414939,29.317799803162));
#7952=CARTESIAN_POINT('',(7.3397065373418,16.8823782556255,29.3178091118878));
#7953=CARTESIAN_POINT('',(7.32907307824526,16.8727745676309,29.3178136850689));
#7954=CARTESIAN_POINT('',(7.31844408122445,16.8631749095933,29.317818256331));
#7955=CARTESIAN_POINT('',(7.30753367019734,16.8539369134521,29.3178181218812));
#7956=CARTESIAN_POINT('',(7.29627654080892,16.8450108681926,29.3178142069699));
#7957=CARTESIAN_POINT('',(7.28502689885425,16.8360907598972,29.3178102946624));
#7958=CARTESIAN_POINT('',(7.27346235353595,16.8275104684882,29.3178025963354));
#7959=CARTESIAN_POINT('',(7.26161452495885,16.8193003640651,29.317792040368));
#7960=CARTESIAN_POINT('',(7.24976675195978,16.8110902981554,29.3177814844501));
#7961=CARTESIAN_POINT('',(7.23763612885301,16.8032507588571,29.3177680737314));
#7962=CARTESIAN_POINT('',(7.22525916151361,16.7958085381396,29.3177527445237));
#7963=CARTESIAN_POINT('',(7.21288220985219,16.7883663268493,29.3177374153354));
#7964=CARTESIAN_POINT('',(7.2002593941493,16.7813217330981,29.3177201707568));
#7965=CARTESIAN_POINT('',(7.18743076879668,16.7746966858569,29.3177019162236));
#7966=CARTESIAN_POINT('',(7.17460211683361,16.7680716248734,29.3176836616525));
#7967=CARTESIAN_POINT('',(7.16156816239684,16.7618663561779,29.3176644001003));
#7968=CARTESIAN_POINT('',(7.14837091600311,16.7560971118852,29.31764496798));
#7969=CARTESIAN_POINT('',(7.13517359635178,16.7503278355674,29.3176255357519));
#7970=CARTESIAN_POINT('',(7.12181349739525,16.7449947658667,29.3176059354699));
#7971=CARTESIAN_POINT('',(7.10833273430371,16.7401080573204,29.317586901452));
#7972=CARTESIAN_POINT('',(7.09484845570699,16.7352200744211,29.3175678624705));
#7973=CARTESIAN_POINT('',(7.08127582973671,16.7307865526183,29.3175494280345));
#7974=CARTESIAN_POINT('',(7.06749328198341,16.7267691239469,29.3175320141939));
#7975=CARTESIAN_POINT('',(7.05371952693627,16.7227542582319,29.3175146114626));
#7976=CARTESIAN_POINT('',(7.03978079626252,16.7191717716923,29.3174982937599));
#7977=CARTESIAN_POINT('',(7.02571741049332,16.7160381342003,29.3174836027687));
#7978=CARTESIAN_POINT('',(7.01165409757668,16.7129045129415,29.3174689118537));
#7979=CARTESIAN_POINT('',(6.99746665451192,16.7102198944092,29.3174558497268));
#7980=CARTESIAN_POINT('',(6.98319876434936,16.7079956972084,29.3174448329265));
#7981=CARTESIAN_POINT('',(6.96893089883244,16.7057715038495,29.3174338161453));
#7982=CARTESIAN_POINT('',(6.95458314220744,16.7040078305869,29.3174248461255));
#7983=CARTESIAN_POINT('',(6.94020081931519,16.7027103021974,29.3174181932916));
#7984=CARTESIAN_POINT('',(6.92581847323086,16.7014127717156,29.317411540447));
#7985=CARTESIAN_POINT('',(6.91140212449176,16.7005814257597,29.3174072054107));
#7986=CARTESIAN_POINT('',(6.89699695719913,16.7002158692623,29.3174053010423));
#7987=CARTESIAN_POINT('',(6.86816702660685,16.6994842589842,29.3174014897149));
#7988=CARTESIAN_POINT('',(6.83946897944943,16.7006153343733,29.3174075225027));
#7989=CARTESIAN_POINT('',(6.81100441743386,16.7035622386638,29.3174225494788));
#7990=CARTESIAN_POINT('',(6.79674413898387,16.7050385893529,29.3174300777472));
#7991=CARTESIAN_POINT('',(6.78249240335195,16.7069771085606,29.3174398655888));
#7992=CARTESIAN_POINT('',(6.76829244992218,16.7093782426411,29.3174516494016));
#7993=CARTESIAN_POINT('',(6.75409257708393,16.711779363094,29.3174634331475));
#7994=CARTESIAN_POINT('',(6.73994502713698,16.7146430467977,29.3174772119916));
#7995=CARTESIAN_POINT('',(6.72589446416179,16.7179638268582,29.3174925696282));
#7996=CARTESIAN_POINT('',(6.71184393195714,16.7212845996463,29.3175079272312));
#7997=CARTESIAN_POINT('',(6.69789093818317,16.7250623540141,29.3175248619272));
#7998=CARTESIAN_POINT('',(6.68407967766149,16.729285617385,29.3175428177888));
#7999=CARTESIAN_POINT('',(6.67026840122606,16.7335088856221,29.317560773671));
#8000=CARTESIAN_POINT('',(6.65659939681785,16.7381774897773,29.3175797483593));
#8001=CARTESIAN_POINT('',(6.64311463905901,16.7432743619582,29.3175990692271));
#8002=CARTESIAN_POINT('',(6.61613552149421,16.7534717356329,29.3176377247204));
#8003=CARTESIAN_POINT('',(6.58993619626217,16.7653676014659,29.3176777602562));
#8004=CARTESIAN_POINT('',(6.5647058811929,16.7788237695028,29.3177130073042));
#8005=CARTESIAN_POINT('',(6.5647058811929,16.7788237694995,42.1999999999996));
#8006=CARTESIAN_POINT('',(6.56470588119288,16.7788237694994,42.6999997893986));
#8007=VECTOR('',#9778,1.0);
#8008=AXIS2_PLACEMENT_3D('',#9779,#9780,#9781);
#8009=COLOUR_RGB('',1.0,0.839215755462646,0.301960796117783);
#8010=CARTESIAN_POINT('',(7.00000000167989,19.3000002417381,35.1980129902863));
#8011=CARTESIAN_POINT('',(7.00000000167976,19.3000002417381,42.1999999999997));
#8012=CARTESIAN_POINT('',(7.000000001681,19.3000002417381,-26.0355767875781));
#8013=VECTOR('',#9782,1.0);
#8014=CARTESIAN_POINT('',(4.65000000000314,19.3000002417381,35.1980129902863));
#8015=VECTOR('',#9783,1.0);
#8016=CARTESIAN_POINT('',(11.6499999999968,19.3000002417381,42.1999999999997));
#8017=VECTOR('',#9784,1.0);
#8018=COLOUR_RGB('',1.0,0.839215755462646,0.301960796117783);
#8019=CARTESIAN_POINT('',(8.69999999883997,19.3000002417381,42.1999999999997));
#8020=CARTESIAN_POINT('',(11.6499999999968,19.3000002417381,42.1999999999997));
#8021=VECTOR('',#9785,1.0);
#8022=CARTESIAN_POINT('',(8.69999999884009,19.3000002417381,35.202239241661));
#8023=CARTESIAN_POINT('',(4.65000000000314,19.3000002417381,35.202239241661));
#8024=VECTOR('',#9786,1.0);
#8025=CARTESIAN_POINT('',(8.6999999988412,19.3000002417381,-26.0355767875781));
#8026=VECTOR('',#9787,1.0);
#8027=COLOUR_RGB('',1.0,0.839215755462646,0.301960796117783);
#8028=CARTESIAN_POINT('',(0.575000000000042,30.5499999999822,33.199999999998));
#8029=CARTESIAN_POINT('',(0.575000000000038,30.5499999999827,-13.3499817693826));
#8030=VECTOR('',#9788,1.0);
#8031=CARTESIAN_POINT('',(0.575000000000043,33.7000000000009,33.199999999998));
#8032=CARTESIAN_POINT('',(0.575000000000038,33.7000000000013,-13.3499817693826));
#8033=VECTOR('',#9789,1.0);
#8034=CARTESIAN_POINT('',(0.575000000000033,45.9971140948247,33.1999999999981));
#8035=VECTOR('',#9790,1.0);
#8036=COLOUR_RGB('',1.0,0.839215755462646,0.301960796117783);
#8037=CARTESIAN_POINT('',(0.575000000000042,25.7000000000011,33.1999999999979));
#8038=CARTESIAN_POINT('',(11.6499999999968,25.7000000000011,33.1999999999979));
#8039=VECTOR('',#9791,1.0);
#8040=CARTESIAN_POINT('',(0.575000000000042,28.8500000000206,33.199999999998));
#8041=CARTESIAN_POINT('',(0.575000000000033,45.9971140948247,33.1999999999981));
#8042=VECTOR('',#9792,1.0);
#8043=CARTESIAN_POINT('',(7.57500000000005,28.8500000000206,33.199999999998));
#8044=CARTESIAN_POINT('',(11.6499999999968,28.8500000000206,33.199999999998));
#8045=VECTOR('',#9793,1.0);
#8046=CARTESIAN_POINT('',(7.57500000000005,25.7000000000011,33.1999999999979));
#8047=CARTESIAN_POINT('',(7.57500000000004,45.9971140948247,33.1999999999981));
#8048=VECTOR('',#9794,1.0);
#8049=CARTESIAN_POINT('',(8.72500000000005,25.7000000000011,33.1999999999979));
#8050=CARTESIAN_POINT('',(11.6499999999968,25.7000000000011,33.1999999999979));
#8051=VECTOR('',#9795,1.0);
#8052=CARTESIAN_POINT('',(8.72500000000005,28.8500000000206,33.199999999998));
#8053=CARTESIAN_POINT('',(8.72500000000004,45.9971140948247,33.1999999999981));
#8054=VECTOR('',#9796,1.0);
#8055=CARTESIAN_POINT('',(15.725,28.8500000000206,33.199999999998));
#8056=CARTESIAN_POINT('',(11.6499999999968,28.8500000000206,33.199999999998));
#8057=VECTOR('',#9797,1.0);
#8058=CARTESIAN_POINT('',(15.725,25.7000000000011,33.1999999999979));
#8059=CARTESIAN_POINT('',(15.725,45.9971140948247,33.1999999999981));
#8060=VECTOR('',#9798,1.0);
#8061=CARTESIAN_POINT('',(11.6499999999968,25.7000000000011,33.1999999999979));
#8062=VECTOR('',#9799,1.0);
#8063=CARTESIAN_POINT('',(15.725,33.7000000000009,33.199999999998));
#8064=CARTESIAN_POINT('',(11.6499999999968,33.7000000000009,33.199999999998));
#8065=VECTOR('',#9800,1.0);
#8066=CARTESIAN_POINT('',(15.725,30.5499999999822,33.199999999998));
#8067=CARTESIAN_POINT('',(15.725,45.9971140948247,33.1999999999981));
#8068=VECTOR('',#9801,1.0);
#8069=CARTESIAN_POINT('',(8.72500000000005,30.5499999999822,33.199999999998));
#8070=CARTESIAN_POINT('',(11.6499999999968,30.5499999999822,33.199999999998));
#8071=VECTOR('',#9802,1.0);
#8072=CARTESIAN_POINT('',(8.72500000000004,33.7000000000009,33.199999999998));
#8073=CARTESIAN_POINT('',(8.72500000000004,45.9971140948247,33.1999999999981));
#8074=VECTOR('',#9803,1.0);
#8075=CARTESIAN_POINT('',(7.57500000000005,33.7000000000009,33.199999999998));
#8076=CARTESIAN_POINT('',(11.6499999999968,33.7000000000009,33.199999999998));
#8077=VECTOR('',#9804,1.0);
#8078=CARTESIAN_POINT('',(7.57500000000005,30.5499999999822,33.199999999998));
#8079=CARTESIAN_POINT('',(7.57500000000004,45.9971140948247,33.1999999999981));
#8080=VECTOR('',#9805,1.0);
#8081=CARTESIAN_POINT('',(11.6499999999968,30.5499999999822,33.199999999998));
#8082=VECTOR('',#9806,1.0);
#8083=CARTESIAN_POINT('',(11.6499999999968,33.7000000000009,33.199999999998));
#8084=VECTOR('',#9807,1.0);
#8085=COLOUR_RGB('',1.0,0.839215755462646,0.301960796117783);
#8086=CARTESIAN_POINT('',(15.725,28.8500000000207,17.7999998156918));
#8087=CARTESIAN_POINT('',(15.725,28.850000000021,-13.3499817693826));
#8088=VECTOR('',#9808,1.0);
#8089=CARTESIAN_POINT('',(15.725,25.7000000000013,17.7999998162591));
#8090=CARTESIAN_POINT('',(15.725,45.9971140948247,17.7999998126038));
#8091=VECTOR('',#9809,1.0);
#8092=CARTESIAN_POINT('',(15.725,25.7000000000016,-13.3499817693826));
#8093=VECTOR('',#9810,1.0);
#8094=COLOUR_RGB('',0.823529481887817,0.823529481887817,0.784313797950745);
#8095=CARTESIAN_POINT('',(8.72500000000004,28.8500000000207,17.7999998156918));
#8096=CARTESIAN_POINT('',(11.6499999999968,28.8500000000207,17.7999998156918));
#8097=VECTOR('',#9811,1.0);
#8098=CARTESIAN_POINT('',(8.72500000000005,25.7000000000013,17.799999816259));
#8099=CARTESIAN_POINT('',(8.72500000000004,45.9971140948247,17.7999998126038));
#8100=VECTOR('',#9812,1.0);
#8101=CARTESIAN_POINT('',(11.6499999999968,25.7000000000013,17.799999816259));
#8102=VECTOR('',#9813,1.0);
#8103=COLOUR_RGB('',1.0,0.839215755462646,0.301960796117783);
#8104=CARTESIAN_POINT('',(9.6499999966801,76.799999999984,5.5000000000069));
#8105=CARTESIAN_POINT('',(13.2999999966801,76.7999999999833,8.56271365380399));
#8106=CARTESIAN_POINT('',(4.65000000000315,76.7999999999851,1.3045018469089));
#8107=VECTOR('',#9814,1.0);
#8108=CARTESIAN_POINT('',(13.2999999966801,79.2499999983231,8.56271365380459));
#8109=CARTESIAN_POINT('',(13.2999999966801,45.9971140948225,8.5627136537961));
#8110=VECTOR('',#9815,1.0);
#8111=CARTESIAN_POINT('',(12.1790580573062,78.1290580589495,7.62213168590459));
#8112=CARTESIAN_POINT('',(-21.85000000166,44.0999999999908,-20.9316383806929));
#8113=VECTOR('',#9816,1.0);
#8114=CARTESIAN_POINT('',(10.7241873661168,77.9788931929594,6.40135022551689));
#8115=CARTESIAN_POINT('',(11.6499999999968,78.0744511906155,7.17819926514489));
#8116=VECTOR('',#9817,1.0);
#8117=CARTESIAN_POINT('',(9.6499999966801,78.9056335656672,5.5000000000075));
#8118=CARTESIAN_POINT('',(11.6499999999968,77.180161081792,7.17819926514469));
#8119=VECTOR('',#9818,1.0);
#8120=CARTESIAN_POINT('',(9.64999999668011,45.9971140948232,5.4999999999991));
#8121=VECTOR('',#9819,1.0);
#8122=COLOUR_RGB('',1.0,0.839215755462646,0.301960796117783);
#8123=CARTESIAN_POINT('',(11.6499999999968,33.7000000000009,40.4999999999962));
#8124=VECTOR('',#9820,1.0);
#8125=CARTESIAN_POINT('',(11.6499999999968,34.4184997193068,42.1999999999961));
#8126=VECTOR('',#9821,1.0);
#8127=COLOUR_RGB('',1.0,0.839215755462646,0.301960796117783);
#8128=CARTESIAN_POINT('',(14.3999999988374,19.3000002417381,35.202239241661));
#8129=CARTESIAN_POINT('',(14.3999999988375,23.5500002417382,30.985138640583));
#8130=CARTESIAN_POINT('',(14.3999999988378,43.9025628331046,10.7901259494));
#8131=VECTOR('',#9822,1.0);
#8132=CARTESIAN_POINT('',(14.3999999988373,19.3000002417381,42.1999999999998));
#8133=CARTESIAN_POINT('',(14.3999999988385,19.3000002417381,-26.0355767875781));
#8134=VECTOR('',#9823,1.0);
#8135=CARTESIAN_POINT('',(14.3999999988373,23.5500002417382,42.1999999999998));
#8136=CARTESIAN_POINT('',(14.3999999988372,45.9971140948247,42.1999999999998));
#8137=VECTOR('',#9824,1.0);
#8138=CARTESIAN_POINT('',(14.3999999988385,23.5500002417382,-26.0355767875781));
#8139=VECTOR('',#9825,1.0);
#8140=COLOUR_RGB('',0.823529481887817,0.823529481887817,0.784313797950745);
#8141=CARTESIAN_POINT('',(14.9584066766797,53.0734073740904,32.7567633234405));
#8142=CARTESIAN_POINT('',(11.6499999999968,53.0734073740904,32.7567633234405));
#8143=VECTOR('',#9826,1.0);
#8144=CARTESIAN_POINT('',(15.2800121502886,53.5143726911949,32.5021718790127));
#8145=AXIS2_PLACEMENT_3D('',#9827,#9828,#9829);
#8146=CARTESIAN_POINT('',(15.0177615661532,54.0557045185911,32.1896338032093));
#8147=CARTESIAN_POINT('',(30.2067723134583,22.7028861344881,50.2911919292697));
#8148=VECTOR('',#9830,1.0);
#8149=CARTESIAN_POINT('',(9.45000000000746,54.0557045185911,32.1896338028744));
#8150=CARTESIAN_POINT('',(11.6499999999968,54.0557045185911,32.1896338028744));
#8151=VECTOR('',#9831,1.0);
#8152=CARTESIAN_POINT('',(9.45000000000754,22.7028861344881,50.2911919292697));
#8153=VECTOR('',#9832,1.0);
#8154=COLOUR_RGB('',1.0,0.839215755462646,0.301960796117783);
#8155=CARTESIAN_POINT('',(4.65000000000314,36.0903456250272,42.1999999999964));
#8156=VECTOR('',#9833,1.0);
#8157=COLOUR_RGB('',1.0,0.839215755462646,0.301960796117783);
#8158=CARTESIAN_POINT('',(8.72500000000005,28.850000000021,-13.3499817693826));
#8159=VECTOR('',#9834,1.0);
#8160=COLOUR_RGB('',1.0,0.839215755462646,0.301960796117783);
#8161=CARTESIAN_POINT('',(8.72500000000005,25.7000000000016,-13.3499817693826));
#8162=VECTOR('',#9835,1.0);
#8163=COLOUR_RGB('',1.0,0.839215755462646,0.301960796117783);
#8164=CARTESIAN_POINT('',(7.57500000000005,25.7000000000013,17.799999816259));
#8165=CARTESIAN_POINT('',(7.57500000000005,25.7000000000016,-13.3499817693826));
#8166=VECTOR('',#9836,1.0);
#8167=CARTESIAN_POINT('',(0.575000000000044,25.7000000000013,17.799999816259));
#8168=CARTESIAN_POINT('',(11.6499999999968,25.7000000000013,17.799999816259));
#8169=VECTOR('',#9837,1.0);
#8170=CARTESIAN_POINT('',(0.575000000000038,25.7000000000016,-13.3499817693826));
#8171=VECTOR('',#9838,1.0);
#8172=CARTESIAN_POINT('',(11.6499999999968,25.7000000000011,40.4999999999962));
#8173=VECTOR('',#9839,1.0);
#8174=COLOUR_RGB('',1.0,0.839215755462646,0.301960796117783);
#8175=CARTESIAN_POINT('',(0.575000000000044,28.8500000000207,17.7999998156918));
#8176=CARTESIAN_POINT('',(0.575000000000038,28.850000000021,-13.3499817693826));
#8177=VECTOR('',#9840,1.0);
#8178=CARTESIAN_POINT('',(7.57500000000005,28.8500000000207,17.7999998156918));
#8179=CARTESIAN_POINT('',(11.6499999999968,28.8500000000207,17.7999998156918));
#8180=VECTOR('',#9841,1.0);
#8181=CARTESIAN_POINT('',(7.57500000000005,28.850000000021,-13.3499817693826));
#8182=VECTOR('',#9842,1.0);
#8183=COLOUR_RGB('',1.0,0.839215755462646,0.301960796117783);
#8184=CARTESIAN_POINT('',(0.575000000000035,45.9971140948247,17.7999998126038));
#8185=VECTOR('',#9843,1.0);
#8186=COLOUR_RGB('',1.0,0.839215755462646,0.301960796117783);
#8187=CARTESIAN_POINT('',(7.57500000000004,45.9971140948247,17.7999998126038));
#8188=VECTOR('',#9844,1.0);
#8189=COLOUR_RGB('',0.823529481887817,0.823529481887817,0.784313797950745);
#8190=COLOUR_RGB('',1.0,0.839215755462646,0.301960796117783);
#8191=CARTESIAN_POINT('',(7.54999999883993,18.8500002417307,29.2523960166466));
#8192=CARTESIAN_POINT('',(5.39999999883994,18.8500002417307,29.2523960166466));
#8193=CARTESIAN_POINT('',(8.44999999883519,18.8500002417307,29.2523960166466));
#8194=VECTOR('',#9845,1.0);
#8195=CARTESIAN_POINT('',(5.39999999883997,17.400000240091,29.3129828844387));
#8196=AXIS2_PLACEMENT_3D('',#9846,#9847,#9848);
#8197=AXIS2_PLACEMENT_3D('',#9849,#9850,#9851);
#8198=AXIS2_PLACEMENT_3D('',#9852,#9853,#9854);
#8199=COLOUR_RGB('',0.823529481887817,0.823529481887817,0.784313797950745);
#8200=CARTESIAN_POINT('',(2.99999999668007,74.4499999999833,8.56271365380339));
#8201=CARTESIAN_POINT('',(6.29247391890186,74.449999999984,5.8000000000063));
#8202=CARTESIAN_POINT('',(4.65000000000315,74.4499999999836,7.17819925957249));
#8203=VECTOR('',#9855,1.0);
#8204=CARTESIAN_POINT('',(2.99999999668007,63.5499999999833,8.5627136538006));
#8205=CARTESIAN_POINT('',(2.99999999668007,45.9971140948225,8.5627136537961));
#8206=VECTOR('',#9856,1.0);
#8207=CARTESIAN_POINT('',(6.29247391890186,63.549999999984,5.8000000000035));
#8208=CARTESIAN_POINT('',(11.6499999999968,63.5499999999852,1.30450184133399));
#8209=VECTOR('',#9857,1.0);
#8210=CARTESIAN_POINT('',(6.29247391890187,45.9971140948232,5.799999999999));
#8211=VECTOR('',#9858,1.0);
#8212=COLOUR_RGB('',1.0,0.839215755462646,0.301960796117783);
#8213=CARTESIAN_POINT('',(1.29999999884009,19.3000002417381,35.1980129902863));
#8214=CARTESIAN_POINT('',(1.29999999883997,19.3000002417381,42.1999999999996));
#8215=CARTESIAN_POINT('',(1.2999999988412,19.3000002417381,-26.0355767875781));
#8216=VECTOR('',#9859,1.0);
#8217=CARTESIAN_POINT('',(1.29999999884017,23.5500002417382,30.9809123892083));
#8218=CARTESIAN_POINT('',(1.29999999884055,43.9004497712223,10.7879964026215));
#8219=VECTOR('',#9860,1.0);
#8220=CARTESIAN_POINT('',(1.29999999883997,23.5500002417382,42.1999999999996));
#8221=CARTESIAN_POINT('',(1.2999999988412,23.5500002417382,-26.0355767875781));
#8222=VECTOR('',#9861,1.0);
#8223=CARTESIAN_POINT('',(1.29999999883997,45.9971140948247,42.1999999999996));
#8224=VECTOR('',#9862,1.0);
#8225=COLOUR_RGB('',1.0,0.839215755462646,0.301960796117783);
#8226=CARTESIAN_POINT('',(7.00000000167996,23.5500002417382,30.9809123892083));
#8227=CARTESIAN_POINT('',(7.00000000168032,43.9004497712223,10.7879964026215));
#8228=VECTOR('',#9863,1.0);
#8229=CARTESIAN_POINT('',(4.65000000000314,23.5500002417382,30.9809123892083));
#8230=VECTOR('',#9864,1.0);
#8231=CARTESIAN_POINT('',(2.66423420586955,19.3000002417381,35.1980129902863));
#8232=CARTESIAN_POINT('',(4.65000000000314,19.3000002417381,35.1980129902863));
#8233=VECTOR('',#9865,1.0);
#8234=AXIS2_PLACEMENT_3D('',#9866,#9867,#9868);
#8235=COLOUR_RGB('',1.0,0.839215755462646,0.301960796117783);
#8236=CARTESIAN_POINT('',(7.00000000167976,23.5500002417382,42.1999999999997));
#8237=CARTESIAN_POINT('',(7.00000000167975,45.9971140948247,42.1999999999996));
#8238=VECTOR('',#9869,1.0);
#8239=CARTESIAN_POINT('',(7.00000000168099,23.5500002417382,-26.0355767875781));
#8240=VECTOR('',#9870,1.0);
#8241=COLOUR_RGB('',1.0,0.839215755462646,0.301960796117783);
#8242=CARTESIAN_POINT('',(7.57500000000005,33.7000000000013,-13.3499817693826));
#8243=VECTOR('',#9871,1.0);
#8244=CARTESIAN_POINT('',(8.72500000000004,33.7000000000011,17.7999998148184));
#8245=CARTESIAN_POINT('',(8.72500000000005,33.7000000000013,-13.3499817693826));
#8246=VECTOR('',#9872,1.0);
#8247=CARTESIAN_POINT('',(15.725,33.7000000000011,17.7999998148184));
#8248=CARTESIAN_POINT('',(11.6499999999968,33.7000000000011,17.7999998148184));
#8249=VECTOR('',#9873,1.0);
#8250=CARTESIAN_POINT('',(15.725,33.7000000000013,-13.3499817693826));
#8251=VECTOR('',#9874,1.0);
#8252=COLOUR_RGB('',1.0,0.839215755462646,0.301960796117783);
#8253=CARTESIAN_POINT('',(7.57500000000005,30.5499999999827,-13.3499817693826));
#8254=VECTOR('',#9875,1.0);
#8255=COLOUR_RGB('',1.0,0.839215755462646,0.301960796117783);
#8256=COLOUR_RGB('',1.0,0.839215755462646,0.301960796117783);
#8257=CARTESIAN_POINT('',(15.725,30.5499999999824,17.7999998153856));
#8258=CARTESIAN_POINT('',(15.725,45.9971140948247,17.7999998126038));
#8259=VECTOR('',#9876,1.0);
#8260=CARTESIAN_POINT('',(15.725,30.5499999999827,-13.3499817693826));
#8261=VECTOR('',#9877,1.0);
#8262=COLOUR_RGB('',1.0,0.839215755462646,0.301960796117783);
#8263=CARTESIAN_POINT('',(8.72500000000004,30.5499999999824,17.7999998153856));
#8264=CARTESIAN_POINT('',(11.6499999999968,30.5499999999824,17.7999998153856));
#8265=VECTOR('',#9878,1.0);
#8266=CARTESIAN_POINT('',(8.72500000000005,30.5499999999827,-13.3499817693826));
#8267=VECTOR('',#9879,1.0);
#8268=COLOUR_RGB('',0.823529481887817,0.823529481887817,0.784313797950745);
#8269=CARTESIAN_POINT('',(8.72500000000004,45.9971140948247,17.7999998126038));
#8270=VECTOR('',#9880,1.0);
#8271=COLOUR_RGB('',1.0,0.839215755462646,0.301960796117783);
#8272=CARTESIAN_POINT('',(5.39999999883996,51.2999999892092,29.3129828844467));
#8273=CARTESIAN_POINT('',(5.39999999883993,49.8499999875695,29.2523960166546));
#8274=AXIS2_PLACEMENT_3D('',#9881,#9882,#9883);
#8275=CARTESIAN_POINT('',(5.39999999883996,51.29999998921,32.6259399807078));
#8276=CARTESIAN_POINT('',(5.39999999883995,51.299999989196,-26.0355767875781));
#8277=VECTOR('',#9884,1.0);
#8278=CARTESIAN_POINT('',(5.39999999883994,50.2557040957283,33.2288644956722));
#8279=CARTESIAN_POINT('',(5.39999999883981,43.8863626920073,36.9062054681415));
#8280=VECTOR('',#9885,1.0);
#8281=CARTESIAN_POINT('',(5.39999999883994,50.2557040953013,35.5999530666396));
#8282=CARTESIAN_POINT('',(5.39999999883993,50.2557041064024,-26.0355767875781));
#8283=VECTOR('',#9886,1.0);
#8284=CARTESIAN_POINT('',(5.39999999883996,51.2557040953013,35.5999530668197));
#8285=CARTESIAN_POINT('',(5.39999999883981,43.8863626920073,35.5999530654923));
#8286=VECTOR('',#9887,1.0);
#8287=CARTESIAN_POINT('',(5.39999999883996,51.2557040956243,33.806214765042));
#8288=CARTESIAN_POINT('',(5.39999999883995,51.255704106403,-26.0355767875781));
#8289=VECTOR('',#9888,1.0);
#8290=CARTESIAN_POINT('',(5.39999999883996,51.2999999892102,33.7806405189668));
#8291=CARTESIAN_POINT('',(5.39999999883981,43.8863626920073,38.0609060064007));
#8292=VECTOR('',#9889,1.0);
#8293=CARTESIAN_POINT('',(5.39999999883996,51.2999999892122,42.1999999999994));
#8294=CARTESIAN_POINT('',(5.39999999883995,51.299999989196,-26.0355767875781));
#8295=VECTOR('',#9890,1.0);
#8296=CARTESIAN_POINT('',(5.39999999883993,49.8499999875726,42.1999999999994));
#8297=CARTESIAN_POINT('',(5.39999999883981,43.8863626920073,42.1999999999994));
#8298=VECTOR('',#9891,1.0);
#8299=CARTESIAN_POINT('',(5.39999999883992,49.8499999875566,-26.0355767875781));
#8300=VECTOR('',#9892,1.0);
#8301=COLOUR_RGB('',1.0,0.839215755462646,0.301960796117783);
#8302=COLOUR_RGB('',1.0,0.839215755462646,0.301960796117783);
#8303=CARTESIAN_POINT('',(7.54999999883995,51.3299999892091,29.3135035672395));
#8304=CARTESIAN_POINT('',(7.54999999883992,49.8499999875695,29.2523960166546));
#8305=AXIS2_PLACEMENT_3D('',#9893,#9894,#9895);
#8306=CARTESIAN_POINT('',(7.54999999883993,49.8499999875726,42.1999999999994));
#8307=CARTESIAN_POINT('',(7.54999999883988,49.8499999875566,-26.0355767875781));
#8308=VECTOR('',#9896,1.0);
#8309=CARTESIAN_POINT('',(7.54999999883995,51.3299999892122,42.1999997910463));
#8310=CARTESIAN_POINT('',(7.54999999883993,43.8863626920073,42.1999999999994));
#8311=VECTOR('',#9897,1.0);
#8312=CARTESIAN_POINT('',(7.54999999883995,51.3299999892115,39.4301158819931));
#8313=VECTOR('',#9898,1.0);
#8314=COLOUR_RGB('',1.0,0.839215755462646,0.301960796117783);
#8315=CARTESIAN_POINT('',(15.7999999988399,55.3499999892122,42.1999999999994));
#8316=CARTESIAN_POINT('',(15.7999999988399,43.8863626920073,42.1999999999994));
#8317=VECTOR('',#9899,1.0);
#8318=CARTESIAN_POINT('',(15.7999999988399,55.3499999892101,33.1218692656286));
#8319=CARTESIAN_POINT('',(15.7999999988399,22.702886134484,33.1218692656364));
#8320=VECTOR('',#9900,1.0);
#8321=CARTESIAN_POINT('',(15.7999999988399,55.3499999892104,34.5295996027421));
#8322=VECTOR('',#9901,1.0);
#8323=COLOUR_RGB('',1.0,0.839215755462646,0.301960796117783);
#8324=CARTESIAN_POINT('',(8.69999999883997,23.5500002417382,42.1999999999997));
#8325=CARTESIAN_POINT('',(11.6499999999968,23.5500002417382,42.1999999999997));
#8326=VECTOR('',#9902,1.0);
#8327=CARTESIAN_POINT('',(8.69999999884017,23.5500002417382,30.985138640583));
#8328=CARTESIAN_POINT('',(8.6999999988412,23.5500002417382,-26.0355767875781));
#8329=VECTOR('',#9903,1.0);
#8330=CARTESIAN_POINT('',(4.65000000000314,23.5500002417382,30.985138640583));
#8331=VECTOR('',#9904,1.0);
#8332=COLOUR_RGB('',1.0,0.839215755462646,0.301960796117783);
#8333=COLOUR_RGB('',1.0,0.839215755462646,0.301960796117783);
#8334=COLOUR_RGB('',1.0,0.839215755462646,0.301960796117783);
#8335=CARTESIAN_POINT('',(5.80000000001176,45.9971140948247,4.9499999999987));
#8336=VECTOR('',#9905,1.0);
#8337=COLOUR_RGB('',1.0,0.839215755462646,0.301960796117783);
#8338=CARTESIAN_POINT('',(11.6499999999969,7.105427357601E-15,-1.95399252334028E-13));
#8339=VECTOR('',#9906,1.0);
#8340=CARTESIAN_POINT('',(8.15000000000006,16.8410563468694,-1.98951966012828E-13));
#8341=VECTOR('',#9907,1.0);
#8342=COLOUR_RGB('',1.0,0.839215755462646,0.301960796117783);
#8343=CARTESIAN_POINT('',(11.6499999999968,18.8000000000006,5.9999999999982));
#8344=VECTOR('',#9908,1.0);
#8345=CARTESIAN_POINT('',(16.0,51.9000000000012,5.9999999999981));
#8346=VECTOR('',#9909,1.0);
#8347=COLOUR_RGB('',1.0,0.839215755462646,0.301960796117783);
#8348=COLOUR_RGB('',1.0,0.839215755462646,0.301960796117783);
#8349=CARTESIAN_POINT('',(5.15000000000005,51.9000000000012,4.8999999999983));
#8350=VECTOR('',#9910,1.0);
#8351=COLOUR_RGB('',1.0,0.839215755462646,0.301960796117783);
#8352=CARTESIAN_POINT('',(8.15000000000007,50.600000000001,4.5516660498379));
#8353=VECTOR('',#9911,1.0);
#8354=COLOUR_RGB('',1.0,0.839215755462646,0.301960796117783);
#8355=CARTESIAN_POINT('',(8.15000000000004,50.6000000000007,4.0999999999976));
#8356=VECTOR('',#9912,1.0);
#8357=COLOUR_RGB('',1.0,0.839215755462646,0.301960796117783);
#8358=CARTESIAN_POINT('',(16.3,52.2589436531335,-1.90070181815827E-12));
#8359=VECTOR('',#9913,1.0);
#8360=COLOUR_RGB('',1.0,0.839215755462646,0.301960796117783);
#8361=CARTESIAN_POINT('',(11.6499999999968,54.5822866190114,-1.90070181815827E-12));
#8362=VECTOR('',#9914,1.0);
#8363=COLOUR_RGB('',1.0,0.839215755462646,0.301960796117783);
#8364=CARTESIAN_POINT('',(11.6499999999968,85.1352797895236,36.6168584267718));
#8365=VECTOR('',#9915,1.0);
#8366=CARTESIAN_POINT('',(4.65000000000314,86.0000000000012,34.7624599510844));
#8367=VECTOR('',#9916,1.0);
#8368=COLOUR_RGB('',1.0,0.839215755462646,0.301960796117783);
#8369=CARTESIAN_POINT('',(11.6499999999968,82.8365576736769,36.5656295799882));
#8370=VECTOR('',#9917,1.0);
#8371=CARTESIAN_POINT('',(11.6499999999968,83.0596572062133,36.0871910885014));
#8372=VECTOR('',#9918,1.0);
#8373=COLOUR_RGB('',1.0,0.839215755462646,0.301960796117783);
#8374=CARTESIAN_POINT('',(11.6499999999968,82.0899078740844,35.634989548439));
#8375=VECTOR('',#9919,1.0);
#8376=COLOUR_RGB('',1.0,0.839215755462646,0.301960796117783);
#8377=CARTESIAN_POINT('',(11.6499999999968,79.4168473685765,41.3673863014407));
#8378=VECTOR('',#9920,1.0);
#8379=COLOUR_RGB('',1.0,0.839215755462646,0.301960796117783);
#8380=CARTESIAN_POINT('',(11.6499999999968,80.3865967007107,41.8195878415056));
#8381=VECTOR('',#9921,1.0);
#8382=COLOUR_RGB('',1.0,0.839215755462646,0.301960796117783);
#8383=CARTESIAN_POINT('',(11.6499999999968,80.6096962332443,41.341149350025));
#8384=VECTOR('',#9922,1.0);
#8385=COLOUR_RGB('',1.0,0.839215755462646,0.301960796117783);
#8386=CARTESIAN_POINT('',(11.6499999999968,82.1265299008197,43.0691433851655));
#8387=VECTOR('',#9923,1.0);
#8388=CARTESIAN_POINT('',(11.6499999999968,81.0862643770773,45.2999999999994));
#8389=VECTOR('',#9924,1.0);
#8390=COLOUR_RGB('',1.0,0.839215755462646,0.301960796117783);
#8391=CARTESIAN_POINT('',(11.6499999999968,63.6833333333252,42.1999999999994));
#8392=VECTOR('',#9925,1.0);
#8393=CARTESIAN_POINT('',(1.30000000167973,45.1499999875835,42.1999999999994));
#8394=CARTESIAN_POINT('',(1.30000000167973,49.3999999875835,42.1999999999994));
#8395=CARTESIAN_POINT('',(1.30000000167973,45.9971140948247,42.1999999999994));
#8396=VECTOR('',#9926,1.0);
#8397=CARTESIAN_POINT('',(2.66423420586941,49.3999999875835,42.1999999999994));
#8398=CARTESIAN_POINT('',(11.6499999999968,49.3999999875835,42.1999999999994));
#8399=VECTOR('',#9927,1.0);
#8400=AXIS2_PLACEMENT_3D('',#9928,#9929,#9930);
#8401=CARTESIAN_POINT('',(6.99999999883724,49.3999999875835,42.1999999999994));
#8402=CARTESIAN_POINT('',(11.6499999999968,49.3999999875835,42.1999999999994));
#8403=VECTOR('',#9931,1.0);
#8404=CARTESIAN_POINT('',(6.99999999883724,45.1499999875835,42.1999999999994));
#8405=CARTESIAN_POINT('',(6.99999999883724,45.9971140948247,42.1999999999994));
#8406=VECTOR('',#9932,1.0);
#8407=CARTESIAN_POINT('',(11.6499999999968,45.1499999875835,42.1999999999994));
#8408=VECTOR('',#9933,1.0);
#8409=CARTESIAN_POINT('',(7.64999999883993,56.3499999892128,42.1999999999994));
#8410=CARTESIAN_POINT('',(7.64999999883993,55.3499999892122,42.1999999999994));
#8411=CARTESIAN_POINT('',(7.64999999883994,43.8863626920073,42.1999999999994));
#8412=VECTOR('',#9934,1.0);
#8413=AXIS2_PLACEMENT_3D('',#9935,#9936,#9937);
#8414=CARTESIAN_POINT('',(0.649999998839951,43.8863626920073,42.1999999999994));
#8415=VECTOR('',#9938,1.0);
#8416=AXIS2_PLACEMENT_3D('',#9939,#9940,#9941);
#8417=AXIS2_PLACEMENT_3D('',#9942,#9943,#9944);
#8418=CARTESIAN_POINT('',(8.79999999883995,43.8863626920073,42.1999999999994));
#8419=VECTOR('',#9945,1.0);
#8420=CARTESIAN_POINT('',(4.65000000000314,49.8499999875726,42.1999999999994));
#8421=VECTOR('',#9946,1.0);
#8422=CARTESIAN_POINT('',(4.65000000000314,50.8999999898326,42.1999999999994));
#8423=VECTOR('',#9947,1.0);
#8424=AXIS2_PLACEMENT_3D('',#9948,#9949,#9950);
#8425=CARTESIAN_POINT('',(8.69999999883995,45.1499999875835,42.1999999999994));
#8426=CARTESIAN_POINT('',(8.69999999883995,49.3999999875835,42.1999999999994));
#8427=CARTESIAN_POINT('',(8.69999999883995,45.9971140948247,42.1999999999994));
#8428=VECTOR('',#9951,1.0);
#8429=CARTESIAN_POINT('',(10.0642342058694,49.3999999875835,42.1999999999994));
#8430=CARTESIAN_POINT('',(11.6499999999968,49.3999999875835,42.1999999999994));
#8431=VECTOR('',#9952,1.0);
#8432=AXIS2_PLACEMENT_3D('',#9953,#9954,#9955);
#8433=CARTESIAN_POINT('',(14.3999999988372,49.3999999875835,42.1999999999994));
#8434=CARTESIAN_POINT('',(11.6499999999968,49.3999999875835,42.1999999999994));
#8435=VECTOR('',#9956,1.0);
#8436=CARTESIAN_POINT('',(14.3999999988372,45.1499999875835,42.1999999999994));
#8437=CARTESIAN_POINT('',(14.3999999988372,45.9971140948247,42.1999999999994));
#8438=VECTOR('',#9957,1.0);
#8439=CARTESIAN_POINT('',(11.6499999999968,45.1499999875835,42.1999999999994));
#8440=VECTOR('',#9958,1.0);
#8441=COLOUR_RGB('',1.0,0.839215755462646,0.301960796117783);
#8442=CARTESIAN_POINT('',(2.99999999668006,76.7999999999833,8.56271365378679));
#8443=CARTESIAN_POINT('',(6.64999999668002,76.799999999984,5.500000000007));
#8444=CARTESIAN_POINT('',(4.65000000000315,76.7999999999836,7.17819925957309));
#8445=VECTOR('',#9959,1.0);
#8446=CARTESIAN_POINT('',(2.99999999668007,76.799999999984,5.500000000007));
#8447=CARTESIAN_POINT('',(2.99999999668006,76.7999999999889,-13.3499817693654));
#8448=VECTOR('',#9960,1.0);
#8449=CARTESIAN_POINT('',(4.65000000000315,76.799999999984,5.500000000007));
#8450=VECTOR('',#9961,1.0);
#8451=COLOUR_RGB('',1.0,0.839215755462646,0.301960796117783);
#8452=AXIS2_PLACEMENT_3D('',#9962,#9963,#9964);
#8453=CARTESIAN_POINT('',(5.82487981118156,51.5266025557924,33.649811466206));
#8454=CARTESIAN_POINT('',(4.65000000000314,50.8999999898306,34.0115806261884));
#8455=VECTOR('',#9965,1.0);
#8456=CARTESIAN_POINT('',(5.926206463333,51.5806434369395,32.4639104106822));
#8457=CARTESIAN_POINT('',(10.9245637569417,54.246433993517,-26.0355767875781));
#8458=VECTOR('',#9966,1.0);
#8459=CARTESIAN_POINT('',(4.65000000000314,50.8999999898304,32.8568800879293));
#8460=VECTOR('',#9967,1.0);
#8461=COLOUR_RGB('',0.823529481887817,0.823529481887817,0.784313797950745);
#8462=CARTESIAN_POINT('',(10.0075260744583,74.449999999984,5.8000000000063));
#8463=CARTESIAN_POINT('',(13.2999999966801,74.4499999999833,8.56271365380329));
#8464=CARTESIAN_POINT('',(4.65000000000315,74.4499999999851,1.30450184690829));
#8465=VECTOR('',#9968,1.0);
#8466=CARTESIAN_POINT('',(10.0075260744583,63.549999999984,5.8000000000035));
#8467=CARTESIAN_POINT('',(10.0075260744583,45.9971140948232,5.799999999999));
#8468=VECTOR('',#9969,1.0);
#8469=CARTESIAN_POINT('',(13.2999999966801,63.5499999999833,8.5627136538006));
#8470=CARTESIAN_POINT('',(11.6499999999968,63.5499999999837,7.1781992651412));
#8471=VECTOR('',#9970,1.0);
#8472=CARTESIAN_POINT('',(13.2999999966801,45.9971140948225,8.5627136537961));
#8473=VECTOR('',#9971,1.0);
#8474=COLOUR_RGB('',1.0,0.839215755462646,0.301960796117783);
#8475=CARTESIAN_POINT('',(9.45000000000745,54.0557045206946,20.4999995804393));
#8476=CARTESIAN_POINT('',(9.45000000000752,22.702886134481,20.4999995804467));
#8477=VECTOR('',#9972,1.0);
#8478=CARTESIAN_POINT('',(14.0500000000075,54.0557045206946,20.4999995804393));
#8479=CARTESIAN_POINT('',(11.6499999999968,54.0557045206946,20.4999995796117));
#8480=VECTOR('',#9973,1.0);
#8481=CARTESIAN_POINT('',(14.0500000000075,22.702886134481,20.4999995804467));
#8482=VECTOR('',#9974,1.0);
#8483=COLOUR_RGB('',1.0,0.839215755462646,0.301960796117783);
#8484=AXIS2_PLACEMENT_3D('',#9975,#9976,#9977);
#8485=COLOUR_RGB('',1.0,0.839215755462646,0.301960796117783);
#8486=CARTESIAN_POINT('',(7.54999999883994,18.8500002417274,42.1999999999997));
#8487=CARTESIAN_POINT('',(7.54999999883993,43.8863626920073,42.1999999999997));
#8488=VECTOR('',#9978,1.0);
#8489=CARTESIAN_POINT('',(7.5499999988399,18.8500002417446,-26.0355767875781));
#8490=VECTOR('',#9979,1.0);
#8491=COLOUR_RGB('',1.0,0.839215755462646,0.301960796117783);
#8492=CARTESIAN_POINT('',(5.39999999883997,17.4000002400899,33.780640763004));
#8493=CARTESIAN_POINT('',(5.39999999883997,17.4000002400877,42.1999999999996));
#8494=CARTESIAN_POINT('',(5.39999999883996,17.4000002401052,-26.0355767875781));
#8495=VECTOR('',#9980,1.0);
#8496=CARTESIAN_POINT('',(4.65000000000314,17.8000002394674,42.1999999999996));
#8497=VECTOR('',#9981,1.0);
#8498=CARTESIAN_POINT('',(5.39999999883997,17.4000002400902,32.6259402247449));
#8499=CARTESIAN_POINT('',(5.39999999883996,17.4000002401052,-26.0355767875781));
#8500=VECTOR('',#9982,1.0);
#8501=CARTESIAN_POINT('',(5.92674240658559,17.1190709559592,32.4637456269961));
#8502=CARTESIAN_POINT('',(4.65000000000314,17.8000002394698,32.8568803319665));
#8503=VECTOR('',#9983,1.0);
#8504=CARTESIAN_POINT('',(5.73447917658418,17.221611345293,33.6776478866154));
#8505=CARTESIAN_POINT('',(15.1921248467233,12.1775336545673,-26.0355767875781));
#8506=VECTOR('',#9984,1.0);
#8507=CARTESIAN_POINT('',(4.65000000000314,17.8000002394695,34.0115808702255));
#8508=VECTOR('',#9985,1.0);
#8509=COLOUR_RGB('',1.0,0.839215755462646,0.301960796117783);
#8510=CARTESIAN_POINT('',(14.0500000000075,58.8860378411314,31.0363004799793));
#8511=CARTESIAN_POINT('',(-23.1945132400946,38.188374413778,-13.3499819783299));
#8512=VECTOR('',#9986,1.0);
#8513=CARTESIAN_POINT('',(14.0500000000075,38.188374413778,-13.3499819783299));
#8514=VECTOR('',#9987,1.0);
#8515=COLOUR_RGB('',1.0,0.839215755462646,0.301960796117783);
#8516=CARTESIAN_POINT('',(9.45000000000744,54.0557045267859,-13.3499819783337));
#8517=VECTOR('',#9988,1.0);
#8518=COLOUR_RGB('',1.0,0.839215755462646,0.301960796117783);
#8519=COLOUR_RGB('',1.0,0.839215755462646,0.301960796117783);
#8520=CARTESIAN_POINT('',(2.48499760000005,18.8095855993988,12.0070552360807));
#8521=VECTOR('',#9989,1.0);
#8522=CARTESIAN_POINT('',(8.15000000000006,17.2000000000015,6.00000000001771));
#8523=VECTOR('',#9990,1.0);
#8524=COLOUR_RGB('',1.0,0.839215755462646,0.301960796117783);
#8525=CARTESIAN_POINT('',(8.15000000000006,18.5000000000008,4.0999999999955));
#8526=VECTOR('',#9991,1.0);
#8527=CARTESIAN_POINT('',(8.15000000000007,18.5000000000008,4.5516660498378));
#8528=VECTOR('',#9992,1.0);
#8529=COLOUR_RGB('',1.0,0.839215755462646,0.301960796117783);
#8530=CARTESIAN_POINT('',(8.15000000000007,17.2000000000015,4.8999999999983));
#8531=VECTOR('',#9993,1.0);
#8532=COLOUR_RGB('',1.0,0.839215755462646,0.301960796117783);
#8533=COLOUR_RGB('',1.0,0.839215755462646,0.301960796117783);
#8534=CARTESIAN_POINT('',(5.39999999883994,18.8500002417274,42.1999999999996));
#8535=CARTESIAN_POINT('',(5.39999999883993,18.8500002417446,-26.0355767875781));
#8536=VECTOR('',#9994,1.0);
#8537=CARTESIAN_POINT('',(5.39999999883944,43.8863626920073,42.1999999999996));
#8538=VECTOR('',#9995,1.0);
#8539=CARTESIAN_POINT('',(5.39999999883997,17.4442957110084,33.806214765052));
#8540=CARTESIAN_POINT('',(5.39999999883944,43.8863626920073,49.0725492481112));
#8541=VECTOR('',#9996,1.0);
#8542=CARTESIAN_POINT('',(5.39999999883997,17.4442957113315,35.6000537668297));
#8543=CARTESIAN_POINT('',(5.39999999883996,17.4442957002292,-26.0355767875781));
#8544=VECTOR('',#9997,1.0);
#8545=CARTESIAN_POINT('',(5.39999999883995,18.4442957113315,35.6000537666496));
#8546=CARTESIAN_POINT('',(5.39999999883944,43.8863626920073,35.6000537620668));
#8547=VECTOR('',#9998,1.0);
#8548=CARTESIAN_POINT('',(5.39999999883995,18.4442957109044,33.2288644956822));
#8549=CARTESIAN_POINT('',(5.39999999883994,18.4442957002299,-26.0355767875781));
#8550=VECTOR('',#9999,1.0);
#8551=CARTESIAN_POINT('',(5.39999999883944,43.8863626920073,47.9178487098521));
#8552=VECTOR('',#10000,1.0);
#8553=COLOUR_RGB('',1.0,0.839215755462646,0.301960796117783);
#8554=AXIS2_PLACEMENT_3D('',#10001,#10002,#10003);
#8555=COLOUR_RGB('',1.0,0.839215755462646,0.301960796117783);
#8556=CARTESIAN_POINT('',(6.56470588119289,51.9211764597974,29.3177130073123));
#8557=CARTESIAN_POINT('',(6.57744782276725,51.9279721619704,29.3176952066695));
#8558=CARTESIAN_POINT('',(6.59040357348534,51.9343522179386,29.3176762174109));
#8559=CARTESIAN_POINT('',(6.60353138890348,51.9402991844567,29.3176568928704));
#8560=CARTESIAN_POINT('',(6.61665926754205,51.9462461796139,29.3176375682369));
#8561=CARTESIAN_POINT('',(6.62995869761963,51.9517598893659,29.3176179109532));
#8562=CARTESIAN_POINT('',(6.64338742886056,51.9568289066402,29.317598678466));
#8563=CARTESIAN_POINT('',(6.656825758759,51.9619015471727,29.3175794322317));
#8564=CARTESIAN_POINT('',(6.6703491214002,51.9665153254395,29.3175606704508));
#8565=CARTESIAN_POINT('',(6.68404972390697,51.9707054517687,29.3175428567412));
#8566=CARTESIAN_POINT('',(6.69775347048982,51.974896539667,29.3175250389437));
#8567=CARTESIAN_POINT('',(6.71162997979267,51.9786592331821,29.3175081814136));
#8568=CARTESIAN_POINT('',(6.72563983484306,51.9819761695799,29.3174928481359));
#8569=CARTESIAN_POINT('',(6.73964960693763,51.9852930863373,29.3174775149489));
#8570=CARTESIAN_POINT('',(6.75379220934808,51.9881640818626,29.3174637081907));
#8571=CARTESIAN_POINT('',(6.7680245184455,51.9905766250285,29.3174518719926));
#8572=CARTESIAN_POINT('',(6.7822567931084,51.9929891623574,29.3174400358231));
#8573=CARTESIAN_POINT('',(6.79657822306886,51.9949431368885,29.3174301717976));
#8574=CARTESIAN_POINT('',(6.81094368503476,51.9964317002821,29.3174225815622));
#8575=CARTESIAN_POINT('',(6.82530916028972,51.9979202650528,29.3174149913198));
#8576=CARTESIAN_POINT('',(6.83971810376757,51.9989433666945,29.3174096756648));
#8577=CARTESIAN_POINT('',(6.85412516181565,51.9995001705452,29.3174067802063));
#8578=CARTESIAN_POINT('',(6.86853228225532,52.0000569768072,29.3174038847353));
#8579=CARTESIAN_POINT('',(6.88293696458299,52.0001474938867,29.3174034093951));
#8580=CARTESIAN_POINT('',(6.89729545750514,51.9997767185075,29.317405340858));
#8581=CARTESIAN_POINT('',(6.91165887234056,51.999405816031,29.3174072729829));
#8582=CARTESIAN_POINT('',(6.92595473169194,51.9985751960543,29.3174116033293));
#8583=CARTESIAN_POINT('',(6.94020227274887,51.9972897959769,29.317418193972));
#8584=CARTESIAN_POINT('',(6.95446349310445,51.9960031617658,29.3174247909425));
#8585=CARTESIAN_POINT('',(6.96872480533208,51.9942551876531,29.3174336821608));
#8586=CARTESIAN_POINT('',(6.98294351824544,51.9920442715743,29.3174446360726));
#8587=CARTESIAN_POINT('',(6.99716213976351,51.9898333697069,29.317455589914));
#8588=CARTESIAN_POINT('',(7.0113376267735,51.9871595641114,29.3174686057562));
#8589=CARTESIAN_POINT('',(7.02542545641518,51.9840270806121,29.3174832980448));
#8590=CARTESIAN_POINT('',(7.03951324537862,51.9808946061578,29.317497990291));
#8591=CARTESIAN_POINT('',(7.05351282591036,51.9773035558815,29.3175143574445));
#8592=CARTESIAN_POINT('',(7.06737976676731,51.9732641826565,29.3175318708079));
#8593=CARTESIAN_POINT('',(7.0812467140815,51.9692248075505,29.3175493841795));
#8594=CARTESIAN_POINT('',(7.09498047865115,51.9647372710475,29.3175680415192));
#8595=CARTESIAN_POINT('',(7.10853850023896,51.959817544838,29.3175871920455));
#8596=CARTESIAN_POINT('',(7.12209657401579,51.954897799691,29.3176063426455));
#8597=CARTESIAN_POINT('',(7.13547839227194,51.9495460791386,29.3176259837365));
#8598=CARTESIAN_POINT('',(7.14864490557176,51.9437832686222,29.3176453714293));
#8599=CARTESIAN_POINT('',(7.16181202650934,51.9380201921507,29.3176647600168));
#8600=CARTESIAN_POINT('',(7.1747612170266,51.9318473534365,29.3176838893076));
#8601=CARTESIAN_POINT('',(7.18746457534705,51.9252860836153,29.3177019643351));
#8602=CARTESIAN_POINT('',(7.20017661558893,51.9187203295917,29.3177200517157));
#8603=CARTESIAN_POINT('',(7.21271646177257,51.9117272292567,29.3177371913062));
#8604=CARTESIAN_POINT('',(7.22504418678638,51.9043208998196,29.3177524781175));
#8605=CARTESIAN_POINT('',(7.23737182622749,51.8969146217933,29.3177677648227));
#8606=CARTESIAN_POINT('',(7.2494868658117,51.8890953462589,29.317781195872));
#8607=CARTESIAN_POINT('',(7.26134965303638,51.8808833173688,29.3177918039519));
#8608=CARTESIAN_POINT('',(7.27321240041384,51.8726713160629,29.3178024119962));
#8609=CARTESIAN_POINT('',(7.28482242361425,51.8640668597678,29.3178101939851));
#8610=CARTESIAN_POINT('',(7.29614224251232,51.8550958214449,29.3178141600983));
#8611=CARTESIAN_POINT('',(7.30746206149519,51.8461247830547,29.3178181262116));
#8612=CARTESIAN_POINT('',(7.31849123196648,51.8367875147384,29.317818273529));
#8613=CARTESIAN_POINT('',(7.32919601387299,51.8271146038388,29.3178136319891));
#8614=CARTESIAN_POINT('',(7.33990083190526,51.8174416602958,29.3178089904336));
#8615=CARTESIAN_POINT('',(7.35028086318037,51.8074334654253,29.3177995576591));
#8616=CARTESIAN_POINT('',(7.36030735521283,51.7971240020945,29.3177844232734));
#8617=CARTESIAN_POINT('',(7.37033391702307,51.7868144670165,29.3177692887823));
#8618=CARTESIAN_POINT('',(7.38000660487151,51.7762040766662,29.3177484512586));
#8619=CARTESIAN_POINT('',(7.38930257161232,51.7653284736521,29.3177210921124));
#8620=CARTESIAN_POINT('',(7.39859248614619,51.7544599512788,29.3176937507786));
#8621=CARTESIAN_POINT('',(7.40756070690622,51.7432629693009,29.3176597415998));
#8622=CARTESIAN_POINT('',(7.41617954178551,51.7317604871761,29.3176180831861));
#8623=CARTESIAN_POINT('',(7.42479801937769,51.7202584818778,29.3175764264992));
#8624=CARTESIAN_POINT('',(7.43306540438555,51.7084530040026,29.3175271233741));
#8625=CARTESIAN_POINT('',(7.44095244151979,51.6963773316466,29.3174693104012));
#8626=CARTESIAN_POINT('',(7.44883944839361,51.6843017056216,29.3174114976501));
#8627=CARTESIAN_POINT('',(7.4563457812924,51.6719563358686,29.3173451741875));
#8628=CARTESIAN_POINT('',(7.46344617543327,51.6593790398767,29.3172696265857));
#8629=CARTESIAN_POINT('',(7.47054656638162,51.6468017495398,29.3171940790179));
#8630=CARTESIAN_POINT('',(7.47724073693254,51.6339930255261,29.3171093077727));
#8631=CARTESIAN_POINT('',(7.4835085710015,51.6209938092939,29.3170147839593));
#8632=CARTESIAN_POINT('',(7.4897764233001,51.6079945552543,29.3169202598709));
#8633=CARTESIAN_POINT('',(7.49561771366461,51.5948053229119,29.3168159852255));
#8634=CARTESIAN_POINT('',(7.50101818051254,51.581468512154,29.3167016362091));
#8635=CARTESIAN_POINT('',(7.50641868222297,51.5681316153008,29.3165872864547));
#8636=CARTESIAN_POINT('',(7.51137820089327,51.5546476529953,29.3164628659902));
#8637=CARTESIAN_POINT('',(7.51588857331634,51.5410585612937,29.3163282582165));
#8638=CARTESIAN_POINT('',(7.52039563159342,51.5274794546287,29.3161937493502));
#8639=CARTESIAN_POINT('',(7.52446717968802,51.5137590907809,29.3160487277072));
#8640=CARTESIAN_POINT('',(7.52810100342667,51.4998972753961,29.3158926156098));
#8641=CARTESIAN_POINT('',(7.53173394581668,51.4860388220598,29.315736541376));
#8642=CARTESIAN_POINT('',(7.53492455372823,51.4720537087634,29.3155695277157));
#8643=CARTESIAN_POINT('',(7.53766245203486,51.4579847447766,29.315391649678));
#8644=CARTESIAN_POINT('',(7.54040035298853,51.4439157671877,29.3152137714684));
#8645=CARTESIAN_POINT('',(7.54268544794582,51.4297634693091,29.3150250347711));
#8646=CARTESIAN_POINT('',(7.54451301098103,51.4155713436169,29.3148257611057));
#8647=CARTESIAN_POINT('',(7.5481667561744,51.387197815573,29.3144273643429));
#8648=CARTESIAN_POINT('',(7.54999999883995,51.3585994526807,29.313985801098));
#8649=CARTESIAN_POINT('',(7.54999999883995,51.3299999892091,29.3135035672408));
#8650=COLOUR_RGB('',1.0,0.839215755462646,0.301960796117783);
#8651=CARTESIAN_POINT('',(8.44999999883517,49.8499999875695,29.2523960166546));
#8652=VECTOR('',#10004,1.0);
#8653=COLOUR_RGB('',1.0,0.839215755462646,0.301960796117783);
#8654=CARTESIAN_POINT('',(11.7852185119363,78.9056335656672,5.5000000000075));
#8655=CARTESIAN_POINT('',(11.6499999999968,78.7875291587933,5.6148686697066));
#8656=VECTOR('',#10005,1.0);
#8657=CARTESIAN_POINT('',(11.6499999999968,78.905633565667,5.5000000000075));
#8658=VECTOR('',#10006,1.0);
#8659=COLOUR_RGB('',1.0,0.839215755462646,0.301960796117783);
#8660=COLOUR_RGB('',1.0,0.839215755462646,0.301960796117783);
#8661=COLOUR_RGB('',1.0,0.839215755462646,0.301960796117783);
#8662=CARTESIAN_POINT('',(2.48499760000005,20.3282878269363,11.7036478187088));
#8663=VECTOR('',#10007,1.0);
#8664=COLOUR_RGB('',1.0,0.839215755462646,0.301960796117783);
#8665=CARTESIAN_POINT('',(11.221946781509,86.0000000000012,4.69540872488689));
#8666=CARTESIAN_POINT('',(4.65000000000315,86.0000000000012,4.69540872488689));
#8667=VECTOR('',#10008,1.0);
#8668=CARTESIAN_POINT('',(5.07798086649018,86.0000000000012,4.69540872488689));
#8669=CARTESIAN_POINT('',(4.65000000000315,86.0000000000012,4.69540872488689));
#8670=VECTOR('',#10009,1.0);
#8671=AXIS2_PLACEMENT_3D('',#10010,#10011,#10012);
#8672=COLOUR_RGB('',1.0,0.839215755462646,0.301960796117783);
#8673=COLOUR_RGB('',1.0,0.839215755462646,0.301960796117783);
#8674=CARTESIAN_POINT('',(8.69999999884052,43.9025628331046,10.7901259494));
#8675=VECTOR('',#10013,1.0);
#8676=CARTESIAN_POINT('',(4.65000000000314,19.3000002417381,35.202239241661));
#8677=VECTOR('',#10014,1.0);
#8678=COLOUR_RGB('',1.0,0.839215755462646,0.301960796117783);
#8679=CARTESIAN_POINT('',(11.6499999999968,24.9815002807198,42.1999999999997));
#8680=VECTOR('',#10015,1.0);
#8681=CARTESIAN_POINT('',(11.6499999999968,19.3000002417381,42.1999999999997));
#8682=VECTOR('',#10016,1.0);
#8683=CARTESIAN_POINT('',(8.69999999883996,45.9971140948247,42.1999999999997));
#8684=VECTOR('',#10017,1.0);
#8685=CARTESIAN_POINT('',(0.649999998839961,13.3500002400877,42.1999999999995));
#8686=AXIS2_PLACEMENT_3D('',#10018,#10019,#10020);
#8687=CARTESIAN_POINT('',(7.64999999883994,43.8863626920073,42.1999999999997));
#8688=VECTOR('',#10021,1.0);
#8689=CARTESIAN_POINT('',(0.649999998839961,12.3500002400872,42.1999999999995));
#8690=AXIS2_PLACEMENT_3D('',#10022,#10023,#10024);
#8691=CARTESIAN_POINT('',(0.649999998839951,43.8863626920073,42.1999999999995));
#8692=VECTOR('',#10025,1.0);
#8693=CARTESIAN_POINT('',(8.79999999883996,13.3500002400878,42.1999999999997));
#8694=CARTESIAN_POINT('',(8.79999999883996,12.3500002400872,42.1999999999997));
#8695=CARTESIAN_POINT('',(8.79999999883995,43.8863626920073,42.1999999999997));
#8696=VECTOR('',#10026,1.0);
#8697=AXIS2_PLACEMENT_3D('',#10027,#10028,#10029);
#8698=CARTESIAN_POINT('',(15.7999999988399,43.8863626920073,42.1999999999998));
#8699=VECTOR('',#10030,1.0);
#8700=AXIS2_PLACEMENT_3D('',#10031,#10032,#10033);
#8701=CARTESIAN_POINT('',(4.65000000000314,18.8500002417274,42.1999999999996));
#8702=VECTOR('',#10034,1.0);
#8703=CARTESIAN_POINT('',(2.66423420586942,19.3000002417381,42.1999999999996));
#8704=CARTESIAN_POINT('',(11.6499999999968,19.3000002417381,42.1999999999997));
#8705=VECTOR('',#10035,1.0);
#8706=CARTESIAN_POINT('',(11.6499999999968,23.5500002417382,42.1999999999997));
#8707=VECTOR('',#10036,1.0);
#8708=AXIS2_PLACEMENT_3D('',#10037,#10038,#10039);
#8709=COLOUR_RGB('',1.0,0.839215755462646,0.301960796117783);
#8710=CARTESIAN_POINT('',(2.66423420586942,19.3000002417381,42.1999999999996));
#8711=VECTOR('',#10040,1.0);
#8712=COLOUR_RGB('',1.0,0.839215755462646,0.301960796117783);
#8713=COLOUR_RGB('',1.0,0.839215755462646,0.301960796117783);
#8714=COLOUR_RGB('',1.0,0.839215755462646,0.301960796117783);
#8715=CARTESIAN_POINT('',(5.80000000002634,1.50000000000031,3.3791796067485));
#8716=CARTESIAN_POINT('',(5.80000000002634,1.50000000000031,3.3791796067485));
#8717=VECTOR('',#10041,1.0);
#8718=AXIS2_PLACEMENT_3D('',#10042,#10043,#10044);
#8719=COLOUR_RGB('',1.0,0.839215755462646,0.301960796117783);
#8720=CARTESIAN_POINT('',(5.80000000002635,1.50000000000031,2.06129632481181));
#8721=CARTESIAN_POINT('',(5.80000000002664,1.50000000000031,-13.3499817693826));
#8722=VECTOR('',#10045,1.0);
#8723=CARTESIAN_POINT('',(5.80000000002562,3.74998524250051,2.06129632481181));
#8724=CARTESIAN_POINT('',(5.80000000001181,45.9970960948247,2.0612963248098));
#8725=VECTOR('',#10046,1.0);
#8726=CARTESIAN_POINT('',(5.80000000002591,3.7499852425011,-13.3499817693826));
#8727=VECTOR('',#10047,1.0);
#8728=COLOUR_RGB('',1.0,0.839215755462646,0.301960796117783);
#8729=CARTESIAN_POINT('',(11.6499999999969,1.50000000000221,2.06129632481191));
#8730=VECTOR('',#10048,1.0);
#8731=CARTESIAN_POINT('',(11.6499999999969,3.74998524250251,2.06129632481191));
#8732=VECTOR('',#10049,1.0);
#8733=COLOUR_RGB('',1.0,0.839215755462646,0.301960796117783);
#8734=COLOUR_RGB('',1.0,0.839215755462646,0.301960796117783);
#8735=COLOUR_RGB('',1.0,0.839215755462646,0.301960796117783);
#8736=COLOUR_RGB('',1.0,0.839215755462646,0.301960796117783);
#8737=COLOUR_RGB('',1.0,0.839215755462646,0.301960796117783);
#8738=COLOUR_RGB('',1.0,0.839215755462646,0.301960796117783);
#8739=COLOUR_RGB('',1.0,0.839215755462646,0.301960796117783);
#8740=COLOUR_RGB('',1.0,0.839215755462646,0.301960796117783);
#8741=CARTESIAN_POINT('',(6.99999999883724,49.3999999875835,35.2014234278589));
#8742=CARTESIAN_POINT('',(4.65000000000314,49.3999999875835,35.2014234278589));
#8743=VECTOR('',#10050,1.0);
#8744=CARTESIAN_POINT('',(6.99999999883725,49.3999999875835,-26.0355767875781));
#8745=VECTOR('',#10051,1.0);
#8746=COLOUR_RGB('',1.0,0.839215755462646,0.301960796117783);
#8747=CARTESIAN_POINT('',(2.66423420586941,49.3999999875835,35.2014234278589));
#8748=CARTESIAN_POINT('',(2.66423420586941,49.3999999875835,42.1999999999994));
#8749=VECTOR('',#10052,1.0);
#8750=AXIS2_PLACEMENT_3D('',#10053,#10054,#10055);
#8751=COLOUR_RGB('',1.0,0.839215755462646,0.301960796117783);
#8752=CARTESIAN_POINT('',(1.30000000167973,49.3999999875835,35.2014234278589));
#8753=CARTESIAN_POINT('',(1.30000000167973,49.3999999875835,-26.0355767875781));
#8754=VECTOR('',#10056,1.0);
#8755=CARTESIAN_POINT('',(4.65000000000314,49.3999999875835,35.2014234278589));
#8756=VECTOR('',#10057,1.0);
#8757=COLOUR_RGB('',1.0,0.839215755462646,0.301960796117783);
#8758=CARTESIAN_POINT('',(1.30000000167973,45.1499999875835,30.9843228267809));
#8759=CARTESIAN_POINT('',(1.30000000167973,43.8722756127923,29.7164893611471));
#8760=VECTOR('',#10058,1.0);
#8761=CARTESIAN_POINT('',(1.30000000167973,45.1499999875835,-26.0355767875781));
#8762=VECTOR('',#10059,1.0);
#8763=COLOUR_RGB('',1.0,0.839215755462646,0.301960796117783);
#8764=CARTESIAN_POINT('',(6.99999999883724,45.1499999875835,30.9843228267809));
#8765=CARTESIAN_POINT('',(4.65000000000314,45.1499999875835,30.9843228267809));
#8766=VECTOR('',#10060,1.0);
#8767=CARTESIAN_POINT('',(6.99999999883724,43.8722756127923,29.7164893611471));
#8768=VECTOR('',#10061,1.0);
#8769=COLOUR_RGB('',1.0,0.839215755462646,0.301960796117783);
#8770=CARTESIAN_POINT('',(6.99999999883724,45.1499999875835,-26.0355767875781));
#8771=VECTOR('',#10062,1.0);
#8772=COLOUR_RGB('',1.0,0.839215755462646,0.301960796117783);
#8773=COLOUR_RGB('',1.0,0.839215755462646,0.301960796117783);
#8774=CARTESIAN_POINT('',(14.3999999988372,45.1499999875835,30.9843228267809));
#8775=CARTESIAN_POINT('',(14.3999999988372,49.3999999875835,35.2014234278589));
#8776=CARTESIAN_POINT('',(14.3999999988372,43.8722756127923,29.7164893611471));
#8777=VECTOR('',#10063,1.0);
#8778=CARTESIAN_POINT('',(14.3999999988372,45.1499999875835,-26.0355767875781));
#8779=VECTOR('',#10064,1.0);
#8780=CARTESIAN_POINT('',(14.3999999988372,49.3999999875835,-26.0355767875781));
#8781=VECTOR('',#10065,1.0);
#8782=COLOUR_RGB('',1.0,0.839215755462646,0.301960796117783);
#8783=CARTESIAN_POINT('',(8.69999999883995,45.1499999875835,30.9843228267809));
#8784=CARTESIAN_POINT('',(4.65000000000314,45.1499999875835,30.9843228267809));
#8785=VECTOR('',#10066,1.0);
#8786=CARTESIAN_POINT('',(8.69999999883996,45.1499999875835,-26.0355767875781));
#8787=VECTOR('',#10067,1.0);
#8788=COLOUR_RGB('',1.0,0.839215755462646,0.301960796117783);
#8789=CARTESIAN_POINT('',(4.65000000000314,49.3999999875835,35.2014234278589));
#8790=VECTOR('',#10068,1.0);
#8791=CARTESIAN_POINT('',(10.0642342058694,49.3999999875835,35.2014234278589));
#8792=AXIS2_PLACEMENT_3D('',#10069,#10070,#10071);
#8793=CARTESIAN_POINT('',(8.69999999883995,49.3999999875835,35.2014234278589));
#8794=CARTESIAN_POINT('',(4.65000000000314,49.3999999875835,35.2014234278589));
#8795=VECTOR('',#10072,1.0);
#8796=CARTESIAN_POINT('',(8.69999999883995,43.8722756127923,29.7164893611471));
#8797=VECTOR('',#10073,1.0);
#8798=COLOUR_RGB('',1.0,0.839215755462646,0.301960796117783);
#8799=CARTESIAN_POINT('',(10.0642342058694,49.3999999875835,42.1999999999994));
#8800=VECTOR('',#10074,1.0);
#8801=CARTESIAN_POINT('',(8.69999999883996,49.3999999875835,-26.0355767875781));
#8802=VECTOR('',#10075,1.0);
#8803=COLOUR_RGB('',1.0,0.839215755462646,0.301960796117783);
#8804=COLOUR_RGB('',1.0,0.839215755462646,0.301960796117783);
#8805=COLOUR_RGB('',1.0,0.839215755462646,0.301960796117783);
#8806=COLOUR_RGB('',1.0,0.839215755462646,0.301960796117783);
#8807=CARTESIAN_POINT('',(11.6499999999968,65.7499999999918,45.2999999999994));
#8808=VECTOR('',#10076,1.0);
#8809=COLOUR_RGB('',1.0,0.839215755462646,0.301960796117783);
#8810=CARTESIAN_POINT('',(8.15000000000002,66.9499999999853,45.2999999999994));
#8811=CARTESIAN_POINT('',(8.15000000000002,74.1499999999853,45.2999999999994));
#8812=AXIS2_PLACEMENT_3D('',#10077,#10078,#10079);
#8813=AXIS2_PLACEMENT_3D('',#10080,#10081,#10082);
#8814=COLOUR_RGB('',1.0,0.839215755462646,0.301960796117783);
#8815=CARTESIAN_POINT('',(5.21575584973325,72.6357160081286,40.1999997693528));
#8816=CARTESIAN_POINT('',(5.21575584973325,72.6357160081286,41.6999997693528));
#8817=CARTESIAN_POINT('',(5.21575584973325,72.6357160081286,40.1999999999945));
#8818=VECTOR('',#10083,1.0);
#8819=CARTESIAN_POINT('',(6.06428398636271,73.4842441463469,40.1999997693528));
#8820=AXIS2_PLACEMENT_3D('',#10084,#10085,#10086);
#8821=CARTESIAN_POINT('',(6.06428398636271,73.4842441463469,41.6999997693528));
#8822=CARTESIAN_POINT('',(6.06428398636271,73.4842441463469,40.1999999999945));
#8823=VECTOR('',#10087,1.0);
#8824=CARTESIAN_POINT('',(8.15000000000002,74.1499999999853,41.6999997693528));
#8825=AXIS2_PLACEMENT_3D('',#10088,#10089,#10090);
#8826=CARTESIAN_POINT('',(8.15000000000002,74.1499999999853,40.1999999999945));
#8827=VECTOR('',#10091,1.0);
#8828=CARTESIAN_POINT('',(8.15000000000002,66.9499999999853,41.6999997693528));
#8829=CARTESIAN_POINT('',(8.15000000000002,66.9499999999853,40.1999999999945));
#8830=VECTOR('',#10092,1.0);
#8831=AXIS2_PLACEMENT_3D('',#10093,#10094,#10095);
#8832=COLOUR_RGB('',0.823529481887817,0.823529481887817,0.784313797950745);
#8833=CARTESIAN_POINT('',(10.2357160081433,67.6157558497186,41.6999997693528));
#8834=CARTESIAN_POINT('',(11.6499999999968,66.2014718578651,41.6999997693528));
#8835=VECTOR('',#10096,1.0);
#8836=CARTESIAN_POINT('',(10.2357160081433,67.6157558497186,40.1999997693528));
#8837=CARTESIAN_POINT('',(10.2357160081433,67.6157558497186,40.1999999999945));
#8838=VECTOR('',#10097,1.0);
#8839=CARTESIAN_POINT('',(11.6499999999968,66.2014718578651,40.1999997693528));
#8840=VECTOR('',#10098,1.0);
#8841=COLOUR_RGB('',0.823529481887817,0.823529481887817,0.784313797950745);
#8842=CARTESIAN_POINT('',(11.0842441463616,68.464283986348,40.1999997693528));
#8843=AXIS2_PLACEMENT_3D('',#10099,#10100,#10101);
#8844=CARTESIAN_POINT('',(11.6499999999968,67.8985281327127,40.1999997693528));
#8845=VECTOR('',#10102,1.0);
#8846=COLOUR_RGB('',0.823529481887817,0.823529481887817,0.784313797950745);
#8847=CARTESIAN_POINT('',(11.0842441463616,68.464283986348,41.6999997693528));
#8848=CARTESIAN_POINT('',(11.0842441463616,68.464283986348,40.1999999999945));
#8849=VECTOR('',#10103,1.0);
#8850=CARTESIAN_POINT('',(11.6499999999968,67.8985281327127,41.6999997693528));
#8851=VECTOR('',#10104,1.0);
#8852=COLOUR_RGB('',0.823529481887817,0.823529481887817,0.784313797950745);
#8853=AXIS2_PLACEMENT_3D('',#10105,#10106,#10107);
#8854=COLOUR_RGB('',0.823529481887817,0.823529481887817,0.784313797950745);
#8855=AXIS2_PLACEMENT_3D('',#10108,#10109,#10110);
#8856=COLOUR_RGB('',1.0,0.839215755462646,0.301960796117783);
#8857=COLOUR_RGB('',1.0,0.839215755462646,0.301960796117783);
#8858=COLOUR_RGB('',1.0,0.839215755462646,0.301960796117783);
#8859=CARTESIAN_POINT('',(11.2219467815091,86.000000000001,5.50000000000929));
#8860=CARTESIAN_POINT('',(11.2219467815091,86.000000000001,5.50000000000929));
#8861=VECTOR('',#10111,1.0);
#8862=CARTESIAN_POINT('',(15.14999999834,86.0000000000012,5.50000000000929));
#8863=CARTESIAN_POINT('',(4.65000000000315,86.0000000000012,5.50000000000929));
#8864=VECTOR('',#10112,1.0);
#8865=CARTESIAN_POINT('',(15.14999999834,86.0000000000012,28.5380000000088));
#8866=CARTESIAN_POINT('',(15.1499999983401,86.0000000000012,-26.0355767875781));
#8867=VECTOR('',#10113,1.0);
#8868=CARTESIAN_POINT('',(1.15000000165993,86.0000000000012,28.5379999999994));
#8869=CARTESIAN_POINT('',(4.65000000000314,86.0000000000012,28.5380000000116));
#8870=VECTOR('',#10114,1.0);
#8871=CARTESIAN_POINT('',(1.15000000165993,86.0000000000012,5.50000000000929));
#8872=CARTESIAN_POINT('',(1.15000000165993,86.0000000000012,-26.0355767875781));
#8873=VECTOR('',#10115,1.0);
#8874=CARTESIAN_POINT('',(5.07798086649011,86.000000000001,5.50000000000929));
#8875=CARTESIAN_POINT('',(4.65000000000315,86.0000000000012,5.50000000000929));
#8876=VECTOR('',#10116,1.0);
#8877=CARTESIAN_POINT('',(5.07798086649011,86.000000000001,5.50000000000929));
#8878=VECTOR('',#10117,1.0);
#8879=COLOUR_RGB('',1.0,0.839215755462646,0.301960796117783);
#8880=COLOUR_RGB('',1.0,0.839215755462646,0.301960796117783);
#8881=CARTESIAN_POINT('',(13.29999999668,76.799999999984,5.5000000000069));
#8882=CARTESIAN_POINT('',(11.6499999999968,76.799999999984,5.500000000007));
#8883=VECTOR('',#10118,1.0);
#8884=CARTESIAN_POINT('',(13.29999999668,76.7999999999889,-13.3499817693654));
#8885=VECTOR('',#10119,1.0);
#8886=COLOUR_RGB('',1.0,0.839215755462646,0.301960796117783);
#8887=CARTESIAN_POINT('',(7.64999999883994,45.9971140948162,33.1218694745893));
#8888=VECTOR('',#10120,1.0);
#8889=COLOUR_RGB('',1.0,0.839215755462646,0.301960796117783);
#8890=CARTESIAN_POINT('',(2.04999999883994,9.55000024008991,31.6023693422389));
#8891=AXIS2_PLACEMENT_3D('',#10121,#10122,#10123);
#8892=CARTESIAN_POINT('',(2.04999999883994,9.55000024008981,31.9301158819831));
#8893=CARTESIAN_POINT('',(2.04999999883994,9.55000024008911,35.0295998116946));
#8894=VECTOR('',#10124,1.0);
#8895=CARTESIAN_POINT('',(0.649999998839962,12.3500002400894,33.5985709116156));
#8896=AXIS2_PLACEMENT_3D('',#10125,#10126,#10127);
#8897=CARTESIAN_POINT('',(0.649999998839951,12.3500002400888,36.1130575512961));
#8898=VECTOR('',#10128,1.0);
#8899=COLOUR_RGB('',0.823529481887817,0.823529481887817,0.784313797950745);
#8900=CARTESIAN_POINT('',(6.86776156615327,14.6442957107091,32.1896340118268));
#8901=CARTESIAN_POINT('',(1.83223843106218,14.6442957107091,32.1896340118268));
#8902=CARTESIAN_POINT('',(11.6499999999969,14.6442957107091,32.1896340118268));
#8903=VECTOR('',#10129,1.0);
#8904=CARTESIAN_POINT('',(2.04999999883994,14.6442957106624,31.9301158810667));
#8905=CARTESIAN_POINT('',(40.0445132377721,14.6442957025151,-13.3499817693813));
#8906=VECTOR('',#10130,1.0);
#8907=CARTESIAN_POINT('',(2.04999999883994,14.6442957086058,20.4999997885641));
#8908=CARTESIAN_POINT('',(2.04999999883994,14.6442957025151,-13.3499817693813));
#8909=VECTOR('',#10131,1.0);
#8910=CARTESIAN_POINT('',(6.64999999883995,14.6442957086058,20.4999997893917));
#8911=CARTESIAN_POINT('',(11.6499999999969,14.6442957086058,20.4999997885641));
#8912=VECTOR('',#10132,1.0);
#8913=CARTESIAN_POINT('',(6.64999999883994,14.6442957106624,31.9301158819871));
#8914=CARTESIAN_POINT('',(6.64999999883995,14.6442957025151,-13.3499817693813));
#8915=VECTOR('',#10133,1.0);
#8916=CARTESIAN_POINT('',(-31.3445132400944,14.6442957025151,-13.3499817693813));
#8917=VECTOR('',#10134,1.0);
#8918=COLOUR_RGB('',1.0,0.839215755462646,0.301960796117783);
#8919=CARTESIAN_POINT('',(2.04999999883994,10.0499819959071,20.4999997893905));
#8920=CARTESIAN_POINT('',(2.04999999883999,45.9971140948194,20.4999997893997));
#8921=VECTOR('',#10135,1.0);
#8922=CARTESIAN_POINT('',(2.04999999883993,45.9971140948165,31.9301158819924));
#8923=VECTOR('',#10136,1.0);
#8924=CARTESIAN_POINT('',(2.04999999883994,10.0499819977112,30.5301550028922));
#8925=CARTESIAN_POINT('',(2.04999999883993,30.5116258155229,-13.3499817693772));
#8926=VECTOR('',#10137,1.0);
#8927=CARTESIAN_POINT('',(2.04999999883994,10.0499819898186,-13.3499817693825));
#8928=VECTOR('',#10138,1.0);
#8929=COLOUR_RGB('',1.0,0.839215755462646,0.301960796117783);
#8930=CARTESIAN_POINT('',(1.4064401967425,15.5232189617827,32.6970805872204));
#8931=CARTESIAN_POINT('',(-13.3567723157808,45.9971140948118,50.2911921382226));
#8932=VECTOR('',#10139,1.0);
#8933=CARTESIAN_POINT('',(0.649999998839962,13.35000024009,33.5985709116159));
#8934=AXIS2_PLACEMENT_3D('',#10140,#10141,#10142);
#8935=CARTESIAN_POINT('',(0.649999998839952,45.9971140948161,33.5985709116243));
#8936=VECTOR('',#10143,1.0);
#8937=COLOUR_RGB('',0.823529481887817,0.823529481887817,0.784313797950745);
#8938=CARTESIAN_POINT('',(1.49159332100021,15.6265928552098,32.7567635323929));
#8939=CARTESIAN_POINT('',(11.6499999999969,15.6265928552098,32.7567635323929));
#8940=VECTOR('',#10144,1.0);
#8941=AXIS2_PLACEMENT_3D('',#10145,#10146,#10147);
#8942=CARTESIAN_POINT('',(22.0567723134583,45.9971140948118,50.2911921382226));
#8943=VECTOR('',#10148,1.0);
#8944=COLOUR_RGB('',1.0,0.839215755462646,0.301960796117783);
#8945=CARTESIAN_POINT('',(6.64999999883994,10.0499819959071,20.4999997893905));
#8946=CARTESIAN_POINT('',(11.6499999999969,10.0499819959071,20.4999997893905));
#8947=VECTOR('',#10149,1.0);
#8948=CARTESIAN_POINT('',(6.64999999883994,10.0499819977112,30.5301550028922));
#8949=CARTESIAN_POINT('',(11.6499999999969,10.0499819977112,30.5301550028922));
#8950=VECTOR('',#10150,1.0);
#8951=CARTESIAN_POINT('',(6.64999999883994,10.0499819898186,-13.3499817693825));
#8952=VECTOR('',#10151,1.0);
#8953=COLOUR_RGB('',1.0,0.839215755462646,0.301960796117783);
#8954=CARTESIAN_POINT('',(6.64999999883999,45.9971140948194,20.4999997893997));
#8955=VECTOR('',#10152,1.0);
#8956=CARTESIAN_POINT('',(6.64999999883993,30.5116258155229,-13.3499817693772));
#8957=VECTOR('',#10153,1.0);
#8958=CARTESIAN_POINT('',(6.64999999883993,45.9971140948165,31.9301158819951));
#8959=VECTOR('',#10154,1.0);
#8960=COLOUR_RGB('',1.0,0.839215755462646,0.301960796117783);
#8961=COLOUR_RGB('',1.0,0.839215755462646,0.301960796117783);
#8962=CARTESIAN_POINT('',(0.649999998839962,13.3500002400897,34.5295998116944));
#8963=VECTOR('',#10155,1.0);
#8964=AXIS2_PLACEMENT_3D('',#10156,#10157,#10158);
#8965=COLOUR_RGB('',1.0,0.839215755462646,0.301960796117783);
#8966=COLOUR_RGB('',1.0,0.839215755462646,0.301960796117783);
#8967=COLOUR_RGB('',1.0,0.839215755462646,0.301960796117783);
#8968=COLOUR_RGB('',1.0,0.839215755462646,0.301960796117783);
#8969=COLOUR_RGB('',1.0,0.839215755462646,0.301960796117783);
#8970=CARTESIAN_POINT('',(14.0500000000075,10.0499819977112,30.5301550028922));
#8971=CARTESIAN_POINT('',(14.0500000000075,9.81396238816881,31.0363006889316));
#8972=CARTESIAN_POINT('',(14.0500000000075,30.5116258155231,-13.3499817693772));
#8973=VECTOR('',#10159,1.0);
#8974=CARTESIAN_POINT('',(14.0499999995791,14.6442957105016,31.0363006884223));
#8975=CARTESIAN_POINT('',(14.0500000000075,84.3313156787968,31.0363006889507));
#8976=VECTOR('',#10160,1.0);
#8977=CARTESIAN_POINT('',(14.0500000000075,14.6442957086058,20.4999997893917));
#8978=CARTESIAN_POINT('',(14.0500000000075,14.6442957025151,-13.3499817693813));
#8979=VECTOR('',#10161,1.0);
#8980=CARTESIAN_POINT('',(14.0500000000075,10.0499819959071,20.4999997893905));
#8981=CARTESIAN_POINT('',(14.0500000000075,45.9971140948194,20.4999997893997));
#8982=VECTOR('',#10162,1.0);
#8983=CARTESIAN_POINT('',(14.0500000000075,10.0499819898186,-13.3499817693825));
#8984=VECTOR('',#10163,1.0);
#8985=COLOUR_RGB('',1.0,0.839215755462646,0.301960796117783);
#8986=CARTESIAN_POINT('',(9.66183471123496,10.0499819977112,30.5301550028922));
#8987=AXIS2_PLACEMENT_3D('',#10164,#10165,#10166);
#8988=CARTESIAN_POINT('',(9.66183471281006,10.0499819959071,20.4999997893905));
#8989=CARTESIAN_POINT('',(9.66183471281006,10.0499819959071,20.4999997893905));
#8990=CARTESIAN_POINT('',(9.6618347126788,10.0499819960575,21.3358460571823));
#8991=CARTESIAN_POINT('',(9.66183471254755,10.0499819962078,22.1716923249741));
#8992=CARTESIAN_POINT('',(9.66183471241629,10.0499819963581,23.0075385927659));
#8993=CARTESIAN_POINT('',(9.66183471228503,10.0499819965085,23.8433848605577));
#8994=CARTESIAN_POINT('',(9.66183471215377,10.0499819966588,24.6792311283496));
#8995=CARTESIAN_POINT('',(9.66183471202251,10.0499819968092,25.5150773961414));
#8996=CARTESIAN_POINT('',(9.66183471189125,10.0499819969595,26.3509236639332));
#8997=CARTESIAN_POINT('',(9.66183471176,10.0499819971098,27.186769931725));
#8998=CARTESIAN_POINT('',(9.66183471162874,10.0499819972602,28.0226161995168));
#8999=CARTESIAN_POINT('',(9.66183471149748,10.0499819974105,28.8584624673086));
#9000=CARTESIAN_POINT('',(9.66183471136622,10.0499819975609,29.6943087351004));
#9001=CARTESIAN_POINT('',(9.66183471123496,10.0499819977112,30.5301550028922));
#9002=CARTESIAN_POINT('',(9.45000000000747,10.3183752730639,20.4999997893905));
#9003=AXIS2_PLACEMENT_3D('',#10167,#10168,#10169);
#9004=CARTESIAN_POINT('',(9.45000000000747,10.3183752730608,32.8239310750375));
#9005=CARTESIAN_POINT('',(9.45000000000747,10.3183752730602,35.0295998116948));
#9006=VECTOR('',#10170,1.0);
#9007=CARTESIAN_POINT('',(8.79999999883996,12.3500002400894,33.5985709116156));
#9008=AXIS2_PLACEMENT_3D('',#10171,#10172,#10173);
#9009=CARTESIAN_POINT('',(8.79999999883995,12.350000240089,35.0295998116953));
#9010=VECTOR('',#10174,1.0);
#9011=COLOUR_RGB('',0.823529481887817,0.823529481887817,0.784313797950745);
#9012=CARTESIAN_POINT('',(9.45000000000748,14.6442957107091,32.1896340118268));
#9013=CARTESIAN_POINT('',(9.45000000000748,15.381625207119,32.6153313948837));
#9014=CARTESIAN_POINT('',(9.45000000000754,45.9971140948118,50.2911921382226));
#9015=VECTOR('',#10175,1.0);
#9016=CARTESIAN_POINT('',(15.0177615661532,14.6442957107091,32.1896340121617));
#9017=CARTESIAN_POINT('',(11.6499999999969,14.6442957107091,32.1896340118268));
#9018=VECTOR('',#10176,1.0);
#9019=CARTESIAN_POINT('',(30.2067723134583,45.9971140948118,50.2911921382226));
#9020=VECTOR('',#10177,1.0);
#9021=CARTESIAN_POINT('',(9.64159332100021,15.6265928552098,32.7567635323929));
#9022=CARTESIAN_POINT('',(11.6499999999969,15.6265928552098,32.7567635323929));
#9023=VECTOR('',#10178,1.0);
#9024=AXIS2_PLACEMENT_3D('',#10179,#10180,#10181);
#9025=COLOUR_RGB('',1.0,0.839215755462646,0.301960796117783);
#9026=CARTESIAN_POINT('',(8.79999999883996,13.35000024009,33.5985709116159));
#9027=CARTESIAN_POINT('',(8.79999999883996,13.3500002400897,34.5295998116944));
#9028=VECTOR('',#10182,1.0);
#9029=CARTESIAN_POINT('',(9.45000000000748,15.381625207119,32.8239310749064));
#9030=AXIS2_PLACEMENT_3D('',#10183,#10184,#10185);
#9031=CARTESIAN_POINT('',(9.45000000000748,15.3816252071185,34.5295998116949));
#9032=VECTOR('',#10186,1.0);
#9033=AXIS2_PLACEMENT_3D('',#10187,#10188,#10189);
#9034=COLOUR_RGB('',1.0,0.839215755462646,0.301960796117783);
#9035=CARTESIAN_POINT('',(8.79999999883995,45.9971140948161,33.5985709116243));
#9036=VECTOR('',#10190,1.0);
#9037=COLOUR_RGB('',1.0,0.839215755462646,0.301960796117783);
#9038=CARTESIAN_POINT('',(15.7999999988399,45.9971140948162,33.1218694745893));
#9039=VECTOR('',#10191,1.0);
#9040=COLOUR_RGB('',1.0,0.839215755462646,0.301960796117783);
#9041=COLOUR_RGB('',0.823529481887817,0.823529481887817,0.784313797950745);
#9042=CARTESIAN_POINT('',(9.45000000000747,14.6442957086058,20.4999997893917));
#9043=CARTESIAN_POINT('',(9.45000000000746,14.6442957025151,-13.3499817693813));
#9044=VECTOR('',#10192,1.0);
#9045=CARTESIAN_POINT('',(11.6499999999969,14.6442957086058,20.4999997885641));
#9046=VECTOR('',#10193,1.0);
#9047=CARTESIAN_POINT('',(-23.1945132400945,14.6442957025151,-13.3499817693813));
#9048=VECTOR('',#10194,1.0);
#9049=COLOUR_RGB('',1.0,0.839215755462646,0.301960796117783);
#9050=CARTESIAN_POINT('',(-23.1945132400946,30.511625815523,-13.3499817693772));
#9051=VECTOR('',#10195,1.0);
#9052=COLOUR_RGB('',1.0,0.839215755462646,0.301960796117783);
#9053=CARTESIAN_POINT('',(9.45000000000753,45.9971140948163,32.8239310750466));
#9054=VECTOR('',#10196,1.0);
#9055=COLOUR_RGB('',1.0,0.839215755462646,0.301960796117783);
#9056=CARTESIAN_POINT('',(9.45000000000752,45.9971140948194,20.4999997893997));
#9057=VECTOR('',#10197,1.0);
#9058=COLOUR_RGB('',1.0,0.839215755462646,0.301960796117783);
#9059=CARTESIAN_POINT('',(11.6499999999969,10.0499819959071,20.4999997893905));
#9060=VECTOR('',#10198,1.0);
#9061=COLOUR_RGB('',1.0,0.839215755462646,0.301960796117783);
#9062=CARTESIAN_POINT('',(11.6499999999969,10.0499819978755,30.5301550025398));
#9063=VECTOR('',#10199,1.0);
#9064=COLOUR_RGB('',1.0,0.839215755462646,0.301960796117783);
#9065=COLOUR_RGB('',1.0,0.839215755462646,0.301960796117783);
#9066=CARTESIAN_POINT('',(7.64999999883993,56.3499999892106,33.1218692656284));
#9067=CARTESIAN_POINT('',(7.64999999883994,56.3499999892113,36.1130573423437));
#9068=VECTOR('',#10200,1.0);
#9069=CARTESIAN_POINT('',(7.64999999883993,55.3499999892101,33.1218692656286));
#9070=CARTESIAN_POINT('',(7.64999999883994,22.702886134484,33.1218692656364));
#9071=VECTOR('',#10201,1.0);
#9072=CARTESIAN_POINT('',(7.64999999883995,55.3499999892104,34.5295996027421));
#9073=VECTOR('',#10202,1.0);
#9074=COLOUR_RGB('',1.0,0.839215755462646,0.301960796117783);
#9075=CARTESIAN_POINT('',(6.64999999884008,58.7994897319931,30.8506974609753));
#9076=AXIS2_PLACEMENT_3D('',#10203,#10204,#10205);
#9077=CARTESIAN_POINT('',(6.64999999883992,58.7994897319935,31.9301156730336));
#9078=CARTESIAN_POINT('',(6.64999999883993,58.7994897319943,35.0295996027424));
#9079=VECTOR('',#10206,1.0);
#9080=AXIS2_PLACEMENT_3D('',#10207,#10208,#10209);
#9081=COLOUR_RGB('',0.823529481887817,0.823529481887817,0.784313797950745);
#9082=CARTESIAN_POINT('',(6.64999999883992,54.0557045186378,31.9301156730347));
#9083=CARTESIAN_POINT('',(6.86776156615325,54.0557045185911,32.1896338028744));
#9084=CARTESIAN_POINT('',(-31.3445132400946,54.0557045267859,-13.3499819783336));
#9085=VECTOR('',#10210,1.0);
#9086=CARTESIAN_POINT('',(6.64999999883993,54.0557045206946,20.4999995804393));
#9087=CARTESIAN_POINT('',(6.64999999883993,54.0557045267859,-13.3499819783337));
#9088=VECTOR('',#10211,1.0);
#9089=CARTESIAN_POINT('',(2.04999999883992,54.0557045206946,20.4999995796117));
#9090=CARTESIAN_POINT('',(11.6499999999968,54.0557045206946,20.4999995796117));
#9091=VECTOR('',#10212,1.0);
#9092=CARTESIAN_POINT('',(2.04999999883992,54.0557045186378,31.9301156721144));
#9093=CARTESIAN_POINT('',(2.04999999883993,54.0557045267859,-13.3499819783337));
#9094=VECTOR('',#10213,1.0);
#9095=CARTESIAN_POINT('',(1.83223843106216,54.0557045185911,32.1896338028744));
#9096=CARTESIAN_POINT('',(40.0445132377721,54.055704526786,-13.3499819783337));
#9097=VECTOR('',#10214,1.0);
#9098=CARTESIAN_POINT('',(11.6499999999968,54.0557045185911,32.1896338028744));
#9099=VECTOR('',#10215,1.0);
#9100=COLOUR_RGB('',0.823529481887817,0.823529481887817,0.784313797950745);
#9101=CARTESIAN_POINT('',(6.8084066766797,53.0734073740904,32.7567633234405));
#9102=CARTESIAN_POINT('',(7.13001215028863,53.5143726911949,32.5021718790127));
#9103=AXIS2_PLACEMENT_3D('',#10216,#10217,#10218);
#9104=CARTESIAN_POINT('',(22.0567723134583,22.7028861344881,50.2911919292697));
#9105=VECTOR('',#10219,1.0);
#9106=CARTESIAN_POINT('',(-13.3567723157808,22.7028861344881,50.2911919292697));
#9107=VECTOR('',#10220,1.0);
#9108=CARTESIAN_POINT('',(11.6499999999968,53.0734073740904,32.7567633234405));
#9109=VECTOR('',#10221,1.0);
#9110=COLOUR_RGB('',1.0,0.839215755462646,0.301960796117783);
#9111=CARTESIAN_POINT('',(2.04999999883993,22.7028861344837,31.9301156730394));
#9112=VECTOR('',#10222,1.0);
#9113=CARTESIAN_POINT('',(0.649999998839951,22.7028861344841,33.5985707026713));
#9114=VECTOR('',#10223,1.0);
#9115=COLOUR_RGB('',1.0,0.839215755462646,0.301960796117783);
#9116=AXIS2_PLACEMENT_3D('',#10224,#10225,#10226);
#9117=CARTESIAN_POINT('',(6.64999999883993,22.7028861344837,31.9301156730422));
#9118=VECTOR('',#10227,1.0);
#9119=COLOUR_RGB('',1.0,0.839215755462646,0.301960796117783);
#9120=AXIS2_PLACEMENT_3D('',#10228,#10229,#10230);
#9121=COLOUR_RGB('',1.0,0.839215755462646,0.301960796117783);
#9122=COLOUR_RGB('',1.0,0.839215755462646,0.301960796117783);
#9123=COLOUR_RGB('',1.0,0.839215755462646,0.301960796117783);
#9124=CARTESIAN_POINT('',(6.64999999883992,58.650018231589,30.5301547939399));
#9125=CARTESIAN_POINT('',(6.64999999883992,38.1883744137781,-13.3499819783299));
#9126=VECTOR('',#10231,1.0);
#9127=CARTESIAN_POINT('',(6.64999999883992,58.6500182333933,20.4999995804382));
#9128=CARTESIAN_POINT('',(6.64999999883992,58.6500182394824,-13.3499819783347));
#9129=VECTOR('',#10232,1.0);
#9130=CARTESIAN_POINT('',(6.64999999883999,22.702886134481,20.4999995804467));
#9131=VECTOR('',#10233,1.0);
#9132=COLOUR_RGB('',1.0,0.839215755462646,0.301960796117783);
#9133=CARTESIAN_POINT('',(2.04999999883992,58.650018231589,30.5301547939399));
#9134=CARTESIAN_POINT('',(11.6499999999968,58.650018231589,30.5301547939399));
#9135=VECTOR('',#10234,1.0);
#9136=CARTESIAN_POINT('',(2.04999999883992,58.6500182333933,20.4999995804382));
#9137=CARTESIAN_POINT('',(2.04999999883992,58.6500182394824,-13.3499819783347));
#9138=VECTOR('',#10235,1.0);
#9139=CARTESIAN_POINT('',(11.6499999999968,58.6500182333933,20.4999995804382));
#9140=VECTOR('',#10236,1.0);
#9141=COLOUR_RGB('',1.0,0.839215755462646,0.301960796117783);
#9142=CARTESIAN_POINT('',(2.04999999883993,38.1883744137781,-13.3499819783299));
#9143=VECTOR('',#10237,1.0);
#9144=CARTESIAN_POINT('',(2.04999999883998,22.702886134481,20.4999995804467));
#9145=VECTOR('',#10238,1.0);
#9146=COLOUR_RGB('',1.0,0.839215755462646,0.301960796117783);
#9147=COLOUR_RGB('',1.0,0.839215755462646,0.301960796117783);
#9148=COLOUR_RGB('',1.0,0.839215755462646,0.301960796117783);
#9149=CARTESIAN_POINT('',(14.049999999579,54.0557045187986,31.0363004794699));
#9150=CARTESIAN_POINT('',(14.0500000000075,54.0557045267859,-13.3499819783337));
#9151=VECTOR('',#10239,1.0);
#9152=CARTESIAN_POINT('',(14.0500000000075,-15.6313154494966,31.036300479997));
#9153=VECTOR('',#10240,1.0);
#9154=COLOUR_RGB('',0.823529481887817,0.823529481887817,0.784313797950745);
#9155=CARTESIAN_POINT('',(-23.1945132400946,54.0557045267859,-13.3499819783337));
#9156=VECTOR('',#10241,1.0);
#9157=COLOUR_RGB('',1.0,0.839215755462646,0.301960796117783);
#9158=COLOUR_RGB('',1.0,0.839215755462646,0.301960796117783);
#9159=AXIS2_PLACEMENT_3D('',#10242,#10243,#10244);
#9160=COLOUR_RGB('',1.0,0.839215755462646,0.301960796117783);
#9161=CARTESIAN_POINT('',(14.0620763138083,80.0120763154521,5.50000000000779));
#9162=CARTESIAN_POINT('',(11.6499999999968,78.8399239099965,5.5000000000075));
#9163=VECTOR('',#10245,1.0);
#9164=CARTESIAN_POINT('',(15.14999999834,81.0999999999839,5.50000000000799));
#9165=CARTESIAN_POINT('',(-19.9528859068207,45.9971140948232,5.49999999999909));
#9166=VECTOR('',#10246,1.0);
#9167=CARTESIAN_POINT('',(15.14999999834,45.9971140948232,5.4999999999991));
#9168=VECTOR('',#10247,1.0);
#9169=CARTESIAN_POINT('',(1.15000000165993,81.099999999984,5.50000000000809));
#9170=CARTESIAN_POINT('',(1.15000000165994,45.9971140948232,5.4999999999991));
#9171=VECTOR('',#10248,1.0);
#9172=CARTESIAN_POINT('',(2.23792368619179,80.0120763154521,5.50000000000779));
#9173=CARTESIAN_POINT('',(11.6499999999968,70.6000000016471,5.5000000000054));
#9174=VECTOR('',#10249,1.0);
#9175=CARTESIAN_POINT('',(4.51478148806364,78.9056335656672,5.5000000000075));
#9176=CARTESIAN_POINT('',(11.6499999999968,75.4382625317058,5.50000000000659));
#9177=VECTOR('',#10250,1.0);
#9178=CARTESIAN_POINT('',(6.64999999668001,78.9056335656672,5.5000000000075));
#9179=CARTESIAN_POINT('',(11.6499999999968,78.9056335656672,5.5000000000075));
#9180=VECTOR('',#10251,1.0);
#9181=CARTESIAN_POINT('',(6.64999999668002,45.9971140948232,5.4999999999991));
#9182=VECTOR('',#10252,1.0);
#9183=CARTESIAN_POINT('',(2.99999999668007,74.449999999984,5.50000000000639));
#9184=CARTESIAN_POINT('',(2.99999999668007,74.449999999984,5.50000000000639));
#9185=VECTOR('',#10253,1.0);
#9186=CARTESIAN_POINT('',(13.29999999668,74.449999999984,5.5000000000063));
#9187=CARTESIAN_POINT('',(11.6499999999968,74.4499999999841,5.5000000000063));
#9188=VECTOR('',#10254,1.0);
#9189=CARTESIAN_POINT('',(13.29999999668,74.449999999984,5.5000000000063));
#9190=VECTOR('',#10255,1.0);
#9191=COLOUR_RGB('',1.0,0.839215755462646,0.301960796117783);
#9192=CARTESIAN_POINT('',(15.1499999983401,81.0999999999801,20.391399999996));
#9193=CARTESIAN_POINT('',(15.14999999834,81.0999999999887,-13.3499817693643));
#9194=VECTOR('',#10256,1.0);
#9195=CARTESIAN_POINT('',(15.14999999834,60.80530397092,-13.3499817693695));
#9196=VECTOR('',#10257,1.0);
#9197=COLOUR_RGB('',1.0,0.839215755462646,0.301960796117783);
#9198=CARTESIAN_POINT('',(13.0499999983403,78.9999999999812,16.9000000000073));
#9199=CARTESIAN_POINT('',(-5.14469603072866,60.80530397092,-13.3499817693695));
#9200=VECTOR('',#10258,1.0);
#9201=CARTESIAN_POINT('',(3.25000000166151,78.9999999999814,16.9000000000077));
#9202=CARTESIAN_POINT('',(11.6499999999968,78.9999999999813,16.9000000000074));
#9203=VECTOR('',#10259,1.0);
#9204=CARTESIAN_POINT('',(1.15000000165864,81.0999999999814,20.3913999999982));
#9205=CARTESIAN_POINT('',(21.4446960307287,60.80530397092,-13.3499817693695));
#9206=VECTOR('',#10260,1.0);
#9207=CARTESIAN_POINT('',(1.15000000165993,60.80530397092,-13.3499817693695));
#9208=VECTOR('',#10261,1.0);
#9209=CARTESIAN_POINT('',(6.89999999498843,83.2704932118746,23.9999999999925));
#9210=CARTESIAN_POINT('',(9.39999999498842,83.2704932118749,23.9999999999921));
#9211=CARTESIAN_POINT('',(11.6499999999968,83.2704932118706,23.9999999999844));
#9212=VECTOR('',#10262,1.0);
#9213=CARTESIAN_POINT('',(9.39999999498874,85.4358137136855,27.5999999999927));
#9214=CARTESIAN_POINT('',(9.39999999498517,60.805303970919,-13.3499817693695));
#9215=VECTOR('',#10263,1.0);
#9216=CARTESIAN_POINT('',(6.89999999498874,85.4358137136853,27.599999999993));
#9217=CARTESIAN_POINT('',(11.6499999999968,85.4358137136809,27.5999999999844));
#9218=VECTOR('',#10264,1.0);
#9219=CARTESIAN_POINT('',(6.89999999498517,60.8053039709186,-13.3499817693695));
#9220=VECTOR('',#10265,1.0);
#9221=COLOUR_RGB('',1.0,0.839215755462646,0.301960796117783);
#9222=CARTESIAN_POINT('',(30.7881164753783,96.738116477027,-13.3499817693603));
#9223=VECTOR('',#10266,1.0);
#9224=CARTESIAN_POINT('',(13.2999999966801,79.249999998321,16.9000000000074));
#9225=CARTESIAN_POINT('',(13.29999999668,79.2499999983287,-13.3499817693647));
#9226=VECTOR('',#10267,1.0);
#9227=CARTESIAN_POINT('',(-21.85000000166,44.099999999981,16.8999999999995));
#9228=VECTOR('',#10268,1.0);
#9229=COLOUR_RGB('',1.0,0.839215755462646,0.301960796117783);
#9230=COLOUR_RGB('',0.823529481887817,0.823529481887817,0.784313797950745);
#9231=CARTESIAN_POINT('',(13.2999999966801,63.5499999999813,16.2999997977103));
#9232=CARTESIAN_POINT('',(13.29999999668,63.5499999999889,-13.3499817693688));
#9233=VECTOR('',#10269,1.0);
#9234=CARTESIAN_POINT('',(13.2999999966801,76.8000000000439,16.2999997953273));
#9235=CARTESIAN_POINT('',(13.2999999966801,45.9971140948205,16.2999998008672));
#9236=VECTOR('',#10270,1.0);
#9237=CARTESIAN_POINT('',(13.2999999966801,76.7999999997119,-26.0355767875781));
#9238=VECTOR('',#10271,1.0);
#9239=CARTESIAN_POINT('',(13.29999999668,74.4499999999889,-13.349981769366));
#9240=VECTOR('',#10272,1.0);
#9241=COLOUR_RGB('',1.0,0.839215755462646,0.301960796117783);
#9242=CARTESIAN_POINT('',(11.6499999999968,63.549999999984,5.8000000000035));
#9243=VECTOR('',#10273,1.0);
#9244=CARTESIAN_POINT('',(2.99999999668007,63.5499999999813,16.2999997977103));
#9245=CARTESIAN_POINT('',(2.99999999668006,63.5499999999889,-13.3499817693688));
#9246=VECTOR('',#10274,1.0);
#9247=CARTESIAN_POINT('',(11.6499999999968,63.5499999999813,16.2999997977103));
#9248=VECTOR('',#10275,1.0);
#9249=COLOUR_RGB('',1.0,0.839215755462646,0.301960796117783);
#9250=CARTESIAN_POINT('',(4.12094193986001,78.1290580617833,7.62213168271089));
#9251=CARTESIAN_POINT('',(5.57581263058372,77.9788931958413,6.40135022271389));
#9252=CARTESIAN_POINT('',(11.6499999999968,77.3519443282542,1.30450184133749));
#9253=VECTOR('',#10276,1.0);
#9254=CARTESIAN_POINT('',(2.99999999668006,79.250000004963,8.56271365380459));
#9255=CARTESIAN_POINT('',(-21.85000000166,104.100000003298,29.4143394871735));
#9256=VECTOR('',#10277,1.0);
#9257=CARTESIAN_POINT('',(2.99999999668007,45.9971140948225,8.5627136537961));
#9258=VECTOR('',#10278,1.0);
#9259=CARTESIAN_POINT('',(11.6499999999968,83.2193147710631,1.30450184133899));
#9260=VECTOR('',#10279,1.0);
#9261=COLOUR_RGB('',1.0,0.839215755462646,0.301960796117783);
#9262=CARTESIAN_POINT('',(1.15000000165993,81.0999999999888,-13.3499817693643));
#9263=VECTOR('',#10280,1.0);
#9264=CARTESIAN_POINT('',(2.99999999668007,79.2500000049609,16.9000000000077));
#9265=CARTESIAN_POINT('',(-21.85000000166,104.100000003301,16.9000000000148));
#9266=VECTOR('',#10281,1.0);
#9267=CARTESIAN_POINT('',(2.99999999668006,79.2500000049687,-13.3499817693647));
#9268=VECTOR('',#10282,1.0);
#9269=CARTESIAN_POINT('',(-14.0888368772123,96.3388368788608,-12.899999999999));
#9270=VECTOR('',#10283,1.0);
#9271=COLOUR_RGB('',1.0,0.839215755462646,0.301960796117783);
#9272=COLOUR_RGB('',1.0,0.839215755462646,0.301960796117783);
#9273=CARTESIAN_POINT('',(11.6499999999968,72.6734931717178,11.5613968215137));
#9274=VECTOR('',#10284,1.0);
#9275=COLOUR_RGB('',0.823529481887817,0.823529481887817,0.784313797950745);
#9276=CARTESIAN_POINT('',(-1.24344978758018E-14,74.449999999984,5.8000000000063));
#9277=VECTOR('',#10285,1.0);
#9278=COLOUR_RGB('',0.823529481887817,0.823529481887817,0.784313797950745);
#9279=CARTESIAN_POINT('',(2.99999999668006,74.4499999999889,-13.349981769366));
#9280=VECTOR('',#10286,1.0);
#9281=COLOUR_RGB('',1.0,0.839215755462646,0.301960796117783);
#9282=COLOUR_RGB('',1.0,0.839215755462646,0.301960796117783);
#9283=CARTESIAN_POINT('',(13.2999999966801,77.8860711969047,16.900000000007));
#9284=CARTESIAN_POINT('',(13.2999999966801,45.9971140948203,16.8999999999989));
#9285=VECTOR('',#10287,1.0);
#9286=CARTESIAN_POINT('',(2.99999999668006,77.8860711969047,16.900000000007));
#9287=CARTESIAN_POINT('',(-1.4210854715202E-14,77.8860711969047,16.9000000000071));
#9288=VECTOR('',#10288,1.0);
#9289=CARTESIAN_POINT('',(2.99999999668006,45.9971140948203,16.8999999999992));
#9290=VECTOR('',#10289,1.0);
#9291=COLOUR_RGB('',0.823529481887817,0.823529481887817,0.784313797950745);
#9292=CARTESIAN_POINT('',(2.99999999668007,76.8000000000532,16.2999997953273));
#9293=CARTESIAN_POINT('',(2.99999999668006,76.7999999996704,-26.0355767875781));
#9294=VECTOR('',#10290,1.0);
#9295=CARTESIAN_POINT('',(2.99999999668006,45.9971140948205,16.2999998008672));
#9296=VECTOR('',#10291,1.0);
#9297=COLOUR_RGB('',0.823529481887817,0.823529481887817,0.784313797950745);
#9298=CARTESIAN_POINT('',(2.99999999668007,76.8468403578336,16.2999997953189));
#9299=CARTESIAN_POINT('',(2.99999999668006,45.9971140948205,16.2999998008672));
#9300=VECTOR('',#10292,1.0);
#9301=CARTESIAN_POINT('',(13.2999999966801,76.8468403578336,16.2999997953189));
#9302=CARTESIAN_POINT('',(-1.4210854715202E-14,76.8468403578336,16.2999997953189));
#9303=VECTOR('',#10293,1.0);
#9304=CARTESIAN_POINT('',(13.2999999966801,45.9971140948205,16.2999998008672));
#9305=VECTOR('',#10294,1.0);
#9306=COLOUR_RGB('',0.823529481887817,0.823529481887817,0.784313797950745);
#9307=CARTESIAN_POINT('',(2.99999999668007,45.997114094825,-1.511097967066));
#9308=VECTOR('',#10295,1.0);
#9309=CARTESIAN_POINT('',(13.29999999668,45.997114094825,-1.511097967066));
#9310=VECTOR('',#10296,1.0);
#9311=COLOUR_RGB('',1.0,0.839215755462646,0.301960796117783);
#9312=CARTESIAN_POINT('',(9.39999999498766,77.9999999999901,23.9999999999844));
#9313=CARTESIAN_POINT('',(9.39999999498766,77.9999999999901,23.9999999999844));
#9314=VECTOR('',#10297,1.0);
#9315=CARTESIAN_POINT('',(9.39999999498766,77.9999999999901,27.5999999999844));
#9316=CARTESIAN_POINT('',(9.39999999498767,77.9999999999901,-12.9000000000212));
#9317=VECTOR('',#10298,1.0);
#9318=CARTESIAN_POINT('',(9.39999999498766,77.9999999999901,27.5999999999844));
#9319=VECTOR('',#10299,1.0);
#9320=COLOUR_RGB('',1.0,0.839215755462646,0.301960796117783);
#9321=CARTESIAN_POINT('',(6.89999999498766,77.9999999999905,27.5999999999844));
#9322=CARTESIAN_POINT('',(9.39999999498766,77.9999999999901,27.5999999999844));
#9323=VECTOR('',#10300,1.0);
#9324=CARTESIAN_POINT('',(6.89999999498766,77.9999999999905,27.5999999999844));
#9325=VECTOR('',#10301,1.0);
#9326=COLOUR_RGB('',1.0,0.839215755462646,0.301960796117783);
#9327=CARTESIAN_POINT('',(6.89999999498766,77.9999999999905,23.9999999999844));
#9328=CARTESIAN_POINT('',(6.89999999498767,77.9999999999905,-12.9000000000212));
#9329=VECTOR('',#10302,1.0);
#9330=CARTESIAN_POINT('',(6.89999999498766,77.9999999999905,23.9999999999844));
#9331=VECTOR('',#10303,1.0);
#9332=COLOUR_RGB('',1.0,0.839215755462646,0.301960796117783);
#9333=CARTESIAN_POINT('',(9.39999999498766,77.9999999999901,23.9999999999844));
#9334=VECTOR('',#10304,1.0);
#9335=COLOUR_RGB('',1.0,0.839215755462646,0.301960796117783);
#9336=COLOUR_RGB('',0.823529481887817,0.823529481887817,0.784313797950745);
#9337=CARTESIAN_POINT('',(5.71411618349237,17.4442957110084,33.806214765052));
#9338=CARTESIAN_POINT('',(8.92397568848809,-17.6578881714292,13.5399594598134));
#9339=VECTOR('',#10305,1.0);
#9340=CARTESIAN_POINT('',(-41.6200000028351,17.4442957110085,33.8062147650521));
#9341=VECTOR('',#10306,1.0);
#9342=COLOUR_RGB('',0.823529481887817,0.823529481887817,0.784313797950745);
#9343=CARTESIAN_POINT('',(5.42999999716349,18.4442957113315,35.6000537666496));
#9344=CARTESIAN_POINT('',(5.8055594827492,18.4442957109044,33.2288644956822));
#9345=CARTESIAN_POINT('',(13.72196767406,18.4442957019018,-16.7533697129929));
#9346=VECTOR('',#10307,1.0);
#9347=CARTESIAN_POINT('',(-41.6200000028351,18.4442957109045,33.2288644956823));
#9348=VECTOR('',#10308,1.0);
#9349=CARTESIAN_POINT('',(-41.6200000028351,18.4442957113316,35.6000537666497));
#9350=VECTOR('',#10309,1.0);
#9351=COLOUR_RGB('',0.823529481887817,0.823529481887817,0.784313797950745);
#9352=CARTESIAN_POINT('',(5.42999999716349,17.4442957113315,35.6000537668297));
#9353=CARTESIAN_POINT('',(5.42999999716344,2.55997592120871,35.6000537695108));
#9354=VECTOR('',#10310,1.0);
#9355=CARTESIAN_POINT('',(-41.6200000028351,17.4442957113316,35.6000537668298));
#9356=VECTOR('',#10311,1.0);
#9357=COLOUR_RGB('',0.823529481887817,0.823529481887817,0.784313797950745);
#9358=CARTESIAN_POINT('',(10.3807131696251,17.4442957057012,4.3424809754782));
#9359=VECTOR('',#10312,1.0);
#9360=COLOUR_RGB('',0.823529481887817,0.823529481887817,0.784313797950745);
#9361=CARTESIAN_POINT('',(9.03231702643267,-16.8426807022797,12.8559191731171));
#9362=VECTOR('',#10313,1.0);
#9363=COLOUR_RGB('',0.823529481887817,0.823529481887817,0.784313797950745);
#9364=COLOUR_RGB('',0.823529481887817,0.823529481887817,0.784313797950745);
#9365=CARTESIAN_POINT('',(5.68389281400718,50.2557040957283,33.2288644956722));
#9366=CARTESIAN_POINT('',(4.5222947163842,43.904237628615,36.8958853686836));
#9367=VECTOR('',#10314,1.0);
#9368=CARTESIAN_POINT('',(-41.6200000028351,50.2557040957283,33.2288644956722));
#9369=VECTOR('',#10315,1.0);
#9370=COLOUR_RGB('',0.823529481887817,0.823529481887817,0.784313797950745);
#9371=CARTESIAN_POINT('',(5.775336113264,51.2557040956243,33.806214765042));
#9372=CARTESIAN_POINT('',(-41.6200000028351,51.2557040956244,33.806214765042));
#9373=VECTOR('',#10316,1.0);
#9374=CARTESIAN_POINT('',(5.63328599475614,51.2557040953013,35.5999530668197));
#9375=CARTESIAN_POINT('',(-41.6200000028351,51.2557040953013,35.5999530668198));
#9376=VECTOR('',#10317,1.0);
#9377=CARTESIAN_POINT('',(11.9207796733228,51.2557041096019,-43.7953924063013));
#9378=VECTOR('',#10318,1.0);
#9379=COLOUR_RGB('',0.823529481887817,0.823529481887817,0.784313797950745);
#9380=CARTESIAN_POINT('',(4.55022216656723,44.5569412733018,37.6737472821385));
#9381=VECTOR('',#10319,1.0);
#9382=CARTESIAN_POINT('',(5.4961210458709,50.2557040953013,35.5999530666396));
#9383=CARTESIAN_POINT('',(4.47576706897361,42.8168213108148,35.5999530652997));
#9384=VECTOR('',#10320,1.0);
#9385=CARTESIAN_POINT('',(11.7171645616828,50.25570410945,-42.9562927749965));
#9386=VECTOR('',#10321,1.0);
#9387=COLOUR_RGB('',0.823529481887817,0.823529481887817,0.784313797950745);
#9388=COLOUR_RGB('',0.823529481887817,0.823529481887817,0.784313797950745);
#9389=CARTESIAN_POINT('',(-41.6200000028351,50.2557040953013,35.5999530666397));
#9390=VECTOR('',#10322,1.0);
#9391=COLOUR_RGB('',0.823529481887817,0.823529481887817,0.784313797950745);
#9392=COLOUR_RGB('',1.0,0.839215755462646,0.301960796117783);
#9393=COLOUR_RGB('',1.0,0.839215755462646,0.301960796117783);
#9394=COLOUR_RGB('',1.0,0.839215755462646,0.301960796117783);
#9395=COLOUR_RGB('',1.0,0.839215755462646,0.301960796117783);
#9396=DIRECTION('',(1.66277322067376E-16,2.37749389902766E-13,1.0));
#9397=CARTESIAN_POINT('',(4.14999999883995,55.3499999892088,27.874594705135));
#9398=DIRECTION('',(-1.46791535932058E-17,0.906307787036752,0.422618261740481));
#9399=DIRECTION('',(1.90311727329102E-16,-0.422618261740481,0.906307787036752));
#9400=CARTESIAN_POINT('',(4.14999999883995,55.3499999892097,31.4423719648123));
#9401=DIRECTION('',(-1.57643372624455E-16,0.499999999844211,0.866025403874384));
#9402=DIRECTION('',(-6.05600975214156E-16,0.866025403874384,-0.499999999844211));
#9403=CARTESIAN_POINT('',(4.14999999883995,55.3499999892092,29.4274331285838));
#9404=DIRECTION('',(0.766044443118978,1.52898799345374E-13,0.642787609686539));
#9405=DIRECTION('',(-0.642787609686539,1.82062460475221E-13,0.766044443118978));
#9406=DIRECTION('',(1.66277322067376E-16,2.37749389902766E-13,1.0));
#9407=CARTESIAN_POINT('',(4.14999999883995,55.3499999892122,42.1999999999994));
#9408=DIRECTION('',(1.66277322067375E-16,2.37749389902766E-13,1.0));
#9409=DIRECTION('',(-9.97818155697559E-17,1.0,-2.37749389902766E-13));
#9410=DIRECTION('',(-1.26917932630666E-16,-2.37735512114958E-13,-1.0));
#9411=CARTESIAN_POINT('',(4.14999999883994,56.3499999892128,42.1999999999994));
#9412=DIRECTION('',(-1.26917932630666E-16,-2.37735512114958E-13,-1.0));
#9413=DIRECTION('',(-2.00535325398687E-16,1.0,-2.37735512114958E-13));
#9414=DIRECTION('',(1.46597627349021E-16,2.37735512114958E-13,1.0));
#9415=CARTESIAN_POINT('',(4.14999999883994,56.3499999892097,29.4274331285836));
#9416=DIRECTION('',(0.766044443118978,1.52911549390419E-13,0.642787609686539));
#9417=DIRECTION('',(-0.642787609686539,1.82070333092084E-13,0.766044443118978));
#9418=DIRECTION('',(-1.66277322067376E-16,-2.37749389902766E-13,-1.0));
#9419=CARTESIAN_POINT('',(4.14999999883994,56.3499999892088,25.5977497558606));
#9420=DIRECTION('',(2.94619445950333E-16,-0.906307787036548,0.422618261740917));
#9421=DIRECTION('',(2.65514049702205E-18,0.422618261740917,0.906307787036548));
#9422=DIRECTION('',(1.66277322067483E-16,-2.5596191832733E-13,1.0));
#9423=CARTESIAN_POINT('',(12.29999999884,13.3500002400914,27.8745949140874));
#9424=DIRECTION('',(-3.78973429953283E-16,0.906307787036759,-0.422618261740465));
#9425=DIRECTION('',(6.74851296899255E-18,0.422618261740465,0.906307787036759));
#9426=CARTESIAN_POINT('',(12.29999999884,13.3500002400905,31.4423721737647));
#9427=DIRECTION('',(-5.95304115217236E-17,0.499999999844227,-0.866025403874374));
#9428=DIRECTION('',(-2.29444946844717E-16,-0.866025403874374,-0.499999999844227));
#9429=CARTESIAN_POINT('',(12.29999999884,13.3500002400911,28.9507319005013));
#9430=DIRECTION('',(0.766044443118978,1.64691628500713E-13,-0.642787609686539));
#9431=DIRECTION('',(-0.642787609686539,1.95941869243036E-13,-0.766044443118978));
#9432=DIRECTION('',(1.66277322067482E-16,-2.5596191832733E-13,1.0));
#9433=CARTESIAN_POINT('',(12.29999999884,13.3500002400878,42.1999999999998));
#9434=DIRECTION('',(-1.66277322067482E-16,2.5596191832733E-13,-1.0));
#9435=DIRECTION('',(3.34565752857927E-16,-1.0,-2.5596191832733E-13));
#9436=DIRECTION('',(-1.66277322067483E-16,2.5596191832733E-13,-1.0));
#9437=CARTESIAN_POINT('',(12.29999999884,12.3500002400872,42.1999999999998));
#9438=DIRECTION('',(1.66277322067482E-16,-2.5596191832733E-13,1.0));
#9439=DIRECTION('',(-3.34565752857927E-16,1.0,2.5596191832733E-13));
#9440=DIRECTION('',(-1.66277322067482E-16,2.5596191832733E-13,-1.0));
#9441=CARTESIAN_POINT('',(12.29999999884,12.3500002400906,28.950731900501));
#9442=DIRECTION('',(0.766044443118978,1.64699339751858E-13,-0.642787609686539));
#9443=DIRECTION('',(-0.642787609686539,1.95958915933104E-13,-0.766044443118978));
#9444=CARTESIAN_POINT('',(12.29999999884,12.3500002400915,25.5977499648129));
#9445=DIRECTION('',(9.90331375960655E-17,-0.906307787036541,-0.422618261740934));
#9446=DIRECTION('',(2.29646636065638E-16,-0.422618261740934,0.906307787036541));
#9447=DIRECTION('',(1.66277322067483E-16,-2.5596191832733E-13,1.0));
#9448=CARTESIAN_POINT('',(4.14999999883996,13.3500002400914,27.8745949140874));
#9449=DIRECTION('',(-3.78973429953283E-16,0.906307787036759,-0.422618261740465));
#9450=DIRECTION('',(6.74851296899255E-18,0.422618261740465,0.906307787036759));
#9451=CARTESIAN_POINT('',(4.14999999883996,13.3500002400905,31.4423721737647));
#9452=DIRECTION('',(-5.95304115217236E-17,0.499999999844227,-0.866025403874374));
#9453=DIRECTION('',(-2.29444946844717E-16,-0.866025403874374,-0.499999999844227));
#9454=CARTESIAN_POINT('',(4.14999999883996,13.3500002400911,28.9507319005013));
#9455=DIRECTION('',(0.766044443118978,1.64691628500713E-13,-0.642787609686539));
#9456=DIRECTION('',(-0.642787609686539,1.95941869243036E-13,-0.766044443118978));
#9457=DIRECTION('',(1.66277322067482E-16,-2.5596191832733E-13,1.0));
#9458=CARTESIAN_POINT('',(4.14999999883996,13.3500002400878,42.1999999999996));
#9459=DIRECTION('',(-1.66277322067482E-16,2.5596191832733E-13,-1.0));
#9460=DIRECTION('',(3.34565752857927E-16,-1.0,-2.5596191832733E-13));
#9461=DIRECTION('',(-1.26917932630773E-16,2.55948040539523E-13,-1.0));
#9462=CARTESIAN_POINT('',(4.14999999883996,12.3500002400872,42.1999999999996));
#9463=DIRECTION('',(1.26917932630773E-16,-2.55948040539522E-13,1.0));
#9464=DIRECTION('',(2.33812243028996E-16,-1.0,-2.55948040539522E-13));
#9465=DIRECTION('',(1.46597627349127E-16,-2.55948040539522E-13,1.0));
#9466=CARTESIAN_POINT('',(4.14999999883995,12.3500002400906,28.950731900501));
#9467=DIRECTION('',(0.766044443118978,1.64699339751858E-13,-0.642787609686539));
#9468=DIRECTION('',(-0.642787609686539,1.95958915933104E-13,-0.766044443118978));
#9469=DIRECTION('',(-1.66277322067483E-16,2.5596191832733E-13,-1.0));
#9470=CARTESIAN_POINT('',(4.14999999883995,12.3500002400915,25.5977499648129));
#9471=DIRECTION('',(9.90331375960655E-17,-0.906307787036541,-0.422618261740934));
#9472=DIRECTION('',(1.86218354857327E-16,-0.422618261740934,0.906307787036541));
#9473=DIRECTION('',(-0.0,1.50220255530364E-16,1.0));
#9474=CARTESIAN_POINT('',(11.5500000016797,47.1722222098058,32.9908909559213));
#9475=DIRECTION('',(7.92068790126136E-17,0.704353960751426,-0.709848926162306));
#9476=DIRECTION('',(7.98248056300977E-17,0.709848926162306,0.704353960751426));
#9477=DIRECTION('',(0.0,-1.50220255530364E-16,-1.0));
#9478=CARTESIAN_POINT('',(11.5500000016797,47.1722222098058,42.1999999999994));
#9479=DIRECTION('',(-3.05352588438755E-48,-1.50220255530364E-16,-1.0));
#9480=DIRECTION('',(1.2850908544456E-16,1.0,-1.50220255530364E-16));
#9481=DIRECTION('',(-0.0,1.50220255530364E-16,1.0));
#9482=CARTESIAN_POINT('',(4.15000000167974,47.1722222098058,32.9908909559213));
#9483=DIRECTION('',(-7.92068790126136E-17,-0.704353960751426,0.709848926162306));
#9484=DIRECTION('',(-7.98248056300977E-17,-0.709848926162306,-0.704353960751426));
#9485=DIRECTION('',(0.0,-1.50220255530364E-16,-1.0));
#9486=CARTESIAN_POINT('',(4.15000000167974,47.1722222098058,42.1999999999994));
#9487=DIRECTION('',(-3.05352588438755E-48,-1.50220255530364E-16,-1.0));
#9488=DIRECTION('',(1.2850908544456E-16,1.0,-1.50220255530364E-16));
#9489=DIRECTION('',(1.0,3.27010842385319E-13,1.8156945863841E-14));
#9490=CARTESIAN_POINT('',(5.80000000002651,0.900000000000908,4.04999999999871));
#9491=DIRECTION('',(1.0,3.27010842385319E-13,1.8156945863841E-14));
#9492=DIRECTION('',(-3.27010842385319E-13,1.0,-1.502202555363E-16));
#9493=DIRECTION('',(1.0,-2.7755575615629E-17,-9.5493125345907E-17));
#9494=CARTESIAN_POINT('',(-4.44089209850063E-15,0.899999999999913,4.0499999999965));
#9495=DIRECTION('',(1.0,1.11347563114262E-16,-4.45325271601002E-18));
#9496=DIRECTION('',(-1.11347563114261E-16,1.0,2.55948040539522E-13));
#9497=DIRECTION('',(1.0,-2.7755575615629E-17,-9.5493125345907E-17));
#9498=CARTESIAN_POINT('',(16.3,0.900000000004312,4.04999999999891));
#9499=DIRECTION('',(1.0,3.27010842385319E-13,1.8156945863841E-14));
#9500=DIRECTION('',(-3.27010842385319E-13,1.0,-1.502202555363E-16));
#9501=DIRECTION('',(1.80344811839262E-14,-1.50220255524467E-16,-1.0));
#9502=CARTESIAN_POINT('',(4.15000000167975,21.5277780195159,42.1999999999996));
#9503=DIRECTION('',(-1.80344811839262E-14,1.50220255524467E-16,1.0));
#9504=DIRECTION('',(3.17927294042772E-16,-1.0,1.50220255524472E-16));
#9505=DIRECTION('',(1.80344811839262E-14,-1.50220255524467E-16,-1.0));
#9506=CARTESIAN_POINT('',(4.15000000167992,21.5277780195159,32.9874805183487));
#9507=DIRECTION('',(6.73816719124854E-17,-0.70435396075143,-0.709848926162302));
#9508=DIRECTION('',(-2.55363799719212E-14,-0.709848926162302,0.70435396075143));
#9509=DIRECTION('',(-1.0,-9.4709104299106E-17,-2.4492935982947E-16));
#9510=CARTESIAN_POINT('',(16.3,19.6521397485339,11.884821150281));
#9511=DIRECTION('',(1.0,9.4709104299106E-17,2.4492935982947E-16));
#9512=DIRECTION('',(-9.4709104299106E-17,1.0,-1.50220255530364E-16));
#9513=DIRECTION('',(1.0,9.4709104299106E-17,2.4492935982947E-16));
#9514=CARTESIAN_POINT('',(4.44089209850063E-15,19.6521397485339,11.884821150281));
#9515=DIRECTION('',(1.0,9.4709104299106E-17,2.4492935982947E-16));
#9516=DIRECTION('',(-9.4709104299106E-17,1.0,-1.50220255530364E-16));
#9517=DIRECTION('',(-1.66277322067375E-16,-2.37749389902766E-13,-1.0));
#9518=CARTESIAN_POINT('',(6.87999999883995,51.3299999892122,42.1999999999994));
#9519=DIRECTION('',(-1.66277322067375E-16,-2.37749389902766E-13,-1.0));
#9520=DIRECTION('',(-9.97818155697269E-17,1.0,-2.37749389902766E-13));
#9521=DIRECTION('',(1.66277322067374E-16,2.37749389902766E-13,1.0));
#9522=DIRECTION('',(1.66277322067376E-16,2.37749389902766E-13,1.0));
#9523=CARTESIAN_POINT('',(12.2999999988399,55.3499999892088,27.874594705135));
#9524=DIRECTION('',(-1.46791535932058E-17,0.906307787036752,0.422618261740481));
#9525=DIRECTION('',(1.90311727329102E-16,-0.422618261740481,0.906307787036752));
#9526=CARTESIAN_POINT('',(12.2999999988399,55.3499999892097,31.4423719648123));
#9527=DIRECTION('',(-1.57643372624455E-16,0.499999999844211,0.866025403874384));
#9528=DIRECTION('',(-6.05600975214156E-16,0.866025403874384,-0.499999999844211));
#9529=DIRECTION('',(1.66277322067376E-16,2.37749389902766E-13,1.0));
#9530=CARTESIAN_POINT('',(12.2999999988399,55.3499999892092,29.4274331285838));
#9531=DIRECTION('',(0.766044443118978,1.52898799345374E-13,0.642787609686539));
#9532=DIRECTION('',(-0.642787609686539,1.82062460475221E-13,0.766044443118978));
#9533=DIRECTION('',(1.66277322067376E-16,2.37749389902766E-13,1.0));
#9534=CARTESIAN_POINT('',(12.29999999884,55.3499999892122,42.1999999999994));
#9535=DIRECTION('',(1.66277322067375E-16,2.37749389902766E-13,1.0));
#9536=DIRECTION('',(-9.97818155697559E-17,1.0,-2.37749389902766E-13));
#9537=DIRECTION('',(-1.66277322067482E-16,2.55978231525494E-13,-1.0));
#9538=CARTESIAN_POINT('',(6.87999999883996,17.3700002400878,42.1999999999997));
#9539=DIRECTION('',(1.66277322067482E-16,-2.55978231525493E-13,1.0));
#9540=DIRECTION('',(3.34565752857956E-16,-1.0,-2.55978231525493E-13));
#9541=DIRECTION('',(1.66277322067482E-16,-2.55978231525494E-13,1.0));
#9542=DIRECTION('',(-1.0,-9.47091042991061E-17,-1.22464679914735E-16));
#9543=CARTESIAN_POINT('',(16.3,-30.6722391089,15.9669788759785));
#9544=DIRECTION('',(1.0,9.47091042991061E-17,1.22464679914735E-16));
#9545=DIRECTION('',(-5.17322007387838E-17,0.949996010420321,-0.312262037695065));
#9546=DIRECTION('',(1.0,9.4709104299106E-17,1.22464679914735E-16));
#9547=CARTESIAN_POINT('',(1.24344978758018E-14,-30.6722391089,15.9669788759785));
#9548=DIRECTION('',(1.0,9.47091042991061E-17,1.22464679914735E-16));
#9549=DIRECTION('',(-5.17322007387838E-17,0.949996010420321,-0.312262037695065));
#9550=DIRECTION('',(1.0,9.4709104299106E-17,1.22464679914735E-16));
#9551=CARTESIAN_POINT('',(5.80000000003663,-30.6722391089,15.9669788759785));
#9552=DIRECTION('',(1.0,3.27010842385319E-13,1.81569458638411E-14));
#9553=DIRECTION('',(-3.04989270716479E-13,0.949996010420321,-0.312262037695065));
#9554=DIRECTION('',(-1.0,-9.4709104299106E-17,-2.4492935982947E-16));
#9555=CARTESIAN_POINT('',(16.3,-13.5185058345945,20.6999999999983));
#9556=DIRECTION('',(1.0,9.4709104299106E-17,2.4492935982947E-16));
#9557=DIRECTION('',(-9.4709104299106E-17,1.0,-1.50220255530364E-16));
#9558=DIRECTION('',(1.0,9.4709104299106E-17,2.4492935982947E-16));
#9559=CARTESIAN_POINT('',(2.66453525910038E-15,-13.5185058345945,20.6999999999983));
#9560=DIRECTION('',(1.0,9.4709104299106E-17,2.4492935982947E-16));
#9561=DIRECTION('',(-9.4709104299106E-17,1.0,-1.50220255530364E-16));
#9562=DIRECTION('',(-1.66277322067376E-16,-2.37749389902766E-13,-1.0));
#9563=CARTESIAN_POINT('',(12.2999999988399,56.3499999892128,42.1999999999994));
#9564=DIRECTION('',(-1.66277322067375E-16,-2.37749389902766E-13,-1.0));
#9565=DIRECTION('',(9.97818155697559E-17,-1.0,2.37749389902766E-13));
#9566=DIRECTION('',(-1.66277322067376E-16,-2.37749389902766E-13,-1.0));
#9567=CARTESIAN_POINT('',(12.2999999988399,56.3499999892097,29.4274331285836));
#9568=DIRECTION('',(0.766044443118978,1.52898799345374E-13,0.642787609686539));
#9569=DIRECTION('',(-0.642787609686539,1.82062460475221E-13,0.766044443118978));
#9570=DIRECTION('',(-1.66277322067376E-16,-2.37749389902766E-13,-1.0));
#9571=CARTESIAN_POINT('',(12.2999999988399,56.3499999892076,20.4999995804387));
#9572=DIRECTION('',(-1.66277322067376E-16,-2.37749389902766E-13,-1.0));
#9573=DIRECTION('',(9.97818155697559E-17,-1.0,2.37749389902766E-13));
#9574=CARTESIAN_POINT('',(12.2999999988399,56.3499999892088,25.5977497558606));
#9575=DIRECTION('',(2.94619445950333E-16,-0.906307787036548,0.422618261740917));
#9576=DIRECTION('',(4.60834217053331E-17,0.422618261740917,0.906307787036548));
#9577=DIRECTION('',(1.80344811839262E-14,-1.50220255524467E-16,-1.0));
#9578=CARTESIAN_POINT('',(11.5500000016798,21.5277780195159,42.1999999999997));
#9579=DIRECTION('',(-1.80344811839262E-14,1.50220255524467E-16,1.0));
#9580=DIRECTION('',(3.17927294042772E-16,-1.0,1.50220255524472E-16));
#9581=DIRECTION('',(1.80344811839262E-14,-1.50220255524467E-16,-1.0));
#9582=CARTESIAN_POINT('',(11.5500000016799,21.5277780195159,32.9917067697234));
#9583=DIRECTION('',(6.73816719124854E-17,-0.70435396075143,-0.709848926162302));
#9584=DIRECTION('',(-2.55363799719212E-14,-0.709848926162302,0.70435396075143));
#9585=DIRECTION('',(-2.17173784213842E-16,1.0,-1.50220255530364E-16));
#9586=DIRECTION('',(5.9537590228219E-17,-0.258819045102995,-0.965925826288941));
#9587=CARTESIAN_POINT('',(4.44089209850063E-15,19.6521397485339,11.884821150281));
#9588=DIRECTION('',(1.0,9.4709104299106E-17,2.4492935982947E-16));
#9589=DIRECTION('',(-9.4709104299106E-17,1.0,-1.50220255530364E-16));
#9590=CARTESIAN_POINT('',(4.44089209850063E-15,19.5823262604299,11.7999999999982));
#9591=DIRECTION('',(1.0,9.4709104299106E-17,2.4492935982947E-16));
#9592=DIRECTION('',(-9.4709104299106E-17,1.0,-1.50220255530364E-16));
#9593=DIRECTION('',(5.95375902282297E-17,-0.258819045103168,-0.965925826288895));
#9594=DIRECTION('',(0.0,1.50220255530364E-16,1.0));
#9595=DIRECTION('',(1.98563656391023E-16,-0.96592582628904,0.258819045102626));
#9596=DIRECTION('',(0.0,1.50220255530364E-16,1.0));
#9597=CARTESIAN_POINT('',(5.32907051820075E-15,9.10602732062471,5.5153717882958));
#9598=DIRECTION('',(1.0,9.4709104299106E-17,2.4492935982947E-16));
#9599=DIRECTION('',(-9.4709104299106E-17,1.0,-1.50220255530364E-16));
#9600=DIRECTION('',(-2.17173784213842E-16,1.0,-1.50220255530364E-16));
#9601=DIRECTION('',(4.88847242204146E-29,-2.56411534792041E-13,-1.0));
#9602=DIRECTION('',(2.17173784213842E-16,-1.0,1.50220255530364E-16));
#9603=DIRECTION('',(2.17173784213858E-16,-1.0,1.71818455438195E-13));
#9604=DIRECTION('',(-9.36772324949952E-31,1.90369234002618E-15,-1.0));
#9605=CARTESIAN_POINT('',(2.66453525910038E-15,-13.5185058345945,20.6999999999983));
#9606=DIRECTION('',(1.0,9.4709104299106E-17,2.4492935982947E-16));
#9607=DIRECTION('',(-9.4709104299106E-17,1.0,-1.50220255530364E-16));
#9608=DIRECTION('',(-9.36772324949952E-31,1.90369234002618E-15,-1.0));
#9609=DIRECTION('',(-9.5505338842326E-17,0.422618261740747,0.906307787036628));
#9610=DIRECTION('',(-2.15122415801755E-16,0.999751764162348,-0.0222802615396178));
#9611=DIRECTION('',(-9.55053388423242E-17,0.4226182617407,0.90630778703665));
#9612=DIRECTION('',(-1.72857666657494E-16,0.90630778703665,-0.4226182617407));
#9613=DIRECTION('',(9.55053388423263E-17,-0.422618261740753,-0.906307787036625));
#9614=DIRECTION('',(-2.00613242273123E-16,0.90630778703665,-0.4226182617407));
#9615=DIRECTION('',(9.55053388423242E-17,-0.4226182617407,-0.90630778703665));
#9616=DIRECTION('',(1.36976419489167E-16,-0.65969571730883,0.751532807377288));
#9617=DIRECTION('',(9.55053388423202E-17,-0.422618261740593,-0.9063077870367));
#9618=DIRECTION('',(2.17173784213842E-16,-1.0,1.5022025552447E-16));
#9619=DIRECTION('',(6.28451516746766E-17,-0.389303997086189,0.921109330021533));
#9620=DIRECTION('',(0.0,-1.50220255530364E-16,-1.0));
#9621=DIRECTION('',(-2.17173784213841E-16,1.0,9.10626421228188E-15));
#9622=DIRECTION('',(0.0,1.50220255530364E-16,1.0));
#9623=DIRECTION('',(9.41628409009145E-17,-0.389303997098168,-0.92110933001647));
#9624=DIRECTION('',(-2.17173784213831E-16,1.0,1.20891845004228E-13));
#9625=DIRECTION('',(6.47650255193375E-17,-0.402320578211921,0.915498854366965));
#9626=DIRECTION('',(2.17173784213842E-16,-1.0,1.50220255530364E-16));
#9627=DIRECTION('',(0.0,-1.50220255530364E-16,-1.0));
#9628=DIRECTION('',(-2.17173784213847E-16,1.0,-5.81316177165792E-14));
#9629=DIRECTION('',(0.0,-1.50220255530364E-16,-1.0));
#9630=DIRECTION('',(2.17173784213842E-16,-1.0,1.50220255530364E-16));
#9631=DIRECTION('',(9.4708544534681E-17,-0.402320578212711,-0.915498854366618));
#9632=DIRECTION('',(-2.17173784213842E-16,1.0,-1.50220255530364E-16));
#9633=DIRECTION('',(-1.26676356092446E-16,0.55470019622523,0.832050294337843));
#9634=DIRECTION('',(-2.17173784213842E-16,1.0,-1.50220255530364E-16));
#9635=DIRECTION('',(-9.5568557679989E-17,0.422618261740593,-0.9063077870367));
#9636=DIRECTION('',(-1.54515415197157E-16,0.65969571730883,0.751532807377288));
#9637=DIRECTION('',(-6.78129820643761E-17,0.4226182617407,-0.90630778703665));
#9638=DIRECTION('',(1.93102560111E-16,-0.90630778703665,-0.4226182617407));
#9639=DIRECTION('',(-6.78129820643847E-17,0.422618261740753,-0.906307787036625));
#9640=DIRECTION('',(1.93102560111E-16,-0.90630778703665,-0.4226182617407));
#9641=DIRECTION('',(9.55685576800051E-17,-0.4226182617407,0.90630778703665));
#9642=DIRECTION('',(2.17110059045533E-16,-0.999751764162348,-0.0222802615396175));
#9643=DIRECTION('',(6.78129820643835E-17,-0.422618261740747,0.906307787036628));
#9644=DIRECTION('',(2.4492935982947E-16,-1.50220255530364E-16,-1.0));
#9645=DIRECTION('',(-1.95036965625875E-16,0.989015863361917,0.14780941112961));
#9646=DIRECTION('',(-2.17173784213842E-16,1.0,-1.50220255530364E-16));
#9647=CARTESIAN_POINT('',(-1.33226762955019E-14,59.9939726793771,5.51537178829579));
#9648=DIRECTION('',(-1.0,-9.4709104299106E-17,-1.22464679914735E-16));
#9649=DIRECTION('',(9.4709104299106E-17,-1.0,1.50220255530364E-16));
#9650=DIRECTION('',(1.91841111388435E-28,-6.9037587466499E-13,-1.0));
#9651=DIRECTION('',(1.92567100380595E-16,-0.965925826289086,-0.258819045102457));
#9652=DIRECTION('',(0.0,-1.50220255530364E-16,-1.0));
#9653=DIRECTION('',(-9.4709104299106E-17,1.0,-1.50220255530364E-16));
#9654=DIRECTION('',(1.22464679914735E-16,-1.50220255530364E-16,-1.0));
#9655=DIRECTION('',(1.23178161341523E-16,-0.965925826289086,-0.258819045102457));
#9656=DIRECTION('',(1.224646799148E-16,-6.9037587466499E-13,-1.0));
#9657=CARTESIAN_POINT('',(16.3,59.9939726793771,5.51537178829579));
#9658=DIRECTION('',(-1.0,-9.4709104299106E-17,-1.22464679914735E-16));
#9659=DIRECTION('',(9.4709104299106E-17,-1.0,1.50220255530364E-16));
#9660=DIRECTION('',(-9.4709104299106E-17,1.0,-1.50220255530364E-16));
#9661=DIRECTION('',(-1.11770238778988E-16,0.989015863361917,0.14780941112961));
#9662=DIRECTION('',(-2.4492935982947E-16,1.50220255530364E-16,1.0));
#9663=DIRECTION('',(-7.0964896013761E-17,-0.422618261740747,0.906307787036628));
#9664=DIRECTION('',(9.74141392031333E-17,-0.999751764162348,-0.0222802615396175));
#9665=DIRECTION('',(-7.09648960137682E-17,-0.4226182617407,0.90630778703665));
#9666=DIRECTION('',(1.37591408879742E-16,-0.90630778703665,-0.4226182617407));
#9667=DIRECTION('',(7.09648960137601E-17,0.422618261740753,-0.906307787036625));
#9668=DIRECTION('',(1.37591408879742E-16,-0.90630778703665,-0.4226182617407));
#9669=DIRECTION('',(7.09648960137682E-17,0.4226182617407,-0.90630778703665));
#9670=DIRECTION('',(-1.54515415197157E-16,0.65969571730883,0.751532807377288));
#9671=DIRECTION('',(7.09648960137844E-17,0.422618261740593,-0.9063077870367));
#9672=DIRECTION('',(-9.4709104299106E-17,1.0,-1.50220255530364E-16));
#9673=DIRECTION('',(-1.54431931708075E-16,0.55470019622523,0.832050294337843));
#9674=DIRECTION('',(-9.4709104299106E-17,1.0,-1.50220255530364E-16));
#9675=DIRECTION('',(1.50219695765939E-16,-0.402320578212711,-0.915498854366618));
#9676=DIRECTION('',(9.4709104299106E-17,-1.0,1.50220255530364E-16));
#9677=DIRECTION('',(1.22464679914735E-16,-1.50220255530364E-16,-1.0));
#9678=DIRECTION('',(-9.47091042990989E-17,1.0,-5.81316177165792E-14));
#9679=DIRECTION('',(1.22464679914735E-16,-1.50220255530364E-16,-1.0));
#9680=DIRECTION('',(9.4709104299106E-17,-1.0,1.50220255530364E-16));
#9681=DIRECTION('',(-7.40128525588074E-17,-0.402320578211921,0.915498854366965));
#9682=DIRECTION('',(-9.47091042991208E-17,1.0,1.20891845004228E-13));
#9683=DIRECTION('',(1.49673992132172E-16,-0.389303997098168,-0.92110933001647));
#9684=DIRECTION('',(1.22464679914735E-16,-1.50220255530364E-16,-1.0));
#9685=DIRECTION('',(-9.47091042991071E-17,1.0,9.10626421228188E-15));
#9686=DIRECTION('',(-1.22464679914735E-16,1.50220255530364E-16,1.0));
#9687=DIRECTION('',(-7.5932726403468E-17,-0.389303997086189,0.921109330021533));
#9688=DIRECTION('',(9.4709104299106E-17,-1.0,1.50220255524468E-16));
#9689=DIRECTION('',(1.51016490073578E-16,-0.422618261740593,-0.9063077870367));
#9690=DIRECTION('',(-2.9557034204606E-17,-0.65969571730883,0.751532807377288));
#9691=DIRECTION('',(1.51016490073582E-16,-0.4226182617407,-0.90630778703665));
#9692=DIRECTION('',(-3.40797885793493E-17,0.90630778703665,-0.4226182617407));
#9693=DIRECTION('',(1.51016490073584E-16,-0.422618261740753,-0.906307787036625));
#9694=DIRECTION('',(-3.40797885793493E-17,0.90630778703665,-0.4226182617407));
#9695=DIRECTION('',(-1.51016490073582E-16,0.4226182617407,0.90630778703665));
#9696=DIRECTION('',(-9.19570490074015E-17,0.999751764162348,-0.0222802615396178));
#9697=DIRECTION('',(-1.51016490073584E-16,0.422618261740747,0.906307787036628));
#9698=DIRECTION('',(1.22464679914735E-16,1.90369234002618E-15,-1.0));
#9699=CARTESIAN_POINT('',(16.3,-13.5185058345945,20.6999999999983));
#9700=DIRECTION('',(1.0,9.4709104299106E-17,2.4492935982947E-16));
#9701=DIRECTION('',(-9.4709104299106E-17,1.0,-1.50220255530364E-16));
#9702=DIRECTION('',(1.22464679914735E-16,1.90369234002618E-15,-1.0));
#9703=DIRECTION('',(9.4709104299085E-17,-1.0,1.71818455438195E-13));
#9704=CARTESIAN_POINT('',(16.3,-30.6722391089,15.9669788759785));
#9705=DIRECTION('',(1.0,9.47091042991061E-17,1.22464679914735E-16));
#9706=DIRECTION('',(-5.17322007387838E-17,0.949996010420321,-0.312262037695065));
#9707=DIRECTION('',(9.93471702512712E-30,-3.80692073671847E-14,1.0));
#9708=DIRECTION('',(-2.17173784213842E-16,1.0,-1.5022025552451E-16));
#9709=DIRECTION('',(0.0,-1.502202555363E-16,-1.0));
#9710=CARTESIAN_POINT('',(16.3,0.900000000004312,4.04999999999891));
#9711=DIRECTION('',(1.0,3.27010842385319E-13,1.8156945863841E-14));
#9712=DIRECTION('',(-3.27010842385319E-13,1.0,-1.502202555363E-16));
#9713=DIRECTION('',(4.88847242204146E-29,-2.56411534792041E-13,-1.0));
#9714=DIRECTION('',(-9.4709104299106E-17,1.0,-1.50220255530364E-16));
#9715=CARTESIAN_POINT('',(16.3,9.10602732062471,5.5153717882958));
#9716=DIRECTION('',(1.0,9.4709104299106E-17,2.4492935982947E-16));
#9717=DIRECTION('',(-9.4709104299106E-17,1.0,-1.50220255530364E-16));
#9718=DIRECTION('',(-1.22464679914735E-16,1.50220255530364E-16,1.0));
#9719=DIRECTION('',(5.97857783128792E-17,-0.96592582628904,0.258819045102626));
#9720=DIRECTION('',(-1.22464679914735E-16,1.50220255530364E-16,1.0));
#9721=DIRECTION('',(1.42804317075116E-16,-0.258819045103168,-0.965925826288895));
#9722=CARTESIAN_POINT('',(16.3,19.5823262604299,11.7999999999982));
#9723=DIRECTION('',(1.0,9.4709104299106E-17,2.4492935982947E-16));
#9724=DIRECTION('',(-9.4709104299106E-17,1.0,-1.50220255530364E-16));
#9725=CARTESIAN_POINT('',(16.3,19.6521397485339,11.884821150281));
#9726=DIRECTION('',(1.0,9.4709104299106E-17,2.4492935982947E-16));
#9727=DIRECTION('',(-9.4709104299106E-17,1.0,-1.50220255530364E-16));
#9728=DIRECTION('',(1.42804317075106E-16,-0.258819045102995,-0.965925826288941));
#9729=DIRECTION('',(-1.0,1.29263353279986E-17,0.0));
#9730=DIRECTION('',(1.0,9.4709104299106E-17,2.4492935982947E-16));
#9731=DIRECTION('',(1.0,9.4709104299106E-17,2.4492935982947E-16));
#9732=DIRECTION('',(-1.0,-9.4709104299106E-17,-2.4492935982947E-16));
#9733=DIRECTION('',(1.0,9.4709104299106E-17,2.4492935982947E-16));
#9734=DIRECTION('',(1.0,9.4709104299106E-17,2.4492935982947E-16));
#9735=CARTESIAN_POINT('',(11.5500000016799,21.5277780195159,32.9917067697234));
#9736=DIRECTION('',(6.73816719124854E-17,-0.70435396075143,-0.709848926162302));
#9737=DIRECTION('',(-2.55363799719212E-14,-0.709848926162302,0.70435396075143));
#9738=DIRECTION('',(1.80344811839262E-14,-1.50220255524467E-16,-1.0));
#9739=CARTESIAN_POINT('',(11.5500000016798,21.5277780195159,42.1999999999997));
#9740=DIRECTION('',(-1.80344811839262E-14,1.50220255524467E-16,1.0));
#9741=DIRECTION('',(3.17927294042772E-16,-1.0,1.50220255524472E-16));
#9742=DIRECTION('',(1.0,9.4709104299106E-17,2.4492935982947E-16));
#9743=CARTESIAN_POINT('',(12.2999999988399,56.3499999892088,25.5977497558606));
#9744=DIRECTION('',(2.94619445950333E-16,-0.906307787036548,0.422618261740917));
#9745=DIRECTION('',(4.60834217053331E-17,0.422618261740917,0.906307787036548));
#9746=CARTESIAN_POINT('',(12.2999999988399,56.3499999892096,28.9507316915487));
#9747=DIRECTION('',(-0.766044443118978,1.52659822598309E-13,0.642787609686539));
#9748=DIRECTION('',(-0.642787609686539,-1.82286502973603E-13,-0.766044443118978));
#9749=DIRECTION('',(-1.66277322067376E-16,-2.37749389902766E-13,-1.0));
#9750=CARTESIAN_POINT('',(12.2999999988399,56.3499999892128,42.1999999999994));
#9751=DIRECTION('',(-1.66277322067375E-16,-2.37749389902766E-13,-1.0));
#9752=DIRECTION('',(9.97818155697559E-17,-1.0,2.37749389902766E-13));
#9753=DIRECTION('',(-1.0,5.59153994504847E-13,-8.14697250813855E-13));
#9754=DIRECTION('',(1.0,5.92246637472131E-13,-4.96991345400806E-13));
#9755=DIRECTION('',(1.0,9.4709104299106E-17,2.4492935982947E-16));
#9756=DIRECTION('',(1.0,9.4709104299107E-17,2.09787696982213E-29));
#9757=CARTESIAN_POINT('',(5.80000000003663,-30.6722391089,15.9669788759785));
#9758=DIRECTION('',(1.0,3.27010842385319E-13,1.81569458638411E-14));
#9759=DIRECTION('',(-3.04989270716479E-13,0.949996010420321,-0.312262037695065));
#9760=DIRECTION('',(1.0,9.4709104299106E-17,1.22464679914735E-16));
#9761=DIRECTION('',(1.0,9.47091042952875E-17,2.01400996598949E-12));
#9762=DIRECTION('',(1.0,-5.59153994504847E-13,8.14697250813855E-13));
#9763=DIRECTION('',(1.0,1.1857638257474E-12,7.75810372296632E-13));
#9764=DIRECTION('',(-1.0,-8.89005231610151E-13,-1.39409513448614E-13));
#9765=DIRECTION('',(1.0,8.89005231610237E-13,1.39409513448575E-13));
#9766=DIRECTION('',(-1.0,-2.13571106707619E-13,1.30906364175319E-12));
#9767=DIRECTION('',(1.0,-1.23458811940738E-12,-6.33775904387942E-13));
#9768=DIRECTION('',(1.0,8.32407124556126E-13,1.80344811839261E-14));
#9769=DIRECTION('',(-1.0,-3.3963846412856E-16,-1.78750637557425E-15));
#9770=DIRECTION('',(3.3963846415706E-16,-1.0,1.80085874331024E-10));
#9771=DIRECTION('',(1.0,2.17173784213825E-16,1.78750637559631E-15));
#9772=DIRECTION('',(-3.3963846415706E-16,1.0,-1.80085874331024E-10));
#9773=DIRECTION('',(9.97818155697559E-17,-1.0,2.37749389902766E-13));
#9774=DIRECTION('',(1.88855622014036E-15,-1.0,2.35617611579778E-13));
#9775=DIRECTION('',(1.26917932643028E-16,-1.79886443948668E-10,1.0));
#9776=DIRECTION('',(-1.0,-3.23000005256431E-16,-3.12415630499057E-16));
#9777=DIRECTION('',(1.0,1.88855622014862E-15,-7.26184622941488E-16));
#9778=DIRECTION('',(1.66277322067481E-16,-2.55978231525494E-13,1.0));
#9779=CARTESIAN_POINT('',(6.87999999883996,17.3700002400878,42.1999999999997));
#9780=DIRECTION('',(1.66277322067482E-16,-2.55978231525493E-13,1.0));
#9781=DIRECTION('',(3.34565752857956E-16,-1.0,-2.55978231525493E-13));
#9782=DIRECTION('',(-1.80344811839262E-14,1.50220255524465E-16,1.0));
#9783=DIRECTION('',(1.0,3.36782783357541E-16,-2.39251774848023E-16));
#9784=DIRECTION('',(1.0,3.36782783357544E-16,1.80344811839262E-14));
#9785=DIRECTION('',(1.0,3.36782783357544E-16,1.80344811839262E-14));
#9786=DIRECTION('',(1.0,3.36782783357541E-16,-2.39251774848023E-16));
#9787=DIRECTION('',(-1.80344811839262E-14,1.50220255524465E-16,1.0));
#9788=DIRECTION('',(-7.39557098644699E-31,9.10626421228188E-15,-1.0));
#9789=DIRECTION('',(-7.39557098644699E-31,9.10626421228188E-15,-1.0));
#9790=DIRECTION('',(3.39638464128576E-16,-1.0,-9.10626421228188E-15));
#9791=DIRECTION('',(-1.0,-3.39638464128577E-16,-9.61424228238108E-31));
#9792=DIRECTION('',(3.39638464128576E-16,-1.0,-9.10626421228188E-15));
#9793=DIRECTION('',(-1.0,-3.39638464128577E-16,-9.61424228238108E-31));
#9794=DIRECTION('',(-3.39638464128576E-16,1.0,9.10626421228188E-15));
#9795=DIRECTION('',(-1.0,-3.39638464128577E-16,-9.61424228238108E-31));
#9796=DIRECTION('',(3.39638464128576E-16,-1.0,-9.10626421228188E-15));
#9797=DIRECTION('',(-1.0,-3.39638464128577E-16,-9.61424228238108E-31));
#9798=DIRECTION('',(-3.39638464128576E-16,1.0,9.10626421228188E-15));
#9799=DIRECTION('',(-1.0,-3.39638464128577E-16,-9.61424228238108E-31));
#9800=DIRECTION('',(1.0,2.17173784213842E-16,-2.46519032881566E-32));
#9801=DIRECTION('',(-3.39638464128576E-16,1.0,9.10626421228188E-15));
#9802=DIRECTION('',(1.0,2.17173784213842E-16,-2.46519032881566E-32));
#9803=DIRECTION('',(3.39638464128576E-16,-1.0,-9.10626421228188E-15));
#9804=DIRECTION('',(1.0,2.17173784213842E-16,-2.46519032881566E-32));
#9805=DIRECTION('',(-3.39638464128576E-16,1.0,9.10626421228188E-15));
#9806=DIRECTION('',(1.0,3.39638464128577E-16,9.61424228238108E-31));
#9807=DIRECTION('',(1.0,2.17173784213842E-16,-2.46519032881566E-32));
#9808=DIRECTION('',(-7.39557098644699E-31,9.10626421228188E-15,-1.0));
#9809=DIRECTION('',(3.3963846415706E-16,-1.0,1.80085874331024E-10));
#9810=DIRECTION('',(-7.39557098644699E-31,9.10626421228188E-15,-1.0));
#9811=DIRECTION('',(1.0,3.3963846412856E-16,1.78750637557425E-15));
#9812=DIRECTION('',(-3.3963846415706E-16,1.0,-1.80085874331024E-10));
#9813=DIRECTION('',(-1.0,-2.17173784213825E-16,-1.78750637559631E-15));
#9814=DIRECTION('',(0.766044443118978,-1.64459754534935E-13,0.642787609686539));
#9815=DIRECTION('',(2.33812243028996E-16,-1.0,-2.55703111179693E-13));
#9816=DIRECTION('',(-0.608120402411343,-0.608120402411213,-0.510273605374892));
#9817=DIRECTION('',(-0.763661085057074,-0.0788214823447391,-0.640787734815852));
#9818=DIRECTION('',(0.639085017437444,-0.551361805308253,0.536256002422543));
#9819=DIRECTION('',(-2.33812243028996E-16,1.0,2.55703111179693E-13));
#9820=DIRECTION('',(1.0,2.17173784213842E-16,-2.46519032881566E-32));
#9821=DIRECTION('',(-1.0,-4.43157097238742E-16,-2.44929359829512E-16));
#9822=DIRECTION('',(1.23739251700039E-14,0.709848926162302,-0.70435396075143));
#9823=DIRECTION('',(1.80344811839262E-14,-1.50220255524465E-16,-1.0));
#9824=DIRECTION('',(-4.2056915159552E-16,1.0,-1.50220255524474E-16));
#9825=DIRECTION('',(-1.80344811839262E-14,1.50220255524467E-16,1.0));
#9826=DIRECTION('',(-1.0,9.39899981307707E-17,-2.36296037921868E-16));
#9827=CARTESIAN_POINT('',(12.2999999988399,55.3499999892097,31.4423719648123));
#9828=DIRECTION('',(-1.57643372624455E-16,0.499999999844211,0.866025403874384));
#9829=DIRECTION('',(-6.05600975214156E-16,0.866025403874384,-0.499999999844211));
#9830=DIRECTION('',(-0.386879575353198,0.798588220401083,-0.461065123828685));
#9831=DIRECTION('',(-1.0,-3.23000005313432E-16,4.45325271600805E-18));
#9832=DIRECTION('',(1.94728737334803E-15,-0.866025403874384,0.499999999844211));
#9833=DIRECTION('',(-1.0,-9.4709104299106E-17,-2.4492935982947E-16));
#9834=DIRECTION('',(-7.39557098644699E-31,9.10626421228188E-15,-1.0));
#9835=DIRECTION('',(-7.39557098644699E-31,9.10626421228188E-15,-1.0));
#9836=DIRECTION('',(-7.39557098644699E-31,9.10626421228188E-15,-1.0));
#9837=DIRECTION('',(-1.0,-2.17173784213825E-16,-1.78750637559631E-15));
#9838=DIRECTION('',(-7.39557098644699E-31,9.10626421228188E-15,-1.0));
#9839=DIRECTION('',(-1.0,-3.39638464128577E-16,2.89756488789889E-16));
#9840=DIRECTION('',(-7.39557098644699E-31,9.10626421228188E-15,-1.0));
#9841=DIRECTION('',(1.0,3.3963846412856E-16,1.78750637557425E-15));
#9842=DIRECTION('',(-7.39557098644699E-31,9.10626421228188E-15,-1.0));
#9843=DIRECTION('',(-3.3963846415706E-16,1.0,-1.80085874331024E-10));
#9844=DIRECTION('',(3.3963846415706E-16,-1.0,1.80085874331024E-10));
#9845=DIRECTION('',(-1.0,-4.44121735915315E-15,3.07144435824191E-15));
#9846=CARTESIAN_POINT('',(5.39999999883997,16.8583221998226,-1.0321828738941));
#9847=DIRECTION('',(-1.0,-4.44121735915314E-15,3.0714443582419E-15));
#9848=DIRECTION('',(5.35366858805208E-15,-0.889659179954329,0.456625167421804));
#9849=CARTESIAN_POINT('',(6.4156463243578,16.8583221998226,-1.0321828738941));
#9850=DIRECTION('',(-0.470588235294121,-0.882352941176469,-2.25784897312108E-13));
#9851=DIRECTION('',(-0.882352941176469,0.470588235294121,1.23839553393853E-13));
#9852=CARTESIAN_POINT('',(7.54999999883992,16.8583221998226,-1.0321828738941));
#9853=DIRECTION('',(-1.0,-4.44121735915314E-15,3.0714443582419E-15));
#9854=DIRECTION('',(5.35366858805208E-15,-0.889659179954329,0.456625167421804));
#9855=DIRECTION('',(0.766044443118978,1.64583763979697E-13,-0.64278760968654));
#9856=DIRECTION('',(-2.33812243028996E-16,1.0,2.55703111179693E-13));
#9857=DIRECTION('',(0.766044443118978,1.64688793091178E-13,-0.64278760968654));
#9858=DIRECTION('',(5.25707687537568E-16,-1.0,-2.55948040539522E-13));
#9859=DIRECTION('',(-1.80344811839262E-14,1.50220255524465E-16,1.0));
#9860=DIRECTION('',(-1.28457699554696E-14,-0.709848926162302,0.70435396075143));
#9861=DIRECTION('',(-1.80344811839262E-14,1.50220255524467E-16,1.0));
#9862=DIRECTION('',(-2.31150942997307E-16,-1.0,1.50220255524462E-16));
#9863=DIRECTION('',(1.23739251700039E-14,0.709848926162302,-0.70435396075143));
#9864=DIRECTION('',(-1.0,-2.1717378421384E-16,1.2056867315785E-16));
#9865=DIRECTION('',(1.0,3.36782783357541E-16,-2.39251774848023E-16));
#9866=CARTESIAN_POINT('',(4.15000000167992,21.5277780195159,32.9874805183487));
#9867=DIRECTION('',(6.73816719124854E-17,-0.70435396075143,-0.709848926162302));
#9868=DIRECTION('',(-2.55363799719212E-14,-0.709848926162302,0.70435396075143));
#9869=DIRECTION('',(-4.2056915159552E-16,1.0,-1.50220255524474E-16));
#9870=DIRECTION('',(-1.80344811839262E-14,1.50220255524467E-16,1.0));
#9871=DIRECTION('',(-7.39557098644699E-31,9.10626421228188E-15,-1.0));
#9872=DIRECTION('',(-7.39557098644699E-31,9.10626421228188E-15,-1.0));
#9873=DIRECTION('',(1.0,2.17173784213825E-16,1.78750637559631E-15));
#9874=DIRECTION('',(-7.39557098644699E-31,9.10626421228188E-15,-1.0));
#9875=DIRECTION('',(-7.39557098644699E-31,9.10626421228188E-15,-1.0));
#9876=DIRECTION('',(3.3963846415706E-16,-1.0,1.80085874331024E-10));
#9877=DIRECTION('',(-7.39557098644699E-31,9.10626421228188E-15,-1.0));
#9878=DIRECTION('',(-1.0,-2.17173784213825E-16,-1.78750637559631E-15));
#9879=DIRECTION('',(-7.39557098644699E-31,9.10626421228188E-15,-1.0));
#9880=DIRECTION('',(-3.3963846415706E-16,1.0,-1.80085874331024E-10));
#9881=CARTESIAN_POINT('',(5.39999999883996,51.8416780294781,-1.032182873886));
#9882=DIRECTION('',(1.0,-4.00686979072545E-15,-3.071444358242E-15));
#9883=DIRECTION('',(-4.96724728650961E-15,-0.889659179954321,-0.45662516742182));
#9884=DIRECTION('',(-1.66277322067374E-16,-2.37749389902766E-13,-1.0));
#9885=DIRECTION('',(1.69884149234386E-14,0.866025403874497,-0.499999999844014));
#9886=DIRECTION('',(1.66277318510449E-16,-1.80109221640936E-10,1.0));
#9887=DIRECTION('',(1.97134290854704E-14,1.0,1.801211010273E-10));
#9888=DIRECTION('',(-1.66277318510449E-16,1.80119990804275E-10,-1.0));
#9889=DIRECTION('',(1.69884149234386E-14,0.866025403874498,-0.499999999844012));
#9890=DIRECTION('',(-1.66277322067374E-16,-2.37749389902766E-13,-1.0));
#9891=DIRECTION('',(-1.97134290854333E-14,-1.0,1.50220255530365E-16));
#9892=DIRECTION('',(1.66277322067272E-16,2.33252986653034E-13,1.0));
#9893=CARTESIAN_POINT('',(7.5499999988399,51.8416780294781,-1.032182873886));
#9894=DIRECTION('',(1.0,-4.00686979072545E-15,-3.071444358242E-15));
#9895=DIRECTION('',(-4.96724728650961E-15,-0.889659179954321,-0.45662516742182));
#9896=DIRECTION('',(-6.79557510300949E-16,-2.33252986653034E-13,-1.0));
#9897=DIRECTION('',(-7.5635235128166E-17,1.0,-1.50220255530364E-16));
#9898=DIRECTION('',(1.66277322067375E-16,2.37749389902766E-13,1.0));
#9899=DIRECTION('',(2.22246495484451E-16,-1.0,1.50220255530364E-16));
#9900=DIRECTION('',(2.22246495484491E-16,-1.0,2.37749389902766E-13));
#9901=DIRECTION('',(1.66277322067376E-16,2.37749389902766E-13,1.0));
#9902=DIRECTION('',(-1.0,-2.17173784213844E-16,-1.80344811839262E-14));
#9903=DIRECTION('',(-1.80344811839262E-14,1.50220255524467E-16,1.0));
#9904=DIRECTION('',(-1.0,-2.1717378421384E-16,1.2056867315785E-16));
#9905=DIRECTION('',(-3.27010842385319E-13,1.0,-1.50220255536261E-16));
#9906=DIRECTION('',(1.0,9.4709104299106E-17,1.22464679914735E-16));
#9907=DIRECTION('',(1.0,9.4709104299106E-17,2.4492935982947E-16));
#9908=DIRECTION('',(1.0,9.4709104299106E-17,2.4492935982947E-16));
#9909=DIRECTION('',(-1.0,-9.4709104299106E-17,-1.22464679914735E-16));
#9910=DIRECTION('',(-1.0,-9.4709104299106E-17,-2.4492935982947E-16));
#9911=DIRECTION('',(1.0,9.4709104299106E-17,2.4492935982947E-16));
#9912=DIRECTION('',(-1.0,-9.4709104299106E-17,-2.4492935982947E-16));
#9913=DIRECTION('',(-1.0,-9.4709104299106E-17,-1.22464679914735E-16));
#9914=DIRECTION('',(1.0,9.4709104299106E-17,1.22464679914735E-16));
#9915=DIRECTION('',(1.0,5.59343412713445E-13,8.1481971549377E-13));
#9916=DIRECTION('',(-1.0,-2.17173784214166E-16,-2.01386980431582E-12));
#9917=DIRECTION('',(1.0,-1.18557440753881E-12,7.75932836976547E-13));
#9918=DIRECTION('',(-1.0,8.88815813401553E-13,-1.39531978128529E-13));
#9919=DIRECTION('',(1.0,-8.88815813401639E-13,1.39531978128489E-13));
#9920=DIRECTION('',(1.0,-2.13381688499021E-13,-1.30894117707327E-12));
#9921=DIRECTION('',(-1.0,-1.23477753761597E-12,6.33653439708027E-13));
#9922=DIRECTION('',(-1.0,-5.59343412713445E-13,-8.14819715493769E-13));
#9923=DIRECTION('',(-1.0,5.92057219263533E-13,4.96868880720891E-13));
#9924=DIRECTION('',(-1.0,8.23808089660614E-13,-1.22464679914859E-16));
#9925=DIRECTION('',(-1.0,-2.17173784213818E-16,2.46519032881566E-32));
#9926=DIRECTION('',(2.31150942997307E-16,1.0,-1.50220255530364E-16));
#9927=DIRECTION('',(1.0,-1.47364574759295E-16,2.46519032881566E-32));
#9928=CARTESIAN_POINT('',(4.15000000167974,47.1722222098058,42.1999999999994));
#9929=DIRECTION('',(-3.05352588438755E-48,-1.50220255530364E-16,-1.0));
#9930=DIRECTION('',(1.2850908544456E-16,1.0,-1.50220255530364E-16));
#9931=DIRECTION('',(1.0,-1.47364574759295E-16,2.46519032881566E-32));
#9932=DIRECTION('',(-2.31150942997307E-16,-1.0,1.50220255530364E-16));
#9933=DIRECTION('',(-1.0,2.7755575615629E-17,0.0));
#9934=DIRECTION('',(2.22246495484451E-16,-1.0,1.50220255530364E-16));
#9935=CARTESIAN_POINT('',(4.14999999883995,55.3499999892122,42.1999999999994));
#9936=DIRECTION('',(1.66277322067375E-16,2.37749389902766E-13,1.0));
#9937=DIRECTION('',(-9.97818155697559E-17,1.0,-2.37749389902766E-13));
#9938=DIRECTION('',(9.9781815569716E-17,-1.0,1.50220255530364E-16));
#9939=CARTESIAN_POINT('',(4.14999999883994,56.3499999892128,42.1999999999994));
#9940=DIRECTION('',(-1.26917932630666E-16,-2.37735512114958E-13,-1.0));
#9941=DIRECTION('',(-2.00535325398687E-16,1.0,-2.37735512114958E-13));
#9942=CARTESIAN_POINT('',(12.29999999884,55.3499999892122,42.1999999999994));
#9943=DIRECTION('',(1.66277322067375E-16,2.37749389902766E-13,1.0));
#9944=DIRECTION('',(-9.97818155697559E-17,1.0,-2.37749389902766E-13));
#9945=DIRECTION('',(9.9781815569716E-17,-1.0,1.50220255530364E-16));
#9946=DIRECTION('',(1.0,2.00535325398712E-16,-2.46519032881566E-32));
#9947=DIRECTION('',(-0.882352941176469,-0.470588235294121,7.36571169049807E-17));
#9948=CARTESIAN_POINT('',(6.87999999883995,51.3299999892122,42.1999999999994));
#9949=DIRECTION('',(-1.66277322067375E-16,-2.37749389902766E-13,-1.0));
#9950=DIRECTION('',(-9.97818155697269E-17,1.0,-2.37749389902766E-13));
#9951=DIRECTION('',(2.31150942997307E-16,1.0,-1.50220255530364E-16));
#9952=DIRECTION('',(1.0,-1.47364574759295E-16,2.46519032881566E-32));
#9953=CARTESIAN_POINT('',(11.5500000016797,47.1722222098058,42.1999999999994));
#9954=DIRECTION('',(-3.05352588438755E-48,-1.50220255530364E-16,-1.0));
#9955=DIRECTION('',(1.2850908544456E-16,1.0,-1.50220255530364E-16));
#9956=DIRECTION('',(1.0,-1.47364574759295E-16,2.46519032881566E-32));
#9957=DIRECTION('',(-2.31150942997307E-16,-1.0,1.50220255530364E-16));
#9958=DIRECTION('',(-1.0,2.7755575615629E-17,0.0));
#9959=DIRECTION('',(0.766044443118978,1.64583763979697E-13,-0.64278760968654));
#9960=DIRECTION('',(-1.26917932630739E-16,2.55948040539522E-13,-1.0));
#9961=DIRECTION('',(-1.0,-1.11347563114825E-16,2.19933424526429E-15));
#9962=CARTESIAN_POINT('',(6.41564632435779,51.8416780294781,-1.032182873886));
#9963=DIRECTION('',(0.470588235294121,-0.882352941176469,2.09700625292055E-13));
#9964=DIRECTION('',(-0.882352941176469,-0.470588235294121,1.15352583404241E-13));
#9965=DIRECTION('',(0.851485086709049,0.454125379578102,-0.262189410036195));
#9966=DIRECTION('',(0.0850449494022973,0.0453573063476558,-0.995344197422201));
#9967=DIRECTION('',(0.851485086709049,0.454125379578101,-0.262189410036197));
#9968=DIRECTION('',(0.766044443118978,-1.64459754534935E-13,0.642787609686539));
#9969=DIRECTION('',(5.80832014795749E-17,1.0,2.55948040539522E-13));
#9970=DIRECTION('',(0.766044443118978,-1.64351665273527E-13,0.642787609686539));
#9971=DIRECTION('',(2.33812243028996E-16,-1.0,-2.55703111179693E-13));
#9972=DIRECTION('',(-1.88855622014037E-15,1.0,-2.37680000963727E-13));
#9973=DIRECTION('',(-1.0,-3.23000005588196E-16,1.53134210321285E-15));
#9974=DIRECTION('',(1.88855622004082E-15,-1.0,2.37680000963727E-13));
#9975=CARTESIAN_POINT('',(12.2999999988399,55.3499999892088,27.874594705135));
#9976=DIRECTION('',(-1.46791535932058E-17,0.906307787036752,0.422618261740481));
#9977=DIRECTION('',(1.90311727329102E-16,-0.422618261740481,0.906307787036752));
#9978=DIRECTION('',(-3.58712333299529E-16,1.0,-1.50220255524473E-16));
#9979=DIRECTION('',(6.79557510301063E-16,-2.51481828275762E-13,1.0));
#9980=DIRECTION('',(1.66277322067489E-16,-2.55978231525493E-13,1.0));
#9981=DIRECTION('',(0.882352941176469,-0.470588235294121,1.5999427056377E-14));
#9982=DIRECTION('',(1.66277322067489E-16,-2.55978231525493E-13,1.0));
#9983=DIRECTION('',(-0.851485086709053,0.454125379578098,0.262189410036191));
#9984=DIRECTION('',(0.155892832572722,-0.0831428440385337,-0.984268607768041));
#9985=DIRECTION('',(-0.851485086709053,0.454125379578098,0.262189410036189));
#9986=DIRECTION('',(-0.605326699380341,-0.3363944698806,-0.721400268679637));
#9987=DIRECTION('',(6.30819490443805E-18,0.422618261740917,0.906307787036548));
#9988=DIRECTION('',(6.79557510652761E-16,-1.79950295650372E-10,1.0));
#9989=DIRECTION('',(1.0,9.4709104299106E-17,2.4492935982947E-16));
#9990=DIRECTION('',(-1.0,-9.4709104299106E-17,-2.4492935982947E-16));
#9991=DIRECTION('',(1.0,9.4709104299106E-17,2.4492935982947E-16));
#9992=DIRECTION('',(1.0,9.4709104299106E-17,2.4492935982947E-16));
#9993=DIRECTION('',(-1.0,-9.4709104299106E-17,-2.4492935982947E-16));
#9994=DIRECTION('',(-1.6627732206741E-16,2.51481828275762E-13,-1.0));
#9995=DIRECTION('',(2.01477766538611E-14,-1.0,1.5022025552483E-16));
#9996=DIRECTION('',(-1.73289189148928E-14,0.866025403874503,0.499999999844005));
#9997=DIRECTION('',(1.66277318429975E-16,1.80127896272506E-10,1.0));
#9998=DIRECTION('',(-2.01477766538957E-14,1.0,-1.80129228540135E-10));
#9999=DIRECTION('',(-1.66277318429974E-16,-1.80117071598016E-10,-1.0));
#10000=DIRECTION('',(-1.73011633392772E-14,0.866025403874501,0.499999999844008));
#10001=CARTESIAN_POINT('',(12.2999999988399,55.3499999892091,28.9507316915489));
#10002=DIRECTION('',(-0.766044443118978,1.52652111347164E-13,0.642787609686539));
#10003=DIRECTION('',(-0.642787609686539,-1.82269456283535E-13,-0.766044443118978));
#10004=DIRECTION('',(-1.0,4.00686979072545E-15,3.071444358242E-15));
#10005=DIRECTION('',(-0.63441975032931,-0.554123597775475,0.538942129342715));
#10006=DIRECTION('',(-1.0,-1.3794865944265E-14,1.26917932627246E-16));
#10007=DIRECTION('',(1.0,9.4709104299106E-17,2.4492935982947E-16));
#10008=DIRECTION('',(1.0,2.17173784213842E-16,1.40767148957892E-16));
#10009=DIRECTION('',(1.0,2.17173784213842E-16,1.40767148957892E-16));
#10010=CARTESIAN_POINT('',(8.1499638239996,88.5618198041192,5.07827525988839));
#10011=DIRECTION('',(1.07120614202149E-16,0.14780941112961,-0.989015863361917));
#10012=DIRECTION('',(-1.5596288588051E-14,-0.989015863361917,-0.14780941112961));
#10013=DIRECTION('',(-1.23739251700039E-14,-0.709848926162302,0.70435396075143));
#10014=DIRECTION('',(1.0,3.36782783357541E-16,-2.39251774848023E-16));
#10015=DIRECTION('',(1.0,-7.40504366755601E-15,1.80344811839262E-14));
#10016=DIRECTION('',(1.0,3.36782783357544E-16,1.80344811839262E-14));
#10017=DIRECTION('',(4.20569151595519E-16,-1.0,1.50220255524474E-16));
#10018=CARTESIAN_POINT('',(4.14999999883996,13.3500002400878,42.1999999999996));
#10019=DIRECTION('',(-1.66277322067482E-16,2.5596191832733E-13,-1.0));
#10020=DIRECTION('',(3.34565752857927E-16,-1.0,-2.5596191832733E-13));
#10021=DIRECTION('',(2.12101072943235E-16,-1.0,1.5022025552447E-16));
#10022=CARTESIAN_POINT('',(4.14999999883996,12.3500002400872,42.1999999999996));
#10023=DIRECTION('',(1.26917932630773E-16,-2.55948040539522E-13,1.0));
#10024=DIRECTION('',(2.33812243028996E-16,-1.0,-2.55948040539522E-13));
#10025=DIRECTION('',(3.3456575285797E-16,-1.0,1.50220255524473E-16));
#10026=DIRECTION('',(3.3456575285797E-16,-1.0,1.50220255524473E-16));
#10027=CARTESIAN_POINT('',(12.29999999884,13.3500002400878,42.1999999999998));
#10028=DIRECTION('',(-1.66277322067482E-16,2.5596191832733E-13,-1.0));
#10029=DIRECTION('',(3.34565752857927E-16,-1.0,-2.5596191832733E-13));
#10030=DIRECTION('',(2.12101072943235E-16,-1.0,1.5022025552447E-16));
#10031=CARTESIAN_POINT('',(12.29999999884,12.3500002400872,42.1999999999998));
#10032=DIRECTION('',(1.66277322067482E-16,-2.5596191832733E-13,1.0));
#10033=DIRECTION('',(-3.34565752857927E-16,1.0,2.5596191832733E-13));
#10034=DIRECTION('',(-1.0,-2.33812243024437E-16,-1.80344811839262E-14));
#10035=DIRECTION('',(1.0,3.36782783357544E-16,1.80344811839262E-14));
#10036=DIRECTION('',(-1.0,-2.17173784213844E-16,-1.80344811839262E-14));
#10037=CARTESIAN_POINT('',(4.15000000167975,21.5277780195159,42.1999999999996));
#10038=DIRECTION('',(-1.80344811839262E-14,1.50220255524467E-16,1.0));
#10039=DIRECTION('',(3.17927294042772E-16,-1.0,1.50220255524472E-16));
#10040=DIRECTION('',(1.80344811839262E-14,-1.50220255524467E-16,-1.0));
#10041=DIRECTION('',(1.0,3.27010842385319E-13,1.8156945863841E-14));
#10042=CARTESIAN_POINT('',(5.80000000002651,0.900000000000908,4.04999999999871));
#10043=DIRECTION('',(1.0,3.27010842385319E-13,1.8156945863841E-14));
#10044=DIRECTION('',(-3.27010842385319E-13,1.0,-1.502202555363E-16));
#10045=DIRECTION('',(-1.8156945863841E-14,1.50220255530362E-16,1.0));
#10046=DIRECTION('',(3.27010842385319E-13,-1.0,1.50220255530444E-16));
#10047=DIRECTION('',(1.81569458638285E-14,3.80692073671906E-14,-1.0));
#10048=DIRECTION('',(1.0,3.27010842385319E-13,1.8156945863841E-14));
#10049=DIRECTION('',(1.0,3.27010842385319E-13,1.8156945863841E-14));
#10050=DIRECTION('',(1.0,-1.47364574759295E-16,-3.4641093318951E-17));
#10051=DIRECTION('',(0.0,1.50220255530364E-16,1.0));
#10052=DIRECTION('',(0.0,-1.50220255530364E-16,-1.0));
#10053=CARTESIAN_POINT('',(4.15000000167974,47.1722222098058,32.9908909559213));
#10054=DIRECTION('',(-7.92068790126136E-17,-0.704353960751426,0.709848926162306));
#10055=DIRECTION('',(-7.98248056300977E-17,-0.709848926162306,-0.704353960751426));
#10056=DIRECTION('',(0.0,1.50220255530364E-16,1.0));
#10057=DIRECTION('',(1.0,-1.47364574759295E-16,-3.4641093318951E-17));
#10058=DIRECTION('',(-1.83243963736332E-16,-0.709848926162306,-0.704353960751426));
#10059=DIRECTION('',(0.0,1.50220255530364E-16,1.0));
#10060=DIRECTION('',(-1.0,2.7755575615629E-17,-8.40420083711857E-17));
#10061=DIRECTION('',(-1.83243963736332E-16,-0.709848926162306,-0.704353960751426));
#10062=DIRECTION('',(0.0,1.50220255530364E-16,1.0));
#10063=DIRECTION('',(1.83243963736332E-16,0.709848926162306,0.704353960751426));
#10064=DIRECTION('',(0.0,1.50220255530364E-16,1.0));
#10065=DIRECTION('',(0.0,1.50220255530364E-16,1.0));
#10066=DIRECTION('',(1.0,-2.7755575615629E-17,8.40420083711857E-17));
#10067=DIRECTION('',(0.0,1.50220255530364E-16,1.0));
#10068=DIRECTION('',(-1.0,1.47364574759295E-16,3.4641093318951E-17));
#10069=CARTESIAN_POINT('',(11.5500000016797,47.1722222098058,32.9908909559213));
#10070=DIRECTION('',(7.92068790126136E-17,0.704353960751426,-0.709848926162306));
#10071=DIRECTION('',(7.98248056300977E-17,0.709848926162306,0.704353960751426));
#10072=DIRECTION('',(-1.0,1.47364574759295E-16,3.4641093318951E-17));
#10073=DIRECTION('',(-1.83243963736332E-16,-0.709848926162306,-0.704353960751426));
#10074=DIRECTION('',(0.0,-1.50220255530364E-16,-1.0));
#10075=DIRECTION('',(0.0,1.50220255530364E-16,1.0));
#10076=DIRECTION('',(-1.0,-2.98816904156975E-16,-1.22464679914735E-16));
#10077=CARTESIAN_POINT('',(8.15000000000002,70.5499999999853,45.2999999999994));
#10078=DIRECTION('',(3.50057026691824E-29,-5.1761429527457E-16,-1.0));
#10079=DIRECTION('',(-2.17173784213842E-16,1.0,-5.1761429527457E-16));
#10080=CARTESIAN_POINT('',(8.15000000000002,70.5499999999853,45.2999999999994));
#10081=DIRECTION('',(3.50057026691824E-29,-5.1761429527457E-16,-1.0));
#10082=DIRECTION('',(-2.17173784213842E-16,1.0,-5.1761429527457E-16));
#10083=DIRECTION('',(-3.50057026691824E-29,5.1761429527457E-16,1.0));
#10084=CARTESIAN_POINT('',(8.15000000000002,70.5499999999853,40.1999997693528));
#10085=DIRECTION('',(3.50057026691824E-29,-5.1761429527457E-16,-1.0));
#10086=DIRECTION('',(-2.17173784213842E-16,1.0,-5.1761429527457E-16));
#10087=DIRECTION('',(-3.50057026691824E-29,5.1761429527457E-16,1.0));
#10088=CARTESIAN_POINT('',(8.15000000000002,70.5499999999853,41.6999997693528));
#10089=DIRECTION('',(3.50057026691824E-29,-5.1761429527457E-16,-1.0));
#10090=DIRECTION('',(-2.17173784213842E-16,1.0,-5.1761429527457E-16));
#10091=DIRECTION('',(-3.50057026691824E-29,5.1761429527457E-16,1.0));
#10092=DIRECTION('',(-3.50057026691824E-29,5.1761429527457E-16,1.0));
#10093=CARTESIAN_POINT('',(8.15000000000002,70.5499999999853,41.6999997693528));
#10094=DIRECTION('',(3.50057026691824E-29,-5.1761429527457E-16,-1.0));
#10095=DIRECTION('',(-2.17173784213842E-16,1.0,-5.1761429527457E-16));
#10096=DIRECTION('',(0.707106781186548,-0.707106781186547,5.25884274368192E-16));
#10097=DIRECTION('',(-3.50057026691824E-29,5.1761429527457E-16,1.0));
#10098=DIRECTION('',(-0.707106781186548,0.707106781186547,-5.25884274368192E-16));
#10099=CARTESIAN_POINT('',(8.15000000000002,70.5499999999853,40.1999997693528));
#10100=DIRECTION('',(3.50057026691824E-29,-5.1761429527457E-16,-1.0));
#10101=DIRECTION('',(-2.17173784213842E-16,1.0,-5.1761429527457E-16));
#10102=DIRECTION('',(-0.707106781186548,0.707106781186547,-5.25884274368192E-16));
#10103=DIRECTION('',(-3.50057026691824E-29,5.1761429527457E-16,1.0));
#10104=DIRECTION('',(-0.707106781186548,0.707106781186547,-5.25884274368192E-16));
#10105=CARTESIAN_POINT('',(8.15000000000002,70.5499999999853,41.6999997693528));
#10106=DIRECTION('',(3.50057026691824E-29,-5.1761429527457E-16,-1.0));
#10107=DIRECTION('',(-2.17173784213842E-16,1.0,-5.1761429527457E-16));
#10108=CARTESIAN_POINT('',(8.15000000000002,70.5499999999853,41.6999997693528));
#10109=DIRECTION('',(3.50057026691824E-29,-5.1761429527457E-16,-1.0));
#10110=DIRECTION('',(-2.17173784213842E-16,1.0,-5.1761429527457E-16));
#10111=DIRECTION('',(-2.19933424526432E-15,2.55703111179693E-13,-1.0));
#10112=DIRECTION('',(-1.0,-2.17173784213842E-16,2.19933424526426E-15));
#10113=DIRECTION('',(1.26917932630679E-16,1.50220255530364E-16,1.0));
#10114=DIRECTION('',(1.0,2.17173784213805E-16,-2.7137507829492E-13));
#10115=DIRECTION('',(-1.26917932630679E-16,-1.50220255530364E-16,-1.0));
#10116=DIRECTION('',(-1.0,-2.17173784213842E-16,2.19933424526426E-15));
#10117=DIRECTION('',(-2.19933424526432E-15,2.55703111179693E-13,-1.0));
#10118=DIRECTION('',(-1.0,-1.11347563114825E-16,2.19933424526429E-15));
#10119=DIRECTION('',(-1.26917932630739E-16,2.55948040539522E-13,-1.0));
#10120=DIRECTION('',(-2.12101072943192E-16,1.0,2.5596191832733E-13));
#10121=CARTESIAN_POINT('',(4.14999999883995,12.3500002400915,25.5977499648129));
#10122=DIRECTION('',(9.90331375960655E-17,-0.906307787036541,-0.422618261740934));
#10123=DIRECTION('',(1.86218354857327E-16,-0.422618261740934,0.906307787036541));
#10124=DIRECTION('',(-1.66277322067483E-16,2.5596191832733E-13,-1.0));
#10125=CARTESIAN_POINT('',(4.14999999883995,12.3500002400905,29.4274333375359));
#10126=DIRECTION('',(-0.766044443118978,1.64285607461616E-13,-0.642787609686539));
#10127=DIRECTION('',(-0.642787609686539,-1.96301132522151E-13,0.766044443118978));
#10128=DIRECTION('',(1.46597627349127E-16,-2.55948040539522E-13,1.0));
#10129=DIRECTION('',(-1.0,-1.11347563114252E-16,4.45325271601002E-18));
#10130=DIRECTION('',(0.642787609686539,-1.37835863347609E-10,-0.766044443118978));
#10131=DIRECTION('',(1.66277322032678E-16,1.79932083121948E-10,1.0));
#10132=DIRECTION('',(-1.0,-1.11347562984389E-16,7.26184622906285E-16));
#10133=DIRECTION('',(-1.66277322006828E-16,-1.79932083121948E-10,-1.0));
#10134=DIRECTION('',(0.642787609686539,1.37836006493277E-10,0.766044443118978));
#10135=DIRECTION('',(-1.45420865162023E-15,-1.0,-2.55892529388291E-13));
#10136=DIRECTION('',(2.12101072943192E-16,-1.0,-2.55815970605076E-13));
#10137=DIRECTION('',(-2.45382560496001E-16,0.422618261740932,-0.906307787036542));
#10138=DIRECTION('',(1.6627732204561E-16,1.79868231420244E-10,1.0));
#10139=DIRECTION('',(0.386879575353198,-0.798588220401074,-0.4610651238287));
#10140=CARTESIAN_POINT('',(4.14999999883996,13.350000240091,29.4274333375362));
#10141=DIRECTION('',(-0.766044443118978,1.64272857416571E-13,-0.642787609686539));
#10142=DIRECTION('',(-0.642787609686539,-1.96293259905288E-13,0.766044443118978));
#10143=DIRECTION('',(-3.34565752857927E-16,1.0,2.5596191832733E-13));
#10144=DIRECTION('',(-1.0,-5.28337566558449E-16,-2.36296037921874E-16));
#10145=CARTESIAN_POINT('',(4.14999999883996,13.3500002400905,31.4423721737647));
#10146=DIRECTION('',(-5.95304115217236E-17,0.499999999844227,-0.866025403874374));
#10147=DIRECTION('',(-2.29444946844717E-16,-0.866025403874374,-0.499999999844227));
#10148=DIRECTION('',(0.386879575353197,0.798588220401075,0.4610651238287));
#10149=DIRECTION('',(1.0,-1.45420865172092E-15,-7.26184622941519E-16));
#10150=DIRECTION('',(-1.0,1.45420865093022E-15,-3.66976176608415E-15));
#10151=DIRECTION('',(-1.66277322006835E-16,-1.79868231420244E-10,-1.0));
#10152=DIRECTION('',(1.45420865162023E-15,1.0,2.55892529388291E-13));
#10153=DIRECTION('',(3.00893711727259E-16,-0.422618261740932,0.906307787036542));
#10154=DIRECTION('',(-3.34565752857927E-16,1.0,2.55815970605076E-13));
#10155=DIRECTION('',(1.66277322067482E-16,-2.5596191832733E-13,1.0));
#10156=CARTESIAN_POINT('',(4.14999999883996,13.3500002400914,27.8745949140874));
#10157=DIRECTION('',(-3.78973429953283E-16,0.906307787036759,-0.422618261740465));
#10158=DIRECTION('',(6.74851296899255E-18,0.422618261740465,0.906307787036759));
#10159=DIRECTION('',(1.89871409264743E-16,-0.422618261740934,0.906307787036541));
#10160=DIRECTION('',(-2.33812243028996E-16,1.0,2.55948040539523E-13));
#10161=DIRECTION('',(-1.26917932603666E-16,-1.79932083121948E-10,-1.0));
#10162=DIRECTION('',(1.45420865161314E-15,1.0,2.55892529388291E-13));
#10163=DIRECTION('',(1.26917932564898E-16,1.79868231420244E-10,1.0));
#10164=CARTESIAN_POINT('',(12.29999999884,12.3500002400915,25.5977499648129));
#10165=DIRECTION('',(9.90331375960655E-17,-0.906307787036541,-0.422618261740934));
#10166=DIRECTION('',(2.29646636065638E-16,-0.422618261740934,0.906307787036541));
#10167=CARTESIAN_POINT('',(12.29999999884,12.3500002400928,20.4999997893911));
#10168=DIRECTION('',(1.66277322067482E-16,-2.5596191832733E-13,1.0));
#10169=DIRECTION('',(-3.34565752857927E-16,1.0,2.5596191832733E-13));
#10170=DIRECTION('',(-1.66277322067482E-16,2.5596191832733E-13,-1.0));
#10171=CARTESIAN_POINT('',(12.29999999884,12.3500002400905,29.4274333375359));
#10172=DIRECTION('',(-0.766044443118978,1.64272857416571E-13,-0.642787609686539));
#10173=DIRECTION('',(-0.642787609686539,-1.96293259905288E-13,0.766044443118978));
#10174=DIRECTION('',(-1.66277322067482E-16,2.5596191832733E-13,-1.0));
#10175=DIRECTION('',(1.57113134497859E-15,0.866025403874375,0.499999999844227));
#10176=DIRECTION('',(-1.0,-1.11347563114252E-16,4.45325271601002E-18));
#10177=DIRECTION('',(-0.386879575353197,-0.798588220401075,-0.4610651238287));
#10178=DIRECTION('',(-1.0,-5.28337566558449E-16,-2.36296037921874E-16));
#10179=CARTESIAN_POINT('',(12.29999999884,13.3500002400905,31.4423721737647));
#10180=DIRECTION('',(-5.95304115217236E-17,0.499999999844227,-0.866025403874374));
#10181=DIRECTION('',(-2.29444946844717E-16,-0.866025403874374,-0.499999999844227));
#10182=DIRECTION('',(1.66277322067482E-16,-2.5596191832733E-13,1.0));
#10183=CARTESIAN_POINT('',(12.29999999884,13.350000240091,29.4274333375361));
#10184=DIRECTION('',(-0.766044443118978,1.64272857416571E-13,-0.642787609686539));
#10185=DIRECTION('',(-0.642787609686539,-1.96293259905288E-13,0.766044443118978));
#10186=DIRECTION('',(1.66277322067482E-16,-2.5596191832733E-13,1.0));
#10187=CARTESIAN_POINT('',(12.29999999884,13.3500002400914,27.8745949140874));
#10188=DIRECTION('',(-3.78973429953283E-16,0.906307787036759,-0.422618261740465));
#10189=DIRECTION('',(6.74851296899255E-18,0.422618261740465,0.906307787036759));
#10190=DIRECTION('',(-3.34565752857927E-16,1.0,2.5596191832733E-13));
#10191=DIRECTION('',(-2.12101072943192E-16,1.0,2.5596191832733E-13));
#10192=DIRECTION('',(6.79557510574604E-16,1.79932083121948E-10,1.0));
#10193=DIRECTION('',(-1.0,-1.11347562839515E-16,1.53134210321285E-15));
#10194=DIRECTION('',(0.642787609686539,1.37836006493277E-10,0.766044443118978));
#10195=DIRECTION('',(-0.605326699380341,0.336394469880613,-0.721400268679631));
#10196=DIRECTION('',(1.45420865171269E-15,1.0,2.53830140004343E-13));
#10197=DIRECTION('',(-1.45420865171269E-15,-1.0,-2.55892529388291E-13));
#10198=DIRECTION('',(1.0,-1.45420865172092E-15,-7.26184622941519E-16));
#10199=DIRECTION('',(-1.0,-1.11347563171246E-16,-3.12415630499055E-16));
#10200=DIRECTION('',(1.46597627349021E-16,2.37735512114958E-13,1.0));
#10201=DIRECTION('',(2.22246495484491E-16,-1.0,2.37749389902766E-13));
#10202=DIRECTION('',(1.66277322067376E-16,2.37749389902766E-13,1.0));
#10203=CARTESIAN_POINT('',(4.14999999883994,56.3499999892088,25.5977497558606));
#10204=DIRECTION('',(2.94619445950333E-16,-0.906307787036548,0.422618261740917));
#10205=DIRECTION('',(2.65514049702205E-18,0.422618261740917,0.906307787036548));
#10206=DIRECTION('',(-1.66277322067376E-16,-2.37749389902766E-13,-1.0));
#10207=CARTESIAN_POINT('',(4.14999999883994,56.3499999892096,28.9507316915487));
#10208=DIRECTION('',(-0.766044443118978,1.52659822598309E-13,0.642787609686539));
#10209=DIRECTION('',(-0.642787609686539,-1.82286502973603E-13,-0.766044443118978));
#10210=DIRECTION('',(0.642787609686539,-1.37849678906237E-10,0.766044443118978));
#10211=DIRECTION('',(-1.66277322084985E-16,1.79950295650372E-10,-1.0));
#10212=DIRECTION('',(-1.0,-3.23000005443308E-16,7.26184622906283E-16));
#10213=DIRECTION('',(1.66277322110835E-16,-1.79950295650372E-10,1.0));
#10214=DIRECTION('',(0.642787609686539,1.3785009414704E-10,-0.766044443118978));
#10215=DIRECTION('',(-1.0,-3.23000005313432E-16,4.45325271600805E-18));
#10216=CARTESIAN_POINT('',(4.14999999883995,55.3499999892097,31.4423719648123));
#10217=DIRECTION('',(-1.57643372624455E-16,0.499999999844211,0.866025403874384));
#10218=DIRECTION('',(-6.05600975214156E-16,0.866025403874384,-0.499999999844211));
#10219=DIRECTION('',(0.386879575353198,-0.798588220401083,0.461065123828685));
#10220=DIRECTION('',(0.386879575353197,0.798588220401083,-0.461065123828685));
#10221=DIRECTION('',(-1.0,9.39899981307707E-17,-2.36296037921868E-16));
#10222=DIRECTION('',(-2.22246495484491E-16,1.0,-2.37603442180512E-13));
#10223=DIRECTION('',(9.97818155697559E-17,-1.0,2.37749389902766E-13));
#10224=CARTESIAN_POINT('',(4.14999999883995,55.3499999892091,28.9507316915489));
#10225=DIRECTION('',(-0.766044443118978,1.52652111347164E-13,0.642787609686539));
#10226=DIRECTION('',(-0.642787609686539,-1.82269456283535E-13,-0.766044443118978));
#10227=DIRECTION('',(9.97818155697559E-17,-1.0,2.37603442180512E-13));
#10228=CARTESIAN_POINT('',(4.14999999883995,55.3499999892088,27.874594705135));
#10229=DIRECTION('',(-1.46791535932058E-17,0.906307787036752,0.422618261740481));
#10230=DIRECTION('',(1.90311727329102E-16,-0.422618261740481,0.906307787036752));
#10231=DIRECTION('',(1.17330497366955E-16,0.422618261740915,0.906307787036549));
#10232=DIRECTION('',(-1.66277322084965E-16,1.79886443948668E-10,-1.0));
#10233=DIRECTION('',(1.88855622004791E-15,-1.0,2.37680000963727E-13));
#10234=DIRECTION('',(-1.0,-1.88855621935783E-15,-3.66976176608417E-15));
#10235=DIRECTION('',(1.66277322123739E-16,-1.79886443948668E-10,1.0));
#10236=DIRECTION('',(1.0,1.88855622014862E-15,-7.26184622941488E-16));
#10237=DIRECTION('',(-6.18193461356967E-17,-0.422618261740915,-0.906307787036549));
#10238=DIRECTION('',(-1.88855622004791E-15,1.0,-2.37680000963727E-13));
#10239=DIRECTION('',(-1.26917932681822E-16,1.79950295650372E-10,-1.0));
#10240=DIRECTION('',(2.00535325398687E-16,-1.0,2.37735512114958E-13));
#10241=DIRECTION('',(0.642787609686539,-1.37849678906237E-10,0.766044443118978));
#10242=CARTESIAN_POINT('',(8.1499638239996,88.561819804119,5.50000000000999));
#10243=DIRECTION('',(-2.19933424526431E-15,2.55703111179693E-13,-1.0));
#10244=DIRECTION('',(1.0,1.11347563114825E-16,-2.19933424526429E-15));
#10245=DIRECTION('',(0.899424248906407,0.43707667574368,1.11654909766357E-13));
#10246=DIRECTION('',(0.707106781186547,0.707106781186548,1.79258600483542E-13));
#10247=DIRECTION('',(2.33812243028996E-16,-1.0,-2.55703111179693E-13));
#10248=DIRECTION('',(-2.33812243028996E-16,1.0,2.55703111179693E-13));
#10249=DIRECTION('',(-0.707106781186548,0.707106781186547,1.80930232870868E-13));
#10250=DIRECTION('',(-0.899424248906407,0.43707667574368,1.11872924085603E-13));
#10251=DIRECTION('',(-1.0,-2.33812243029066E-16,1.26917932630714E-16));
#10252=DIRECTION('',(2.33812243028996E-16,-1.0,-2.55703111179693E-13));
#10253=DIRECTION('',(-1.11347563114261E-16,1.0,2.55948040539522E-13));
#10254=DIRECTION('',(-1.0,-2.3381224302956E-16,2.19933424526426E-15));
#10255=DIRECTION('',(-1.11347563114261E-16,1.0,2.55948040539522E-13));
#10256=DIRECTION('',(1.26917932630739E-16,-2.57775527492327E-13,1.0));
#10257=DIRECTION('',(1.93578811781196E-18,0.515426685120667,0.85693368020257));
#10258=DIRECTION('',(-0.458149873736987,-0.458149873736792,-0.761706890076324));
#10259=DIRECTION('',(1.0,-1.79416434549773E-14,-3.03449112773196E-14));
#10260=DIRECTION('',(0.458149873736987,-0.458149873736792,-0.761706890076324));
#10261=DIRECTION('',(-1.93578811781196E-18,-0.515426685120667,-0.85693368020257));
#10262=DIRECTION('',(1.0,1.63516950449364E-13,1.22464679914747E-16));
#10263=DIRECTION('',(-7.46921897697753E-14,-0.515426685120668,-0.856933680202569));
#10264=DIRECTION('',(-1.0,-1.63516950449364E-13,-1.22464679914747E-16));
#10265=DIRECTION('',(-7.46921897697753E-14,-0.515426685120668,-0.856933680202569));
#10266=DIRECTION('',(0.552993381186917,0.552993381187077,-0.623214762924263));
#10267=DIRECTION('',(2.19933424526432E-15,-2.53508230187145E-13,1.0));
#10268=DIRECTION('',(0.707106781186547,0.707106781186548,1.59486644008884E-13));
#10269=DIRECTION('',(-2.19933424526432E-15,2.55948040539522E-13,-1.0));
#10270=DIRECTION('',(-2.33812243410497E-16,1.0,-1.79849427017765E-10));
#10271=DIRECTION('',(-1.26917932629636E-16,-7.84273850302078E-12,-1.0));
#10272=DIRECTION('',(-1.26917932630739E-16,2.55948040539522E-13,-1.0));
#10273=DIRECTION('',(-1.0,-1.88309101659068E-16,1.26917932630726E-16));
#10274=DIRECTION('',(-1.26917932630739E-16,2.55948040539522E-13,-1.0));
#10275=DIRECTION('',(1.0,1.88309101659068E-16,-1.2691793262253E-16));
#10276=DIRECTION('',(0.763661085057074,-0.0788214823447385,-0.640787734815852));
#10277=DIRECTION('',(0.608120402411343,-0.608120402411212,-0.510273605374893));
#10278=DIRECTION('',(-2.33812243028996E-16,1.0,2.55703111179693E-13));
#10279=DIRECTION('',(0.639085017437443,0.551361805308253,-0.536256002422544));
#10280=DIRECTION('',(-1.26917932630739E-16,2.55948040539522E-13,-1.0));
#10281=DIRECTION('',(-0.707106781186548,0.707106781186547,2.02381963942972E-13));
#10282=DIRECTION('',(1.26917932630739E-16,-2.55948040539522E-13,1.0));
#10283=DIRECTION('',(-0.552993381186918,0.552993381187077,-0.623214762924262));
#10284=DIRECTION('',(0.63441975032931,-0.554123597775474,0.538942129342715));
#10285=DIRECTION('',(1.0,2.33812243029029E-16,-1.26917932630714E-16));
#10286=DIRECTION('',(-1.26917932630739E-16,2.55948040539522E-13,-1.0));
#10287=DIRECTION('',(-2.33812243028996E-16,1.0,2.55948040539518E-13));
#10288=DIRECTION('',(1.0,2.33812243029029E-16,-1.26917932630714E-16));
#10289=DIRECTION('',(2.33812243028996E-16,-1.0,-2.55948040539518E-13));
#10290=DIRECTION('',(-1.26917932629669E-16,-9.04392181375678E-12,-1.0));
#10291=DIRECTION('',(-2.3381224306153E-16,1.0,-1.79849427017765E-10));
#10292=DIRECTION('',(-2.3381224306153E-16,1.0,-1.79849427017765E-10));
#10293=DIRECTION('',(1.0,2.33812243029029E-16,-1.26917932630714E-16));
#10294=DIRECTION('',(-2.33812243410497E-16,1.0,-1.79849427017765E-10));
#10295=DIRECTION('',(-1.21958767564051E-16,0.866025403784311,0.500000000000222));
#10296=DIRECTION('',(9.32753105829847E-16,0.866025403784311,0.500000000000222));
#10297=DIRECTION('',(1.45107904629553E-13,1.0,-1.50220255530314E-16));
#10298=DIRECTION('',(-1.22464679914771E-16,1.50220255530313E-16,1.0));
#10299=DIRECTION('',(1.45107904629553E-13,1.0,-1.50220255530314E-16));
#10300=DIRECTION('',(-1.0,1.45107904629553E-13,-1.22464679914792E-16));
#10301=DIRECTION('',(1.45107904629553E-13,1.0,-1.50220255530314E-16));
#10302=DIRECTION('',(-1.22464679914771E-16,1.50220255530313E-16,1.0));
#10303=DIRECTION('',(1.45107904629553E-13,1.0,-1.50220255530314E-16));
#10304=DIRECTION('',(-1.0,1.45107904629553E-13,-1.22464679914792E-16));
#10305=DIRECTION('',(0.0789450587431196,-0.86332251124945,-0.49843948405999));
#10306=DIRECTION('',(-1.0,2.10045930952529E-15,1.52047697450092E-15));
#10307=DIRECTION('',(0.156434465040229,-1.77899862503773E-10,-0.987688340595138));
#10308=DIRECTION('',(1.0,-2.10045930952529E-15,-1.52047697450092E-15));
#10309=DIRECTION('',(1.0,-2.10045930952529E-15,-1.52047697450092E-15));
#10310=DIRECTION('',(2.21784176623897E-15,1.0,-1.80129228540135E-10));
#10311=DIRECTION('',(-1.0,2.10045930952529E-15,1.52047697450092E-15));
#10312=DIRECTION('',(-0.156434465040229,1.77910409622507E-10,0.987688340595138));
#10313=DIRECTION('',(0.0789450587431201,-0.863322511249449,-0.498439484059992));
#10314=DIRECTION('',(0.156434465040229,0.855363194066036,-0.493844170143504));
#10315=DIRECTION('',(-1.0,3.00899858254068E-16,6.41294350404839E-17));
#10316=DIRECTION('',(1.0,-3.00899858254097E-16,-6.41294350404769E-17));
#10317=DIRECTION('',(1.0,-3.00899857773579E-16,-2.73189515496418E-15));
#10318=DIRECTION('',(0.0789450587431208,1.79557820176617E-10,-0.996878968430995));
#10319=DIRECTION('',(-0.156434465040229,-0.855363194066038,0.493844170143501));
#10320=DIRECTION('',(0.135892549420802,0.9907235815362,1.78449750452459E-10));
#10321=DIRECTION('',(-0.0789450587431194,-1.79546995502127E-10,0.996878968430995));
#10322=DIRECTION('',(-1.0,3.00899857773579E-16,2.73189515496418E-15));
#10323=PRESENTATION_LAYER_ASSIGNMENT('','',(#272,#274,#276,#278,#280,#282,#284,#286,#288,#290,#292,#294,#296,#298,#300,#302,#304,#306,#308,#310,#312,#314,#316,#318,#320,#322,#324,#326,#328,#330,#332,#334,#336,#338,#340,#342,#344,#346,#348,#350,#352,#354,#356,#358,#360,#362,#364,#366,#368,#370,#372,#374,#376,#378,#380,#382,#384,#386,#388,#390,#392,#394,#396,#398,#400,#402,#404,#406,#408,#410,#412,#414,#416,#418,#420,#422,#424,#426,#428,#430,#432,#434,#436,#438,#440,#442,#444,#446,#448,#450,#452,#454,#456,#458,#460,#462,#464,#466,#468,#470,#472,#474,#476,#478,#480,#482,#484,#486,#488,#490,#492,#494,#496,#498,#500,#502,#504,#506,#508,#510,#512,#514,#516,#518,#520,#522,#524,#526,#528,#530,#532,#534,#536,#538,#540,#542,#544,#546,#548,#550,#552,#554,#556,#558,#560,#562,#564,#566,#568,#570,#572,#574,#576,#578,#580,#582,#584,#586,#588,#590,#592,#594,#596,#598,#600,#602,#604,#606,#608,#610,#612,#614,#616,#618,#620,#622,#624,#626,#628,#630,#632,#634,#636,#638,#640,#642,#644,#646,#648,#650,#652,#654,#656,#658,#660,#662,#664,#666,#668,#670,#672,#674,#676,#678,#680,#682,#684,#686,#688,#690,#692,#694,#696,#698,#700,#702,#704,#706,#708,#710,#712,#714,#716,#718,#720,#722,#724,#726,#728,#730,#732,#734,#736,#738,#740,#742,#744,#746,#748,#750,#752,#754,#756,#758,#760,#762,#764,#766,#4684,#4685,#4686,#4687,#4688,#4691,#4692,#4693,#4694,#4695,#4698,#4699,#4700,#4701,#4702,#4705,#4706,#4707,#4708,#4711,#4712,#4713,#4714,#4715,#4718,#4719,#4720,#4721,#4722,#4725,#4726,#4727,#4730,#4731,#4732,#4735,#4736,#4737,#4738,#4739,#4742,#4743,#4744,#4747,#4748,#4749,#4752,#4753,#4754,#4757,#4758,#4759,#4760,#4761,#4762,#4765,#4766,#4767,#4770,#4771,#4772,#4773,#4774,#4777,#4778,#4779,#4782,#4783,#4784,#4785,#4786,#4787,#4788,#4791,#4792,#4793,#4795,#4796,#4797,#4798,#4799,#4800,#4801,#4802,#4803,#4804,#4805,#4806,#4807,#4808,#4809,#4810,#4811,#4812,#4813,#4814,#4815,#4816,#4817,#4818,#4819,#4820,#4821,#4822,#4823,#4824,#4825,#4826,#4827,#4828,#4829,#4830,#4831,#4832,#4833,#4834,#4835,#4836,#4837,#4838,#4839,#4840,#4841,#4842,#4843,#4844,#4845,#4846,#4847,#4848,#4849,#4850,#4851,#4852,#4854,#4855,#4856,#4857,#4858,#4859,#4860,#4861,#4862,#4863,#4864,#4865,#4866,#4867,#4868,#4869,#4870,#4871,#4872,#4873,#4874,#4875,#4876,#4877,#4878,#4879,#4880,#4881,#4882,#4883,#4884,#4885,#4886,#4887,#4888,#4889,#4890,#4891,#4892,#4893,#4894,#4895,#4896,#4897,#4898,#4899,#4900,#4901,#4902,#4903,#4904,#4905,#4906,#4907,#4908,#4909,#4910,#4911,#4912,#4913,#4914,#4915,#4917,#4918,#4920,#4921,#4923,#4924,#4926,#4927,#4928,#4930,#4932,#4933,#4934,#4935,#4937,#4938,#4940,#4942,#4944,#4945,#4948,#4950,#4952,#4954,#4956,#4958,#4960,#4963,#4965,#4966,#4967,#4968,#4970,#4971,#4973,#4974,#4975,#4977,#4978,#4979,#4981,#4982,#4983,#4985,#4986,#4987,#4989,#4990,#4991,#4993,#4994,#4995,#4996,#4997,#4998,#4999,#5000,#5001,#5002,#5003,#5004,#5005,#5006,#5007,#5008,#5009,#5011,#5012,#5013,#5015,#5016,#5017,#5019,#5020,#5021,#5022,#5023,#5024,#5026,#5027,#5029,#5030,#5031,#5032,#5034,#5035,#5036,#5037,#5038,#5040,#5042,#5044,#5046,#5047,#5048,#5049,#5051,#5052,#5053,#5055,#5057,#5060,#5061,#5062,#5063,#5065,#5066,#5067,#5068,#5070,#5071,#5072,#5073,#5075,#5076,#5077,#5078,#5080,#5081,#5083,#5084,#5085,#5086,#5088,#5091,#5092,#5094,#5095,#5097,#5099,#5100,#5101,#5102,#5103,#5104,#5105,#5106,#5107,#5108,#5111,#5112,#5113,#5114,#5116,#5117,#5118,#5120,#5121,#5122,#5126,#5128,#5129,#5131,#5132,#5135,#5137,#5139,#5141,#5143,#5145,#5146,#5148,#5149,#5151,#5153,#5155,#5157,#5159,#5160,#5162,#5163,#5164,#5165,#5166,#5167,#5168,#5169,#5170,#5171,#5172,#5173,#5174,#5175,#5176,#5177,#5178,#5179,#5180,#5181,#5182,#5183,#5185,#5186,#5187,#5189,#5190,#5191,#5192,#5194,#5195,#5196,#5197,#5199,#5200,#5201,#5203,#5205,#5206,#5208,#5209,#5210,#5211,#5212,#5213,#5215,#5216,#5218,#5221,#5222,#5224,#5225,#5227,#5230,#5231,#5232,#5233,#5234,#5235,#5236,#5238,#5240,#5242,#5244,#5245,#5249,#5251,#5252,#5253,#5256,#5257,#5259,#5260,#5261,#5262,#5263,#5264,#5265,#5266,#5267,#5268,#5269,#5270,#5271,#5272,#5273,#5275,#5279,#5280,#5282,#5283,#5284,#5286,#5287,#5296,#5297,#5299,#5300,#5302,#5303,#5305,#5306,#5308,#5309,#5311,#5314,#5315,#5316,#5318,#5319,#5321,#5322,#5323,#5324,#5326,#5327,#5332,#5334,#5335,#5337,#5338,#5339,#5340,#5341,#5342,#5343,#5345,#5346,#5347,#5349,#5350,#5352,#5353,#5355,#5357,#5361,#5362,#5363,#5364,#5365,#5366,#5367,#5370,#5371,#5373,#5375,#5376,#5377,#5378,#5380,#5381,#5382,#5383,#5384,#5385,#5387,#5388,#5389,#5390,#5392,#5393,#5394,#5396,#5397,#5398,#5400,#5401,#5402,#5404,#5405,#5406,#5409,#5410,#5416,#5417,#5418,#5419,#5420,#5422,#5423,#5424,#5425,#5426,#5427,#5429,#5430,#5431,#5432,#5433,#5435,#5436,#5437,#5438,#5440,#5442,#5445,#5446,#5447,#5449,#5451,#5453,#5455,#5457,#5460,#5461,#5462,#5464,#5465,#5466,#5468,#5469,#5470,#5471,#5472,#5473,#5475,#5476,#5477,#5478,#5480,#5481,#5483,#5484,#5486,#5490,#5491,#5492,#5494,#5495,#5496,#5498,#5499,#5503,#5504,#5506,#5509,#5511,#5512,#5513,#5514,#5515,#5516,#5517,#5518,#5519,#5520,#5521,#5523,#5524,#5526,#5527,#5528,#5529,#5530,#5531,#5532,#5533,#5535,#5536,#5537,#5540,#5541,#5542,#5543,#5545,#5546,#5547,#5549,#5550,#5551,#5552,#5554,#5555,#5556,#5557,#5560,#5562,#5564,#5567,#5568,#5569,#5571,#5572,#5574,#5575,#5576,#5578,#5579,#5581,#5582,#5583,#5585,#5586,#5588,#5589,#5591,#5594,#5595,#5597,#5598,#5599,#5601,#5602,#5604,#5606,#5609,#5610,#5612,#5613,#5614,#5616,#5617,#5618,#5621,#5631,#5633,#5635,#5637,#5644,#5646,#5648,#5650,#5657,#5659,#5661,#5663,#5670,#5672,#5674,#5681,#5683,#5685,#5687,#5694,#5696,#5698,#5700,#5707,#5709,#5716,#5718,#5725,#5727,#5729,#5731,#5738,#5740,#5747,#5749,#5756,#5758,#5765,#5767,#5769,#5771,#5773,#5780,#5782,#5789,#5791,#5793,#5795,#5802,#5804,#5811,#5813,#5815,#5817,#5819,#5821,#5828,#5830,#5834,#5835,#5837,#5840,#5842,#5844,#5846,#5848,#5850,#5852,#5856,#5858,#5861,#5863,#5865,#5867,#5869,#5871,#5873,#5875,#5877,#5879,#5881,#5883,#5885,#5887,#5889,#5891,#5893,#5895,#5897,#5899,#5901,#5903,#5905,#5907,#5909,#5911,#5913,#5915,#5917,#5919,#5921,#5923,#5925,#5927,#5929,#5931,#5933,#5935,#5937,#5939,#5941,#5943,#5947,#5948,#5950,#5952,#5954,#5956,#5958,#5960,#5962,#5964,#5966,#5968,#5970,#5972,#5974,#5976,#5978,#5980,#5982,#5984,#5986,#5988,#5990,#5992,#5994,#5996,#5998,#6000,#6002,#6004,#6006,#6008,#6010,#6012,#6014,#6016,#6018,#6020,#6022,#6024,#6026,#6028,#6030,#6032,#6035,#6037,#6040,#6042,#6044,#6046,#6049,#6051,#6053,#6055,#6057,#6059,#6061,#6064,#6077,#6079,#6085,#6087,#6089,#6100,#6122,#6123,#6125,#6127,#6134,#6135,#6140,#6142,#6146,#6147,#6152,#6154,#6158,#6160,#6164,#6166,#6168,#6170,#6172,#6174,#6176,#6178,#6181,#6183,#6185,#6187,#6189,#6191,#6196,#6198,#6202,#6204,#6208,#6209,#6211,#6213,#6215,#6217,#6224,#6225,#6227,#6229,#6233,#6235,#6237,#6239,#6249,#6251,#6256,#6258,#6267,#6268,#6270,#6275,#6276,#6278,#6280,#6284,#6285,#6287,#6289,#6293,#6296,#6300,#6305,#6307,#6314,#6318,#6324,#6325,#6327,#6329,#6331,#6333,#6335,#6337,#6339,#6341,#6346,#6347,#6349,#6351,#6355,#6357,#6361,#6363,#6406,#6407,#6409,#6412,#6414,#6417,#6418,#6428,#6429,#6431,#6434,#6436,#6440,#6441,#6443,#6448,#6450,#6454,#6455,#6457,#6459,#6463,#6465,#6471,#6475,#6476,#6479,#6481,#6483,#6487,#6503,#6506,#6508,#6510,#6512,#6522,#6530,#6532,#6543,#6546,#6549,#6550,#6556,#6565,#6569,#6571,#6585,#6589,#6593,#6597,#6601,#6608,#6609,#6614,#6619,#6621,#6633,#6634,#6638,#6639,#6641,#6643,#6645,#6648,#6652,#6654,#6658,#6662,#6672,#6674,#6676,#6678,#6680,#6682,#6687,#6693,#6695,#6697,#6701,#6702,#6704,#6706,#6708,#6710,#6714,#6717,#6721,#6723,#6727,#6732,#6734,#6750,#6751,#6753,#6755,#6757,#6761,#6763,#6765,#6767,#6769,#6773,#6774,#6776,#6779,#6783,#6785,#6795,#6811,#6813,#6817,#6819,#6823,#6824,#6826,#6828,#6830,#6832,#6836,#6837,#6853,#6855,#6859,#6861,#6870,#6879,#6881,#6884,#6886,#6888,#6890,#6893,#6895,#6899,#6903,#6905,#6907,#6910,#6911,#6913,#6915,#6920,#6925,#6927,#6933,#6937,#6938,#6940,#6946,#6959,#6961,#6965,#6969,#6971,#6978,#6980,#6984,#6988,#6995,#6999,#7000,#7005,#7014,#7018,#7020,#7025));
ENDSEC;
END-ISO-10303-21;
