ISO-10303-21;
HEADER;
FILE_DESCRIPTION(('STEP AP242'),'1');
FILE_NAME('1467080.stp','2025-07-02T08:28:30',('TraceParts'),('TraceParts S.A.'),'Spatial InterOp 3D',' ',' ');
FILE_SCHEMA(('AP242_MANAGED_MODEL_BASED_3D_ENGINEERING_MIM_LF  {1 0 10303 442 1 1 4}'));
ENDSEC;
DATA;
#1=MECHANICAL_DESIGN_GEOMETRIC_PRESENTATION_REPRESENTATION(' ',(#10,#11,#12,#13,#14,#15,#16,#17,#18,#19,#20,#21,#22,#23,#24,#25,#26,#27,#28,#29,#30,#31,#32,#33,#34,#35,#36,#37,#38,#39,#40,#41,#42,#43,#44,#45,#46,#47,#48,#49,#50,#51,#52,#53,#54,#55,#56,#57,#58,#59,#60,#61,#62,#63,#64,#65,#66,#67,#68,#69,#70,#71,#72,#73,#74,#75,#76,#77,#78,#79,#80,#81,#82,#83,#84,#85,#86,#87,#88,#89,#90,#91,#92,#93,#94,#95,#96,#97,#98,#99,#100,#101,#102,#103,#104,#105,#106,#107,#108,#109,#110,#111,#112,#113,#114,#115,#116,#117,#118,#119,#120,#121,#122,#123,#124,#125,#126,#127,#128,#129,#130,#131,#132,#133,#134,#135,#136,#137,#138,#139,#140,#141,#142,#143,#144,#145,#146,#147,#148,#149,#150,#151,#152),#6);
#2=PRODUCT_DEFINITION_CONTEXT('',#153,'design');
#3=APPLICATION_PROTOCOL_DEFINITION('INTERNATIONAL STANDARD','ap242_managed_model_based_3d_engineering',2014,#153);
#4=PRODUCT_CATEGORY_RELATIONSHIP('NONE','NONE',#154,#155);
#5=SHAPE_DEFINITION_REPRESENTATION(#156,#157);
#6= (GEOMETRIC_REPRESENTATION_CONTEXT(3)GLOBAL_UNCERTAINTY_ASSIGNED_CONTEXT((#160))GLOBAL_UNIT_ASSIGNED_CONTEXT((#162,#163,#164))REPRESENTATION_CONTEXT('NONE','WORKSPACE'));
#10=STYLED_ITEM('',(#166),#167);
#11=STYLED_ITEM('',(#168),#169);
#12=STYLED_ITEM('',(#170),#171);
#13=STYLED_ITEM('',(#172),#173);
#14=STYLED_ITEM('',(#174),#175);
#15=STYLED_ITEM('',(#176),#177);
#16=STYLED_ITEM('',(#178),#179);
#17=STYLED_ITEM('',(#180),#181);
#18=STYLED_ITEM('',(#182),#183);
#19=STYLED_ITEM('',(#184),#185);
#20=STYLED_ITEM('',(#186),#187);
#21=STYLED_ITEM('',(#188),#189);
#22=STYLED_ITEM('',(#190),#191);
#23=STYLED_ITEM('',(#192),#193);
#24=STYLED_ITEM('',(#194),#195);
#25=STYLED_ITEM('',(#196),#197);
#26=STYLED_ITEM('',(#198),#199);
#27=STYLED_ITEM('',(#200),#201);
#28=STYLED_ITEM('',(#202),#203);
#29=STYLED_ITEM('',(#204),#205);
#30=STYLED_ITEM('',(#206),#207);
#31=STYLED_ITEM('',(#208),#209);
#32=STYLED_ITEM('',(#210),#211);
#33=STYLED_ITEM('',(#212),#213);
#34=STYLED_ITEM('',(#214),#215);
#35=STYLED_ITEM('',(#216),#217);
#36=STYLED_ITEM('',(#218),#219);
#37=STYLED_ITEM('',(#220),#221);
#38=STYLED_ITEM('',(#222),#223);
#39=STYLED_ITEM('',(#224),#225);
#40=STYLED_ITEM('',(#226),#227);
#41=STYLED_ITEM('',(#228),#229);
#42=STYLED_ITEM('',(#230),#231);
#43=STYLED_ITEM('',(#232),#233);
#44=STYLED_ITEM('',(#234),#235);
#45=STYLED_ITEM('',(#236),#237);
#46=STYLED_ITEM('',(#238),#239);
#47=STYLED_ITEM('',(#240),#241);
#48=STYLED_ITEM('',(#242),#243);
#49=STYLED_ITEM('',(#244),#245);
#50=STYLED_ITEM('',(#246),#247);
#51=STYLED_ITEM('',(#248),#249);
#52=STYLED_ITEM('',(#250),#251);
#53=STYLED_ITEM('',(#252),#253);
#54=STYLED_ITEM('',(#254),#255);
#55=STYLED_ITEM('',(#256),#257);
#56=STYLED_ITEM('',(#258),#259);
#57=STYLED_ITEM('',(#260),#261);
#58=STYLED_ITEM('',(#262),#263);
#59=STYLED_ITEM('',(#264),#265);
#60=STYLED_ITEM('',(#266),#267);
#61=STYLED_ITEM('',(#268),#269);
#62=STYLED_ITEM('',(#270),#271);
#63=STYLED_ITEM('',(#272),#273);
#64=STYLED_ITEM('',(#274),#275);
#65=STYLED_ITEM('',(#276),#277);
#66=STYLED_ITEM('',(#278),#279);
#67=STYLED_ITEM('',(#280),#281);
#68=STYLED_ITEM('',(#282),#283);
#69=STYLED_ITEM('',(#284),#285);
#70=STYLED_ITEM('',(#286),#287);
#71=STYLED_ITEM('',(#288),#289);
#72=STYLED_ITEM('',(#290),#291);
#73=STYLED_ITEM('',(#292),#293);
#74=STYLED_ITEM('',(#294),#295);
#75=STYLED_ITEM('',(#296),#297);
#76=STYLED_ITEM('',(#298),#299);
#77=STYLED_ITEM('',(#300),#301);
#78=STYLED_ITEM('',(#302),#303);
#79=STYLED_ITEM('',(#304),#305);
#80=STYLED_ITEM('',(#306),#307);
#81=STYLED_ITEM('',(#308),#309);
#82=STYLED_ITEM('',(#310),#311);
#83=STYLED_ITEM('',(#312),#313);
#84=STYLED_ITEM('',(#314),#315);
#85=STYLED_ITEM('',(#316),#317);
#86=STYLED_ITEM('',(#318),#319);
#87=STYLED_ITEM('',(#320),#321);
#88=STYLED_ITEM('',(#322),#323);
#89=STYLED_ITEM('',(#324),#325);
#90=STYLED_ITEM('',(#326),#327);
#91=STYLED_ITEM('',(#328),#329);
#92=STYLED_ITEM('',(#330),#331);
#93=STYLED_ITEM('',(#332),#333);
#94=STYLED_ITEM('',(#334),#335);
#95=STYLED_ITEM('',(#336),#337);
#96=STYLED_ITEM('',(#338),#339);
#97=STYLED_ITEM('',(#340),#341);
#98=STYLED_ITEM('',(#342),#343);
#99=STYLED_ITEM('',(#344),#345);
#100=STYLED_ITEM('',(#346),#347);
#101=STYLED_ITEM('',(#348),#349);
#102=STYLED_ITEM('',(#350),#351);
#103=STYLED_ITEM('',(#352),#353);
#104=STYLED_ITEM('',(#354),#355);
#105=STYLED_ITEM('',(#356),#357);
#106=STYLED_ITEM('',(#358),#359);
#107=STYLED_ITEM('',(#360),#361);
#108=STYLED_ITEM('',(#362),#363);
#109=STYLED_ITEM('',(#364),#365);
#110=STYLED_ITEM('',(#366),#367);
#111=STYLED_ITEM('',(#368),#369);
#112=STYLED_ITEM('',(#370),#371);
#113=STYLED_ITEM('',(#372),#373);
#114=STYLED_ITEM('',(#374),#375);
#115=STYLED_ITEM('',(#376),#377);
#116=STYLED_ITEM('',(#378),#379);
#117=STYLED_ITEM('',(#380),#381);
#118=STYLED_ITEM('',(#382),#383);
#119=STYLED_ITEM('',(#384),#385);
#120=STYLED_ITEM('',(#386),#387);
#121=STYLED_ITEM('',(#388),#389);
#122=STYLED_ITEM('',(#390),#391);
#123=STYLED_ITEM('',(#392),#393);
#124=STYLED_ITEM('',(#394),#395);
#125=STYLED_ITEM('',(#396),#397);
#126=STYLED_ITEM('',(#398),#399);
#127=STYLED_ITEM('',(#400),#401);
#128=STYLED_ITEM('',(#402),#403);
#129=STYLED_ITEM('',(#404),#405);
#130=STYLED_ITEM('',(#406),#407);
#131=STYLED_ITEM('',(#408),#409);
#132=STYLED_ITEM('',(#410),#411);
#133=STYLED_ITEM('',(#412),#413);
#134=STYLED_ITEM('',(#414),#415);
#135=STYLED_ITEM('',(#416),#417);
#136=STYLED_ITEM('',(#418),#419);
#137=STYLED_ITEM('',(#420),#421);
#138=STYLED_ITEM('',(#422),#423);
#139=STYLED_ITEM('',(#424),#425);
#140=STYLED_ITEM('',(#426),#427);
#141=STYLED_ITEM('',(#428),#429);
#142=STYLED_ITEM('',(#430),#431);
#143=STYLED_ITEM('',(#432),#433);
#144=STYLED_ITEM('',(#434),#435);
#145=STYLED_ITEM('',(#436),#437);
#146=STYLED_ITEM('',(#438),#439);
#147=STYLED_ITEM('',(#440),#441);
#148=STYLED_ITEM('',(#442),#443);
#149=STYLED_ITEM('',(#444),#445);
#150=STYLED_ITEM('',(#446),#447);
#151=STYLED_ITEM('',(#448),#449);
#152=STYLED_ITEM('',(#450),#451);
#153=APPLICATION_CONTEXT('managed model based 3d engineering');
#154=PRODUCT_CATEGORY('part','NONE');
#155=PRODUCT_RELATED_PRODUCT_CATEGORY('detail',' ',(#452));
#156=PRODUCT_DEFINITION_SHAPE('NONE','NONE',#453);
#157=ADVANCED_BREP_SHAPE_REPRESENTATION('UT_1.5-VT-Select',(#451,#454),#6);
#160=UNCERTAINTY_MEASURE_WITH_UNIT(LENGTH_MEASURE(1.0E-06),#162,'','');
#162= (CONVERSION_BASED_UNIT('MILLIMETRE',#457)LENGTH_UNIT()NAMED_UNIT(#460));
#163= (NAMED_UNIT(#462)PLANE_ANGLE_UNIT()SI_UNIT($,.RADIAN.));
#164= (NAMED_UNIT(#462)SOLID_ANGLE_UNIT()SI_UNIT($,.STERADIAN.));
#166=PRESENTATION_STYLE_ASSIGNMENT((#468));
#167=ADVANCED_FACE('',(#469),#470,.F.);
#168=PRESENTATION_STYLE_ASSIGNMENT((#471));
#169=ADVANCED_FACE('',(#472),#473,.F.);
#170=PRESENTATION_STYLE_ASSIGNMENT((#474));
#171=ADVANCED_FACE('',(#475),#476,.F.);
#172=PRESENTATION_STYLE_ASSIGNMENT((#477));
#173=ADVANCED_FACE('',(#478),#479,.F.);
#174=PRESENTATION_STYLE_ASSIGNMENT((#480));
#175=ADVANCED_FACE('',(#481),#482,.F.);
#176=PRESENTATION_STYLE_ASSIGNMENT((#483));
#177=ADVANCED_FACE('',(#484),#485,.F.);
#178=PRESENTATION_STYLE_ASSIGNMENT((#486));
#179=ADVANCED_FACE('',(#487),#488,.F.);
#180=PRESENTATION_STYLE_ASSIGNMENT((#489));
#181=ADVANCED_FACE('',(#490),#491,.T.);
#182=PRESENTATION_STYLE_ASSIGNMENT((#492));
#183=ADVANCED_FACE('',(#493),#494,.F.);
#184=PRESENTATION_STYLE_ASSIGNMENT((#495));
#185=ADVANCED_FACE('',(#496),#497,.T.);
#186=PRESENTATION_STYLE_ASSIGNMENT((#498));
#187=ADVANCED_FACE('',(#499),#500,.F.);
#188=PRESENTATION_STYLE_ASSIGNMENT((#501));
#189=ADVANCED_FACE('',(#502),#503,.F.);
#190=PRESENTATION_STYLE_ASSIGNMENT((#504));
#191=ADVANCED_FACE('',(#505),#506,.T.);
#192=PRESENTATION_STYLE_ASSIGNMENT((#507));
#193=ADVANCED_FACE('',(#508),#509,.F.);
#194=PRESENTATION_STYLE_ASSIGNMENT((#510));
#195=ADVANCED_FACE('',(#511),#512,.F.);
#196=PRESENTATION_STYLE_ASSIGNMENT((#513));
#197=ADVANCED_FACE('',(#514),#515,.T.);
#198=PRESENTATION_STYLE_ASSIGNMENT((#516));
#199=ADVANCED_FACE('',(#517),#518,.F.);
#200=PRESENTATION_STYLE_ASSIGNMENT((#519));
#201=ADVANCED_FACE('',(#520),#521,.F.);
#202=PRESENTATION_STYLE_ASSIGNMENT((#522));
#203=ADVANCED_FACE('',(#523),#524,.F.);
#204=PRESENTATION_STYLE_ASSIGNMENT((#525));
#205=ADVANCED_FACE('',(#526),#527,.F.);
#206=PRESENTATION_STYLE_ASSIGNMENT((#528));
#207=ADVANCED_FACE('',(#529),#530,.F.);
#208=PRESENTATION_STYLE_ASSIGNMENT((#531));
#209=ADVANCED_FACE('',(#532),#533,.T.);
#210=PRESENTATION_STYLE_ASSIGNMENT((#534));
#211=ADVANCED_FACE('',(#535),#536,.F.);
#212=PRESENTATION_STYLE_ASSIGNMENT((#537));
#213=ADVANCED_FACE('',(#538),#539,.F.);
#214=PRESENTATION_STYLE_ASSIGNMENT((#540));
#215=ADVANCED_FACE('',(#541),#542,.T.);
#216=PRESENTATION_STYLE_ASSIGNMENT((#543));
#217=ADVANCED_FACE('',(#544),#545,.F.);
#218=PRESENTATION_STYLE_ASSIGNMENT((#546));
#219=ADVANCED_FACE('',(#547),#548,.F.);
#220=PRESENTATION_STYLE_ASSIGNMENT((#549));
#221=ADVANCED_FACE('',(#550),#551,.F.);
#222=PRESENTATION_STYLE_ASSIGNMENT((#552));
#223=ADVANCED_FACE('',(#553),#554,.F.);
#224=PRESENTATION_STYLE_ASSIGNMENT((#555));
#225=ADVANCED_FACE('',(#556),#557,.F.);
#226=PRESENTATION_STYLE_ASSIGNMENT((#558));
#227=ADVANCED_FACE('',(#559),#560,.F.);
#228=PRESENTATION_STYLE_ASSIGNMENT((#561));
#229=ADVANCED_FACE('',(#562),#563,.T.);
#230=PRESENTATION_STYLE_ASSIGNMENT((#564));
#231=ADVANCED_FACE('',(#565),#566,.F.);
#232=PRESENTATION_STYLE_ASSIGNMENT((#567));
#233=ADVANCED_FACE('',(#568),#569,.T.);
#234=PRESENTATION_STYLE_ASSIGNMENT((#570));
#235=ADVANCED_FACE('',(#571),#572,.F.);
#236=PRESENTATION_STYLE_ASSIGNMENT((#573));
#237=ADVANCED_FACE('',(#574),#575,.T.);
#238=PRESENTATION_STYLE_ASSIGNMENT((#576));
#239=ADVANCED_FACE('',(#577),#578,.F.);
#240=PRESENTATION_STYLE_ASSIGNMENT((#579));
#241=ADVANCED_FACE('',(#580),#581,.F.);
#242=PRESENTATION_STYLE_ASSIGNMENT((#582));
#243=ADVANCED_FACE('',(#583),#584,.F.);
#244=PRESENTATION_STYLE_ASSIGNMENT((#585));
#245=ADVANCED_FACE('',(#586),#587,.F.);
#246=PRESENTATION_STYLE_ASSIGNMENT((#588));
#247=ADVANCED_FACE('',(#589),#590,.F.);
#248=PRESENTATION_STYLE_ASSIGNMENT((#591));
#249=ADVANCED_FACE('',(#592),#593,.F.);
#250=PRESENTATION_STYLE_ASSIGNMENT((#594));
#251=ADVANCED_FACE('',(#595),#596,.F.);
#252=PRESENTATION_STYLE_ASSIGNMENT((#597));
#253=ADVANCED_FACE('',(#598),#599,.F.);
#254=PRESENTATION_STYLE_ASSIGNMENT((#600));
#255=ADVANCED_FACE('',(#601),#602,.F.);
#256=PRESENTATION_STYLE_ASSIGNMENT((#603));
#257=ADVANCED_FACE('',(#604),#605,.T.);
#258=PRESENTATION_STYLE_ASSIGNMENT((#606));
#259=ADVANCED_FACE('',(#607),#608,.T.);
#260=PRESENTATION_STYLE_ASSIGNMENT((#609));
#261=ADVANCED_FACE('',(#610),#611,.F.);
#262=PRESENTATION_STYLE_ASSIGNMENT((#612));
#263=ADVANCED_FACE('',(#613),#614,.F.);
#264=PRESENTATION_STYLE_ASSIGNMENT((#615));
#265=ADVANCED_FACE('',(#616),#617,.F.);
#266=PRESENTATION_STYLE_ASSIGNMENT((#618));
#267=ADVANCED_FACE('',(#619),#620,.F.);
#268=PRESENTATION_STYLE_ASSIGNMENT((#621));
#269=ADVANCED_FACE('',(#622),#623,.F.);
#270=PRESENTATION_STYLE_ASSIGNMENT((#624));
#271=ADVANCED_FACE('',(#625),#626,.F.);
#272=PRESENTATION_STYLE_ASSIGNMENT((#627));
#273=ADVANCED_FACE('',(#628),#629,.T.);
#274=PRESENTATION_STYLE_ASSIGNMENT((#630));
#275=ADVANCED_FACE('',(#631),#632,.F.);
#276=PRESENTATION_STYLE_ASSIGNMENT((#633));
#277=ADVANCED_FACE('',(#634),#635,.F.);
#278=PRESENTATION_STYLE_ASSIGNMENT((#636));
#279=ADVANCED_FACE('',(#637),#638,.F.);
#280=PRESENTATION_STYLE_ASSIGNMENT((#639));
#281=ADVANCED_FACE('',(#640),#641,.T.);
#282=PRESENTATION_STYLE_ASSIGNMENT((#642));
#283=ADVANCED_FACE('',(#643),#644,.F.);
#284=PRESENTATION_STYLE_ASSIGNMENT((#645));
#285=ADVANCED_FACE('',(#646),#647,.T.);
#286=PRESENTATION_STYLE_ASSIGNMENT((#648));
#287=ADVANCED_FACE('',(#649),#650,.F.);
#288=PRESENTATION_STYLE_ASSIGNMENT((#651));
#289=ADVANCED_FACE('',(#652),#653,.F.);
#290=PRESENTATION_STYLE_ASSIGNMENT((#654));
#291=ADVANCED_FACE('',(#655),#656,.F.);
#292=PRESENTATION_STYLE_ASSIGNMENT((#657));
#293=ADVANCED_FACE('',(#658),#659,.F.);
#294=PRESENTATION_STYLE_ASSIGNMENT((#660));
#295=ADVANCED_FACE('',(#661),#662,.F.);
#296=PRESENTATION_STYLE_ASSIGNMENT((#663));
#297=ADVANCED_FACE('',(#664),#665,.T.);
#298=PRESENTATION_STYLE_ASSIGNMENT((#666));
#299=ADVANCED_FACE('',(#667),#668,.F.);
#300=PRESENTATION_STYLE_ASSIGNMENT((#669));
#301=ADVANCED_FACE('',(#670),#671,.T.);
#302=PRESENTATION_STYLE_ASSIGNMENT((#672));
#303=ADVANCED_FACE('',(#673),#674,.F.);
#304=PRESENTATION_STYLE_ASSIGNMENT((#675));
#305=ADVANCED_FACE('',(#676),#677,.F.);
#306=PRESENTATION_STYLE_ASSIGNMENT((#678));
#307=ADVANCED_FACE('',(#679,#680),#681,.F.);
#308=PRESENTATION_STYLE_ASSIGNMENT((#682));
#309=ADVANCED_FACE('',(#683),#684,.T.);
#310=PRESENTATION_STYLE_ASSIGNMENT((#685));
#311=ADVANCED_FACE('',(#686),#687,.F.);
#312=PRESENTATION_STYLE_ASSIGNMENT((#688));
#313=ADVANCED_FACE('',(#689),#690,.F.);
#314=PRESENTATION_STYLE_ASSIGNMENT((#691));
#315=ADVANCED_FACE('',(#692),#693,.F.);
#316=PRESENTATION_STYLE_ASSIGNMENT((#694));
#317=ADVANCED_FACE('',(#695),#696,.F.);
#318=PRESENTATION_STYLE_ASSIGNMENT((#697));
#319=ADVANCED_FACE('',(#698),#699,.F.);
#320=PRESENTATION_STYLE_ASSIGNMENT((#700));
#321=ADVANCED_FACE('',(#701),#702,.F.);
#322=PRESENTATION_STYLE_ASSIGNMENT((#703));
#323=ADVANCED_FACE('',(#704),#705,.F.);
#324=PRESENTATION_STYLE_ASSIGNMENT((#706));
#325=ADVANCED_FACE('',(#707),#708,.F.);
#326=PRESENTATION_STYLE_ASSIGNMENT((#709));
#327=ADVANCED_FACE('',(#710,#711),#712,.F.);
#328=PRESENTATION_STYLE_ASSIGNMENT((#713));
#329=ADVANCED_FACE('',(#714),#715,.T.);
#330=PRESENTATION_STYLE_ASSIGNMENT((#716));
#331=ADVANCED_FACE('',(#717),#718,.F.);
#332=PRESENTATION_STYLE_ASSIGNMENT((#719));
#333=ADVANCED_FACE('',(#720),#721,.F.);
#334=PRESENTATION_STYLE_ASSIGNMENT((#722));
#335=ADVANCED_FACE('',(#723),#724,.F.);
#336=PRESENTATION_STYLE_ASSIGNMENT((#725));
#337=ADVANCED_FACE('',(#726),#727,.T.);
#338=PRESENTATION_STYLE_ASSIGNMENT((#728));
#339=ADVANCED_FACE('',(#729),#730,.F.);
#340=PRESENTATION_STYLE_ASSIGNMENT((#731));
#341=ADVANCED_FACE('',(#732),#733,.F.);
#342=PRESENTATION_STYLE_ASSIGNMENT((#734));
#343=ADVANCED_FACE('',(#735),#736,.F.);
#344=PRESENTATION_STYLE_ASSIGNMENT((#737));
#345=ADVANCED_FACE('',(#738),#739,.F.);
#346=PRESENTATION_STYLE_ASSIGNMENT((#740));
#347=ADVANCED_FACE('',(#741),#742,.F.);
#348=PRESENTATION_STYLE_ASSIGNMENT((#743));
#349=ADVANCED_FACE('',(#744),#745,.F.);
#350=PRESENTATION_STYLE_ASSIGNMENT((#746));
#351=ADVANCED_FACE('',(#747),#748,.F.);
#352=PRESENTATION_STYLE_ASSIGNMENT((#749));
#353=ADVANCED_FACE('',(#750),#751,.F.);
#354=PRESENTATION_STYLE_ASSIGNMENT((#752));
#355=ADVANCED_FACE('',(#753),#754,.F.);
#356=PRESENTATION_STYLE_ASSIGNMENT((#755));
#357=ADVANCED_FACE('',(#756),#757,.F.);
#358=PRESENTATION_STYLE_ASSIGNMENT((#758));
#359=ADVANCED_FACE('',(#759),#760,.F.);
#360=PRESENTATION_STYLE_ASSIGNMENT((#761));
#361=ADVANCED_FACE('',(#762),#763,.F.);
#362=PRESENTATION_STYLE_ASSIGNMENT((#764));
#363=ADVANCED_FACE('',(#765),#766,.F.);
#364=PRESENTATION_STYLE_ASSIGNMENT((#767));
#365=ADVANCED_FACE('',(#768),#769,.T.);
#366=PRESENTATION_STYLE_ASSIGNMENT((#770));
#367=ADVANCED_FACE('',(#771),#772,.F.);
#368=PRESENTATION_STYLE_ASSIGNMENT((#773));
#369=ADVANCED_FACE('',(#774),#775,.F.);
#370=PRESENTATION_STYLE_ASSIGNMENT((#776));
#371=ADVANCED_FACE('',(#777),#778,.F.);
#372=PRESENTATION_STYLE_ASSIGNMENT((#779));
#373=ADVANCED_FACE('',(#780),#781,.F.);
#374=PRESENTATION_STYLE_ASSIGNMENT((#782));
#375=ADVANCED_FACE('',(#783),#784,.T.);
#376=PRESENTATION_STYLE_ASSIGNMENT((#785));
#377=ADVANCED_FACE('',(#786),#787,.F.);
#378=PRESENTATION_STYLE_ASSIGNMENT((#788));
#379=ADVANCED_FACE('',(#789),#790,.T.);
#380=PRESENTATION_STYLE_ASSIGNMENT((#791));
#381=ADVANCED_FACE('',(#792),#793,.F.);
#382=PRESENTATION_STYLE_ASSIGNMENT((#794));
#383=ADVANCED_FACE('',(#795),#796,.F.);
#384=PRESENTATION_STYLE_ASSIGNMENT((#797));
#385=ADVANCED_FACE('',(#798),#799,.T.);
#386=PRESENTATION_STYLE_ASSIGNMENT((#800));
#387=ADVANCED_FACE('',(#801),#802,.F.);
#388=PRESENTATION_STYLE_ASSIGNMENT((#803));
#389=ADVANCED_FACE('',(#804),#805,.F.);
#390=PRESENTATION_STYLE_ASSIGNMENT((#806));
#391=ADVANCED_FACE('',(#807),#808,.F.);
#392=PRESENTATION_STYLE_ASSIGNMENT((#809));
#393=ADVANCED_FACE('',(#810),#811,.T.);
#394=PRESENTATION_STYLE_ASSIGNMENT((#812));
#395=ADVANCED_FACE('',(#813),#814,.F.);
#396=PRESENTATION_STYLE_ASSIGNMENT((#815));
#397=ADVANCED_FACE('',(#816),#817,.F.);
#398=PRESENTATION_STYLE_ASSIGNMENT((#818));
#399=ADVANCED_FACE('',(#819),#820,.T.);
#400=PRESENTATION_STYLE_ASSIGNMENT((#821));
#401=ADVANCED_FACE('',(#822),#823,.T.);
#402=PRESENTATION_STYLE_ASSIGNMENT((#824));
#403=ADVANCED_FACE('',(#825),#826,.F.);
#404=PRESENTATION_STYLE_ASSIGNMENT((#827));
#405=ADVANCED_FACE('',(#828),#829,.T.);
#406=PRESENTATION_STYLE_ASSIGNMENT((#830));
#407=ADVANCED_FACE('',(#831),#832,.F.);
#408=PRESENTATION_STYLE_ASSIGNMENT((#833));
#409=ADVANCED_FACE('',(#834),#835,.F.);
#410=PRESENTATION_STYLE_ASSIGNMENT((#836));
#411=ADVANCED_FACE('',(#837),#838,.F.);
#412=PRESENTATION_STYLE_ASSIGNMENT((#839));
#413=ADVANCED_FACE('',(#840),#841,.T.);
#414=PRESENTATION_STYLE_ASSIGNMENT((#842));
#415=ADVANCED_FACE('',(#843),#844,.T.);
#416=PRESENTATION_STYLE_ASSIGNMENT((#845));
#417=ADVANCED_FACE('',(#846),#847,.T.);
#418=PRESENTATION_STYLE_ASSIGNMENT((#848));
#419=ADVANCED_FACE('',(#849),#850,.T.);
#420=PRESENTATION_STYLE_ASSIGNMENT((#851));
#421=ADVANCED_FACE('',(#852),#853,.T.);
#422=PRESENTATION_STYLE_ASSIGNMENT((#854));
#423=ADVANCED_FACE('',(#855),#856,.T.);
#424=PRESENTATION_STYLE_ASSIGNMENT((#857));
#425=ADVANCED_FACE('',(#858),#859,.F.);
#426=PRESENTATION_STYLE_ASSIGNMENT((#860));
#427=ADVANCED_FACE('',(#861),#862,.F.);
#428=PRESENTATION_STYLE_ASSIGNMENT((#863));
#429=ADVANCED_FACE('',(#864),#865,.F.);
#430=PRESENTATION_STYLE_ASSIGNMENT((#866));
#431=ADVANCED_FACE('',(#867),#868,.F.);
#432=PRESENTATION_STYLE_ASSIGNMENT((#869));
#433=ADVANCED_FACE('',(#870),#871,.F.);
#434=PRESENTATION_STYLE_ASSIGNMENT((#872));
#435=ADVANCED_FACE('',(#873),#874,.F.);
#436=PRESENTATION_STYLE_ASSIGNMENT((#875));
#437=ADVANCED_FACE('',(#876),#877,.F.);
#438=PRESENTATION_STYLE_ASSIGNMENT((#878));
#439=ADVANCED_FACE('',(#879),#880,.F.);
#440=PRESENTATION_STYLE_ASSIGNMENT((#881));
#441=ADVANCED_FACE('',(#882),#883,.F.);
#442=PRESENTATION_STYLE_ASSIGNMENT((#884));
#443=ADVANCED_FACE('',(#885),#886,.F.);
#444=PRESENTATION_STYLE_ASSIGNMENT((#887));
#445=ADVANCED_FACE('',(#888),#889,.F.);
#446=PRESENTATION_STYLE_ASSIGNMENT((#890));
#447=ADVANCED_FACE('',(#891),#892,.F.);
#448=PRESENTATION_STYLE_ASSIGNMENT((#893));
#449=ADVANCED_FACE('',(#894),#895,.T.);
#450=PRESENTATION_STYLE_ASSIGNMENT((#896));
#451=MANIFOLD_SOLID_BREP('UT_1.5-VT-Select',#897);
#452=PRODUCT('UT_1.5-VT-Select','','PART--DESC',(#898));
#453=PRODUCT_DEFINITION('','NONE',#899,#2);
#454=AXIS2_PLACEMENT_3D('',#900,#901,#902);
#457=LENGTH_MEASURE_WITH_UNIT(LENGTH_MEASURE(1.0),#903);
#460=DIMENSIONAL_EXPONENTS(1.0,0.0,0.0,0.0,0.0,0.0,0.0);
#462=DIMENSIONAL_EXPONENTS(0.0,0.0,0.0,0.0,0.0,0.0,0.0);
#468=SURFACE_STYLE_USAGE(.BOTH.,#904);
#469=FACE_OUTER_BOUND('',#905,.T.);
#470=CYLINDRICAL_SURFACE('',#906,1.50000000000001);
#471=SURFACE_STYLE_USAGE(.BOTH.,#907);
#472=FACE_OUTER_BOUND('',#908,.T.);
#473=CYLINDRICAL_SURFACE('',#909,1.50000000000001);
#474=SURFACE_STYLE_USAGE(.BOTH.,#910);
#475=FACE_OUTER_BOUND('',#911,.T.);
#476=CYLINDRICAL_SURFACE('',#912,1.50000000000001);
#477=SURFACE_STYLE_USAGE(.BOTH.,#913);
#478=FACE_OUTER_BOUND('',#914,.T.);
#479=CYLINDRICAL_SURFACE('',#915,1.50000000000001);
#480=SURFACE_STYLE_USAGE(.BOTH.,#916);
#481=FACE_OUTER_BOUND('',#917,.T.);
#482=CYLINDRICAL_SURFACE('',#918,0.75);
#483=SURFACE_STYLE_USAGE(.BOTH.,#919);
#484=FACE_OUTER_BOUND('',#920,.T.);
#485=CYLINDRICAL_SURFACE('',#921,7.5);
#486=SURFACE_STYLE_USAGE(.BOTH.,#922);
#487=FACE_OUTER_BOUND('',#923,.T.);
#488=CYLINDRICAL_SURFACE('',#924,0.5);
#489=SURFACE_STYLE_USAGE(.BOTH.,#925);
#490=FACE_OUTER_BOUND('',#926,.T.);
#491=CYLINDRICAL_SURFACE('',#927,0.900000000000001);
#492=SURFACE_STYLE_USAGE(.BOTH.,#928);
#493=FACE_OUTER_BOUND('',#929,.T.);
#494=PLANE('',#930);
#495=SURFACE_STYLE_USAGE(.BOTH.,#931);
#496=FACE_OUTER_BOUND('',#932,.T.);
#497=CYLINDRICAL_SURFACE('',#933,0.4);
#498=SURFACE_STYLE_USAGE(.BOTH.,#934);
#499=FACE_OUTER_BOUND('',#935,.T.);
#500=PLANE('',#936);
#501=SURFACE_STYLE_USAGE(.BOTH.,#937);
#502=FACE_OUTER_BOUND('',#938,.T.);
#503=PLANE('',#939);
#504=SURFACE_STYLE_USAGE(.BOTH.,#940);
#505=FACE_OUTER_BOUND('',#941,.T.);
#506=CYLINDRICAL_SURFACE('',#942,9.5);
#507=SURFACE_STYLE_USAGE(.BOTH.,#943);
#508=FACE_OUTER_BOUND('',#944,.T.);
#509=PLANE('',#945);
#510=SURFACE_STYLE_USAGE(.BOTH.,#946);
#511=FACE_OUTER_BOUND('',#947,.T.);
#512=PLANE('',#948);
#513=SURFACE_STYLE_USAGE(.BOTH.,#949);
#514=FACE_OUTER_BOUND('',#950,.T.);
#515=CYLINDRICAL_SURFACE('',#951,0.900000000000001);
#516=SURFACE_STYLE_USAGE(.BOTH.,#952);
#517=FACE_OUTER_BOUND('',#953,.T.);
#518=PLANE('',#954);
#519=SURFACE_STYLE_USAGE(.BOTH.,#955);
#520=FACE_OUTER_BOUND('',#956,.T.);
#521=PLANE('',#957);
#522=SURFACE_STYLE_USAGE(.BOTH.,#958);
#523=FACE_OUTER_BOUND('',#959,.T.);
#524=PLANE('',#960);
#525=SURFACE_STYLE_USAGE(.BOTH.,#961);
#526=FACE_OUTER_BOUND('',#962,.T.);
#527=CYLINDRICAL_SURFACE('',#963,8.3);
#528=SURFACE_STYLE_USAGE(.BOTH.,#964);
#529=FACE_OUTER_BOUND('',#965,.T.);
#530=CYLINDRICAL_SURFACE('',#966,0.5);
#531=SURFACE_STYLE_USAGE(.BOTH.,#967);
#532=FACE_OUTER_BOUND('',#968,.T.);
#533=CYLINDRICAL_SURFACE('',#969,7.3);
#534=SURFACE_STYLE_USAGE(.BOTH.,#970);
#535=FACE_OUTER_BOUND('',#971,.T.);
#536=PLANE('',#972);
#537=SURFACE_STYLE_USAGE(.BOTH.,#973);
#538=FACE_OUTER_BOUND('',#974,.T.);
#539=PLANE('',#975);
#540=SURFACE_STYLE_USAGE(.BOTH.,#976);
#541=FACE_OUTER_BOUND('',#977,.T.);
#542=CYLINDRICAL_SURFACE('',#978,0.2);
#543=SURFACE_STYLE_USAGE(.BOTH.,#979);
#544=FACE_OUTER_BOUND('',#980,.T.);
#545=PLANE('',#981);
#546=SURFACE_STYLE_USAGE(.BOTH.,#982);
#547=FACE_OUTER_BOUND('',#983,.T.);
#548=PLANE('',#984);
#549=SURFACE_STYLE_USAGE(.BOTH.,#985);
#550=FACE_OUTER_BOUND('',#986,.T.);
#551=PLANE('',#987);
#552=SURFACE_STYLE_USAGE(.BOTH.,#988);
#553=FACE_OUTER_BOUND('',#989,.T.);
#554=PLANE('',#990);
#555=SURFACE_STYLE_USAGE(.BOTH.,#991);
#556=FACE_OUTER_BOUND('',#992,.T.);
#557=PLANE('',#993);
#558=SURFACE_STYLE_USAGE(.BOTH.,#994);
#559=FACE_OUTER_BOUND('',#995,.T.);
#560=PLANE('',#996);
#561=SURFACE_STYLE_USAGE(.BOTH.,#997);
#562=FACE_OUTER_BOUND('',#998,.T.);
#563=CYLINDRICAL_SURFACE('',#999,32.1);
#564=SURFACE_STYLE_USAGE(.BOTH.,#1000);
#565=FACE_OUTER_BOUND('',#1001,.T.);
#566=PLANE('',#1002);
#567=SURFACE_STYLE_USAGE(.BOTH.,#1003);
#568=FACE_OUTER_BOUND('',#1004,.T.);
#569=PLANE('',#1005);
#570=SURFACE_STYLE_USAGE(.BOTH.,#1006);
#571=FACE_OUTER_BOUND('',#1007,.T.);
#572=PLANE('',#1008);
#573=SURFACE_STYLE_USAGE(.BOTH.,#1009);
#574=FACE_OUTER_BOUND('',#1010,.T.);
#575=PLANE('',#1011);
#576=SURFACE_STYLE_USAGE(.BOTH.,#1012);
#577=FACE_OUTER_BOUND('',#1013,.T.);
#578=PLANE('',#1014);
#579=SURFACE_STYLE_USAGE(.BOTH.,#1015);
#580=FACE_OUTER_BOUND('',#1016,.T.);
#581=PLANE('',#1017);
#582=SURFACE_STYLE_USAGE(.BOTH.,#1018);
#583=FACE_OUTER_BOUND('',#1019,.T.);
#584=PLANE('',#1020);
#585=SURFACE_STYLE_USAGE(.BOTH.,#1021);
#586=FACE_OUTER_BOUND('',#1022,.T.);
#587=PLANE('',#1023);
#588=SURFACE_STYLE_USAGE(.BOTH.,#1024);
#589=FACE_OUTER_BOUND('',#1025,.T.);
#590=PLANE('',#1026);
#591=SURFACE_STYLE_USAGE(.BOTH.,#1027);
#592=FACE_OUTER_BOUND('',#1028,.T.);
#593=PLANE('',#1029);
#594=SURFACE_STYLE_USAGE(.BOTH.,#1030);
#595=FACE_OUTER_BOUND('',#1031,.T.);
#596=CYLINDRICAL_SURFACE('',#1032,7.0);
#597=SURFACE_STYLE_USAGE(.BOTH.,#1033);
#598=FACE_OUTER_BOUND('',#1034,.T.);
#599=CYLINDRICAL_SURFACE('',#1035,25.0);
#600=SURFACE_STYLE_USAGE(.BOTH.,#1036);
#601=FACE_OUTER_BOUND('',#1037,.T.);
#602=PLANE('',#1038);
#603=SURFACE_STYLE_USAGE(.BOTH.,#1039);
#604=FACE_OUTER_BOUND('',#1040,.T.);
#605=PLANE('',#1041);
#606=SURFACE_STYLE_USAGE(.BOTH.,#1042);
#607=FACE_OUTER_BOUND('',#1043,.T.);
#608=PLANE('',#1044);
#609=SURFACE_STYLE_USAGE(.BOTH.,#1045);
#610=FACE_OUTER_BOUND('',#1046,.T.);
#611=PLANE('',#1047);
#612=SURFACE_STYLE_USAGE(.BOTH.,#1048);
#613=FACE_OUTER_BOUND('',#1049,.T.);
#614=PLANE('',#1050);
#615=SURFACE_STYLE_USAGE(.BOTH.,#1051);
#616=FACE_OUTER_BOUND('',#1052,.T.);
#617=PLANE('',#1053);
#618=SURFACE_STYLE_USAGE(.BOTH.,#1054);
#619=FACE_OUTER_BOUND('',#1055,.T.);
#620=PLANE('',#1056);
#621=SURFACE_STYLE_USAGE(.BOTH.,#1057);
#622=FACE_OUTER_BOUND('',#1058,.T.);
#623=CYLINDRICAL_SURFACE('',#1059,7.5);
#624=SURFACE_STYLE_USAGE(.BOTH.,#1060);
#625=FACE_OUTER_BOUND('',#1061,.T.);
#626=PLANE('',#1062);
#627=SURFACE_STYLE_USAGE(.BOTH.,#1063);
#628=FACE_OUTER_BOUND('',#1064,.T.);
#629=PLANE('',#1065);
#630=SURFACE_STYLE_USAGE(.BOTH.,#1066);
#631=FACE_OUTER_BOUND('',#1067,.T.);
#632=PLANE('',#1068);
#633=SURFACE_STYLE_USAGE(.BOTH.,#1069);
#634=FACE_OUTER_BOUND('',#1070,.T.);
#635=PLANE('',#1071);
#636=SURFACE_STYLE_USAGE(.BOTH.,#1072);
#637=FACE_OUTER_BOUND('',#1073,.T.);
#638=PLANE('',#1074);
#639=SURFACE_STYLE_USAGE(.BOTH.,#1075);
#640=FACE_OUTER_BOUND('',#1076,.T.);
#641=PLANE('',#1077);
#642=SURFACE_STYLE_USAGE(.BOTH.,#1078);
#643=FACE_OUTER_BOUND('',#1079,.T.);
#644=PLANE('',#1080);
#645=SURFACE_STYLE_USAGE(.BOTH.,#1081);
#646=FACE_OUTER_BOUND('',#1082,.T.);
#647=PLANE('',#1083);
#648=SURFACE_STYLE_USAGE(.BOTH.,#1084);
#649=FACE_OUTER_BOUND('',#1085,.T.);
#650=PLANE('',#1086);
#651=SURFACE_STYLE_USAGE(.BOTH.,#1087);
#652=FACE_OUTER_BOUND('',#1088,.T.);
#653=PLANE('',#1089);
#654=SURFACE_STYLE_USAGE(.BOTH.,#1090);
#655=FACE_OUTER_BOUND('',#1091,.T.);
#656=PLANE('',#1092);
#657=SURFACE_STYLE_USAGE(.BOTH.,#1093);
#658=FACE_OUTER_BOUND('',#1094,.T.);
#659=PLANE('',#1095);
#660=SURFACE_STYLE_USAGE(.BOTH.,#1096);
#661=FACE_OUTER_BOUND('',#1097,.T.);
#662=PLANE('',#1098);
#663=SURFACE_STYLE_USAGE(.BOTH.,#1099);
#664=FACE_OUTER_BOUND('',#1100,.T.);
#665=PLANE('',#1101);
#666=SURFACE_STYLE_USAGE(.BOTH.,#1102);
#667=FACE_OUTER_BOUND('',#1103,.T.);
#668=PLANE('',#1104);
#669=SURFACE_STYLE_USAGE(.BOTH.,#1105);
#670=FACE_OUTER_BOUND('',#1106,.T.);
#671=PLANE('',#1107);
#672=SURFACE_STYLE_USAGE(.BOTH.,#1108);
#673=FACE_OUTER_BOUND('',#1109,.T.);
#674=PLANE('',#1110);
#675=SURFACE_STYLE_USAGE(.BOTH.,#1111);
#676=FACE_OUTER_BOUND('',#1112,.T.);
#677=PLANE('',#1113);
#678=SURFACE_STYLE_USAGE(.BOTH.,#1114);
#679=FACE_OUTER_BOUND('',#1115,.T.);
#680=FACE_BOUND('',#1116,.T.);
#681=PLANE('',#1117);
#682=SURFACE_STYLE_USAGE(.BOTH.,#1118);
#683=FACE_OUTER_BOUND('',#1119,.T.);
#684=PLANE('',#1120);
#685=SURFACE_STYLE_USAGE(.BOTH.,#1121);
#686=FACE_OUTER_BOUND('',#1122,.T.);
#687=PLANE('',#1123);
#688=SURFACE_STYLE_USAGE(.BOTH.,#1124);
#689=FACE_OUTER_BOUND('',#1125,.T.);
#690=PLANE('',#1126);
#691=SURFACE_STYLE_USAGE(.BOTH.,#1127);
#692=FACE_OUTER_BOUND('',#1128,.T.);
#693=PLANE('',#1129);
#694=SURFACE_STYLE_USAGE(.BOTH.,#1130);
#695=FACE_OUTER_BOUND('',#1131,.T.);
#696=PLANE('',#1132);
#697=SURFACE_STYLE_USAGE(.BOTH.,#1133);
#698=FACE_OUTER_BOUND('',#1134,.T.);
#699=PLANE('',#1135);
#700=SURFACE_STYLE_USAGE(.BOTH.,#1136);
#701=FACE_OUTER_BOUND('',#1137,.T.);
#702=PLANE('',#1138);
#703=SURFACE_STYLE_USAGE(.BOTH.,#1139);
#704=FACE_OUTER_BOUND('',#1140,.T.);
#705=PLANE('',#1141);
#706=SURFACE_STYLE_USAGE(.BOTH.,#1142);
#707=FACE_OUTER_BOUND('',#1143,.T.);
#708=PLANE('',#1144);
#709=SURFACE_STYLE_USAGE(.BOTH.,#1145);
#710=FACE_OUTER_BOUND('',#1146,.T.);
#711=FACE_BOUND('',#1147,.T.);
#712=PLANE('',#1148);
#713=SURFACE_STYLE_USAGE(.BOTH.,#1149);
#714=FACE_OUTER_BOUND('',#1150,.T.);
#715=PLANE('',#1151);
#716=SURFACE_STYLE_USAGE(.BOTH.,#1152);
#717=FACE_OUTER_BOUND('',#1153,.T.);
#718=PLANE('',#1154);
#719=SURFACE_STYLE_USAGE(.BOTH.,#1155);
#720=FACE_OUTER_BOUND('',#1156,.T.);
#721=PLANE('',#1157);
#722=SURFACE_STYLE_USAGE(.BOTH.,#1158);
#723=FACE_OUTER_BOUND('',#1159,.T.);
#724=PLANE('',#1160);
#725=SURFACE_STYLE_USAGE(.BOTH.,#1161);
#726=FACE_OUTER_BOUND('',#1162,.T.);
#727=PLANE('',#1163);
#728=SURFACE_STYLE_USAGE(.BOTH.,#1164);
#729=FACE_OUTER_BOUND('',#1165,.T.);
#730=PLANE('',#1166);
#731=SURFACE_STYLE_USAGE(.BOTH.,#1167);
#732=FACE_OUTER_BOUND('',#1168,.T.);
#733=PLANE('',#1169);
#734=SURFACE_STYLE_USAGE(.BOTH.,#1170);
#735=FACE_OUTER_BOUND('',#1171,.T.);
#736=PLANE('',#1172);
#737=SURFACE_STYLE_USAGE(.BOTH.,#1173);
#738=FACE_OUTER_BOUND('',#1174,.T.);
#739=PLANE('',#1175);
#740=SURFACE_STYLE_USAGE(.BOTH.,#1176);
#741=FACE_OUTER_BOUND('',#1177,.T.);
#742=PLANE('',#1178);
#743=SURFACE_STYLE_USAGE(.BOTH.,#1179);
#744=FACE_OUTER_BOUND('',#1180,.T.);
#745=PLANE('',#1181);
#746=SURFACE_STYLE_USAGE(.BOTH.,#1182);
#747=FACE_OUTER_BOUND('',#1183,.T.);
#748=PLANE('',#1184);
#749=SURFACE_STYLE_USAGE(.BOTH.,#1185);
#750=FACE_OUTER_BOUND('',#1186,.T.);
#751=PLANE('',#1187);
#752=SURFACE_STYLE_USAGE(.BOTH.,#1188);
#753=FACE_OUTER_BOUND('',#1189,.T.);
#754=PLANE('',#1190);
#755=SURFACE_STYLE_USAGE(.BOTH.,#1191);
#756=FACE_OUTER_BOUND('',#1192,.T.);
#757=PLANE('',#1193);
#758=SURFACE_STYLE_USAGE(.BOTH.,#1194);
#759=FACE_OUTER_BOUND('',#1195,.T.);
#760=PLANE('',#1196);
#761=SURFACE_STYLE_USAGE(.BOTH.,#1197);
#762=FACE_OUTER_BOUND('',#1198,.T.);
#763=CYLINDRICAL_SURFACE('',#1199,0.75);
#764=SURFACE_STYLE_USAGE(.BOTH.,#1200);
#765=FACE_OUTER_BOUND('',#1201,.T.);
#766=CYLINDRICAL_SURFACE('',#1202,7.0);
#767=SURFACE_STYLE_USAGE(.BOTH.,#1203);
#768=FACE_OUTER_BOUND('',#1204,.T.);
#769=PLANE('',#1205);
#770=SURFACE_STYLE_USAGE(.BOTH.,#1206);
#771=FACE_OUTER_BOUND('',#1207,.T.);
#772=PLANE('',#1208);
#773=SURFACE_STYLE_USAGE(.BOTH.,#1209);
#774=FACE_OUTER_BOUND('',#1210,.T.);
#775=PLANE('',#1211);
#776=SURFACE_STYLE_USAGE(.BOTH.,#1212);
#777=FACE_OUTER_BOUND('',#1213,.T.);
#778=PLANE('',#1214);
#779=SURFACE_STYLE_USAGE(.BOTH.,#1215);
#780=FACE_OUTER_BOUND('',#1216,.T.);
#781=PLANE('',#1217);
#782=SURFACE_STYLE_USAGE(.BOTH.,#1218);
#783=FACE_OUTER_BOUND('',#1219,.T.);
#784=PLANE('',#1220);
#785=SURFACE_STYLE_USAGE(.BOTH.,#1221);
#786=FACE_OUTER_BOUND('',#1222,.T.);
#787=PLANE('',#1223);
#788=SURFACE_STYLE_USAGE(.BOTH.,#1224);
#789=FACE_OUTER_BOUND('',#1225,.T.);
#790=PLANE('',#1226);
#791=SURFACE_STYLE_USAGE(.BOTH.,#1227);
#792=FACE_OUTER_BOUND('',#1228,.T.);
#793=CYLINDRICAL_SURFACE('',#1229,1.50000000000001);
#794=SURFACE_STYLE_USAGE(.BOTH.,#1230);
#795=FACE_OUTER_BOUND('',#1231,.T.);
#796=PLANE('',#1232);
#797=SURFACE_STYLE_USAGE(.BOTH.,#1233);
#798=FACE_OUTER_BOUND('',#1234,.T.);
#799=PLANE('',#1235);
#800=SURFACE_STYLE_USAGE(.BOTH.,#1236);
#801=FACE_OUTER_BOUND('',#1237,.T.);
#802=CYLINDRICAL_SURFACE('',#1238,1.50000000000001);
#803=SURFACE_STYLE_USAGE(.BOTH.,#1239);
#804=FACE_OUTER_BOUND('',#1240,.T.);
#805=PLANE('',#1241);
#806=SURFACE_STYLE_USAGE(.BOTH.,#1242);
#807=FACE_OUTER_BOUND('',#1243,.T.);
#808=PLANE('',#1244);
#809=SURFACE_STYLE_USAGE(.BOTH.,#1245);
#810=FACE_OUTER_BOUND('',#1246,.T.);
#811=PLANE('',#1247);
#812=SURFACE_STYLE_USAGE(.BOTH.,#1248);
#813=FACE_OUTER_BOUND('',#1249,.T.);
#814=PLANE('',#1250);
#815=SURFACE_STYLE_USAGE(.BOTH.,#1251);
#816=FACE_OUTER_BOUND('',#1252,.T.);
#817=PLANE('',#1253);
#818=SURFACE_STYLE_USAGE(.BOTH.,#1254);
#819=FACE_OUTER_BOUND('',#1255,.T.);
#820=PLANE('',#1256);
#821=SURFACE_STYLE_USAGE(.BOTH.,#1257);
#822=FACE_OUTER_BOUND('',#1258,.T.);
#823=PLANE('',#1259);
#824=SURFACE_STYLE_USAGE(.BOTH.,#1260);
#825=FACE_OUTER_BOUND('',#1261,.T.);
#826=PLANE('',#1262);
#827=SURFACE_STYLE_USAGE(.BOTH.,#1263);
#828=FACE_OUTER_BOUND('',#1264,.T.);
#829=PLANE('',#1265);
#830=SURFACE_STYLE_USAGE(.BOTH.,#1266);
#831=FACE_OUTER_BOUND('',#1267,.T.);
#832=PLANE('',#1268);
#833=SURFACE_STYLE_USAGE(.BOTH.,#1269);
#834=FACE_OUTER_BOUND('',#1270,.T.);
#835=PLANE('',#1271);
#836=SURFACE_STYLE_USAGE(.BOTH.,#1272);
#837=FACE_OUTER_BOUND('',#1273,.T.);
#838=PLANE('',#1274);
#839=SURFACE_STYLE_USAGE(.BOTH.,#1275);
#840=FACE_OUTER_BOUND('',#1276,.T.);
#841=PLANE('',#1277);
#842=SURFACE_STYLE_USAGE(.BOTH.,#1278);
#843=FACE_OUTER_BOUND('',#1279,.T.);
#844=PLANE('',#1280);
#845=SURFACE_STYLE_USAGE(.BOTH.,#1281);
#846=FACE_OUTER_BOUND('',#1282,.T.);
#847=PLANE('',#1283);
#848=SURFACE_STYLE_USAGE(.BOTH.,#1284);
#849=FACE_OUTER_BOUND('',#1285,.T.);
#850=PLANE('',#1286);
#851=SURFACE_STYLE_USAGE(.BOTH.,#1287);
#852=FACE_OUTER_BOUND('',#1288,.T.);
#853=PLANE('',#1289);
#854=SURFACE_STYLE_USAGE(.BOTH.,#1290);
#855=FACE_OUTER_BOUND('',#1291,.T.);
#856=PLANE('',#1292);
#857=SURFACE_STYLE_USAGE(.BOTH.,#1293);
#858=FACE_OUTER_BOUND('',#1294,.T.);
#859=PLANE('',#1295);
#860=SURFACE_STYLE_USAGE(.BOTH.,#1296);
#861=FACE_OUTER_BOUND('',#1297,.T.);
#862=PLANE('',#1298);
#863=SURFACE_STYLE_USAGE(.BOTH.,#1299);
#864=FACE_OUTER_BOUND('',#1300,.T.);
#865=PLANE('',#1301);
#866=SURFACE_STYLE_USAGE(.BOTH.,#1302);
#867=FACE_OUTER_BOUND('',#1303,.T.);
#868=PLANE('',#1304);
#869=SURFACE_STYLE_USAGE(.BOTH.,#1305);
#870=FACE_OUTER_BOUND('',#1306,.T.);
#871=PLANE('',#1307);
#872=SURFACE_STYLE_USAGE(.BOTH.,#1308);
#873=FACE_OUTER_BOUND('',#1309,.T.);
#874=PLANE('',#1310);
#875=SURFACE_STYLE_USAGE(.BOTH.,#1311);
#876=FACE_OUTER_BOUND('',#1312,.T.);
#877=PLANE('',#1313);
#878=SURFACE_STYLE_USAGE(.BOTH.,#1314);
#879=FACE_OUTER_BOUND('',#1315,.T.);
#880=CYLINDRICAL_SURFACE('',#1316,7.0);
#881=SURFACE_STYLE_USAGE(.BOTH.,#1317);
#882=FACE_OUTER_BOUND('',#1318,.T.);
#883=PLANE('',#1319);
#884=SURFACE_STYLE_USAGE(.BOTH.,#1320);
#885=FACE_OUTER_BOUND('',#1321,.T.);
#886=CYLINDRICAL_SURFACE('',#1322,7.0);
#887=SURFACE_STYLE_USAGE(.BOTH.,#1323);
#888=FACE_OUTER_BOUND('',#1324,.T.);
#889=PLANE('',#1325);
#890=SURFACE_STYLE_USAGE(.BOTH.,#1326);
#891=FACE_OUTER_BOUND('',#1327,.T.);
#892=CYLINDRICAL_SURFACE('',#1328,25.0);
#893=SURFACE_STYLE_USAGE(.BOTH.,#1329);
#894=FACE_OUTER_BOUND('',#1330,.T.);
#895=PLANE('',#1331);
#896=SURFACE_STYLE_USAGE(.BOTH.,#1332);
#897=CLOSED_SHELL('',(#167,#169,#171,#173,#175,#177,#179,#181,#183,#185,#187,#189,#191,#193,#195,#197,#199,#201,#203,#205,#207,#209,#211,#213,#215,#217,#219,#221,#223,#225,#227,#229,#231,#233,#235,#237,#239,#241,#243,#245,#247,#249,#251,#253,#255,#257,#259,#261,#263,#265,#267,#269,#271,#273,#275,#277,#279,#281,#283,#285,#287,#289,#291,#293,#295,#297,#299,#301,#303,#305,#307,#309,#311,#313,#315,#317,#319,#321,#323,#325,#327,#329,#331,#333,#335,#337,#339,#341,#343,#345,#347,#349,#351,#353,#355,#357,#359,#361,#363,#365,#367,#369,#371,#373,#375,#377,#379,#381,#383,#385,#387,#389,#391,#393,#395,#397,#399,#401,#403,#405,#407,#409,#411,#413,#415,#417,#419,#421,#423,#425,#427,#429,#431,#433,#435,#437,#439,#441,#443,#445,#447,#449));
#898=PRODUCT_CONTEXT('',#153,'mechanical');
#899=PRODUCT_DEFINITION_FORMATION_WITH_SPECIFIED_SOURCE(' ','NONE',#452,.NOT_KNOWN.);
#900=CARTESIAN_POINT('',(0.0,0.0,0.0));
#901=DIRECTION('',(0.0,0.0,1.0));
#902=DIRECTION('',(1.0,0.0,0.0));
#903= (NAMED_UNIT(#460)LENGTH_UNIT()SI_UNIT(.MILLI.,.METRE.));
#904=SURFACE_SIDE_STYLE('',(#1334));
#905=EDGE_LOOP('',(#1335,#1336,#1337,#1338));
#906=AXIS2_PLACEMENT_3D('',#1339,#1340,#1341);
#907=SURFACE_SIDE_STYLE('',(#1342));
#908=EDGE_LOOP('',(#1343,#1344,#1345,#1346,#1347,#1348,#1349,#1350));
#909=AXIS2_PLACEMENT_3D('',#1351,#1352,#1353);
#910=SURFACE_SIDE_STYLE('',(#1354));
#911=EDGE_LOOP('',(#1355,#1356,#1357,#1358,#1359,#1360,#1361,#1362));
#912=AXIS2_PLACEMENT_3D('',#1363,#1364,#1365);
#913=SURFACE_SIDE_STYLE('',(#1366));
#914=EDGE_LOOP('',(#1367,#1368,#1369,#1370,#1371,#1372,#1373,#1374));
#915=AXIS2_PLACEMENT_3D('',#1375,#1376,#1377);
#916=SURFACE_SIDE_STYLE('',(#1378));
#917=EDGE_LOOP('',(#1379,#1380,#1381,#1382));
#918=AXIS2_PLACEMENT_3D('',#1383,#1384,#1385);
#919=SURFACE_SIDE_STYLE('',(#1386));
#920=EDGE_LOOP('',(#1387,#1388,#1389,#1390));
#921=AXIS2_PLACEMENT_3D('',#1391,#1392,#1393);
#922=SURFACE_SIDE_STYLE('',(#1394));
#923=EDGE_LOOP('',(#1395,#1396,#1397,#1398));
#924=AXIS2_PLACEMENT_3D('',#1399,#1400,#1401);
#925=SURFACE_SIDE_STYLE('',(#1402));
#926=EDGE_LOOP('',(#1403,#1404,#1405,#1406));
#927=AXIS2_PLACEMENT_3D('',#1407,#1408,#1409);
#928=SURFACE_SIDE_STYLE('',(#1410));
#929=EDGE_LOOP('',(#1411,#1412,#1413,#1414));
#930=AXIS2_PLACEMENT_3D('',#1415,#1416,#1417);
#931=SURFACE_SIDE_STYLE('',(#1418));
#932=EDGE_LOOP('',(#1419,#1420,#1421,#1422));
#933=AXIS2_PLACEMENT_3D('',#1423,#1424,#1425);
#934=SURFACE_SIDE_STYLE('',(#1426));
#935=EDGE_LOOP('',(#1427,#1428,#1429,#1430));
#936=AXIS2_PLACEMENT_3D('',#1431,#1432,#1433);
#937=SURFACE_SIDE_STYLE('',(#1434));
#938=EDGE_LOOP('',(#1435,#1436,#1437,#1438,#1439,#1440));
#939=AXIS2_PLACEMENT_3D('',#1441,#1442,#1443);
#940=SURFACE_SIDE_STYLE('',(#1444));
#941=EDGE_LOOP('',(#1445,#1446,#1447,#1448));
#942=AXIS2_PLACEMENT_3D('',#1449,#1450,#1451);
#943=SURFACE_SIDE_STYLE('',(#1452));
#944=EDGE_LOOP('',(#1453,#1454,#1455,#1456));
#945=AXIS2_PLACEMENT_3D('',#1457,#1458,#1459);
#946=SURFACE_SIDE_STYLE('',(#1460));
#947=EDGE_LOOP('',(#1461,#1462,#1463,#1464));
#948=AXIS2_PLACEMENT_3D('',#1465,#1466,#1467);
#949=SURFACE_SIDE_STYLE('',(#1468));
#950=EDGE_LOOP('',(#1469,#1470,#1471,#1472));
#951=AXIS2_PLACEMENT_3D('',#1473,#1474,#1475);
#952=SURFACE_SIDE_STYLE('',(#1476));
#953=EDGE_LOOP('',(#1477,#1478,#1479,#1480));
#954=AXIS2_PLACEMENT_3D('',#1481,#1482,#1483);
#955=SURFACE_SIDE_STYLE('',(#1484));
#956=EDGE_LOOP('',(#1485,#1486,#1487,#1488));
#957=AXIS2_PLACEMENT_3D('',#1489,#1490,#1491);
#958=SURFACE_SIDE_STYLE('',(#1492));
#959=EDGE_LOOP('',(#1493,#1494,#1495,#1496));
#960=AXIS2_PLACEMENT_3D('',#1497,#1498,#1499);
#961=SURFACE_SIDE_STYLE('',(#1500));
#962=EDGE_LOOP('',(#1501,#1502,#1503,#1504));
#963=AXIS2_PLACEMENT_3D('',#1505,#1506,#1507);
#964=SURFACE_SIDE_STYLE('',(#1508));
#965=EDGE_LOOP('',(#1509,#1510,#1511,#1512));
#966=AXIS2_PLACEMENT_3D('',#1513,#1514,#1515);
#967=SURFACE_SIDE_STYLE('',(#1516));
#968=EDGE_LOOP('',(#1517,#1518,#1519,#1520));
#969=AXIS2_PLACEMENT_3D('',#1521,#1522,#1523);
#970=SURFACE_SIDE_STYLE('',(#1524));
#971=EDGE_LOOP('',(#1525,#1526,#1527,#1528));
#972=AXIS2_PLACEMENT_3D('',#1529,#1530,#1531);
#973=SURFACE_SIDE_STYLE('',(#1532));
#974=EDGE_LOOP('',(#1533,#1534,#1535,#1536));
#975=AXIS2_PLACEMENT_3D('',#1537,#1538,#1539);
#976=SURFACE_SIDE_STYLE('',(#1540));
#977=EDGE_LOOP('',(#1541,#1542,#1543,#1544));
#978=AXIS2_PLACEMENT_3D('',#1545,#1546,#1547);
#979=SURFACE_SIDE_STYLE('',(#1548));
#980=EDGE_LOOP('',(#1549,#1550,#1551,#1552));
#981=AXIS2_PLACEMENT_3D('',#1553,#1554,#1555);
#982=SURFACE_SIDE_STYLE('',(#1556));
#983=EDGE_LOOP('',(#1557,#1558,#1559,#1560));
#984=AXIS2_PLACEMENT_3D('',#1561,#1562,#1563);
#985=SURFACE_SIDE_STYLE('',(#1564));
#986=EDGE_LOOP('',(#1565,#1566,#1567,#1568));
#987=AXIS2_PLACEMENT_3D('',#1569,#1570,#1571);
#988=SURFACE_SIDE_STYLE('',(#1572));
#989=EDGE_LOOP('',(#1573,#1574,#1575,#1576));
#990=AXIS2_PLACEMENT_3D('',#1577,#1578,#1579);
#991=SURFACE_SIDE_STYLE('',(#1580));
#992=EDGE_LOOP('',(#1581,#1582,#1583,#1584));
#993=AXIS2_PLACEMENT_3D('',#1585,#1586,#1587);
#994=SURFACE_SIDE_STYLE('',(#1588));
#995=EDGE_LOOP('',(#1589,#1590,#1591,#1592));
#996=AXIS2_PLACEMENT_3D('',#1593,#1594,#1595);
#997=SURFACE_SIDE_STYLE('',(#1596));
#998=EDGE_LOOP('',(#1597,#1598,#1599,#1600,#1601,#1602));
#999=AXIS2_PLACEMENT_3D('',#1603,#1604,#1605);
#1000=SURFACE_SIDE_STYLE('',(#1606));
#1001=EDGE_LOOP('',(#1607,#1608,#1609,#1610));
#1002=AXIS2_PLACEMENT_3D('',#1611,#1612,#1613);
#1003=SURFACE_SIDE_STYLE('',(#1614));
#1004=EDGE_LOOP('',(#1615,#1616,#1617,#1618,#1619,#1620));
#1005=AXIS2_PLACEMENT_3D('',#1621,#1622,#1623);
#1006=SURFACE_SIDE_STYLE('',(#1624));
#1007=EDGE_LOOP('',(#1625,#1626,#1627,#1628));
#1008=AXIS2_PLACEMENT_3D('',#1629,#1630,#1631);
#1009=SURFACE_SIDE_STYLE('',(#1632));
#1010=EDGE_LOOP('',(#1633,#1634,#1635,#1636,#1637,#1638,#1639,#1640));
#1011=AXIS2_PLACEMENT_3D('',#1641,#1642,#1643);
#1012=SURFACE_SIDE_STYLE('',(#1644));
#1013=EDGE_LOOP('',(#1645,#1646,#1647,#1648));
#1014=AXIS2_PLACEMENT_3D('',#1649,#1650,#1651);
#1015=SURFACE_SIDE_STYLE('',(#1652));
#1016=EDGE_LOOP('',(#1653,#1654,#1655,#1656));
#1017=AXIS2_PLACEMENT_3D('',#1657,#1658,#1659);
#1018=SURFACE_SIDE_STYLE('',(#1660));
#1019=EDGE_LOOP('',(#1661,#1662,#1663,#1664));
#1020=AXIS2_PLACEMENT_3D('',#1665,#1666,#1667);
#1021=SURFACE_SIDE_STYLE('',(#1668));
#1022=EDGE_LOOP('',(#1669,#1670,#1671,#1672));
#1023=AXIS2_PLACEMENT_3D('',#1673,#1674,#1675);
#1024=SURFACE_SIDE_STYLE('',(#1676));
#1025=EDGE_LOOP('',(#1677,#1678,#1679,#1680));
#1026=AXIS2_PLACEMENT_3D('',#1681,#1682,#1683);
#1027=SURFACE_SIDE_STYLE('',(#1684));
#1028=EDGE_LOOP('',(#1685,#1686,#1687,#1688,#1689,#1690));
#1029=AXIS2_PLACEMENT_3D('',#1691,#1692,#1693);
#1030=SURFACE_SIDE_STYLE('',(#1694));
#1031=EDGE_LOOP('',(#1695,#1696,#1697,#1698));
#1032=AXIS2_PLACEMENT_3D('',#1699,#1700,#1701);
#1033=SURFACE_SIDE_STYLE('',(#1702));
#1034=EDGE_LOOP('',(#1703,#1704,#1705,#1706,#1707,#1708,#1709,#1710));
#1035=AXIS2_PLACEMENT_3D('',#1711,#1712,#1713);
#1036=SURFACE_SIDE_STYLE('',(#1714));
#1037=EDGE_LOOP('',(#1715,#1716,#1717,#1718,#1719,#1720,#1721,#1722,#1723,#1724));
#1038=AXIS2_PLACEMENT_3D('',#1725,#1726,#1727);
#1039=SURFACE_SIDE_STYLE('',(#1728));
#1040=EDGE_LOOP('',(#1729,#1730,#1731,#1732,#1733,#1734,#1735));
#1041=AXIS2_PLACEMENT_3D('',#1736,#1737,#1738);
#1042=SURFACE_SIDE_STYLE('',(#1739));
#1043=EDGE_LOOP('',(#1740,#1741,#1742,#1743,#1744,#1745,#1746,#1747,#1748,#1749));
#1044=AXIS2_PLACEMENT_3D('',#1750,#1751,#1752);
#1045=SURFACE_SIDE_STYLE('',(#1753));
#1046=EDGE_LOOP('',(#1754,#1755,#1756,#1757,#1758,#1759));
#1047=AXIS2_PLACEMENT_3D('',#1760,#1761,#1762);
#1048=SURFACE_SIDE_STYLE('',(#1763));
#1049=EDGE_LOOP('',(#1764,#1765,#1766,#1767,#1768,#1769,#1770));
#1050=AXIS2_PLACEMENT_3D('',#1771,#1772,#1773);
#1051=SURFACE_SIDE_STYLE('',(#1774));
#1052=EDGE_LOOP('',(#1775,#1776,#1777,#1778));
#1053=AXIS2_PLACEMENT_3D('',#1779,#1780,#1781);
#1054=SURFACE_SIDE_STYLE('',(#1782));
#1055=EDGE_LOOP('',(#1783,#1784,#1785,#1786,#1787,#1788,#1789));
#1056=AXIS2_PLACEMENT_3D('',#1790,#1791,#1792);
#1057=SURFACE_SIDE_STYLE('',(#1793));
#1058=EDGE_LOOP('',(#1794,#1795,#1796,#1797));
#1059=AXIS2_PLACEMENT_3D('',#1798,#1799,#1800);
#1060=SURFACE_SIDE_STYLE('',(#1801));
#1061=EDGE_LOOP('',(#1802,#1803,#1804,#1805,#1806,#1807,#1808,#1809));
#1062=AXIS2_PLACEMENT_3D('',#1810,#1811,#1812);
#1063=SURFACE_SIDE_STYLE('',(#1813));
#1064=EDGE_LOOP('',(#1814,#1815,#1816,#1817));
#1065=AXIS2_PLACEMENT_3D('',#1818,#1819,#1820);
#1066=SURFACE_SIDE_STYLE('',(#1821));
#1067=EDGE_LOOP('',(#1822,#1823,#1824,#1825));
#1068=AXIS2_PLACEMENT_3D('',#1826,#1827,#1828);
#1069=SURFACE_SIDE_STYLE('',(#1829));
#1070=EDGE_LOOP('',(#1830,#1831,#1832,#1833));
#1071=AXIS2_PLACEMENT_3D('',#1834,#1835,#1836);
#1072=SURFACE_SIDE_STYLE('',(#1837));
#1073=EDGE_LOOP('',(#1838,#1839,#1840,#1841));
#1074=AXIS2_PLACEMENT_3D('',#1842,#1843,#1844);
#1075=SURFACE_SIDE_STYLE('',(#1845));
#1076=EDGE_LOOP('',(#1846,#1847,#1848,#1849,#1850,#1851,#1852));
#1077=AXIS2_PLACEMENT_3D('',#1853,#1854,#1855);
#1078=SURFACE_SIDE_STYLE('',(#1856));
#1079=EDGE_LOOP('',(#1857,#1858,#1859,#1860));
#1080=AXIS2_PLACEMENT_3D('',#1861,#1862,#1863);
#1081=SURFACE_SIDE_STYLE('',(#1864));
#1082=EDGE_LOOP('',(#1865,#1866,#1867,#1868,#1869,#1870,#1871));
#1083=AXIS2_PLACEMENT_3D('',#1872,#1873,#1874);
#1084=SURFACE_SIDE_STYLE('',(#1875));
#1085=EDGE_LOOP('',(#1876,#1877,#1878,#1879));
#1086=AXIS2_PLACEMENT_3D('',#1880,#1881,#1882);
#1087=SURFACE_SIDE_STYLE('',(#1883));
#1088=EDGE_LOOP('',(#1884,#1885,#1886,#1887));
#1089=AXIS2_PLACEMENT_3D('',#1888,#1889,#1890);
#1090=SURFACE_SIDE_STYLE('',(#1891));
#1091=EDGE_LOOP('',(#1892,#1893,#1894,#1895));
#1092=AXIS2_PLACEMENT_3D('',#1896,#1897,#1898);
#1093=SURFACE_SIDE_STYLE('',(#1899));
#1094=EDGE_LOOP('',(#1900,#1901,#1902,#1903));
#1095=AXIS2_PLACEMENT_3D('',#1904,#1905,#1906);
#1096=SURFACE_SIDE_STYLE('',(#1907));
#1097=EDGE_LOOP('',(#1908,#1909,#1910,#1911));
#1098=AXIS2_PLACEMENT_3D('',#1912,#1913,#1914);
#1099=SURFACE_SIDE_STYLE('',(#1915));
#1100=EDGE_LOOP('',(#1916,#1917,#1918,#1919));
#1101=AXIS2_PLACEMENT_3D('',#1920,#1921,#1922);
#1102=SURFACE_SIDE_STYLE('',(#1923));
#1103=EDGE_LOOP('',(#1924,#1925,#1926,#1927));
#1104=AXIS2_PLACEMENT_3D('',#1928,#1929,#1930);
#1105=SURFACE_SIDE_STYLE('',(#1931));
#1106=EDGE_LOOP('',(#1932,#1933,#1934,#1935));
#1107=AXIS2_PLACEMENT_3D('',#1936,#1937,#1938);
#1108=SURFACE_SIDE_STYLE('',(#1939));
#1109=EDGE_LOOP('',(#1940,#1941,#1942,#1943));
#1110=AXIS2_PLACEMENT_3D('',#1944,#1945,#1946);
#1111=SURFACE_SIDE_STYLE('',(#1947));
#1112=EDGE_LOOP('',(#1948,#1949,#1950,#1951));
#1113=AXIS2_PLACEMENT_3D('',#1952,#1953,#1954);
#1114=SURFACE_SIDE_STYLE('',(#1955));
#1115=EDGE_LOOP('',(#1956,#1957,#1958,#1959));
#1116=EDGE_LOOP('',(#1960,#1961,#1962,#1963));
#1117=AXIS2_PLACEMENT_3D('',#1964,#1965,#1966);
#1118=SURFACE_SIDE_STYLE('',(#1967));
#1119=EDGE_LOOP('',(#1968,#1969,#1970,#1971));
#1120=AXIS2_PLACEMENT_3D('',#1972,#1973,#1974);
#1121=SURFACE_SIDE_STYLE('',(#1975));
#1122=EDGE_LOOP('',(#1976,#1977,#1978,#1979));
#1123=AXIS2_PLACEMENT_3D('',#1980,#1981,#1982);
#1124=SURFACE_SIDE_STYLE('',(#1983));
#1125=EDGE_LOOP('',(#1984,#1985,#1986,#1987));
#1126=AXIS2_PLACEMENT_3D('',#1988,#1989,#1990);
#1127=SURFACE_SIDE_STYLE('',(#1991));
#1128=EDGE_LOOP('',(#1992,#1993,#1994,#1995,#1996,#1997,#1998,#1999));
#1129=AXIS2_PLACEMENT_3D('',#2000,#2001,#2002);
#1130=SURFACE_SIDE_STYLE('',(#2003));
#1131=EDGE_LOOP('',(#2004,#2005,#2006,#2007,#2008,#2009,#2010,#2011,#2012,#2013,#2014,#2015));
#1132=AXIS2_PLACEMENT_3D('',#2016,#2017,#2018);
#1133=SURFACE_SIDE_STYLE('',(#2019));
#1134=EDGE_LOOP('',(#2020,#2021,#2022,#2023,#2024,#2025,#2026,#2027));
#1135=AXIS2_PLACEMENT_3D('',#2028,#2029,#2030);
#1136=SURFACE_SIDE_STYLE('',(#2031));
#1137=EDGE_LOOP('',(#2032,#2033,#2034,#2035));
#1138=AXIS2_PLACEMENT_3D('',#2036,#2037,#2038);
#1139=SURFACE_SIDE_STYLE('',(#2039));
#1140=EDGE_LOOP('',(#2040,#2041,#2042,#2043));
#1141=AXIS2_PLACEMENT_3D('',#2044,#2045,#2046);
#1142=SURFACE_SIDE_STYLE('',(#2047));
#1143=EDGE_LOOP('',(#2048,#2049,#2050,#2051,#2052,#2053,#2054,#2055));
#1144=AXIS2_PLACEMENT_3D('',#2056,#2057,#2058);
#1145=SURFACE_SIDE_STYLE('',(#2059));
#1146=EDGE_LOOP('',(#2060,#2061,#2062,#2063));
#1147=EDGE_LOOP('',(#2064,#2065,#2066,#2067));
#1148=AXIS2_PLACEMENT_3D('',#2068,#2069,#2070);
#1149=SURFACE_SIDE_STYLE('',(#2071));
#1150=EDGE_LOOP('',(#2072,#2073,#2074,#2075,#2076,#2077));
#1151=AXIS2_PLACEMENT_3D('',#2078,#2079,#2080);
#1152=SURFACE_SIDE_STYLE('',(#2081));
#1153=EDGE_LOOP('',(#2082,#2083,#2084,#2085));
#1154=AXIS2_PLACEMENT_3D('',#2086,#2087,#2088);
#1155=SURFACE_SIDE_STYLE('',(#2089));
#1156=EDGE_LOOP('',(#2090,#2091,#2092,#2093));
#1157=AXIS2_PLACEMENT_3D('',#2094,#2095,#2096);
#1158=SURFACE_SIDE_STYLE('',(#2097));
#1159=EDGE_LOOP('',(#2098,#2099,#2100,#2101));
#1160=AXIS2_PLACEMENT_3D('',#2102,#2103,#2104);
#1161=SURFACE_SIDE_STYLE('',(#2105));
#1162=EDGE_LOOP('',(#2106,#2107,#2108,#2109));
#1163=AXIS2_PLACEMENT_3D('',#2110,#2111,#2112);
#1164=SURFACE_SIDE_STYLE('',(#2113));
#1165=EDGE_LOOP('',(#2114,#2115,#2116,#2117));
#1166=AXIS2_PLACEMENT_3D('',#2118,#2119,#2120);
#1167=SURFACE_SIDE_STYLE('',(#2121));
#1168=EDGE_LOOP('',(#2122,#2123,#2124,#2125));
#1169=AXIS2_PLACEMENT_3D('',#2126,#2127,#2128);
#1170=SURFACE_SIDE_STYLE('',(#2129));
#1171=EDGE_LOOP('',(#2130,#2131,#2132,#2133));
#1172=AXIS2_PLACEMENT_3D('',#2134,#2135,#2136);
#1173=SURFACE_SIDE_STYLE('',(#2137));
#1174=EDGE_LOOP('',(#2138,#2139,#2140,#2141));
#1175=AXIS2_PLACEMENT_3D('',#2142,#2143,#2144);
#1176=SURFACE_SIDE_STYLE('',(#2145));
#1177=EDGE_LOOP('',(#2146,#2147,#2148,#2149));
#1178=AXIS2_PLACEMENT_3D('',#2150,#2151,#2152);
#1179=SURFACE_SIDE_STYLE('',(#2153));
#1180=EDGE_LOOP('',(#2154,#2155,#2156,#2157));
#1181=AXIS2_PLACEMENT_3D('',#2158,#2159,#2160);
#1182=SURFACE_SIDE_STYLE('',(#2161));
#1183=EDGE_LOOP('',(#2162,#2163,#2164,#2165));
#1184=AXIS2_PLACEMENT_3D('',#2166,#2167,#2168);
#1185=SURFACE_SIDE_STYLE('',(#2169));
#1186=EDGE_LOOP('',(#2170,#2171,#2172,#2173,#2174,#2175,#2176,#2177));
#1187=AXIS2_PLACEMENT_3D('',#2178,#2179,#2180);
#1188=SURFACE_SIDE_STYLE('',(#2181));
#1189=EDGE_LOOP('',(#2182,#2183,#2184,#2185));
#1190=AXIS2_PLACEMENT_3D('',#2186,#2187,#2188);
#1191=SURFACE_SIDE_STYLE('',(#2189));
#1192=EDGE_LOOP('',(#2190,#2191,#2192,#2193,#2194,#2195,#2196));
#1193=AXIS2_PLACEMENT_3D('',#2197,#2198,#2199);
#1194=SURFACE_SIDE_STYLE('',(#2200));
#1195=EDGE_LOOP('',(#2201,#2202,#2203,#2204));
#1196=AXIS2_PLACEMENT_3D('',#2205,#2206,#2207);
#1197=SURFACE_SIDE_STYLE('',(#2208));
#1198=EDGE_LOOP('',(#2209,#2210,#2211,#2212));
#1199=AXIS2_PLACEMENT_3D('',#2213,#2214,#2215);
#1200=SURFACE_SIDE_STYLE('',(#2216));
#1201=EDGE_LOOP('',(#2217,#2218,#2219,#2220));
#1202=AXIS2_PLACEMENT_3D('',#2221,#2222,#2223);
#1203=SURFACE_SIDE_STYLE('',(#2224));
#1204=EDGE_LOOP('',(#2225,#2226,#2227,#2228));
#1205=AXIS2_PLACEMENT_3D('',#2229,#2230,#2231);
#1206=SURFACE_SIDE_STYLE('',(#2232));
#1207=EDGE_LOOP('',(#2233,#2234,#2235,#2236));
#1208=AXIS2_PLACEMENT_3D('',#2237,#2238,#2239);
#1209=SURFACE_SIDE_STYLE('',(#2240));
#1210=EDGE_LOOP('',(#2241,#2242,#2243,#2244));
#1211=AXIS2_PLACEMENT_3D('',#2245,#2246,#2247);
#1212=SURFACE_SIDE_STYLE('',(#2248));
#1213=EDGE_LOOP('',(#2249,#2250,#2251,#2252));
#1214=AXIS2_PLACEMENT_3D('',#2253,#2254,#2255);
#1215=SURFACE_SIDE_STYLE('',(#2256));
#1216=EDGE_LOOP('',(#2257,#2258,#2259,#2260));
#1217=AXIS2_PLACEMENT_3D('',#2261,#2262,#2263);
#1218=SURFACE_SIDE_STYLE('',(#2264));
#1219=EDGE_LOOP('',(#2265,#2266,#2267,#2268));
#1220=AXIS2_PLACEMENT_3D('',#2269,#2270,#2271);
#1221=SURFACE_SIDE_STYLE('',(#2272));
#1222=EDGE_LOOP('',(#2273,#2274,#2275,#2276));
#1223=AXIS2_PLACEMENT_3D('',#2277,#2278,#2279);
#1224=SURFACE_SIDE_STYLE('',(#2280));
#1225=EDGE_LOOP('',(#2281,#2282,#2283,#2284,#2285));
#1226=AXIS2_PLACEMENT_3D('',#2286,#2287,#2288);
#1227=SURFACE_SIDE_STYLE('',(#2289));
#1228=EDGE_LOOP('',(#2290,#2291,#2292,#2293));
#1229=AXIS2_PLACEMENT_3D('',#2294,#2295,#2296);
#1230=SURFACE_SIDE_STYLE('',(#2297));
#1231=EDGE_LOOP('',(#2298,#2299,#2300,#2301));
#1232=AXIS2_PLACEMENT_3D('',#2302,#2303,#2304);
#1233=SURFACE_SIDE_STYLE('',(#2305));
#1234=EDGE_LOOP('',(#2306,#2307,#2308,#2309,#2310));
#1235=AXIS2_PLACEMENT_3D('',#2311,#2312,#2313);
#1236=SURFACE_SIDE_STYLE('',(#2314));
#1237=EDGE_LOOP('',(#2315,#2316,#2317,#2318,#2319,#2320,#2321,#2322));
#1238=AXIS2_PLACEMENT_3D('',#2323,#2324,#2325);
#1239=SURFACE_SIDE_STYLE('',(#2326));
#1240=EDGE_LOOP('',(#2327,#2328,#2329,#2330));
#1241=AXIS2_PLACEMENT_3D('',#2331,#2332,#2333);
#1242=SURFACE_SIDE_STYLE('',(#2334));
#1243=EDGE_LOOP('',(#2335,#2336,#2337,#2338));
#1244=AXIS2_PLACEMENT_3D('',#2339,#2340,#2341);
#1245=SURFACE_SIDE_STYLE('',(#2342));
#1246=EDGE_LOOP('',(#2343,#2344,#2345));
#1247=AXIS2_PLACEMENT_3D('',#2346,#2347,#2348);
#1248=SURFACE_SIDE_STYLE('',(#2349));
#1249=EDGE_LOOP('',(#2350,#2351,#2352,#2353));
#1250=AXIS2_PLACEMENT_3D('',#2354,#2355,#2356);
#1251=SURFACE_SIDE_STYLE('',(#2357));
#1252=EDGE_LOOP('',(#2358,#2359,#2360,#2361));
#1253=AXIS2_PLACEMENT_3D('',#2362,#2363,#2364);
#1254=SURFACE_SIDE_STYLE('',(#2365));
#1255=EDGE_LOOP('',(#2366,#2367,#2368));
#1256=AXIS2_PLACEMENT_3D('',#2369,#2370,#2371);
#1257=SURFACE_SIDE_STYLE('',(#2372));
#1258=EDGE_LOOP('',(#2373,#2374,#2375,#2376));
#1259=AXIS2_PLACEMENT_3D('',#2377,#2378,#2379);
#1260=SURFACE_SIDE_STYLE('',(#2380));
#1261=EDGE_LOOP('',(#2381,#2382,#2383,#2384));
#1262=AXIS2_PLACEMENT_3D('',#2385,#2386,#2387);
#1263=SURFACE_SIDE_STYLE('',(#2388));
#1264=EDGE_LOOP('',(#2389,#2390,#2391,#2392));
#1265=AXIS2_PLACEMENT_3D('',#2393,#2394,#2395);
#1266=SURFACE_SIDE_STYLE('',(#2396));
#1267=EDGE_LOOP('',(#2397,#2398,#2399,#2400));
#1268=AXIS2_PLACEMENT_3D('',#2401,#2402,#2403);
#1269=SURFACE_SIDE_STYLE('',(#2404));
#1270=EDGE_LOOP('',(#2405,#2406,#2407,#2408));
#1271=AXIS2_PLACEMENT_3D('',#2409,#2410,#2411);
#1272=SURFACE_SIDE_STYLE('',(#2412));
#1273=EDGE_LOOP('',(#2413,#2414,#2415,#2416));
#1274=AXIS2_PLACEMENT_3D('',#2417,#2418,#2419);
#1275=SURFACE_SIDE_STYLE('',(#2420));
#1276=EDGE_LOOP('',(#2421,#2422,#2423,#2424));
#1277=AXIS2_PLACEMENT_3D('',#2425,#2426,#2427);
#1278=SURFACE_SIDE_STYLE('',(#2428));
#1279=EDGE_LOOP('',(#2429,#2430,#2431,#2432));
#1280=AXIS2_PLACEMENT_3D('',#2433,#2434,#2435);
#1281=SURFACE_SIDE_STYLE('',(#2436));
#1282=EDGE_LOOP('',(#2437,#2438,#2439,#2440));
#1283=AXIS2_PLACEMENT_3D('',#2441,#2442,#2443);
#1284=SURFACE_SIDE_STYLE('',(#2444));
#1285=EDGE_LOOP('',(#2445,#2446,#2447,#2448));
#1286=AXIS2_PLACEMENT_3D('',#2449,#2450,#2451);
#1287=SURFACE_SIDE_STYLE('',(#2452));
#1288=EDGE_LOOP('',(#2453,#2454,#2455,#2456));
#1289=AXIS2_PLACEMENT_3D('',#2457,#2458,#2459);
#1290=SURFACE_SIDE_STYLE('',(#2460));
#1291=EDGE_LOOP('',(#2461,#2462,#2463,#2464));
#1292=AXIS2_PLACEMENT_3D('',#2465,#2466,#2467);
#1293=SURFACE_SIDE_STYLE('',(#2468));
#1294=EDGE_LOOP('',(#2469,#2470,#2471,#2472));
#1295=AXIS2_PLACEMENT_3D('',#2473,#2474,#2475);
#1296=SURFACE_SIDE_STYLE('',(#2476));
#1297=EDGE_LOOP('',(#2477,#2478,#2479,#2480));
#1298=AXIS2_PLACEMENT_3D('',#2481,#2482,#2483);
#1299=SURFACE_SIDE_STYLE('',(#2484));
#1300=EDGE_LOOP('',(#2485,#2486,#2487,#2488));
#1301=AXIS2_PLACEMENT_3D('',#2489,#2490,#2491);
#1302=SURFACE_SIDE_STYLE('',(#2492));
#1303=EDGE_LOOP('',(#2493,#2494,#2495,#2496));
#1304=AXIS2_PLACEMENT_3D('',#2497,#2498,#2499);
#1305=SURFACE_SIDE_STYLE('',(#2500));
#1306=EDGE_LOOP('',(#2501,#2502,#2503,#2504,#2505,#2506,#2507,#2508,#2509,#2510,#2511,#2512,#2513,#2514,#2515,#2516,#2517,#2518,#2519,#2520,#2521,#2522,#2523,#2524,#2525,#2526,#2527,#2528,#2529,#2530,#2531,#2532,#2533,#2534,#2535,#2536,#2537,#2538,#2539,#2540,#2541,#2542,#2543,#2544,#2545,#2546,#2547,#2548,#2549,#2550,#2551,#2552,#2553,#2554,#2555,#2556,#2557,#2558,#2559,#2560,#2561,#2562,#2563,#2564,#2565,#2566,#2567));
#1307=AXIS2_PLACEMENT_3D('',#2568,#2569,#2570);
#1308=SURFACE_SIDE_STYLE('',(#2571));
#1309=EDGE_LOOP('',(#2572,#2573,#2574,#2575));
#1310=AXIS2_PLACEMENT_3D('',#2576,#2577,#2578);
#1311=SURFACE_SIDE_STYLE('',(#2579));
#1312=EDGE_LOOP('',(#2580,#2581,#2582,#2583));
#1313=AXIS2_PLACEMENT_3D('',#2584,#2585,#2586);
#1314=SURFACE_SIDE_STYLE('',(#2587));
#1315=EDGE_LOOP('',(#2588,#2589,#2590,#2591));
#1316=AXIS2_PLACEMENT_3D('',#2592,#2593,#2594);
#1317=SURFACE_SIDE_STYLE('',(#2595));
#1318=EDGE_LOOP('',(#2596,#2597,#2598,#2599,#2600,#2601,#2602,#2603));
#1319=AXIS2_PLACEMENT_3D('',#2604,#2605,#2606);
#1320=SURFACE_SIDE_STYLE('',(#2607));
#1321=EDGE_LOOP('',(#2608,#2609,#2610,#2611));
#1322=AXIS2_PLACEMENT_3D('',#2612,#2613,#2614);
#1323=SURFACE_SIDE_STYLE('',(#2615));
#1324=EDGE_LOOP('',(#2616,#2617,#2618,#2619));
#1325=AXIS2_PLACEMENT_3D('',#2620,#2621,#2622);
#1326=SURFACE_SIDE_STYLE('',(#2623));
#1327=EDGE_LOOP('',(#2624,#2625,#2626,#2627,#2628,#2629,#2630,#2631));
#1328=AXIS2_PLACEMENT_3D('',#2632,#2633,#2634);
#1329=SURFACE_SIDE_STYLE('',(#2635));
#1330=EDGE_LOOP('',(#2636,#2637,#2638,#2639,#2640,#2641,#2642,#2643,#2644,#2645,#2646,#2647,#2648,#2649,#2650,#2651,#2652,#2653,#2654,#2655,#2656,#2657,#2658,#2659,#2660,#2661,#2662,#2663,#2664,#2665,#2666,#2667,#2668,#2669,#2670,#2671,#2672,#2673,#2674,#2675,#2676,#2677,#2678,#2679,#2680,#2681,#2682,#2683,#2684,#2685,#2686,#2687,#2688,#2689,#2690,#2691,#2692,#2693,#2694,#2695,#2696,#2697,#2698,#2699,#2700,#2701,#2702,#2703,#2704,#2705,#2706,#2707,#2708,#2709,#2710));
#1331=AXIS2_PLACEMENT_3D('',#2711,#2712,#2713);
#1332=SURFACE_SIDE_STYLE('',(#2714));
#1334=SURFACE_STYLE_FILL_AREA(#2715);
#1335=ORIENTED_EDGE('',*,*,#2716,.T.);
#1336=ORIENTED_EDGE('',*,*,#2717,.T.);
#1337=ORIENTED_EDGE('',*,*,#2718,.T.);
#1338=ORIENTED_EDGE('',*,*,#2719,.F.);
#1339=CARTESIAN_POINT('',(2.40000000000151,15.7750000000152,38.1000000000109));
#1340=DIRECTION('',(-1.66533453693773E-16,-1.66533453693773E-16,1.0));
#1341=DIRECTION('',(0.0,-1.0,-1.66533453693773E-16));
#1342=SURFACE_STYLE_FILL_AREA(#2720);
#1343=ORIENTED_EDGE('',*,*,#2721,.F.);
#1344=ORIENTED_EDGE('',*,*,#2722,.T.);
#1345=ORIENTED_EDGE('',*,*,#2723,.F.);
#1346=ORIENTED_EDGE('',*,*,#2724,.T.);
#1347=ORIENTED_EDGE('',*,*,#2725,.T.);
#1348=ORIENTED_EDGE('',*,*,#2726,.T.);
#1349=ORIENTED_EDGE('',*,*,#2716,.F.);
#1350=ORIENTED_EDGE('',*,*,#2727,.F.);
#1351=CARTESIAN_POINT('',(2.40000000000151,15.7750000000152,38.1000000000109));
#1352=DIRECTION('',(-1.66533453693773E-16,-1.66533453693773E-16,1.0));
#1353=DIRECTION('',(0.0,-1.0,-1.66533453693773E-16));
#1354=SURFACE_STYLE_FILL_AREA(#2728);
#1355=ORIENTED_EDGE('',*,*,#2729,.T.);
#1356=ORIENTED_EDGE('',*,*,#2730,.T.);
#1357=ORIENTED_EDGE('',*,*,#2731,.F.);
#1358=ORIENTED_EDGE('',*,*,#2732,.F.);
#1359=ORIENTED_EDGE('',*,*,#2733,.F.);
#1360=ORIENTED_EDGE('',*,*,#2734,.F.);
#1361=ORIENTED_EDGE('',*,*,#2735,.T.);
#1362=ORIENTED_EDGE('',*,*,#2736,.F.);
#1363=CARTESIAN_POINT('',(2.40000000000151,32.2249999999838,38.1000000000109));
#1364=DIRECTION('',(1.66533453693773E-16,1.66533453693773E-16,-1.0));
#1365=DIRECTION('',(0.0,1.0,1.66533453693773E-16));
#1366=SURFACE_STYLE_FILL_AREA(#2737);
#1367=ORIENTED_EDGE('',*,*,#2738,.F.);
#1368=ORIENTED_EDGE('',*,*,#2739,.T.);
#1369=ORIENTED_EDGE('',*,*,#2729,.F.);
#1370=ORIENTED_EDGE('',*,*,#2740,.F.);
#1371=ORIENTED_EDGE('',*,*,#2741,.F.);
#1372=ORIENTED_EDGE('',*,*,#2742,.F.);
#1373=ORIENTED_EDGE('',*,*,#2743,.T.);
#1374=ORIENTED_EDGE('',*,*,#2744,.F.);
#1375=CARTESIAN_POINT('',(2.40000000000151,32.2249999999838,38.1000000000109));
#1376=DIRECTION('',(1.66533453693773E-16,1.66533453693773E-16,-1.0));
#1377=DIRECTION('',(0.0,1.0,1.66533453693773E-16));
#1378=SURFACE_STYLE_FILL_AREA(#2745);
#1379=ORIENTED_EDGE('',*,*,#2746,.F.);
#1380=ORIENTED_EDGE('',*,*,#2747,.T.);
#1381=ORIENTED_EDGE('',*,*,#2748,.F.);
#1382=ORIENTED_EDGE('',*,*,#2749,.F.);
#1383=CARTESIAN_POINT('',(1.1,2.58278633637482,4.60066604154056));
#1384=DIRECTION('',(-1.0,1.25998616806134E-31,-1.66533453693773E-16));
#1385=DIRECTION('',(2.02953226566517E-17,0.992546151641322,-0.121869343405147));
#1386=SURFACE_STYLE_FILL_AREA(#2750);
#1387=ORIENTED_EDGE('',*,*,#2751,.F.);
#1388=ORIENTED_EDGE('',*,*,#2752,.T.);
#1389=ORIENTED_EDGE('',*,*,#2753,.F.);
#1390=ORIENTED_EDGE('',*,*,#2754,.F.);
#1391=CARTESIAN_POINT('',(4.15000000000049,-3.10000000001818,11.3247092978861));
#1392=DIRECTION('',(-1.0,2.44929359829471E-16,-1.66533453693773E-16));
#1393=DIRECTION('',(2.44929359829471E-16,1.0,1.94289029309402E-16));
#1394=SURFACE_STYLE_FILL_AREA(#2755);
#1395=ORIENTED_EDGE('',*,*,#2756,.F.);
#1396=ORIENTED_EDGE('',*,*,#2757,.T.);
#1397=ORIENTED_EDGE('',*,*,#2758,.T.);
#1398=ORIENTED_EDGE('',*,*,#2759,.F.);
#1399=CARTESIAN_POINT('',(4.15000000000049,8.20670615743098,10.1999999999998));
#1400=DIRECTION('',(-1.0,2.44929359829471E-16,-1.66533453693773E-16));
#1401=DIRECTION('',(2.44929359829471E-16,1.0,1.94289029309402E-16));
#1402=SURFACE_STYLE_FILL_AREA(#2760);
#1403=ORIENTED_EDGE('',*,*,#2761,.F.);
#1404=ORIENTED_EDGE('',*,*,#2762,.T.);
#1405=ORIENTED_EDGE('',*,*,#2763,.F.);
#1406=ORIENTED_EDGE('',*,*,#2764,.F.);
#1407=CARTESIAN_POINT('',(4.15000000000049,0.900000000000002,3.94999999999977));
#1408=DIRECTION('',(-1.0,2.44929359829471E-16,-1.66533453693773E-16));
#1409=DIRECTION('',(2.44929359829471E-16,1.0,1.94289029309402E-16));
#1410=SURFACE_STYLE_FILL_AREA(#2765);
#1411=ORIENTED_EDGE('',*,*,#2766,.T.);
#1412=ORIENTED_EDGE('',*,*,#2767,.F.);
#1413=ORIENTED_EDGE('',*,*,#2768,.T.);
#1414=ORIENTED_EDGE('',*,*,#2769,.T.);
#1415=CARTESIAN_POINT('',(4.15000000000049,-7.105427357601E-15,1.49999999999969));
#1416=DIRECTION('',(2.44929359829471E-16,1.0,1.94289029309402E-16));
#1417=DIRECTION('',(1.0,-2.44929359829471E-16,0.0));
#1418=SURFACE_STYLE_FILL_AREA(#2770);
#1419=ORIENTED_EDGE('',*,*,#2771,.T.);
#1420=ORIENTED_EDGE('',*,*,#2772,.T.);
#1421=ORIENTED_EDGE('',*,*,#2766,.F.);
#1422=ORIENTED_EDGE('',*,*,#2773,.F.);
#1423=CARTESIAN_POINT('',(4.15000000000049,0.400000000000002,5.15710678118631));
#1424=DIRECTION('',(-1.0,2.44929359829471E-16,-1.66533453693773E-16));
#1425=DIRECTION('',(2.44929359829471E-16,1.0,1.94289029309402E-16));
#1426=SURFACE_STYLE_FILL_AREA(#2774);
#1427=ORIENTED_EDGE('',*,*,#2768,.F.);
#1428=ORIENTED_EDGE('',*,*,#2775,.F.);
#1429=ORIENTED_EDGE('',*,*,#2776,.T.);
#1430=ORIENTED_EDGE('',*,*,#2777,.T.);
#1431=CARTESIAN_POINT('',(4.15000000000049,4.70962355632478,-2.74447131687339E-13));
#1432=DIRECTION('',(-1.66533453693773E-16,-1.66533453693773E-16,1.0));
#1433=DIRECTION('',(1.0,0.0,1.66533453693773E-16));
#1434=SURFACE_STYLE_FILL_AREA(#2778);
#1435=ORIENTED_EDGE('',*,*,#2779,.T.);
#1436=ORIENTED_EDGE('',*,*,#2771,.F.);
#1437=ORIENTED_EDGE('',*,*,#2780,.F.);
#1438=ORIENTED_EDGE('',*,*,#2763,.T.);
#1439=ORIENTED_EDGE('',*,*,#2781,.T.);
#1440=ORIENTED_EDGE('',*,*,#2782,.T.);
#1441=CARTESIAN_POINT('',(4.15000000000049,0.682842712474688,5.43994949366087));
#1442=DIRECTION('',(-5.54342768458156E-17,-0.707106781186547,-0.707106781186548));
#1443=DIRECTION('',(0.0,-0.707106781186548,0.707106781186547));
#1444=SURFACE_STYLE_FILL_AREA(#2783);
#1445=ORIENTED_EDGE('',*,*,#2776,.F.);
#1446=ORIENTED_EDGE('',*,*,#2784,.T.);
#1447=ORIENTED_EDGE('',*,*,#2785,.T.);
#1448=ORIENTED_EDGE('',*,*,#2786,.F.);
#1449=CARTESIAN_POINT('',(4.15000000000049,-1.40000000000001,6.34999999999976));
#1450=DIRECTION('',(-1.0,2.44929359829471E-16,-1.66533453693773E-16));
#1451=DIRECTION('',(2.44929359829471E-16,1.0,1.94289029309402E-16));
#1452=SURFACE_STYLE_FILL_AREA(#2787);
#1453=ORIENTED_EDGE('',*,*,#2788,.T.);
#1454=ORIENTED_EDGE('',*,*,#2789,.F.);
#1455=ORIENTED_EDGE('',*,*,#2790,.F.);
#1456=ORIENTED_EDGE('',*,*,#2791,.T.);
#1457=CARTESIAN_POINT('',(4.15000000000049,1.49999999999999,3.27917960674978));
#1458=DIRECTION('',(-2.44929359829471E-16,-1.0,-1.94289029309402E-16));
#1459=DIRECTION('',(-1.0,2.44929359829471E-16,0.0));
#1460=SURFACE_STYLE_FILL_AREA(#2792);
#1461=ORIENTED_EDGE('',*,*,#2785,.F.);
#1462=ORIENTED_EDGE('',*,*,#2793,.T.);
#1463=ORIENTED_EDGE('',*,*,#2794,.T.);
#1464=ORIENTED_EDGE('',*,*,#2795,.F.);
#1465=CARTESIAN_POINT('',(4.15000000000049,7.69999999999992,5.38630372484522));
#1466=DIRECTION('',(-2.44929359829471E-16,-1.0,-1.94289029309402E-16));
#1467=DIRECTION('',(-1.0,2.44929359829471E-16,0.0));
#1468=SURFACE_STYLE_FILL_AREA(#2796);
#1469=ORIENTED_EDGE('',*,*,#2761,.T.);
#1470=ORIENTED_EDGE('',*,*,#2797,.F.);
#1471=ORIENTED_EDGE('',*,*,#2789,.T.);
#1472=ORIENTED_EDGE('',*,*,#2798,.T.);
#1473=CARTESIAN_POINT('',(4.15000000000049,0.900000000000002,3.94999999999977));
#1474=DIRECTION('',(-1.0,2.44929359829471E-16,-1.66533453693773E-16));
#1475=DIRECTION('',(2.44929359829471E-16,1.0,1.94289029309402E-16));
#1476=SURFACE_STYLE_FILL_AREA(#2799);
#1477=ORIENTED_EDGE('',*,*,#2794,.F.);
#1478=ORIENTED_EDGE('',*,*,#2800,.T.);
#1479=ORIENTED_EDGE('',*,*,#2801,.F.);
#1480=ORIENTED_EDGE('',*,*,#2802,.F.);
#1481=CARTESIAN_POINT('',(4.15000000000049,7.01743114854951,5.49028296342788));
#1482=DIRECTION('',(1.87246743901291E-16,0.0871557427476621,-0.996194698091745));
#1483=DIRECTION('',(-1.0,0.0,-1.87961996043515E-16));
#1484=SURFACE_STYLE_FILL_AREA(#2803);
#1485=ORIENTED_EDGE('',*,*,#2804,.F.);
#1486=ORIENTED_EDGE('',*,*,#2805,.T.);
#1487=ORIENTED_EDGE('',*,*,#2806,.F.);
#1488=ORIENTED_EDGE('',*,*,#2807,.F.);
#1489=CARTESIAN_POINT('',(1.40000000000151,14.8750000000152,28.3500000000108));
#1490=DIRECTION('',(-1.0,-6.12323399573676E-17,-1.66533453693773E-16));
#1491=DIRECTION('',(-1.66533453693773E-16,0.0,1.0));
#1492=SURFACE_STYLE_FILL_AREA(#2808);
#1493=ORIENTED_EDGE('',*,*,#2801,.T.);
#1494=ORIENTED_EDGE('',*,*,#2809,.F.);
#1495=ORIENTED_EDGE('',*,*,#2810,.F.);
#1496=ORIENTED_EDGE('',*,*,#2811,.T.);
#1497=CARTESIAN_POINT('',(4.15000000000049,6.79999999999993,6.54999999999974));
#1498=DIRECTION('',(-2.44929359829471E-16,-1.0,-1.94289029309402E-16));
#1499=DIRECTION('',(-1.0,2.44929359829471E-16,0.0));
#1500=SURFACE_STYLE_FILL_AREA(#2812);
#1501=ORIENTED_EDGE('',*,*,#2810,.T.);
#1502=ORIENTED_EDGE('',*,*,#2813,.F.);
#1503=ORIENTED_EDGE('',*,*,#2758,.F.);
#1504=ORIENTED_EDGE('',*,*,#2814,.T.);
#1505=CARTESIAN_POINT('',(4.1500000000005,15.1,6.54999999999977));
#1506=DIRECTION('',(-1.0,2.44929359829471E-16,-1.66533453693773E-16));
#1507=DIRECTION('',(2.44929359829471E-16,1.0,1.94289029309402E-16));
#1508=SURFACE_STYLE_FILL_AREA(#2815);
#1509=ORIENTED_EDGE('',*,*,#2756,.T.);
#1510=ORIENTED_EDGE('',*,*,#2816,.F.);
#1511=ORIENTED_EDGE('',*,*,#2817,.F.);
#1512=ORIENTED_EDGE('',*,*,#2818,.T.);
#1513=CARTESIAN_POINT('',(4.15000000000049,8.20670615743098,10.1999999999998));
#1514=DIRECTION('',(-1.0,2.44929359829471E-16,-1.66533453693773E-16));
#1515=DIRECTION('',(2.44929359829471E-16,1.0,1.94289029309402E-16));
#1516=SURFACE_STYLE_FILL_AREA(#2819);
#1517=ORIENTED_EDGE('',*,*,#2817,.T.);
#1518=ORIENTED_EDGE('',*,*,#2820,.T.);
#1519=ORIENTED_EDGE('',*,*,#2821,.T.);
#1520=ORIENTED_EDGE('',*,*,#2822,.F.);
#1521=CARTESIAN_POINT('',(4.1500000000005,15.1,6.54999999999977));
#1522=DIRECTION('',(-1.0,2.44929359829471E-16,-1.66533453693773E-16));
#1523=DIRECTION('',(2.44929359829471E-16,1.0,1.94289029309402E-16));
#1524=SURFACE_STYLE_FILL_AREA(#2823);
#1525=ORIENTED_EDGE('',*,*,#2824,.F.);
#1526=ORIENTED_EDGE('',*,*,#2825,.T.);
#1527=ORIENTED_EDGE('',*,*,#2791,.F.);
#1528=ORIENTED_EDGE('',*,*,#2826,.F.);
#1529=CARTESIAN_POINT('',(4.15000000000049,1.99999999999986,2.34999999999976));
#1530=DIRECTION('',(1.66533453693773E-16,1.94289029309402E-16,-1.0));
#1531=DIRECTION('',(-1.0,0.0,-1.66533453693773E-16));
#1532=SURFACE_STYLE_FILL_AREA(#2827);
#1533=ORIENTED_EDGE('',*,*,#2821,.F.);
#1534=ORIENTED_EDGE('',*,*,#2828,.F.);
#1535=ORIENTED_EDGE('',*,*,#2829,.F.);
#1536=ORIENTED_EDGE('',*,*,#2830,.T.);
#1537=CARTESIAN_POINT('',(4.1500000000005,33.5999999999907,6.84999999999977));
#1538=DIRECTION('',(-1.66533453693773E-16,-1.94289029309402E-16,1.0));
#1539=DIRECTION('',(0.0,-1.0,-1.94289029309402E-16));
#1540=SURFACE_STYLE_FILL_AREA(#2831);
#1541=ORIENTED_EDGE('',*,*,#2829,.T.);
#1542=ORIENTED_EDGE('',*,*,#2832,.F.);
#1543=ORIENTED_EDGE('',*,*,#2833,.F.);
#1544=ORIENTED_EDGE('',*,*,#2834,.T.);
#1545=CARTESIAN_POINT('',(4.1500000000005,33.5999999999906,7.05000000000653));
#1546=DIRECTION('',(1.0,-2.44929359829471E-16,1.66533453693773E-16));
#1547=DIRECTION('',(-2.44929359829471E-16,-1.0,-1.94289029309402E-16));
#1548=SURFACE_STYLE_FILL_AREA(#2835);
#1549=ORIENTED_EDGE('',*,*,#2833,.T.);
#1550=ORIENTED_EDGE('',*,*,#2836,.F.);
#1551=ORIENTED_EDGE('',*,*,#2837,.F.);
#1552=ORIENTED_EDGE('',*,*,#2838,.T.);
#1553=CARTESIAN_POINT('',(4.1500000000005,39.213989539444,7.05000000000605));
#1554=DIRECTION('',(-1.66533453693773E-16,-1.94289029309402E-16,1.0));
#1555=DIRECTION('',(0.0,-1.0,-1.94289029309402E-16));
#1556=SURFACE_STYLE_FILL_AREA(#2839);
#1557=ORIENTED_EDGE('',*,*,#2837,.T.);
#1558=ORIENTED_EDGE('',*,*,#2840,.F.);
#1559=ORIENTED_EDGE('',*,*,#2841,.F.);
#1560=ORIENTED_EDGE('',*,*,#2842,.T.);
#1561=CARTESIAN_POINT('',(4.1500000000005,41.4999999999907,6.85000000000644));
#1562=DIRECTION('',(-1.44552743348004E-16,0.0871557427476376,0.996194698091747));
#1563=DIRECTION('',(1.0,1.6585567260503E-15,0.0));
#1564=SURFACE_STYLE_FILL_AREA(#2843);
#1565=ORIENTED_EDGE('',*,*,#2841,.T.);
#1566=ORIENTED_EDGE('',*,*,#2844,.F.);
#1567=ORIENTED_EDGE('',*,*,#2845,.F.);
#1568=ORIENTED_EDGE('',*,*,#2846,.T.);
#1569=CARTESIAN_POINT('',(4.1500000000005,41.4999999999907,5.7500000000057));
#1570=DIRECTION('',(2.44929359829467E-16,1.0,2.1538326677728E-14));
#1571=DIRECTION('',(0.0,2.1538326677728E-14,-1.0));
#1572=SURFACE_STYLE_FILL_AREA(#2847);
#1573=ORIENTED_EDGE('',*,*,#2845,.T.);
#1574=ORIENTED_EDGE('',*,*,#2848,.T.);
#1575=ORIENTED_EDGE('',*,*,#2849,.T.);
#1576=ORIENTED_EDGE('',*,*,#2850,.F.);
#1577=CARTESIAN_POINT('',(4.1500000000005,40.3316853889469,5.43695104347105));
#1578=DIRECTION('',(2.24251346892561E-16,0.258819045102498,-0.965925826289075));
#1579=DIRECTION('',(-1.0,0.0,-2.32162077862745E-16));
#1580=SURFACE_STYLE_FILL_AREA(#2851);
#1581=ORIENTED_EDGE('',*,*,#2852,.F.);
#1582=ORIENTED_EDGE('',*,*,#2853,.T.);
#1583=ORIENTED_EDGE('',*,*,#2854,.T.);
#1584=ORIENTED_EDGE('',*,*,#2855,.F.);
#1585=CARTESIAN_POINT('',(4.15000000000049,0.99999999999978,14.3500000000001));
#1586=DIRECTION('',(2.44929359829471E-16,1.0,1.94289029309402E-16));
#1587=DIRECTION('',(1.0,-2.44929359829471E-16,0.0));
#1588=SURFACE_STYLE_FILL_AREA(#2856);
#1589=ORIENTED_EDGE('',*,*,#2849,.F.);
#1590=ORIENTED_EDGE('',*,*,#2857,.T.);
#1591=ORIENTED_EDGE('',*,*,#2858,.T.);
#1592=ORIENTED_EDGE('',*,*,#2859,.F.);
#1593=CARTESIAN_POINT('',(4.1500000000005,38.9964466093974,4.19644660941233));
#1594=DIRECTION('',(2.90948145648383E-16,0.707106781186563,-0.707106781186532));
#1595=DIRECTION('',(-1.0,0.0,-4.11462813523255E-16));
#1596=SURFACE_STYLE_FILL_AREA(#2860);
#1597=ORIENTED_EDGE('',*,*,#2861,.T.);
#1598=ORIENTED_EDGE('',*,*,#2862,.T.);
#1599=ORIENTED_EDGE('',*,*,#2748,.T.);
#1600=ORIENTED_EDGE('',*,*,#2863,.T.);
#1601=ORIENTED_EDGE('',*,*,#2824,.T.);
#1602=ORIENTED_EDGE('',*,*,#2864,.F.);
#1603=CARTESIAN_POINT('',(4.1500000000005,35.2999999999999,1.64999999999976));
#1604=DIRECTION('',(-1.0,2.44929359829471E-16,-1.66533453693773E-16));
#1605=DIRECTION('',(2.44929359829471E-16,1.0,1.94289029309402E-16));
#1606=SURFACE_STYLE_FILL_AREA(#2865);
#1607=ORIENTED_EDGE('',*,*,#2858,.F.);
#1608=ORIENTED_EDGE('',*,*,#2866,.T.);
#1609=ORIENTED_EDGE('',*,*,#2867,.T.);
#1610=ORIENTED_EDGE('',*,*,#2868,.F.);
#1611=CARTESIAN_POINT('',(4.1500000000005,38.8499999999907,3.030597577755));
#1612=DIRECTION('',(2.44929359829467E-16,1.0,2.14828155264968E-14));
#1613=DIRECTION('',(0.0,2.14828155264968E-14,-1.0));
#1614=SURFACE_STYLE_FILL_AREA(#2869);
#1615=ORIENTED_EDGE('',*,*,#2870,.F.);
#1616=ORIENTED_EDGE('',*,*,#2871,.T.);
#1617=ORIENTED_EDGE('',*,*,#2872,.F.);
#1618=ORIENTED_EDGE('',*,*,#2873,.F.);
#1619=ORIENTED_EDGE('',*,*,#2874,.T.);
#1620=ORIENTED_EDGE('',*,*,#2875,.F.);
#1621=CARTESIAN_POINT('',(5.15000000000002,2.79252457593068,18.3483887879473));
#1622=DIRECTION('',(-1.42845326026998E-16,-0.515038074909346,0.857167300702538));
#1623=DIRECTION('',(-1.0,2.77349060168301E-16,2.11308053986892E-32));
#1624=SURFACE_STYLE_FILL_AREA(#2876);
#1625=ORIENTED_EDGE('',*,*,#2867,.F.);
#1626=ORIENTED_EDGE('',*,*,#2877,.T.);
#1627=ORIENTED_EDGE('',*,*,#2878,.T.);
#1628=ORIENTED_EDGE('',*,*,#2879,.F.);
#1629=CARTESIAN_POINT('',(4.1500000000005,40.2319130979556,0.426423563647893));
#1630=DIRECTION('',(1.05114720907793E-16,0.81915204428898,0.573576436351063));
#1631=DIRECTION('',(1.0,0.0,-1.83261923339292E-16));
#1632=SURFACE_STYLE_FILL_AREA(#2880);
#1633=ORIENTED_EDGE('',*,*,#2788,.F.);
#1634=ORIENTED_EDGE('',*,*,#2825,.F.);
#1635=ORIENTED_EDGE('',*,*,#2863,.F.);
#1636=ORIENTED_EDGE('',*,*,#2747,.F.);
#1637=ORIENTED_EDGE('',*,*,#2881,.F.);
#1638=ORIENTED_EDGE('',*,*,#2781,.F.);
#1639=ORIENTED_EDGE('',*,*,#2762,.F.);
#1640=ORIENTED_EDGE('',*,*,#2798,.F.);
#1641=CARTESIAN_POINT('',(1.1,2.1164312160913,3.11340378531046));
#1642=DIRECTION('',(1.0,-4.93038065763132E-32,1.66533453693773E-16));
#1643=DIRECTION('',(-1.66533453693773E-16,0.0,1.0));
#1644=SURFACE_STYLE_FILL_AREA(#2882);
#1645=ORIENTED_EDGE('',*,*,#2878,.F.);
#1646=ORIENTED_EDGE('',*,*,#2883,.T.);
#1647=ORIENTED_EDGE('',*,*,#2884,.T.);
#1648=ORIENTED_EDGE('',*,*,#2885,.F.);
#1649=CARTESIAN_POINT('',(4.1500000000005,41.1857864376274,-1.04716235682645E-12));
#1650=DIRECTION('',(-1.66533453693779E-16,-2.1538326677728E-14,1.0));
#1651=DIRECTION('',(0.0,-1.0,-2.1538326677728E-14));
#1652=SURFACE_STYLE_FILL_AREA(#2886);
#1653=ORIENTED_EDGE('',*,*,#2854,.F.);
#1654=ORIENTED_EDGE('',*,*,#2887,.T.);
#1655=ORIENTED_EDGE('',*,*,#2753,.T.);
#1656=ORIENTED_EDGE('',*,*,#2888,.T.);
#1657=CARTESIAN_POINT('',(4.15000000000049,3.64973297670048,12.8500000000001));
#1658=DIRECTION('',(-1.66533453693773E-16,-1.94289029309402E-16,1.0));
#1659=DIRECTION('',(0.0,-1.0,-1.94289029309402E-16));
#1660=SURFACE_STYLE_FILL_AREA(#2889);
#1661=ORIENTED_EDGE('',*,*,#2884,.F.);
#1662=ORIENTED_EDGE('',*,*,#2890,.T.);
#1663=ORIENTED_EDGE('',*,*,#2891,.T.);
#1664=ORIENTED_EDGE('',*,*,#2892,.F.);
#1665=CARTESIAN_POINT('',(4.1500000000005,47.5606601717796,5.9606601717789));
#1666=DIRECTION('',(-2.90948145648383E-16,-0.707106781186563,0.707106781186532));
#1667=DIRECTION('',(-1.0,4.11462813523237E-16,0.0));
#1668=SURFACE_STYLE_FILL_AREA(#2893);
#1669=ORIENTED_EDGE('',*,*,#2894,.T.);
#1670=ORIENTED_EDGE('',*,*,#2895,.F.);
#1671=ORIENTED_EDGE('',*,*,#2896,.T.);
#1672=ORIENTED_EDGE('',*,*,#2897,.T.);
#1673=CARTESIAN_POINT('',(4.1500000000005,45.7999999999995,37.235786437636));
#1674=DIRECTION('',(-2.44929359829471E-16,-1.0,-1.38777878078145E-16));
#1675=DIRECTION('',(-1.0,2.44929359829471E-16,0.0));
#1676=SURFACE_STYLE_FILL_AREA(#2898);
#1677=ORIENTED_EDGE('',*,*,#2899,.F.);
#1678=ORIENTED_EDGE('',*,*,#2900,.F.);
#1679=ORIENTED_EDGE('',*,*,#2901,.F.);
#1680=ORIENTED_EDGE('',*,*,#2902,.T.);
#1681=CARTESIAN_POINT('',(0.825000000000977,23.1500000000419,28.3500000000108));
#1682=DIRECTION('',(1.9651103767204E-13,1.0,1.66533453693842E-16));
#1683=DIRECTION('',(1.0,-1.9651103767204E-13,0.0));
#1684=SURFACE_STYLE_FILL_AREA(#2903);
#1685=ORIENTED_EDGE('',*,*,#2904,.T.);
#1686=ORIENTED_EDGE('',*,*,#2905,.F.);
#1687=ORIENTED_EDGE('',*,*,#2906,.F.);
#1688=ORIENTED_EDGE('',*,*,#2907,.T.);
#1689=ORIENTED_EDGE('',*,*,#2908,.T.);
#1690=ORIENTED_EDGE('',*,*,#2909,.F.);
#1691=CARTESIAN_POINT('',(6.25940226433337,10.869797947345,28.7774109017185));
#1692=DIRECTION('',(-1.25684392930259E-16,0.656059028990625,0.75470958022267));
#1693=DIRECTION('',(1.0,1.91574823874659E-16,0.0));
#1694=SURFACE_STYLE_FILL_AREA(#2910);
#1695=ORIENTED_EDGE('',*,*,#2911,.F.);
#1696=ORIENTED_EDGE('',*,*,#2912,.F.);
#1697=ORIENTED_EDGE('',*,*,#2913,.T.);
#1698=ORIENTED_EDGE('',*,*,#2914,.T.);
#1699=CARTESIAN_POINT('',(-0.415002399999535,50.7499999999994,31.3152050640351));
#1700=DIRECTION('',(1.0,-2.44929359829471E-16,1.66533453693773E-16));
#1701=DIRECTION('',(-2.22808370866062E-16,-0.992546151641322,-0.121869343405148));
#1702=SURFACE_STYLE_FILL_AREA(#2915);
#1703=ORIENTED_EDGE('',*,*,#2916,.F.);
#1704=ORIENTED_EDGE('',*,*,#2917,.T.);
#1705=ORIENTED_EDGE('',*,*,#2918,.F.);
#1706=ORIENTED_EDGE('',*,*,#2919,.F.);
#1707=ORIENTED_EDGE('',*,*,#2920,.T.);
#1708=ORIENTED_EDGE('',*,*,#2921,.T.);
#1709=ORIENTED_EDGE('',*,*,#2922,.T.);
#1710=ORIENTED_EDGE('',*,*,#2923,.F.);
#1711=CARTESIAN_POINT('',(-0.415002399999531,68.7500000000011,28.9500002306289));
#1712=DIRECTION('',(1.0,-2.44929359829471E-16,1.66533453693773E-16));
#1713=DIRECTION('',(1.35442758320232E-16,-0.121869343405147,-0.992546151641322));
#1714=SURFACE_STYLE_FILL_AREA(#2924);
#1715=ORIENTED_EDGE('',*,*,#2925,.T.);
#1716=ORIENTED_EDGE('',*,*,#2926,.T.);
#1717=ORIENTED_EDGE('',*,*,#2909,.T.);
#1718=ORIENTED_EDGE('',*,*,#2927,.T.);
#1719=ORIENTED_EDGE('',*,*,#2872,.T.);
#1720=ORIENTED_EDGE('',*,*,#2928,.T.);
#1721=ORIENTED_EDGE('',*,*,#2929,.F.);
#1722=ORIENTED_EDGE('',*,*,#2930,.F.);
#1723=ORIENTED_EDGE('',*,*,#2931,.F.);
#1724=ORIENTED_EDGE('',*,*,#2932,.T.);
#1725=CARTESIAN_POINT('',(3.65000000000051,2.79317908986686,22.1103459228144));
#1726=DIRECTION('',(1.0,-6.8181131176246E-32,2.88998133608509E-16));
#1727=DIRECTION('',(-2.88998133608509E-16,0.0,1.0));
#1728=SURFACE_STYLE_FILL_AREA(#2933);
#1729=ORIENTED_EDGE('',*,*,#2934,.F.);
#1730=ORIENTED_EDGE('',*,*,#2935,.F.);
#1731=ORIENTED_EDGE('',*,*,#2936,.F.);
#1732=ORIENTED_EDGE('',*,*,#2937,.F.);
#1733=ORIENTED_EDGE('',*,*,#2938,.F.);
#1734=ORIENTED_EDGE('',*,*,#2939,.F.);
#1735=ORIENTED_EDGE('',*,*,#2940,.F.);
#1736=CARTESIAN_POINT('',(0.817949192432706,35.7279747493572,18.1949976000104));
#1737=DIRECTION('',(0.866025403784471,0.499999999999944,2.48305610037369E-16));
#1738=DIRECTION('',(0.0,4.96611220074794E-16,-1.0));
#1739=SURFACE_STYLE_FILL_AREA(#2941);
#1740=ORIENTED_EDGE('',*,*,#2917,.F.);
#1741=ORIENTED_EDGE('',*,*,#2942,.F.);
#1742=ORIENTED_EDGE('',*,*,#2943,.F.);
#1743=ORIENTED_EDGE('',*,*,#2944,.F.);
#1744=ORIENTED_EDGE('',*,*,#2945,.F.);
#1745=ORIENTED_EDGE('',*,*,#2946,.F.);
#1746=ORIENTED_EDGE('',*,*,#2947,.F.);
#1747=ORIENTED_EDGE('',*,*,#2948,.F.);
#1748=ORIENTED_EDGE('',*,*,#2949,.F.);
#1749=ORIENTED_EDGE('',*,*,#2950,.F.);
#1750=CARTESIAN_POINT('',(3.65000000000051,45.2068209101321,22.1103459228144));
#1751=DIRECTION('',(-1.0,1.08560150497862E-32,-2.88998133608509E-16));
#1752=DIRECTION('',(-2.88998133608509E-16,0.0,1.0));
#1753=SURFACE_STYLE_FILL_AREA(#2951);
#1754=ORIENTED_EDGE('',*,*,#2952,.T.);
#1755=ORIENTED_EDGE('',*,*,#2936,.T.);
#1756=ORIENTED_EDGE('',*,*,#2953,.F.);
#1757=ORIENTED_EDGE('',*,*,#2954,.T.);
#1758=ORIENTED_EDGE('',*,*,#2942,.T.);
#1759=ORIENTED_EDGE('',*,*,#2916,.T.);
#1760=CARTESIAN_POINT('',(5.15000000000002,45.2074754240683,18.3483887879474));
#1761=DIRECTION('',(1.42845326026998E-16,-0.515038074909345,-0.857167300702538));
#1762=DIRECTION('',(0.0,-0.857167300702538,0.515038074909345));
#1763=SURFACE_STYLE_FILL_AREA(#2955);
#1764=ORIENTED_EDGE('',*,*,#2956,.F.);
#1765=ORIENTED_EDGE('',*,*,#2873,.T.);
#1766=ORIENTED_EDGE('',*,*,#2927,.F.);
#1767=ORIENTED_EDGE('',*,*,#2908,.F.);
#1768=ORIENTED_EDGE('',*,*,#2957,.T.);
#1769=ORIENTED_EDGE('',*,*,#2958,.T.);
#1770=ORIENTED_EDGE('',*,*,#2959,.F.);
#1771=CARTESIAN_POINT('',(3.65000000000051,11.5638795284316,27.6000000000108));
#1772=DIRECTION('',(0.989556999775575,0.144142097234507,3.80579365124923E-16));
#1773=DIRECTION('',(0.0,2.64030683906141E-15,-1.0));
#1774=SURFACE_STYLE_FILL_AREA(#2960);
#1775=ORIENTED_EDGE('',*,*,#2920,.F.);
#1776=ORIENTED_EDGE('',*,*,#2961,.T.);
#1777=ORIENTED_EDGE('',*,*,#2891,.F.);
#1778=ORIENTED_EDGE('',*,*,#2962,.F.);
#1779=CARTESIAN_POINT('',(4.1500000000005,47.9999999999997,13.8358509998148));
#1780=DIRECTION('',(-2.44929359829471E-16,-1.0,-1.66533453693773E-16));
#1781=DIRECTION('',(-1.0,2.44929359829471E-16,0.0));
#1782=SURFACE_STYLE_FILL_AREA(#2963);
#1783=ORIENTED_EDGE('',*,*,#2870,.T.);
#1784=ORIENTED_EDGE('',*,*,#2964,.F.);
#1785=ORIENTED_EDGE('',*,*,#2905,.T.);
#1786=ORIENTED_EDGE('',*,*,#2965,.T.);
#1787=ORIENTED_EDGE('',*,*,#2966,.F.);
#1788=ORIENTED_EDGE('',*,*,#2967,.T.);
#1789=ORIENTED_EDGE('',*,*,#2968,.F.);
#1790=CARTESIAN_POINT('',(0.500000000000001,10.0250000000165,46.8500000000089));
#1791=DIRECTION('',(-1.0,4.3911202732029E-32,-1.66533453693773E-16));
#1792=DIRECTION('',(-1.66533453693773E-16,0.0,1.0));
#1793=SURFACE_STYLE_FILL_AREA(#2969);
#1794=ORIENTED_EDGE('',*,*,#2751,.T.);
#1795=ORIENTED_EDGE('',*,*,#2970,.F.);
#1796=ORIENTED_EDGE('',*,*,#2861,.F.);
#1797=ORIENTED_EDGE('',*,*,#2971,.T.);
#1798=CARTESIAN_POINT('',(4.15000000000049,-3.10000000001818,11.3247092978861));
#1799=DIRECTION('',(-1.0,2.44929359829471E-16,-1.66533453693773E-16));
#1800=DIRECTION('',(2.44929359829471E-16,1.0,1.94289029309402E-16));
#1801=SURFACE_STYLE_FILL_AREA(#2972);
#1802=ORIENTED_EDGE('',*,*,#2973,.T.);
#1803=ORIENTED_EDGE('',*,*,#2945,.T.);
#1804=ORIENTED_EDGE('',*,*,#2974,.T.);
#1805=ORIENTED_EDGE('',*,*,#2975,.T.);
#1806=ORIENTED_EDGE('',*,*,#2914,.F.);
#1807=ORIENTED_EDGE('',*,*,#2976,.F.);
#1808=ORIENTED_EDGE('',*,*,#2894,.F.);
#1809=ORIENTED_EDGE('',*,*,#2977,.T.);
#1810=CARTESIAN_POINT('',(4.1500000000005,45.6191520442884,36.1917223525373));
#1811=DIRECTION('',(-2.96154050713612E-16,-0.819152044288992,0.573576436351046));
#1812=DIRECTION('',(-1.0,3.61537339469949E-16,-2.8279501674583E-32));
#1813=SURFACE_STYLE_FILL_AREA(#2978);
#1814=ORIENTED_EDGE('',*,*,#2979,.F.);
#1815=ORIENTED_EDGE('',*,*,#2980,.F.);
#1816=ORIENTED_EDGE('',*,*,#2981,.F.);
#1817=ORIENTED_EDGE('',*,*,#2935,.T.);
#1818=CARTESIAN_POINT('',(1.40000000000151,33.1249999999837,28.3500000000108));
#1819=DIRECTION('',(1.0,-6.12323399573676E-17,1.66533453693773E-16));
#1820=DIRECTION('',(-1.66533453693773E-16,0.0,1.0));
#1821=SURFACE_STYLE_FILL_AREA(#2982);
#1822=ORIENTED_EDGE('',*,*,#2983,.T.);
#1823=ORIENTED_EDGE('',*,*,#2922,.F.);
#1824=ORIENTED_EDGE('',*,*,#2984,.F.);
#1825=ORIENTED_EDGE('',*,*,#2912,.T.);
#1826=CARTESIAN_POINT('',(-0.415002399999537,43.7499999999994,28.9500002306289));
#1827=DIRECTION('',(-2.44929359829471E-16,-1.0,-1.38777878078145E-16));
#1828=DIRECTION('',(-1.0,2.44929359829471E-16,0.0));
#1829=SURFACE_STYLE_FILL_AREA(#2985);
#1830=ORIENTED_EDGE('',*,*,#2986,.T.);
#1831=ORIENTED_EDGE('',*,*,#2987,.T.);
#1832=ORIENTED_EDGE('',*,*,#2988,.F.);
#1833=ORIENTED_EDGE('',*,*,#2989,.F.);
#1834=CARTESIAN_POINT('',(2.77500000000101,29.1249999999795,25.925000000014));
#1835=DIRECTION('',(0.0,-1.0,-2.22044604925031E-16));
#1836=DIRECTION('',(0.0,2.22044604925031E-16,-1.0));
#1837=SURFACE_STYLE_FILL_AREA(#2990);
#1838=ORIENTED_EDGE('',*,*,#2896,.F.);
#1839=ORIENTED_EDGE('',*,*,#2991,.T.);
#1840=ORIENTED_EDGE('',*,*,#2992,.T.);
#1841=ORIENTED_EDGE('',*,*,#2993,.F.);
#1842=CARTESIAN_POINT('',(4.1500000000005,44.6698561402897,38.7801438597186));
#1843=DIRECTION('',(-5.54342768458156E-17,-0.707106781186547,-0.707106781186548));
#1844=DIRECTION('',(0.0,-0.707106781186548,0.707106781186547));
#1845=SURFACE_STYLE_FILL_AREA(#2994);
#1846=ORIENTED_EDGE('',*,*,#2911,.T.);
#1847=ORIENTED_EDGE('',*,*,#2975,.F.);
#1848=ORIENTED_EDGE('',*,*,#2995,.F.);
#1849=ORIENTED_EDGE('',*,*,#2937,.T.);
#1850=ORIENTED_EDGE('',*,*,#2952,.F.);
#1851=ORIENTED_EDGE('',*,*,#2923,.T.);
#1852=ORIENTED_EDGE('',*,*,#2983,.F.);
#1853=CARTESIAN_POINT('',(0.500000000000001,37.9749999999825,46.8500000000089));
#1854=DIRECTION('',(1.0,1.92592994438724E-32,1.66533453693773E-16));
#1855=DIRECTION('',(-1.66533453693773E-16,0.0,1.0));
#1856=SURFACE_STYLE_FILL_AREA(#2996);
#1857=ORIENTED_EDGE('',*,*,#2992,.F.);
#1858=ORIENTED_EDGE('',*,*,#2997,.T.);
#1859=ORIENTED_EDGE('',*,*,#2998,.T.);
#1860=ORIENTED_EDGE('',*,*,#2999,.F.);
#1861=CARTESIAN_POINT('',(4.1500000000005,42.3083031218463,38.5019180620533));
#1862=DIRECTION('',(2.44060343707794E-16,0.362871839026163,-0.931839057156208));
#1863=DIRECTION('',(-1.0,0.0,-2.61912550062689E-16));
#1864=SURFACE_STYLE_FILL_AREA(#3000);
#1865=ORIENTED_EDGE('',*,*,#3001,.F.);
#1866=ORIENTED_EDGE('',*,*,#3002,.F.);
#1867=ORIENTED_EDGE('',*,*,#3003,.F.);
#1868=ORIENTED_EDGE('',*,*,#3004,.T.);
#1869=ORIENTED_EDGE('',*,*,#2943,.T.);
#1870=ORIENTED_EDGE('',*,*,#2954,.F.);
#1871=ORIENTED_EDGE('',*,*,#3005,.T.);
#1872=CARTESIAN_POINT('',(3.65000000000051,36.4361204715674,27.6000000000109));
#1873=DIRECTION('',(-0.989556999775575,0.144142097234507,-3.1656741505792E-16));
#1874=DIRECTION('',(-3.19908216636046E-16,0.0,1.0));
#1875=SURFACE_STYLE_FILL_AREA(#3006);
#1876=ORIENTED_EDGE('',*,*,#2998,.F.);
#1877=ORIENTED_EDGE('',*,*,#3007,.T.);
#1878=ORIENTED_EDGE('',*,*,#3008,.F.);
#1879=ORIENTED_EDGE('',*,*,#3009,.F.);
#1880=CARTESIAN_POINT('',(4.1500000000005,42.4389342456468,38.0341462055666));
#1881=DIRECTION('',(5.54342768458156E-17,0.707106781186547,0.707106781186548));
#1882=DIRECTION('',(1.0,-7.83959061356973E-17,0.0));
#1883=SURFACE_STYLE_FILL_AREA(#3010);
#1884=ORIENTED_EDGE('',*,*,#3008,.T.);
#1885=ORIENTED_EDGE('',*,*,#3011,.T.);
#1886=ORIENTED_EDGE('',*,*,#3012,.F.);
#1887=ORIENTED_EDGE('',*,*,#3013,.F.);
#1888=CARTESIAN_POINT('',(4.1500000000005,41.6823299897774,37.2775419496972));
#1889=DIRECTION('',(2.90948145648382E-16,0.707106781186548,-0.707106781186547));
#1890=DIRECTION('',(-1.0,0.0,-4.11462813523245E-16));
#1891=SURFACE_STYLE_FILL_AREA(#3014);
#1892=ORIENTED_EDGE('',*,*,#3012,.T.);
#1893=ORIENTED_EDGE('',*,*,#3015,.T.);
#1894=ORIENTED_EDGE('',*,*,#3016,.F.);
#1895=ORIENTED_EDGE('',*,*,#3017,.F.);
#1896=CARTESIAN_POINT('',(4.15000000000049,37.2098795987722,41.7499923407019));
#1897=DIRECTION('',(-5.54342768457984E-17,-0.707106781186506,-0.70710678118659));
#1898=DIRECTION('',(0.0,-0.70710678118659,0.707106781186506));
#1899=SURFACE_STYLE_FILL_AREA(#3018);
#1900=ORIENTED_EDGE('',*,*,#3016,.T.);
#1901=ORIENTED_EDGE('',*,*,#3019,.T.);
#1902=ORIENTED_EDGE('',*,*,#3020,.F.);
#1903=ORIENTED_EDGE('',*,*,#3021,.F.);
#1904=CARTESIAN_POINT('',(4.15000000000049,37.9664838546418,42.5065965965716));
#1905=DIRECTION('',(-2.90948145648382E-16,-0.707106781186548,0.707106781186547));
#1906=DIRECTION('',(-1.0,4.11462813523244E-16,0.0));
#1907=SURFACE_STYLE_FILL_AREA(#3022);
#1908=ORIENTED_EDGE('',*,*,#3020,.T.);
#1909=ORIENTED_EDGE('',*,*,#3023,.T.);
#1910=ORIENTED_EDGE('',*,*,#3024,.T.);
#1911=ORIENTED_EDGE('',*,*,#3025,.F.);
#1912=CARTESIAN_POINT('',(4.15000000000049,38.1556349186091,42.3174455326042));
#1913=DIRECTION('',(5.54342768458155E-17,0.707106781186547,0.707106781186548));
#1914=DIRECTION('',(1.0,-7.83959061356972E-17,0.0));
#1915=SURFACE_STYLE_FILL_AREA(#3026);
#1916=ORIENTED_EDGE('',*,*,#3005,.F.);
#1917=ORIENTED_EDGE('',*,*,#3027,.F.);
#1918=ORIENTED_EDGE('',*,*,#3028,.T.);
#1919=ORIENTED_EDGE('',*,*,#3029,.T.);
#1920=CARTESIAN_POINT('',(3.40000000000151,33.1249999999837,28.3500000000108));
#1921=DIRECTION('',(-1.0,6.12323399573676E-17,-1.66533453693773E-16));
#1922=DIRECTION('',(-1.66533453693773E-16,0.0,1.0));
#1923=SURFACE_STYLE_FILL_AREA(#3030);
#1924=ORIENTED_EDGE('',*,*,#3024,.F.);
#1925=ORIENTED_EDGE('',*,*,#3031,.T.);
#1926=ORIENTED_EDGE('',*,*,#3032,.T.);
#1927=ORIENTED_EDGE('',*,*,#3033,.F.);
#1928=CARTESIAN_POINT('',(4.15000000000049,38.9372137847625,43.6675398710007));
#1929=DIRECTION('',(-2.88665044334598E-16,-0.931839057156251,0.362871839026052));
#1930=DIRECTION('',(-1.0,3.09779936908348E-16,0.0));
#1931=SURFACE_STYLE_FILL_AREA(#3034);
#1932=ORIENTED_EDGE('',*,*,#3035,.F.);
#1933=ORIENTED_EDGE('',*,*,#3036,.T.);
#1934=ORIENTED_EDGE('',*,*,#3037,.F.);
#1935=ORIENTED_EDGE('',*,*,#2947,.T.);
#1936=CARTESIAN_POINT('',(3.31999759999973,43.7499999999996,34.5437620000052));
#1937=DIRECTION('',(3.8447791526527E-32,1.0,2.08166817117217E-16));
#1938=DIRECTION('',(0.0,2.08166817117217E-16,-1.0));
#1939=SURFACE_STYLE_FILL_AREA(#3038);
#1940=ORIENTED_EDGE('',*,*,#3032,.F.);
#1941=ORIENTED_EDGE('',*,*,#3039,.T.);
#1942=ORIENTED_EDGE('',*,*,#3040,.T.);
#1943=ORIENTED_EDGE('',*,*,#3041,.F.);
#1944=CARTESIAN_POINT('',(4.15000000000049,36.892893218811,46.5571067811953));
#1945=DIRECTION('',(-5.54342768458493E-17,-0.707106781186629,-0.707106781186466));
#1946=DIRECTION('',(0.0,0.707106781186466,-0.707106781186629));
#1947=SURFACE_STYLE_FILL_AREA(#3042);
#1948=ORIENTED_EDGE('',*,*,#3043,.F.);
#1949=ORIENTED_EDGE('',*,*,#3044,.T.);
#1950=ORIENTED_EDGE('',*,*,#3045,.F.);
#1951=ORIENTED_EDGE('',*,*,#2949,.T.);
#1952=CARTESIAN_POINT('',(4.15000000000051,39.9999999999797,27.9500000000091));
#1953=DIRECTION('',(-3.8447791526527E-32,-1.0,-2.08166817117217E-16));
#1954=DIRECTION('',(0.0,2.08166817117217E-16,-1.0));
#1955=SURFACE_STYLE_FILL_AREA(#3046);
#1956=ORIENTED_EDGE('',*,*,#3040,.F.);
#1957=ORIENTED_EDGE('',*,*,#3047,.F.);
#1958=ORIENTED_EDGE('',*,*,#3048,.T.);
#1959=ORIENTED_EDGE('',*,*,#3049,.T.);
#1960=ORIENTED_EDGE('',*,*,#3050,.T.);
#1961=ORIENTED_EDGE('',*,*,#2730,.F.);
#1962=ORIENTED_EDGE('',*,*,#2739,.F.);
#1963=ORIENTED_EDGE('',*,*,#3051,.F.);
#1964=CARTESIAN_POINT('',(4.15000000000049,29.5501037691042,46.8500000000089));
#1965=DIRECTION('',(1.66533453693773E-16,1.94289029309402E-16,-1.0));
#1966=DIRECTION('',(-1.0,0.0,-1.66533453693773E-16));
#1967=SURFACE_STYLE_FILL_AREA(#3052);
#1968=ORIENTED_EDGE('',*,*,#3027,.T.);
#1969=ORIENTED_EDGE('',*,*,#2953,.T.);
#1970=ORIENTED_EDGE('',*,*,#2981,.T.);
#1971=ORIENTED_EDGE('',*,*,#3053,.T.);
#1972=CARTESIAN_POINT('',(1.40000000000152,33.1249999999837,24.6500000000108));
#1973=DIRECTION('',(-1.66533453693773E-16,-2.08166817117217E-16,1.0));
#1974=DIRECTION('',(0.0,-1.0,-2.08166817117217E-16));
#1975=SURFACE_STYLE_FILL_AREA(#3054);
#1976=ORIENTED_EDGE('',*,*,#3048,.F.);
#1977=ORIENTED_EDGE('',*,*,#3055,.F.);
#1978=ORIENTED_EDGE('',*,*,#3056,.T.);
#1979=ORIENTED_EDGE('',*,*,#3057,.T.);
#1980=CARTESIAN_POINT('',(4.15000000000049,28.0603073791882,43.718720259211));
#1981=DIRECTION('',(2.87116107746433E-16,0.939692620785908,-0.342020143325669));
#1982=DIRECTION('',(-1.0,0.0,-8.39471339186719E-16));
#1983=SURFACE_STYLE_FILL_AREA(#3058);
#1984=ORIENTED_EDGE('',*,*,#3059,.T.);
#1985=ORIENTED_EDGE('',*,*,#3043,.T.);
#1986=ORIENTED_EDGE('',*,*,#2948,.T.);
#1987=ORIENTED_EDGE('',*,*,#3037,.T.);
#1988=CARTESIAN_POINT('',(4.15000000000051,46.1083080000003,29.5867161957352));
#1989=DIRECTION('',(-2.79150761001797E-16,-0.258819045102521,0.965925826289068));
#1990=DIRECTION('',(-1.0,1.07855571791953E-15,0.0));
#1991=SURFACE_STYLE_FILL_AREA(#3060);
#1992=ORIENTED_EDGE('',*,*,#3056,.F.);
#1993=ORIENTED_EDGE('',*,*,#3061,.F.);
#1994=ORIENTED_EDGE('',*,*,#3062,.F.);
#1995=ORIENTED_EDGE('',*,*,#3063,.F.);
#1996=ORIENTED_EDGE('',*,*,#3064,.T.);
#1997=ORIENTED_EDGE('',*,*,#3065,.T.);
#1998=ORIENTED_EDGE('',*,*,#3066,.F.);
#1999=ORIENTED_EDGE('',*,*,#3067,.T.);
#2000=CARTESIAN_POINT('',(4.15000000000049,27.9999999999738,40.3500000000106));
#2001=DIRECTION('',(2.44929359829471E-16,1.0,-1.23512311489549E-15));
#2002=DIRECTION('',(0.0,-1.23512311489549E-15,-1.0));
#2003=SURFACE_STYLE_FILL_AREA(#3068);
#2004=ORIENTED_EDGE('',*,*,#3062,.T.);
#2005=ORIENTED_EDGE('',*,*,#3069,.T.);
#2006=ORIENTED_EDGE('',*,*,#3070,.F.);
#2007=ORIENTED_EDGE('',*,*,#3071,.T.);
#2008=ORIENTED_EDGE('',*,*,#2899,.T.);
#2009=ORIENTED_EDGE('',*,*,#3072,.T.);
#2010=ORIENTED_EDGE('',*,*,#3073,.F.);
#2011=ORIENTED_EDGE('',*,*,#3074,.F.);
#2012=ORIENTED_EDGE('',*,*,#3066,.T.);
#2013=ORIENTED_EDGE('',*,*,#3075,.T.);
#2014=ORIENTED_EDGE('',*,*,#3076,.T.);
#2015=ORIENTED_EDGE('',*,*,#3077,.T.);
#2016=CARTESIAN_POINT('',(4.15000000000049,20.0000000000251,40.3500000000106));
#2017=DIRECTION('',(1.66533453693774E-16,6.2450045135165E-16,-1.0));
#2018=DIRECTION('',(-1.0,0.0,-1.66533453693774E-16));
#2019=SURFACE_STYLE_FILL_AREA(#3078);
#2020=ORIENTED_EDGE('',*,*,#3070,.T.);
#2021=ORIENTED_EDGE('',*,*,#3079,.T.);
#2022=ORIENTED_EDGE('',*,*,#3080,.T.);
#2023=ORIENTED_EDGE('',*,*,#3081,.F.);
#2024=ORIENTED_EDGE('',*,*,#3073,.T.);
#2025=ORIENTED_EDGE('',*,*,#3082,.F.);
#2026=ORIENTED_EDGE('',*,*,#3083,.F.);
#2027=ORIENTED_EDGE('',*,*,#3084,.T.);
#2028=CARTESIAN_POINT('',(4.15000000000049,20.0000000000251,43.376700115885));
#2029=DIRECTION('',(-2.4492935982947E-16,-1.0,-1.63757896132211E-15));
#2030=DIRECTION('',(0.0,1.63757896132211E-15,-1.0));
#2031=SURFACE_STYLE_FILL_AREA(#3085);
#2032=ORIENTED_EDGE('',*,*,#2950,.T.);
#2033=ORIENTED_EDGE('',*,*,#3045,.T.);
#2034=ORIENTED_EDGE('',*,*,#3086,.T.);
#2035=ORIENTED_EDGE('',*,*,#2918,.T.);
#2036=CARTESIAN_POINT('',(4.15000000000051,39.9999999999797,24.8500000000091));
#2037=DIRECTION('',(2.79150761001797E-16,-0.258819045102521,-0.965925826289068));
#2038=DIRECTION('',(0.0,-0.965925826289068,0.258819045102521));
#2039=SURFACE_STYLE_FILL_AREA(#3087);
#2040=ORIENTED_EDGE('',*,*,#3080,.F.);
#2041=ORIENTED_EDGE('',*,*,#3088,.T.);
#2042=ORIENTED_EDGE('',*,*,#3089,.T.);
#2043=ORIENTED_EDGE('',*,*,#3090,.F.);
#2044=CARTESIAN_POINT('',(4.15000000000049,18.9197425412873,46.5210100716728));
#2045=DIRECTION('',(-1.73200516344707E-16,-0.939692620785908,-0.342020143325669));
#2046=DIRECTION('',(0.0,0.342020143325669,-0.939692620785908));
#2047=SURFACE_STYLE_FILL_AREA(#3091);
#2048=ORIENTED_EDGE('',*,*,#3029,.F.);
#2049=ORIENTED_EDGE('',*,*,#3092,.F.);
#2050=ORIENTED_EDGE('',*,*,#2988,.T.);
#2051=ORIENTED_EDGE('',*,*,#3093,.T.);
#2052=ORIENTED_EDGE('',*,*,#2979,.T.);
#2053=ORIENTED_EDGE('',*,*,#2934,.T.);
#2054=ORIENTED_EDGE('',*,*,#3094,.T.);
#2055=ORIENTED_EDGE('',*,*,#3001,.T.);
#2056=CARTESIAN_POINT('',(-0.415002400000055,29.1249999999795,27.3500000000109));
#2057=DIRECTION('',(-1.66533453693773E-16,-2.77555756156289E-16,1.0));
#2058=DIRECTION('',(0.0,-1.0,-2.77555756156289E-16));
#2059=SURFACE_STYLE_FILL_AREA(#3095);
#2060=ORIENTED_EDGE('',*,*,#3089,.F.);
#2061=ORIENTED_EDGE('',*,*,#3096,.T.);
#2062=ORIENTED_EDGE('',*,*,#3097,.T.);
#2063=ORIENTED_EDGE('',*,*,#3098,.F.);
#2064=ORIENTED_EDGE('',*,*,#3099,.T.);
#2065=ORIENTED_EDGE('',*,*,#3100,.T.);
#2066=ORIENTED_EDGE('',*,*,#2727,.T.);
#2067=ORIENTED_EDGE('',*,*,#2719,.T.);
#2068=CARTESIAN_POINT('',(4.15000000000049,11.8142135623746,46.8500000000089));
#2069=DIRECTION('',(1.66533453693773E-16,2.08166817117217E-16,-1.0));
#2070=DIRECTION('',(-1.0,0.0,-1.66533453693773E-16));
#2071=SURFACE_STYLE_FILL_AREA(#3101);
#2072=ORIENTED_EDGE('',*,*,#2974,.F.);
#2073=ORIENTED_EDGE('',*,*,#2944,.T.);
#2074=ORIENTED_EDGE('',*,*,#3004,.F.);
#2075=ORIENTED_EDGE('',*,*,#3102,.F.);
#2076=ORIENTED_EDGE('',*,*,#2938,.T.);
#2077=ORIENTED_EDGE('',*,*,#2995,.T.);
#2078=CARTESIAN_POINT('',(6.25940226433337,37.1302020526539,28.7774109017186));
#2079=DIRECTION('',(1.25684392930259E-16,0.656059028990625,-0.75470958022267));
#2080=DIRECTION('',(-1.0,0.0,-1.66533453693773E-16));
#2081=SURFACE_STYLE_FILL_AREA(#3103);
#2082=ORIENTED_EDGE('',*,*,#3097,.F.);
#2083=ORIENTED_EDGE('',*,*,#3104,.F.);
#2084=ORIENTED_EDGE('',*,*,#3105,.T.);
#2085=ORIENTED_EDGE('',*,*,#3106,.T.);
#2086=CARTESIAN_POINT('',(4.15000000000049,9.28751849120607,44.737518491213));
#2087=DIRECTION('',(2.90948145648388E-16,0.70710678118663,-0.707106781186466));
#2088=DIRECTION('',(-1.0,0.0,-4.114628135233E-16));
#2089=SURFACE_STYLE_FILL_AREA(#3107);
#2090=ORIENTED_EDGE('',*,*,#3108,.T.);
#2091=ORIENTED_EDGE('',*,*,#3109,.F.);
#2092=ORIENTED_EDGE('',*,*,#3110,.F.);
#2093=ORIENTED_EDGE('',*,*,#3111,.F.);
#2094=CARTESIAN_POINT('',(1.40000000000152,14.8750000000152,24.6500000000108));
#2095=DIRECTION('',(1.66533453693773E-16,2.35922392732846E-16,-1.0));
#2096=DIRECTION('',(-1.0,0.0,-1.66533453693773E-16));
#2097=SURFACE_STYLE_FILL_AREA(#3112);
#2098=ORIENTED_EDGE('',*,*,#3105,.F.);
#2099=ORIENTED_EDGE('',*,*,#3113,.F.);
#2100=ORIENTED_EDGE('',*,*,#3114,.T.);
#2101=ORIENTED_EDGE('',*,*,#3115,.T.);
#2102=CARTESIAN_POINT('',(4.15000000000049,9.56574428887044,42.3759654727719));
#2103=DIRECTION('',(1.67804443132159E-16,0.931839057156251,0.362871839026052));
#2104=DIRECTION('',(1.0,0.0,-4.6243446055926E-16));
#2105=SURFACE_STYLE_FILL_AREA(#3116);
#2106=ORIENTED_EDGE('',*,*,#3117,.T.);
#2107=ORIENTED_EDGE('',*,*,#3118,.T.);
#2108=ORIENTED_EDGE('',*,*,#3119,.F.);
#2109=ORIENTED_EDGE('',*,*,#3108,.F.);
#2110=CARTESIAN_POINT('',(2.77500000000101,18.8750000000195,25.925000000014));
#2111=DIRECTION('',(0.0,-1.0,-2.22044604925031E-16));
#2112=DIRECTION('',(0.0,2.22044604925031E-16,-1.0));
#2113=SURFACE_STYLE_FILL_AREA(#3120);
#2114=ORIENTED_EDGE('',*,*,#3114,.F.);
#2115=ORIENTED_EDGE('',*,*,#3121,.F.);
#2116=ORIENTED_EDGE('',*,*,#3122,.F.);
#2117=ORIENTED_EDGE('',*,*,#3123,.T.);
#2118=CARTESIAN_POINT('',(4.15000000000049,10.0335161453572,42.5065965965715));
#2119=DIRECTION('',(-2.90948145648382E-16,-0.707106781186548,0.707106781186548));
#2120=DIRECTION('',(-1.0,4.11462813523244E-16,0.0));
#2121=SURFACE_STYLE_FILL_AREA(#3124);
#2122=ORIENTED_EDGE('',*,*,#3122,.T.);
#2123=ORIENTED_EDGE('',*,*,#3125,.F.);
#2124=ORIENTED_EDGE('',*,*,#3126,.F.);
#2125=ORIENTED_EDGE('',*,*,#3127,.T.);
#2126=CARTESIAN_POINT('',(4.15000000000049,10.7901204012268,41.7499923407019));
#2127=DIRECTION('',(5.54342768458157E-17,0.707106781186548,0.707106781186548));
#2128=DIRECTION('',(1.0,0.0,-7.83959061356973E-17));
#2129=SURFACE_STYLE_FILL_AREA(#3128);
#2130=ORIENTED_EDGE('',*,*,#3126,.T.);
#2131=ORIENTED_EDGE('',*,*,#3129,.F.);
#2132=ORIENTED_EDGE('',*,*,#3130,.F.);
#2133=ORIENTED_EDGE('',*,*,#3131,.T.);
#2134=CARTESIAN_POINT('',(4.15000000000049,6.31767001022153,37.2775419496972));
#2135=DIRECTION('',(2.90948145648378E-16,0.707106781186506,-0.707106781186589));
#2136=DIRECTION('',(-1.0,0.0,-4.11462813523215E-16));
#2137=SURFACE_STYLE_FILL_AREA(#3132);
#2138=ORIENTED_EDGE('',*,*,#3130,.T.);
#2139=ORIENTED_EDGE('',*,*,#3133,.F.);
#2140=ORIENTED_EDGE('',*,*,#3134,.F.);
#2141=ORIENTED_EDGE('',*,*,#3135,.T.);
#2142=CARTESIAN_POINT('',(4.15000000000049,5.56106575435215,38.0341462055666));
#2143=DIRECTION('',(-5.54342768458157E-17,-0.707106781186548,-0.707106781186548));
#2144=DIRECTION('',(0.0,-0.707106781186548,0.707106781186548));
#2145=SURFACE_STYLE_FILL_AREA(#3136);
#2146=ORIENTED_EDGE('',*,*,#3134,.T.);
#2147=ORIENTED_EDGE('',*,*,#3137,.F.);
#2148=ORIENTED_EDGE('',*,*,#3138,.T.);
#2149=ORIENTED_EDGE('',*,*,#3139,.T.);
#2150=CARTESIAN_POINT('',(4.15000000000049,5.75021681831984,38.2232972695343));
#2151=DIRECTION('',(-2.90948145648382E-16,-0.707106781186548,0.707106781186547));
#2152=DIRECTION('',(-1.0,4.11462813523244E-16,0.0));
#2153=SURFACE_STYLE_FILL_AREA(#3140);
#2154=ORIENTED_EDGE('',*,*,#3141,.F.);
#2155=ORIENTED_EDGE('',*,*,#3142,.T.);
#2156=ORIENTED_EDGE('',*,*,#3143,.T.);
#2157=ORIENTED_EDGE('',*,*,#2956,.T.);
#2158=CARTESIAN_POINT('',(3.40000000000151,14.8750000000152,28.3500000000108));
#2159=DIRECTION('',(1.0,6.12323399573676E-17,1.66533453693773E-16));
#2160=DIRECTION('',(-1.66533453693773E-16,0.0,1.0));
#2161=SURFACE_STYLE_FILL_AREA(#3144);
#2162=ORIENTED_EDGE('',*,*,#3145,.T.);
#2163=ORIENTED_EDGE('',*,*,#3146,.T.);
#2164=ORIENTED_EDGE('',*,*,#3138,.F.);
#2165=ORIENTED_EDGE('',*,*,#3147,.F.);
#2166=CARTESIAN_POINT('',(4.15000000000049,4.40012247992203,39.0048761356882));
#2167=DIRECTION('',(6.63044092421519E-17,-0.362871839026163,-0.931839057156208));
#2168=DIRECTION('',(0.0,-0.931839057156208,0.362871839026163));
#2169=SURFACE_STYLE_FILL_AREA(#3148);
#2170=ORIENTED_EDGE('',*,*,#3149,.T.);
#2171=ORIENTED_EDGE('',*,*,#3150,.T.);
#2172=ORIENTED_EDGE('',*,*,#2807,.T.);
#2173=ORIENTED_EDGE('',*,*,#3151,.T.);
#2174=ORIENTED_EDGE('',*,*,#3118,.F.);
#2175=ORIENTED_EDGE('',*,*,#3152,.T.);
#2176=ORIENTED_EDGE('',*,*,#3141,.T.);
#2177=ORIENTED_EDGE('',*,*,#2959,.T.);
#2178=CARTESIAN_POINT('',(40.4146247226735,80.9899922618673,27.3500000000109));
#2179=DIRECTION('',(-3.50230473565876E-16,-1.66533453693773E-16,1.0));
#2180=DIRECTION('',(1.0,0.0,3.50230473565876E-16));
#2181=SURFACE_STYLE_FILL_AREA(#3153);
#2182=ORIENTED_EDGE('',*,*,#3145,.F.);
#2183=ORIENTED_EDGE('',*,*,#3154,.F.);
#2184=ORIENTED_EDGE('',*,*,#3155,.T.);
#2185=ORIENTED_EDGE('',*,*,#3156,.T.);
#2186=CARTESIAN_POINT('',(4.15000000000049,2.49289321881333,37.9428932188227));
#2187=DIRECTION('',(2.90948145648382E-16,0.707106781186548,-0.707106781186547));
#2188=DIRECTION('',(-1.0,0.0,-4.11462813523245E-16));
#2189=SURFACE_STYLE_FILL_AREA(#3157);
#2190=ORIENTED_EDGE('',*,*,#2906,.T.);
#2191=ORIENTED_EDGE('',*,*,#2964,.T.);
#2192=ORIENTED_EDGE('',*,*,#2875,.T.);
#2193=ORIENTED_EDGE('',*,*,#2804,.T.);
#2194=ORIENTED_EDGE('',*,*,#3150,.F.);
#2195=ORIENTED_EDGE('',*,*,#3158,.T.);
#2196=ORIENTED_EDGE('',*,*,#3159,.T.);
#2197=CARTESIAN_POINT('',(0.817949192432705,12.2720252506418,18.1949976000104));
#2198=DIRECTION('',(-0.866025403784471,0.499999999999944,-2.62610051123629E-17));
#2199=DIRECTION('',(-3.03235967416246E-17,0.0,1.0));
#2200=SURFACE_STYLE_FILL_AREA(#3160);
#2201=ORIENTED_EDGE('',*,*,#3155,.F.);
#2202=ORIENTED_EDGE('',*,*,#3161,.T.);
#2203=ORIENTED_EDGE('',*,*,#3162,.T.);
#2204=ORIENTED_EDGE('',*,*,#3163,.F.);
#2205=CARTESIAN_POINT('',(4.15000000000049,2.19999999999949,36.7652987888883));
#2206=DIRECTION('',(2.44929359829471E-16,1.0,2.63677968348475E-16));
#2207=DIRECTION('',(0.0,2.63677968348475E-16,-1.0));
#2208=SURFACE_STYLE_FILL_AREA(#3164);
#2209=ORIENTED_EDGE('',*,*,#2746,.T.);
#2210=ORIENTED_EDGE('',*,*,#3165,.F.);
#2211=ORIENTED_EDGE('',*,*,#2782,.F.);
#2212=ORIENTED_EDGE('',*,*,#2881,.T.);
#2213=CARTESIAN_POINT('',(1.1,2.58278633637482,4.60066604154056));
#2214=DIRECTION('',(-1.0,1.25998616806134E-31,-1.66533453693773E-16));
#2215=DIRECTION('',(2.02953226566517E-17,0.992546151641322,-0.121869343405147));
#2216=SURFACE_STYLE_FILL_AREA(#3166);
#2217=ORIENTED_EDGE('',*,*,#2973,.F.);
#2218=ORIENTED_EDGE('',*,*,#3167,.F.);
#2219=ORIENTED_EDGE('',*,*,#3035,.T.);
#2220=ORIENTED_EDGE('',*,*,#2946,.T.);
#2221=CARTESIAN_POINT('',(4.1500000000005,50.7499999999996,31.3152050640353));
#2222=DIRECTION('',(1.0,-1.4791141972894E-31,5.16328830726854E-16));
#2223=DIRECTION('',(5.16328830726854E-16,-1.26464089971427E-31,-1.0));
#2224=SURFACE_STYLE_FILL_AREA(#3168);
#2225=ORIENTED_EDGE('',*,*,#3169,.F.);
#2226=ORIENTED_EDGE('',*,*,#3170,.F.);
#2227=ORIENTED_EDGE('',*,*,#3171,.T.);
#2228=ORIENTED_EDGE('',*,*,#3064,.F.);
#2229=CARTESIAN_POINT('',(2.30000000000051,23.9999999999994,28.3500000000108));
#2230=DIRECTION('',(-3.50230473565876E-16,-1.66533453693773E-16,1.0));
#2231=DIRECTION('',(1.0,0.0,3.50230473565876E-16));
#2232=SURFACE_STYLE_FILL_AREA(#3172);
#2233=ORIENTED_EDGE('',*,*,#3076,.F.);
#2234=ORIENTED_EDGE('',*,*,#3173,.F.);
#2235=ORIENTED_EDGE('',*,*,#3170,.T.);
#2236=ORIENTED_EDGE('',*,*,#3174,.T.);
#2237=CARTESIAN_POINT('',(3.32500000000097,24.8499999999576,28.3500000000108));
#2238=DIRECTION('',(1.9651103767204E-13,-1.0,-1.66533453693705E-16));
#2239=DIRECTION('',(0.0,1.66533453693705E-16,-1.0));
#2240=SURFACE_STYLE_FILL_AREA(#3175);
#2241=ORIENTED_EDGE('',*,*,#3077,.F.);
#2242=ORIENTED_EDGE('',*,*,#3174,.F.);
#2243=ORIENTED_EDGE('',*,*,#3169,.T.);
#2244=ORIENTED_EDGE('',*,*,#3063,.T.);
#2245=CARTESIAN_POINT('',(0.825000000016931,24.8499999999571,28.3500000000108));
#2246=DIRECTION('',(-1.0,1.96511037672039E-13,-3.50230473565844E-16));
#2247=DIRECTION('',(-3.50230473565844E-16,0.0,1.0));
#2248=SURFACE_STYLE_FILL_AREA(#3176);
#2249=ORIENTED_EDGE('',*,*,#3075,.F.);
#2250=ORIENTED_EDGE('',*,*,#3065,.F.);
#2251=ORIENTED_EDGE('',*,*,#3171,.F.);
#2252=ORIENTED_EDGE('',*,*,#3173,.T.);
#2253=CARTESIAN_POINT('',(3.32500000000036,27.9999999999746,28.3500000000108));
#2254=DIRECTION('',(1.0,1.96511037672039E-13,3.50230473565909E-16));
#2255=DIRECTION('',(-1.96511037672039E-13,1.0,0.0));
#2256=SURFACE_STYLE_FILL_AREA(#3177);
#2257=ORIENTED_EDGE('',*,*,#3071,.F.);
#2258=ORIENTED_EDGE('',*,*,#3084,.F.);
#2259=ORIENTED_EDGE('',*,*,#3178,.F.);
#2260=ORIENTED_EDGE('',*,*,#2900,.T.);
#2261=CARTESIAN_POINT('',(0.825000000000358,20.0000000000221,28.3500000000108));
#2262=DIRECTION('',(-1.0,1.96511037672039E-13,-3.50230473565844E-16));
#2263=DIRECTION('',(-3.50230473565844E-16,0.0,1.0));
#2264=SURFACE_STYLE_FILL_AREA(#3179);
#2265=ORIENTED_EDGE('',*,*,#3178,.T.);
#2266=ORIENTED_EDGE('',*,*,#3083,.T.);
#2267=ORIENTED_EDGE('',*,*,#3180,.F.);
#2268=ORIENTED_EDGE('',*,*,#2901,.T.);
#2269=CARTESIAN_POINT('',(2.30000000000051,23.9999999999994,28.3500000000108));
#2270=DIRECTION('',(-3.50230473565876E-16,-1.66533453693773E-16,1.0));
#2271=DIRECTION('',(1.0,0.0,3.50230473565876E-16));
#2272=SURFACE_STYLE_FILL_AREA(#3181);
#2273=ORIENTED_EDGE('',*,*,#3072,.F.);
#2274=ORIENTED_EDGE('',*,*,#2902,.F.);
#2275=ORIENTED_EDGE('',*,*,#3180,.T.);
#2276=ORIENTED_EDGE('',*,*,#3082,.T.);
#2277=CARTESIAN_POINT('',(3.32500000000098,23.1500000000414,28.3500000000108));
#2278=DIRECTION('',(1.0,-1.96511037672039E-13,3.50230473565844E-16));
#2279=DIRECTION('',(-1.96511037672039E-13,-1.0,0.0));
#2280=SURFACE_STYLE_FILL_AREA(#3182);
#2281=ORIENTED_EDGE('',*,*,#3183,.F.);
#2282=ORIENTED_EDGE('',*,*,#3184,.T.);
#2283=ORIENTED_EDGE('',*,*,#2744,.T.);
#2284=ORIENTED_EDGE('',*,*,#3185,.F.);
#2285=ORIENTED_EDGE('',*,*,#2732,.T.);
#2286=CARTESIAN_POINT('',(2.40000000000151,15.0499999999837,38.1000000000109));
#2287=DIRECTION('',(-1.66533453693773E-16,-1.66533453693773E-16,1.0));
#2288=DIRECTION('',(1.0,0.0,1.66533453693773E-16));
#2289=SURFACE_STYLE_FILL_AREA(#3186);
#2290=ORIENTED_EDGE('',*,*,#2738,.T.);
#2291=ORIENTED_EDGE('',*,*,#3184,.F.);
#2292=ORIENTED_EDGE('',*,*,#3187,.T.);
#2293=ORIENTED_EDGE('',*,*,#3051,.T.);
#2294=CARTESIAN_POINT('',(2.40000000000151,32.2249999999838,38.1000000000109));
#2295=DIRECTION('',(1.66533453693773E-16,1.66533453693773E-16,-1.0));
#2296=DIRECTION('',(0.0,1.0,1.66533453693773E-16));
#2297=SURFACE_STYLE_FILL_AREA(#3188);
#2298=ORIENTED_EDGE('',*,*,#3050,.F.);
#2299=ORIENTED_EDGE('',*,*,#3187,.F.);
#2300=ORIENTED_EDGE('',*,*,#3183,.T.);
#2301=ORIENTED_EDGE('',*,*,#2731,.T.);
#2302=CARTESIAN_POINT('',(3.80000000000049,32.7635164806999,38.1000000000109));
#2303=DIRECTION('',(1.0,2.67697677561848E-16,1.66533453693773E-16));
#2304=DIRECTION('',(-2.67697677561848E-16,1.0,0.0));
#2305=SURFACE_STYLE_FILL_AREA(#3189);
#2306=ORIENTED_EDGE('',*,*,#3190,.F.);
#2307=ORIENTED_EDGE('',*,*,#3191,.T.);
#2308=ORIENTED_EDGE('',*,*,#2717,.F.);
#2309=ORIENTED_EDGE('',*,*,#2726,.F.);
#2310=ORIENTED_EDGE('',*,*,#3192,.F.);
#2311=CARTESIAN_POINT('',(2.40000000000151,15.0499999999837,38.1000000000109));
#2312=DIRECTION('',(-1.66533453693773E-16,-1.66533453693773E-16,1.0));
#2313=DIRECTION('',(1.0,0.0,1.66533453693773E-16));
#2314=SURFACE_STYLE_FILL_AREA(#3193);
#2315=ORIENTED_EDGE('',*,*,#2721,.T.);
#2316=ORIENTED_EDGE('',*,*,#3100,.F.);
#2317=ORIENTED_EDGE('',*,*,#3194,.F.);
#2318=ORIENTED_EDGE('',*,*,#3190,.T.);
#2319=ORIENTED_EDGE('',*,*,#3195,.T.);
#2320=ORIENTED_EDGE('',*,*,#3196,.T.);
#2321=ORIENTED_EDGE('',*,*,#3197,.F.);
#2322=ORIENTED_EDGE('',*,*,#3198,.T.);
#2323=CARTESIAN_POINT('',(2.40000000000151,15.7750000000152,38.1000000000109));
#2324=DIRECTION('',(-1.66533453693773E-16,-1.66533453693773E-16,1.0));
#2325=DIRECTION('',(0.0,-1.0,-1.66533453693773E-16));
#2326=SURFACE_STYLE_FILL_AREA(#3199);
#2327=ORIENTED_EDGE('',*,*,#3099,.F.);
#2328=ORIENTED_EDGE('',*,*,#2718,.F.);
#2329=ORIENTED_EDGE('',*,*,#3191,.F.);
#2330=ORIENTED_EDGE('',*,*,#3194,.T.);
#2331=CARTESIAN_POINT('',(3.80000000000049,16.3135164807313,38.1000000000109));
#2332=DIRECTION('',(1.0,-2.67697677561848E-16,1.66533453693773E-16));
#2333=DIRECTION('',(-2.67697677561848E-16,-1.0,0.0));
#2334=SURFACE_STYLE_FILL_AREA(#3200);
#2335=ORIENTED_EDGE('',*,*,#3192,.T.);
#2336=ORIENTED_EDGE('',*,*,#2725,.F.);
#2337=ORIENTED_EDGE('',*,*,#3201,.T.);
#2338=ORIENTED_EDGE('',*,*,#3195,.F.);
#2339=CARTESIAN_POINT('',(1.53095166210452,16.9976017284609,37.5000000000109));
#2340=DIRECTION('',(0.707106781186547,0.707106781186548,2.35513868802566E-16));
#2341=DIRECTION('',(3.33066907387547E-16,0.0,-1.0));
#2342=SURFACE_STYLE_FILL_AREA(#3202);
#2343=ORIENTED_EDGE('',*,*,#3203,.F.);
#2344=ORIENTED_EDGE('',*,*,#2740,.T.);
#2345=ORIENTED_EDGE('',*,*,#2736,.T.);
#2346=CARTESIAN_POINT('',(2.40000000000151,15.0499999999837,38.1000000000109));
#2347=DIRECTION('',(-1.66533453693773E-16,-1.66533453693773E-16,1.0));
#2348=DIRECTION('',(1.0,0.0,1.66533453693773E-16));
#2349=SURFACE_STYLE_FILL_AREA(#3204);
#2350=ORIENTED_EDGE('',*,*,#3205,.T.);
#2351=ORIENTED_EDGE('',*,*,#2723,.T.);
#2352=ORIENTED_EDGE('',*,*,#3206,.T.);
#2353=ORIENTED_EDGE('',*,*,#3197,.T.);
#2354=CARTESIAN_POINT('',(3.21317279834305,14.6082738110359,37.5000000000109));
#2355=DIRECTION('',(-0.707106781186547,-0.707106781186548,-2.35513868802566E-16));
#2356=DIRECTION('',(-0.707106781186548,0.707106781186547,0.0));
#2357=SURFACE_STYLE_FILL_AREA(#3207);
#2358=ORIENTED_EDGE('',*,*,#3185,.T.);
#2359=ORIENTED_EDGE('',*,*,#2743,.F.);
#2360=ORIENTED_EDGE('',*,*,#3208,.T.);
#2361=ORIENTED_EDGE('',*,*,#2733,.T.);
#2362=CARTESIAN_POINT('',(1.53095166213053,33.447601728448,37.5000000000109));
#2363=DIRECTION('',(0.707106781186547,0.707106781186548,2.35513868802566E-16));
#2364=DIRECTION('',(3.33066907387547E-16,0.0,-1.0));
#2365=SURFACE_STYLE_FILL_AREA(#3209);
#2366=ORIENTED_EDGE('',*,*,#3198,.F.);
#2367=ORIENTED_EDGE('',*,*,#3206,.F.);
#2368=ORIENTED_EDGE('',*,*,#2722,.F.);
#2369=CARTESIAN_POINT('',(2.40000000000151,15.0499999999837,38.1000000000109));
#2370=DIRECTION('',(-1.66533453693773E-16,-1.66533453693773E-16,1.0));
#2371=DIRECTION('',(1.0,0.0,1.66533453693773E-16));
#2372=SURFACE_STYLE_FILL_AREA(#3210);
#2373=ORIENTED_EDGE('',*,*,#2734,.T.);
#2374=ORIENTED_EDGE('',*,*,#3208,.F.);
#2375=ORIENTED_EDGE('',*,*,#2742,.T.);
#2376=ORIENTED_EDGE('',*,*,#3211,.F.);
#2377=CARTESIAN_POINT('',(2.40000000000151,15.7749999999837,37.5000000000109));
#2378=DIRECTION('',(-1.66533453693773E-16,-1.66533453693773E-16,1.0));
#2379=DIRECTION('',(1.0,0.0,1.66533453693773E-16));
#2380=SURFACE_STYLE_FILL_AREA(#3212);
#2381=ORIENTED_EDGE('',*,*,#3203,.T.);
#2382=ORIENTED_EDGE('',*,*,#2735,.F.);
#2383=ORIENTED_EDGE('',*,*,#3211,.T.);
#2384=ORIENTED_EDGE('',*,*,#2741,.T.);
#2385=CARTESIAN_POINT('',(3.2131727983653,31.0582738110267,37.5000000000109));
#2386=DIRECTION('',(-0.707106781186547,-0.707106781186548,-2.35513868802566E-16));
#2387=DIRECTION('',(-0.707106781186548,0.707106781186547,0.0));
#2388=SURFACE_STYLE_FILL_AREA(#3213);
#2389=ORIENTED_EDGE('',*,*,#3196,.F.);
#2390=ORIENTED_EDGE('',*,*,#3201,.F.);
#2391=ORIENTED_EDGE('',*,*,#2724,.F.);
#2392=ORIENTED_EDGE('',*,*,#3205,.F.);
#2393=CARTESIAN_POINT('',(2.40000000000151,15.7749999999837,37.5000000000109));
#2394=DIRECTION('',(-1.66533453693773E-16,-1.66533453693773E-16,1.0));
#2395=DIRECTION('',(1.0,0.0,1.66533453693773E-16));
#2396=SURFACE_STYLE_FILL_AREA(#3214);
#2397=ORIENTED_EDGE('',*,*,#3110,.T.);
#2398=ORIENTED_EDGE('',*,*,#2805,.F.);
#2399=ORIENTED_EDGE('',*,*,#2874,.F.);
#2400=ORIENTED_EDGE('',*,*,#3143,.F.);
#2401=CARTESIAN_POINT('',(1.40000000000152,14.8750000000152,24.6500000000108));
#2402=DIRECTION('',(1.66533453693773E-16,2.35922392732846E-16,-1.0));
#2403=DIRECTION('',(-1.0,0.0,-1.66533453693773E-16));
#2404=SURFACE_STYLE_FILL_AREA(#3215);
#2405=ORIENTED_EDGE('',*,*,#3142,.F.);
#2406=ORIENTED_EDGE('',*,*,#3152,.F.);
#2407=ORIENTED_EDGE('',*,*,#3117,.F.);
#2408=ORIENTED_EDGE('',*,*,#3111,.T.);
#2409=CARTESIAN_POINT('',(3.40000000000151,14.8750000000152,28.3500000000108));
#2410=DIRECTION('',(1.0,6.12323399573676E-17,1.66533453693773E-16));
#2411=DIRECTION('',(-1.66533453693773E-16,0.0,1.0));
#2412=SURFACE_STYLE_FILL_AREA(#3216);
#2413=ORIENTED_EDGE('',*,*,#2806,.T.);
#2414=ORIENTED_EDGE('',*,*,#3109,.T.);
#2415=ORIENTED_EDGE('',*,*,#3119,.T.);
#2416=ORIENTED_EDGE('',*,*,#3151,.F.);
#2417=CARTESIAN_POINT('',(1.40000000000151,14.8750000000152,28.3500000000108));
#2418=DIRECTION('',(-1.0,-6.12323399573676E-17,-1.66533453693773E-16));
#2419=DIRECTION('',(-1.66533453693773E-16,0.0,1.0));
#2420=SURFACE_STYLE_FILL_AREA(#3217);
#2421=ORIENTED_EDGE('',*,*,#3053,.F.);
#2422=ORIENTED_EDGE('',*,*,#3218,.T.);
#2423=ORIENTED_EDGE('',*,*,#2986,.F.);
#2424=ORIENTED_EDGE('',*,*,#3219,.T.);
#2425=CARTESIAN_POINT('',(1.40000000000152,33.1249999999837,24.6500000000108));
#2426=DIRECTION('',(-1.66533453693773E-16,-2.08166817117217E-16,1.0));
#2427=DIRECTION('',(0.0,-1.0,-2.08166817117217E-16));
#2428=SURFACE_STYLE_FILL_AREA(#3220);
#2429=ORIENTED_EDGE('',*,*,#2980,.T.);
#2430=ORIENTED_EDGE('',*,*,#3093,.F.);
#2431=ORIENTED_EDGE('',*,*,#2987,.F.);
#2432=ORIENTED_EDGE('',*,*,#3218,.F.);
#2433=CARTESIAN_POINT('',(1.40000000000151,33.1249999999837,28.3500000000108));
#2434=DIRECTION('',(1.0,-6.12323399573676E-17,1.66533453693773E-16));
#2435=DIRECTION('',(-1.66533453693773E-16,0.0,1.0));
#2436=SURFACE_STYLE_FILL_AREA(#3221);
#2437=ORIENTED_EDGE('',*,*,#3028,.F.);
#2438=ORIENTED_EDGE('',*,*,#3219,.F.);
#2439=ORIENTED_EDGE('',*,*,#2989,.T.);
#2440=ORIENTED_EDGE('',*,*,#3092,.T.);
#2441=CARTESIAN_POINT('',(3.40000000000151,33.1249999999837,28.3500000000108));
#2442=DIRECTION('',(-1.0,6.12323399573676E-17,-1.66533453693773E-16));
#2443=DIRECTION('',(-1.66533453693773E-16,0.0,1.0));
#2444=SURFACE_STYLE_FILL_AREA(#3222);
#2445=ORIENTED_EDGE('',*,*,#3223,.F.);
#2446=ORIENTED_EDGE('',*,*,#3224,.T.);
#2447=ORIENTED_EDGE('',*,*,#2930,.T.);
#2448=ORIENTED_EDGE('',*,*,#3225,.F.);
#2449=CARTESIAN_POINT('',(4.15000000000049,8.00000000001928,26.4153460240512));
#2450=DIRECTION('',(-2.44929359829471E-16,-1.0,-4.02455846426619E-16));
#2451=DIRECTION('',(0.0,4.02455846426619E-16,-1.0));
#2452=SURFACE_STYLE_FILL_AREA(#3226);
#2453=ORIENTED_EDGE('',*,*,#3227,.F.);
#2454=ORIENTED_EDGE('',*,*,#3228,.T.);
#2455=ORIENTED_EDGE('',*,*,#2931,.T.);
#2456=ORIENTED_EDGE('',*,*,#3224,.F.);
#2457=CARTESIAN_POINT('',(4.15000000000048,4.99118095489685,28.756210633321));
#2458=DIRECTION('',(9.74665808352952E-17,-0.25881904510252,-0.965925826289069));
#2459=DIRECTION('',(0.0,-0.965925826289069,0.25881904510252));
#2460=SURFACE_STYLE_FILL_AREA(#3229);
#2461=ORIENTED_EDGE('',*,*,#3230,.F.);
#2462=ORIENTED_EDGE('',*,*,#3225,.T.);
#2463=ORIENTED_EDGE('',*,*,#2929,.T.);
#2464=ORIENTED_EDGE('',*,*,#3231,.T.);
#2465=CARTESIAN_POINT('',(4.15000000000049,6.51763809022426,24.4528023233888));
#2466=DIRECTION('',(-2.24251346892566E-16,-0.258819045102521,0.965925826289068));
#2467=DIRECTION('',(-1.0,8.66440670174552E-16,0.0));
#2468=SURFACE_STYLE_FILL_AREA(#3232);
#2469=ORIENTED_EDGE('',*,*,#3233,.T.);
#2470=ORIENTED_EDGE('',*,*,#2957,.F.);
#2471=ORIENTED_EDGE('',*,*,#2907,.F.);
#2472=ORIENTED_EDGE('',*,*,#3159,.F.);
#2473=CARTESIAN_POINT('',(1.40000000000151,12.2242542509867,27.6000000000108));
#2474=DIRECTION('',(-1.66533453693773E-16,4.16333634234434E-17,1.0));
#2475=DIRECTION('',(1.0,-0.0,1.66533453693773E-16));
#2476=SURFACE_STYLE_FILL_AREA(#3234);
#2477=ORIENTED_EDGE('',*,*,#3149,.F.);
#2478=ORIENTED_EDGE('',*,*,#2958,.F.);
#2479=ORIENTED_EDGE('',*,*,#3233,.F.);
#2480=ORIENTED_EDGE('',*,*,#3158,.F.);
#2481=CARTESIAN_POINT('',(1.40000000000151,12.4881306452347,27.6000000000108));
#2482=DIRECTION('',(-7.27194827892712E-17,0.342020143349297,0.939692620777308));
#2483=DIRECTION('',(1.0,2.12617543742166E-16,0.0));
#2484=SURFACE_STYLE_FILL_AREA(#3235);
#2485=ORIENTED_EDGE('',*,*,#3102,.T.);
#2486=ORIENTED_EDGE('',*,*,#3003,.T.);
#2487=ORIENTED_EDGE('',*,*,#3236,.F.);
#2488=ORIENTED_EDGE('',*,*,#2939,.T.);
#2489=CARTESIAN_POINT('',(1.40000000000151,35.511869356476,27.6000000000108));
#2490=DIRECTION('',(-1.66533453693773E-16,1.11022302462516E-16,1.0));
#2491=DIRECTION('',(1.0,-0.0,1.66533453693773E-16));
#2492=SURFACE_STYLE_FILL_AREA(#3237);
#2493=ORIENTED_EDGE('',*,*,#3236,.T.);
#2494=ORIENTED_EDGE('',*,*,#3002,.T.);
#2495=ORIENTED_EDGE('',*,*,#3094,.F.);
#2496=ORIENTED_EDGE('',*,*,#2940,.T.);
#2497=CARTESIAN_POINT('',(1.40000000000151,34.8250000017696,27.3500000000109));
#2498=DIRECTION('',(-2.40261032299181E-16,-0.342020143301853,0.939692620794577));
#2499=DIRECTION('',(-1.0,7.02476263472986E-16,0.0));
#2500=SURFACE_STYLE_FILL_AREA(#3238);
#2501=ORIENTED_EDGE('',*,*,#3239,.T.);
#2502=ORIENTED_EDGE('',*,*,#3240,.T.);
#2503=ORIENTED_EDGE('',*,*,#3241,.T.);
#2504=ORIENTED_EDGE('',*,*,#3242,.T.);
#2505=ORIENTED_EDGE('',*,*,#3161,.F.);
#2506=ORIENTED_EDGE('',*,*,#3154,.T.);
#2507=ORIENTED_EDGE('',*,*,#3147,.T.);
#2508=ORIENTED_EDGE('',*,*,#3137,.T.);
#2509=ORIENTED_EDGE('',*,*,#3133,.T.);
#2510=ORIENTED_EDGE('',*,*,#3129,.T.);
#2511=ORIENTED_EDGE('',*,*,#3125,.T.);
#2512=ORIENTED_EDGE('',*,*,#3121,.T.);
#2513=ORIENTED_EDGE('',*,*,#3113,.T.);
#2514=ORIENTED_EDGE('',*,*,#3104,.T.);
#2515=ORIENTED_EDGE('',*,*,#3096,.F.);
#2516=ORIENTED_EDGE('',*,*,#3088,.F.);
#2517=ORIENTED_EDGE('',*,*,#3079,.F.);
#2518=ORIENTED_EDGE('',*,*,#3069,.F.);
#2519=ORIENTED_EDGE('',*,*,#3061,.T.);
#2520=ORIENTED_EDGE('',*,*,#3055,.T.);
#2521=ORIENTED_EDGE('',*,*,#3047,.T.);
#2522=ORIENTED_EDGE('',*,*,#3039,.F.);
#2523=ORIENTED_EDGE('',*,*,#3031,.F.);
#2524=ORIENTED_EDGE('',*,*,#3023,.F.);
#2525=ORIENTED_EDGE('',*,*,#3019,.F.);
#2526=ORIENTED_EDGE('',*,*,#3015,.F.);
#2527=ORIENTED_EDGE('',*,*,#3011,.F.);
#2528=ORIENTED_EDGE('',*,*,#3007,.F.);
#2529=ORIENTED_EDGE('',*,*,#2997,.F.);
#2530=ORIENTED_EDGE('',*,*,#2991,.F.);
#2531=ORIENTED_EDGE('',*,*,#2895,.T.);
#2532=ORIENTED_EDGE('',*,*,#2976,.T.);
#2533=ORIENTED_EDGE('',*,*,#2913,.F.);
#2534=ORIENTED_EDGE('',*,*,#2984,.T.);
#2535=ORIENTED_EDGE('',*,*,#2921,.F.);
#2536=ORIENTED_EDGE('',*,*,#2962,.T.);
#2537=ORIENTED_EDGE('',*,*,#2890,.F.);
#2538=ORIENTED_EDGE('',*,*,#2883,.F.);
#2539=ORIENTED_EDGE('',*,*,#2877,.F.);
#2540=ORIENTED_EDGE('',*,*,#2866,.F.);
#2541=ORIENTED_EDGE('',*,*,#2857,.F.);
#2542=ORIENTED_EDGE('',*,*,#2848,.F.);
#2543=ORIENTED_EDGE('',*,*,#2844,.T.);
#2544=ORIENTED_EDGE('',*,*,#2840,.T.);
#2545=ORIENTED_EDGE('',*,*,#2836,.T.);
#2546=ORIENTED_EDGE('',*,*,#2832,.T.);
#2547=ORIENTED_EDGE('',*,*,#2828,.T.);
#2548=ORIENTED_EDGE('',*,*,#2820,.F.);
#2549=ORIENTED_EDGE('',*,*,#2816,.T.);
#2550=ORIENTED_EDGE('',*,*,#2759,.T.);
#2551=ORIENTED_EDGE('',*,*,#2813,.T.);
#2552=ORIENTED_EDGE('',*,*,#2809,.T.);
#2553=ORIENTED_EDGE('',*,*,#2800,.F.);
#2554=ORIENTED_EDGE('',*,*,#2793,.F.);
#2555=ORIENTED_EDGE('',*,*,#2784,.F.);
#2556=ORIENTED_EDGE('',*,*,#2775,.T.);
#2557=ORIENTED_EDGE('',*,*,#2767,.T.);
#2558=ORIENTED_EDGE('',*,*,#2772,.F.);
#2559=ORIENTED_EDGE('',*,*,#2779,.F.);
#2560=ORIENTED_EDGE('',*,*,#3165,.T.);
#2561=ORIENTED_EDGE('',*,*,#2749,.T.);
#2562=ORIENTED_EDGE('',*,*,#2862,.F.);
#2563=ORIENTED_EDGE('',*,*,#2970,.T.);
#2564=ORIENTED_EDGE('',*,*,#2754,.T.);
#2565=ORIENTED_EDGE('',*,*,#2887,.F.);
#2566=ORIENTED_EDGE('',*,*,#2853,.F.);
#2567=ORIENTED_EDGE('',*,*,#3243,.T.);
#2568=CARTESIAN_POINT('',(4.9560355819267E-13,20.9736113967685,7.40000000000275));
#2569=DIRECTION('',(1.0,-2.44929359829471E-16,1.66533453693773E-16));
#2570=DIRECTION('',(-2.44929359829471E-16,-1.0,0.0));
#2571=SURFACE_STYLE_FILL_AREA(#3244);
#2572=ORIENTED_EDGE('',*,*,#3245,.T.);
#2573=ORIENTED_EDGE('',*,*,#3162,.F.);
#2574=ORIENTED_EDGE('',*,*,#3242,.F.);
#2575=ORIENTED_EDGE('',*,*,#3246,.T.);
#2576=CARTESIAN_POINT('',(-0.415002399999539,-1.07489278589899,39.2854290127193));
#2577=DIRECTION('',(3.92915409993041E-17,0.667001757849354,0.745056142197266));
#2578=DIRECTION('',(1.0,-5.89077023214957E-17,0.0));
#2579=SURFACE_STYLE_FILL_AREA(#3247);
#2580=ORIENTED_EDGE('',*,*,#3248,.T.);
#2581=ORIENTED_EDGE('',*,*,#2967,.F.);
#2582=ORIENTED_EDGE('',*,*,#3249,.F.);
#2583=ORIENTED_EDGE('',*,*,#3239,.F.);
#2584=CARTESIAN_POINT('',(-0.415002399999536,4.24999999999954,31.3152050640351));
#2585=DIRECTION('',(2.44929359829471E-16,1.0,2.63677968348475E-16));
#2586=DIRECTION('',(0.0,2.63677968348475E-16,-1.0));
#2587=SURFACE_STYLE_FILL_AREA(#3250);
#2588=ORIENTED_EDGE('',*,*,#2966,.T.);
#2589=ORIENTED_EDGE('',*,*,#3251,.F.);
#2590=ORIENTED_EDGE('',*,*,#3240,.F.);
#2591=ORIENTED_EDGE('',*,*,#3249,.T.);
#2592=CARTESIAN_POINT('',(-0.415002399999538,-2.75000000000046,31.3152050640351));
#2593=DIRECTION('',(-1.0,2.4492935982947E-16,-1.66533453693773E-16));
#2594=DIRECTION('',(2.63399016179365E-16,0.992546151641322,-0.121869343405147));
#2595=SURFACE_STYLE_FILL_AREA(#3252);
#2596=ORIENTED_EDGE('',*,*,#2926,.F.);
#2597=ORIENTED_EDGE('',*,*,#3253,.T.);
#2598=ORIENTED_EDGE('',*,*,#3254,.T.);
#2599=ORIENTED_EDGE('',*,*,#3246,.F.);
#2600=ORIENTED_EDGE('',*,*,#3241,.F.);
#2601=ORIENTED_EDGE('',*,*,#3251,.T.);
#2602=ORIENTED_EDGE('',*,*,#2965,.F.);
#2603=ORIENTED_EDGE('',*,*,#2904,.F.);
#2604=CARTESIAN_POINT('',(-0.415002399999538,2.3808479557105,36.1917223525373));
#2605=DIRECTION('',(1.05114720907798E-16,0.819152044288992,0.573576436351046));
#2606=DIRECTION('',(1.0,1.0096828487054E-32,-1.83261923339306E-16));
#2607=SURFACE_STYLE_FILL_AREA(#3255);
#2608=ORIENTED_EDGE('',*,*,#2925,.F.);
#2609=ORIENTED_EDGE('',*,*,#3256,.T.);
#2610=ORIENTED_EDGE('',*,*,#3257,.T.);
#2611=ORIENTED_EDGE('',*,*,#3253,.F.);
#2612=CARTESIAN_POINT('',(-0.415002399999538,-2.75000000000046,31.3152050640351));
#2613=DIRECTION('',(-1.0,2.4492935982947E-16,-1.66533453693773E-16));
#2614=DIRECTION('',(2.63399016179365E-16,0.992546151641322,-0.121869343405147));
#2615=SURFACE_STYLE_FILL_AREA(#3258);
#2616=ORIENTED_EDGE('',*,*,#2932,.F.);
#2617=ORIENTED_EDGE('',*,*,#3228,.F.);
#2618=ORIENTED_EDGE('',*,*,#3259,.T.);
#2619=ORIENTED_EDGE('',*,*,#3256,.F.);
#2620=CARTESIAN_POINT('',(-0.415002399999536,4.24999999999954,31.3152050640351));
#2621=DIRECTION('',(2.44929359829471E-16,1.0,2.63677968348475E-16));
#2622=DIRECTION('',(0.0,2.63677968348475E-16,-1.0));
#2623=SURFACE_STYLE_FILL_AREA(#3260);
#2624=ORIENTED_EDGE('',*,*,#2871,.F.);
#2625=ORIENTED_EDGE('',*,*,#2968,.T.);
#2626=ORIENTED_EDGE('',*,*,#3248,.F.);
#2627=ORIENTED_EDGE('',*,*,#3243,.F.);
#2628=ORIENTED_EDGE('',*,*,#2852,.T.);
#2629=ORIENTED_EDGE('',*,*,#3261,.T.);
#2630=ORIENTED_EDGE('',*,*,#3231,.F.);
#2631=ORIENTED_EDGE('',*,*,#2928,.F.);
#2632=CARTESIAN_POINT('',(-0.415002399999542,-20.7500000000022,28.9500002306289));
#2633=DIRECTION('',(-1.0,2.44929359829471E-16,-1.66533453693773E-16));
#2634=DIRECTION('',(-1.35442758320232E-16,0.121869343405147,0.992546151641322));
#2635=SURFACE_STYLE_FILL_AREA(#3262);
#2636=ORIENTED_EDGE('',*,*,#2971,.F.);
#2637=ORIENTED_EDGE('',*,*,#2864,.T.);
#2638=ORIENTED_EDGE('',*,*,#2826,.T.);
#2639=ORIENTED_EDGE('',*,*,#2790,.T.);
#2640=ORIENTED_EDGE('',*,*,#2797,.T.);
#2641=ORIENTED_EDGE('',*,*,#2764,.T.);
#2642=ORIENTED_EDGE('',*,*,#2780,.T.);
#2643=ORIENTED_EDGE('',*,*,#2773,.T.);
#2644=ORIENTED_EDGE('',*,*,#2769,.F.);
#2645=ORIENTED_EDGE('',*,*,#2777,.F.);
#2646=ORIENTED_EDGE('',*,*,#2786,.T.);
#2647=ORIENTED_EDGE('',*,*,#2795,.T.);
#2648=ORIENTED_EDGE('',*,*,#2802,.T.);
#2649=ORIENTED_EDGE('',*,*,#2811,.F.);
#2650=ORIENTED_EDGE('',*,*,#2814,.F.);
#2651=ORIENTED_EDGE('',*,*,#2757,.F.);
#2652=ORIENTED_EDGE('',*,*,#2818,.F.);
#2653=ORIENTED_EDGE('',*,*,#2822,.T.);
#2654=ORIENTED_EDGE('',*,*,#2830,.F.);
#2655=ORIENTED_EDGE('',*,*,#2834,.F.);
#2656=ORIENTED_EDGE('',*,*,#2838,.F.);
#2657=ORIENTED_EDGE('',*,*,#2842,.F.);
#2658=ORIENTED_EDGE('',*,*,#2846,.F.);
#2659=ORIENTED_EDGE('',*,*,#2850,.T.);
#2660=ORIENTED_EDGE('',*,*,#2859,.T.);
#2661=ORIENTED_EDGE('',*,*,#2868,.T.);
#2662=ORIENTED_EDGE('',*,*,#2879,.T.);
#2663=ORIENTED_EDGE('',*,*,#2885,.T.);
#2664=ORIENTED_EDGE('',*,*,#2892,.T.);
#2665=ORIENTED_EDGE('',*,*,#2961,.F.);
#2666=ORIENTED_EDGE('',*,*,#2919,.T.);
#2667=ORIENTED_EDGE('',*,*,#3086,.F.);
#2668=ORIENTED_EDGE('',*,*,#3044,.F.);
#2669=ORIENTED_EDGE('',*,*,#3059,.F.);
#2670=ORIENTED_EDGE('',*,*,#3036,.F.);
#2671=ORIENTED_EDGE('',*,*,#3167,.T.);
#2672=ORIENTED_EDGE('',*,*,#2977,.F.);
#2673=ORIENTED_EDGE('',*,*,#2897,.F.);
#2674=ORIENTED_EDGE('',*,*,#2993,.T.);
#2675=ORIENTED_EDGE('',*,*,#2999,.T.);
#2676=ORIENTED_EDGE('',*,*,#3009,.T.);
#2677=ORIENTED_EDGE('',*,*,#3013,.T.);
#2678=ORIENTED_EDGE('',*,*,#3017,.T.);
#2679=ORIENTED_EDGE('',*,*,#3021,.T.);
#2680=ORIENTED_EDGE('',*,*,#3025,.T.);
#2681=ORIENTED_EDGE('',*,*,#3033,.T.);
#2682=ORIENTED_EDGE('',*,*,#3041,.T.);
#2683=ORIENTED_EDGE('',*,*,#3049,.F.);
#2684=ORIENTED_EDGE('',*,*,#3057,.F.);
#2685=ORIENTED_EDGE('',*,*,#3067,.F.);
#2686=ORIENTED_EDGE('',*,*,#3074,.T.);
#2687=ORIENTED_EDGE('',*,*,#3081,.T.);
#2688=ORIENTED_EDGE('',*,*,#3090,.T.);
#2689=ORIENTED_EDGE('',*,*,#3098,.T.);
#2690=ORIENTED_EDGE('',*,*,#3106,.F.);
#2691=ORIENTED_EDGE('',*,*,#3115,.F.);
#2692=ORIENTED_EDGE('',*,*,#3123,.F.);
#2693=ORIENTED_EDGE('',*,*,#3127,.F.);
#2694=ORIENTED_EDGE('',*,*,#3131,.F.);
#2695=ORIENTED_EDGE('',*,*,#3135,.F.);
#2696=ORIENTED_EDGE('',*,*,#3139,.F.);
#2697=ORIENTED_EDGE('',*,*,#3146,.F.);
#2698=ORIENTED_EDGE('',*,*,#3156,.F.);
#2699=ORIENTED_EDGE('',*,*,#3163,.T.);
#2700=ORIENTED_EDGE('',*,*,#3245,.F.);
#2701=ORIENTED_EDGE('',*,*,#3254,.F.);
#2702=ORIENTED_EDGE('',*,*,#3257,.F.);
#2703=ORIENTED_EDGE('',*,*,#3259,.F.);
#2704=ORIENTED_EDGE('',*,*,#3227,.T.);
#2705=ORIENTED_EDGE('',*,*,#3223,.T.);
#2706=ORIENTED_EDGE('',*,*,#3230,.T.);
#2707=ORIENTED_EDGE('',*,*,#3261,.F.);
#2708=ORIENTED_EDGE('',*,*,#2855,.T.);
#2709=ORIENTED_EDGE('',*,*,#2888,.F.);
#2710=ORIENTED_EDGE('',*,*,#2752,.F.);
#2711=CARTESIAN_POINT('',(4.1500000000005,20.9736113967685,7.40000000000275));
#2712=DIRECTION('',(1.0,-2.44929359829471E-16,1.66533453693773E-16));
#2713=DIRECTION('',(-2.44929359829471E-16,-1.0,0.0));
#2714=SURFACE_STYLE_FILL_AREA(#3263);
#2715=FILL_AREA_STYLE('',(#3264));
#2716=EDGE_CURVE('',#3265,#3266,#3267,.T.);
#2717=EDGE_CURVE('',#3266,#3268,#3269,.T.);
#2718=EDGE_CURVE('',#3268,#3270,#3271,.T.);
#2719=EDGE_CURVE('',#3265,#3270,#3272,.T.);
#2720=FILL_AREA_STYLE('',(#3273));
#2721=EDGE_CURVE('',#3274,#3275,#3276,.T.);
#2722=EDGE_CURVE('',#3274,#3277,#3278,.T.);
#2723=EDGE_CURVE('',#3279,#3277,#3280,.T.);
#2724=EDGE_CURVE('',#3279,#3281,#3282,.T.);
#2725=EDGE_CURVE('',#3281,#3283,#3284,.T.);
#2726=EDGE_CURVE('',#3283,#3266,#3285,.T.);
#2727=EDGE_CURVE('',#3275,#3265,#3286,.T.);
#2728=FILL_AREA_STYLE('',(#3287));
#2729=EDGE_CURVE('',#3288,#3289,#3290,.T.);
#2730=EDGE_CURVE('',#3289,#3291,#3292,.T.);
#2731=EDGE_CURVE('',#3293,#3291,#3294,.T.);
#2732=EDGE_CURVE('',#3295,#3293,#3296,.T.);
#2733=EDGE_CURVE('',#3297,#3295,#3298,.T.);
#2734=EDGE_CURVE('',#3299,#3297,#3300,.T.);
#2735=EDGE_CURVE('',#3299,#3301,#3302,.T.);
#2736=EDGE_CURVE('',#3288,#3301,#3303,.T.);
#2737=FILL_AREA_STYLE('',(#3304));
#2738=EDGE_CURVE('',#3305,#3306,#3307,.T.);
#2739=EDGE_CURVE('',#3305,#3289,#3308,.T.);
#2740=EDGE_CURVE('',#3309,#3288,#3310,.T.);
#2741=EDGE_CURVE('',#3311,#3309,#3312,.T.);
#2742=EDGE_CURVE('',#3313,#3311,#3314,.T.);
#2743=EDGE_CURVE('',#3313,#3315,#3316,.T.);
#2744=EDGE_CURVE('',#3306,#3315,#3317,.T.);
#2745=FILL_AREA_STYLE('',(#3318));
#2746=EDGE_CURVE('',#3319,#3320,#3321,.T.);
#2747=EDGE_CURVE('',#3319,#3322,#3323,.T.);
#2748=EDGE_CURVE('',#3324,#3322,#3325,.T.);
#2749=EDGE_CURVE('',#3320,#3324,#3326,.T.);
#2750=FILL_AREA_STYLE('',(#3327));
#2751=EDGE_CURVE('',#3328,#3329,#3330,.T.);
#2752=EDGE_CURVE('',#3328,#3331,#3332,.T.);
#2753=EDGE_CURVE('',#3333,#3331,#3334,.T.);
#2754=EDGE_CURVE('',#3329,#3333,#3335,.T.);
#2755=FILL_AREA_STYLE('',(#3336));
#2756=EDGE_CURVE('',#3337,#3338,#3339,.T.);
#2757=EDGE_CURVE('',#3337,#3340,#3341,.T.);
#2758=EDGE_CURVE('',#3340,#3342,#3343,.T.);
#2759=EDGE_CURVE('',#3338,#3342,#3344,.T.);
#2760=FILL_AREA_STYLE('',(#3345));
#2761=EDGE_CURVE('',#3346,#3347,#3348,.T.);
#2762=EDGE_CURVE('',#3346,#3349,#3350,.T.);
#2763=EDGE_CURVE('',#3351,#3349,#3352,.T.);
#2764=EDGE_CURVE('',#3347,#3351,#3353,.T.);
#2765=FILL_AREA_STYLE('',(#3354));
#2766=EDGE_CURVE('',#3355,#3356,#3357,.T.);
#2767=EDGE_CURVE('',#3358,#3356,#3359,.T.);
#2768=EDGE_CURVE('',#3358,#3360,#3361,.T.);
#2769=EDGE_CURVE('',#3360,#3355,#3362,.T.);
#2770=FILL_AREA_STYLE('',(#3363));
#2771=EDGE_CURVE('',#3364,#3365,#3366,.T.);
#2772=EDGE_CURVE('',#3365,#3356,#3367,.T.);
#2773=EDGE_CURVE('',#3364,#3355,#3368,.T.);
#2774=FILL_AREA_STYLE('',(#3369));
#2775=EDGE_CURVE('',#3370,#3358,#3371,.T.);
#2776=EDGE_CURVE('',#3370,#3372,#3373,.T.);
#2777=EDGE_CURVE('',#3372,#3360,#3374,.T.);
#2778=FILL_AREA_STYLE('',(#3375));
#2779=EDGE_CURVE('',#3376,#3365,#3377,.T.);
#2780=EDGE_CURVE('',#3351,#3364,#3378,.T.);
#2781=EDGE_CURVE('',#3349,#3379,#3380,.T.);
#2782=EDGE_CURVE('',#3379,#3376,#3381,.T.);
#2783=FILL_AREA_STYLE('',(#3382));
#2784=EDGE_CURVE('',#3370,#3383,#3384,.T.);
#2785=EDGE_CURVE('',#3383,#3385,#3386,.T.);
#2786=EDGE_CURVE('',#3372,#3385,#3387,.T.);
#2787=FILL_AREA_STYLE('',(#3388));
#2788=EDGE_CURVE('',#3389,#3390,#3391,.T.);
#2789=EDGE_CURVE('',#3392,#3390,#3393,.T.);
#2790=EDGE_CURVE('',#3394,#3392,#3395,.T.);
#2791=EDGE_CURVE('',#3394,#3389,#3396,.T.);
#2792=FILL_AREA_STYLE('',(#3397));
#2793=EDGE_CURVE('',#3383,#3398,#3399,.T.);
#2794=EDGE_CURVE('',#3398,#3400,#3401,.T.);
#2795=EDGE_CURVE('',#3385,#3400,#3402,.T.);
#2796=FILL_AREA_STYLE('',(#3403));
#2797=EDGE_CURVE('',#3392,#3347,#3404,.T.);
#2798=EDGE_CURVE('',#3390,#3346,#3405,.T.);
#2799=FILL_AREA_STYLE('',(#3406));
#2800=EDGE_CURVE('',#3398,#3407,#3408,.T.);
#2801=EDGE_CURVE('',#3409,#3407,#3410,.T.);
#2802=EDGE_CURVE('',#3400,#3409,#3411,.T.);
#2803=FILL_AREA_STYLE('',(#3412));
#2804=EDGE_CURVE('',#3413,#3414,#3415,.T.);
#2805=EDGE_CURVE('',#3413,#3416,#3417,.T.);
#2806=EDGE_CURVE('',#3418,#3416,#3419,.T.);
#2807=EDGE_CURVE('',#3414,#3418,#3420,.T.);
#2808=FILL_AREA_STYLE('',(#3421));
#2809=EDGE_CURVE('',#3422,#3407,#3423,.T.);
#2810=EDGE_CURVE('',#3424,#3422,#3425,.T.);
#2811=EDGE_CURVE('',#3424,#3409,#3426,.T.);
#2812=FILL_AREA_STYLE('',(#3427));
#2813=EDGE_CURVE('',#3342,#3422,#3428,.T.);
#2814=EDGE_CURVE('',#3340,#3424,#3429,.T.);
#2815=FILL_AREA_STYLE('',(#3430));
#2816=EDGE_CURVE('',#3431,#3338,#3432,.T.);
#2817=EDGE_CURVE('',#3433,#3431,#3434,.T.);
#2818=EDGE_CURVE('',#3433,#3337,#3435,.T.);
#2819=FILL_AREA_STYLE('',(#3436));
#2820=EDGE_CURVE('',#3431,#3437,#3438,.T.);
#2821=EDGE_CURVE('',#3437,#3439,#3440,.T.);
#2822=EDGE_CURVE('',#3433,#3439,#3441,.T.);
#2823=FILL_AREA_STYLE('',(#3442));
#2824=EDGE_CURVE('',#3443,#3444,#3445,.T.);
#2825=EDGE_CURVE('',#3443,#3389,#3446,.T.);
#2826=EDGE_CURVE('',#3444,#3394,#3447,.T.);
#2827=FILL_AREA_STYLE('',(#3448));
#2828=EDGE_CURVE('',#3449,#3437,#3450,.T.);
#2829=EDGE_CURVE('',#3451,#3449,#3452,.T.);
#2830=EDGE_CURVE('',#3451,#3439,#3453,.T.);
#2831=FILL_AREA_STYLE('',(#3454));
#2832=EDGE_CURVE('',#3455,#3449,#3456,.T.);
#2833=EDGE_CURVE('',#3457,#3455,#3458,.T.);
#2834=EDGE_CURVE('',#3457,#3451,#3459,.T.);
#2835=FILL_AREA_STYLE('',(#3460));
#2836=EDGE_CURVE('',#3461,#3455,#3462,.T.);
#2837=EDGE_CURVE('',#3463,#3461,#3464,.T.);
#2838=EDGE_CURVE('',#3463,#3457,#3465,.T.);
#2839=FILL_AREA_STYLE('',(#3466));
#2840=EDGE_CURVE('',#3467,#3461,#3468,.T.);
#2841=EDGE_CURVE('',#3469,#3467,#3470,.T.);
#2842=EDGE_CURVE('',#3469,#3463,#3471,.T.);
#2843=FILL_AREA_STYLE('',(#3472));
#2844=EDGE_CURVE('',#3473,#3467,#3474,.T.);
#2845=EDGE_CURVE('',#3475,#3473,#3476,.T.);
#2846=EDGE_CURVE('',#3475,#3469,#3477,.T.);
#2847=FILL_AREA_STYLE('',(#3478));
#2848=EDGE_CURVE('',#3473,#3479,#3480,.T.);
#2849=EDGE_CURVE('',#3479,#3481,#3482,.T.);
#2850=EDGE_CURVE('',#3475,#3481,#3483,.T.);
#2851=FILL_AREA_STYLE('',(#3484));
#2852=EDGE_CURVE('',#3485,#3486,#3487,.T.);
#2853=EDGE_CURVE('',#3485,#3488,#3489,.T.);
#2854=EDGE_CURVE('',#3488,#3490,#3491,.T.);
#2855=EDGE_CURVE('',#3486,#3490,#3492,.T.);
#2856=FILL_AREA_STYLE('',(#3493));
#2857=EDGE_CURVE('',#3479,#3494,#3495,.T.);
#2858=EDGE_CURVE('',#3494,#3496,#3497,.T.);
#2859=EDGE_CURVE('',#3481,#3496,#3498,.T.);
#2860=FILL_AREA_STYLE('',(#3499));
#2861=EDGE_CURVE('',#3500,#3501,#3502,.T.);
#2862=EDGE_CURVE('',#3501,#3324,#3503,.T.);
#2863=EDGE_CURVE('',#3322,#3443,#3504,.T.);
#2864=EDGE_CURVE('',#3500,#3444,#3505,.T.);
#2865=FILL_AREA_STYLE('',(#3506));
#2866=EDGE_CURVE('',#3494,#3507,#3508,.T.);
#2867=EDGE_CURVE('',#3507,#3509,#3510,.T.);
#2868=EDGE_CURVE('',#3496,#3509,#3511,.T.);
#2869=FILL_AREA_STYLE('',(#3512));
#2870=EDGE_CURVE('',#3513,#3514,#3515,.T.);
#2871=EDGE_CURVE('',#3513,#3516,#3517,.T.);
#2872=EDGE_CURVE('',#3518,#3516,#3519,.T.);
#2873=EDGE_CURVE('',#3520,#3518,#3521,.T.);
#2874=EDGE_CURVE('',#3520,#3413,#3522,.T.);
#2875=EDGE_CURVE('',#3514,#3413,#3523,.T.);
#2876=FILL_AREA_STYLE('',(#3524));
#2877=EDGE_CURVE('',#3507,#3525,#3526,.T.);
#2878=EDGE_CURVE('',#3525,#3527,#3528,.T.);
#2879=EDGE_CURVE('',#3509,#3527,#3529,.T.);
#2880=FILL_AREA_STYLE('',(#3530));
#2881=EDGE_CURVE('',#3379,#3319,#3531,.T.);
#2882=FILL_AREA_STYLE('',(#3532));
#2883=EDGE_CURVE('',#3525,#3533,#3534,.T.);
#2884=EDGE_CURVE('',#3533,#3535,#3536,.T.);
#2885=EDGE_CURVE('',#3527,#3535,#3537,.T.);
#2886=FILL_AREA_STYLE('',(#3538));
#2887=EDGE_CURVE('',#3488,#3333,#3539,.T.);
#2888=EDGE_CURVE('',#3331,#3490,#3540,.T.);
#2889=FILL_AREA_STYLE('',(#3541));
#2890=EDGE_CURVE('',#3533,#3542,#3543,.T.);
#2891=EDGE_CURVE('',#3542,#3544,#3545,.T.);
#2892=EDGE_CURVE('',#3535,#3544,#3546,.T.);
#2893=FILL_AREA_STYLE('',(#3547));
#2894=EDGE_CURVE('',#3548,#3549,#3550,.T.);
#2895=EDGE_CURVE('',#3551,#3549,#3552,.T.);
#2896=EDGE_CURVE('',#3551,#3553,#3554,.T.);
#2897=EDGE_CURVE('',#3553,#3548,#3555,.T.);
#2898=FILL_AREA_STYLE('',(#3556));
#2899=EDGE_CURVE('',#3557,#3558,#3559,.T.);
#2900=EDGE_CURVE('',#3560,#3557,#3561,.T.);
#2901=EDGE_CURVE('',#3562,#3560,#3563,.T.);
#2902=EDGE_CURVE('',#3562,#3558,#3564,.T.);
#2903=FILL_AREA_STYLE('',(#3565));
#2904=EDGE_CURVE('',#3566,#3567,#3568,.T.);
#2905=EDGE_CURVE('',#3569,#3567,#3570,.T.);
#2906=EDGE_CURVE('',#3571,#3569,#3572,.T.);
#2907=EDGE_CURVE('',#3571,#3573,#3574,.T.);
#2908=EDGE_CURVE('',#3573,#3575,#3576,.T.);
#2909=EDGE_CURVE('',#3566,#3575,#3577,.T.);
#2910=FILL_AREA_STYLE('',(#3578));
#2911=EDGE_CURVE('',#3579,#3580,#3581,.T.);
#2912=EDGE_CURVE('',#3582,#3579,#3583,.T.);
#2913=EDGE_CURVE('',#3582,#3584,#3585,.T.);
#2914=EDGE_CURVE('',#3584,#3580,#3586,.T.);
#2915=FILL_AREA_STYLE('',(#3587));
#2916=EDGE_CURVE('',#3588,#3589,#3590,.T.);
#2917=EDGE_CURVE('',#3588,#3591,#3592,.T.);
#2918=EDGE_CURVE('',#3593,#3591,#3594,.T.);
#2919=EDGE_CURVE('',#3595,#3593,#3596,.T.);
#2920=EDGE_CURVE('',#3595,#3597,#3598,.T.);
#2921=EDGE_CURVE('',#3597,#3599,#3600,.T.);
#2922=EDGE_CURVE('',#3599,#3601,#3602,.T.);
#2923=EDGE_CURVE('',#3589,#3601,#3603,.T.);
#2924=FILL_AREA_STYLE('',(#3604));
#2925=EDGE_CURVE('',#3605,#3606,#3607,.T.);
#2926=EDGE_CURVE('',#3606,#3566,#3608,.T.);
#2927=EDGE_CURVE('',#3575,#3518,#3609,.T.);
#2928=EDGE_CURVE('',#3516,#3610,#3611,.T.);
#2929=EDGE_CURVE('',#3612,#3610,#3613,.T.);
#2930=EDGE_CURVE('',#3614,#3612,#3615,.T.);
#2931=EDGE_CURVE('',#3616,#3614,#3617,.T.);
#2932=EDGE_CURVE('',#3616,#3605,#3618,.T.);
#2933=FILL_AREA_STYLE('',(#3619));
#2934=EDGE_CURVE('',#3620,#3621,#3622,.T.);
#2935=EDGE_CURVE('',#3623,#3620,#3624,.T.);
#2936=EDGE_CURVE('',#3625,#3623,#3626,.T.);
#2937=EDGE_CURVE('',#3627,#3625,#3628,.T.);
#2938=EDGE_CURVE('',#3629,#3627,#3630,.T.);
#2939=EDGE_CURVE('',#3631,#3629,#3632,.T.);
#2940=EDGE_CURVE('',#3621,#3631,#3633,.T.);
#2941=FILL_AREA_STYLE('',(#3634));
#2942=EDGE_CURVE('',#3635,#3588,#3636,.T.);
#2943=EDGE_CURVE('',#3637,#3635,#3638,.T.);
#2944=EDGE_CURVE('',#3639,#3637,#3640,.T.);
#2945=EDGE_CURVE('',#3641,#3639,#3642,.T.);
#2946=EDGE_CURVE('',#3643,#3641,#3644,.T.);
#2947=EDGE_CURVE('',#3645,#3643,#3646,.T.);
#2948=EDGE_CURVE('',#3647,#3645,#3648,.T.);
#2949=EDGE_CURVE('',#3649,#3647,#3650,.T.);
#2950=EDGE_CURVE('',#3591,#3649,#3651,.T.);
#2951=FILL_AREA_STYLE('',(#3652));
#2952=EDGE_CURVE('',#3589,#3625,#3653,.T.);
#2953=EDGE_CURVE('',#3654,#3623,#3655,.T.);
#2954=EDGE_CURVE('',#3654,#3635,#3656,.T.);
#2955=FILL_AREA_STYLE('',(#3657));
#2956=EDGE_CURVE('',#3520,#3658,#3659,.T.);
#2957=EDGE_CURVE('',#3573,#3660,#3661,.T.);
#2958=EDGE_CURVE('',#3660,#3662,#3663,.T.);
#2959=EDGE_CURVE('',#3658,#3662,#3664,.T.);
#2960=FILL_AREA_STYLE('',(#3665));
#2961=EDGE_CURVE('',#3595,#3544,#3666,.T.);
#2962=EDGE_CURVE('',#3597,#3542,#3667,.T.);
#2963=FILL_AREA_STYLE('',(#3668));
#2964=EDGE_CURVE('',#3569,#3514,#3669,.T.);
#2965=EDGE_CURVE('',#3567,#3670,#3671,.T.);
#2966=EDGE_CURVE('',#3672,#3670,#3673,.T.);
#2967=EDGE_CURVE('',#3672,#3674,#3675,.T.);
#2968=EDGE_CURVE('',#3513,#3674,#3676,.T.);
#2969=FILL_AREA_STYLE('',(#3677));
#2970=EDGE_CURVE('',#3501,#3329,#3678,.T.);
#2971=EDGE_CURVE('',#3500,#3328,#3679,.T.);
#2972=FILL_AREA_STYLE('',(#3680));
#2973=EDGE_CURVE('',#3681,#3641,#3682,.T.);
#2974=EDGE_CURVE('',#3639,#3683,#3684,.T.);
#2975=EDGE_CURVE('',#3683,#3580,#3685,.T.);
#2976=EDGE_CURVE('',#3549,#3584,#3686,.T.);
#2977=EDGE_CURVE('',#3548,#3681,#3687,.T.);
#2978=FILL_AREA_STYLE('',(#3688));
#2979=EDGE_CURVE('',#3689,#3620,#3690,.T.);
#2980=EDGE_CURVE('',#3691,#3689,#3692,.T.);
#2981=EDGE_CURVE('',#3623,#3691,#3693,.T.);
#2982=FILL_AREA_STYLE('',(#3694));
#2983=EDGE_CURVE('',#3579,#3601,#3695,.T.);
#2984=EDGE_CURVE('',#3582,#3599,#3696,.T.);
#2985=FILL_AREA_STYLE('',(#3697));
#2986=EDGE_CURVE('',#3698,#3699,#3700,.T.);
#2987=EDGE_CURVE('',#3699,#3701,#3702,.T.);
#2988=EDGE_CURVE('',#3703,#3701,#3704,.T.);
#2989=EDGE_CURVE('',#3698,#3703,#3705,.T.);
#2990=FILL_AREA_STYLE('',(#3706));
#2991=EDGE_CURVE('',#3551,#3707,#3708,.T.);
#2992=EDGE_CURVE('',#3707,#3709,#3710,.T.);
#2993=EDGE_CURVE('',#3553,#3709,#3711,.T.);
#2994=FILL_AREA_STYLE('',(#3712));
#2995=EDGE_CURVE('',#3627,#3683,#3713,.T.);
#2996=FILL_AREA_STYLE('',(#3714));
#2997=EDGE_CURVE('',#3707,#3715,#3716,.T.);
#2998=EDGE_CURVE('',#3715,#3717,#3718,.T.);
#2999=EDGE_CURVE('',#3709,#3717,#3719,.T.);
#3000=FILL_AREA_STYLE('',(#3720));
#3001=EDGE_CURVE('',#3721,#3722,#3723,.T.);
#3002=EDGE_CURVE('',#3724,#3721,#3725,.T.);
#3003=EDGE_CURVE('',#3726,#3724,#3727,.T.);
#3004=EDGE_CURVE('',#3726,#3637,#3728,.T.);
#3005=EDGE_CURVE('',#3654,#3722,#3729,.T.);
#3006=FILL_AREA_STYLE('',(#3730));
#3007=EDGE_CURVE('',#3715,#3731,#3732,.T.);
#3008=EDGE_CURVE('',#3733,#3731,#3734,.T.);
#3009=EDGE_CURVE('',#3717,#3733,#3735,.T.);
#3010=FILL_AREA_STYLE('',(#3736));
#3011=EDGE_CURVE('',#3731,#3737,#3738,.T.);
#3012=EDGE_CURVE('',#3739,#3737,#3740,.T.);
#3013=EDGE_CURVE('',#3733,#3739,#3741,.T.);
#3014=FILL_AREA_STYLE('',(#3742));
#3015=EDGE_CURVE('',#3737,#3743,#3744,.T.);
#3016=EDGE_CURVE('',#3745,#3743,#3746,.T.);
#3017=EDGE_CURVE('',#3739,#3745,#3747,.T.);
#3018=FILL_AREA_STYLE('',(#3748));
#3019=EDGE_CURVE('',#3743,#3749,#3750,.T.);
#3020=EDGE_CURVE('',#3751,#3749,#3752,.T.);
#3021=EDGE_CURVE('',#3745,#3751,#3753,.T.);
#3022=FILL_AREA_STYLE('',(#3754));
#3023=EDGE_CURVE('',#3749,#3755,#3756,.T.);
#3024=EDGE_CURVE('',#3755,#3757,#3758,.T.);
#3025=EDGE_CURVE('',#3751,#3757,#3759,.T.);
#3026=FILL_AREA_STYLE('',(#3760));
#3027=EDGE_CURVE('',#3761,#3654,#3762,.T.);
#3028=EDGE_CURVE('',#3761,#3763,#3764,.T.);
#3029=EDGE_CURVE('',#3763,#3722,#3765,.T.);
#3030=FILL_AREA_STYLE('',(#3766));
#3031=EDGE_CURVE('',#3755,#3767,#3768,.T.);
#3032=EDGE_CURVE('',#3767,#3769,#3770,.T.);
#3033=EDGE_CURVE('',#3757,#3769,#3771,.T.);
#3034=FILL_AREA_STYLE('',(#3772));
#3035=EDGE_CURVE('',#3773,#3643,#3774,.T.);
#3036=EDGE_CURVE('',#3773,#3775,#3776,.T.);
#3037=EDGE_CURVE('',#3645,#3775,#3777,.T.);
#3038=FILL_AREA_STYLE('',(#3778));
#3039=EDGE_CURVE('',#3767,#3779,#3780,.T.);
#3040=EDGE_CURVE('',#3779,#3781,#3782,.T.);
#3041=EDGE_CURVE('',#3769,#3781,#3783,.T.);
#3042=FILL_AREA_STYLE('',(#3784));
#3043=EDGE_CURVE('',#3785,#3647,#3786,.T.);
#3044=EDGE_CURVE('',#3785,#3787,#3788,.T.);
#3045=EDGE_CURVE('',#3649,#3787,#3789,.T.);
#3046=FILL_AREA_STYLE('',(#3790));
#3047=EDGE_CURVE('',#3791,#3779,#3792,.T.);
#3048=EDGE_CURVE('',#3791,#3793,#3794,.T.);
#3049=EDGE_CURVE('',#3793,#3781,#3795,.T.);
#3050=EDGE_CURVE('',#3796,#3291,#3797,.T.);
#3051=EDGE_CURVE('',#3796,#3305,#3798,.T.);
#3052=FILL_AREA_STYLE('',(#3799));
#3053=EDGE_CURVE('',#3691,#3761,#3800,.T.);
#3054=FILL_AREA_STYLE('',(#3801));
#3055=EDGE_CURVE('',#3802,#3791,#3803,.T.);
#3056=EDGE_CURVE('',#3802,#3804,#3805,.T.);
#3057=EDGE_CURVE('',#3804,#3793,#3806,.T.);
#3058=FILL_AREA_STYLE('',(#3807));
#3059=EDGE_CURVE('',#3775,#3785,#3808,.T.);
#3060=FILL_AREA_STYLE('',(#3809));
#3061=EDGE_CURVE('',#3810,#3802,#3811,.T.);
#3062=EDGE_CURVE('',#3812,#3810,#3813,.T.);
#3063=EDGE_CURVE('',#3814,#3812,#3815,.T.);
#3064=EDGE_CURVE('',#3814,#3816,#3817,.T.);
#3065=EDGE_CURVE('',#3816,#3818,#3819,.T.);
#3066=EDGE_CURVE('',#3820,#3818,#3821,.T.);
#3067=EDGE_CURVE('',#3820,#3804,#3822,.T.);
#3068=FILL_AREA_STYLE('',(#3823));
#3069=EDGE_CURVE('',#3810,#3824,#3825,.T.);
#3070=EDGE_CURVE('',#3826,#3824,#3827,.T.);
#3071=EDGE_CURVE('',#3826,#3557,#3828,.T.);
#3072=EDGE_CURVE('',#3558,#3829,#3830,.T.);
#3073=EDGE_CURVE('',#3831,#3829,#3832,.T.);
#3074=EDGE_CURVE('',#3820,#3831,#3833,.T.);
#3075=EDGE_CURVE('',#3818,#3834,#3835,.T.);
#3076=EDGE_CURVE('',#3834,#3836,#3837,.T.);
#3077=EDGE_CURVE('',#3836,#3812,#3838,.T.);
#3078=FILL_AREA_STYLE('',(#3839));
#3079=EDGE_CURVE('',#3824,#3840,#3841,.T.);
#3080=EDGE_CURVE('',#3840,#3842,#3843,.T.);
#3081=EDGE_CURVE('',#3831,#3842,#3844,.T.);
#3082=EDGE_CURVE('',#3845,#3829,#3846,.T.);
#3083=EDGE_CURVE('',#3847,#3845,#3848,.T.);
#3084=EDGE_CURVE('',#3847,#3826,#3849,.T.);
#3085=FILL_AREA_STYLE('',(#3850));
#3086=EDGE_CURVE('',#3787,#3593,#3851,.T.);
#3087=FILL_AREA_STYLE('',(#3852));
#3088=EDGE_CURVE('',#3840,#3853,#3854,.T.);
#3089=EDGE_CURVE('',#3853,#3855,#3856,.T.);
#3090=EDGE_CURVE('',#3842,#3855,#3857,.T.);
#3091=FILL_AREA_STYLE('',(#3858));
#3092=EDGE_CURVE('',#3703,#3763,#3859,.T.);
#3093=EDGE_CURVE('',#3701,#3689,#3860,.T.);
#3094=EDGE_CURVE('',#3621,#3721,#3861,.T.);
#3095=FILL_AREA_STYLE('',(#3862));
#3096=EDGE_CURVE('',#3853,#3863,#3864,.T.);
#3097=EDGE_CURVE('',#3863,#3865,#3866,.T.);
#3098=EDGE_CURVE('',#3855,#3865,#3867,.T.);
#3099=EDGE_CURVE('',#3270,#3868,#3869,.T.);
#3100=EDGE_CURVE('',#3868,#3275,#3870,.T.);
#3101=FILL_AREA_STYLE('',(#3871));
#3102=EDGE_CURVE('',#3629,#3726,#3872,.T.);
#3103=FILL_AREA_STYLE('',(#3873));
#3104=EDGE_CURVE('',#3874,#3863,#3875,.T.);
#3105=EDGE_CURVE('',#3874,#3876,#3877,.T.);
#3106=EDGE_CURVE('',#3876,#3865,#3878,.T.);
#3107=FILL_AREA_STYLE('',(#3879));
#3108=EDGE_CURVE('',#3880,#3881,#3882,.T.);
#3109=EDGE_CURVE('',#3416,#3881,#3883,.T.);
#3110=EDGE_CURVE('',#3884,#3416,#3885,.T.);
#3111=EDGE_CURVE('',#3880,#3884,#3886,.T.);
#3112=FILL_AREA_STYLE('',(#3887));
#3113=EDGE_CURVE('',#3888,#3874,#3889,.T.);
#3114=EDGE_CURVE('',#3888,#3890,#3891,.T.);
#3115=EDGE_CURVE('',#3890,#3876,#3892,.T.);
#3116=FILL_AREA_STYLE('',(#3893));
#3117=EDGE_CURVE('',#3880,#3894,#3895,.T.);
#3118=EDGE_CURVE('',#3894,#3896,#3897,.T.);
#3119=EDGE_CURVE('',#3881,#3896,#3898,.T.);
#3120=FILL_AREA_STYLE('',(#3899));
#3121=EDGE_CURVE('',#3900,#3888,#3901,.T.);
#3122=EDGE_CURVE('',#3902,#3900,#3903,.T.);
#3123=EDGE_CURVE('',#3902,#3890,#3904,.T.);
#3124=FILL_AREA_STYLE('',(#3905));
#3125=EDGE_CURVE('',#3906,#3900,#3907,.T.);
#3126=EDGE_CURVE('',#3908,#3906,#3909,.T.);
#3127=EDGE_CURVE('',#3908,#3902,#3910,.T.);
#3128=FILL_AREA_STYLE('',(#3911));
#3129=EDGE_CURVE('',#3912,#3906,#3913,.T.);
#3130=EDGE_CURVE('',#3914,#3912,#3915,.T.);
#3131=EDGE_CURVE('',#3914,#3908,#3916,.T.);
#3132=FILL_AREA_STYLE('',(#3917));
#3133=EDGE_CURVE('',#3918,#3912,#3919,.T.);
#3134=EDGE_CURVE('',#3920,#3918,#3921,.T.);
#3135=EDGE_CURVE('',#3920,#3914,#3922,.T.);
#3136=FILL_AREA_STYLE('',(#3923));
#3137=EDGE_CURVE('',#3924,#3918,#3925,.T.);
#3138=EDGE_CURVE('',#3924,#3926,#3927,.T.);
#3139=EDGE_CURVE('',#3926,#3920,#3928,.T.);
#3140=FILL_AREA_STYLE('',(#3929));
#3141=EDGE_CURVE('',#3930,#3658,#3931,.T.);
#3142=EDGE_CURVE('',#3930,#3884,#3932,.T.);
#3143=EDGE_CURVE('',#3884,#3520,#3933,.T.);
#3144=FILL_AREA_STYLE('',(#3934));
#3145=EDGE_CURVE('',#3935,#3936,#3937,.T.);
#3146=EDGE_CURVE('',#3936,#3926,#3938,.T.);
#3147=EDGE_CURVE('',#3935,#3924,#3939,.T.);
#3148=FILL_AREA_STYLE('',(#3940));
#3149=EDGE_CURVE('',#3662,#3941,#3942,.T.);
#3150=EDGE_CURVE('',#3941,#3414,#3943,.T.);
#3151=EDGE_CURVE('',#3418,#3896,#3944,.T.);
#3152=EDGE_CURVE('',#3894,#3930,#3945,.T.);
#3153=FILL_AREA_STYLE('',(#3946));
#3154=EDGE_CURVE('',#3947,#3935,#3948,.T.);
#3155=EDGE_CURVE('',#3947,#3949,#3950,.T.);
#3156=EDGE_CURVE('',#3949,#3936,#3951,.T.);
#3157=FILL_AREA_STYLE('',(#3952));
#3158=EDGE_CURVE('',#3941,#3953,#3954,.T.);
#3159=EDGE_CURVE('',#3953,#3571,#3955,.T.);
#3160=FILL_AREA_STYLE('',(#3956));
#3161=EDGE_CURVE('',#3947,#3957,#3958,.T.);
#3162=EDGE_CURVE('',#3957,#3959,#3960,.T.);
#3163=EDGE_CURVE('',#3949,#3959,#3961,.T.);
#3164=FILL_AREA_STYLE('',(#3962));
#3165=EDGE_CURVE('',#3376,#3320,#3963,.T.);
#3166=FILL_AREA_STYLE('',(#3964));
#3167=EDGE_CURVE('',#3773,#3681,#3965,.T.);
#3168=FILL_AREA_STYLE('',(#3966));
#3169=EDGE_CURVE('',#3967,#3814,#3968,.T.);
#3170=EDGE_CURVE('',#3969,#3967,#3970,.T.);
#3171=EDGE_CURVE('',#3969,#3816,#3971,.T.);
#3172=FILL_AREA_STYLE('',(#3972));
#3173=EDGE_CURVE('',#3969,#3834,#3973,.T.);
#3174=EDGE_CURVE('',#3967,#3836,#3974,.T.);
#3175=FILL_AREA_STYLE('',(#3975));
#3176=FILL_AREA_STYLE('',(#3976));
#3177=FILL_AREA_STYLE('',(#3977));
#3178=EDGE_CURVE('',#3560,#3847,#3978,.T.);
#3179=FILL_AREA_STYLE('',(#3979));
#3180=EDGE_CURVE('',#3562,#3845,#3980,.T.);
#3181=FILL_AREA_STYLE('',(#3981));
#3182=FILL_AREA_STYLE('',(#3982));
#3183=EDGE_CURVE('',#3983,#3293,#3984,.T.);
#3184=EDGE_CURVE('',#3983,#3306,#3985,.T.);
#3185=EDGE_CURVE('',#3295,#3315,#3986,.T.);
#3186=FILL_AREA_STYLE('',(#3987));
#3187=EDGE_CURVE('',#3983,#3796,#3988,.T.);
#3188=FILL_AREA_STYLE('',(#3989));
#3189=FILL_AREA_STYLE('',(#3990));
#3190=EDGE_CURVE('',#3991,#3992,#3993,.T.);
#3191=EDGE_CURVE('',#3991,#3268,#3994,.T.);
#3192=EDGE_CURVE('',#3992,#3283,#3995,.T.);
#3193=FILL_AREA_STYLE('',(#3996));
#3194=EDGE_CURVE('',#3991,#3868,#3997,.T.);
#3195=EDGE_CURVE('',#3992,#3998,#3999,.T.);
#3196=EDGE_CURVE('',#3998,#4000,#4001,.T.);
#3197=EDGE_CURVE('',#4002,#4000,#4003,.T.);
#3198=EDGE_CURVE('',#4002,#3274,#4004,.T.);
#3199=FILL_AREA_STYLE('',(#4005));
#3200=FILL_AREA_STYLE('',(#4006));
#3201=EDGE_CURVE('',#3281,#3998,#4007,.T.);
#3202=FILL_AREA_STYLE('',(#4008));
#3203=EDGE_CURVE('',#3309,#3301,#4009,.T.);
#3204=FILL_AREA_STYLE('',(#4010));
#3205=EDGE_CURVE('',#4000,#3279,#4011,.T.);
#3206=EDGE_CURVE('',#3277,#4002,#4012,.T.);
#3207=FILL_AREA_STYLE('',(#4013));
#3208=EDGE_CURVE('',#3313,#3297,#4014,.T.);
#3209=FILL_AREA_STYLE('',(#4015));
#3210=FILL_AREA_STYLE('',(#4016));
#3211=EDGE_CURVE('',#3299,#3311,#4017,.T.);
#3212=FILL_AREA_STYLE('',(#4018));
#3213=FILL_AREA_STYLE('',(#4019));
#3214=FILL_AREA_STYLE('',(#4020));
#3215=FILL_AREA_STYLE('',(#4021));
#3216=FILL_AREA_STYLE('',(#4022));
#3217=FILL_AREA_STYLE('',(#4023));
#3218=EDGE_CURVE('',#3691,#3699,#4024,.T.);
#3219=EDGE_CURVE('',#3698,#3761,#4025,.T.);
#3220=FILL_AREA_STYLE('',(#4026));
#3221=FILL_AREA_STYLE('',(#4027));
#3222=FILL_AREA_STYLE('',(#4028));
#3223=EDGE_CURVE('',#4029,#4030,#4031,.T.);
#3224=EDGE_CURVE('',#4029,#3614,#4032,.T.);
#3225=EDGE_CURVE('',#4030,#3612,#4033,.T.);
#3226=FILL_AREA_STYLE('',(#4034));
#3227=EDGE_CURVE('',#4035,#4029,#4036,.T.);
#3228=EDGE_CURVE('',#4035,#3616,#4037,.T.);
#3229=FILL_AREA_STYLE('',(#4038));
#3230=EDGE_CURVE('',#4030,#4039,#4040,.T.);
#3231=EDGE_CURVE('',#3610,#4039,#4041,.T.);
#3232=FILL_AREA_STYLE('',(#4042));
#3233=EDGE_CURVE('',#3953,#3660,#4043,.T.);
#3234=FILL_AREA_STYLE('',(#4044));
#3235=FILL_AREA_STYLE('',(#4045));
#3236=EDGE_CURVE('',#3631,#3724,#4046,.T.);
#3237=FILL_AREA_STYLE('',(#4047));
#3238=FILL_AREA_STYLE('',(#4048));
#3239=EDGE_CURVE('',#4049,#4050,#4051,.T.);
#3240=EDGE_CURVE('',#4050,#4052,#4053,.T.);
#3241=EDGE_CURVE('',#4052,#4054,#4055,.T.);
#3242=EDGE_CURVE('',#4054,#3957,#4056,.T.);
#3243=EDGE_CURVE('',#3485,#4049,#4057,.T.);
#3244=FILL_AREA_STYLE('',(#4058));
#3245=EDGE_CURVE('',#4059,#3959,#4060,.T.);
#3246=EDGE_CURVE('',#4054,#4059,#4061,.T.);
#3247=FILL_AREA_STYLE('',(#4062));
#3248=EDGE_CURVE('',#4049,#3674,#4063,.T.);
#3249=EDGE_CURVE('',#4050,#3672,#4064,.T.);
#3250=FILL_AREA_STYLE('',(#4065));
#3251=EDGE_CURVE('',#4052,#3670,#4066,.T.);
#3252=FILL_AREA_STYLE('',(#4067));
#3253=EDGE_CURVE('',#3606,#4068,#4069,.T.);
#3254=EDGE_CURVE('',#4068,#4059,#4070,.T.);
#3255=FILL_AREA_STYLE('',(#4071));
#3256=EDGE_CURVE('',#3605,#4072,#4073,.T.);
#3257=EDGE_CURVE('',#4072,#4068,#4074,.T.);
#3258=FILL_AREA_STYLE('',(#4075));
#3259=EDGE_CURVE('',#4035,#4072,#4076,.T.);
#3260=FILL_AREA_STYLE('',(#4077));
#3261=EDGE_CURVE('',#3486,#4039,#4078,.T.);
#3262=FILL_AREA_STYLE('',(#4079));
#3263=FILL_AREA_STYLE('',(#4080));
#3264=FILL_AREA_STYLE_COLOUR('',#4081);
#3265=VERTEX_POINT('',#4082);
#3266=VERTEX_POINT('',#4083);
#3267=LINE('',#4084,#4085);
#3268=VERTEX_POINT('',#4086);
#3269=CIRCLE('',#4087,1.50000000000001);
#3270=VERTEX_POINT('',#4088);
#3271=LINE('',#4089,#4090);
#3272=CIRCLE('',#4091,1.50000000000001);
#3273=FILL_AREA_STYLE_COLOUR('',#4092);
#3274=VERTEX_POINT('',#4093);
#3275=VERTEX_POINT('',#4094);
#3276=LINE('',#4095,#4096);
#3277=VERTEX_POINT('',#4097);
#3278=CIRCLE('',#4098,1.50000000000001);
#3279=VERTEX_POINT('',#4099);
#3280=LINE('',#4100,#4101);
#3281=VERTEX_POINT('',#4102);
#3282=CIRCLE('',#4103,1.50000000000001);
#3283=VERTEX_POINT('',#4104);
#3284=LINE('',#4105,#4106);
#3285=CIRCLE('',#4107,1.50000000000001);
#3286=CIRCLE('',#4108,1.50000000000001);
#3287=FILL_AREA_STYLE_COLOUR('',#4109);
#3288=VERTEX_POINT('',#4110);
#3289=VERTEX_POINT('',#4111);
#3290=LINE('',#4112,#4113);
#3291=VERTEX_POINT('',#4114);
#3292=CIRCLE('',#4115,1.50000000000001);
#3293=VERTEX_POINT('',#4116);
#3294=LINE('',#4117,#4118);
#3295=VERTEX_POINT('',#4119);
#3296=CIRCLE('',#4120,1.50000000000001);
#3297=VERTEX_POINT('',#4121);
#3298=LINE('',#4122,#4123);
#3299=VERTEX_POINT('',#4124);
#3300=CIRCLE('',#4125,1.50000000000001);
#3301=VERTEX_POINT('',#4126);
#3302=LINE('',#4127,#4128);
#3303=CIRCLE('',#4129,1.50000000000001);
#3304=FILL_AREA_STYLE_COLOUR('',#4130);
#3305=VERTEX_POINT('',#4131);
#3306=VERTEX_POINT('',#4132);
#3307=LINE('',#4133,#4134);
#3308=CIRCLE('',#4135,1.50000000000001);
#3309=VERTEX_POINT('',#4136);
#3310=CIRCLE('',#4137,1.50000000000001);
#3311=VERTEX_POINT('',#4138);
#3312=LINE('',#4139,#4140);
#3313=VERTEX_POINT('',#4141);
#3314=CIRCLE('',#4142,1.50000000000001);
#3315=VERTEX_POINT('',#4143);
#3316=LINE('',#4144,#4145);
#3317=CIRCLE('',#4146,1.50000000000001);
#3318=FILL_AREA_STYLE_COLOUR('',#4147);
#3319=VERTEX_POINT('',#4148);
#3320=VERTEX_POINT('',#4149);
#3321=LINE('',#4150,#4151);
#3322=VERTEX_POINT('',#4152);
#3323=CIRCLE('',#4153,0.75);
#3324=VERTEX_POINT('',#4154);
#3325=LINE('',#4155,#4156);
#3326=CIRCLE('',#4157,0.75);
#3327=FILL_AREA_STYLE_COLOUR('',#4158);
#3328=VERTEX_POINT('',#4159);
#3329=VERTEX_POINT('',#4160);
#3330=LINE('',#4161,#4162);
#3331=VERTEX_POINT('',#4163);
#3332=CIRCLE('',#4164,7.5);
#3333=VERTEX_POINT('',#4165);
#3334=LINE('',#4166,#4167);
#3335=CIRCLE('',#4168,7.5);
#3336=FILL_AREA_STYLE_COLOUR('',#4169);
#3337=VERTEX_POINT('',#4170);
#3338=VERTEX_POINT('',#4171);
#3339=LINE('',#4172,#4173);
#3340=VERTEX_POINT('',#4174);
#3341=CIRCLE('',#4175,0.5);
#3342=VERTEX_POINT('',#4176);
#3343=LINE('',#4177,#4178);
#3344=CIRCLE('',#4179,0.5);
#3345=FILL_AREA_STYLE_COLOUR('',#4180);
#3346=VERTEX_POINT('',#4181);
#3347=VERTEX_POINT('',#4182);
#3348=LINE('',#4183,#4184);
#3349=VERTEX_POINT('',#4185);
#3350=CIRCLE('',#4186,0.900000000000001);
#3351=VERTEX_POINT('',#4187);
#3352=LINE('',#4188,#4189);
#3353=CIRCLE('',#4190,0.900000000000001);
#3354=FILL_AREA_STYLE_COLOUR('',#4191);
#3355=VERTEX_POINT('',#4192);
#3356=VERTEX_POINT('',#4193);
#3357=LINE('',#4194,#4195);
#3358=VERTEX_POINT('',#4196);
#3359=LINE('',#4197,#4198);
#3360=VERTEX_POINT('',#4199);
#3361=LINE('',#4200,#4201);
#3362=LINE('',#4202,#4203);
#3363=FILL_AREA_STYLE_COLOUR('',#4204);
#3364=VERTEX_POINT('',#4205);
#3365=VERTEX_POINT('',#4206);
#3366=LINE('',#4207,#4208);
#3367=CIRCLE('',#4209,0.4);
#3368=CIRCLE('',#4210,0.4);
#3369=FILL_AREA_STYLE_COLOUR('',#4211);
#3370=VERTEX_POINT('',#4212);
#3371=LINE('',#4213,#4214);
#3372=VERTEX_POINT('',#4215);
#3373=LINE('',#4216,#4217);
#3374=LINE('',#4218,#4219);
#3375=FILL_AREA_STYLE_COLOUR('',#4220);
#3376=VERTEX_POINT('',#4221);
#3377=LINE('',#4222,#4223);
#3378=LINE('',#4224,#4225);
#3379=VERTEX_POINT('',#4226);
#3380=LINE('',#4227,#4228);
#3381=LINE('',#4229,#4230);
#3382=FILL_AREA_STYLE_COLOUR('',#4231);
#3383=VERTEX_POINT('',#4232);
#3384=CIRCLE('',#4233,9.5);
#3385=VERTEX_POINT('',#4234);
#3386=LINE('',#4235,#4236);
#3387=CIRCLE('',#4237,9.5);
#3388=FILL_AREA_STYLE_COLOUR('',#4238);
#3389=VERTEX_POINT('',#4239);
#3390=VERTEX_POINT('',#4240);
#3391=LINE('',#4241,#4242);
#3392=VERTEX_POINT('',#4243);
#3393=LINE('',#4244,#4245);
#3394=VERTEX_POINT('',#4246);
#3395=LINE('',#4247,#4248);
#3396=LINE('',#4249,#4250);
#3397=FILL_AREA_STYLE_COLOUR('',#4251);
#3398=VERTEX_POINT('',#4252);
#3399=LINE('',#4253,#4254);
#3400=VERTEX_POINT('',#4255);
#3401=LINE('',#4256,#4257);
#3402=LINE('',#4258,#4259);
#3403=FILL_AREA_STYLE_COLOUR('',#4260);
#3404=CIRCLE('',#4261,0.900000000000001);
#3405=CIRCLE('',#4262,0.900000000000001);
#3406=FILL_AREA_STYLE_COLOUR('',#4263);
#3407=VERTEX_POINT('',#4264);
#3408=LINE('',#4265,#4266);
#3409=VERTEX_POINT('',#4267);
#3410=LINE('',#4268,#4269);
#3411=LINE('',#4270,#4271);
#3412=FILL_AREA_STYLE_COLOUR('',#4272);
#3413=VERTEX_POINT('',#4273);
#3414=VERTEX_POINT('',#4274);
#3415=LINE('',#4275,#4276);
#3416=VERTEX_POINT('',#4277);
#3417=LINE('',#4278,#4279);
#3418=VERTEX_POINT('',#4280);
#3419=LINE('',#4281,#4282);
#3420=LINE('',#4283,#4284);
#3421=FILL_AREA_STYLE_COLOUR('',#4285);
#3422=VERTEX_POINT('',#4286);
#3423=LINE('',#4287,#4288);
#3424=VERTEX_POINT('',#4289);
#3425=LINE('',#4290,#4291);
#3426=LINE('',#4292,#4293);
#3427=FILL_AREA_STYLE_COLOUR('',#4294);
#3428=CIRCLE('',#4295,8.3);
#3429=CIRCLE('',#4296,8.3);
#3430=FILL_AREA_STYLE_COLOUR('',#4297);
#3431=VERTEX_POINT('',#4298);
#3432=CIRCLE('',#4299,0.5);
#3433=VERTEX_POINT('',#4300);
#3434=LINE('',#4301,#4302);
#3435=CIRCLE('',#4303,0.5);
#3436=FILL_AREA_STYLE_COLOUR('',#4304);
#3437=VERTEX_POINT('',#4305);
#3438=CIRCLE('',#4306,7.3);
#3439=VERTEX_POINT('',#4307);
#3440=LINE('',#4308,#4309);
#3441=CIRCLE('',#4310,7.3);
#3442=FILL_AREA_STYLE_COLOUR('',#4311);
#3443=VERTEX_POINT('',#4312);
#3444=VERTEX_POINT('',#4313);
#3445=LINE('',#4314,#4315);
#3446=LINE('',#4316,#4317);
#3447=LINE('',#4318,#4319);
#3448=FILL_AREA_STYLE_COLOUR('',#4320);
#3449=VERTEX_POINT('',#4321);
#3450=LINE('',#4322,#4323);
#3451=VERTEX_POINT('',#4324);
#3452=LINE('',#4325,#4326);
#3453=LINE('',#4327,#4328);
#3454=FILL_AREA_STYLE_COLOUR('',#4329);
#3455=VERTEX_POINT('',#4330);
#3456=CIRCLE('',#4331,0.2);
#3457=VERTEX_POINT('',#4332);
#3458=LINE('',#4333,#4334);
#3459=CIRCLE('',#4335,0.2);
#3460=FILL_AREA_STYLE_COLOUR('',#4336);
#3461=VERTEX_POINT('',#4337);
#3462=LINE('',#4338,#4339);
#3463=VERTEX_POINT('',#4340);
#3464=LINE('',#4341,#4342);
#3465=LINE('',#4343,#4344);
#3466=FILL_AREA_STYLE_COLOUR('',#4345);
#3467=VERTEX_POINT('',#4346);
#3468=LINE('',#4347,#4348);
#3469=VERTEX_POINT('',#4349);
#3470=LINE('',#4350,#4351);
#3471=LINE('',#4352,#4353);
#3472=FILL_AREA_STYLE_COLOUR('',#4354);
#3473=VERTEX_POINT('',#4355);
#3474=LINE('',#4356,#4357);
#3475=VERTEX_POINT('',#4358);
#3476=LINE('',#4359,#4360);
#3477=LINE('',#4361,#4362);
#3478=FILL_AREA_STYLE_COLOUR('',#4363);
#3479=VERTEX_POINT('',#4364);
#3480=LINE('',#4365,#4366);
#3481=VERTEX_POINT('',#4367);
#3482=LINE('',#4368,#4369);
#3483=LINE('',#4370,#4371);
#3484=FILL_AREA_STYLE_COLOUR('',#4372);
#3485=VERTEX_POINT('',#4373);
#3486=VERTEX_POINT('',#4374);
#3487=LINE('',#4375,#4376);
#3488=VERTEX_POINT('',#4377);
#3489=LINE('',#4378,#4379);
#3490=VERTEX_POINT('',#4380);
#3491=LINE('',#4381,#4382);
#3492=LINE('',#4383,#4384);
#3493=FILL_AREA_STYLE_COLOUR('',#4385);
#3494=VERTEX_POINT('',#4386);
#3495=LINE('',#4387,#4388);
#3496=VERTEX_POINT('',#4389);
#3497=LINE('',#4390,#4391);
#3498=LINE('',#4392,#4393);
#3499=FILL_AREA_STYLE_COLOUR('',#4394);
#3500=VERTEX_POINT('',#4395);
#3501=VERTEX_POINT('',#4396);
#3502=LINE('',#4397,#4398);
#3503=CIRCLE('',#4399,32.1);
#3504=CIRCLE('',#4400,32.1);
#3505=CIRCLE('',#4401,32.1);
#3506=FILL_AREA_STYLE_COLOUR('',#4402);
#3507=VERTEX_POINT('',#4403);
#3508=LINE('',#4404,#4405);
#3509=VERTEX_POINT('',#4406);
#3510=LINE('',#4407,#4408);
#3511=LINE('',#4409,#4410);
#3512=FILL_AREA_STYLE_COLOUR('',#4411);
#3513=VERTEX_POINT('',#4412);
#3514=VERTEX_POINT('',#4413);
#3515=LINE('',#4414,#4415);
#3516=VERTEX_POINT('',#4416);
#3517=LINE('',#4417,#4418);
#3518=VERTEX_POINT('',#4419);
#3519=LINE('',#4420,#4421);
#3520=VERTEX_POINT('',#4422);
#3521=LINE('',#4423,#4424);
#3522=LINE('',#4425,#4426);
#3523=LINE('',#4427,#4428);
#3524=FILL_AREA_STYLE_COLOUR('',#4429);
#3525=VERTEX_POINT('',#4430);
#3526=LINE('',#4431,#4432);
#3527=VERTEX_POINT('',#4433);
#3528=LINE('',#4434,#4435);
#3529=LINE('',#4436,#4437);
#3530=FILL_AREA_STYLE_COLOUR('',#4438);
#3531=CIRCLE('',#4439,0.75);
#3532=FILL_AREA_STYLE_COLOUR('',#4440);
#3533=VERTEX_POINT('',#4441);
#3534=LINE('',#4442,#4443);
#3535=VERTEX_POINT('',#4444);
#3536=LINE('',#4445,#4446);
#3537=LINE('',#4447,#4448);
#3538=FILL_AREA_STYLE_COLOUR('',#4449);
#3539=LINE('',#4450,#4451);
#3540=LINE('',#4452,#4453);
#3541=FILL_AREA_STYLE_COLOUR('',#4454);
#3542=VERTEX_POINT('',#4455);
#3543=LINE('',#4456,#4457);
#3544=VERTEX_POINT('',#4458);
#3545=LINE('',#4459,#4460);
#3546=LINE('',#4461,#4462);
#3547=FILL_AREA_STYLE_COLOUR('',#4463);
#3548=VERTEX_POINT('',#4464);
#3549=VERTEX_POINT('',#4465);
#3550=LINE('',#4466,#4467);
#3551=VERTEX_POINT('',#4468);
#3552=LINE('',#4469,#4470);
#3553=VERTEX_POINT('',#4471);
#3554=LINE('',#4472,#4473);
#3555=LINE('',#4474,#4475);
#3556=FILL_AREA_STYLE_COLOUR('',#4476);
#3557=VERTEX_POINT('',#4477);
#3558=VERTEX_POINT('',#4478);
#3559=LINE('',#4479,#4480);
#3560=VERTEX_POINT('',#4481);
#3561=LINE('',#4482,#4483);
#3562=VERTEX_POINT('',#4484);
#3563=LINE('',#4485,#4486);
#3564=LINE('',#4487,#4488);
#3565=FILL_AREA_STYLE_COLOUR('',#4489);
#3566=VERTEX_POINT('',#4490);
#3567=VERTEX_POINT('',#4491);
#3568=LINE('',#4492,#4493);
#3569=VERTEX_POINT('',#4494);
#3570=LINE('',#4495,#4496);
#3571=VERTEX_POINT('',#4497);
#3572=LINE('',#4498,#4499);
#3573=VERTEX_POINT('',#4500);
#3574=LINE('',#4501,#4502);
#3575=VERTEX_POINT('',#4503);
#3576=LINE('',#4504,#4505);
#3577=LINE('',#4506,#4507);
#3578=FILL_AREA_STYLE_COLOUR('',#4508);
#3579=VERTEX_POINT('',#4509);
#3580=VERTEX_POINT('',#4510);
#3581=CIRCLE('',#4511,7.0);
#3582=VERTEX_POINT('',#4512);
#3583=LINE('',#4513,#4514);
#3584=VERTEX_POINT('',#4515);
#3585=CIRCLE('',#4516,7.0);
#3586=LINE('',#4517,#4518);
#3587=FILL_AREA_STYLE_COLOUR('',#4519);
#3588=VERTEX_POINT('',#4520);
#3589=VERTEX_POINT('',#4521);
#3590=LINE('',#4522,#4523);
#3591=VERTEX_POINT('',#4524);
#3592=CIRCLE('',#4525,25.0);
#3593=VERTEX_POINT('',#4526);
#3594=LINE('',#4527,#4528);
#3595=VERTEX_POINT('',#4529);
#3596=CIRCLE('',#4530,25.0);
#3597=VERTEX_POINT('',#4531);
#3598=LINE('',#4532,#4533);
#3599=VERTEX_POINT('',#4534);
#3600=CIRCLE('',#4535,25.0);
#3601=VERTEX_POINT('',#4536);
#3602=LINE('',#4537,#4538);
#3603=CIRCLE('',#4539,25.0);
#3604=FILL_AREA_STYLE_COLOUR('',#4540);
#3605=VERTEX_POINT('',#4541);
#3606=VERTEX_POINT('',#4542);
#3607=CIRCLE('',#4543,7.0);
#3608=LINE('',#4544,#4545);
#3609=LINE('',#4546,#4547);
#3610=VERTEX_POINT('',#4548);
#3611=CIRCLE('',#4549,25.0);
#3612=VERTEX_POINT('',#4550);
#3613=LINE('',#4551,#4552);
#3614=VERTEX_POINT('',#4553);
#3615=LINE('',#4554,#4555);
#3616=VERTEX_POINT('',#4556);
#3617=LINE('',#4557,#4558);
#3618=LINE('',#4559,#4560);
#3619=FILL_AREA_STYLE_COLOUR('',#4561);
#3620=VERTEX_POINT('',#4562);
#3621=VERTEX_POINT('',#4563);
#3622=LINE('',#4564,#4565);
#3623=VERTEX_POINT('',#4566);
#3624=LINE('',#4567,#4568);
#3625=VERTEX_POINT('',#4569);
#3626=LINE('',#4570,#4571);
#3627=VERTEX_POINT('',#4572);
#3628=LINE('',#4573,#4574);
#3629=VERTEX_POINT('',#4575);
#3630=LINE('',#4576,#4577);
#3631=VERTEX_POINT('',#4578);
#3632=LINE('',#4579,#4580);
#3633=LINE('',#4581,#4582);
#3634=FILL_AREA_STYLE_COLOUR('',#4583);
#3635=VERTEX_POINT('',#4584);
#3636=LINE('',#4585,#4586);
#3637=VERTEX_POINT('',#4587);
#3638=LINE('',#4588,#4589);
#3639=VERTEX_POINT('',#4590);
#3640=LINE('',#4591,#4592);
#3641=VERTEX_POINT('',#4593);
#3642=LINE('',#4594,#4595);
#3643=VERTEX_POINT('',#4596);
#3644=CIRCLE('',#4597,7.0);
#3645=VERTEX_POINT('',#4598);
#3646=LINE('',#4599,#4600);
#3647=VERTEX_POINT('',#4601);
#3648=LINE('',#4602,#4603);
#3649=VERTEX_POINT('',#4604);
#3650=LINE('',#4605,#4606);
#3651=LINE('',#4607,#4608);
#3652=FILL_AREA_STYLE_COLOUR('',#4609);
#3653=LINE('',#4610,#4611);
#3654=VERTEX_POINT('',#4612);
#3655=LINE('',#4613,#4614);
#3656=LINE('',#4615,#4616);
#3657=FILL_AREA_STYLE_COLOUR('',#4617);
#3658=VERTEX_POINT('',#4618);
#3659=LINE('',#4619,#4620);
#3660=VERTEX_POINT('',#4621);
#3661=LINE('',#4622,#4623);
#3662=VERTEX_POINT('',#4624);
#3663=LINE('',#4625,#4626);
#3664=LINE('',#4627,#4628);
#3665=FILL_AREA_STYLE_COLOUR('',#4629);
#3666=LINE('',#4630,#4631);
#3667=LINE('',#4632,#4633);
#3668=FILL_AREA_STYLE_COLOUR('',#4634);
#3669=LINE('',#4635,#4636);
#3670=VERTEX_POINT('',#4637);
#3671=LINE('',#4638,#4639);
#3672=VERTEX_POINT('',#4640);
#3673=CIRCLE('',#4641,7.0);
#3674=VERTEX_POINT('',#4642);
#3675=LINE('',#4643,#4644);
#3676=CIRCLE('',#4645,25.0);
#3677=FILL_AREA_STYLE_COLOUR('',#4646);
#3678=CIRCLE('',#4647,7.5);
#3679=CIRCLE('',#4648,7.5);
#3680=FILL_AREA_STYLE_COLOUR('',#4649);
#3681=VERTEX_POINT('',#4650);
#3682=LINE('',#4651,#4652);
#3683=VERTEX_POINT('',#4653);
#3684=LINE('',#4654,#4655);
#3685=LINE('',#4656,#4657);
#3686=LINE('',#4658,#4659);
#3687=LINE('',#4660,#4661);
#3688=FILL_AREA_STYLE_COLOUR('',#4662);
#3689=VERTEX_POINT('',#4663);
#3690=LINE('',#4664,#4665);
#3691=VERTEX_POINT('',#4666);
#3692=LINE('',#4667,#4668);
#3693=LINE('',#4669,#4670);
#3694=FILL_AREA_STYLE_COLOUR('',#4671);
#3695=LINE('',#4672,#4673);
#3696=LINE('',#4674,#4675);
#3697=FILL_AREA_STYLE_COLOUR('',#4676);
#3698=VERTEX_POINT('',#4677);
#3699=VERTEX_POINT('',#4678);
#3700=LINE('',#4679,#4680);
#3701=VERTEX_POINT('',#4681);
#3702=LINE('',#4682,#4683);
#3703=VERTEX_POINT('',#4684);
#3704=LINE('',#4685,#4686);
#3705=LINE('',#4687,#4688);
#3706=FILL_AREA_STYLE_COLOUR('',#4689);
#3707=VERTEX_POINT('',#4690);
#3708=LINE('',#4691,#4692);
#3709=VERTEX_POINT('',#4693);
#3710=LINE('',#4694,#4695);
#3711=LINE('',#4696,#4697);
#3712=FILL_AREA_STYLE_COLOUR('',#4698);
#3713=LINE('',#4699,#4700);
#3714=FILL_AREA_STYLE_COLOUR('',#4701);
#3715=VERTEX_POINT('',#4702);
#3716=LINE('',#4703,#4704);
#3717=VERTEX_POINT('',#4705);
#3718=LINE('',#4706,#4707);
#3719=LINE('',#4708,#4709);
#3720=FILL_AREA_STYLE_COLOUR('',#4710);
#3721=VERTEX_POINT('',#4711);
#3722=VERTEX_POINT('',#4712);
#3723=LINE('',#4713,#4714);
#3724=VERTEX_POINT('',#4715);
#3725=LINE('',#4716,#4717);
#3726=VERTEX_POINT('',#4718);
#3727=LINE('',#4719,#4720);
#3728=LINE('',#4721,#4722);
#3729=LINE('',#4723,#4724);
#3730=FILL_AREA_STYLE_COLOUR('',#4725);
#3731=VERTEX_POINT('',#4726);
#3732=LINE('',#4727,#4728);
#3733=VERTEX_POINT('',#4729);
#3734=LINE('',#4730,#4731);
#3735=LINE('',#4732,#4733);
#3736=FILL_AREA_STYLE_COLOUR('',#4734);
#3737=VERTEX_POINT('',#4735);
#3738=LINE('',#4736,#4737);
#3739=VERTEX_POINT('',#4738);
#3740=LINE('',#4739,#4740);
#3741=LINE('',#4741,#4742);
#3742=FILL_AREA_STYLE_COLOUR('',#4743);
#3743=VERTEX_POINT('',#4744);
#3744=LINE('',#4745,#4746);
#3745=VERTEX_POINT('',#4747);
#3746=LINE('',#4748,#4749);
#3747=LINE('',#4750,#4751);
#3748=FILL_AREA_STYLE_COLOUR('',#4752);
#3749=VERTEX_POINT('',#4753);
#3750=LINE('',#4754,#4755);
#3751=VERTEX_POINT('',#4756);
#3752=LINE('',#4757,#4758);
#3753=LINE('',#4759,#4760);
#3754=FILL_AREA_STYLE_COLOUR('',#4761);
#3755=VERTEX_POINT('',#4762);
#3756=LINE('',#4763,#4764);
#3757=VERTEX_POINT('',#4765);
#3758=LINE('',#4766,#4767);
#3759=LINE('',#4768,#4769);
#3760=FILL_AREA_STYLE_COLOUR('',#4770);
#3761=VERTEX_POINT('',#4771);
#3762=LINE('',#4772,#4773);
#3763=VERTEX_POINT('',#4774);
#3764=LINE('',#4775,#4776);
#3765=LINE('',#4777,#4778);
#3766=FILL_AREA_STYLE_COLOUR('',#4779);
#3767=VERTEX_POINT('',#4780);
#3768=LINE('',#4781,#4782);
#3769=VERTEX_POINT('',#4783);
#3770=LINE('',#4784,#4785);
#3771=LINE('',#4786,#4787);
#3772=FILL_AREA_STYLE_COLOUR('',#4788);
#3773=VERTEX_POINT('',#4789);
#3774=LINE('',#4790,#4791);
#3775=VERTEX_POINT('',#4792);
#3776=LINE('',#4793,#4794);
#3777=LINE('',#4795,#4796);
#3778=FILL_AREA_STYLE_COLOUR('',#4797);
#3779=VERTEX_POINT('',#4798);
#3780=LINE('',#4799,#4800);
#3781=VERTEX_POINT('',#4801);
#3782=LINE('',#4802,#4803);
#3783=LINE('',#4804,#4805);
#3784=FILL_AREA_STYLE_COLOUR('',#4806);
#3785=VERTEX_POINT('',#4807);
#3786=LINE('',#4808,#4809);
#3787=VERTEX_POINT('',#4810);
#3788=LINE('',#4811,#4812);
#3789=LINE('',#4813,#4814);
#3790=FILL_AREA_STYLE_COLOUR('',#4815);
#3791=VERTEX_POINT('',#4816);
#3792=LINE('',#4817,#4818);
#3793=VERTEX_POINT('',#4819);
#3794=LINE('',#4820,#4821);
#3795=LINE('',#4822,#4823);
#3796=VERTEX_POINT('',#4824);
#3797=LINE('',#4825,#4826);
#3798=CIRCLE('',#4827,1.50000000000001);
#3799=FILL_AREA_STYLE_COLOUR('',#4828);
#3800=LINE('',#4829,#4830);
#3801=FILL_AREA_STYLE_COLOUR('',#4831);
#3802=VERTEX_POINT('',#4832);
#3803=LINE('',#4833,#4834);
#3804=VERTEX_POINT('',#4835);
#3805=LINE('',#4836,#4837);
#3806=LINE('',#4838,#4839);
#3807=FILL_AREA_STYLE_COLOUR('',#4840);
#3808=LINE('',#4841,#4842);
#3809=FILL_AREA_STYLE_COLOUR('',#4843);
#3810=VERTEX_POINT('',#4844);
#3811=LINE('',#4845,#4846);
#3812=VERTEX_POINT('',#4847);
#3813=LINE('',#4848,#4849);
#3814=VERTEX_POINT('',#4850);
#3815=LINE('',#4851,#4852);
#3816=VERTEX_POINT('',#4853);
#3817=LINE('',#4854,#4855);
#3818=VERTEX_POINT('',#4856);
#3819=LINE('',#4857,#4858);
#3820=VERTEX_POINT('',#4859);
#3821=LINE('',#4860,#4861);
#3822=LINE('',#4862,#4863);
#3823=FILL_AREA_STYLE_COLOUR('',#4864);
#3824=VERTEX_POINT('',#4865);
#3825=LINE('',#4866,#4867);
#3826=VERTEX_POINT('',#4868);
#3827=LINE('',#4869,#4870);
#3828=LINE('',#4871,#4872);
#3829=VERTEX_POINT('',#4873);
#3830=LINE('',#4874,#4875);
#3831=VERTEX_POINT('',#4876);
#3832=LINE('',#4877,#4878);
#3833=LINE('',#4879,#4880);
#3834=VERTEX_POINT('',#4881);
#3835=LINE('',#4882,#4883);
#3836=VERTEX_POINT('',#4884);
#3837=LINE('',#4885,#4886);
#3838=LINE('',#4887,#4888);
#3839=FILL_AREA_STYLE_COLOUR('',#4889);
#3840=VERTEX_POINT('',#4890);
#3841=LINE('',#4891,#4892);
#3842=VERTEX_POINT('',#4893);
#3843=LINE('',#4894,#4895);
#3844=LINE('',#4896,#4897);
#3845=VERTEX_POINT('',#4898);
#3846=LINE('',#4899,#4900);
#3847=VERTEX_POINT('',#4901);
#3848=LINE('',#4902,#4903);
#3849=LINE('',#4904,#4905);
#3850=FILL_AREA_STYLE_COLOUR('',#4906);
#3851=LINE('',#4907,#4908);
#3852=FILL_AREA_STYLE_COLOUR('',#4909);
#3853=VERTEX_POINT('',#4910);
#3854=LINE('',#4911,#4912);
#3855=VERTEX_POINT('',#4913);
#3856=LINE('',#4914,#4915);
#3857=LINE('',#4916,#4917);
#3858=FILL_AREA_STYLE_COLOUR('',#4918);
#3859=LINE('',#4919,#4920);
#3860=LINE('',#4921,#4922);
#3861=LINE('',#4923,#4924);
#3862=FILL_AREA_STYLE_COLOUR('',#4925);
#3863=VERTEX_POINT('',#4926);
#3864=LINE('',#4927,#4928);
#3865=VERTEX_POINT('',#4929);
#3866=LINE('',#4930,#4931);
#3867=LINE('',#4932,#4933);
#3868=VERTEX_POINT('',#4934);
#3869=LINE('',#4935,#4936);
#3870=CIRCLE('',#4937,1.50000000000001);
#3871=FILL_AREA_STYLE_COLOUR('',#4938);
#3872=LINE('',#4939,#4940);
#3873=FILL_AREA_STYLE_COLOUR('',#4941);
#3874=VERTEX_POINT('',#4942);
#3875=LINE('',#4943,#4944);
#3876=VERTEX_POINT('',#4945);
#3877=LINE('',#4946,#4947);
#3878=LINE('',#4948,#4949);
#3879=FILL_AREA_STYLE_COLOUR('',#4950);
#3880=VERTEX_POINT('',#4951);
#3881=VERTEX_POINT('',#4952);
#3882=LINE('',#4953,#4954);
#3883=LINE('',#4955,#4956);
#3884=VERTEX_POINT('',#4957);
#3885=LINE('',#4958,#4959);
#3886=LINE('',#4960,#4961);
#3887=FILL_AREA_STYLE_COLOUR('',#4962);
#3888=VERTEX_POINT('',#4963);
#3889=LINE('',#4964,#4965);
#3890=VERTEX_POINT('',#4966);
#3891=LINE('',#4967,#4968);
#3892=LINE('',#4969,#4970);
#3893=FILL_AREA_STYLE_COLOUR('',#4971);
#3894=VERTEX_POINT('',#4972);
#3895=LINE('',#4973,#4974);
#3896=VERTEX_POINT('',#4975);
#3897=LINE('',#4976,#4977);
#3898=LINE('',#4978,#4979);
#3899=FILL_AREA_STYLE_COLOUR('',#4980);
#3900=VERTEX_POINT('',#4981);
#3901=LINE('',#4982,#4983);
#3902=VERTEX_POINT('',#4984);
#3903=LINE('',#4985,#4986);
#3904=LINE('',#4987,#4988);
#3905=FILL_AREA_STYLE_COLOUR('',#4989);
#3906=VERTEX_POINT('',#4990);
#3907=LINE('',#4991,#4992);
#3908=VERTEX_POINT('',#4993);
#3909=LINE('',#4994,#4995);
#3910=LINE('',#4996,#4997);
#3911=FILL_AREA_STYLE_COLOUR('',#4998);
#3912=VERTEX_POINT('',#4999);
#3913=LINE('',#5000,#5001);
#3914=VERTEX_POINT('',#5002);
#3915=LINE('',#5003,#5004);
#3916=LINE('',#5005,#5006);
#3917=FILL_AREA_STYLE_COLOUR('',#5007);
#3918=VERTEX_POINT('',#5008);
#3919=LINE('',#5009,#5010);
#3920=VERTEX_POINT('',#5011);
#3921=LINE('',#5012,#5013);
#3922=LINE('',#5014,#5015);
#3923=FILL_AREA_STYLE_COLOUR('',#5016);
#3924=VERTEX_POINT('',#5017);
#3925=LINE('',#5018,#5019);
#3926=VERTEX_POINT('',#5020);
#3927=LINE('',#5021,#5022);
#3928=LINE('',#5023,#5024);
#3929=FILL_AREA_STYLE_COLOUR('',#5025);
#3930=VERTEX_POINT('',#5026);
#3931=LINE('',#5027,#5028);
#3932=LINE('',#5029,#5030);
#3933=LINE('',#5031,#5032);
#3934=FILL_AREA_STYLE_COLOUR('',#5033);
#3935=VERTEX_POINT('',#5034);
#3936=VERTEX_POINT('',#5035);
#3937=LINE('',#5036,#5037);
#3938=LINE('',#5038,#5039);
#3939=LINE('',#5040,#5041);
#3940=FILL_AREA_STYLE_COLOUR('',#5042);
#3941=VERTEX_POINT('',#5043);
#3942=LINE('',#5044,#5045);
#3943=LINE('',#5046,#5047);
#3944=LINE('',#5048,#5049);
#3945=LINE('',#5050,#5051);
#3946=FILL_AREA_STYLE_COLOUR('',#5052);
#3947=VERTEX_POINT('',#5053);
#3948=LINE('',#5054,#5055);
#3949=VERTEX_POINT('',#5056);
#3950=LINE('',#5057,#5058);
#3951=LINE('',#5059,#5060);
#3952=FILL_AREA_STYLE_COLOUR('',#5061);
#3953=VERTEX_POINT('',#5062);
#3954=LINE('',#5063,#5064);
#3955=LINE('',#5065,#5066);
#3956=FILL_AREA_STYLE_COLOUR('',#5067);
#3957=VERTEX_POINT('',#5068);
#3958=LINE('',#5069,#5070);
#3959=VERTEX_POINT('',#5071);
#3960=LINE('',#5072,#5073);
#3961=LINE('',#5074,#5075);
#3962=FILL_AREA_STYLE_COLOUR('',#5076);
#3963=CIRCLE('',#5077,0.75);
#3964=FILL_AREA_STYLE_COLOUR('',#5078);
#3965=CIRCLE('',#5079,7.0);
#3966=FILL_AREA_STYLE_COLOUR('',#5080);
#3967=VERTEX_POINT('',#5081);
#3968=LINE('',#5082,#5083);
#3969=VERTEX_POINT('',#5084);
#3970=LINE('',#5085,#5086);
#3971=LINE('',#5087,#5088);
#3972=FILL_AREA_STYLE_COLOUR('',#5089);
#3973=LINE('',#5090,#5091);
#3974=LINE('',#5092,#5093);
#3975=FILL_AREA_STYLE_COLOUR('',#5094);
#3976=FILL_AREA_STYLE_COLOUR('',#5095);
#3977=FILL_AREA_STYLE_COLOUR('',#5096);
#3978=LINE('',#5097,#5098);
#3979=FILL_AREA_STYLE_COLOUR('',#5099);
#3980=LINE('',#5100,#5101);
#3981=FILL_AREA_STYLE_COLOUR('',#5102);
#3982=FILL_AREA_STYLE_COLOUR('',#5103);
#3983=VERTEX_POINT('',#5104);
#3984=LINE('',#5105,#5106);
#3985=CIRCLE('',#5107,1.50000000000001);
#3986=LINE('',#5108,#5109);
#3987=FILL_AREA_STYLE_COLOUR('',#5110);
#3988=LINE('',#5111,#5112);
#3989=FILL_AREA_STYLE_COLOUR('',#5113);
#3990=FILL_AREA_STYLE_COLOUR('',#5114);
#3991=VERTEX_POINT('',#5115);
#3992=VERTEX_POINT('',#5116);
#3993=CIRCLE('',#5117,1.50000000000001);
#3994=LINE('',#5118,#5119);
#3995=LINE('',#5120,#5121);
#3996=FILL_AREA_STYLE_COLOUR('',#5122);
#3997=LINE('',#5123,#5124);
#3998=VERTEX_POINT('',#5125);
#3999=LINE('',#5126,#5127);
#4000=VERTEX_POINT('',#5128);
#4001=CIRCLE('',#5129,1.50000000000001);
#4002=VERTEX_POINT('',#5130);
#4003=LINE('',#5131,#5132);
#4004=CIRCLE('',#5133,1.50000000000001);
#4005=FILL_AREA_STYLE_COLOUR('',#5134);
#4006=FILL_AREA_STYLE_COLOUR('',#5135);
#4007=LINE('',#5136,#5137);
#4008=FILL_AREA_STYLE_COLOUR('',#5138);
#4009=LINE('',#5139,#5140);
#4010=FILL_AREA_STYLE_COLOUR('',#5141);
#4011=LINE('',#5142,#5143);
#4012=LINE('',#5144,#5145);
#4013=FILL_AREA_STYLE_COLOUR('',#5146);
#4014=LINE('',#5147,#5148);
#4015=FILL_AREA_STYLE_COLOUR('',#5149);
#4016=FILL_AREA_STYLE_COLOUR('',#5150);
#4017=LINE('',#5151,#5152);
#4018=FILL_AREA_STYLE_COLOUR('',#5153);
#4019=FILL_AREA_STYLE_COLOUR('',#5154);
#4020=FILL_AREA_STYLE_COLOUR('',#5155);
#4021=FILL_AREA_STYLE_COLOUR('',#5156);
#4022=FILL_AREA_STYLE_COLOUR('',#5157);
#4023=FILL_AREA_STYLE_COLOUR('',#5158);
#4024=LINE('',#5159,#5160);
#4025=LINE('',#5161,#5162);
#4026=FILL_AREA_STYLE_COLOUR('',#5163);
#4027=FILL_AREA_STYLE_COLOUR('',#5164);
#4028=FILL_AREA_STYLE_COLOUR('',#5165);
#4029=VERTEX_POINT('',#5166);
#4030=VERTEX_POINT('',#5167);
#4031=LINE('',#5168,#5169);
#4032=LINE('',#5170,#5171);
#4033=LINE('',#5172,#5173);
#4034=FILL_AREA_STYLE_COLOUR('',#5174);
#4035=VERTEX_POINT('',#5175);
#4036=LINE('',#5176,#5177);
#4037=LINE('',#5178,#5179);
#4038=FILL_AREA_STYLE_COLOUR('',#5180);
#4039=VERTEX_POINT('',#5181);
#4040=LINE('',#5182,#5183);
#4041=LINE('',#5184,#5185);
#4042=FILL_AREA_STYLE_COLOUR('',#5186);
#4043=LINE('',#5187,#5188);
#4044=FILL_AREA_STYLE_COLOUR('',#5189);
#4045=FILL_AREA_STYLE_COLOUR('',#5190);
#4046=LINE('',#5191,#5192);
#4047=FILL_AREA_STYLE_COLOUR('',#5193);
#4048=FILL_AREA_STYLE_COLOUR('',#5194);
#4049=VERTEX_POINT('',#5195);
#4050=VERTEX_POINT('',#5196);
#4051=LINE('',#5197,#5198);
#4052=VERTEX_POINT('',#5199);
#4053=CIRCLE('',#5200,7.0);
#4054=VERTEX_POINT('',#5201);
#4055=LINE('',#5202,#5203);
#4056=LINE('',#5204,#5205);
#4057=CIRCLE('',#5206,25.0);
#4058=FILL_AREA_STYLE_COLOUR('',#5207);
#4059=VERTEX_POINT('',#5208);
#4060=LINE('',#5209,#5210);
#4061=LINE('',#5211,#5212);
#4062=FILL_AREA_STYLE_COLOUR('',#5213);
#4063=LINE('',#5214,#5215);
#4064=LINE('',#5216,#5217);
#4065=FILL_AREA_STYLE_COLOUR('',#5218);
#4066=LINE('',#5219,#5220);
#4067=FILL_AREA_STYLE_COLOUR('',#5221);
#4068=VERTEX_POINT('',#5222);
#4069=LINE('',#5223,#5224);
#4070=LINE('',#5225,#5226);
#4071=FILL_AREA_STYLE_COLOUR('',#5227);
#4072=VERTEX_POINT('',#5228);
#4073=LINE('',#5229,#5230);
#4074=CIRCLE('',#5231,7.0);
#4075=FILL_AREA_STYLE_COLOUR('',#5232);
#4076=LINE('',#5233,#5234);
#4077=FILL_AREA_STYLE_COLOUR('',#5235);
#4078=CIRCLE('',#5236,25.0);
#4079=FILL_AREA_STYLE_COLOUR('',#5237);
#4080=FILL_AREA_STYLE_COLOUR('',#5238);
#4081=COLOUR_RGB('',0.462745130062103,0.407843172550201,0.603921592235565);
#4082=CARTESIAN_POINT('',(2.40000000000151,17.2750000000152,46.8500000000089));
#4083=CARTESIAN_POINT('',(2.40000000000151,17.2750000000152,38.1000000000109));
#4084=CARTESIAN_POINT('',(2.40000000000151,17.2750000000152,38.1000000000109));
#4085=VECTOR('',#5239,1.0);
#4086=CARTESIAN_POINT('',(3.80000000000049,16.3135164807313,38.1000000000109));
#4087=AXIS2_PLACEMENT_3D('',#5240,#5241,#5242);
#4088=CARTESIAN_POINT('',(3.80000000000049,16.3135164807313,46.8500000000089));
#4089=CARTESIAN_POINT('',(3.80000000000049,16.3135164807313,38.1000000000109));
#4090=VECTOR('',#5243,1.0);
#4091=AXIS2_PLACEMENT_3D('',#5244,#5245,#5246);
#4092=COLOUR_RGB('',0.462745130062103,0.407843172550201,0.603921592235565);
#4093=CARTESIAN_POINT('',(2.40000000000151,14.2750000000152,38.1000000000109));
#4094=CARTESIAN_POINT('',(2.40000000000151,14.2750000000152,46.8500000000089));
#4095=CARTESIAN_POINT('',(2.40000000000151,14.2750000000152,38.1000000000109));
#4096=VECTOR('',#5247,1.0);
#4097=CARTESIAN_POINT('',(1.17739827151877,16.6440483378601,38.1000000000109));
#4098=AXIS2_PLACEMENT_3D('',#5248,#5249,#5250);
#4099=CARTESIAN_POINT('',(1.17739827151877,16.6440483378601,37.5000000000109));
#4100=CARTESIAN_POINT('',(1.17739827151877,16.6440483378601,37.5000000000109));
#4101=VECTOR('',#5251,1.0);
#4102=CARTESIAN_POINT('',(1.53095166210452,16.9976017284609,37.5000000000109));
#4103=AXIS2_PLACEMENT_3D('',#5252,#5253,#5254);
#4104=CARTESIAN_POINT('',(1.53095166210452,16.9976017284609,38.1000000000109));
#4105=CARTESIAN_POINT('',(1.53095166210452,16.9976017284609,37.5000000000109));
#4106=VECTOR('',#5255,1.0);
#4107=AXIS2_PLACEMENT_3D('',#5256,#5257,#5258);
#4108=AXIS2_PLACEMENT_3D('',#5259,#5260,#5261);
#4109=COLOUR_RGB('',0.462745130062103,0.407843172550201,0.603921592235565);
#4110=CARTESIAN_POINT('',(2.40000000000151,30.7249999999838,38.1000000000109));
#4111=CARTESIAN_POINT('',(2.40000000000151,30.7249999999838,46.8500000000089));
#4112=CARTESIAN_POINT('',(2.40000000000151,30.7249999999838,38.1000000000109));
#4113=VECTOR('',#5262,1.0);
#4114=CARTESIAN_POINT('',(3.80000000000049,31.6864835192676,46.8500000000089));
#4115=AXIS2_PLACEMENT_3D('',#5263,#5264,#5265);
#4116=CARTESIAN_POINT('',(3.80000000000049,31.6864835192676,38.1000000000109));
#4117=CARTESIAN_POINT('',(3.80000000000049,31.6864835192676,38.1000000000109));
#4118=VECTOR('',#5266,1.0);
#4119=CARTESIAN_POINT('',(3.62260172846573,31.3559516621128,38.1000000000109));
#4120=AXIS2_PLACEMENT_3D('',#5267,#5268,#5269);
#4121=CARTESIAN_POINT('',(3.62260172846573,31.3559516621128,37.5000000000109));
#4122=CARTESIAN_POINT('',(3.62260172846573,31.3559516621128,38.1000000000109));
#4123=VECTOR('',#5270,1.0);
#4124=CARTESIAN_POINT('',(3.26904833787245,31.0023982715195,37.5000000000109));
#4125=AXIS2_PLACEMENT_3D('',#5271,#5272,#5273);
#4126=CARTESIAN_POINT('',(3.26904833787245,31.0023982715195,38.1000000000109));
#4127=CARTESIAN_POINT('',(3.26904833787245,31.0023982715195,38.1000000000109));
#4128=VECTOR('',#5274,1.0);
#4129=AXIS2_PLACEMENT_3D('',#5275,#5276,#5277);
#4130=COLOUR_RGB('',0.462745130062103,0.407843172550201,0.603921592235565);
#4131=CARTESIAN_POINT('',(2.40000000000151,33.7249999999838,46.8500000000089));
#4132=CARTESIAN_POINT('',(2.40000000000151,33.7249999999838,38.1000000000109));
#4133=CARTESIAN_POINT('',(2.40000000000151,33.7249999999838,38.1000000000109));
#4134=VECTOR('',#5278,1.0);
#4135=AXIS2_PLACEMENT_3D('',#5279,#5280,#5281);
#4136=CARTESIAN_POINT('',(1.17739827153726,33.0940483378547,38.1000000000109));
#4137=AXIS2_PLACEMENT_3D('',#5282,#5283,#5284);
#4138=CARTESIAN_POINT('',(1.17739827153726,33.0940483378547,37.5000000000109));
#4139=CARTESIAN_POINT('',(1.17739827153726,33.0940483378547,37.5000000000109));
#4140=VECTOR('',#5285,1.0);
#4141=CARTESIAN_POINT('',(1.53095166213053,33.447601728448,37.5000000000109));
#4142=AXIS2_PLACEMENT_3D('',#5286,#5287,#5288);
#4143=CARTESIAN_POINT('',(1.53095166213053,33.447601728448,38.1000000000109));
#4144=CARTESIAN_POINT('',(1.53095166213053,33.447601728448,37.5000000000109));
#4145=VECTOR('',#5289,1.0);
#4146=AXIS2_PLACEMENT_3D('',#5290,#5291,#5292);
#4147=COLOUR_RGB('',0.462745130062103,0.407843172550201,0.603921592235565);
#4148=CARTESIAN_POINT('',(1.1,3.32719595010581,4.5092640339867));
#4149=CARTESIAN_POINT('',(4.92064469598971E-13,3.32719595010581,4.5092640339867));
#4150=CARTESIAN_POINT('',(0.550000000000246,3.32719595010581,4.5092640339867));
#4151=VECTOR('',#5293,1.0);
#4152=CARTESIAN_POINT('',(1.09999999999999,3.32975468485941,4.53329923693917));
#4153=AXIS2_PLACEMENT_3D('',#5294,#5295,#5296);
#4154=CARTESIAN_POINT('',(4.92050844513869E-13,3.32975468485941,4.53329923693917));
#4155=CARTESIAN_POINT('',(4.15000000000049,3.32975468485941,4.53329923693917));
#4156=VECTOR('',#5297,1.0);
#4157=AXIS2_PLACEMENT_3D('',#5298,#5299,#5300);
#4158=COLOUR_RGB('',0.462745130062103,0.407843172550201,0.603921592235565);
#4159=CARTESIAN_POINT('',(4.15000000000049,4.39999999998182,11.3247092978861));
#4160=CARTESIAN_POINT('',(4.91206889214729E-13,4.39999999998182,11.3247092978861));
#4161=CARTESIAN_POINT('',(2.07500000000049,4.39999999998182,11.3247092978861));
#4162=VECTOR('',#5301,1.0);
#4163=CARTESIAN_POINT('',(4.15000000000049,4.2432614194088,12.8500000000001));
#4164=AXIS2_PLACEMENT_3D('',#5302,#5303,#5304);
#4165=CARTESIAN_POINT('',(4.90274487674469E-13,4.2432614194088,12.8500000000001));
#4166=CARTESIAN_POINT('',(4.15000000000049,4.2432614194088,12.8500000000001));
#4167=VECTOR('',#5305,1.0);
#4168=AXIS2_PLACEMENT_3D('',#5306,#5307,#5308);
#4169=COLOUR_RGB('',0.462745130062103,0.407843172550201,0.603921592235565);
#4170=CARTESIAN_POINT('',(4.15000000000049,8.70670615743098,10.1999999999998));
#4171=CARTESIAN_POINT('',(4.92169750236113E-13,8.70670615743098,10.1999999999998));
#4172=CARTESIAN_POINT('',(4.15000000000049,8.70670615743098,10.1999999999998));
#4173=VECTOR('',#5309,1.0);
#4174=CARTESIAN_POINT('',(4.15000000000049,7.76482834700983,10.433974358974));
#4175=AXIS2_PLACEMENT_3D('',#5310,#5311,#5312);
#4176=CARTESIAN_POINT('',(4.92050844513869E-13,7.76482834700983,10.433974358974));
#4177=CARTESIAN_POINT('',(4.15000000000049,7.76482834700983,10.433974358974));
#4178=VECTOR('',#5313,1.0);
#4179=AXIS2_PLACEMENT_3D('',#5314,#5315,#5316);
#4180=COLOUR_RGB('',0.462745130062103,0.407843172550201,0.603921592235565);
#4181=CARTESIAN_POINT('',(1.1,1.8,3.94999999999977));
#4182=CARTESIAN_POINT('',(4.15000000000049,1.8,3.94999999999977));
#4183=CARTESIAN_POINT('',(2.62500000000025,1.8,3.94999999999977));
#4184=VECTOR('',#5317,1.0);
#4185=CARTESIAN_POINT('',(1.1,1.53639610306815,4.5863961030674));
#4186=AXIS2_PLACEMENT_3D('',#5318,#5319,#5320);
#4187=CARTESIAN_POINT('',(4.15000000000049,1.53639610306815,4.58639610306741));
#4188=CARTESIAN_POINT('',(4.15000000000049,1.53639610306815,4.5863961030674));
#4189=VECTOR('',#5321,1.0);
#4190=AXIS2_PLACEMENT_3D('',#5322,#5323,#5324);
#4191=COLOUR_RGB('',0.462745130062103,0.407843172550201,0.603921592235565);
#4192=CARTESIAN_POINT('',(4.15000000000049,-7.105427357601E-15,5.15710678118626));
#4193=CARTESIAN_POINT('',(4.91162666094169E-13,-7.105427357601E-15,5.15710678118626));
#4194=CARTESIAN_POINT('',(4.15000000000049,-7.105427357601E-15,5.15710678118626));
#4195=VECTOR('',#5325,1.0);
#4196=CARTESIAN_POINT('',(4.92050844513869E-13,-7.105427357601E-15,-2.76223488526739E-13));
#4197=CARTESIAN_POINT('',(4.88498130835069E-13,-1.06581410364015E-14,16.5839304755416));
#4198=VECTOR('',#5326,1.0);
#4199=CARTESIAN_POINT('',(4.15000000000049,-7.105427357601E-15,-2.75335310107039E-13));
#4200=CARTESIAN_POINT('',(4.15000000000049,-7.105427357601E-15,-2.75335310107039E-13));
#4201=VECTOR('',#5327,1.0);
#4202=CARTESIAN_POINT('',(4.15000000000049,-1.06581410364015E-14,16.5839304755416));
#4203=VECTOR('',#5328,1.0);
#4204=COLOUR_RGB('',0.462745130062103,0.407843172550201,0.603921592235565);
#4205=CARTESIAN_POINT('',(4.15000000000049,0.68284271247467,5.43994949366088));
#4206=CARTESIAN_POINT('',(4.91162666094169E-13,0.68284271247467,5.43994949366088));
#4207=CARTESIAN_POINT('',(4.15000000000049,0.682842712474688,5.43994949366087));
#4208=VECTOR('',#5329,1.0);
#4209=AXIS2_PLACEMENT_3D('',#5330,#5331,#5332);
#4210=AXIS2_PLACEMENT_3D('',#5333,#5334,#5335);
#4211=COLOUR_RGB('',0.462745130062103,0.407843172550201,0.603921592235565);
#4212=CARTESIAN_POINT('',(4.9293902293357E-13,5.66593942798829,-2.77999845366139E-13));
#4213=CARTESIAN_POINT('',(4.89386309254769E-13,-9.34364449363741,-2.77999845366139E-13));
#4214=VECTOR('',#5336,1.0);
#4215=CARTESIAN_POINT('',(4.15000000000049,5.66593942798829,-2.77111666946439E-13));
#4216=CARTESIAN_POINT('',(4.15000000000049,5.66593942798829,-2.77111666946439E-13));
#4217=VECTOR('',#5337,1.0);
#4218=CARTESIAN_POINT('',(4.15000000000049,-9.34364449363741,-2.77111666946439E-13));
#4219=VECTOR('',#5338,1.0);
#4220=COLOUR_RGB('',0.462745130062103,0.407843172550201,0.603921592235565);
#4221=CARTESIAN_POINT('',(4.91162666094169E-13,2.05245625048503,4.07033595565052));
#4222=CARTESIAN_POINT('',(4.87609952415369E-13,-7.6522784871552,13.7750706932908));
#4223=VECTOR('',#5339,1.0);
#4224=CARTESIAN_POINT('',(4.15000000000049,-7.6522784871552,13.7750706932908));
#4225=VECTOR('',#5340,1.0);
#4226=CARTESIAN_POINT('',(1.1,2.05245625048504,4.07033595565052));
#4227=CARTESIAN_POINT('',(1.1,-7.6522784871552,13.7750706932908));
#4228=VECTOR('',#5341,1.0);
#4229=CARTESIAN_POINT('',(1.1,2.05245625048504,4.07033595565052));
#4230=VECTOR('',#5342,1.0);
#4231=COLOUR_RGB('',0.462745130062103,0.407843172550201,0.603921592235565);
#4232=CARTESIAN_POINT('',(4.9293902293357E-13,7.69999999999992,3.62236366060235));
#4233=AXIS2_PLACEMENT_3D('',#5343,#5344,#5345);
#4234=CARTESIAN_POINT('',(4.15000000000049,7.69999999999992,3.62236366060235));
#4235=CARTESIAN_POINT('',(4.15000000000049,7.69999999999992,3.62236366060235));
#4236=VECTOR('',#5346,1.0);
#4237=AXIS2_PLACEMENT_3D('',#5347,#5348,#5349);
#4238=COLOUR_RGB('',0.462745130062103,0.407843172550201,0.603921592235565);
#4239=CARTESIAN_POINT('',(1.1,1.49999999999999,2.34999999999976));
#4240=CARTESIAN_POINT('',(1.1,1.49999999999997,3.2791796067498));
#4241=CARTESIAN_POINT('',(1.1,1.49999999999999,7.40000000000275));
#4242=VECTOR('',#5350,1.0);
#4243=CARTESIAN_POINT('',(4.15000000000049,1.49999999999998,3.27917960674981));
#4244=CARTESIAN_POINT('',(4.15000000000049,1.49999999999999,3.27917960674978));
#4245=VECTOR('',#5351,1.0);
#4246=CARTESIAN_POINT('',(4.15000000000049,1.49999999999999,2.34999999999976));
#4247=CARTESIAN_POINT('',(4.15000000000049,1.49999999999999,16.3997536341873));
#4248=VECTOR('',#5352,1.0);
#4249=CARTESIAN_POINT('',(4.15000000000049,1.49999999999999,2.34999999999976));
#4250=VECTOR('',#5353,1.0);
#4251=COLOUR_RGB('',0.462745130062103,0.407843172550201,0.603921592235565);
#4252=CARTESIAN_POINT('',(4.9293902293357E-13,7.69999999999992,5.55000000000571));
#4253=CARTESIAN_POINT('',(4.91162666094169E-13,7.69999999999992,15.6384893565893));
#4254=VECTOR('',#5354,1.0);
#4255=CARTESIAN_POINT('',(4.15000000000049,7.69999999999992,5.55000000000571));
#4256=CARTESIAN_POINT('',(4.15000000000049,7.69999999999992,5.55000000000571));
#4257=VECTOR('',#5355,1.0);
#4258=CARTESIAN_POINT('',(4.15000000000049,7.69999999999992,15.6384893565893));
#4259=VECTOR('',#5356,1.0);
#4260=COLOUR_RGB('',0.462745130062103,0.407843172550201,0.603921592235565);
#4261=AXIS2_PLACEMENT_3D('',#5357,#5358,#5359);
#4262=AXIS2_PLACEMENT_3D('',#5360,#5361,#5362);
#4263=COLOUR_RGB('',0.462745130062103,0.407843172550201,0.603921592235565);
#4264=CARTESIAN_POINT('',(4.92050844513869E-13,6.79999999999993,5.47126020283237));
#4265=CARTESIAN_POINT('',(4.88498130835069E-13,-8.83986567063812,4.10294925758321));
#4266=VECTOR('',#5363,1.0);
#4267=CARTESIAN_POINT('',(4.15000000000049,6.79999999999993,5.47126020283237));
#4268=CARTESIAN_POINT('',(4.15000000000049,6.79999999999993,5.47126020283237));
#4269=VECTOR('',#5364,1.0);
#4270=CARTESIAN_POINT('',(4.15000000000049,-8.83986567063812,4.10294925758321));
#4271=VECTOR('',#5365,1.0);
#4272=COLOUR_RGB('',0.462745130062103,0.407843172550201,0.603921592235565);
#4273=CARTESIAN_POINT('',(1.40000000000151,13.2801668219376,24.6500000000108));
#4274=CARTESIAN_POINT('',(1.40000000000151,13.2801668219376,27.3500000000109));
#4275=CARTESIAN_POINT('',(1.40000000000151,13.2801668219376,25.925000000014));
#4276=VECTOR('',#5366,1.0);
#4277=CARTESIAN_POINT('',(1.40000000000151,13.7749999999837,24.6500000000108));
#4278=CARTESIAN_POINT('',(1.40000000000151,18.8750000000195,24.6500000000108));
#4279=VECTOR('',#5367,1.0);
#4280=CARTESIAN_POINT('',(1.40000000000151,13.7749999999837,27.3500000000109));
#4281=CARTESIAN_POINT('',(1.40000000000152,13.7749999999837,7.40000000000275));
#4282=VECTOR('',#5368,1.0);
#4283=CARTESIAN_POINT('',(1.40000000000151,18.8750000000195,27.3500000000109));
#4284=VECTOR('',#5369,1.0);
#4285=COLOUR_RGB('',0.462745130062103,0.407843172550201,0.603921592235565);
#4286=CARTESIAN_POINT('',(4.92050844513869E-13,6.79999999999993,6.54999999999974));
#4287=CARTESIAN_POINT('',(4.91162666094169E-13,6.79999999999993,15.7489954614019));
#4288=VECTOR('',#5370,1.0);
#4289=CARTESIAN_POINT('',(4.15000000000049,6.79999999999993,6.54999999999976));
#4290=CARTESIAN_POINT('',(4.15000000000049,6.79999999999993,6.54999999999974));
#4291=VECTOR('',#5371,1.0);
#4292=CARTESIAN_POINT('',(4.15000000000049,6.79999999999992,15.7489954614019));
#4293=VECTOR('',#5372,1.0);
#4294=COLOUR_RGB('',0.462745130062103,0.407843172550201,0.603921592235565);
#4295=AXIS2_PLACEMENT_3D('',#5373,#5374,#5375);
#4296=AXIS2_PLACEMENT_3D('',#5376,#5377,#5378);
#4297=COLOUR_RGB('',0.462745130062103,0.407843172550201,0.603921592235565);
#4298=CARTESIAN_POINT('',(4.92050844513869E-13,8.64858396785202,9.96602564102531));
#4299=AXIS2_PLACEMENT_3D('',#5379,#5380,#5381);
#4300=CARTESIAN_POINT('',(4.15000000000049,8.64858396785202,9.96602564102531));
#4301=CARTESIAN_POINT('',(4.15000000000049,8.64858396785202,9.96602564102531));
#4302=VECTOR('',#5382,1.0);
#4303=AXIS2_PLACEMENT_3D('',#5383,#5384,#5385);
#4304=COLOUR_RGB('',0.462745130062103,0.407843172550201,0.603921592235565);
#4305=CARTESIAN_POINT('',(4.92050844513869E-13,7.80616698847581,6.84999999999977));
#4306=AXIS2_PLACEMENT_3D('',#5386,#5387,#5388);
#4307=CARTESIAN_POINT('',(4.15000000000049,7.80616698847581,6.84999999999977));
#4308=CARTESIAN_POINT('',(4.15000000000049,7.80616698847581,6.84999999999977));
#4309=VECTOR('',#5389,1.0);
#4310=AXIS2_PLACEMENT_3D('',#5390,#5391,#5392);
#4311=COLOUR_RGB('',0.462745130062103,0.407843172550201,0.603921592235565);
#4312=CARTESIAN_POINT('',(1.09999999999999,3.20763330634519,2.34999999999976));
#4313=CARTESIAN_POINT('',(4.15000000000049,3.20763330634519,2.34999999999976));
#4314=CARTESIAN_POINT('',(4.15000000000049,3.20763330634519,2.34999999999977));
#4315=VECTOR('',#5393,1.0);
#4316=CARTESIAN_POINT('',(1.1,20.9736113967685,2.34999999999977));
#4317=VECTOR('',#5394,1.0);
#4318=CARTESIAN_POINT('',(4.15000000000049,-9.05510077551558,2.34999999999976));
#4319=VECTOR('',#5395,1.0);
#4320=COLOUR_RGB('',0.462745130062103,0.407843172550201,0.603921592235565);
#4321=CARTESIAN_POINT('',(4.9915627187147E-13,33.5999999999907,6.85000000000653));
#4322=CARTESIAN_POINT('',(4.88498130835069E-13,-8.50257025145251,6.84999999999976));
#4323=VECTOR('',#5396,1.0);
#4324=CARTESIAN_POINT('',(4.1500000000005,33.5999999999907,6.85000000000653));
#4325=CARTESIAN_POINT('',(4.1500000000005,33.5999999999907,6.84999999999977));
#4326=VECTOR('',#5397,1.0);
#4327=CARTESIAN_POINT('',(4.15000000000049,-8.50257025145251,6.84999999999977));
#4328=VECTOR('',#5398,1.0);
#4329=COLOUR_RGB('',0.462745130062103,0.407843172550201,0.603921592235565);
#4330=CARTESIAN_POINT('',(4.9915627187147E-13,33.7999999999905,7.05000000000604));
#4331=AXIS2_PLACEMENT_3D('',#5399,#5400,#5401);
#4332=CARTESIAN_POINT('',(4.1500000000005,33.7999999999905,7.05000000000604));
#4333=CARTESIAN_POINT('',(4.1500000000005,33.7999999999905,7.05000000000604));
#4334=VECTOR('',#5402,1.0);
#4335=AXIS2_PLACEMENT_3D('',#5403,#5404,#5405);
#4336=COLOUR_RGB('',0.462745130062103,0.407843172550201,0.603921592235565);
#4337=CARTESIAN_POINT('',(5.00044450291171E-13,39.2139895394442,7.05000000000605));
#4338=CARTESIAN_POINT('',(4.88498130835069E-13,-8.47801333927116,7.05000000000604));
#4339=VECTOR('',#5406,1.0);
#4340=CARTESIAN_POINT('',(4.1500000000005,39.2139895394442,7.05000000000588));
#4341=CARTESIAN_POINT('',(4.1500000000005,39.213989539444,7.05000000000605));
#4342=VECTOR('',#5407,1.0);
#4343=CARTESIAN_POINT('',(4.15000000000049,-8.47801333927116,7.05000000000604));
#4344=VECTOR('',#5408,1.0);
#4345=COLOUR_RGB('',0.462745130062103,0.407843172550201,0.603921592235565);
#4346=CARTESIAN_POINT('',(5.00932628710871E-13,41.4999999999907,6.85000000000641));
#4347=CARTESIAN_POINT('',(4.87609952415369E-13,-7.9711385602756,11.1781637957489));
#4348=VECTOR('',#5409,1.0);
#4349=CARTESIAN_POINT('',(4.1500000000005,41.4999999999907,6.85000000000644));
#4350=CARTESIAN_POINT('',(4.1500000000005,41.4999999999907,6.85000000000644));
#4351=VECTOR('',#5410,1.0);
#4352=CARTESIAN_POINT('',(4.15000000000049,-7.9711385602756,11.1781637957489));
#4353=VECTOR('',#5411,1.0);
#4354=COLOUR_RGB('',0.462745130062103,0.407843172550201,0.603921592235565);
#4355=CARTESIAN_POINT('',(5.00932628710871E-13,41.4999999999907,5.7500000000057));
#4356=CARTESIAN_POINT('',(5.00044450291171E-13,41.4999999999906,11.4883711980723));
#4357=VECTOR('',#5412,1.0);
#4358=CARTESIAN_POINT('',(4.1500000000005,41.4999999999907,5.7500000000057));
#4359=CARTESIAN_POINT('',(4.1500000000005,41.4999999999907,5.7500000000057));
#4360=VECTOR('',#5413,1.0);
#4361=CARTESIAN_POINT('',(4.1500000000005,41.4999999999906,11.4883711980723));
#4362=VECTOR('',#5414,1.0);
#4363=COLOUR_RGB('',0.462745130062103,0.407843172550201,0.603921592235565);
#4364=CARTESIAN_POINT('',(5.00932628710871E-13,40.2022758663956,5.40227586641055));
#4365=CARTESIAN_POINT('',(4.90274487674469E-13,-10.3432783677118,-8.14136457160076));
#4366=VECTOR('',#5415,1.0);
#4367=CARTESIAN_POINT('',(4.1500000000005,40.2022758663956,5.40227586641055));
#4368=CARTESIAN_POINT('',(4.1500000000005,40.2022758663956,5.40227586641054));
#4369=VECTOR('',#5416,1.0);
#4370=CARTESIAN_POINT('',(4.15000000000049,-10.3432783677118,-8.14136457160076));
#4371=VECTOR('',#5417,1.0);
#4372=COLOUR_RGB('',0.462745130062103,0.407843172550201,0.603921592235565);
#4373=CARTESIAN_POINT('',(4.89386309254769E-13,0.999999999999773,16.6237071950112));
#4374=CARTESIAN_POINT('',(4.15000000000049,0.999999999999776,16.6237071950112));
#4375=CARTESIAN_POINT('',(-0.415002399999534,0.999999999999773,16.6237071950112));
#4376=VECTOR('',#5418,1.0);
#4377=CARTESIAN_POINT('',(4.89386309254769E-13,0.99999999999978,12.8500000000001));
#4378=CARTESIAN_POINT('',(4.90274487674469E-13,0.99999999999978,7.40000000000275));
#4379=VECTOR('',#5419,1.0);
#4380=CARTESIAN_POINT('',(4.15000000000049,0.99999999999978,12.8500000000001));
#4381=CARTESIAN_POINT('',(4.15000000000049,0.99999999999978,12.8500000000001));
#4382=VECTOR('',#5420,1.0);
#4383=CARTESIAN_POINT('',(4.15000000000049,0.99999999999978,7.40000000000275));
#4384=VECTOR('',#5421,1.0);
#4385=COLOUR_RGB('',0.462745130062103,0.407843172550201,0.603921592235565);
#4386=CARTESIAN_POINT('',(5.00932628710871E-13,38.8499999999907,4.05000000000559));
#4387=CARTESIAN_POINT('',(5.00932628710871E-13,45.7647283947379,10.9647283947531));
#4388=VECTOR('',#5422,1.0);
#4389=CARTESIAN_POINT('',(4.1500000000005,38.8499999999907,4.05000000000559));
#4390=CARTESIAN_POINT('',(4.1500000000005,38.8499999999907,4.05000000000559));
#4391=VECTOR('',#5423,1.0);
#4392=CARTESIAN_POINT('',(4.1500000000005,45.7647283947379,10.9647283947531));
#4393=VECTOR('',#5424,1.0);
#4394=COLOUR_RGB('',0.462745130062103,0.407843172550201,0.603921592235565);
#4395=CARTESIAN_POINT('',(4.15000000000049,4.17272727271251,9.4923779914682));
#4396=CARTESIAN_POINT('',(4.91162666094169E-13,4.17272727271251,9.4923779914682));
#4397=CARTESIAN_POINT('',(4.15000000000049,4.17272727271251,9.4923779914682));
#4398=VECTOR('',#5425,1.0);
#4399=AXIS2_PLACEMENT_3D('',#5426,#5427,#5428);
#4400=AXIS2_PLACEMENT_3D('',#5429,#5430,#5431);
#4401=AXIS2_PLACEMENT_3D('',#5432,#5433,#5434);
#4402=COLOUR_RGB('',0.462745130062103,0.407843172550201,0.603921592235565);
#4403=CARTESIAN_POINT('',(5.00932628710871E-13,38.8499999999907,2.39999999999715));
#4404=CARTESIAN_POINT('',(4.9915627187147E-13,38.8499999999905,11.813750284465));
#4405=VECTOR('',#5435,1.0);
#4406=CARTESIAN_POINT('',(4.1500000000005,38.8499999999907,2.39999999999715));
#4407=CARTESIAN_POINT('',(4.1500000000005,38.8499999999907,2.39999999999715));
#4408=VECTOR('',#5436,1.0);
#4409=CARTESIAN_POINT('',(4.1500000000005,38.8499999999905,11.813750284465));
#4410=VECTOR('',#5437,1.0);
#4411=COLOUR_RGB('',0.462745130062103,0.407843172550201,0.603921592235565);
#4412=CARTESIAN_POINT('',(0.500000000000011,1.51533961303491,17.5809786405305));
#4413=CARTESIAN_POINT('',(0.500000000000005,11.7213210951228,23.7133509916302));
#4414=CARTESIAN_POINT('',(0.500000000000004,20.9736113967685,29.2726878696893));
#4415=VECTOR('',#5438,1.0);
#4416=CARTESIAN_POINT('',(3.65000000000052,1.51533961303489,17.5809786405305));
#4417=CARTESIAN_POINT('',(-0.415002399999534,1.5153396130349,17.5809786405305));
#4418=VECTOR('',#5439,1.0);
#4419=CARTESIAN_POINT('',(3.65000000000051,11.5638795284316,23.6187505544076));
#4420=CARTESIAN_POINT('',(3.65000000000051,20.9736113967685,29.2726878696893));
#4421=VECTOR('',#5440,1.0);
#4422=CARTESIAN_POINT('',(3.40000000000151,13.2801668219377,24.6500000000108));
#4423=CARTESIAN_POINT('',(2.58503836752474,18.8750000000195,28.0117149267428));
#4424=VECTOR('',#5441,1.0);
#4425=CARTESIAN_POINT('',(2.77500000000101,13.2801668219376,24.6500000000108));
#4426=VECTOR('',#5442,1.0);
#4427=CARTESIAN_POINT('',(4.63017844143765,18.8750000000195,28.0117149267428));
#4428=VECTOR('',#5443,1.0);
#4429=COLOUR_RGB('',0.462745130062103,0.407843172550201,0.603921592235565);
#4430=CARTESIAN_POINT('',(5.01820807130571E-13,40.5304980916928,-1.06226138996135E-12));
#4431=CARTESIAN_POINT('',(4.9737991503207E-13,31.6384066966282,12.6992226016286));
#4432=VECTOR('',#5444,1.0);
#4433=CARTESIAN_POINT('',(4.1500000000005,40.5304980916928,-1.06137321154165E-12));
#4434=CARTESIAN_POINT('',(4.1500000000005,40.5304980916928,-1.06048503312195E-12));
#4435=VECTOR('',#5445,1.0);
#4436=CARTESIAN_POINT('',(4.1500000000005,31.6384066966282,12.6992226016286));
#4437=VECTOR('',#5446,1.0);
#4438=COLOUR_RGB('',0.462745130062103,0.407843172550201,0.603921592235565);
#4439=AXIS2_PLACEMENT_3D('',#5447,#5448,#5449);
#4440=COLOUR_RGB('',0.462745130062103,0.407843172550201,0.603921592235565);
#4441=CARTESIAN_POINT('',(5.01820807130571E-13,41.5999999999998,-1.03916875104915E-12));
#4442=CARTESIAN_POINT('',(4.89386309254769E-13,-9.34364449363764,-2.1360690993788E-12));
#4443=VECTOR('',#5450,1.0);
#4444=CARTESIAN_POINT('',(4.1500000000005,41.5999999999998,-1.03828057262945E-12));
#4445=CARTESIAN_POINT('',(4.1500000000005,41.5999999999999,-1.03739239420975E-12));
#4446=VECTOR('',#5451,1.0);
#4447=CARTESIAN_POINT('',(4.15000000000049,-9.34364449363764,-2.1351809209591E-12));
#4448=VECTOR('',#5452,1.0);
#4449=COLOUR_RGB('',0.462745130062103,0.407843172550201,0.603921592235565);
#4450=CARTESIAN_POINT('',(4.87609952415369E-13,-7.76586288603504,12.8500000000001));
#4451=VECTOR('',#5453,1.0);
#4452=CARTESIAN_POINT('',(4.1500000000005,20.9736113967685,12.8500000000001));
#4453=VECTOR('',#5454,1.0);
#4454=COLOUR_RGB('',0.462745130062103,0.407843172550201,0.603921592235565);
#4455=CARTESIAN_POINT('',(5.02708985550271E-13,47.9999999999997,6.39999999999908));
#4456=CARTESIAN_POINT('',(5.02708985550271E-13,51.8210995248747,10.2210995248742));
#4457=VECTOR('',#5455,1.0);
#4458=CARTESIAN_POINT('',(4.1500000000005,47.9999999999997,6.39999999999908));
#4459=CARTESIAN_POINT('',(4.1500000000005,47.9999999999997,6.39999999999909));
#4460=VECTOR('',#5456,1.0);
#4461=CARTESIAN_POINT('',(4.1500000000005,51.8210995248747,10.2210995248742));
#4462=VECTOR('',#5457,1.0);
#4463=COLOUR_RGB('',0.462745130062103,0.407843172550201,0.603921592235565);
#4464=CARTESIAN_POINT('',(4.1500000000005,45.7999999999995,36.4500000000094));
#4465=CARTESIAN_POINT('',(4.9649173661237E-13,45.7999999999995,36.4500000000094));
#4466=CARTESIAN_POINT('',(4.1500000000005,45.7999999999995,36.4500000000094));
#4467=VECTOR('',#5458,1.0);
#4468=CARTESIAN_POINT('',(4.9649173661237E-13,45.7999999999995,37.6500000000088));
#4469=CARTESIAN_POINT('',(5.00932628710871E-13,45.7999999999995,10.9603975861887));
#4470=VECTOR('',#5459,1.0);
#4471=CARTESIAN_POINT('',(4.1500000000005,45.7999999999995,37.6500000000088));
#4472=CARTESIAN_POINT('',(4.1500000000005,45.7999999999995,37.6500000000088));
#4473=VECTOR('',#5460,1.0);
#4474=CARTESIAN_POINT('',(4.1500000000005,45.7999999999995,10.9603975861887));
#4475=VECTOR('',#5461,1.0);
#4476=COLOUR_RGB('',0.462745130062103,0.407843172550201,0.603921592235565);
#4477=CARTESIAN_POINT('',(0.825000000000973,23.1500000000419,40.3500000000106));
#4478=CARTESIAN_POINT('',(3.32500000000097,23.1500000000414,40.3500000000106));
#4479=CARTESIAN_POINT('',(4.15000000000049,23.1500000000412,40.3500000000106));
#4480=VECTOR('',#5462,1.0);
#4481=CARTESIAN_POINT('',(0.825000000000977,23.1500000000419,28.3500000000108));
#4482=CARTESIAN_POINT('',(0.825000000000977,23.1500000000419,28.3500000000108));
#4483=VECTOR('',#5463,1.0);
#4484=CARTESIAN_POINT('',(3.32500000000098,23.1500000000414,28.3500000000108));
#4485=CARTESIAN_POINT('',(4.65000000002122,23.1500000000411,28.3500000000108));
#4486=VECTOR('',#5464,1.0);
#4487=CARTESIAN_POINT('',(3.32500000000098,23.1500000000414,28.3500000000108));
#4488=VECTOR('',#5465,1.0);
#4489=COLOUR_RGB('',0.462745130062103,0.407843172550201,0.603921592235565);
#4490=CARTESIAN_POINT('',(3.65000000000051,2.44343916939514,36.102332835474));
#4491=CARTESIAN_POINT('',(0.500000000000002,2.44343916939514,36.102332835474));
#4492=CARTESIAN_POINT('',(4.15000000000049,2.44343916939514,36.102332835474));
#4493=VECTOR('',#5466,1.0);
#4494=CARTESIAN_POINT('',(0.500000000000004,11.7213210951228,28.0371931224116));
#4495=CARTESIAN_POINT('',(0.500000000000005,18.8750000000195,21.8185949237872));
#4496=VECTOR('',#5467,1.0);
#4497=CARTESIAN_POINT('',(0.790368592922414,12.2242542509867,27.6000000000108));
#4498=CARTESIAN_POINT('',(4.63017844143765,18.8750000000195,21.8185949237872));
#4499=VECTOR('',#5468,1.0);
#4500=CARTESIAN_POINT('',(3.55380766596483,12.2242542509867,27.6000000000108));
#4501=CARTESIAN_POINT('',(4.15000000000049,12.2242542509867,27.6000000000108));
#4502=VECTOR('',#5469,1.0);
#4503=CARTESIAN_POINT('',(3.65000000000051,11.5638795284316,28.1740549883173));
#4504=CARTESIAN_POINT('',(2.58503836752475,18.8750000000195,21.8185949237872));
#4505=VECTOR('',#5470,1.0);
#4506=CARTESIAN_POINT('',(3.65000000000051,18.8750000000195,21.8185949237872));
#4507=VECTOR('',#5471,1.0);
#4508=COLOUR_RGB('',0.462745130062103,0.407843172550201,0.603921592235565);
#4509=CARTESIAN_POINT('',(0.500000000000002,43.7499999999994,31.3152050640351));
#4510=CARTESIAN_POINT('',(0.500000000000003,45.0159356899765,35.3302401184924));
#4511=AXIS2_PLACEMENT_3D('',#5472,#5473,#5474);
#4512=CARTESIAN_POINT('',(4.9737991503207E-13,43.7499999999994,31.3152050640351));
#4513=CARTESIAN_POINT('',(-0.415002399999537,43.7499999999994,31.3152050640351));
#4514=VECTOR('',#5475,1.0);
#4515=CARTESIAN_POINT('',(4.9649173661237E-13,45.0159356899765,35.3302401184924));
#4516=AXIS2_PLACEMENT_3D('',#5476,#5477,#5478);
#4517=CARTESIAN_POINT('',(-0.415002399999538,45.0159356899765,35.3302401184924));
#4518=VECTOR('',#5479,1.0);
#4519=COLOUR_RGB('',0.462745130062103,0.407843172550201,0.603921592235565);
#4520=CARTESIAN_POINT('',(3.65000000000051,46.484660386964,17.5809786405306));
#4521=CARTESIAN_POINT('',(0.5,46.484660386964,17.5809786405306));
#4522=CARTESIAN_POINT('',(-0.415002399999534,46.484660386964,17.5809786405306));
#4523=VECTOR('',#5480,1.0);
#4524=CARTESIAN_POINT('',(3.65000000000051,44.3084189241669,23.6955626286181));
#4525=AXIS2_PLACEMENT_3D('',#5481,#5482,#5483);
#4526=CARTESIAN_POINT('',(4.1500000000005,44.3084189241669,23.6955626286181));
#4527=CARTESIAN_POINT('',(-0.415002399999536,44.3084189241669,23.6955626286181));
#4528=VECTOR('',#5484,1.0);
#4529=CARTESIAN_POINT('',(4.1500000000005,47.9999999999997,15.0059154632466));
#4530=AXIS2_PLACEMENT_3D('',#5485,#5486,#5487);
#4531=CARTESIAN_POINT('',(5.00932628710871E-13,47.9999999999997,15.0059154632466));
#4532=CARTESIAN_POINT('',(-0.415002399999533,47.9999999999997,15.0059154632466));
#4533=VECTOR('',#5488,1.0);
#4534=CARTESIAN_POINT('',(4.9737991503207E-13,43.7500000000011,28.9500002306289));
#4535=AXIS2_PLACEMENT_3D('',#5489,#5490,#5491);
#4536=CARTESIAN_POINT('',(0.499999999999997,43.7500000000011,28.9500002306289));
#4537=CARTESIAN_POINT('',(-0.415002399999537,43.7499999999994,28.9500002306289));
#4538=VECTOR('',#5492,1.0);
#4539=AXIS2_PLACEMENT_3D('',#5493,#5494,#5495);
#4540=COLOUR_RGB('',0.462745130062103,0.407843172550201,0.603921592235565);
#4541=CARTESIAN_POINT('',(3.65000000000051,4.24999999999954,31.3152050640351));
#4542=CARTESIAN_POINT('',(3.65000000000051,2.98406431002246,35.3302401184924));
#4543=AXIS2_PLACEMENT_3D('',#5496,#5497,#5498);
#4544=CARTESIAN_POINT('',(3.65000000000052,22.5410289849962,7.40000000000275));
#4545=VECTOR('',#5499,1.0);
#4546=CARTESIAN_POINT('',(3.65000000000051,11.5638795284316,12.1101374224349));
#4547=VECTOR('',#5500,1.0);
#4548=CARTESIAN_POINT('',(3.65000000000051,3.69158107583201,23.6955626286181));
#4549=AXIS2_PLACEMENT_3D('',#5501,#5502,#5503);
#4550=CARTESIAN_POINT('',(3.65000000000051,8.00000000001928,24.8500000000091));
#4551=CARTESIAN_POINT('',(3.65000000000051,20.9736113967685,28.3262686966832));
#4552=VECTOR('',#5504,1.0);
#4553=CARTESIAN_POINT('',(3.65000000000051,8.00000000001928,27.9500000000091));
#4554=CARTESIAN_POINT('',(3.65000000000052,8.00000000001928,7.40000000000275));
#4555=VECTOR('',#5505,1.0);
#4556=CARTESIAN_POINT('',(3.65000000000051,4.24999999999954,28.954809471631));
#4557=CARTESIAN_POINT('',(3.65000000000051,20.9736113967685,24.4737313033349));
#4558=VECTOR('',#5506,1.0);
#4559=CARTESIAN_POINT('',(3.65000000000052,4.24999999999955,7.40000000000275));
#4560=VECTOR('',#5507,1.0);
#4561=COLOUR_RGB('',0.462745130062103,0.407843172550201,0.603921592235565);
#4562=CARTESIAN_POINT('',(1.40000000000151,34.7198331780614,27.3500000000109));
#4563=CARTESIAN_POINT('',(1.33928190602378,34.8250000017695,27.3500000000109));
#4564=CARTESIAN_POINT('',(4.63017844143765,29.1249999999795,27.3500000000109));
#4565=VECTOR('',#5508,1.0);
#4566=CARTESIAN_POINT('',(1.40000000000149,34.7198331780614,24.6500000000108));
#4567=CARTESIAN_POINT('',(1.40000000000152,34.7198331780614,12.3208710041513));
#4568=VECTOR('',#5509,1.0);
#4569=CARTESIAN_POINT('',(0.500000000000004,36.2786789048762,23.7133509916302));
#4570=CARTESIAN_POINT('',(4.63017844143765,29.1249999999795,28.0117149267428));
#4571=VECTOR('',#5510,1.0);
#4572=CARTESIAN_POINT('',(0.500000000000005,36.2786789048762,28.0371931224116));
#4573=CARTESIAN_POINT('',(0.500000000000004,36.2786789048762,25.925000000014));
#4574=VECTOR('',#5511,1.0);
#4575=CARTESIAN_POINT('',(0.790368592922422,35.7757457490122,27.6000000000108));
#4576=CARTESIAN_POINT('',(4.63017844143765,29.1249999999795,21.8185949237872));
#4577=VECTOR('',#5512,1.0);
#4578=CARTESIAN_POINT('',(0.942717699063971,35.5118693566873,27.6000000000108));
#4579=CARTESIAN_POINT('',(9.33638484577005,20.9736113967685,27.6000000000108));
#4580=VECTOR('',#5513,1.0);
#4581=CARTESIAN_POINT('',(9.33638484577005,20.9736113967685,22.308506844934));
#4582=VECTOR('',#5514,1.0);
#4583=COLOUR_RGB('',0.462745130062103,0.407843172550201,0.603921592235565);
#4584=CARTESIAN_POINT('',(3.65000000000051,36.4361204715674,23.6187505544076));
#4585=CARTESIAN_POINT('',(3.65000000000051,20.9736113967685,32.9095633287931));
#4586=VECTOR('',#5515,1.0);
#4587=CARTESIAN_POINT('',(3.65000000000051,36.4361204715674,28.1740549883173));
#4588=CARTESIAN_POINT('',(3.65000000000051,36.4361204715674,12.1101374224349));
#4589=VECTOR('',#5516,1.0);
#4590=CARTESIAN_POINT('',(3.65000000000051,45.5565608306038,36.1023328354741));
#4591=CARTESIAN_POINT('',(3.65000000000051,29.1249999999795,21.8185949237872));
#4592=VECTOR('',#5517,1.0);
#4593=CARTESIAN_POINT('',(3.65000000000051,45.0159356899766,35.3302401184926));
#4594=CARTESIAN_POINT('',(3.65000000000052,25.4589710150027,7.40000000000275));
#4595=VECTOR('',#5518,1.0);
#4596=CARTESIAN_POINT('',(3.65000000000051,43.7499999999994,31.3152050640351));
#4597=AXIS2_PLACEMENT_3D('',#5519,#5520,#5521);
#4598=CARTESIAN_POINT('',(3.65000000000051,43.7499999999994,28.954809471631));
#4599=CARTESIAN_POINT('',(3.65000000000052,43.7499999999994,7.40000000000275));
#4600=VECTOR('',#5522,1.0);
#4601=CARTESIAN_POINT('',(3.65000000000051,39.9999999999797,27.9500000000091));
#4602=CARTESIAN_POINT('',(3.65000000000051,29.1249999999795,25.0360525323205));
#4603=VECTOR('',#5523,1.0);
#4604=CARTESIAN_POINT('',(3.65000000000051,39.9999999999797,24.8500000000091));
#4605=CARTESIAN_POINT('',(3.65000000000051,39.9999999999797,25.925000000014));
#4606=VECTOR('',#5524,1.0);
#4607=CARTESIAN_POINT('',(3.65000000000051,20.9736113967685,29.9481054611202));
#4608=VECTOR('',#5525,1.0);
#4609=COLOUR_RGB('',0.462745130062103,0.407843172550201,0.603921592235565);
#4610=CARTESIAN_POINT('',(0.500000000000002,20.9736113967685,32.9095633287931));
#4611=VECTOR('',#5526,1.0);
#4612=CARTESIAN_POINT('',(3.40000000000151,34.7198331780613,24.6500000000108));
#4613=CARTESIAN_POINT('',(2.77500000000101,34.7198331780614,24.6500000000109));
#4614=VECTOR('',#5527,1.0);
#4615=CARTESIAN_POINT('',(2.58503836752474,29.1249999999795,28.0117149267428));
#4616=VECTOR('',#5528,1.0);
#4617=COLOUR_RGB('',0.462745130062103,0.407843172550201,0.603921592235565);
#4618=CARTESIAN_POINT('',(3.40000000000151,13.2801668219376,27.3500000000109));
#4619=CARTESIAN_POINT('',(3.40000000000151,13.2801668219377,25.925000000014));
#4620=VECTOR('',#5529,1.0);
#4621=CARTESIAN_POINT('',(3.51537057049059,12.4881306452347,27.6000000000108));
#4622=CARTESIAN_POINT('',(2.2793477927764,20.9736113967685,27.6000000000108));
#4623=VECTOR('',#5530,1.0);
#4624=CARTESIAN_POINT('',(3.41531894198322,13.1750000000446,27.3500000000109));
#4625=CARTESIAN_POINT('',(2.2793477927764,20.9736113967685,24.5115375827721));
#4626=VECTOR('',#5531,1.0);
#4627=CARTESIAN_POINT('',(2.58503836752474,18.8750000000195,27.3500000000109));
#4628=VECTOR('',#5532,1.0);
#4629=COLOUR_RGB('',0.462745130062103,0.407843172550201,0.603921592235565);
#4630=CARTESIAN_POINT('',(4.1500000000005,47.9999999999997,7.40000000000275));
#4631=VECTOR('',#5533,1.0);
#4632=CARTESIAN_POINT('',(5.01820807130571E-13,47.9999999999997,7.40000000000275));
#4633=VECTOR('',#5534,1.0);
#4634=COLOUR_RGB('',0.462745130062103,0.407843172550201,0.603921592235565);
#4635=CARTESIAN_POINT('',(0.500000000000004,11.7213210951228,25.925000000014));
#4636=VECTOR('',#5535,1.0);
#4637=CARTESIAN_POINT('',(0.500000000000004,2.98406431002247,35.3302401184924));
#4638=CARTESIAN_POINT('',(0.500000000000008,22.5410289849962,7.40000000000275));
#4639=VECTOR('',#5536,1.0);
#4640=CARTESIAN_POINT('',(0.500000000000005,4.24999999999954,31.3152050640351));
#4641=AXIS2_PLACEMENT_3D('',#5537,#5538,#5539);
#4642=CARTESIAN_POINT('',(0.50000000000001,4.24999999999785,28.9500002306289));
#4643=CARTESIAN_POINT('',(0.500000000000008,4.24999999999955,7.40000000000275));
#4644=VECTOR('',#5540,1.0);
#4645=AXIS2_PLACEMENT_3D('',#5541,#5542,#5543);
#4646=COLOUR_RGB('',0.462745130062103,0.407843172550201,0.603921592235565);
#4647=AXIS2_PLACEMENT_3D('',#5544,#5545,#5546);
#4648=AXIS2_PLACEMENT_3D('',#5547,#5548,#5549);
#4649=COLOUR_RGB('',0.462745130062103,0.407843172550201,0.603921592235565);
#4650=CARTESIAN_POINT('',(4.1500000000005,45.0159356899766,35.3302401184926));
#4651=CARTESIAN_POINT('',(4.1500030000005,45.0159356899766,35.3302401184926));
#4652=VECTOR('',#5550,1.0);
#4653=CARTESIAN_POINT('',(0.500000000000004,45.5565608306038,36.1023328354741));
#4654=CARTESIAN_POINT('',(4.1500000000005,45.5565608306038,36.102332835474));
#4655=VECTOR('',#5551,1.0);
#4656=CARTESIAN_POINT('',(0.500000000000007,25.4589710150027,7.40000000000275));
#4657=VECTOR('',#5552,1.0);
#4658=CARTESIAN_POINT('',(4.9649173661237E-13,25.4589710150027,7.40000000000275));
#4659=VECTOR('',#5553,1.0);
#4660=CARTESIAN_POINT('',(4.1500000000005,25.4589710150027,7.40000000000275));
#4661=VECTOR('',#5554,1.0);
#4662=COLOUR_RGB('',0.462745130062103,0.407843172550201,0.603921592235565);
#4663=CARTESIAN_POINT('',(1.40000000000151,34.2249999999837,27.3500000000109));
#4664=CARTESIAN_POINT('',(1.40000000000151,29.1249999999795,27.3500000000109));
#4665=VECTOR('',#5555,1.0);
#4666=CARTESIAN_POINT('',(1.40000000000151,34.2249999999837,24.6500000000109));
#4667=CARTESIAN_POINT('',(1.40000000000152,34.2249999999837,7.40000000000275));
#4668=VECTOR('',#5556,1.0);
#4669=CARTESIAN_POINT('',(1.40000000000151,29.1249999999795,24.6500000000109));
#4670=VECTOR('',#5557,1.0);
#4671=COLOUR_RGB('',0.462745130062103,0.407843172550201,0.603921592235565);
#4672=CARTESIAN_POINT('',(0.500000000000007,43.7499999999994,7.40000000000275));
#4673=VECTOR('',#5558,1.0);
#4674=CARTESIAN_POINT('',(5.00932628710871E-13,43.7499999999994,7.40000000000275));
#4675=VECTOR('',#5559,1.0);
#4676=COLOUR_RGB('',0.462745130062103,0.407843172550201,0.603921592235565);
#4677=CARTESIAN_POINT('',(3.40000000000151,29.1249999999795,24.6500000000108));
#4678=CARTESIAN_POINT('',(1.40000000000151,29.1249999999795,24.6500000000108));
#4679=CARTESIAN_POINT('',(2.77500000000101,29.1249999999795,24.6500000000108));
#4680=VECTOR('',#5560,1.0);
#4681=CARTESIAN_POINT('',(1.40000000000151,29.1249999999795,27.3500000000109));
#4682=CARTESIAN_POINT('',(1.40000000000151,29.1249999999795,25.925000000014));
#4683=VECTOR('',#5561,1.0);
#4684=CARTESIAN_POINT('',(3.40000000000151,29.1249999999795,27.3500000000109));
#4685=CARTESIAN_POINT('',(2.77500000000101,29.1249999999795,27.3500000000109));
#4686=VECTOR('',#5562,1.0);
#4687=CARTESIAN_POINT('',(3.40000000000151,29.1249999999795,25.925000000014));
#4688=VECTOR('',#5563,1.0);
#4689=COLOUR_RGB('',0.462745130062103,0.407843172550201,0.603921592235565);
#4690=CARTESIAN_POINT('',(4.9560355819267E-13,44.2082245717676,39.2417754282407));
#4691=CARTESIAN_POINT('',(4.77839989798667E-13,0.804007416155663,82.6459925838526));
#4692=VECTOR('',#5564,1.0);
#4693=CARTESIAN_POINT('',(4.1500000000005,44.2082245717676,39.2417754282407));
#4694=CARTESIAN_POINT('',(4.1500000000005,44.2082245717676,39.2417754282407));
#4695=VECTOR('',#5565,1.0);
#4696=CARTESIAN_POINT('',(4.15000000000048,0.804007416155663,82.6459925838526));
#4697=VECTOR('',#5566,1.0);
#4698=COLOUR_RGB('',0.462745130062103,0.407843172550201,0.603921592235565);
#4699=CARTESIAN_POINT('',(0.500000000000005,29.1249999999795,21.8185949237872));
#4700=VECTOR('',#5567,1.0);
#4701=COLOUR_RGB('',0.462745130062103,0.407843172550201,0.603921592235565);
#4702=CARTESIAN_POINT('',(4.9560355819267E-13,42.0656536597914,38.4074267914219));
#4703=CARTESIAN_POINT('',(4.86721773995669E-13,-6.9725224283282,19.3112395228926));
#4704=VECTOR('',#5568,1.0);
#4705=CARTESIAN_POINT('',(4.1500000000005,42.0656536597914,38.4074267914219));
#4706=CARTESIAN_POINT('',(4.1500000000005,42.0656536597914,38.407426791422));
#4707=VECTOR('',#5569,1.0);
#4708=CARTESIAN_POINT('',(4.15000000000049,-6.9725224283282,19.3112395228926));
#4709=VECTOR('',#5570,1.0);
#4710=COLOUR_RGB('',0.462745130062103,0.407843172550201,0.603921592235565);
#4711=CARTESIAN_POINT('',(3.41531894224762,34.8250000017696,27.3500000000109));
#4712=CARTESIAN_POINT('',(3.40000000000151,34.7198331780613,27.3500000000109));
#4713=CARTESIAN_POINT('',(2.58503836752474,29.1249999999795,27.3500000000109));
#4714=VECTOR('',#5571,1.0);
#4715=CARTESIAN_POINT('',(3.5153705707707,35.5118693566873,27.6000000000108));
#4716=CARTESIAN_POINT('',(1.39768054083385,20.9736113967685,22.308506844934));
#4717=VECTOR('',#5572,1.0);
#4718=CARTESIAN_POINT('',(3.55380766596483,35.7757457490122,27.6000000000108));
#4719=CARTESIAN_POINT('',(1.39768054083385,20.9736113967685,27.6000000000108));
#4720=VECTOR('',#5573,1.0);
#4721=CARTESIAN_POINT('',(2.58503836752475,29.1249999999795,21.8185949237872));
#4722=VECTOR('',#5574,1.0);
#4723=CARTESIAN_POINT('',(3.40000000000151,34.7198331780613,25.925000000014));
#4724=VECTOR('',#5575,1.0);
#4725=COLOUR_RGB('',0.462745130062103,0.407843172550201,0.603921592235565);
#4726=CARTESIAN_POINT('',(4.9560355819267E-13,42.4389342456468,38.0341462055666));
#4727=CARTESIAN_POINT('',(4.78728168218368E-13,0.478459869128368,79.994620582085));
#4728=VECTOR('',#5576,1.0);
#4729=CARTESIAN_POINT('',(4.1500000000005,42.4389342456468,38.0341462055666));
#4730=CARTESIAN_POINT('',(4.1500000000005,42.4389342456468,38.0341462055666));
#4731=VECTOR('',#5577,1.0);
#4732=CARTESIAN_POINT('',(4.15000000000048,0.478459869128368,79.994620582085));
#4733=VECTOR('',#5578,1.0);
#4734=COLOUR_RGB('',0.462745130062103,0.407843172550201,0.603921592235565);
#4735=CARTESIAN_POINT('',(4.9560355819267E-13,41.6823299897774,37.2775419496972));
#4736=CARTESIAN_POINT('',(4.9382720135327E-13,18.6934513053364,14.2886632652561));
#4737=VECTOR('',#5579,1.0);
#4738=CARTESIAN_POINT('',(4.1500000000005,41.6823299897774,37.2775419496972));
#4739=CARTESIAN_POINT('',(4.1500000000005,41.6823299897774,37.2775419496972));
#4740=VECTOR('',#5580,1.0);
#4741=CARTESIAN_POINT('',(4.15000000000049,18.6934513053364,14.2886632652561));
#4742=VECTOR('',#5581,1.0);
#4743=COLOUR_RGB('',0.462745130062103,0.407843172550201,0.603921592235565);
#4744=CARTESIAN_POINT('',(4.9382720135327E-13,37.2098795987722,41.749992340702));
#4745=CARTESIAN_POINT('',(4.78728168218368E-13,0.312979643323011,78.6468922961467));
#4746=VECTOR('',#5582,1.0);
#4747=CARTESIAN_POINT('',(4.15000000000049,37.2098795987722,41.749992340702));
#4748=CARTESIAN_POINT('',(4.15000000000049,37.2098795987722,41.7499923407019));
#4749=VECTOR('',#5583,1.0);
#4750=CARTESIAN_POINT('',(4.15000000000048,0.312979643323011,78.6468922961467));
#4751=VECTOR('',#5584,1.0);
#4752=COLOUR_RGB('',0.462745130062103,0.407843172550201,0.603921592235565);
#4753=CARTESIAN_POINT('',(4.9382720135327E-13,37.9664838546419,42.5065965965716));
#4754=CARTESIAN_POINT('',(4.92050844513869E-13,10.7267397085748,15.2668524505045));
#4755=VECTOR('',#5585,1.0);
#4756=CARTESIAN_POINT('',(4.15000000000049,37.9664838546418,42.5065965965715));
#4757=CARTESIAN_POINT('',(4.15000000000049,37.9664838546418,42.5065965965716));
#4758=VECTOR('',#5586,1.0);
#4759=CARTESIAN_POINT('',(4.15000000000049,10.7267397085748,15.2668524505045));
#4760=VECTOR('',#5587,1.0);
#4761=COLOUR_RGB('',0.462745130062103,0.407843172550201,0.603921592235565);
#4762=CARTESIAN_POINT('',(4.9382720135327E-13,38.339764440497,42.1333160107163));
#4763=CARTESIAN_POINT('',(4.78728168218368E-13,0.478459869128361,79.9946205820849));
#4764=VECTOR('',#5588,1.0);
#4765=CARTESIAN_POINT('',(4.15000000000049,38.339764440497,42.1333160107163));
#4766=CARTESIAN_POINT('',(4.15000000000049,38.339764440497,42.1333160107163));
#4767=VECTOR('',#5589,1.0);
#4768=CARTESIAN_POINT('',(4.15000000000048,0.478459869128361,79.9946205820849));
#4769=VECTOR('',#5590,1.0);
#4770=COLOUR_RGB('',0.462745130062103,0.407843172550201,0.603921592235565);
#4771=CARTESIAN_POINT('',(3.40000000000151,34.2249999999837,24.6500000000108));
#4772=CARTESIAN_POINT('',(3.40000000000151,29.1249999999795,24.6500000000108));
#4773=VECTOR('',#5591,1.0);
#4774=CARTESIAN_POINT('',(3.40000000000151,34.2249999999837,27.3500000000109));
#4775=CARTESIAN_POINT('',(3.40000000000152,34.2249999999837,7.40000000000275));
#4776=VECTOR('',#5592,1.0);
#4777=CARTESIAN_POINT('',(3.40000000000151,29.1249999999795,27.3500000000109));
#4778=VECTOR('',#5593,1.0);
#4779=COLOUR_RGB('',0.462745130062103,0.407843172550201,0.603921592235565);
#4780=CARTESIAN_POINT('',(4.9382720135327E-13,39.1741130773148,44.275886922691));
#4781=CARTESIAN_POINT('',(4.9649173661237E-13,27.0949373655473,13.2570904884212));
#4782=VECTOR('',#5594,1.0);
#4783=CARTESIAN_POINT('',(4.15000000000049,39.1741130773149,44.275886922691));
#4784=CARTESIAN_POINT('',(4.15000000000049,39.1741130773148,44.275886922691));
#4785=VECTOR('',#5595,1.0);
#4786=CARTESIAN_POINT('',(4.1500000000005,27.0949373655473,13.2570904884212));
#4787=VECTOR('',#5596,1.0);
#4788=COLOUR_RGB('',0.462745130062103,0.407843172550201,0.603921592235565);
#4789=CARTESIAN_POINT('',(4.1500000000005,43.7499999999996,31.3152050640353));
#4790=CARTESIAN_POINT('',(4.56500540000055,43.7499999999994,31.3152050640351));
#4791=VECTOR('',#5597,1.0);
#4792=CARTESIAN_POINT('',(4.1500000000005,43.7499999999996,28.954809471631));
#4793=CARTESIAN_POINT('',(4.1500000000005,43.7499999999994,7.40000000000275));
#4794=VECTOR('',#5598,1.0);
#4795=CARTESIAN_POINT('',(4.1500000000005,43.7499999999994,28.954809471631));
#4796=VECTOR('',#5599,1.0);
#4797=COLOUR_RGB('',0.462745130062103,0.407843172550201,0.603921592235565);
#4798=CARTESIAN_POINT('',(4.9293902293357E-13,36.5999999999975,46.8500000000089));
#4799=CARTESIAN_POINT('',(4.77839989798667E-13,0.804007416156367,82.6459925838583));
#4800=VECTOR('',#5600,1.0);
#4801=CARTESIAN_POINT('',(4.15000000000049,36.5999999999975,46.8500000000089));
#4802=CARTESIAN_POINT('',(4.15000000000049,36.5999999999975,46.8500000000089));
#4803=VECTOR('',#5601,1.0);
#4804=CARTESIAN_POINT('',(4.15000000000048,0.804007416156367,82.6459925838583));
#4805=VECTOR('',#5602,1.0);
#4806=COLOUR_RGB('',0.462745130062103,0.407843172550201,0.603921592235565);
#4807=CARTESIAN_POINT('',(4.1500000000005,39.9999999999797,27.9500000000091));
#4808=CARTESIAN_POINT('',(2.77500000000101,39.9999999999797,27.9500000000091));
#4809=VECTOR('',#5603,1.0);
#4810=CARTESIAN_POINT('',(4.1500000000005,39.9999999999797,24.8500000000091));
#4811=CARTESIAN_POINT('',(4.1500000000005,39.9999999999797,7.40000000000275));
#4812=VECTOR('',#5604,1.0);
#4813=CARTESIAN_POINT('',(2.77500000000101,39.9999999999797,24.8500000000091));
#4814=VECTOR('',#5605,1.0);
#4815=COLOUR_RGB('',0.462745130062103,0.407843172550201,0.603921592235565);
#4816=CARTESIAN_POINT('',(4.91162666094169E-13,29.1999999999994,46.8500000000089));
#4817=CARTESIAN_POINT('',(4.83169060316868E-13,-3.59118781533521,46.8500000000089));
#4818=VECTOR('',#5606,1.0);
#4819=CARTESIAN_POINT('',(4.15000000000049,29.1999999999994,46.8500000000089));
#4820=CARTESIAN_POINT('',(4.15000000000049,29.1999999999994,46.8500000000089));
#4821=VECTOR('',#5607,1.0);
#4822=CARTESIAN_POINT('',(4.15000000000048,-3.59118781533521,46.8500000000089));
#4823=VECTOR('',#5608,1.0);
#4824=CARTESIAN_POINT('',(3.80000000000049,32.7635164806999,46.8500000000089));
#4825=CARTESIAN_POINT('',(3.80000000000049,20.9736113967685,46.8500000000089));
#4826=VECTOR('',#5609,1.0);
#4827=AXIS2_PLACEMENT_3D('',#5610,#5611,#5612);
#4828=COLOUR_RGB('',0.462745130062103,0.407843172550201,0.603921592235565);
#4829=CARTESIAN_POINT('',(4.1500000000005,34.2249999999837,24.6500000000108));
#4830=VECTOR('',#5613,1.0);
#4831=COLOUR_RGB('',0.462745130062103,0.407843172550201,0.603921592235565);
#4832=CARTESIAN_POINT('',(4.91162666094169E-13,27.9999999999738,43.5530270965932));
#4833=CARTESIAN_POINT('',(4.9382720135327E-13,17.4061710971006,14.4467214003833));
#4834=VECTOR('',#5614,1.0);
#4835=CARTESIAN_POINT('',(4.15000000000049,27.9999999999738,43.5530270965932));
#4836=CARTESIAN_POINT('',(4.15000000000049,27.9999999999738,43.5530270965932));
#4837=VECTOR('',#5615,1.0);
#4838=CARTESIAN_POINT('',(4.15000000000049,17.4061710971006,14.4467214003833));
#4839=VECTOR('',#5616,1.0);
#4840=COLOUR_RGB('',0.462745130062103,0.407843172550201,0.603921592235565);
#4841=CARTESIAN_POINT('',(4.15000000000049,20.9736113967685,22.8518945388979));
#4842=VECTOR('',#5617,1.0);
#4843=COLOUR_RGB('',0.462745130062103,0.407843172550201,0.603921592235565);
#4844=CARTESIAN_POINT('',(4.92050844513869E-13,27.9999999999738,40.3500000000106));
#4845=CARTESIAN_POINT('',(4.9649173661237E-13,27.9999999999738,13.1459627702635));
#4846=VECTOR('',#5618,1.0);
#4847=CARTESIAN_POINT('',(0.825000000017545,27.9999999999738,40.3500000000106));
#4848=CARTESIAN_POINT('',(4.15000000000049,27.9999999999738,40.3500000000106));
#4849=VECTOR('',#5619,1.0);
#4850=CARTESIAN_POINT('',(0.825000000017551,27.9999999999769,28.3500000000108));
#4851=CARTESIAN_POINT('',(0.825000000017551,27.9999999999769,28.3500000000108));
#4852=VECTOR('',#5620,1.0);
#4853=CARTESIAN_POINT('',(3.32500000000036,27.9999999999746,28.3500000000108));
#4854=CARTESIAN_POINT('',(4.65000000002196,27.9999999999734,28.3500000000108));
#4855=VECTOR('',#5621,1.0);
#4856=CARTESIAN_POINT('',(3.32500000000035,27.9999999999738,40.3500000000106));
#4857=CARTESIAN_POINT('',(3.32500000000036,27.9999999999746,28.3500000000108));
#4858=VECTOR('',#5622,1.0);
#4859=CARTESIAN_POINT('',(4.15000000000049,27.9999999999738,40.3500000000106));
#4860=CARTESIAN_POINT('',(4.15000000000049,27.9999999999738,40.3500000000106));
#4861=VECTOR('',#5623,1.0);
#4862=CARTESIAN_POINT('',(4.1500000000005,27.9999999999738,13.1459627702635));
#4863=VECTOR('',#5624,1.0);
#4864=COLOUR_RGB('',0.462745130062103,0.407843172550201,0.603921592235565);
#4865=CARTESIAN_POINT('',(4.90274487674469E-13,20.0000000000251,40.3500000000106));
#4866=CARTESIAN_POINT('',(4.9737991503207E-13,52.3892874612028,40.3500000000106));
#4867=VECTOR('',#5625,1.0);
#4868=CARTESIAN_POINT('',(0.825000000000354,20.0000000000221,40.3500000000106));
#4869=CARTESIAN_POINT('',(4.15000000000049,20.0000000000251,40.3500000000106));
#4870=VECTOR('',#5626,1.0);
#4871=CARTESIAN_POINT('',(0.825000000000545,20.9736113967685,40.3500000000106));
#4872=VECTOR('',#5627,1.0);
#4873=CARTESIAN_POINT('',(3.32500000000035,20.0000000000244,40.3500000000106));
#4874=CARTESIAN_POINT('',(3.32500000000055,20.9736113967685,40.3500000000106));
#4875=VECTOR('',#5628,1.0);
#4876=CARTESIAN_POINT('',(4.15000000000049,20.0000000000251,40.3500000000106));
#4877=CARTESIAN_POINT('',(4.15000000000049,20.0000000000251,40.3500000000106));
#4878=VECTOR('',#5629,1.0);
#4879=CARTESIAN_POINT('',(4.1500000000005,52.3892874612028,40.3500000000106));
#4880=VECTOR('',#5630,1.0);
#4881=CARTESIAN_POINT('',(3.32500000000097,24.8499999999576,40.3500000000106));
#4882=CARTESIAN_POINT('',(3.32500000000173,20.9736113967685,40.3500000000106));
#4883=VECTOR('',#5631,1.0);
#4884=CARTESIAN_POINT('',(0.825000000016926,24.8499999999571,40.3500000000106));
#4885=CARTESIAN_POINT('',(4.15000000000049,24.8499999999577,40.3500000000106));
#4886=VECTOR('',#5632,1.0);
#4887=CARTESIAN_POINT('',(0.825000000016165,20.9736113967685,40.3500000000106));
#4888=VECTOR('',#5633,1.0);
#4889=COLOUR_RGB('',0.462745130062103,0.407843172550201,0.603921592235565);
#4890=CARTESIAN_POINT('',(4.89386309254769E-13,20.0000000000251,43.5530270965932));
#4891=CARTESIAN_POINT('',(4.9471537977297E-13,20.0000000000252,13.1459627702635));
#4892=VECTOR('',#5634,1.0);
#4893=CARTESIAN_POINT('',(4.15000000000049,20.0000000000251,43.5530270965932));
#4894=CARTESIAN_POINT('',(4.15000000000049,20.0000000000251,43.5530270965932));
#4895=VECTOR('',#5635,1.0);
#4896=CARTESIAN_POINT('',(4.1500000000005,20.0000000000252,13.1459627702635));
#4897=VECTOR('',#5636,1.0);
#4898=CARTESIAN_POINT('',(3.32500000000036,20.0000000000244,28.3500000000108));
#4899=CARTESIAN_POINT('',(3.32500000000036,20.0000000000244,28.3500000000108));
#4900=VECTOR('',#5637,1.0);
#4901=CARTESIAN_POINT('',(0.825000000000358,20.0000000000221,28.3500000000108));
#4902=CARTESIAN_POINT('',(4.65000000002196,20.0000000000256,28.3500000000108));
#4903=VECTOR('',#5638,1.0);
#4904=CARTESIAN_POINT('',(0.825000000000358,20.0000000000221,28.3500000000108));
#4905=VECTOR('',#5639,1.0);
#4906=COLOUR_RGB('',0.462745130062103,0.407843172550201,0.603921592235565);
#4907=CARTESIAN_POINT('',(4.15000000000049,20.9736113967685,29.9481054611202));
#4908=VECTOR('',#5640,1.0);
#4909=COLOUR_RGB('',0.462745130062103,0.407843172550201,0.603921592235565);
#4910=CARTESIAN_POINT('',(4.88498130835069E-13,18.7999999999996,46.8500000000089));
#4911=CARTESIAN_POINT('',(4.9649173661237E-13,30.5938289028983,14.4467214003833));
#4912=VECTOR('',#5641,1.0);
#4913=CARTESIAN_POINT('',(4.15000000000049,18.7999999999996,46.8500000000089));
#4914=CARTESIAN_POINT('',(4.15000000000049,18.7999999999996,46.8500000000089));
#4915=VECTOR('',#5642,1.0);
#4916=CARTESIAN_POINT('',(4.1500000000005,30.5938289028983,14.4467214003833));
#4917=VECTOR('',#5643,1.0);
#4918=COLOUR_RGB('',0.823529481887817,0.823529481887817,0.784313797950745);
#4919=CARTESIAN_POINT('',(3.40000000000151,29.1249999999795,27.3500000000109));
#4920=VECTOR('',#5644,1.0);
#4921=CARTESIAN_POINT('',(1.40000000000151,29.1249999999795,27.3500000000109));
#4922=VECTOR('',#5645,1.0);
#4923=CARTESIAN_POINT('',(4.1500000000005,34.8250000017695,27.3500000000109));
#4924=VECTOR('',#5646,1.0);
#4925=COLOUR_RGB('',0.462745130062103,0.407843172550201,0.603921592235565);
#4926=CARTESIAN_POINT('',(4.86721773995669E-13,11.4000000000014,46.8500000000089));
#4927=CARTESIAN_POINT('',(4.9649173661237E-13,51.5911878153342,46.8500000000089));
#4928=VECTOR('',#5647,1.0);
#4929=CARTESIAN_POINT('',(4.15000000000049,11.4000000000015,46.8500000000089));
#4930=CARTESIAN_POINT('',(4.15000000000049,11.4000000000014,46.8500000000089));
#4931=VECTOR('',#5648,1.0);
#4932=CARTESIAN_POINT('',(4.1500000000005,51.5911878153342,46.8500000000089));
#4933=VECTOR('',#5649,1.0);
#4934=CARTESIAN_POINT('',(3.80000000000049,15.2364835192991,46.8500000000089));
#4935=CARTESIAN_POINT('',(3.80000000000049,20.9736113967685,46.8500000000089));
#4936=VECTOR('',#5650,1.0);
#4937=AXIS2_PLACEMENT_3D('',#5651,#5652,#5653);
#4938=COLOUR_RGB('',0.462745130062103,0.407843172550201,0.603921592235565);
#4939=CARTESIAN_POINT('',(4.1500000000005,35.7757457490122,27.6000000000108));
#4940=VECTOR('',#5654,1.0);
#4941=COLOUR_RGB('',0.462745130062103,0.407843172550201,0.603921592235565);
#4942=CARTESIAN_POINT('',(4.86721773995669E-13,8.82588692268438,44.2758869226912));
#4943=CARTESIAN_POINT('',(4.89386309254769E-13,47.1959925838426,82.6459925838583));
#4944=VECTOR('',#5655,1.0);
#4945=CARTESIAN_POINT('',(4.15000000000049,8.82588692268439,44.2758869226912));
#4946=CARTESIAN_POINT('',(4.15000000000049,8.82588692268411,44.275886922691));
#4947=VECTOR('',#5656,1.0);
#4948=CARTESIAN_POINT('',(4.15000000000049,47.1959925838426,82.6459925838583));
#4949=VECTOR('',#5657,1.0);
#4950=COLOUR_RGB('',0.823529481887817,0.823529481887817,0.784313797950745);
#4951=CARTESIAN_POINT('',(3.40000000000151,18.8750000000195,24.6500000000108));
#4952=CARTESIAN_POINT('',(1.40000000000151,18.8750000000195,24.6500000000108));
#4953=CARTESIAN_POINT('',(2.77500000000101,18.8750000000195,24.6500000000108));
#4954=VECTOR('',#5658,1.0);
#4955=CARTESIAN_POINT('',(1.40000000000151,18.8750000000195,24.6500000000108));
#4956=VECTOR('',#5659,1.0);
#4957=CARTESIAN_POINT('',(3.40000000000151,13.7749999999837,24.6500000000108));
#4958=CARTESIAN_POINT('',(4.15000000000049,13.7749999999837,24.6500000000108));
#4959=VECTOR('',#5660,1.0);
#4960=CARTESIAN_POINT('',(3.40000000000151,18.8750000000195,24.6500000000108));
#4961=VECTOR('',#5661,1.0);
#4962=COLOUR_RGB('',0.462745130062103,0.407843172550201,0.603921592235565);
#4963=CARTESIAN_POINT('',(4.86721773995669E-13,9.66023555950199,42.1333160107164));
#4964=CARTESIAN_POINT('',(4.9471537977297E-13,20.9050626344517,13.2570904884212));
#4965=VECTOR('',#5662,1.0);
#4966=CARTESIAN_POINT('',(4.15000000000049,9.66023555950198,42.1333160107164));
#4967=CARTESIAN_POINT('',(4.15000000000049,9.66023555950197,42.1333160107163));
#4968=VECTOR('',#5663,1.0);
#4969=CARTESIAN_POINT('',(4.1500000000005,20.9050626344517,13.2570904884212));
#4970=VECTOR('',#5664,1.0);
#4971=COLOUR_RGB('',0.462745130062103,0.407843172550201,0.603921592235565);
#4972=CARTESIAN_POINT('',(3.40000000000151,18.8750000000195,27.3500000000109));
#4973=CARTESIAN_POINT('',(3.40000000000151,18.8750000000195,25.925000000014));
#4974=VECTOR('',#5665,1.0);
#4975=CARTESIAN_POINT('',(1.40000000000151,18.8750000000195,27.3500000000109));
#4976=CARTESIAN_POINT('',(2.77500000000101,18.8750000000195,27.3500000000109));
#4977=VECTOR('',#5666,1.0);
#4978=CARTESIAN_POINT('',(1.40000000000151,18.8750000000195,25.925000000014));
#4979=VECTOR('',#5667,1.0);
#4980=COLOUR_RGB('',0.462745130062103,0.407843172550201,0.603921592235565);
#4981=CARTESIAN_POINT('',(4.86721773995669E-13,10.0335161453572,42.5065965965716));
#4982=CARTESIAN_POINT('',(4.90274487674469E-13,47.5215401308706,79.994620582085));
#4983=VECTOR('',#5668,1.0);
#4984=CARTESIAN_POINT('',(4.15000000000049,10.0335161453571,42.5065965965716));
#4985=CARTESIAN_POINT('',(4.15000000000049,10.0335161453572,42.5065965965715));
#4986=VECTOR('',#5669,1.0);
#4987=CARTESIAN_POINT('',(4.15000000000049,47.5215401308706,79.994620582085));
#4988=VECTOR('',#5670,1.0);
#4989=COLOUR_RGB('',0.462745130062103,0.407843172550201,0.603921592235565);
#4990=CARTESIAN_POINT('',(4.87609952415369E-13,10.7901204012268,41.7499923407019));
#4991=CARTESIAN_POINT('',(4.9826809345177E-13,37.2732602914242,15.2668524505045));
#4992=VECTOR('',#5671,1.0);
#4993=CARTESIAN_POINT('',(4.15000000000049,10.7901204012268,41.7499923407019));
#4994=CARTESIAN_POINT('',(4.15000000000049,10.7901204012268,41.7499923407019));
#4995=VECTOR('',#5672,1.0);
#4996=CARTESIAN_POINT('',(4.1500000000005,37.2732602914242,15.2668524505045));
#4997=VECTOR('',#5673,1.0);
#4998=COLOUR_RGB('',0.462745130062103,0.407843172550201,0.603921592235565);
#4999=CARTESIAN_POINT('',(4.86721773995669E-13,6.31767001022153,37.2775419496972));
#5000=CARTESIAN_POINT('',(4.90274487674469E-13,47.6870203566759,78.6468922961467));
#5001=VECTOR('',#5674,1.0);
#5002=CARTESIAN_POINT('',(4.15000000000049,6.31767001022151,37.2775419496972));
#5003=CARTESIAN_POINT('',(4.15000000000049,6.31767001022153,37.2775419496972));
#5004=VECTOR('',#5675,1.0);
#5005=CARTESIAN_POINT('',(4.15000000000049,47.6870203566759,78.6468922961467));
#5006=VECTOR('',#5676,1.0);
#5007=COLOUR_RGB('',0.462745130062103,0.407843172550201,0.603921592235565);
#5008=CARTESIAN_POINT('',(4.86721773995669E-13,5.56106575435215,38.0341462055666));
#5009=CARTESIAN_POINT('',(4.9649173661237E-13,29.3065486946626,14.2886632652561));
#5010=VECTOR('',#5677,1.0);
#5011=CARTESIAN_POINT('',(4.15000000000049,5.56106575435213,38.0341462055666));
#5012=CARTESIAN_POINT('',(4.15000000000049,5.56106575435215,38.0341462055666));
#5013=VECTOR('',#5678,1.0);
#5014=CARTESIAN_POINT('',(4.1500000000005,29.3065486946626,14.2886632652561));
#5015=VECTOR('',#5679,1.0);
#5016=COLOUR_RGB('',0.462745130062103,0.407843172550201,0.603921592235565);
#5017=CARTESIAN_POINT('',(4.86721773995669E-13,5.93434634020754,38.4074267914219));
#5018=CARTESIAN_POINT('',(4.90274487674469E-13,47.5215401308706,79.994620582085));
#5019=VECTOR('',#5680,1.0);
#5020=CARTESIAN_POINT('',(4.15000000000049,5.93434634020754,38.4074267914219));
#5021=CARTESIAN_POINT('',(4.15000000000049,5.93434634020754,38.4074267914219));
#5022=VECTOR('',#5681,1.0);
#5023=CARTESIAN_POINT('',(4.15000000000049,47.5215401308706,79.994620582085));
#5024=VECTOR('',#5682,1.0);
#5025=COLOUR_RGB('',0.462745130062103,0.407843172550201,0.603921592235565);
#5026=CARTESIAN_POINT('',(3.40000000000151,13.7749999999837,27.3500000000109));
#5027=CARTESIAN_POINT('',(3.40000000000151,18.8750000000195,27.3500000000109));
#5028=VECTOR('',#5683,1.0);
#5029=CARTESIAN_POINT('',(3.40000000000152,13.7749999999837,7.40000000000275));
#5030=VECTOR('',#5684,1.0);
#5031=CARTESIAN_POINT('',(3.40000000000151,18.8750000000195,24.6500000000108));
#5032=VECTOR('',#5685,1.0);
#5033=COLOUR_RGB('',0.462745130062103,0.407843172550201,0.603921592235565);
#5034=CARTESIAN_POINT('',(4.85833595575969E-13,3.79177542823142,39.2417754282407));
#5035=CARTESIAN_POINT('',(4.15000000000049,3.79177542823139,39.2417754282407));
#5036=CARTESIAN_POINT('',(4.15000000000049,3.79177542823137,39.2417754282407));
#5037=VECTOR('',#5686,1.0);
#5038=CARTESIAN_POINT('',(4.1500000000005,54.9725224283272,19.3112395228926));
#5039=VECTOR('',#5687,1.0);
#5040=CARTESIAN_POINT('',(5.01820807130571E-13,54.9725224283272,19.3112395228926));
#5041=VECTOR('',#5688,1.0);
#5042=COLOUR_RGB('',0.823529481887817,0.823529481887817,0.784313797950745);
#5043=CARTESIAN_POINT('',(1.33928190707176,13.1750000000446,27.3500000000108));
#5044=CARTESIAN_POINT('',(4.15000000000049,13.1750000000446,27.3500000000109));
#5045=VECTOR('',#5689,1.0);
#5046=CARTESIAN_POINT('',(4.63017844143765,18.8750000000195,27.3500000000109));
#5047=VECTOR('',#5690,1.0);
#5048=CARTESIAN_POINT('',(1.40000000000151,18.8750000000195,27.3500000000109));
#5049=VECTOR('',#5691,1.0);
#5050=CARTESIAN_POINT('',(3.40000000000151,18.8750000000195,27.3500000000109));
#5051=VECTOR('',#5692,1.0);
#5052=COLOUR_RGB('',0.462745130062103,0.407843172550201,0.603921592235565);
#5053=CARTESIAN_POINT('',(4.85833595575969E-13,2.19999999999949,37.6500000000088));
#5054=CARTESIAN_POINT('',(4.89386309254769E-13,47.1959925838433,82.6459925838526));
#5055=VECTOR('',#5693,1.0);
#5056=CARTESIAN_POINT('',(4.15000000000049,2.19999999999949,37.6500000000088));
#5057=CARTESIAN_POINT('',(4.15000000000049,2.19999999999949,37.6500000000088));
#5058=VECTOR('',#5694,1.0);
#5059=CARTESIAN_POINT('',(4.15000000000049,47.1959925838433,82.6459925838526));
#5060=VECTOR('',#5695,1.0);
#5061=COLOUR_RGB('',0.462745130062103,0.407843172550201,0.603921592235565);
#5062=CARTESIAN_POINT('',(0.942717700174226,12.4881306452347,27.6000000000108));
#5063=CARTESIAN_POINT('',(5.84181229627494,20.9736113967685,24.5115375827721));
#5064=VECTOR('',#5696,1.0);
#5065=CARTESIAN_POINT('',(5.84181229627494,20.9736113967685,27.6000000000108));
#5066=VECTOR('',#5697,1.0);
#5067=COLOUR_RGB('',0.462745130062103,0.407843172550201,0.603921592235565);
#5068=CARTESIAN_POINT('',(4.85833595575969E-13,2.19999999999949,36.3536241174257));
#5069=CARTESIAN_POINT('',(4.90274487674469E-13,2.1999999999995,10.9603975861887));
#5070=VECTOR('',#5698,1.0);
#5071=CARTESIAN_POINT('',(4.15000000000049,2.19999999999949,36.3536241174257));
#5072=CARTESIAN_POINT('',(4.15000000000049,2.19999999999949,36.3536241174257));
#5073=VECTOR('',#5699,1.0);
#5074=CARTESIAN_POINT('',(4.15000000000049,2.1999999999995,10.9603975861887));
#5075=VECTOR('',#5700,1.0);
#5076=COLOUR_RGB('',0.462745130062103,0.407843172550201,0.603921592235565);
#5077=AXIS2_PLACEMENT_3D('',#5701,#5702,#5703);
#5078=COLOUR_RGB('',0.462745130062103,0.407843172550201,0.603921592235565);
#5079=AXIS2_PLACEMENT_3D('',#5704,#5705,#5706);
#5080=COLOUR_RGB('',0.823529481887817,0.823529481887817,0.784313797950745);
#5081=CARTESIAN_POINT('',(0.825000000016931,24.8499999999571,28.3500000000108));
#5082=CARTESIAN_POINT('',(0.825000000008953,-15.7526264137987,28.3500000000108));
#5083=VECTOR('',#5707,1.0);
#5084=CARTESIAN_POINT('',(3.32500000000097,24.8499999999576,28.3500000000108));
#5085=CARTESIAN_POINT('',(4.65000000002122,24.8499999999578,28.3500000000108));
#5086=VECTOR('',#5708,1.0);
#5087=CARTESIAN_POINT('',(3.32500000000895,-15.7526264138221,28.3500000000108));
#5088=VECTOR('',#5709,1.0);
#5089=COLOUR_RGB('',0.462745130062103,0.407843172550201,0.603921592235565);
#5090=CARTESIAN_POINT('',(3.32500000000097,24.8499999999576,28.3500000000108));
#5091=VECTOR('',#5710,1.0);
#5092=CARTESIAN_POINT('',(0.825000000016931,24.8499999999571,28.3500000000108));
#5093=VECTOR('',#5711,1.0);
#5094=COLOUR_RGB('',0.462745130062103,0.407843172550201,0.603921592235565);
#5095=COLOUR_RGB('',0.462745130062103,0.407843172550201,0.603921592235565);
#5096=COLOUR_RGB('',0.462745130062103,0.407843172550201,0.603921592235565);
#5097=CARTESIAN_POINT('',(0.825000000008956,63.7526264137977,28.3500000000108));
#5098=VECTOR('',#5712,1.0);
#5099=COLOUR_RGB('',0.823529481887817,0.823529481887817,0.784313797950745);
#5100=CARTESIAN_POINT('',(3.32500000000896,63.752626413821,28.3500000000108));
#5101=VECTOR('',#5713,1.0);
#5102=COLOUR_RGB('',0.462745130062103,0.407843172550201,0.603921592235565);
#5103=COLOUR_RGB('',0.823529481887817,0.823529481887817,0.784313797950745);
#5104=CARTESIAN_POINT('',(3.80000000000049,32.7635164806999,38.1000000000109));
#5105=CARTESIAN_POINT('',(3.80000000000049,17.5498962308946,38.1000000000109));
#5106=VECTOR('',#5714,1.0);
#5107=AXIS2_PLACEMENT_3D('',#5715,#5716,#5717);
#5108=CARTESIAN_POINT('',(4.15000000000049,30.828553390578,38.1000000000109));
#5109=VECTOR('',#5718,1.0);
#5110=COLOUR_RGB('',0.462745130062103,0.407843172550201,0.603921592235565);
#5111=CARTESIAN_POINT('',(3.80000000000049,32.7635164806999,38.1000000000109));
#5112=VECTOR('',#5719,1.0);
#5113=COLOUR_RGB('',0.462745130062103,0.407843172550201,0.603921592235565);
#5114=COLOUR_RGB('',0.823529481887817,0.823529481887817,0.784313797950745);
#5115=CARTESIAN_POINT('',(3.80000000000049,15.2364835192991,38.1000000000109));
#5116=CARTESIAN_POINT('',(3.62260172844724,14.9059516621182,38.1000000000109));
#5117=AXIS2_PLACEMENT_3D('',#5720,#5721,#5722);
#5118=CARTESIAN_POINT('',(3.8000000000005,30.4501037691044,38.1000000000109));
#5119=VECTOR('',#5723,1.0);
#5120=CARTESIAN_POINT('',(4.15000000000049,14.378553390565,38.1000000000109));
#5121=VECTOR('',#5724,1.0);
#5122=COLOUR_RGB('',0.462745130062103,0.407843172550201,0.603921592235565);
#5123=CARTESIAN_POINT('',(3.80000000000049,15.2364835192991,38.1000000000109));
#5124=VECTOR('',#5725,1.0);
#5125=CARTESIAN_POINT('',(3.62260172844724,14.9059516621182,37.5000000000109));
#5126=CARTESIAN_POINT('',(3.62260172844724,14.9059516621182,38.1000000000109));
#5127=VECTOR('',#5726,1.0);
#5128=CARTESIAN_POINT('',(3.26904833784644,14.5523982715325,37.5000000000109));
#5129=AXIS2_PLACEMENT_3D('',#5727,#5728,#5729);
#5130=CARTESIAN_POINT('',(3.26904833784644,14.5523982715325,38.1000000000109));
#5131=CARTESIAN_POINT('',(3.26904833784644,14.5523982715325,38.1000000000109));
#5132=VECTOR('',#5730,1.0);
#5133=AXIS2_PLACEMENT_3D('',#5731,#5732,#5733);
#5134=COLOUR_RGB('',0.462745130062103,0.407843172550201,0.603921592235565);
#5135=COLOUR_RGB('',0.823529481887817,0.823529481887817,0.784313797950745);
#5136=CARTESIAN_POINT('',(4.15000000000049,14.378553390565,37.5000000000109));
#5137=VECTOR('',#5734,1.0);
#5138=COLOUR_RGB('',0.823529481887817,0.823529481887817,0.784313797950745);
#5139=CARTESIAN_POINT('',(4.15000000000049,30.1214466093915,38.1000000000109));
#5140=VECTOR('',#5735,1.0);
#5141=COLOUR_RGB('',0.823529481887817,0.823529481887817,0.784313797950745);
#5142=CARTESIAN_POINT('',(4.15000000000049,13.6714466093784,37.5000000000109));
#5143=VECTOR('',#5736,1.0);
#5144=CARTESIAN_POINT('',(4.15000000000049,13.6714466093784,38.1000000000109));
#5145=VECTOR('',#5737,1.0);
#5146=COLOUR_RGB('',0.823529481887817,0.823529481887817,0.784313797950745);
#5147=CARTESIAN_POINT('',(4.15000000000049,30.828553390578,37.5000000000109));
#5148=VECTOR('',#5738,1.0);
#5149=COLOUR_RGB('',0.823529481887817,0.823529481887817,0.784313797950745);
#5150=COLOUR_RGB('',0.823529481887817,0.823529481887817,0.784313797950745);
#5151=CARTESIAN_POINT('',(4.15000000000049,30.1214466093915,37.5000000000109));
#5152=VECTOR('',#5739,1.0);
#5153=COLOUR_RGB('',0.823529481887817,0.823529481887817,0.784313797950745);
#5154=COLOUR_RGB('',0.823529481887817,0.823529481887817,0.784313797950745);
#5155=COLOUR_RGB('',0.462745130062103,0.407843172550201,0.603921592235565);
#5156=COLOUR_RGB('',0.823529481887817,0.823529481887817,0.784313797950745);
#5157=COLOUR_RGB('',0.823529481887817,0.823529481887817,0.784313797950745);
#5158=COLOUR_RGB('',0.823529481887817,0.823529481887817,0.784313797950745);
#5159=CARTESIAN_POINT('',(1.40000000000151,29.1249999999795,24.6500000000109));
#5160=VECTOR('',#5740,1.0);
#5161=CARTESIAN_POINT('',(3.40000000000151,29.1249999999795,24.6500000000108));
#5162=VECTOR('',#5741,1.0);
#5163=COLOUR_RGB('',0.823529481887817,0.823529481887817,0.784313797950745);
#5164=COLOUR_RGB('',0.823529481887817,0.823529481887817,0.784313797950745);
#5165=COLOUR_RGB('',0.462745130062103,0.407843172550201,0.603921592235565);
#5166=CARTESIAN_POINT('',(4.15000000000049,8.00000000001928,27.9500000000091));
#5167=CARTESIAN_POINT('',(4.15000000000049,8.00000000001928,24.8500000000091));
#5168=CARTESIAN_POINT('',(4.15000000000049,8.00000000001928,7.40000000000275));
#5169=VECTOR('',#5742,1.0);
#5170=CARTESIAN_POINT('',(4.15000000000049,8.00000000001928,27.9500000000091));
#5171=VECTOR('',#5743,1.0);
#5172=CARTESIAN_POINT('',(4.15000000000049,8.00000000001928,24.8500000000091));
#5173=VECTOR('',#5744,1.0);
#5174=COLOUR_RGB('',0.462745130062103,0.407843172550201,0.603921592235565);
#5175=CARTESIAN_POINT('',(4.15000000000049,4.24999999999955,28.954809471631));
#5176=CARTESIAN_POINT('',(4.15000000000049,20.9736113967685,24.4737313033349));
#5177=VECTOR('',#5745,1.0);
#5178=CARTESIAN_POINT('',(4.15000000000049,4.24999999999955,28.954809471631));
#5179=VECTOR('',#5746,1.0);
#5180=COLOUR_RGB('',0.462745130062103,0.407843172550201,0.603921592235565);
#5181=CARTESIAN_POINT('',(4.15000000000049,3.69158107583201,23.6955626286181));
#5182=CARTESIAN_POINT('',(4.15000000000049,20.9736113967685,28.3262686966832));
#5183=VECTOR('',#5747,1.0);
#5184=CARTESIAN_POINT('',(-0.415002399999535,3.69158107583202,23.6955626286181));
#5185=VECTOR('',#5748,1.0);
#5186=COLOUR_RGB('',0.462745130062103,0.407843172550201,0.603921592235565);
#5187=CARTESIAN_POINT('',(4.15000000000049,12.4881306452347,27.6000000000108));
#5188=VECTOR('',#5749,1.0);
#5189=COLOUR_RGB('',0.823529481887817,0.823529481887817,0.784313797950745);
#5190=COLOUR_RGB('',0.462745130062103,0.407843172550201,0.603921592235565);
#5191=CARTESIAN_POINT('',(4.1500000000005,35.5118693566873,27.6000000000108));
#5192=VECTOR('',#5750,1.0);
#5193=COLOUR_RGB('',0.823529481887817,0.823529481887817,0.784313797950745);
#5194=COLOUR_RGB('',0.462745130062103,0.407843172550201,0.603921592235565);
#5195=CARTESIAN_POINT('',(4.87609952415369E-13,4.24999999999785,28.9500002306289));
#5196=CARTESIAN_POINT('',(4.87609952415369E-13,4.24999999999954,31.3152050640351));
#5197=CARTESIAN_POINT('',(4.91162666094169E-13,4.24999999999955,7.40000000000275));
#5198=VECTOR('',#5751,1.0);
#5199=CARTESIAN_POINT('',(4.86721773995669E-13,2.98406431002247,35.3302401184924));
#5200=AXIS2_PLACEMENT_3D('',#5752,#5753,#5754);
#5201=CARTESIAN_POINT('',(4.85833595575969E-13,2.38084795571049,36.1917223525373));
#5202=CARTESIAN_POINT('',(4.9560355819267E-13,22.5410289849962,7.40000000000275));
#5203=VECTOR('',#5755,1.0);
#5204=CARTESIAN_POINT('',(4.9382720135327E-13,20.9736113967685,19.5467942778696));
#5205=VECTOR('',#5756,1.0);
#5206=AXIS2_PLACEMENT_3D('',#5757,#5758,#5759);
#5207=COLOUR_RGB('',0.462745130062103,0.407843172550201,0.603921592235565);
#5208=CARTESIAN_POINT('',(4.15000000000049,2.38084795571049,36.1917223525373));
#5209=CARTESIAN_POINT('',(4.15000000000049,20.9736113967685,19.5467942778696));
#5210=VECTOR('',#5760,1.0);
#5211=CARTESIAN_POINT('',(-0.415002399999538,2.3808479557105,36.1917223525373));
#5212=VECTOR('',#5761,1.0);
#5213=COLOUR_RGB('',0.462745130062103,0.407843172550201,0.603921592235565);
#5214=CARTESIAN_POINT('',(-0.415002399999536,4.24999999999958,28.9500002306289));
#5215=VECTOR('',#5762,1.0);
#5216=CARTESIAN_POINT('',(-0.415002399999536,4.24999999999954,31.3152050640351));
#5217=VECTOR('',#5763,1.0);
#5218=COLOUR_RGB('',0.462745130062103,0.407843172550201,0.603921592235565);
#5219=CARTESIAN_POINT('',(-0.415002399999537,2.98406431002247,35.3302401184924));
#5220=VECTOR('',#5764,1.0);
#5221=COLOUR_RGB('',0.462745130062103,0.407843172550201,0.603921592235565);
#5222=CARTESIAN_POINT('',(4.15000000000049,2.98406431002246,35.3302401184924));
#5223=CARTESIAN_POINT('',(-0.415002399999537,2.98406431002247,35.3302401184924));
#5224=VECTOR('',#5765,1.0);
#5225=CARTESIAN_POINT('',(4.1500000000005,22.5410289849962,7.40000000000275));
#5226=VECTOR('',#5766,1.0);
#5227=COLOUR_RGB('',0.462745130062103,0.407843172550201,0.603921592235565);
#5228=CARTESIAN_POINT('',(4.15000000000049,4.24999999999954,31.3152050640351));
#5229=CARTESIAN_POINT('',(-0.415002399999536,4.24999999999954,31.3152050640351));
#5230=VECTOR('',#5767,1.0);
#5231=AXIS2_PLACEMENT_3D('',#5768,#5769,#5770);
#5232=COLOUR_RGB('',0.462745130062103,0.407843172550201,0.603921592235565);
#5233=CARTESIAN_POINT('',(4.15000000000049,4.24999999999955,7.40000000000275));
#5234=VECTOR('',#5771,1.0);
#5235=COLOUR_RGB('',0.462745130062103,0.407843172550201,0.603921592235565);
#5236=AXIS2_PLACEMENT_3D('',#5772,#5773,#5774);
#5237=COLOUR_RGB('',0.462745130062103,0.407843172550201,0.603921592235565);
#5238=COLOUR_RGB('',0.462745130062103,0.407843172550201,0.603921592235565);
#5239=DIRECTION('',(1.66533453693773E-16,1.66533453693773E-16,-1.0));
#5240=CARTESIAN_POINT('',(2.40000000000151,15.7750000000152,38.1000000000109));
#5241=DIRECTION('',(1.66533453693773E-16,1.66533453693773E-16,-1.0));
#5242=DIRECTION('',(0.0,-1.0,-1.66533453693773E-16));
#5243=DIRECTION('',(-1.66533453693773E-16,-1.66533453693773E-16,1.0));
#5244=CARTESIAN_POINT('',(2.40000000000151,15.7750000000152,46.8500000000089));
#5245=DIRECTION('',(1.66533453693773E-16,1.66533453693773E-16,-1.0));
#5246=DIRECTION('',(0.0,-1.0,-1.66533453693773E-16));
#5247=DIRECTION('',(-1.66533453693773E-16,-1.66533453693773E-16,1.0));
#5248=CARTESIAN_POINT('',(2.40000000000151,15.7750000000152,38.1000000000109));
#5249=DIRECTION('',(1.66533453693773E-16,1.66533453693773E-16,-1.0));
#5250=DIRECTION('',(0.0,-1.0,-1.66533453693773E-16));
#5251=DIRECTION('',(-1.66533453693773E-16,-1.66533453693773E-16,1.0));
#5252=CARTESIAN_POINT('',(2.40000000000151,15.7750000000152,37.5000000000109));
#5253=DIRECTION('',(1.66533453693773E-16,1.66533453693773E-16,-1.0));
#5254=DIRECTION('',(-0.707106781186547,-0.707106781186548,-2.35513868802566E-16));
#5255=DIRECTION('',(-1.66533453693773E-16,-1.66533453693773E-16,1.0));
#5256=CARTESIAN_POINT('',(2.40000000000151,15.7750000000152,38.1000000000109));
#5257=DIRECTION('',(1.66533453693773E-16,1.66533453693773E-16,-1.0));
#5258=DIRECTION('',(0.0,-1.0,-1.66533453693773E-16));
#5259=CARTESIAN_POINT('',(2.40000000000151,15.7750000000152,46.8500000000089));
#5260=DIRECTION('',(1.66533453693773E-16,1.66533453693773E-16,-1.0));
#5261=DIRECTION('',(0.0,-1.0,-1.66533453693773E-16));
#5262=DIRECTION('',(-1.66533453693773E-16,-1.66533453693773E-16,1.0));
#5263=CARTESIAN_POINT('',(2.40000000000151,32.2249999999838,46.8500000000089));
#5264=DIRECTION('',(-1.66533453693773E-16,-1.66533453693773E-16,1.0));
#5265=DIRECTION('',(0.0,1.0,1.66533453693773E-16));
#5266=DIRECTION('',(-1.66533453693773E-16,-1.66533453693773E-16,1.0));
#5267=CARTESIAN_POINT('',(2.40000000000151,32.2249999999838,38.1000000000109));
#5268=DIRECTION('',(-1.66533453693773E-16,-1.66533453693773E-16,1.0));
#5269=DIRECTION('',(0.0,1.0,1.66533453693773E-16));
#5270=DIRECTION('',(-1.66533453693773E-16,-1.66533453693773E-16,1.0));
#5271=CARTESIAN_POINT('',(2.40000000000151,32.2249999999838,37.5000000000109));
#5272=DIRECTION('',(-1.66533453693773E-16,-1.66533453693773E-16,1.0));
#5273=DIRECTION('',(0.0,1.0,1.66533453693773E-16));
#5274=DIRECTION('',(-1.66533453693773E-16,-1.66533453693773E-16,1.0));
#5275=CARTESIAN_POINT('',(2.40000000000151,32.2249999999838,38.1000000000109));
#5276=DIRECTION('',(-1.66533453693773E-16,-1.66533453693773E-16,1.0));
#5277=DIRECTION('',(0.0,1.0,1.66533453693773E-16));
#5278=DIRECTION('',(1.66533453693773E-16,1.66533453693773E-16,-1.0));
#5279=CARTESIAN_POINT('',(2.40000000000151,32.2249999999838,46.8500000000089));
#5280=DIRECTION('',(-1.66533453693773E-16,-1.66533453693773E-16,1.0));
#5281=DIRECTION('',(0.0,1.0,1.66533453693773E-16));
#5282=CARTESIAN_POINT('',(2.40000000000151,32.2249999999838,38.1000000000109));
#5283=DIRECTION('',(-1.66533453693773E-16,-1.66533453693773E-16,1.0));
#5284=DIRECTION('',(0.0,1.0,1.66533453693773E-16));
#5285=DIRECTION('',(-1.66533453693773E-16,-1.66533453693773E-16,1.0));
#5286=CARTESIAN_POINT('',(2.40000000000151,32.2249999999838,37.5000000000109));
#5287=DIRECTION('',(-1.66533453693773E-16,-1.66533453693773E-16,1.0));
#5288=DIRECTION('',(0.707106781186547,0.707106781186548,2.35513868802566E-16));
#5289=DIRECTION('',(-1.66533453693773E-16,-1.66533453693773E-16,1.0));
#5290=CARTESIAN_POINT('',(2.40000000000151,32.2249999999838,38.1000000000109));
#5291=DIRECTION('',(-1.66533453693773E-16,-1.66533453693773E-16,1.0));
#5292=DIRECTION('',(0.0,1.0,1.66533453693773E-16));
#5293=DIRECTION('',(-1.0,1.28737717171485E-31,-1.66533453693773E-16));
#5294=CARTESIAN_POINT('',(1.1,2.58278633637482,4.60066604154056));
#5295=DIRECTION('',(1.0,-1.25998616806134E-31,1.66533453693773E-16));
#5296=DIRECTION('',(2.02953226566517E-17,0.992546151641322,-0.121869343405147));
#5297=DIRECTION('',(1.0,-2.44929359829471E-16,1.66533453693773E-16));
#5298=CARTESIAN_POINT('',(4.92050844513869E-13,2.58278633637482,4.60066604154056));
#5299=DIRECTION('',(1.0,-1.25998616806134E-31,1.66533453693773E-16));
#5300=DIRECTION('',(2.02953226566517E-17,0.992546151641322,-0.121869343405147));
#5301=DIRECTION('',(-1.0,2.44929359829471E-16,-1.66533453693773E-16));
#5302=CARTESIAN_POINT('',(4.15000000000049,-3.10000000001818,11.3247092978861));
#5303=DIRECTION('',(1.0,-2.44929359829471E-16,1.66533453693773E-16));
#5304=DIRECTION('',(2.44929359829471E-16,1.0,1.94289029309402E-16));
#5305=DIRECTION('',(1.0,-2.44929359829471E-16,1.66533453693773E-16));
#5306=CARTESIAN_POINT('',(4.89386309254769E-13,-3.10000000001818,11.3247092978861));
#5307=DIRECTION('',(1.0,-2.44929359829471E-16,1.66533453693773E-16));
#5308=DIRECTION('',(2.44929359829471E-16,1.0,1.94289029309402E-16));
#5309=DIRECTION('',(-1.0,2.44929359829471E-16,-1.66533453693773E-16));
#5310=CARTESIAN_POINT('',(4.15000000000049,8.20670615743098,10.1999999999998));
#5311=DIRECTION('',(1.0,-2.44929359829471E-16,1.66533453693773E-16));
#5312=DIRECTION('',(2.44929359829471E-16,1.0,1.94289029309402E-16));
#5313=DIRECTION('',(-1.0,2.44929359829471E-16,-1.66533453693773E-16));
#5314=CARTESIAN_POINT('',(4.92050844513869E-13,8.20670615743098,10.1999999999998));
#5315=DIRECTION('',(1.0,-2.44929359829471E-16,1.66533453693773E-16));
#5316=DIRECTION('',(2.44929359829471E-16,1.0,1.94289029309402E-16));
#5317=DIRECTION('',(1.0,-2.44929359829471E-16,1.66533453693773E-16));
#5318=CARTESIAN_POINT('',(1.1,0.900000000000002,3.94999999999977));
#5319=DIRECTION('',(1.0,-2.44929359829471E-16,1.66533453693773E-16));
#5320=DIRECTION('',(2.44929359829471E-16,1.0,1.94289029309402E-16));
#5321=DIRECTION('',(-1.0,2.44929359829471E-16,-1.66533453693773E-16));
#5322=CARTESIAN_POINT('',(4.15000000000049,0.900000000000002,3.94999999999977));
#5323=DIRECTION('',(1.0,-2.44929359829471E-16,1.66533453693773E-16));
#5324=DIRECTION('',(2.44929359829471E-16,1.0,1.94289029309402E-16));
#5325=DIRECTION('',(-1.0,2.44929359829471E-16,-1.66533453693773E-16));
#5326=DIRECTION('',(-1.66533453693773E-16,-1.94289029309402E-16,1.0));
#5327=DIRECTION('',(1.0,-2.44929359829471E-16,1.66533453693773E-16));
#5328=DIRECTION('',(-1.66533453693773E-16,-1.94289029309402E-16,1.0));
#5329=DIRECTION('',(-1.0,2.44929359829471E-16,-1.66533453693773E-16));
#5330=CARTESIAN_POINT('',(4.91162666094169E-13,0.400000000000002,5.15710678118631));
#5331=DIRECTION('',(1.0,-2.44929359829471E-16,1.66533453693773E-16));
#5332=DIRECTION('',(2.44929359829471E-16,1.0,1.94289029309402E-16));
#5333=CARTESIAN_POINT('',(4.15000000000049,0.400000000000002,5.15710678118631));
#5334=DIRECTION('',(1.0,-2.44929359829471E-16,1.66533453693773E-16));
#5335=DIRECTION('',(2.44929359829471E-16,1.0,1.94289029309402E-16));
#5336=DIRECTION('',(-2.44929359829471E-16,-1.0,-1.66533453693773E-16));
#5337=DIRECTION('',(1.0,-2.44929359829471E-16,1.66533453693773E-16));
#5338=DIRECTION('',(-2.44929359829471E-16,-1.0,-1.66533453693773E-16));
#5339=DIRECTION('',(-2.90948145648382E-16,-0.707106781186548,0.707106781186547));
#5340=DIRECTION('',(-2.90948145648382E-16,-0.707106781186548,0.707106781186547));
#5341=DIRECTION('',(1.17756934401283E-16,0.707106781186548,-0.707106781186547));
#5342=DIRECTION('',(-1.0,4.93038065763132E-32,-1.66533453693773E-16));
#5343=CARTESIAN_POINT('',(4.90274487674469E-13,-1.40000000000001,6.34999999999976));
#5344=DIRECTION('',(1.0,-2.44929359829471E-16,1.66533453693773E-16));
#5345=DIRECTION('',(2.44929359829471E-16,1.0,1.94289029309402E-16));
#5346=DIRECTION('',(1.0,-2.44929359829471E-16,1.66533453693773E-16));
#5347=CARTESIAN_POINT('',(4.15000000000049,-1.40000000000001,6.34999999999976));
#5348=DIRECTION('',(1.0,-2.44929359829471E-16,1.66533453693773E-16));
#5349=DIRECTION('',(2.44929359829471E-16,1.0,1.94289029309402E-16));
#5350=DIRECTION('',(-1.66533453693773E-16,-1.94289029309402E-16,1.0));
#5351=DIRECTION('',(-1.0,2.44929359829471E-16,-1.66533453693773E-16));
#5352=DIRECTION('',(-1.66533453693773E-16,-1.94289029309402E-16,1.0));
#5353=DIRECTION('',(-1.0,2.44929359829471E-16,-1.66533453693773E-16));
#5354=DIRECTION('',(-1.66533453693773E-16,-1.94289029309402E-16,1.0));
#5355=DIRECTION('',(1.0,-2.44929359829471E-16,1.66533453693773E-16));
#5356=DIRECTION('',(-1.66533453693773E-16,-1.94289029309402E-16,1.0));
#5357=CARTESIAN_POINT('',(4.15000000000049,0.900000000000002,3.94999999999977));
#5358=DIRECTION('',(1.0,-2.44929359829471E-16,1.66533453693773E-16));
#5359=DIRECTION('',(2.44929359829471E-16,1.0,1.94289029309402E-16));
#5360=CARTESIAN_POINT('',(1.1,0.900000000000002,3.94999999999977));
#5361=DIRECTION('',(1.0,-2.44929359829471E-16,1.66533453693773E-16));
#5362=DIRECTION('',(2.44929359829471E-16,1.0,1.94289029309402E-16));
#5363=DIRECTION('',(-2.2948298282011E-16,-0.996194698091745,-0.0871557427476621));
#5364=DIRECTION('',(-1.0,2.44929359829471E-16,-1.66533453693773E-16));
#5365=DIRECTION('',(-2.2948298282011E-16,-0.996194698091745,-0.0871557427476621));
#5366=DIRECTION('',(-1.66533453693773E-16,-2.35922392732846E-16,1.0));
#5367=DIRECTION('',(-6.12323399573676E-17,1.0,2.35922392732846E-16));
#5368=DIRECTION('',(1.66533453693773E-16,-4.07889322034067E-32,-1.0));
#5369=DIRECTION('',(-6.12323399573676E-17,1.0,1.66533453693773E-16));
#5370=DIRECTION('',(1.66533453693773E-16,1.94289029309402E-16,-1.0));
#5371=DIRECTION('',(-1.0,2.44929359829471E-16,-1.66533453693773E-16));
#5372=DIRECTION('',(1.66533453693773E-16,1.94289029309402E-16,-1.0));
#5373=CARTESIAN_POINT('',(4.9471537977297E-13,15.1,6.54999999999977));
#5374=DIRECTION('',(1.0,-2.44929359829471E-16,1.66533453693773E-16));
#5375=DIRECTION('',(2.44929359829471E-16,1.0,1.94289029309402E-16));
#5376=CARTESIAN_POINT('',(4.1500000000005,15.1,6.54999999999977));
#5377=DIRECTION('',(1.0,-2.44929359829471E-16,1.66533453693773E-16));
#5378=DIRECTION('',(2.44929359829471E-16,1.0,1.94289029309402E-16));
#5379=CARTESIAN_POINT('',(4.92050844513869E-13,8.20670615743098,10.1999999999998));
#5380=DIRECTION('',(1.0,-2.44929359829471E-16,1.66533453693773E-16));
#5381=DIRECTION('',(2.44929359829471E-16,1.0,1.94289029309402E-16));
#5382=DIRECTION('',(-1.0,2.44929359829471E-16,-1.66533453693773E-16));
#5383=CARTESIAN_POINT('',(4.15000000000049,8.20670615743098,10.1999999999998));
#5384=DIRECTION('',(1.0,-2.44929359829471E-16,1.66533453693773E-16));
#5385=DIRECTION('',(2.44929359829471E-16,1.0,1.94289029309402E-16));
#5386=CARTESIAN_POINT('',(4.9471537977297E-13,15.1,6.54999999999977));
#5387=DIRECTION('',(1.0,-2.44929359829471E-16,1.66533453693773E-16));
#5388=DIRECTION('',(2.44929359829471E-16,1.0,1.94289029309402E-16));
#5389=DIRECTION('',(1.0,-2.44929359829471E-16,1.66533453693773E-16));
#5390=CARTESIAN_POINT('',(4.1500000000005,15.1,6.54999999999977));
#5391=DIRECTION('',(1.0,-2.44929359829471E-16,1.66533453693773E-16));
#5392=DIRECTION('',(2.44929359829471E-16,1.0,1.94289029309402E-16));
#5393=DIRECTION('',(1.0,-2.44929359829471E-16,1.66533453693773E-16));
#5394=DIRECTION('',(0.0,-1.0,-1.94289029309402E-16));
#5395=DIRECTION('',(-2.44929359829471E-16,-1.0,-1.94289029309402E-16));
#5396=DIRECTION('',(-2.44929359829471E-16,-1.0,-1.94289029309402E-16));
#5397=DIRECTION('',(-1.0,2.44929359829471E-16,-1.66533453693773E-16));
#5398=DIRECTION('',(-2.44929359829471E-16,-1.0,-1.94289029309402E-16));
#5399=CARTESIAN_POINT('',(4.9915627187147E-13,33.5999999999906,7.05000000000653));
#5400=DIRECTION('',(-1.0,2.44929359829471E-16,-1.66533453693773E-16));
#5401=DIRECTION('',(-2.44929359829471E-16,-1.0,-1.94289029309402E-16));
#5402=DIRECTION('',(-1.0,2.44929359829471E-16,-1.66533453693773E-16));
#5403=CARTESIAN_POINT('',(4.1500000000005,33.5999999999906,7.05000000000653));
#5404=DIRECTION('',(-1.0,2.44929359829471E-16,-1.66533453693773E-16));
#5405=DIRECTION('',(-2.44929359829471E-16,-1.0,-1.94289029309402E-16));
#5406=DIRECTION('',(-2.44929359829471E-16,-1.0,-1.94289029309402E-16));
#5407=DIRECTION('',(-1.0,2.44929359829471E-16,-1.66533453693773E-16));
#5408=DIRECTION('',(-2.44929359829471E-16,-1.0,-1.94289029309402E-16));
#5409=DIRECTION('',(-2.58511676518135E-16,-0.996194698091747,0.0871557427476376));
#5410=DIRECTION('',(-1.0,2.44929359829471E-16,-1.66533453693773E-16));
#5411=DIRECTION('',(-2.58511676518135E-16,-0.996194698091747,0.0871557427476376));
#5412=DIRECTION('',(-1.66533453693779E-16,-2.1538326677728E-14,1.0));
#5413=DIRECTION('',(-1.0,2.44929359829471E-16,-1.66533453693773E-16));
#5414=DIRECTION('',(-1.66533453693779E-16,-2.1538326677728E-14,1.0));
#5415=DIRECTION('',(-1.93481564813092E-16,-0.965925826289075,-0.258819045102498));
#5416=DIRECTION('',(1.0,-2.44929359829471E-16,1.66533453693773E-16));
#5417=DIRECTION('',(-1.93481564813092E-16,-0.965925826289075,-0.258819045102498));
#5418=DIRECTION('',(1.0,-2.44929359829471E-16,1.66533453693773E-16));
#5419=DIRECTION('',(1.66533453693773E-16,1.94289029309402E-16,-1.0));
#5420=DIRECTION('',(1.0,-2.44929359829471E-16,1.66533453693773E-16));
#5421=DIRECTION('',(1.66533453693773E-16,1.94289029309402E-16,-1.0));
#5422=DIRECTION('',(-5.54342768458094E-17,-0.707106781186532,-0.707106781186563));
#5423=DIRECTION('',(1.0,-2.44929359829471E-16,1.66533453693773E-16));
#5424=DIRECTION('',(-5.54342768458094E-17,-0.707106781186532,-0.707106781186563));
#5425=DIRECTION('',(-1.0,2.44929359829471E-16,-1.66533453693773E-16));
#5426=CARTESIAN_POINT('',(5.00044450291171E-13,35.2999999999999,1.64999999999976));
#5427=DIRECTION('',(1.0,-2.44929359829471E-16,1.66533453693773E-16));
#5428=DIRECTION('',(2.44929359829471E-16,1.0,1.94289029309402E-16));
#5429=CARTESIAN_POINT('',(1.1,35.2999999999999,1.64999999999976));
#5430=DIRECTION('',(1.0,-2.44929359829471E-16,1.66533453693773E-16));
#5431=DIRECTION('',(2.44929359829471E-16,1.0,1.94289029309402E-16));
#5432=CARTESIAN_POINT('',(4.1500000000005,35.2999999999999,1.64999999999976));
#5433=DIRECTION('',(1.0,-2.44929359829471E-16,1.66533453693773E-16));
#5434=DIRECTION('',(2.44929359829471E-16,1.0,1.94289029309402E-16));
#5435=DIRECTION('',(1.66533453693779E-16,2.14828155264968E-14,-1.0));
#5436=DIRECTION('',(1.0,-2.44929359829471E-16,1.66533453693773E-16));
#5437=DIRECTION('',(1.66533453693779E-16,2.14828155264968E-14,-1.0));
#5438=DIRECTION('',(-7.011466048002E-17,0.857167300702538,0.515038074909346));
#5439=DIRECTION('',(1.0,-2.44929359829471E-16,1.66533453693773E-16));
#5440=DIRECTION('',(1.25625811711278E-16,-0.857167300702538,-0.515038074909346));
#5441=DIRECTION('',(0.123895782487094,-0.850563028809777,-0.511069828011642));
#5442=DIRECTION('',(-1.0,1.90850060264589E-19,-1.66533453693773E-16));
#5443=DIRECTION('',(0.443542922709068,0.768238877469816,0.461604487476687));
#5444=DIRECTION('',(2.76901928404494E-16,0.573576436351063,-0.81915204428898));
#5445=DIRECTION('',(1.0,-2.44929359829471E-16,1.66533453693773E-16));
#5446=DIRECTION('',(2.76901928404494E-16,0.573576436351063,-0.81915204428898));
#5447=CARTESIAN_POINT('',(1.1,2.58278633637482,4.60066604154056));
#5448=DIRECTION('',(1.0,-1.25998616806134E-31,1.66533453693773E-16));
#5449=DIRECTION('',(2.02953226566517E-17,0.992546151641322,-0.121869343405147));
#5450=DIRECTION('',(2.44929359829467E-16,1.0,2.1538326677728E-14));
#5451=DIRECTION('',(1.0,-2.44929359829471E-16,1.66533453693773E-16));
#5452=DIRECTION('',(2.44929359829467E-16,1.0,2.1538326677728E-14));
#5453=DIRECTION('',(2.44929359829471E-16,1.0,1.94289029309402E-16));
#5454=DIRECTION('',(-2.44929359829471E-16,-1.0,-1.94289029309402E-16));
#5455=DIRECTION('',(5.54342768458094E-17,0.707106781186532,0.707106781186563));
#5456=DIRECTION('',(1.0,-2.44929359829471E-16,1.66533453693773E-16));
#5457=DIRECTION('',(5.54342768458094E-17,0.707106781186532,0.707106781186563));
#5458=DIRECTION('',(-1.0,2.44929359829471E-16,-1.66533453693773E-16));
#5459=DIRECTION('',(1.66533453693773E-16,1.38777878078144E-16,-1.0));
#5460=DIRECTION('',(1.0,-2.44929359829471E-16,1.66533453693773E-16));
#5461=DIRECTION('',(1.66533453693773E-16,1.38777878078144E-16,-1.0));
#5462=DIRECTION('',(1.0,-1.9651103767204E-13,1.66533453693647E-16));
#5463=DIRECTION('',(-3.50230473565876E-16,-1.66533453693773E-16,1.0));
#5464=DIRECTION('',(-1.0,1.9651103767204E-13,-3.50230473565844E-16));
#5465=DIRECTION('',(-3.50230473565876E-16,-1.66533453693773E-16,1.0));
#5466=DIRECTION('',(-1.0,6.25907352115395E-16,-7.10626413989528E-16));
#5467=DIRECTION('',(-8.32667268468867E-17,-0.75470958022267,0.656059028990625));
#5468=DIRECTION('',(-0.399457798904214,-0.691881203181833,0.60144315407049));
#5469=DIRECTION('',(1.0,4.93038065763132E-32,1.66533453693773E-16));
#5470=DIRECTION('',(0.109275125000415,-0.75019003414101,0.652130247520887));
#5471=DIRECTION('',(1.94289029309402E-16,0.75470958022267,-0.656059028990625));
#5472=CARTESIAN_POINT('',(0.500000000000003,50.7499999999994,31.3152050640351));
#5473=DIRECTION('',(-1.0,2.44929359829471E-16,-1.66533453693773E-16));
#5474=DIRECTION('',(-2.22808370866062E-16,-0.992546151641322,-0.121869343405148));
#5475=DIRECTION('',(1.0,-2.44929359829471E-16,1.66533453693773E-16));
#5476=CARTESIAN_POINT('',(4.9915627187147E-13,50.7499999999994,31.3152050640351));
#5477=DIRECTION('',(-1.0,2.44929359829471E-16,-1.66533453693773E-16));
#5478=DIRECTION('',(-2.22808370866062E-16,-0.992546151641322,-0.121869343405148));
#5479=DIRECTION('',(1.0,-2.44929359829471E-16,1.66533453693773E-16));
#5480=DIRECTION('',(-1.0,2.44929359829471E-16,-1.66533453693773E-16));
#5481=CARTESIAN_POINT('',(3.65000000000051,68.7500000000011,28.9500002306289));
#5482=DIRECTION('',(-1.0,2.44929359829471E-16,-1.66533453693773E-16));
#5483=DIRECTION('',(1.35442758320232E-16,-0.121869343405147,-0.992546151641322));
#5484=DIRECTION('',(-1.0,2.44929359829471E-16,-1.66533453693773E-16));
#5485=CARTESIAN_POINT('',(4.1500000000005,68.7500000000011,28.9500002306289));
#5486=DIRECTION('',(-1.0,2.44929359829471E-16,-1.66533453693773E-16));
#5487=DIRECTION('',(1.35442758320232E-16,-0.121869343405147,-0.992546151641322));
#5488=DIRECTION('',(-1.0,2.44929359829471E-16,-1.66533453693773E-16));
#5489=CARTESIAN_POINT('',(5.03597163969971E-13,68.7500000000011,28.9500002306289));
#5490=DIRECTION('',(-1.0,2.44929359829471E-16,-1.66533453693773E-16));
#5491=DIRECTION('',(1.35442758320232E-16,-0.121869343405147,-0.992546151641322));
#5492=DIRECTION('',(1.0,-2.44929359829471E-16,1.66533453693773E-16));
#5493=CARTESIAN_POINT('',(0.500000000000004,68.7500000000011,28.9500002306289));
#5494=DIRECTION('',(-1.0,2.44929359829471E-16,-1.66533453693773E-16));
#5495=DIRECTION('',(1.35442758320232E-16,-0.121869343405147,-0.992546151641322));
#5496=CARTESIAN_POINT('',(3.65000000000051,-2.75000000000046,31.3152050640351));
#5497=DIRECTION('',(1.0,-2.4492935982947E-16,1.66533453693773E-16));
#5498=DIRECTION('',(2.63399016179365E-16,0.992546151641322,-0.121869343405147));
#5499=DIRECTION('',(-2.21390777173234E-16,-0.573576436351046,0.819152044288992));
#5500=DIRECTION('',(2.91394659466148E-16,6.38378239159465E-16,-1.0));
#5501=CARTESIAN_POINT('',(3.65000000000051,-20.7500000000022,28.9500002306289));
#5502=DIRECTION('',(1.0,-2.44929359829471E-16,1.66533453693773E-16));
#5503=DIRECTION('',(-1.35442758320232E-16,0.121869343405147,0.992546151641322));
#5504=DIRECTION('',(2.85630401119447E-17,-0.965925826289068,-0.258819045102521));
#5505=DIRECTION('',(2.88998133608509E-16,4.02455846426619E-16,-1.0));
#5506=DIRECTION('',(8.53965944289789E-17,0.965925826289069,-0.25881904510252));
#5507=DIRECTION('',(-2.88998133608509E-16,-2.63677968348475E-16,1.0));
#5508=DIRECTION('',(-0.499999999999944,0.866025403784471,1.92296268638364E-16));
#5509=DIRECTION('',(-1.66533453693773E-16,-2.08166817117217E-16,1.0));
#5510=DIRECTION('',(0.443542922709068,-0.768238877469816,0.461604487476687));
#5511=DIRECTION('',(1.66533453693773E-16,2.08166817117217E-16,-1.0));
#5512=DIRECTION('',(-0.399457798904214,0.691881203181833,0.601443154070491));
#5513=DIRECTION('',(-0.499999999999944,0.866025403784471,-1.94289029309393E-16));
#5514=DIRECTION('',(-0.476870962714817,0.82596473607647,0.300626578461669));
#5515=DIRECTION('',(1.56938629548129E-16,0.857167300702538,-0.515038074909345));
#5516=DIRECTION('',(2.91394659466148E-16,-1.94289029309402E-16,-1.0));
#5517=DIRECTION('',(1.94289029309402E-16,-0.75470958022267,-0.656059028990625));
#5518=DIRECTION('',(-2.17975114592061E-16,0.573576436351046,0.819152044288992));
#5519=CARTESIAN_POINT('',(3.65000000000051,50.7499999999994,31.3152050640351));
#5520=DIRECTION('',(-1.0,2.44929359829471E-16,-1.66533453693773E-16));
#5521=DIRECTION('',(-2.22808370866062E-16,-0.992546151641322,-0.121869343405148));
#5522=DIRECTION('',(-2.88998133608509E-16,-1.38777878078144E-16,1.0));
#5523=DIRECTION('',(-9.71445146547012E-17,0.965925826289068,0.258819045102521));
#5524=DIRECTION('',(-2.88998133608509E-16,-2.08166817117217E-16,1.0));
#5525=DIRECTION('',(-9.92743822367933E-17,-0.965925826289068,0.258819045102521));
#5526=DIRECTION('',(-1.01427478316871E-16,-0.857167300702538,0.515038074909345));
#5527=DIRECTION('',(-1.0,-1.9085006026454E-19,-1.66533453693773E-16));
#5528=DIRECTION('',(0.123895782487094,0.850563028809777,-0.511069828011642));
#5529=DIRECTION('',(-1.66533453693773E-16,-1.4970298369836E-15,1.0));
#5530=DIRECTION('',(-0.144142097234507,0.989556999775575,-7.95156325063841E-17));
#5531=DIRECTION('',(-0.135614166471265,0.931011482939934,-0.338860467576684));
#5532=DIRECTION('',(0.144142097234507,-0.989556999775575,-1.08703490603451E-16));
#5533=DIRECTION('',(1.66533453693773E-16,1.66533453693773E-16,-1.0));
#5534=DIRECTION('',(1.66533453693773E-16,1.66533453693773E-16,-1.0));
#5535=DIRECTION('',(1.66533453693773E-16,2.35922392732846E-16,-1.0));
#5536=DIRECTION('',(1.65879625941976E-16,0.573576436351046,-0.819152044288992));
#5537=CARTESIAN_POINT('',(0.500000000000004,-2.75000000000046,31.3152050640351));
#5538=DIRECTION('',(1.0,-2.4492935982947E-16,1.66533453693773E-16));
#5539=DIRECTION('',(2.63399016179365E-16,0.992546151641322,-0.121869343405147));
#5540=DIRECTION('',(1.66533453693773E-16,2.63677968348475E-16,-1.0));
#5541=CARTESIAN_POINT('',(0.500000000000004,-20.7500000000022,28.9500002306289));
#5542=DIRECTION('',(1.0,-2.44929359829471E-16,1.66533453693773E-16));
#5543=DIRECTION('',(-1.35442758320232E-16,0.121869343405147,0.992546151641322));
#5544=CARTESIAN_POINT('',(4.89386309254769E-13,-3.10000000001818,11.3247092978861));
#5545=DIRECTION('',(1.0,-2.44929359829471E-16,1.66533453693773E-16));
#5546=DIRECTION('',(2.44929359829471E-16,1.0,1.94289029309402E-16));
#5547=CARTESIAN_POINT('',(4.15000000000049,-3.10000000001818,11.3247092978861));
#5548=DIRECTION('',(1.0,-2.44929359829471E-16,1.66533453693773E-16));
#5549=DIRECTION('',(2.44929359829471E-16,1.0,1.94289029309402E-16));
#5550=DIRECTION('',(-1.0,2.44929359829471E-16,-1.66533453693773E-16));
#5551=DIRECTION('',(-1.0,6.25907352115395E-16,3.77559506601982E-16));
#5552=DIRECTION('',(1.06952812129545E-16,-0.573576436351046,-0.819152044288992));
#5553=DIRECTION('',(-4.06949033297023E-18,-0.573576436351046,-0.819152044288992));
#5554=DIRECTION('',(-4.06949033297023E-18,-0.573576436351046,-0.819152044288992));
#5555=DIRECTION('',(6.12323399573676E-17,1.0,2.77555756156289E-16));
#5556=DIRECTION('',(-1.66533453693773E-16,1.05749083490315E-32,1.0));
#5557=DIRECTION('',(-6.12323399573676E-17,-1.0,-2.08166817117217E-16));
#5558=DIRECTION('',(1.66533453693773E-16,1.38777878078144E-16,-1.0));
#5559=DIRECTION('',(1.66533453693773E-16,1.38777878078144E-16,-1.0));
#5560=DIRECTION('',(-1.0,0.0,-1.66533453693773E-16));
#5561=DIRECTION('',(-1.66533453693773E-16,-2.22044604925031E-16,1.0));
#5562=DIRECTION('',(-1.0,0.0,-1.66533453693773E-16));
#5563=DIRECTION('',(-1.66533453693773E-16,-2.22044604925031E-16,1.0));
#5564=DIRECTION('',(-2.90948145648382E-16,-0.707106781186548,0.707106781186547));
#5565=DIRECTION('',(1.0,-2.44929359829471E-16,1.66533453693773E-16));
#5566=DIRECTION('',(-2.90948145648382E-16,-0.707106781186548,0.707106781186547));
#5567=DIRECTION('',(-8.32667268468868E-17,0.75470958022267,0.656059028990625));
#5568=DIRECTION('',(-1.6780444313213E-16,-0.931839057156208,-0.362871839026163));
#5569=DIRECTION('',(1.0,-2.44929359829471E-16,1.66533453693773E-16));
#5570=DIRECTION('',(-1.6780444313213E-16,-0.931839057156208,-0.362871839026163));
#5571=DIRECTION('',(-0.144142097234507,-0.989556999775575,-2.89114732105039E-16));
#5572=DIRECTION('',(-0.135614166473711,-0.931011482956728,-0.338860467529564));
#5573=DIRECTION('',(-0.144142097234507,-0.989556999775575,8.70178211873895E-17));
#5574=DIRECTION('',(0.109275125000415,0.75019003414101,0.652130247520888));
#5575=DIRECTION('',(-1.66533453693773E-16,1.05294062713353E-15,1.0));
#5576=DIRECTION('',(2.90948145648382E-16,0.707106781186548,-0.707106781186547));
#5577=DIRECTION('',(-1.0,2.44929359829471E-16,-1.66533453693773E-16));
#5578=DIRECTION('',(2.90948145648382E-16,0.707106781186548,-0.707106781186547));
#5579=DIRECTION('',(-5.54342768458155E-17,-0.707106781186547,-0.707106781186548));
#5580=DIRECTION('',(-1.0,2.44929359829471E-16,-1.66533453693773E-16));
#5581=DIRECTION('',(-5.54342768458155E-17,-0.707106781186547,-0.707106781186548));
#5582=DIRECTION('',(-2.90948145648385E-16,-0.70710678118659,0.707106781186506));
#5583=DIRECTION('',(-1.0,2.44929359829471E-16,-1.66533453693773E-16));
#5584=DIRECTION('',(-2.90948145648385E-16,-0.70710678118659,0.707106781186506));
#5585=DIRECTION('',(5.54342768458155E-17,0.707106781186547,0.707106781186548));
#5586=DIRECTION('',(-1.0,2.44929359829471E-16,-1.66533453693773E-16));
#5587=DIRECTION('',(5.54342768458155E-17,0.707106781186547,0.707106781186548));
#5588=DIRECTION('',(2.90948145648382E-16,0.707106781186548,-0.707106781186547));
#5589=DIRECTION('',(1.0,-2.44929359829471E-16,1.66533453693773E-16));
#5590=DIRECTION('',(2.90948145648382E-16,0.707106781186548,-0.707106781186547));
#5591=DIRECTION('',(6.12323399573676E-17,1.0,2.08166817117217E-16));
#5592=DIRECTION('',(-1.66533453693773E-16,4.07889322034067E-32,1.0));
#5593=DIRECTION('',(6.12323399573676E-17,1.0,2.77555756156289E-16));
#5594=DIRECTION('',(-6.63044092421864E-17,0.362871839026052,0.931839057156251));
#5595=DIRECTION('',(1.0,-2.44929359829471E-16,1.66533453693773E-16));
#5596=DIRECTION('',(-6.63044092421864E-17,0.362871839026052,0.931839057156251));
#5597=DIRECTION('',(-1.0,2.44929359829471E-16,-1.66533453693773E-16));
#5598=DIRECTION('',(1.66533453693773E-16,1.38777878078144E-16,-1.0));
#5599=DIRECTION('',(1.0,-2.44929359829471E-16,2.2336950943953E-16));
#5600=DIRECTION('',(-2.90948145648375E-16,-0.707106781186466,0.707106781186629));
#5601=DIRECTION('',(1.0,-2.44929359829471E-16,1.66533453693773E-16));
#5602=DIRECTION('',(-2.90948145648375E-16,-0.707106781186466,0.707106781186629));
#5603=DIRECTION('',(-1.0,9.86076131526265E-32,-2.88998133608509E-16));
#5604=DIRECTION('',(1.66533453693773E-16,2.08166817117217E-16,-1.0));
#5605=DIRECTION('',(1.0,-9.86076131526265E-32,2.88998133608509E-16));
#5606=DIRECTION('',(2.44929359829471E-16,1.0,1.94289029309402E-16));
#5607=DIRECTION('',(1.0,-2.44929359829471E-16,1.66533453693773E-16));
#5608=DIRECTION('',(2.44929359829471E-16,1.0,1.94289029309402E-16));
#5609=DIRECTION('',(2.67697677561848E-16,-1.0,-1.94289029309402E-16));
#5610=CARTESIAN_POINT('',(2.40000000000151,32.2249999999838,46.8500000000089));
#5611=DIRECTION('',(-1.66533453693773E-16,-1.66533453693773E-16,1.0));
#5612=DIRECTION('',(0.0,1.0,1.66533453693773E-16));
#5613=DIRECTION('',(1.0,-2.44929359829472E-16,1.66533453693773E-16));
#5614=DIRECTION('',(-7.27194827964908E-17,0.342020143325669,0.939692620785908));
#5615=DIRECTION('',(1.0,-2.44929359829471E-16,1.66533453693773E-16));
#5616=DIRECTION('',(-7.27194827964908E-17,0.342020143325669,0.939692620785908));
#5617=DIRECTION('',(-1.93481564813087E-16,-0.965925826289068,-0.258819045102521));
#5618=DIRECTION('',(-1.66533453693773E-16,1.23512311489549E-15,1.0));
#5619=DIRECTION('',(-1.0,2.44929359829471E-16,-1.66533453693773E-16));
#5620=DIRECTION('',(-3.50230473565876E-16,-1.66533453693773E-16,1.0));
#5621=DIRECTION('',(1.0,-8.94773761205275E-13,3.50230473565727E-16));
#5622=DIRECTION('',(-3.50230473565876E-16,-1.66533453693773E-16,1.0));
#5623=DIRECTION('',(-1.0,2.44929359829471E-16,-1.66533453693773E-16));
#5624=DIRECTION('',(-1.66533453693773E-16,1.23512311489549E-15,1.0));
#5625=DIRECTION('',(-2.44929359829471E-16,-1.0,-6.2450045135165E-16));
#5626=DIRECTION('',(-1.0,2.44929359829471E-16,-1.66533453693773E-16));
#5627=DIRECTION('',(1.96511037672039E-13,1.0,6.24500451351683E-16));
#5628=DIRECTION('',(-1.96511037672039E-13,-1.0,-6.24500451351683E-16));
#5629=DIRECTION('',(-1.0,2.44929359829471E-16,-1.66533453693773E-16));
#5630=DIRECTION('',(-2.44929359829471E-16,-1.0,-6.2450045135165E-16));
#5631=DIRECTION('',(1.96511037672039E-13,-1.0,-6.24500451351618E-16));
#5632=DIRECTION('',(-1.0,-1.9651103767204E-13,-1.665334536939E-16));
#5633=DIRECTION('',(1.96511037672039E-13,1.0,6.24500451351683E-16));
#5634=DIRECTION('',(-1.66533453693774E-16,-1.63757896132211E-15,1.0));
#5635=DIRECTION('',(1.0,-2.44929359829471E-16,1.66533453693773E-16));
#5636=DIRECTION('',(-1.66533453693774E-16,-1.63757896132211E-15,1.0));
#5637=DIRECTION('',(-3.50230473565876E-16,-1.66533453693773E-16,1.0));
#5638=DIRECTION('',(1.0,8.94773761205275E-13,3.50230473566025E-16));
#5639=DIRECTION('',(-3.50230473565876E-16,-1.66533453693773E-16,1.0));
#5640=DIRECTION('',(2.79685623738381E-16,0.965925826289068,-0.258819045102521));
#5641=DIRECTION('',(-2.40261032303571E-16,-0.342020143325669,0.939692620785908));
#5642=DIRECTION('',(1.0,-2.44929359829471E-16,1.66533453693773E-16));
#5643=DIRECTION('',(-2.40261032303571E-16,-0.342020143325669,0.939692620785908));
#5644=DIRECTION('',(6.12323399573676E-17,1.0,2.77555756156289E-16));
#5645=DIRECTION('',(6.12323399573676E-17,1.0,2.77555756156289E-16));
#5646=DIRECTION('',(1.0,-2.44929359829471E-16,1.66533453693773E-16));
#5647=DIRECTION('',(-2.44929359829471E-16,-1.0,-2.08166817117217E-16));
#5648=DIRECTION('',(1.0,-2.44929359829471E-16,1.66533453693773E-16));
#5649=DIRECTION('',(-2.44929359829471E-16,-1.0,-2.08166817117217E-16));
#5650=DIRECTION('',(-2.67697677561848E-16,-1.0,-2.08166817117217E-16));
#5651=CARTESIAN_POINT('',(2.40000000000151,15.7750000000152,46.8500000000089));
#5652=DIRECTION('',(1.66533453693773E-16,1.66533453693773E-16,-1.0));
#5653=DIRECTION('',(0.0,-1.0,-1.66533453693773E-16));
#5654=DIRECTION('',(1.0,-9.86076131526265E-32,1.66533453693773E-16));
#5655=DIRECTION('',(5.54342768457819E-17,0.707106781186466,0.70710678118663));
#5656=DIRECTION('',(1.0,-2.44929359829471E-16,1.66533453693773E-16));
#5657=DIRECTION('',(5.54342768457819E-17,0.707106781186466,0.70710678118663));
#5658=DIRECTION('',(-1.0,4.93038065763132E-32,-1.66533453693773E-16));
#5659=DIRECTION('',(-6.12323399573676E-17,1.0,2.35922392732846E-16));
#5660=DIRECTION('',(-1.0,2.44929359829472E-16,-1.66533453693773E-16));
#5661=DIRECTION('',(6.12323399573676E-17,-1.0,-2.35922392732846E-16));
#5662=DIRECTION('',(-2.44060343707774E-16,-0.362871839026052,0.931839057156251));
#5663=DIRECTION('',(1.0,-2.44929359829471E-16,1.66533453693773E-16));
#5664=DIRECTION('',(-2.44060343707774E-16,-0.362871839026052,0.931839057156251));
#5665=DIRECTION('',(-1.66533453693773E-16,-2.22044604925031E-16,1.0));
#5666=DIRECTION('',(-1.0,9.86076131526265E-32,-3.50230473565876E-16));
#5667=DIRECTION('',(-1.66533453693773E-16,-2.22044604925031E-16,1.0));
#5668=DIRECTION('',(-5.54342768458157E-17,-0.707106781186548,-0.707106781186548));
#5669=DIRECTION('',(-1.0,2.44929359829471E-16,-1.66533453693773E-16));
#5670=DIRECTION('',(-5.54342768458157E-17,-0.707106781186548,-0.707106781186548));
#5671=DIRECTION('',(-2.90948145648382E-16,-0.707106781186548,0.707106781186548));
#5672=DIRECTION('',(-1.0,2.44929359829471E-16,-1.66533453693773E-16));
#5673=DIRECTION('',(-2.90948145648382E-16,-0.707106781186548,0.707106781186548));
#5674=DIRECTION('',(5.54342768458328E-17,0.707106781186589,0.707106781186506));
#5675=DIRECTION('',(-1.0,2.44929359829471E-16,-1.66533453693773E-16));
#5676=DIRECTION('',(5.54342768458328E-17,0.707106781186589,0.707106781186506));
#5677=DIRECTION('',(2.90948145648382E-16,0.707106781186548,-0.707106781186548));
#5678=DIRECTION('',(-1.0,2.44929359829471E-16,-1.66533453693773E-16));
#5679=DIRECTION('',(2.90948145648382E-16,0.707106781186548,-0.707106781186548));
#5680=DIRECTION('',(-5.54342768458156E-17,-0.707106781186547,-0.707106781186548));
#5681=DIRECTION('',(1.0,-2.44929359829471E-16,1.66533453693773E-16));
#5682=DIRECTION('',(-5.54342768458156E-17,-0.707106781186547,-0.707106781186548));
#5683=DIRECTION('',(6.12323399573676E-17,-1.0,-1.66533453693773E-16));
#5684=DIRECTION('',(1.66533453693773E-16,-9.11456386273653E-32,-1.0));
#5685=DIRECTION('',(6.12323399573676E-17,-1.0,-2.35922392732846E-16));
#5686=DIRECTION('',(1.0,-2.44929359829471E-16,1.66533453693773E-16));
#5687=DIRECTION('',(2.88665044334605E-16,0.931839057156208,-0.362871839026163));
#5688=DIRECTION('',(2.88665044334605E-16,0.931839057156208,-0.362871839026163));
#5689=DIRECTION('',(-1.0,7.49632773909694E-16,-3.50230473565876E-16));
#5690=DIRECTION('',(0.499999999999944,0.866025403784471,3.03318571100879E-16));
#5691=DIRECTION('',(-6.12323399573676E-17,1.0,1.66533453693773E-16));
#5692=DIRECTION('',(6.12323399573676E-17,-1.0,-1.66533453693773E-16));
#5693=DIRECTION('',(5.54342768458155E-17,0.707106781186547,0.707106781186548));
#5694=DIRECTION('',(1.0,-2.44929359829471E-16,1.66533453693773E-16));
#5695=DIRECTION('',(5.54342768458155E-17,0.707106781186547,0.707106781186548));
#5696=DIRECTION('',(-0.476870962708047,-0.825964736064744,0.300626578504627));
#5697=DIRECTION('',(-0.499999999999944,-0.866025403784471,-2.77555756156195E-17));
#5698=DIRECTION('',(1.66533453693773E-16,2.63677968348475E-16,-1.0));
#5699=DIRECTION('',(1.0,-2.44929359829471E-16,1.66533453693773E-16));
#5700=DIRECTION('',(1.66533453693773E-16,2.63677968348475E-16,-1.0));
#5701=CARTESIAN_POINT('',(4.92050844513869E-13,2.58278633637482,4.60066604154056));
#5702=DIRECTION('',(1.0,-1.25998616806134E-31,1.66533453693773E-16));
#5703=DIRECTION('',(2.02953226566517E-17,0.992546151641322,-0.121869343405147));
#5704=CARTESIAN_POINT('',(4.1500000000005,50.7499999999994,31.3152050640351));
#5705=DIRECTION('',(-1.0,2.44929359829471E-16,-1.66533453693773E-16));
#5706=DIRECTION('',(-2.22808370866062E-16,-0.992546151641322,-0.121869343405148));
#5707=DIRECTION('',(1.96511037672039E-13,1.0,1.66533453693842E-16));
#5708=DIRECTION('',(-1.0,-1.9651103767204E-13,-3.50230473565909E-16));
#5709=DIRECTION('',(-1.96511037672039E-13,1.0,1.66533453693705E-16));
#5710=DIRECTION('',(-3.50230473565876E-16,-1.66533453693773E-16,1.0));
#5711=DIRECTION('',(-3.50230473565876E-16,-1.66533453693773E-16,1.0));
#5712=DIRECTION('',(-1.96511037672039E-13,-1.0,-1.66533453693842E-16));
#5713=DIRECTION('',(-1.96511037672039E-13,-1.0,-1.66533453693842E-16));
#5714=DIRECTION('',(2.67697677561848E-16,-1.0,-1.66533453693773E-16));
#5715=CARTESIAN_POINT('',(2.40000000000151,32.2249999999838,38.1000000000109));
#5716=DIRECTION('',(-1.66533453693773E-16,-1.66533453693773E-16,1.0));
#5717=DIRECTION('',(0.0,1.0,1.66533453693773E-16));
#5718=DIRECTION('',(-0.707106781186548,0.707106781186547,-6.73463193876744E-18));
#5719=DIRECTION('',(-1.66533453693773E-16,-1.66533453693773E-16,1.0));
#5720=CARTESIAN_POINT('',(2.40000000000151,15.7750000000152,38.1000000000109));
#5721=DIRECTION('',(1.66533453693773E-16,1.66533453693773E-16,-1.0));
#5722=DIRECTION('',(0.0,-1.0,-1.66533453693773E-16));
#5723=DIRECTION('',(2.67697677561848E-16,1.0,1.66533453693773E-16));
#5724=DIRECTION('',(-0.707106781186548,0.707106781186547,-6.73463193876744E-18));
#5725=DIRECTION('',(-1.66533453693773E-16,-1.66533453693773E-16,1.0));
#5726=DIRECTION('',(1.66533453693773E-16,1.66533453693773E-16,-1.0));
#5727=CARTESIAN_POINT('',(2.40000000000151,15.7750000000152,37.5000000000109));
#5728=DIRECTION('',(1.66533453693773E-16,1.66533453693773E-16,-1.0));
#5729=DIRECTION('',(0.0,-1.0,-1.66533453693773E-16));
#5730=DIRECTION('',(1.66533453693773E-16,1.66533453693773E-16,-1.0));
#5731=CARTESIAN_POINT('',(2.40000000000151,15.7750000000152,38.1000000000109));
#5732=DIRECTION('',(1.66533453693773E-16,1.66533453693773E-16,-1.0));
#5733=DIRECTION('',(0.0,-1.0,-1.66533453693773E-16));
#5734=DIRECTION('',(0.707106781186548,-0.707106781186547,6.73463193876744E-18));
#5735=DIRECTION('',(0.707106781186548,-0.707106781186547,6.73463193876744E-18));
#5736=DIRECTION('',(-0.707106781186548,0.707106781186547,-6.73463193876744E-18));
#5737=DIRECTION('',(0.707106781186548,-0.707106781186547,6.73463193876744E-18));
#5738=DIRECTION('',(0.707106781186548,-0.707106781186547,6.73463193876744E-18));
#5739=DIRECTION('',(-0.707106781186548,0.707106781186547,-6.73463193876744E-18));
#5740=DIRECTION('',(-6.12323399573676E-17,-1.0,-2.08166817117217E-16));
#5741=DIRECTION('',(6.12323399573676E-17,1.0,2.08166817117217E-16));
#5742=DIRECTION('',(1.66533453693773E-16,4.02455846426619E-16,-1.0));
#5743=DIRECTION('',(-1.0,2.44929359829471E-16,-1.66533453693773E-16));
#5744=DIRECTION('',(-1.0,2.44929359829471E-16,-1.66533453693773E-16));
#5745=DIRECTION('',(2.79685623738381E-16,0.965925826289069,-0.25881904510252));
#5746=DIRECTION('',(-1.0,2.44929359829471E-16,-1.66533453693773E-16));
#5747=DIRECTION('',(-1.93481564813087E-16,-0.965925826289068,-0.258819045102521));
#5748=DIRECTION('',(1.0,-2.44929359829471E-16,1.66533453693773E-16));
#5749=DIRECTION('',(1.0,-2.44929359829471E-16,1.66533453693773E-16));
#5750=DIRECTION('',(1.0,-2.44929359829471E-16,1.66533453693773E-16));
#5751=DIRECTION('',(-1.66533453693773E-16,-2.63677968348475E-16,1.0));
#5752=CARTESIAN_POINT('',(4.85833595575969E-13,-2.75000000000046,31.3152050640351));
#5753=DIRECTION('',(1.0,-2.4492935982947E-16,1.66533453693773E-16));
#5754=DIRECTION('',(2.63399016179365E-16,0.992546151641322,-0.121869343405147));
#5755=DIRECTION('',(-2.76901928404491E-16,-0.573576436351046,0.819152044288992));
#5756=DIRECTION('',(-2.93564230299862E-16,-0.745056142197266,0.667001757849354));
#5757=CARTESIAN_POINT('',(4.81392703477468E-13,-20.7500000000022,28.9500002306289));
#5758=DIRECTION('',(1.0,-2.44929359829471E-16,1.66533453693773E-16));
#5759=DIRECTION('',(-1.35442758320232E-16,0.121869343405147,0.992546151641322));
#5760=DIRECTION('',(-2.93564230299862E-16,-0.745056142197266,0.667001757849354));
#5761=DIRECTION('',(1.0,-2.44929359829471E-16,1.66533453693773E-16));
#5762=DIRECTION('',(1.0,-2.44929359829471E-16,1.66533453693773E-16));
#5763=DIRECTION('',(1.0,-2.44929359829471E-16,1.66533453693773E-16));
#5764=DIRECTION('',(1.0,-2.44929359829471E-16,1.66533453693773E-16));
#5765=DIRECTION('',(1.0,-2.44929359829471E-16,1.66533453693773E-16));
#5766=DIRECTION('',(-2.76901928404491E-16,-0.573576436351046,0.819152044288992));
#5767=DIRECTION('',(1.0,-2.44929359829471E-16,1.66533453693773E-16));
#5768=CARTESIAN_POINT('',(4.15000000000049,-2.75000000000046,31.3152050640351));
#5769=DIRECTION('',(1.0,-2.4492935982947E-16,1.66533453693773E-16));
#5770=DIRECTION('',(2.63399016179365E-16,0.992546151641322,-0.121869343405147));
#5771=DIRECTION('',(-1.66533453693773E-16,-2.63677968348475E-16,1.0));
#5772=CARTESIAN_POINT('',(4.15000000000048,-20.7500000000022,28.9500002306289));
#5773=DIRECTION('',(1.0,-2.44929359829471E-16,1.66533453693773E-16));
#5774=DIRECTION('',(-1.35442758320232E-16,0.121869343405147,0.992546151641322));
#5775=PRESENTATION_LAYER_ASSIGNMENT('','',(#167,#169,#171,#173,#175,#177,#179,#181,#183,#185,#187,#189,#191,#193,#195,#197,#199,#201,#203,#205,#207,#209,#211,#213,#215,#217,#219,#221,#223,#225,#227,#229,#231,#233,#235,#237,#239,#241,#243,#245,#247,#249,#251,#253,#255,#257,#259,#261,#263,#265,#267,#269,#271,#273,#275,#277,#279,#281,#283,#285,#287,#289,#291,#293,#295,#297,#299,#301,#303,#305,#307,#309,#311,#313,#315,#317,#319,#321,#323,#325,#327,#329,#331,#333,#335,#337,#339,#341,#343,#345,#347,#349,#351,#353,#355,#357,#359,#361,#363,#365,#367,#369,#371,#373,#375,#377,#379,#381,#383,#385,#387,#389,#391,#393,#395,#397,#399,#401,#403,#405,#407,#409,#411,#413,#415,#417,#419,#421,#423,#425,#427,#429,#431,#433,#435,#437,#439,#441,#443,#445,#447,#449,#451,#2717,#2718,#2719,#2722,#2723,#2724,#2725,#2726,#2727,#2730,#2731,#2732,#2733,#2734,#2735,#2736,#2739,#2740,#2741,#2742,#2743,#2744,#2747,#2748,#2749,#2752,#2753,#2754,#2757,#2758,#2759,#2762,#2763,#2764,#2766,#2767,#2768,#2769,#2771,#2772,#2773,#2775,#2776,#2777,#2779,#2780,#2781,#2782,#2784,#2785,#2786,#2788,#2789,#2790,#2791,#2793,#2794,#2795,#2797,#2798,#2800,#2801,#2802,#2804,#2805,#2806,#2807,#2809,#2810,#2811,#2813,#2814,#2816,#2817,#2818,#2820,#2821,#2822,#2824,#2825,#2826,#2828,#2829,#2830,#2832,#2833,#2834,#2836,#2837,#2838,#2840,#2841,#2842,#2844,#2845,#2846,#2848,#2849,#2850,#2852,#2853,#2854,#2855,#2857,#2858,#2859,#2861,#2862,#2863,#2864,#2866,#2867,#2868,#2870,#2871,#2872,#2873,#2874,#2875,#2877,#2878,#2879,#2881,#2883,#2884,#2885,#2887,#2888,#2890,#2891,#2892,#2894,#2895,#2896,#2897,#2899,#2900,#2901,#2902,#2904,#2905,#2906,#2907,#2908,#2909,#2911,#2912,#2913,#2914,#2916,#2917,#2918,#2919,#2920,#2921,#2922,#2923,#2925,#2926,#2927,#2928,#2929,#2930,#2931,#2932,#2934,#2935,#2936,#2937,#2938,#2939,#2940,#2942,#2943,#2944,#2945,#2946,#2947,#2948,#2949,#2950,#2952,#2953,#2954,#2956,#2957,#2958,#2959,#2961,#2962,#2964,#2965,#2966,#2967,#2968,#2970,#2971,#2973,#2974,#2975,#2976,#2977,#2979,#2980,#2981,#2983,#2984,#2986,#2987,#2988,#2989,#2991,#2992,#2993,#2995,#2997,#2998,#2999,#3001,#3002,#3003,#3004,#3005,#3007,#3008,#3009,#3011,#3012,#3013,#3015,#3016,#3017,#3019,#3020,#3021,#3023,#3024,#3025,#3027,#3028,#3029,#3031,#3032,#3033,#3035,#3036,#3037,#3039,#3040,#3041,#3043,#3044,#3045,#3047,#3048,#3049,#3050,#3051,#3053,#3055,#3056,#3057,#3059,#3061,#3062,#3063,#3064,#3065,#3066,#3067,#3069,#3070,#3071,#3072,#3073,#3074,#3075,#3076,#3077,#3079,#3080,#3081,#3082,#3083,#3084,#3086,#3088,#3089,#3090,#3092,#3093,#3094,#3096,#3097,#3098,#3099,#3100,#3102,#3104,#3105,#3106,#3108,#3109,#3110,#3111,#3113,#3114,#3115,#3117,#3118,#3119,#3121,#3122,#3123,#3125,#3126,#3127,#3129,#3130,#3131,#3133,#3134,#3135,#3137,#3138,#3139,#3141,#3142,#3143,#3145,#3146,#3147,#3149,#3150,#3151,#3152,#3154,#3155,#3156,#3158,#3159,#3161,#3162,#3163,#3165,#3167,#3169,#3170,#3171,#3173,#3174,#3178,#3180,#3183,#3184,#3185,#3187,#3190,#3191,#3192,#3194,#3195,#3196,#3197,#3198,#3201,#3203,#3205,#3206,#3208,#3211,#3218,#3219,#3223,#3224,#3225,#3227,#3228,#3230,#3231,#3233,#3236,#3239,#3240,#3241,#3242,#3243,#3245,#3246,#3248,#3249,#3251,#3253,#3254,#3256,#3257,#3259,#3261,#3268,#3270,#3277,#3279,#3281,#3283,#3291,#3293,#3295,#3297,#3299,#3301,#3309,#3311,#3313,#3315,#3322,#3324,#3331,#3333,#3340,#3342,#3349,#3351,#3355,#3356,#3358,#3360,#3364,#3365,#3370,#3372,#3376,#3379,#3383,#3385,#3389,#3390,#3392,#3394,#3398,#3400,#3407,#3409,#3413,#3414,#3416,#3418,#3422,#3424,#3431,#3433,#3437,#3439,#3443,#3444,#3449,#3451,#3455,#3457,#3461,#3463,#3467,#3469,#3473,#3475,#3479,#3481,#3485,#3486,#3488,#3490,#3494,#3496,#3500,#3501,#3507,#3509,#3513,#3514,#3516,#3518,#3520,#3525,#3527,#3533,#3535,#3542,#3544,#3548,#3549,#3551,#3553,#3557,#3558,#3560,#3562,#3566,#3567,#3569,#3571,#3573,#3575,#3579,#3580,#3582,#3584,#3588,#3589,#3591,#3593,#3595,#3597,#3599,#3601,#3605,#3606,#3610,#3612,#3614,#3616,#3620,#3621,#3623,#3625,#3627,#3629,#3631,#3635,#3637,#3639,#3641,#3643,#3645,#3647,#3649,#3654,#3658,#3660,#3662,#3670,#3672,#3674,#3681,#3683,#3689,#3691,#3698,#3699,#3701,#3703,#3707,#3709,#3715,#3717,#3721,#3722,#3724,#3726,#3731,#3733,#3737,#3739,#3743,#3745,#3749,#3751,#3755,#3757,#3761,#3763,#3767,#3769,#3773,#3775,#3779,#3781,#3785,#3787,#3791,#3793,#3796,#3802,#3804,#3810,#3812,#3814,#3816,#3818,#3820,#3824,#3826,#3829,#3831,#3834,#3836,#3840,#3842,#3845,#3847,#3853,#3855,#3863,#3865,#3868,#3874,#3876,#3880,#3881,#3884,#3888,#3890,#3894,#3896,#3900,#3902,#3906,#3908,#3912,#3914,#3918,#3920,#3924,#3926,#3930,#3935,#3936,#3941,#3947,#3949,#3953,#3957,#3959,#3967,#3969,#3983,#3991,#3992,#3998,#4000,#4002,#4029,#4030,#4035,#4039,#4049,#4050,#4052,#4054,#4059,#4068,#4072));
ENDSEC;
END-ISO-10303-21;
