ISO-10303-21;
HEADER;
FILE_DESCRIPTION(('STEP AP242'),'1');
FILE_NAME('1467081.stp','2025-07-02T08:29:08',('TraceParts'),('TraceParts S.A.'),'Spatial InterOp 3D',' ',' ');
FILE_SCHEMA(('AP242_MANAGED_MODEL_BASED_3D_ENGINEERING_MIM_LF  {1 0 10303 442 1 1 4}'));
ENDSEC;
DATA;
#1=MECHANICAL_DESIGN_GEOMETRIC_PRESENTATION_REPRESENTATION(' ',(#10,#11,#12,#13,#14,#15,#16,#17,#18,#19,#20,#21,#22,#23,#24,#25,#26,#27,#28,#29,#30,#31,#32,#33,#34,#35,#36,#37,#38,#39,#40,#41,#42,#43,#44,#45,#46,#47,#48,#49,#50,#51,#52,#53,#54,#55,#56,#57,#58,#59,#60,#61,#62,#63,#64,#65,#66,#67,#68,#69,#70,#71,#72,#73,#74,#75,#76,#77,#78,#79,#80,#81,#82,#83,#84,#85,#86,#87,#88,#89,#90,#91,#92,#93,#94,#95,#96,#97,#98,#99,#100,#101,#102,#103,#104,#105,#106,#107,#108,#109,#110,#111,#112,#113,#114,#115,#116,#117,#118,#119,#120,#121,#122,#123,#124,#125,#126,#127,#128,#129,#130,#131,#132,#133,#134,#135,#136,#137,#138,#139,#140,#141,#142,#143,#144,#145,#146,#147,#148),#6);
#2=PRODUCT_DEFINITION_CONTEXT('',#149,'design');
#3=APPLICATION_PROTOCOL_DEFINITION('INTERNATIONAL STANDARD','ap242_managed_model_based_3d_engineering',2014,#149);
#4=PRODUCT_CATEGORY_RELATIONSHIP('NONE','NONE',#150,#151);
#5=SHAPE_DEFINITION_REPRESENTATION(#152,#153);
#6= (GEOMETRIC_REPRESENTATION_CONTEXT(3)GLOBAL_UNCERTAINTY_ASSIGNED_CONTEXT((#156))GLOBAL_UNIT_ASSIGNED_CONTEXT((#158,#159,#160))REPRESENTATION_CONTEXT('NONE','WORKSPACE'));
#10=STYLED_ITEM('',(#162),#163);
#11=STYLED_ITEM('',(#164),#165);
#12=STYLED_ITEM('',(#166),#167);
#13=STYLED_ITEM('',(#168),#169);
#14=STYLED_ITEM('',(#170),#171);
#15=STYLED_ITEM('',(#172),#173);
#16=STYLED_ITEM('',(#174),#175);
#17=STYLED_ITEM('',(#176),#177);
#18=STYLED_ITEM('',(#178),#179);
#19=STYLED_ITEM('',(#180),#181);
#20=STYLED_ITEM('',(#182),#183);
#21=STYLED_ITEM('',(#184),#185);
#22=STYLED_ITEM('',(#186),#187);
#23=STYLED_ITEM('',(#188),#189);
#24=STYLED_ITEM('',(#190),#191);
#25=STYLED_ITEM('',(#192),#193);
#26=STYLED_ITEM('',(#194),#195);
#27=STYLED_ITEM('',(#196),#197);
#28=STYLED_ITEM('',(#198),#199);
#29=STYLED_ITEM('',(#200),#201);
#30=STYLED_ITEM('',(#202),#203);
#31=STYLED_ITEM('',(#204),#205);
#32=STYLED_ITEM('',(#206),#207);
#33=STYLED_ITEM('',(#208),#209);
#34=STYLED_ITEM('',(#210),#211);
#35=STYLED_ITEM('',(#212),#213);
#36=STYLED_ITEM('',(#214),#215);
#37=STYLED_ITEM('',(#216),#217);
#38=STYLED_ITEM('',(#218),#219);
#39=STYLED_ITEM('',(#220),#221);
#40=STYLED_ITEM('',(#222),#223);
#41=STYLED_ITEM('',(#224),#225);
#42=STYLED_ITEM('',(#226),#227);
#43=STYLED_ITEM('',(#228),#229);
#44=STYLED_ITEM('',(#230),#231);
#45=STYLED_ITEM('',(#232),#233);
#46=STYLED_ITEM('',(#234),#235);
#47=STYLED_ITEM('',(#236),#237);
#48=STYLED_ITEM('',(#238),#239);
#49=STYLED_ITEM('',(#240),#241);
#50=STYLED_ITEM('',(#242),#243);
#51=STYLED_ITEM('',(#244),#245);
#52=STYLED_ITEM('',(#246),#247);
#53=STYLED_ITEM('',(#248),#249);
#54=STYLED_ITEM('',(#250),#251);
#55=STYLED_ITEM('',(#252),#253);
#56=STYLED_ITEM('',(#254),#255);
#57=STYLED_ITEM('',(#256),#257);
#58=STYLED_ITEM('',(#258),#259);
#59=STYLED_ITEM('',(#260),#261);
#60=STYLED_ITEM('',(#262),#263);
#61=STYLED_ITEM('',(#264),#265);
#62=STYLED_ITEM('',(#266),#267);
#63=STYLED_ITEM('',(#268),#269);
#64=STYLED_ITEM('',(#270),#271);
#65=STYLED_ITEM('',(#272),#273);
#66=STYLED_ITEM('',(#274),#275);
#67=STYLED_ITEM('',(#276),#277);
#68=STYLED_ITEM('',(#278),#279);
#69=STYLED_ITEM('',(#280),#281);
#70=STYLED_ITEM('',(#282),#283);
#71=STYLED_ITEM('',(#284),#285);
#72=STYLED_ITEM('',(#286),#287);
#73=STYLED_ITEM('',(#288),#289);
#74=STYLED_ITEM('',(#290),#291);
#75=STYLED_ITEM('',(#292),#293);
#76=STYLED_ITEM('',(#294),#295);
#77=STYLED_ITEM('',(#296),#297);
#78=STYLED_ITEM('',(#298),#299);
#79=STYLED_ITEM('',(#300),#301);
#80=STYLED_ITEM('',(#302),#303);
#81=STYLED_ITEM('',(#304),#305);
#82=STYLED_ITEM('',(#306),#307);
#83=STYLED_ITEM('',(#308),#309);
#84=STYLED_ITEM('',(#310),#311);
#85=STYLED_ITEM('',(#312),#313);
#86=STYLED_ITEM('',(#314),#315);
#87=STYLED_ITEM('',(#316),#317);
#88=STYLED_ITEM('',(#318),#319);
#89=STYLED_ITEM('',(#320),#321);
#90=STYLED_ITEM('',(#322),#323);
#91=STYLED_ITEM('',(#324),#325);
#92=STYLED_ITEM('',(#326),#327);
#93=STYLED_ITEM('',(#328),#329);
#94=STYLED_ITEM('',(#330),#331);
#95=STYLED_ITEM('',(#332),#333);
#96=STYLED_ITEM('',(#334),#335);
#97=STYLED_ITEM('',(#336),#337);
#98=STYLED_ITEM('',(#338),#339);
#99=STYLED_ITEM('',(#340),#341);
#100=STYLED_ITEM('',(#342),#343);
#101=STYLED_ITEM('',(#344),#345);
#102=STYLED_ITEM('',(#346),#347);
#103=STYLED_ITEM('',(#348),#349);
#104=STYLED_ITEM('',(#350),#351);
#105=STYLED_ITEM('',(#352),#353);
#106=STYLED_ITEM('',(#354),#355);
#107=STYLED_ITEM('',(#356),#357);
#108=STYLED_ITEM('',(#358),#359);
#109=STYLED_ITEM('',(#360),#361);
#110=STYLED_ITEM('',(#362),#363);
#111=STYLED_ITEM('',(#364),#365);
#112=STYLED_ITEM('',(#366),#367);
#113=STYLED_ITEM('',(#368),#369);
#114=STYLED_ITEM('',(#370),#371);
#115=STYLED_ITEM('',(#372),#373);
#116=STYLED_ITEM('',(#374),#375);
#117=STYLED_ITEM('',(#376),#377);
#118=STYLED_ITEM('',(#378),#379);
#119=STYLED_ITEM('',(#380),#381);
#120=STYLED_ITEM('',(#382),#383);
#121=STYLED_ITEM('',(#384),#385);
#122=STYLED_ITEM('',(#386),#387);
#123=STYLED_ITEM('',(#388),#389);
#124=STYLED_ITEM('',(#390),#391);
#125=STYLED_ITEM('',(#392),#393);
#126=STYLED_ITEM('',(#394),#395);
#127=STYLED_ITEM('',(#396),#397);
#128=STYLED_ITEM('',(#398),#399);
#129=STYLED_ITEM('',(#400),#401);
#130=STYLED_ITEM('',(#402),#403);
#131=STYLED_ITEM('',(#404),#405);
#132=STYLED_ITEM('',(#406),#407);
#133=STYLED_ITEM('',(#408),#409);
#134=STYLED_ITEM('',(#410),#411);
#135=STYLED_ITEM('',(#412),#413);
#136=STYLED_ITEM('',(#414),#415);
#137=STYLED_ITEM('',(#416),#417);
#138=STYLED_ITEM('',(#418),#419);
#139=STYLED_ITEM('',(#420),#421);
#140=STYLED_ITEM('',(#422),#423);
#141=STYLED_ITEM('',(#424),#425);
#142=STYLED_ITEM('',(#426),#427);
#143=STYLED_ITEM('',(#428),#429);
#144=STYLED_ITEM('',(#430),#431);
#145=STYLED_ITEM('',(#432),#433);
#146=STYLED_ITEM('',(#434),#435);
#147=STYLED_ITEM('',(#436),#437);
#148=STYLED_ITEM('',(#438),#439);
#149=APPLICATION_CONTEXT('managed model based 3d engineering');
#150=PRODUCT_CATEGORY('part','NONE');
#151=PRODUCT_RELATED_PRODUCT_CATEGORY('detail',' ',(#440));
#152=PRODUCT_DEFINITION_SHAPE('NONE','NONE',#441);
#153=ADVANCED_BREP_SHAPE_REPRESENTATION('UT_1.5-OG-Select',(#439,#442),#6);
#156=UNCERTAINTY_MEASURE_WITH_UNIT(LENGTH_MEASURE(1.0E-06),#158,'','');
#158= (CONVERSION_BASED_UNIT('MILLIMETRE',#445)LENGTH_UNIT()NAMED_UNIT(#448));
#159= (NAMED_UNIT(#450)PLANE_ANGLE_UNIT()SI_UNIT($,.RADIAN.));
#160= (NAMED_UNIT(#450)SOLID_ANGLE_UNIT()SI_UNIT($,.STERADIAN.));
#162=PRESENTATION_STYLE_ASSIGNMENT((#456));
#163=ADVANCED_FACE('',(#457),#458,.F.);
#164=PRESENTATION_STYLE_ASSIGNMENT((#459));
#165=ADVANCED_FACE('',(#460),#461,.F.);
#166=PRESENTATION_STYLE_ASSIGNMENT((#462));
#167=ADVANCED_FACE('',(#463),#464,.F.);
#168=PRESENTATION_STYLE_ASSIGNMENT((#465));
#169=ADVANCED_FACE('',(#466),#467,.F.);
#170=PRESENTATION_STYLE_ASSIGNMENT((#468));
#171=ADVANCED_FACE('',(#469),#470,.F.);
#172=PRESENTATION_STYLE_ASSIGNMENT((#471));
#173=ADVANCED_FACE('',(#472),#473,.F.);
#174=PRESENTATION_STYLE_ASSIGNMENT((#474));
#175=ADVANCED_FACE('',(#475),#476,.F.);
#176=PRESENTATION_STYLE_ASSIGNMENT((#477));
#177=ADVANCED_FACE('',(#478),#479,.T.);
#178=PRESENTATION_STYLE_ASSIGNMENT((#480));
#179=ADVANCED_FACE('',(#481),#482,.F.);
#180=PRESENTATION_STYLE_ASSIGNMENT((#483));
#181=ADVANCED_FACE('',(#484),#485,.T.);
#182=PRESENTATION_STYLE_ASSIGNMENT((#486));
#183=ADVANCED_FACE('',(#487),#488,.F.);
#184=PRESENTATION_STYLE_ASSIGNMENT((#489));
#185=ADVANCED_FACE('',(#490),#491,.F.);
#186=PRESENTATION_STYLE_ASSIGNMENT((#492));
#187=ADVANCED_FACE('',(#493),#494,.T.);
#188=PRESENTATION_STYLE_ASSIGNMENT((#495));
#189=ADVANCED_FACE('',(#496),#497,.F.);
#190=PRESENTATION_STYLE_ASSIGNMENT((#498));
#191=ADVANCED_FACE('',(#499),#500,.F.);
#192=PRESENTATION_STYLE_ASSIGNMENT((#501));
#193=ADVANCED_FACE('',(#502),#503,.T.);
#194=PRESENTATION_STYLE_ASSIGNMENT((#504));
#195=ADVANCED_FACE('',(#505),#506,.F.);
#196=PRESENTATION_STYLE_ASSIGNMENT((#507));
#197=ADVANCED_FACE('',(#508),#509,.F.);
#198=PRESENTATION_STYLE_ASSIGNMENT((#510));
#199=ADVANCED_FACE('',(#511),#512,.F.);
#200=PRESENTATION_STYLE_ASSIGNMENT((#513));
#201=ADVANCED_FACE('',(#514),#515,.F.);
#202=PRESENTATION_STYLE_ASSIGNMENT((#516));
#203=ADVANCED_FACE('',(#517),#518,.F.);
#204=PRESENTATION_STYLE_ASSIGNMENT((#519));
#205=ADVANCED_FACE('',(#520),#521,.T.);
#206=PRESENTATION_STYLE_ASSIGNMENT((#522));
#207=ADVANCED_FACE('',(#523),#524,.F.);
#208=PRESENTATION_STYLE_ASSIGNMENT((#525));
#209=ADVANCED_FACE('',(#526),#527,.F.);
#210=PRESENTATION_STYLE_ASSIGNMENT((#528));
#211=ADVANCED_FACE('',(#529),#530,.T.);
#212=PRESENTATION_STYLE_ASSIGNMENT((#531));
#213=ADVANCED_FACE('',(#532),#533,.F.);
#214=PRESENTATION_STYLE_ASSIGNMENT((#534));
#215=ADVANCED_FACE('',(#535),#536,.F.);
#216=PRESENTATION_STYLE_ASSIGNMENT((#537));
#217=ADVANCED_FACE('',(#538),#539,.F.);
#218=PRESENTATION_STYLE_ASSIGNMENT((#540));
#219=ADVANCED_FACE('',(#541),#542,.F.);
#220=PRESENTATION_STYLE_ASSIGNMENT((#543));
#221=ADVANCED_FACE('',(#544),#545,.F.);
#222=PRESENTATION_STYLE_ASSIGNMENT((#546));
#223=ADVANCED_FACE('',(#547),#548,.F.);
#224=PRESENTATION_STYLE_ASSIGNMENT((#549));
#225=ADVANCED_FACE('',(#550),#551,.T.);
#226=PRESENTATION_STYLE_ASSIGNMENT((#552));
#227=ADVANCED_FACE('',(#553),#554,.F.);
#228=PRESENTATION_STYLE_ASSIGNMENT((#555));
#229=ADVANCED_FACE('',(#556),#557,.T.);
#230=PRESENTATION_STYLE_ASSIGNMENT((#558));
#231=ADVANCED_FACE('',(#559),#560,.F.);
#232=PRESENTATION_STYLE_ASSIGNMENT((#561));
#233=ADVANCED_FACE('',(#562),#563,.T.);
#234=PRESENTATION_STYLE_ASSIGNMENT((#564));
#235=ADVANCED_FACE('',(#565),#566,.F.);
#236=PRESENTATION_STYLE_ASSIGNMENT((#567));
#237=ADVANCED_FACE('',(#568),#569,.F.);
#238=PRESENTATION_STYLE_ASSIGNMENT((#570));
#239=ADVANCED_FACE('',(#571),#572,.F.);
#240=PRESENTATION_STYLE_ASSIGNMENT((#573));
#241=ADVANCED_FACE('',(#574),#575,.F.);
#242=PRESENTATION_STYLE_ASSIGNMENT((#576));
#243=ADVANCED_FACE('',(#577),#578,.F.);
#244=PRESENTATION_STYLE_ASSIGNMENT((#579));
#245=ADVANCED_FACE('',(#580),#581,.F.);
#246=PRESENTATION_STYLE_ASSIGNMENT((#582));
#247=ADVANCED_FACE('',(#583),#584,.F.);
#248=PRESENTATION_STYLE_ASSIGNMENT((#585));
#249=ADVANCED_FACE('',(#586),#587,.F.);
#250=PRESENTATION_STYLE_ASSIGNMENT((#588));
#251=ADVANCED_FACE('',(#589),#590,.F.);
#252=PRESENTATION_STYLE_ASSIGNMENT((#591));
#253=ADVANCED_FACE('',(#592),#593,.T.);
#254=PRESENTATION_STYLE_ASSIGNMENT((#594));
#255=ADVANCED_FACE('',(#595),#596,.T.);
#256=PRESENTATION_STYLE_ASSIGNMENT((#597));
#257=ADVANCED_FACE('',(#598),#599,.F.);
#258=PRESENTATION_STYLE_ASSIGNMENT((#600));
#259=ADVANCED_FACE('',(#601),#602,.F.);
#260=PRESENTATION_STYLE_ASSIGNMENT((#603));
#261=ADVANCED_FACE('',(#604),#605,.F.);
#262=PRESENTATION_STYLE_ASSIGNMENT((#606));
#263=ADVANCED_FACE('',(#607),#608,.F.);
#264=PRESENTATION_STYLE_ASSIGNMENT((#609));
#265=ADVANCED_FACE('',(#610),#611,.F.);
#266=PRESENTATION_STYLE_ASSIGNMENT((#612));
#267=ADVANCED_FACE('',(#613),#614,.F.);
#268=PRESENTATION_STYLE_ASSIGNMENT((#615));
#269=ADVANCED_FACE('',(#616),#617,.T.);
#270=PRESENTATION_STYLE_ASSIGNMENT((#618));
#271=ADVANCED_FACE('',(#619),#620,.F.);
#272=PRESENTATION_STYLE_ASSIGNMENT((#621));
#273=ADVANCED_FACE('',(#622),#623,.F.);
#274=PRESENTATION_STYLE_ASSIGNMENT((#624));
#275=ADVANCED_FACE('',(#625),#626,.F.);
#276=PRESENTATION_STYLE_ASSIGNMENT((#627));
#277=ADVANCED_FACE('',(#628),#629,.T.);
#278=PRESENTATION_STYLE_ASSIGNMENT((#630));
#279=ADVANCED_FACE('',(#631),#632,.F.);
#280=PRESENTATION_STYLE_ASSIGNMENT((#633));
#281=ADVANCED_FACE('',(#634),#635,.T.);
#282=PRESENTATION_STYLE_ASSIGNMENT((#636));
#283=ADVANCED_FACE('',(#637),#638,.F.);
#284=PRESENTATION_STYLE_ASSIGNMENT((#639));
#285=ADVANCED_FACE('',(#640),#641,.F.);
#286=PRESENTATION_STYLE_ASSIGNMENT((#642));
#287=ADVANCED_FACE('',(#643),#644,.F.);
#288=PRESENTATION_STYLE_ASSIGNMENT((#645));
#289=ADVANCED_FACE('',(#646),#647,.F.);
#290=PRESENTATION_STYLE_ASSIGNMENT((#648));
#291=ADVANCED_FACE('',(#649),#650,.F.);
#292=PRESENTATION_STYLE_ASSIGNMENT((#651));
#293=ADVANCED_FACE('',(#652),#653,.T.);
#294=PRESENTATION_STYLE_ASSIGNMENT((#654));
#295=ADVANCED_FACE('',(#655),#656,.F.);
#296=PRESENTATION_STYLE_ASSIGNMENT((#657));
#297=ADVANCED_FACE('',(#658),#659,.T.);
#298=PRESENTATION_STYLE_ASSIGNMENT((#660));
#299=ADVANCED_FACE('',(#661),#662,.F.);
#300=PRESENTATION_STYLE_ASSIGNMENT((#663));
#301=ADVANCED_FACE('',(#664),#665,.F.);
#302=PRESENTATION_STYLE_ASSIGNMENT((#666));
#303=ADVANCED_FACE('',(#667,#668),#669,.F.);
#304=PRESENTATION_STYLE_ASSIGNMENT((#670));
#305=ADVANCED_FACE('',(#671),#672,.T.);
#306=PRESENTATION_STYLE_ASSIGNMENT((#673));
#307=ADVANCED_FACE('',(#674),#675,.F.);
#308=PRESENTATION_STYLE_ASSIGNMENT((#676));
#309=ADVANCED_FACE('',(#677),#678,.F.);
#310=PRESENTATION_STYLE_ASSIGNMENT((#679));
#311=ADVANCED_FACE('',(#680),#681,.F.);
#312=PRESENTATION_STYLE_ASSIGNMENT((#682));
#313=ADVANCED_FACE('',(#683),#684,.F.);
#314=PRESENTATION_STYLE_ASSIGNMENT((#685));
#315=ADVANCED_FACE('',(#686),#687,.F.);
#316=PRESENTATION_STYLE_ASSIGNMENT((#688));
#317=ADVANCED_FACE('',(#689),#690,.F.);
#318=PRESENTATION_STYLE_ASSIGNMENT((#691));
#319=ADVANCED_FACE('',(#692),#693,.F.);
#320=PRESENTATION_STYLE_ASSIGNMENT((#694));
#321=ADVANCED_FACE('',(#695),#696,.F.);
#322=PRESENTATION_STYLE_ASSIGNMENT((#697));
#323=ADVANCED_FACE('',(#698,#699),#700,.F.);
#324=PRESENTATION_STYLE_ASSIGNMENT((#701));
#325=ADVANCED_FACE('',(#702),#703,.T.);
#326=PRESENTATION_STYLE_ASSIGNMENT((#704));
#327=ADVANCED_FACE('',(#705),#706,.F.);
#328=PRESENTATION_STYLE_ASSIGNMENT((#707));
#329=ADVANCED_FACE('',(#708),#709,.F.);
#330=PRESENTATION_STYLE_ASSIGNMENT((#710));
#331=ADVANCED_FACE('',(#711),#712,.F.);
#332=PRESENTATION_STYLE_ASSIGNMENT((#713));
#333=ADVANCED_FACE('',(#714),#715,.T.);
#334=PRESENTATION_STYLE_ASSIGNMENT((#716));
#335=ADVANCED_FACE('',(#717),#718,.F.);
#336=PRESENTATION_STYLE_ASSIGNMENT((#719));
#337=ADVANCED_FACE('',(#720),#721,.F.);
#338=PRESENTATION_STYLE_ASSIGNMENT((#722));
#339=ADVANCED_FACE('',(#723),#724,.F.);
#340=PRESENTATION_STYLE_ASSIGNMENT((#725));
#341=ADVANCED_FACE('',(#726),#727,.F.);
#342=PRESENTATION_STYLE_ASSIGNMENT((#728));
#343=ADVANCED_FACE('',(#729),#730,.F.);
#344=PRESENTATION_STYLE_ASSIGNMENT((#731));
#345=ADVANCED_FACE('',(#732),#733,.F.);
#346=PRESENTATION_STYLE_ASSIGNMENT((#734));
#347=ADVANCED_FACE('',(#735),#736,.F.);
#348=PRESENTATION_STYLE_ASSIGNMENT((#737));
#349=ADVANCED_FACE('',(#738),#739,.F.);
#350=PRESENTATION_STYLE_ASSIGNMENT((#740));
#351=ADVANCED_FACE('',(#741),#742,.F.);
#352=PRESENTATION_STYLE_ASSIGNMENT((#743));
#353=ADVANCED_FACE('',(#744),#745,.F.);
#354=PRESENTATION_STYLE_ASSIGNMENT((#746));
#355=ADVANCED_FACE('',(#747),#748,.F.);
#356=PRESENTATION_STYLE_ASSIGNMENT((#749));
#357=ADVANCED_FACE('',(#750),#751,.F.);
#358=PRESENTATION_STYLE_ASSIGNMENT((#752));
#359=ADVANCED_FACE('',(#753),#754,.F.);
#360=PRESENTATION_STYLE_ASSIGNMENT((#755));
#361=ADVANCED_FACE('',(#756),#757,.T.);
#362=PRESENTATION_STYLE_ASSIGNMENT((#758));
#363=ADVANCED_FACE('',(#759),#760,.F.);
#364=PRESENTATION_STYLE_ASSIGNMENT((#761));
#365=ADVANCED_FACE('',(#762),#763,.F.);
#366=PRESENTATION_STYLE_ASSIGNMENT((#764));
#367=ADVANCED_FACE('',(#765),#766,.F.);
#368=PRESENTATION_STYLE_ASSIGNMENT((#767));
#369=ADVANCED_FACE('',(#768),#769,.F.);
#370=PRESENTATION_STYLE_ASSIGNMENT((#770));
#371=ADVANCED_FACE('',(#771),#772,.T.);
#372=PRESENTATION_STYLE_ASSIGNMENT((#773));
#373=ADVANCED_FACE('',(#774),#775,.F.);
#374=PRESENTATION_STYLE_ASSIGNMENT((#776));
#375=ADVANCED_FACE('',(#777),#778,.T.);
#376=PRESENTATION_STYLE_ASSIGNMENT((#779));
#377=ADVANCED_FACE('',(#780),#781,.F.);
#378=PRESENTATION_STYLE_ASSIGNMENT((#782));
#379=ADVANCED_FACE('',(#783),#784,.F.);
#380=PRESENTATION_STYLE_ASSIGNMENT((#785));
#381=ADVANCED_FACE('',(#786),#787,.T.);
#382=PRESENTATION_STYLE_ASSIGNMENT((#788));
#383=ADVANCED_FACE('',(#789),#790,.F.);
#384=PRESENTATION_STYLE_ASSIGNMENT((#791));
#385=ADVANCED_FACE('',(#792),#793,.F.);
#386=PRESENTATION_STYLE_ASSIGNMENT((#794));
#387=ADVANCED_FACE('',(#795),#796,.F.);
#388=PRESENTATION_STYLE_ASSIGNMENT((#797));
#389=ADVANCED_FACE('',(#798),#799,.T.);
#390=PRESENTATION_STYLE_ASSIGNMENT((#800));
#391=ADVANCED_FACE('',(#801),#802,.F.);
#392=PRESENTATION_STYLE_ASSIGNMENT((#803));
#393=ADVANCED_FACE('',(#804),#805,.F.);
#394=PRESENTATION_STYLE_ASSIGNMENT((#806));
#395=ADVANCED_FACE('',(#807),#808,.T.);
#396=PRESENTATION_STYLE_ASSIGNMENT((#809));
#397=ADVANCED_FACE('',(#810),#811,.T.);
#398=PRESENTATION_STYLE_ASSIGNMENT((#812));
#399=ADVANCED_FACE('',(#813),#814,.F.);
#400=PRESENTATION_STYLE_ASSIGNMENT((#815));
#401=ADVANCED_FACE('',(#816),#817,.T.);
#402=PRESENTATION_STYLE_ASSIGNMENT((#818));
#403=ADVANCED_FACE('',(#819),#820,.F.);
#404=PRESENTATION_STYLE_ASSIGNMENT((#821));
#405=ADVANCED_FACE('',(#822),#823,.F.);
#406=PRESENTATION_STYLE_ASSIGNMENT((#824));
#407=ADVANCED_FACE('',(#825),#826,.F.);
#408=PRESENTATION_STYLE_ASSIGNMENT((#827));
#409=ADVANCED_FACE('',(#828),#829,.T.);
#410=PRESENTATION_STYLE_ASSIGNMENT((#830));
#411=ADVANCED_FACE('',(#831),#832,.T.);
#412=PRESENTATION_STYLE_ASSIGNMENT((#833));
#413=ADVANCED_FACE('',(#834),#835,.T.);
#414=PRESENTATION_STYLE_ASSIGNMENT((#836));
#415=ADVANCED_FACE('',(#837),#838,.T.);
#416=PRESENTATION_STYLE_ASSIGNMENT((#839));
#417=ADVANCED_FACE('',(#840),#841,.T.);
#418=PRESENTATION_STYLE_ASSIGNMENT((#842));
#419=ADVANCED_FACE('',(#843),#844,.T.);
#420=PRESENTATION_STYLE_ASSIGNMENT((#845));
#421=ADVANCED_FACE('',(#846),#847,.F.);
#422=PRESENTATION_STYLE_ASSIGNMENT((#848));
#423=ADVANCED_FACE('',(#849),#850,.F.);
#424=PRESENTATION_STYLE_ASSIGNMENT((#851));
#425=ADVANCED_FACE('',(#852),#853,.F.);
#426=PRESENTATION_STYLE_ASSIGNMENT((#854));
#427=ADVANCED_FACE('',(#855),#856,.F.);
#428=PRESENTATION_STYLE_ASSIGNMENT((#857));
#429=ADVANCED_FACE('',(#858),#859,.F.);
#430=PRESENTATION_STYLE_ASSIGNMENT((#860));
#431=ADVANCED_FACE('',(#861),#862,.F.);
#432=PRESENTATION_STYLE_ASSIGNMENT((#863));
#433=ADVANCED_FACE('',(#864),#865,.F.);
#434=PRESENTATION_STYLE_ASSIGNMENT((#866));
#435=ADVANCED_FACE('',(#867),#868,.F.);
#436=PRESENTATION_STYLE_ASSIGNMENT((#869));
#437=ADVANCED_FACE('',(#870),#871,.T.);
#438=PRESENTATION_STYLE_ASSIGNMENT((#872));
#439=MANIFOLD_SOLID_BREP('UT_1.5-OG-Select',#873);
#440=PRODUCT('UT_1.5-OG-Select','','PART--DESC',(#874));
#441=PRODUCT_DEFINITION('','NONE',#875,#2);
#442=AXIS2_PLACEMENT_3D('',#876,#877,#878);
#445=LENGTH_MEASURE_WITH_UNIT(LENGTH_MEASURE(1.0),#879);
#448=DIMENSIONAL_EXPONENTS(1.0,0.0,0.0,0.0,0.0,0.0,0.0);
#450=DIMENSIONAL_EXPONENTS(0.0,0.0,0.0,0.0,0.0,0.0,0.0);
#456=SURFACE_STYLE_USAGE(.BOTH.,#880);
#457=FACE_OUTER_BOUND('',#881,.T.);
#458=CYLINDRICAL_SURFACE('',#882,1.50000000000001);
#459=SURFACE_STYLE_USAGE(.BOTH.,#883);
#460=FACE_OUTER_BOUND('',#884,.T.);
#461=CYLINDRICAL_SURFACE('',#885,1.50000000000001);
#462=SURFACE_STYLE_USAGE(.BOTH.,#886);
#463=FACE_OUTER_BOUND('',#887,.T.);
#464=CYLINDRICAL_SURFACE('',#888,1.50000000000001);
#465=SURFACE_STYLE_USAGE(.BOTH.,#889);
#466=FACE_OUTER_BOUND('',#890,.T.);
#467=CYLINDRICAL_SURFACE('',#891,1.50000000000001);
#468=SURFACE_STYLE_USAGE(.BOTH.,#892);
#469=FACE_OUTER_BOUND('',#893,.T.);
#470=CYLINDRICAL_SURFACE('',#894,0.75);
#471=SURFACE_STYLE_USAGE(.BOTH.,#895);
#472=FACE_OUTER_BOUND('',#896,.T.);
#473=CYLINDRICAL_SURFACE('',#897,7.5);
#474=SURFACE_STYLE_USAGE(.BOTH.,#898);
#475=FACE_OUTER_BOUND('',#899,.T.);
#476=CYLINDRICAL_SURFACE('',#900,0.5);
#477=SURFACE_STYLE_USAGE(.BOTH.,#901);
#478=FACE_OUTER_BOUND('',#902,.T.);
#479=CYLINDRICAL_SURFACE('',#903,0.900000000000001);
#480=SURFACE_STYLE_USAGE(.BOTH.,#904);
#481=FACE_OUTER_BOUND('',#905,.T.);
#482=PLANE('',#906);
#483=SURFACE_STYLE_USAGE(.BOTH.,#907);
#484=FACE_OUTER_BOUND('',#908,.T.);
#485=CYLINDRICAL_SURFACE('',#909,0.4);
#486=SURFACE_STYLE_USAGE(.BOTH.,#910);
#487=FACE_OUTER_BOUND('',#911,.T.);
#488=PLANE('',#912);
#489=SURFACE_STYLE_USAGE(.BOTH.,#913);
#490=FACE_OUTER_BOUND('',#914,.T.);
#491=PLANE('',#915);
#492=SURFACE_STYLE_USAGE(.BOTH.,#916);
#493=FACE_OUTER_BOUND('',#917,.T.);
#494=CYLINDRICAL_SURFACE('',#918,9.5);
#495=SURFACE_STYLE_USAGE(.BOTH.,#919);
#496=FACE_OUTER_BOUND('',#920,.T.);
#497=PLANE('',#921);
#498=SURFACE_STYLE_USAGE(.BOTH.,#922);
#499=FACE_OUTER_BOUND('',#923,.T.);
#500=PLANE('',#924);
#501=SURFACE_STYLE_USAGE(.BOTH.,#925);
#502=FACE_OUTER_BOUND('',#926,.T.);
#503=CYLINDRICAL_SURFACE('',#927,0.900000000000001);
#504=SURFACE_STYLE_USAGE(.BOTH.,#928);
#505=FACE_OUTER_BOUND('',#929,.T.);
#506=PLANE('',#930);
#507=SURFACE_STYLE_USAGE(.BOTH.,#931);
#508=FACE_OUTER_BOUND('',#932,.T.);
#509=PLANE('',#933);
#510=SURFACE_STYLE_USAGE(.BOTH.,#934);
#511=FACE_OUTER_BOUND('',#935,.T.);
#512=PLANE('',#936);
#513=SURFACE_STYLE_USAGE(.BOTH.,#937);
#514=FACE_OUTER_BOUND('',#938,.T.);
#515=CYLINDRICAL_SURFACE('',#939,8.3);
#516=SURFACE_STYLE_USAGE(.BOTH.,#940);
#517=FACE_OUTER_BOUND('',#941,.T.);
#518=CYLINDRICAL_SURFACE('',#942,0.5);
#519=SURFACE_STYLE_USAGE(.BOTH.,#943);
#520=FACE_OUTER_BOUND('',#944,.T.);
#521=CYLINDRICAL_SURFACE('',#945,7.3);
#522=SURFACE_STYLE_USAGE(.BOTH.,#946);
#523=FACE_OUTER_BOUND('',#947,.T.);
#524=PLANE('',#948);
#525=SURFACE_STYLE_USAGE(.BOTH.,#949);
#526=FACE_OUTER_BOUND('',#950,.T.);
#527=PLANE('',#951);
#528=SURFACE_STYLE_USAGE(.BOTH.,#952);
#529=FACE_OUTER_BOUND('',#953,.T.);
#530=CYLINDRICAL_SURFACE('',#954,0.2);
#531=SURFACE_STYLE_USAGE(.BOTH.,#955);
#532=FACE_OUTER_BOUND('',#956,.T.);
#533=PLANE('',#957);
#534=SURFACE_STYLE_USAGE(.BOTH.,#958);
#535=FACE_OUTER_BOUND('',#959,.T.);
#536=PLANE('',#960);
#537=SURFACE_STYLE_USAGE(.BOTH.,#961);
#538=FACE_OUTER_BOUND('',#962,.T.);
#539=PLANE('',#963);
#540=SURFACE_STYLE_USAGE(.BOTH.,#964);
#541=FACE_OUTER_BOUND('',#965,.T.);
#542=PLANE('',#966);
#543=SURFACE_STYLE_USAGE(.BOTH.,#967);
#544=FACE_OUTER_BOUND('',#968,.T.);
#545=PLANE('',#969);
#546=SURFACE_STYLE_USAGE(.BOTH.,#970);
#547=FACE_OUTER_BOUND('',#971,.T.);
#548=PLANE('',#972);
#549=SURFACE_STYLE_USAGE(.BOTH.,#973);
#550=FACE_OUTER_BOUND('',#974,.T.);
#551=CYLINDRICAL_SURFACE('',#975,32.1);
#552=SURFACE_STYLE_USAGE(.BOTH.,#976);
#553=FACE_OUTER_BOUND('',#977,.T.);
#554=PLANE('',#978);
#555=SURFACE_STYLE_USAGE(.BOTH.,#979);
#556=FACE_OUTER_BOUND('',#980,.T.);
#557=PLANE('',#981);
#558=SURFACE_STYLE_USAGE(.BOTH.,#982);
#559=FACE_OUTER_BOUND('',#983,.T.);
#560=PLANE('',#984);
#561=SURFACE_STYLE_USAGE(.BOTH.,#985);
#562=FACE_OUTER_BOUND('',#986,.T.);
#563=PLANE('',#987);
#564=SURFACE_STYLE_USAGE(.BOTH.,#988);
#565=FACE_OUTER_BOUND('',#989,.T.);
#566=PLANE('',#990);
#567=SURFACE_STYLE_USAGE(.BOTH.,#991);
#568=FACE_OUTER_BOUND('',#992,.T.);
#569=PLANE('',#993);
#570=SURFACE_STYLE_USAGE(.BOTH.,#994);
#571=FACE_OUTER_BOUND('',#995,.T.);
#572=PLANE('',#996);
#573=SURFACE_STYLE_USAGE(.BOTH.,#997);
#574=FACE_OUTER_BOUND('',#998,.T.);
#575=PLANE('',#999);
#576=SURFACE_STYLE_USAGE(.BOTH.,#1000);
#577=FACE_OUTER_BOUND('',#1001,.T.);
#578=PLANE('',#1002);
#579=SURFACE_STYLE_USAGE(.BOTH.,#1003);
#580=FACE_OUTER_BOUND('',#1004,.T.);
#581=PLANE('',#1005);
#582=SURFACE_STYLE_USAGE(.BOTH.,#1006);
#583=FACE_OUTER_BOUND('',#1007,.T.);
#584=CYLINDRICAL_SURFACE('',#1008,7.0);
#585=SURFACE_STYLE_USAGE(.BOTH.,#1009);
#586=FACE_OUTER_BOUND('',#1010,.T.);
#587=CYLINDRICAL_SURFACE('',#1011,25.0);
#588=SURFACE_STYLE_USAGE(.BOTH.,#1012);
#589=FACE_OUTER_BOUND('',#1013,.T.);
#590=PLANE('',#1014);
#591=SURFACE_STYLE_USAGE(.BOTH.,#1015);
#592=FACE_OUTER_BOUND('',#1016,.T.);
#593=PLANE('',#1017);
#594=SURFACE_STYLE_USAGE(.BOTH.,#1018);
#595=FACE_OUTER_BOUND('',#1019,.T.);
#596=PLANE('',#1020);
#597=SURFACE_STYLE_USAGE(.BOTH.,#1021);
#598=FACE_OUTER_BOUND('',#1022,.T.);
#599=PLANE('',#1023);
#600=SURFACE_STYLE_USAGE(.BOTH.,#1024);
#601=FACE_OUTER_BOUND('',#1025,.T.);
#602=PLANE('',#1026);
#603=SURFACE_STYLE_USAGE(.BOTH.,#1027);
#604=FACE_OUTER_BOUND('',#1028,.T.);
#605=PLANE('',#1029);
#606=SURFACE_STYLE_USAGE(.BOTH.,#1030);
#607=FACE_OUTER_BOUND('',#1031,.T.);
#608=PLANE('',#1032);
#609=SURFACE_STYLE_USAGE(.BOTH.,#1033);
#610=FACE_OUTER_BOUND('',#1034,.T.);
#611=CYLINDRICAL_SURFACE('',#1035,7.5);
#612=SURFACE_STYLE_USAGE(.BOTH.,#1036);
#613=FACE_OUTER_BOUND('',#1037,.T.);
#614=PLANE('',#1038);
#615=SURFACE_STYLE_USAGE(.BOTH.,#1039);
#616=FACE_OUTER_BOUND('',#1040,.T.);
#617=PLANE('',#1041);
#618=SURFACE_STYLE_USAGE(.BOTH.,#1042);
#619=FACE_OUTER_BOUND('',#1043,.T.);
#620=PLANE('',#1044);
#621=SURFACE_STYLE_USAGE(.BOTH.,#1045);
#622=FACE_OUTER_BOUND('',#1046,.T.);
#623=PLANE('',#1047);
#624=SURFACE_STYLE_USAGE(.BOTH.,#1048);
#625=FACE_OUTER_BOUND('',#1049,.T.);
#626=PLANE('',#1050);
#627=SURFACE_STYLE_USAGE(.BOTH.,#1051);
#628=FACE_OUTER_BOUND('',#1052,.T.);
#629=PLANE('',#1053);
#630=SURFACE_STYLE_USAGE(.BOTH.,#1054);
#631=FACE_OUTER_BOUND('',#1055,.T.);
#632=PLANE('',#1056);
#633=SURFACE_STYLE_USAGE(.BOTH.,#1057);
#634=FACE_OUTER_BOUND('',#1058,.T.);
#635=PLANE('',#1059);
#636=SURFACE_STYLE_USAGE(.BOTH.,#1060);
#637=FACE_OUTER_BOUND('',#1061,.T.);
#638=PLANE('',#1062);
#639=SURFACE_STYLE_USAGE(.BOTH.,#1063);
#640=FACE_OUTER_BOUND('',#1064,.T.);
#641=PLANE('',#1065);
#642=SURFACE_STYLE_USAGE(.BOTH.,#1066);
#643=FACE_OUTER_BOUND('',#1067,.T.);
#644=PLANE('',#1068);
#645=SURFACE_STYLE_USAGE(.BOTH.,#1069);
#646=FACE_OUTER_BOUND('',#1070,.T.);
#647=PLANE('',#1071);
#648=SURFACE_STYLE_USAGE(.BOTH.,#1072);
#649=FACE_OUTER_BOUND('',#1073,.T.);
#650=PLANE('',#1074);
#651=SURFACE_STYLE_USAGE(.BOTH.,#1075);
#652=FACE_OUTER_BOUND('',#1076,.T.);
#653=PLANE('',#1077);
#654=SURFACE_STYLE_USAGE(.BOTH.,#1078);
#655=FACE_OUTER_BOUND('',#1079,.T.);
#656=PLANE('',#1080);
#657=SURFACE_STYLE_USAGE(.BOTH.,#1081);
#658=FACE_OUTER_BOUND('',#1082,.T.);
#659=PLANE('',#1083);
#660=SURFACE_STYLE_USAGE(.BOTH.,#1084);
#661=FACE_OUTER_BOUND('',#1085,.T.);
#662=PLANE('',#1086);
#663=SURFACE_STYLE_USAGE(.BOTH.,#1087);
#664=FACE_OUTER_BOUND('',#1088,.T.);
#665=PLANE('',#1089);
#666=SURFACE_STYLE_USAGE(.BOTH.,#1090);
#667=FACE_OUTER_BOUND('',#1091,.T.);
#668=FACE_BOUND('',#1092,.T.);
#669=PLANE('',#1093);
#670=SURFACE_STYLE_USAGE(.BOTH.,#1094);
#671=FACE_OUTER_BOUND('',#1095,.T.);
#672=PLANE('',#1096);
#673=SURFACE_STYLE_USAGE(.BOTH.,#1097);
#674=FACE_OUTER_BOUND('',#1098,.T.);
#675=PLANE('',#1099);
#676=SURFACE_STYLE_USAGE(.BOTH.,#1100);
#677=FACE_OUTER_BOUND('',#1101,.T.);
#678=PLANE('',#1102);
#679=SURFACE_STYLE_USAGE(.BOTH.,#1103);
#680=FACE_OUTER_BOUND('',#1104,.T.);
#681=PLANE('',#1105);
#682=SURFACE_STYLE_USAGE(.BOTH.,#1106);
#683=FACE_OUTER_BOUND('',#1107,.T.);
#684=PLANE('',#1108);
#685=SURFACE_STYLE_USAGE(.BOTH.,#1109);
#686=FACE_OUTER_BOUND('',#1110,.T.);
#687=PLANE('',#1111);
#688=SURFACE_STYLE_USAGE(.BOTH.,#1112);
#689=FACE_OUTER_BOUND('',#1113,.T.);
#690=PLANE('',#1114);
#691=SURFACE_STYLE_USAGE(.BOTH.,#1115);
#692=FACE_OUTER_BOUND('',#1116,.T.);
#693=PLANE('',#1117);
#694=SURFACE_STYLE_USAGE(.BOTH.,#1118);
#695=FACE_OUTER_BOUND('',#1119,.T.);
#696=PLANE('',#1120);
#697=SURFACE_STYLE_USAGE(.BOTH.,#1121);
#698=FACE_OUTER_BOUND('',#1122,.T.);
#699=FACE_BOUND('',#1123,.T.);
#700=PLANE('',#1124);
#701=SURFACE_STYLE_USAGE(.BOTH.,#1125);
#702=FACE_OUTER_BOUND('',#1126,.T.);
#703=PLANE('',#1127);
#704=SURFACE_STYLE_USAGE(.BOTH.,#1128);
#705=FACE_OUTER_BOUND('',#1129,.T.);
#706=PLANE('',#1130);
#707=SURFACE_STYLE_USAGE(.BOTH.,#1131);
#708=FACE_OUTER_BOUND('',#1132,.T.);
#709=PLANE('',#1133);
#710=SURFACE_STYLE_USAGE(.BOTH.,#1134);
#711=FACE_OUTER_BOUND('',#1135,.T.);
#712=PLANE('',#1136);
#713=SURFACE_STYLE_USAGE(.BOTH.,#1137);
#714=FACE_OUTER_BOUND('',#1138,.T.);
#715=PLANE('',#1139);
#716=SURFACE_STYLE_USAGE(.BOTH.,#1140);
#717=FACE_OUTER_BOUND('',#1141,.T.);
#718=PLANE('',#1142);
#719=SURFACE_STYLE_USAGE(.BOTH.,#1143);
#720=FACE_OUTER_BOUND('',#1144,.T.);
#721=PLANE('',#1145);
#722=SURFACE_STYLE_USAGE(.BOTH.,#1146);
#723=FACE_OUTER_BOUND('',#1147,.T.);
#724=PLANE('',#1148);
#725=SURFACE_STYLE_USAGE(.BOTH.,#1149);
#726=FACE_OUTER_BOUND('',#1150,.T.);
#727=PLANE('',#1151);
#728=SURFACE_STYLE_USAGE(.BOTH.,#1152);
#729=FACE_OUTER_BOUND('',#1153,.T.);
#730=PLANE('',#1154);
#731=SURFACE_STYLE_USAGE(.BOTH.,#1155);
#732=FACE_OUTER_BOUND('',#1156,.T.);
#733=PLANE('',#1157);
#734=SURFACE_STYLE_USAGE(.BOTH.,#1158);
#735=FACE_OUTER_BOUND('',#1159,.T.);
#736=PLANE('',#1160);
#737=SURFACE_STYLE_USAGE(.BOTH.,#1161);
#738=FACE_OUTER_BOUND('',#1162,.T.);
#739=PLANE('',#1163);
#740=SURFACE_STYLE_USAGE(.BOTH.,#1164);
#741=FACE_OUTER_BOUND('',#1165,.T.);
#742=PLANE('',#1166);
#743=SURFACE_STYLE_USAGE(.BOTH.,#1167);
#744=FACE_OUTER_BOUND('',#1168,.T.);
#745=PLANE('',#1169);
#746=SURFACE_STYLE_USAGE(.BOTH.,#1170);
#747=FACE_OUTER_BOUND('',#1171,.T.);
#748=PLANE('',#1172);
#749=SURFACE_STYLE_USAGE(.BOTH.,#1173);
#750=FACE_OUTER_BOUND('',#1174,.T.);
#751=CYLINDRICAL_SURFACE('',#1175,0.75);
#752=SURFACE_STYLE_USAGE(.BOTH.,#1176);
#753=FACE_OUTER_BOUND('',#1177,.T.);
#754=CYLINDRICAL_SURFACE('',#1178,7.0);
#755=SURFACE_STYLE_USAGE(.BOTH.,#1179);
#756=FACE_OUTER_BOUND('',#1180,.T.);
#757=PLANE('',#1181);
#758=SURFACE_STYLE_USAGE(.BOTH.,#1182);
#759=FACE_OUTER_BOUND('',#1183,.T.);
#760=PLANE('',#1184);
#761=SURFACE_STYLE_USAGE(.BOTH.,#1185);
#762=FACE_OUTER_BOUND('',#1186,.T.);
#763=PLANE('',#1187);
#764=SURFACE_STYLE_USAGE(.BOTH.,#1188);
#765=FACE_OUTER_BOUND('',#1189,.T.);
#766=PLANE('',#1190);
#767=SURFACE_STYLE_USAGE(.BOTH.,#1191);
#768=FACE_OUTER_BOUND('',#1192,.T.);
#769=PLANE('',#1193);
#770=SURFACE_STYLE_USAGE(.BOTH.,#1194);
#771=FACE_OUTER_BOUND('',#1195,.T.);
#772=PLANE('',#1196);
#773=SURFACE_STYLE_USAGE(.BOTH.,#1197);
#774=FACE_OUTER_BOUND('',#1198,.T.);
#775=PLANE('',#1199);
#776=SURFACE_STYLE_USAGE(.BOTH.,#1200);
#777=FACE_OUTER_BOUND('',#1201,.T.);
#778=PLANE('',#1202);
#779=SURFACE_STYLE_USAGE(.BOTH.,#1203);
#780=FACE_OUTER_BOUND('',#1204,.T.);
#781=CYLINDRICAL_SURFACE('',#1205,1.50000000000001);
#782=SURFACE_STYLE_USAGE(.BOTH.,#1206);
#783=FACE_OUTER_BOUND('',#1207,.T.);
#784=PLANE('',#1208);
#785=SURFACE_STYLE_USAGE(.BOTH.,#1209);
#786=FACE_OUTER_BOUND('',#1210,.T.);
#787=PLANE('',#1211);
#788=SURFACE_STYLE_USAGE(.BOTH.,#1212);
#789=FACE_OUTER_BOUND('',#1213,.T.);
#790=CYLINDRICAL_SURFACE('',#1214,1.50000000000001);
#791=SURFACE_STYLE_USAGE(.BOTH.,#1215);
#792=FACE_OUTER_BOUND('',#1216,.T.);
#793=PLANE('',#1217);
#794=SURFACE_STYLE_USAGE(.BOTH.,#1218);
#795=FACE_OUTER_BOUND('',#1219,.T.);
#796=PLANE('',#1220);
#797=SURFACE_STYLE_USAGE(.BOTH.,#1221);
#798=FACE_OUTER_BOUND('',#1222,.T.);
#799=PLANE('',#1223);
#800=SURFACE_STYLE_USAGE(.BOTH.,#1224);
#801=FACE_OUTER_BOUND('',#1225,.T.);
#802=PLANE('',#1226);
#803=SURFACE_STYLE_USAGE(.BOTH.,#1227);
#804=FACE_OUTER_BOUND('',#1228,.T.);
#805=PLANE('',#1229);
#806=SURFACE_STYLE_USAGE(.BOTH.,#1230);
#807=FACE_OUTER_BOUND('',#1231,.T.);
#808=PLANE('',#1232);
#809=SURFACE_STYLE_USAGE(.BOTH.,#1233);
#810=FACE_OUTER_BOUND('',#1234,.T.);
#811=PLANE('',#1235);
#812=SURFACE_STYLE_USAGE(.BOTH.,#1236);
#813=FACE_OUTER_BOUND('',#1237,.T.);
#814=PLANE('',#1238);
#815=SURFACE_STYLE_USAGE(.BOTH.,#1239);
#816=FACE_OUTER_BOUND('',#1240,.T.);
#817=PLANE('',#1241);
#818=SURFACE_STYLE_USAGE(.BOTH.,#1242);
#819=FACE_OUTER_BOUND('',#1243,.T.);
#820=PLANE('',#1244);
#821=SURFACE_STYLE_USAGE(.BOTH.,#1245);
#822=FACE_OUTER_BOUND('',#1246,.T.);
#823=PLANE('',#1247);
#824=SURFACE_STYLE_USAGE(.BOTH.,#1248);
#825=FACE_OUTER_BOUND('',#1249,.T.);
#826=PLANE('',#1250);
#827=SURFACE_STYLE_USAGE(.BOTH.,#1251);
#828=FACE_OUTER_BOUND('',#1252,.T.);
#829=PLANE('',#1253);
#830=SURFACE_STYLE_USAGE(.BOTH.,#1254);
#831=FACE_OUTER_BOUND('',#1255,.T.);
#832=PLANE('',#1256);
#833=SURFACE_STYLE_USAGE(.BOTH.,#1257);
#834=FACE_OUTER_BOUND('',#1258,.T.);
#835=PLANE('',#1259);
#836=SURFACE_STYLE_USAGE(.BOTH.,#1260);
#837=FACE_OUTER_BOUND('',#1261,.T.);
#838=PLANE('',#1262);
#839=SURFACE_STYLE_USAGE(.BOTH.,#1263);
#840=FACE_OUTER_BOUND('',#1264,.T.);
#841=PLANE('',#1265);
#842=SURFACE_STYLE_USAGE(.BOTH.,#1266);
#843=FACE_OUTER_BOUND('',#1267,.T.);
#844=PLANE('',#1268);
#845=SURFACE_STYLE_USAGE(.BOTH.,#1269);
#846=FACE_OUTER_BOUND('',#1270,.T.);
#847=PLANE('',#1271);
#848=SURFACE_STYLE_USAGE(.BOTH.,#1272);
#849=FACE_OUTER_BOUND('',#1273,.T.);
#850=PLANE('',#1274);
#851=SURFACE_STYLE_USAGE(.BOTH.,#1275);
#852=FACE_OUTER_BOUND('',#1276,.T.);
#853=PLANE('',#1277);
#854=SURFACE_STYLE_USAGE(.BOTH.,#1278);
#855=FACE_OUTER_BOUND('',#1279,.T.);
#856=CYLINDRICAL_SURFACE('',#1280,7.0);
#857=SURFACE_STYLE_USAGE(.BOTH.,#1281);
#858=FACE_OUTER_BOUND('',#1282,.T.);
#859=PLANE('',#1283);
#860=SURFACE_STYLE_USAGE(.BOTH.,#1284);
#861=FACE_OUTER_BOUND('',#1285,.T.);
#862=CYLINDRICAL_SURFACE('',#1286,7.0);
#863=SURFACE_STYLE_USAGE(.BOTH.,#1287);
#864=FACE_OUTER_BOUND('',#1288,.T.);
#865=PLANE('',#1289);
#866=SURFACE_STYLE_USAGE(.BOTH.,#1290);
#867=FACE_OUTER_BOUND('',#1291,.T.);
#868=CYLINDRICAL_SURFACE('',#1292,25.0);
#869=SURFACE_STYLE_USAGE(.BOTH.,#1293);
#870=FACE_OUTER_BOUND('',#1294,.T.);
#871=PLANE('',#1295);
#872=SURFACE_STYLE_USAGE(.BOTH.,#1296);
#873=CLOSED_SHELL('',(#163,#165,#167,#169,#171,#173,#175,#177,#179,#181,#183,#185,#187,#189,#191,#193,#195,#197,#199,#201,#203,#205,#207,#209,#211,#213,#215,#217,#219,#221,#223,#225,#227,#229,#231,#233,#235,#237,#239,#241,#243,#245,#247,#249,#251,#253,#255,#257,#259,#261,#263,#265,#267,#269,#271,#273,#275,#277,#279,#281,#283,#285,#287,#289,#291,#293,#295,#297,#299,#301,#303,#305,#307,#309,#311,#313,#315,#317,#319,#321,#323,#325,#327,#329,#331,#333,#335,#337,#339,#341,#343,#345,#347,#349,#351,#353,#355,#357,#359,#361,#363,#365,#367,#369,#371,#373,#375,#377,#379,#381,#383,#385,#387,#389,#391,#393,#395,#397,#399,#401,#403,#405,#407,#409,#411,#413,#415,#417,#419,#421,#423,#425,#427,#429,#431,#433,#435,#437));
#874=PRODUCT_CONTEXT('',#149,'mechanical');
#875=PRODUCT_DEFINITION_FORMATION_WITH_SPECIFIED_SOURCE(' ','NONE',#440,.NOT_KNOWN.);
#876=CARTESIAN_POINT('',(0.0,0.0,0.0));
#877=DIRECTION('',(0.0,0.0,1.0));
#878=DIRECTION('',(1.0,0.0,0.0));
#879= (NAMED_UNIT(#448)LENGTH_UNIT()SI_UNIT(.MILLI.,.METRE.));
#880=SURFACE_SIDE_STYLE('',(#1298));
#881=EDGE_LOOP('',(#1299,#1300,#1301,#1302));
#882=AXIS2_PLACEMENT_3D('',#1303,#1304,#1305);
#883=SURFACE_SIDE_STYLE('',(#1306));
#884=EDGE_LOOP('',(#1307,#1308,#1309,#1310,#1311,#1312,#1313,#1314));
#885=AXIS2_PLACEMENT_3D('',#1315,#1316,#1317);
#886=SURFACE_SIDE_STYLE('',(#1318));
#887=EDGE_LOOP('',(#1319,#1320,#1321,#1322,#1323,#1324,#1325,#1326));
#888=AXIS2_PLACEMENT_3D('',#1327,#1328,#1329);
#889=SURFACE_SIDE_STYLE('',(#1330));
#890=EDGE_LOOP('',(#1331,#1332,#1333,#1334,#1335,#1336,#1337,#1338));
#891=AXIS2_PLACEMENT_3D('',#1339,#1340,#1341);
#892=SURFACE_SIDE_STYLE('',(#1342));
#893=EDGE_LOOP('',(#1343,#1344,#1345,#1346));
#894=AXIS2_PLACEMENT_3D('',#1347,#1348,#1349);
#895=SURFACE_SIDE_STYLE('',(#1350));
#896=EDGE_LOOP('',(#1351,#1352,#1353,#1354));
#897=AXIS2_PLACEMENT_3D('',#1355,#1356,#1357);
#898=SURFACE_SIDE_STYLE('',(#1358));
#899=EDGE_LOOP('',(#1359,#1360,#1361,#1362));
#900=AXIS2_PLACEMENT_3D('',#1363,#1364,#1365);
#901=SURFACE_SIDE_STYLE('',(#1366));
#902=EDGE_LOOP('',(#1367,#1368,#1369,#1370));
#903=AXIS2_PLACEMENT_3D('',#1371,#1372,#1373);
#904=SURFACE_SIDE_STYLE('',(#1374));
#905=EDGE_LOOP('',(#1375,#1376,#1377,#1378));
#906=AXIS2_PLACEMENT_3D('',#1379,#1380,#1381);
#907=SURFACE_SIDE_STYLE('',(#1382));
#908=EDGE_LOOP('',(#1383,#1384,#1385,#1386));
#909=AXIS2_PLACEMENT_3D('',#1387,#1388,#1389);
#910=SURFACE_SIDE_STYLE('',(#1390));
#911=EDGE_LOOP('',(#1391,#1392,#1393,#1394));
#912=AXIS2_PLACEMENT_3D('',#1395,#1396,#1397);
#913=SURFACE_SIDE_STYLE('',(#1398));
#914=EDGE_LOOP('',(#1399,#1400,#1401,#1402,#1403,#1404));
#915=AXIS2_PLACEMENT_3D('',#1405,#1406,#1407);
#916=SURFACE_SIDE_STYLE('',(#1408));
#917=EDGE_LOOP('',(#1409,#1410,#1411,#1412));
#918=AXIS2_PLACEMENT_3D('',#1413,#1414,#1415);
#919=SURFACE_SIDE_STYLE('',(#1416));
#920=EDGE_LOOP('',(#1417,#1418,#1419,#1420));
#921=AXIS2_PLACEMENT_3D('',#1421,#1422,#1423);
#922=SURFACE_SIDE_STYLE('',(#1424));
#923=EDGE_LOOP('',(#1425,#1426,#1427,#1428));
#924=AXIS2_PLACEMENT_3D('',#1429,#1430,#1431);
#925=SURFACE_SIDE_STYLE('',(#1432));
#926=EDGE_LOOP('',(#1433,#1434,#1435,#1436));
#927=AXIS2_PLACEMENT_3D('',#1437,#1438,#1439);
#928=SURFACE_SIDE_STYLE('',(#1440));
#929=EDGE_LOOP('',(#1441,#1442,#1443,#1444));
#930=AXIS2_PLACEMENT_3D('',#1445,#1446,#1447);
#931=SURFACE_SIDE_STYLE('',(#1448));
#932=EDGE_LOOP('',(#1449,#1450,#1451,#1452));
#933=AXIS2_PLACEMENT_3D('',#1453,#1454,#1455);
#934=SURFACE_SIDE_STYLE('',(#1456));
#935=EDGE_LOOP('',(#1457,#1458,#1459,#1460));
#936=AXIS2_PLACEMENT_3D('',#1461,#1462,#1463);
#937=SURFACE_SIDE_STYLE('',(#1464));
#938=EDGE_LOOP('',(#1465,#1466,#1467,#1468));
#939=AXIS2_PLACEMENT_3D('',#1469,#1470,#1471);
#940=SURFACE_SIDE_STYLE('',(#1472));
#941=EDGE_LOOP('',(#1473,#1474,#1475,#1476));
#942=AXIS2_PLACEMENT_3D('',#1477,#1478,#1479);
#943=SURFACE_SIDE_STYLE('',(#1480));
#944=EDGE_LOOP('',(#1481,#1482,#1483,#1484));
#945=AXIS2_PLACEMENT_3D('',#1485,#1486,#1487);
#946=SURFACE_SIDE_STYLE('',(#1488));
#947=EDGE_LOOP('',(#1489,#1490,#1491,#1492));
#948=AXIS2_PLACEMENT_3D('',#1493,#1494,#1495);
#949=SURFACE_SIDE_STYLE('',(#1496));
#950=EDGE_LOOP('',(#1497,#1498,#1499,#1500));
#951=AXIS2_PLACEMENT_3D('',#1501,#1502,#1503);
#952=SURFACE_SIDE_STYLE('',(#1504));
#953=EDGE_LOOP('',(#1505,#1506,#1507,#1508));
#954=AXIS2_PLACEMENT_3D('',#1509,#1510,#1511);
#955=SURFACE_SIDE_STYLE('',(#1512));
#956=EDGE_LOOP('',(#1513,#1514,#1515,#1516));
#957=AXIS2_PLACEMENT_3D('',#1517,#1518,#1519);
#958=SURFACE_SIDE_STYLE('',(#1520));
#959=EDGE_LOOP('',(#1521,#1522,#1523,#1524));
#960=AXIS2_PLACEMENT_3D('',#1525,#1526,#1527);
#961=SURFACE_SIDE_STYLE('',(#1528));
#962=EDGE_LOOP('',(#1529,#1530,#1531,#1532));
#963=AXIS2_PLACEMENT_3D('',#1533,#1534,#1535);
#964=SURFACE_SIDE_STYLE('',(#1536));
#965=EDGE_LOOP('',(#1537,#1538,#1539,#1540));
#966=AXIS2_PLACEMENT_3D('',#1541,#1542,#1543);
#967=SURFACE_SIDE_STYLE('',(#1544));
#968=EDGE_LOOP('',(#1545,#1546,#1547,#1548));
#969=AXIS2_PLACEMENT_3D('',#1549,#1550,#1551);
#970=SURFACE_SIDE_STYLE('',(#1552));
#971=EDGE_LOOP('',(#1553,#1554,#1555,#1556));
#972=AXIS2_PLACEMENT_3D('',#1557,#1558,#1559);
#973=SURFACE_SIDE_STYLE('',(#1560));
#974=EDGE_LOOP('',(#1561,#1562,#1563,#1564,#1565,#1566));
#975=AXIS2_PLACEMENT_3D('',#1567,#1568,#1569);
#976=SURFACE_SIDE_STYLE('',(#1570));
#977=EDGE_LOOP('',(#1571,#1572,#1573,#1574));
#978=AXIS2_PLACEMENT_3D('',#1575,#1576,#1577);
#979=SURFACE_SIDE_STYLE('',(#1578));
#980=EDGE_LOOP('',(#1579,#1580,#1581,#1582,#1583,#1584));
#981=AXIS2_PLACEMENT_3D('',#1585,#1586,#1587);
#982=SURFACE_SIDE_STYLE('',(#1588));
#983=EDGE_LOOP('',(#1589,#1590,#1591,#1592));
#984=AXIS2_PLACEMENT_3D('',#1593,#1594,#1595);
#985=SURFACE_SIDE_STYLE('',(#1596));
#986=EDGE_LOOP('',(#1597,#1598,#1599,#1600,#1601,#1602,#1603,#1604));
#987=AXIS2_PLACEMENT_3D('',#1605,#1606,#1607);
#988=SURFACE_SIDE_STYLE('',(#1608));
#989=EDGE_LOOP('',(#1609,#1610,#1611,#1612));
#990=AXIS2_PLACEMENT_3D('',#1613,#1614,#1615);
#991=SURFACE_SIDE_STYLE('',(#1616));
#992=EDGE_LOOP('',(#1617,#1618,#1619,#1620));
#993=AXIS2_PLACEMENT_3D('',#1621,#1622,#1623);
#994=SURFACE_SIDE_STYLE('',(#1624));
#995=EDGE_LOOP('',(#1625,#1626,#1627,#1628));
#996=AXIS2_PLACEMENT_3D('',#1629,#1630,#1631);
#997=SURFACE_SIDE_STYLE('',(#1632));
#998=EDGE_LOOP('',(#1633,#1634,#1635,#1636));
#999=AXIS2_PLACEMENT_3D('',#1637,#1638,#1639);
#1000=SURFACE_SIDE_STYLE('',(#1640));
#1001=EDGE_LOOP('',(#1641,#1642,#1643,#1644));
#1002=AXIS2_PLACEMENT_3D('',#1645,#1646,#1647);
#1003=SURFACE_SIDE_STYLE('',(#1648));
#1004=EDGE_LOOP('',(#1649,#1650,#1651,#1652,#1653,#1654));
#1005=AXIS2_PLACEMENT_3D('',#1655,#1656,#1657);
#1006=SURFACE_SIDE_STYLE('',(#1658));
#1007=EDGE_LOOP('',(#1659,#1660,#1661,#1662));
#1008=AXIS2_PLACEMENT_3D('',#1663,#1664,#1665);
#1009=SURFACE_SIDE_STYLE('',(#1666));
#1010=EDGE_LOOP('',(#1667,#1668,#1669,#1670,#1671,#1672,#1673,#1674));
#1011=AXIS2_PLACEMENT_3D('',#1675,#1676,#1677);
#1012=SURFACE_SIDE_STYLE('',(#1678));
#1013=EDGE_LOOP('',(#1679,#1680,#1681,#1682,#1683,#1684,#1685,#1686,#1687,#1688));
#1014=AXIS2_PLACEMENT_3D('',#1689,#1690,#1691);
#1015=SURFACE_SIDE_STYLE('',(#1692));
#1016=EDGE_LOOP('',(#1693,#1694,#1695,#1696,#1697));
#1017=AXIS2_PLACEMENT_3D('',#1698,#1699,#1700);
#1018=SURFACE_SIDE_STYLE('',(#1701));
#1019=EDGE_LOOP('',(#1702,#1703,#1704,#1705,#1706,#1707,#1708,#1709,#1710,#1711));
#1020=AXIS2_PLACEMENT_3D('',#1712,#1713,#1714);
#1021=SURFACE_SIDE_STYLE('',(#1715));
#1022=EDGE_LOOP('',(#1716,#1717,#1718,#1719,#1720,#1721));
#1023=AXIS2_PLACEMENT_3D('',#1722,#1723,#1724);
#1024=SURFACE_SIDE_STYLE('',(#1725));
#1025=EDGE_LOOP('',(#1726,#1727,#1728,#1729,#1730));
#1026=AXIS2_PLACEMENT_3D('',#1731,#1732,#1733);
#1027=SURFACE_SIDE_STYLE('',(#1734));
#1028=EDGE_LOOP('',(#1735,#1736,#1737,#1738));
#1029=AXIS2_PLACEMENT_3D('',#1739,#1740,#1741);
#1030=SURFACE_SIDE_STYLE('',(#1742));
#1031=EDGE_LOOP('',(#1743,#1744,#1745,#1746,#1747,#1748,#1749));
#1032=AXIS2_PLACEMENT_3D('',#1750,#1751,#1752);
#1033=SURFACE_SIDE_STYLE('',(#1753));
#1034=EDGE_LOOP('',(#1754,#1755,#1756,#1757));
#1035=AXIS2_PLACEMENT_3D('',#1758,#1759,#1760);
#1036=SURFACE_SIDE_STYLE('',(#1761));
#1037=EDGE_LOOP('',(#1762,#1763,#1764,#1765,#1766,#1767,#1768,#1769));
#1038=AXIS2_PLACEMENT_3D('',#1770,#1771,#1772);
#1039=SURFACE_SIDE_STYLE('',(#1773));
#1040=EDGE_LOOP('',(#1774,#1775,#1776,#1777));
#1041=AXIS2_PLACEMENT_3D('',#1778,#1779,#1780);
#1042=SURFACE_SIDE_STYLE('',(#1781));
#1043=EDGE_LOOP('',(#1782,#1783,#1784,#1785));
#1044=AXIS2_PLACEMENT_3D('',#1786,#1787,#1788);
#1045=SURFACE_SIDE_STYLE('',(#1789));
#1046=EDGE_LOOP('',(#1790,#1791,#1792,#1793));
#1047=AXIS2_PLACEMENT_3D('',#1794,#1795,#1796);
#1048=SURFACE_SIDE_STYLE('',(#1797));
#1049=EDGE_LOOP('',(#1798,#1799,#1800,#1801));
#1050=AXIS2_PLACEMENT_3D('',#1802,#1803,#1804);
#1051=SURFACE_SIDE_STYLE('',(#1805));
#1052=EDGE_LOOP('',(#1806,#1807,#1808,#1809,#1810,#1811,#1812));
#1053=AXIS2_PLACEMENT_3D('',#1813,#1814,#1815);
#1054=SURFACE_SIDE_STYLE('',(#1816));
#1055=EDGE_LOOP('',(#1817,#1818,#1819,#1820));
#1056=AXIS2_PLACEMENT_3D('',#1821,#1822,#1823);
#1057=SURFACE_SIDE_STYLE('',(#1824));
#1058=EDGE_LOOP('',(#1825,#1826,#1827,#1828,#1829));
#1059=AXIS2_PLACEMENT_3D('',#1830,#1831,#1832);
#1060=SURFACE_SIDE_STYLE('',(#1833));
#1061=EDGE_LOOP('',(#1834,#1835,#1836,#1837));
#1062=AXIS2_PLACEMENT_3D('',#1838,#1839,#1840);
#1063=SURFACE_SIDE_STYLE('',(#1841));
#1064=EDGE_LOOP('',(#1842,#1843,#1844,#1845));
#1065=AXIS2_PLACEMENT_3D('',#1846,#1847,#1848);
#1066=SURFACE_SIDE_STYLE('',(#1849));
#1067=EDGE_LOOP('',(#1850,#1851,#1852,#1853));
#1068=AXIS2_PLACEMENT_3D('',#1854,#1855,#1856);
#1069=SURFACE_SIDE_STYLE('',(#1857));
#1070=EDGE_LOOP('',(#1858,#1859,#1860,#1861));
#1071=AXIS2_PLACEMENT_3D('',#1862,#1863,#1864);
#1072=SURFACE_SIDE_STYLE('',(#1865));
#1073=EDGE_LOOP('',(#1866,#1867,#1868,#1869));
#1074=AXIS2_PLACEMENT_3D('',#1870,#1871,#1872);
#1075=SURFACE_SIDE_STYLE('',(#1873));
#1076=EDGE_LOOP('',(#1874,#1875,#1876,#1877));
#1077=AXIS2_PLACEMENT_3D('',#1878,#1879,#1880);
#1078=SURFACE_SIDE_STYLE('',(#1881));
#1079=EDGE_LOOP('',(#1882,#1883,#1884,#1885));
#1080=AXIS2_PLACEMENT_3D('',#1886,#1887,#1888);
#1081=SURFACE_SIDE_STYLE('',(#1889));
#1082=EDGE_LOOP('',(#1890,#1891,#1892,#1893));
#1083=AXIS2_PLACEMENT_3D('',#1894,#1895,#1896);
#1084=SURFACE_SIDE_STYLE('',(#1897));
#1085=EDGE_LOOP('',(#1898,#1899,#1900,#1901));
#1086=AXIS2_PLACEMENT_3D('',#1902,#1903,#1904);
#1087=SURFACE_SIDE_STYLE('',(#1905));
#1088=EDGE_LOOP('',(#1906,#1907,#1908,#1909));
#1089=AXIS2_PLACEMENT_3D('',#1910,#1911,#1912);
#1090=SURFACE_SIDE_STYLE('',(#1913));
#1091=EDGE_LOOP('',(#1914,#1915,#1916,#1917));
#1092=EDGE_LOOP('',(#1918,#1919,#1920,#1921));
#1093=AXIS2_PLACEMENT_3D('',#1922,#1923,#1924);
#1094=SURFACE_SIDE_STYLE('',(#1925));
#1095=EDGE_LOOP('',(#1926,#1927,#1928,#1929));
#1096=AXIS2_PLACEMENT_3D('',#1930,#1931,#1932);
#1097=SURFACE_SIDE_STYLE('',(#1933));
#1098=EDGE_LOOP('',(#1934,#1935,#1936,#1937));
#1099=AXIS2_PLACEMENT_3D('',#1938,#1939,#1940);
#1100=SURFACE_SIDE_STYLE('',(#1941));
#1101=EDGE_LOOP('',(#1942,#1943,#1944,#1945));
#1102=AXIS2_PLACEMENT_3D('',#1946,#1947,#1948);
#1103=SURFACE_SIDE_STYLE('',(#1949));
#1104=EDGE_LOOP('',(#1950,#1951,#1952,#1953,#1954,#1955,#1956,#1957));
#1105=AXIS2_PLACEMENT_3D('',#1958,#1959,#1960);
#1106=SURFACE_SIDE_STYLE('',(#1961));
#1107=EDGE_LOOP('',(#1962,#1963,#1964,#1965,#1966,#1967,#1968,#1969,#1970,#1971,#1972,#1973));
#1108=AXIS2_PLACEMENT_3D('',#1974,#1975,#1976);
#1109=SURFACE_SIDE_STYLE('',(#1977));
#1110=EDGE_LOOP('',(#1978,#1979,#1980,#1981,#1982,#1983,#1984,#1985));
#1111=AXIS2_PLACEMENT_3D('',#1986,#1987,#1988);
#1112=SURFACE_SIDE_STYLE('',(#1989));
#1113=EDGE_LOOP('',(#1990,#1991,#1992,#1993));
#1114=AXIS2_PLACEMENT_3D('',#1994,#1995,#1996);
#1115=SURFACE_SIDE_STYLE('',(#1997));
#1116=EDGE_LOOP('',(#1998,#1999,#2000,#2001));
#1117=AXIS2_PLACEMENT_3D('',#2002,#2003,#2004);
#1118=SURFACE_SIDE_STYLE('',(#2005));
#1119=EDGE_LOOP('',(#2006,#2007,#2008,#2009,#2010,#2011,#2012,#2013));
#1120=AXIS2_PLACEMENT_3D('',#2014,#2015,#2016);
#1121=SURFACE_SIDE_STYLE('',(#2017));
#1122=EDGE_LOOP('',(#2018,#2019,#2020,#2021));
#1123=EDGE_LOOP('',(#2022,#2023,#2024,#2025));
#1124=AXIS2_PLACEMENT_3D('',#2026,#2027,#2028);
#1125=SURFACE_SIDE_STYLE('',(#2029));
#1126=EDGE_LOOP('',(#2030,#2031,#2032,#2033,#2034,#2035));
#1127=AXIS2_PLACEMENT_3D('',#2036,#2037,#2038);
#1128=SURFACE_SIDE_STYLE('',(#2039));
#1129=EDGE_LOOP('',(#2040,#2041,#2042,#2043));
#1130=AXIS2_PLACEMENT_3D('',#2044,#2045,#2046);
#1131=SURFACE_SIDE_STYLE('',(#2047));
#1132=EDGE_LOOP('',(#2048,#2049,#2050,#2051));
#1133=AXIS2_PLACEMENT_3D('',#2052,#2053,#2054);
#1134=SURFACE_SIDE_STYLE('',(#2055));
#1135=EDGE_LOOP('',(#2056,#2057,#2058,#2059));
#1136=AXIS2_PLACEMENT_3D('',#2060,#2061,#2062);
#1137=SURFACE_SIDE_STYLE('',(#2063));
#1138=EDGE_LOOP('',(#2064,#2065,#2066,#2067));
#1139=AXIS2_PLACEMENT_3D('',#2068,#2069,#2070);
#1140=SURFACE_SIDE_STYLE('',(#2071));
#1141=EDGE_LOOP('',(#2072,#2073,#2074,#2075));
#1142=AXIS2_PLACEMENT_3D('',#2076,#2077,#2078);
#1143=SURFACE_SIDE_STYLE('',(#2079));
#1144=EDGE_LOOP('',(#2080,#2081,#2082,#2083));
#1145=AXIS2_PLACEMENT_3D('',#2084,#2085,#2086);
#1146=SURFACE_SIDE_STYLE('',(#2087));
#1147=EDGE_LOOP('',(#2088,#2089,#2090,#2091));
#1148=AXIS2_PLACEMENT_3D('',#2092,#2093,#2094);
#1149=SURFACE_SIDE_STYLE('',(#2095));
#1150=EDGE_LOOP('',(#2096,#2097,#2098,#2099));
#1151=AXIS2_PLACEMENT_3D('',#2100,#2101,#2102);
#1152=SURFACE_SIDE_STYLE('',(#2103));
#1153=EDGE_LOOP('',(#2104,#2105,#2106,#2107));
#1154=AXIS2_PLACEMENT_3D('',#2108,#2109,#2110);
#1155=SURFACE_SIDE_STYLE('',(#2111));
#1156=EDGE_LOOP('',(#2112,#2113,#2114,#2115));
#1157=AXIS2_PLACEMENT_3D('',#2116,#2117,#2118);
#1158=SURFACE_SIDE_STYLE('',(#2119));
#1159=EDGE_LOOP('',(#2120,#2121,#2122,#2123));
#1160=AXIS2_PLACEMENT_3D('',#2124,#2125,#2126);
#1161=SURFACE_SIDE_STYLE('',(#2127));
#1162=EDGE_LOOP('',(#2128,#2129,#2130,#2131,#2132,#2133,#2134,#2135));
#1163=AXIS2_PLACEMENT_3D('',#2136,#2137,#2138);
#1164=SURFACE_SIDE_STYLE('',(#2139));
#1165=EDGE_LOOP('',(#2140,#2141,#2142,#2143));
#1166=AXIS2_PLACEMENT_3D('',#2144,#2145,#2146);
#1167=SURFACE_SIDE_STYLE('',(#2147));
#1168=EDGE_LOOP('',(#2148,#2149,#2150,#2151,#2152));
#1169=AXIS2_PLACEMENT_3D('',#2153,#2154,#2155);
#1170=SURFACE_SIDE_STYLE('',(#2156));
#1171=EDGE_LOOP('',(#2157,#2158,#2159,#2160));
#1172=AXIS2_PLACEMENT_3D('',#2161,#2162,#2163);
#1173=SURFACE_SIDE_STYLE('',(#2164));
#1174=EDGE_LOOP('',(#2165,#2166,#2167,#2168));
#1175=AXIS2_PLACEMENT_3D('',#2169,#2170,#2171);
#1176=SURFACE_SIDE_STYLE('',(#2172));
#1177=EDGE_LOOP('',(#2173,#2174,#2175,#2176));
#1178=AXIS2_PLACEMENT_3D('',#2177,#2178,#2179);
#1179=SURFACE_SIDE_STYLE('',(#2180));
#1180=EDGE_LOOP('',(#2181,#2182,#2183,#2184));
#1181=AXIS2_PLACEMENT_3D('',#2185,#2186,#2187);
#1182=SURFACE_SIDE_STYLE('',(#2188));
#1183=EDGE_LOOP('',(#2189,#2190,#2191,#2192));
#1184=AXIS2_PLACEMENT_3D('',#2193,#2194,#2195);
#1185=SURFACE_SIDE_STYLE('',(#2196));
#1186=EDGE_LOOP('',(#2197,#2198,#2199,#2200));
#1187=AXIS2_PLACEMENT_3D('',#2201,#2202,#2203);
#1188=SURFACE_SIDE_STYLE('',(#2204));
#1189=EDGE_LOOP('',(#2205,#2206,#2207,#2208));
#1190=AXIS2_PLACEMENT_3D('',#2209,#2210,#2211);
#1191=SURFACE_SIDE_STYLE('',(#2212));
#1192=EDGE_LOOP('',(#2213,#2214,#2215,#2216));
#1193=AXIS2_PLACEMENT_3D('',#2217,#2218,#2219);
#1194=SURFACE_SIDE_STYLE('',(#2220));
#1195=EDGE_LOOP('',(#2221,#2222,#2223,#2224));
#1196=AXIS2_PLACEMENT_3D('',#2225,#2226,#2227);
#1197=SURFACE_SIDE_STYLE('',(#2228));
#1198=EDGE_LOOP('',(#2229,#2230,#2231,#2232));
#1199=AXIS2_PLACEMENT_3D('',#2233,#2234,#2235);
#1200=SURFACE_SIDE_STYLE('',(#2236));
#1201=EDGE_LOOP('',(#2237,#2238,#2239,#2240,#2241));
#1202=AXIS2_PLACEMENT_3D('',#2242,#2243,#2244);
#1203=SURFACE_SIDE_STYLE('',(#2245));
#1204=EDGE_LOOP('',(#2246,#2247,#2248,#2249));
#1205=AXIS2_PLACEMENT_3D('',#2250,#2251,#2252);
#1206=SURFACE_SIDE_STYLE('',(#2253));
#1207=EDGE_LOOP('',(#2254,#2255,#2256,#2257));
#1208=AXIS2_PLACEMENT_3D('',#2258,#2259,#2260);
#1209=SURFACE_SIDE_STYLE('',(#2261));
#1210=EDGE_LOOP('',(#2262,#2263,#2264,#2265,#2266));
#1211=AXIS2_PLACEMENT_3D('',#2267,#2268,#2269);
#1212=SURFACE_SIDE_STYLE('',(#2270));
#1213=EDGE_LOOP('',(#2271,#2272,#2273,#2274,#2275,#2276,#2277,#2278));
#1214=AXIS2_PLACEMENT_3D('',#2279,#2280,#2281);
#1215=SURFACE_SIDE_STYLE('',(#2282));
#1216=EDGE_LOOP('',(#2283,#2284,#2285,#2286));
#1217=AXIS2_PLACEMENT_3D('',#2287,#2288,#2289);
#1218=SURFACE_SIDE_STYLE('',(#2290));
#1219=EDGE_LOOP('',(#2291,#2292,#2293,#2294));
#1220=AXIS2_PLACEMENT_3D('',#2295,#2296,#2297);
#1221=SURFACE_SIDE_STYLE('',(#2298));
#1222=EDGE_LOOP('',(#2299,#2300,#2301));
#1223=AXIS2_PLACEMENT_3D('',#2302,#2303,#2304);
#1224=SURFACE_SIDE_STYLE('',(#2305));
#1225=EDGE_LOOP('',(#2306,#2307,#2308,#2309));
#1226=AXIS2_PLACEMENT_3D('',#2310,#2311,#2312);
#1227=SURFACE_SIDE_STYLE('',(#2313));
#1228=EDGE_LOOP('',(#2314,#2315,#2316,#2317));
#1229=AXIS2_PLACEMENT_3D('',#2318,#2319,#2320);
#1230=SURFACE_SIDE_STYLE('',(#2321));
#1231=EDGE_LOOP('',(#2322,#2323,#2324));
#1232=AXIS2_PLACEMENT_3D('',#2325,#2326,#2327);
#1233=SURFACE_SIDE_STYLE('',(#2328));
#1234=EDGE_LOOP('',(#2329,#2330,#2331,#2332));
#1235=AXIS2_PLACEMENT_3D('',#2333,#2334,#2335);
#1236=SURFACE_SIDE_STYLE('',(#2336));
#1237=EDGE_LOOP('',(#2337,#2338,#2339,#2340));
#1238=AXIS2_PLACEMENT_3D('',#2341,#2342,#2343);
#1239=SURFACE_SIDE_STYLE('',(#2344));
#1240=EDGE_LOOP('',(#2345,#2346,#2347,#2348));
#1241=AXIS2_PLACEMENT_3D('',#2349,#2350,#2351);
#1242=SURFACE_SIDE_STYLE('',(#2352));
#1243=EDGE_LOOP('',(#2353,#2354,#2355,#2356));
#1244=AXIS2_PLACEMENT_3D('',#2357,#2358,#2359);
#1245=SURFACE_SIDE_STYLE('',(#2360));
#1246=EDGE_LOOP('',(#2361,#2362,#2363,#2364));
#1247=AXIS2_PLACEMENT_3D('',#2365,#2366,#2367);
#1248=SURFACE_SIDE_STYLE('',(#2368));
#1249=EDGE_LOOP('',(#2369,#2370,#2371,#2372));
#1250=AXIS2_PLACEMENT_3D('',#2373,#2374,#2375);
#1251=SURFACE_SIDE_STYLE('',(#2376));
#1252=EDGE_LOOP('',(#2377,#2378,#2379,#2380));
#1253=AXIS2_PLACEMENT_3D('',#2381,#2382,#2383);
#1254=SURFACE_SIDE_STYLE('',(#2384));
#1255=EDGE_LOOP('',(#2385,#2386,#2387,#2388));
#1256=AXIS2_PLACEMENT_3D('',#2389,#2390,#2391);
#1257=SURFACE_SIDE_STYLE('',(#2392));
#1258=EDGE_LOOP('',(#2393,#2394,#2395,#2396));
#1259=AXIS2_PLACEMENT_3D('',#2397,#2398,#2399);
#1260=SURFACE_SIDE_STYLE('',(#2400));
#1261=EDGE_LOOP('',(#2401,#2402,#2403,#2404));
#1262=AXIS2_PLACEMENT_3D('',#2405,#2406,#2407);
#1263=SURFACE_SIDE_STYLE('',(#2408));
#1264=EDGE_LOOP('',(#2409,#2410,#2411,#2412));
#1265=AXIS2_PLACEMENT_3D('',#2413,#2414,#2415);
#1266=SURFACE_SIDE_STYLE('',(#2416));
#1267=EDGE_LOOP('',(#2417,#2418,#2419,#2420));
#1268=AXIS2_PLACEMENT_3D('',#2421,#2422,#2423);
#1269=SURFACE_SIDE_STYLE('',(#2424));
#1270=EDGE_LOOP('',(#2425,#2426,#2427,#2428,#2429,#2430,#2431,#2432,#2433,#2434,#2435,#2436,#2437,#2438,#2439,#2440,#2441,#2442,#2443,#2444,#2445,#2446,#2447,#2448,#2449,#2450,#2451,#2452,#2453,#2454,#2455,#2456,#2457,#2458,#2459,#2460,#2461,#2462,#2463,#2464,#2465,#2466,#2467,#2468,#2469,#2470,#2471,#2472,#2473,#2474,#2475,#2476,#2477,#2478,#2479,#2480,#2481,#2482,#2483,#2484,#2485,#2486,#2487,#2488,#2489,#2490,#2491));
#1271=AXIS2_PLACEMENT_3D('',#2492,#2493,#2494);
#1272=SURFACE_SIDE_STYLE('',(#2495));
#1273=EDGE_LOOP('',(#2496,#2497,#2498,#2499));
#1274=AXIS2_PLACEMENT_3D('',#2500,#2501,#2502);
#1275=SURFACE_SIDE_STYLE('',(#2503));
#1276=EDGE_LOOP('',(#2504,#2505,#2506,#2507));
#1277=AXIS2_PLACEMENT_3D('',#2508,#2509,#2510);
#1278=SURFACE_SIDE_STYLE('',(#2511));
#1279=EDGE_LOOP('',(#2512,#2513,#2514,#2515));
#1280=AXIS2_PLACEMENT_3D('',#2516,#2517,#2518);
#1281=SURFACE_SIDE_STYLE('',(#2519));
#1282=EDGE_LOOP('',(#2520,#2521,#2522,#2523,#2524,#2525,#2526,#2527));
#1283=AXIS2_PLACEMENT_3D('',#2528,#2529,#2530);
#1284=SURFACE_SIDE_STYLE('',(#2531));
#1285=EDGE_LOOP('',(#2532,#2533,#2534,#2535));
#1286=AXIS2_PLACEMENT_3D('',#2536,#2537,#2538);
#1287=SURFACE_SIDE_STYLE('',(#2539));
#1288=EDGE_LOOP('',(#2540,#2541,#2542,#2543));
#1289=AXIS2_PLACEMENT_3D('',#2544,#2545,#2546);
#1290=SURFACE_SIDE_STYLE('',(#2547));
#1291=EDGE_LOOP('',(#2548,#2549,#2550,#2551,#2552,#2553,#2554,#2555));
#1292=AXIS2_PLACEMENT_3D('',#2556,#2557,#2558);
#1293=SURFACE_SIDE_STYLE('',(#2559));
#1294=EDGE_LOOP('',(#2560,#2561,#2562,#2563,#2564,#2565,#2566,#2567,#2568,#2569,#2570,#2571,#2572,#2573,#2574,#2575,#2576,#2577,#2578,#2579,#2580,#2581,#2582,#2583,#2584,#2585,#2586,#2587,#2588,#2589,#2590,#2591,#2592,#2593,#2594,#2595,#2596,#2597,#2598,#2599,#2600,#2601,#2602,#2603,#2604,#2605,#2606,#2607,#2608,#2609,#2610,#2611,#2612,#2613,#2614,#2615,#2616,#2617,#2618,#2619,#2620,#2621,#2622,#2623,#2624,#2625,#2626,#2627,#2628,#2629,#2630,#2631,#2632,#2633,#2634));
#1295=AXIS2_PLACEMENT_3D('',#2635,#2636,#2637);
#1296=SURFACE_SIDE_STYLE('',(#2638));
#1298=SURFACE_STYLE_FILL_AREA(#2639);
#1299=ORIENTED_EDGE('',*,*,#2640,.T.);
#1300=ORIENTED_EDGE('',*,*,#2641,.T.);
#1301=ORIENTED_EDGE('',*,*,#2642,.T.);
#1302=ORIENTED_EDGE('',*,*,#2643,.F.);
#1303=CARTESIAN_POINT('',(2.40000000000151,15.7750000000152,38.1000000000109));
#1304=DIRECTION('',(-1.66533453693773E-16,-1.66533453693773E-16,1.0));
#1305=DIRECTION('',(0.0,-1.0,-1.66533453693773E-16));
#1306=SURFACE_STYLE_FILL_AREA(#2644);
#1307=ORIENTED_EDGE('',*,*,#2645,.F.);
#1308=ORIENTED_EDGE('',*,*,#2646,.T.);
#1309=ORIENTED_EDGE('',*,*,#2647,.F.);
#1310=ORIENTED_EDGE('',*,*,#2648,.T.);
#1311=ORIENTED_EDGE('',*,*,#2649,.T.);
#1312=ORIENTED_EDGE('',*,*,#2650,.T.);
#1313=ORIENTED_EDGE('',*,*,#2640,.F.);
#1314=ORIENTED_EDGE('',*,*,#2651,.F.);
#1315=CARTESIAN_POINT('',(2.40000000000151,15.7750000000152,38.1000000000109));
#1316=DIRECTION('',(-1.66533453693773E-16,-1.66533453693773E-16,1.0));
#1317=DIRECTION('',(0.0,-1.0,-1.66533453693773E-16));
#1318=SURFACE_STYLE_FILL_AREA(#2652);
#1319=ORIENTED_EDGE('',*,*,#2653,.T.);
#1320=ORIENTED_EDGE('',*,*,#2654,.T.);
#1321=ORIENTED_EDGE('',*,*,#2655,.F.);
#1322=ORIENTED_EDGE('',*,*,#2656,.F.);
#1323=ORIENTED_EDGE('',*,*,#2657,.F.);
#1324=ORIENTED_EDGE('',*,*,#2658,.F.);
#1325=ORIENTED_EDGE('',*,*,#2659,.T.);
#1326=ORIENTED_EDGE('',*,*,#2660,.F.);
#1327=CARTESIAN_POINT('',(2.40000000000151,32.2249999999838,38.1000000000109));
#1328=DIRECTION('',(1.66533453693773E-16,1.66533453693773E-16,-1.0));
#1329=DIRECTION('',(0.0,1.0,1.66533453693773E-16));
#1330=SURFACE_STYLE_FILL_AREA(#2661);
#1331=ORIENTED_EDGE('',*,*,#2662,.F.);
#1332=ORIENTED_EDGE('',*,*,#2663,.T.);
#1333=ORIENTED_EDGE('',*,*,#2653,.F.);
#1334=ORIENTED_EDGE('',*,*,#2664,.F.);
#1335=ORIENTED_EDGE('',*,*,#2665,.F.);
#1336=ORIENTED_EDGE('',*,*,#2666,.F.);
#1337=ORIENTED_EDGE('',*,*,#2667,.T.);
#1338=ORIENTED_EDGE('',*,*,#2668,.F.);
#1339=CARTESIAN_POINT('',(2.40000000000151,32.2249999999838,38.1000000000109));
#1340=DIRECTION('',(1.66533453693773E-16,1.66533453693773E-16,-1.0));
#1341=DIRECTION('',(0.0,1.0,1.66533453693773E-16));
#1342=SURFACE_STYLE_FILL_AREA(#2669);
#1343=ORIENTED_EDGE('',*,*,#2670,.F.);
#1344=ORIENTED_EDGE('',*,*,#2671,.T.);
#1345=ORIENTED_EDGE('',*,*,#2672,.F.);
#1346=ORIENTED_EDGE('',*,*,#2673,.F.);
#1347=CARTESIAN_POINT('',(1.1,2.58278633637482,4.60066604154056));
#1348=DIRECTION('',(-1.0,1.25998616806134E-31,-1.66533453693773E-16));
#1349=DIRECTION('',(2.02953226566517E-17,0.992546151641322,-0.121869343405147));
#1350=SURFACE_STYLE_FILL_AREA(#2674);
#1351=ORIENTED_EDGE('',*,*,#2675,.F.);
#1352=ORIENTED_EDGE('',*,*,#2676,.T.);
#1353=ORIENTED_EDGE('',*,*,#2677,.F.);
#1354=ORIENTED_EDGE('',*,*,#2678,.F.);
#1355=CARTESIAN_POINT('',(4.15000000000049,-3.10000000001818,11.3247092978861));
#1356=DIRECTION('',(-1.0,2.44929359829471E-16,-1.66533453693773E-16));
#1357=DIRECTION('',(2.44929359829471E-16,1.0,1.94289029309402E-16));
#1358=SURFACE_STYLE_FILL_AREA(#2679);
#1359=ORIENTED_EDGE('',*,*,#2680,.F.);
#1360=ORIENTED_EDGE('',*,*,#2681,.T.);
#1361=ORIENTED_EDGE('',*,*,#2682,.T.);
#1362=ORIENTED_EDGE('',*,*,#2683,.F.);
#1363=CARTESIAN_POINT('',(4.15000000000049,8.20670615743098,10.1999999999998));
#1364=DIRECTION('',(-1.0,2.44929359829471E-16,-1.66533453693773E-16));
#1365=DIRECTION('',(2.44929359829471E-16,1.0,1.94289029309402E-16));
#1366=SURFACE_STYLE_FILL_AREA(#2684);
#1367=ORIENTED_EDGE('',*,*,#2685,.F.);
#1368=ORIENTED_EDGE('',*,*,#2686,.T.);
#1369=ORIENTED_EDGE('',*,*,#2687,.F.);
#1370=ORIENTED_EDGE('',*,*,#2688,.F.);
#1371=CARTESIAN_POINT('',(4.15000000000049,0.900000000000002,3.94999999999977));
#1372=DIRECTION('',(-1.0,2.44929359829471E-16,-1.66533453693773E-16));
#1373=DIRECTION('',(2.44929359829471E-16,1.0,1.94289029309402E-16));
#1374=SURFACE_STYLE_FILL_AREA(#2689);
#1375=ORIENTED_EDGE('',*,*,#2690,.T.);
#1376=ORIENTED_EDGE('',*,*,#2691,.F.);
#1377=ORIENTED_EDGE('',*,*,#2692,.T.);
#1378=ORIENTED_EDGE('',*,*,#2693,.T.);
#1379=CARTESIAN_POINT('',(4.15000000000049,-7.105427357601E-15,1.49999999999969));
#1380=DIRECTION('',(2.44929359829471E-16,1.0,1.94289029309402E-16));
#1381=DIRECTION('',(1.0,-2.44929359829471E-16,0.0));
#1382=SURFACE_STYLE_FILL_AREA(#2694);
#1383=ORIENTED_EDGE('',*,*,#2695,.T.);
#1384=ORIENTED_EDGE('',*,*,#2696,.T.);
#1385=ORIENTED_EDGE('',*,*,#2690,.F.);
#1386=ORIENTED_EDGE('',*,*,#2697,.F.);
#1387=CARTESIAN_POINT('',(4.15000000000049,0.400000000000002,5.15710678118631));
#1388=DIRECTION('',(-1.0,2.44929359829471E-16,-1.66533453693773E-16));
#1389=DIRECTION('',(2.44929359829471E-16,1.0,1.94289029309402E-16));
#1390=SURFACE_STYLE_FILL_AREA(#2698);
#1391=ORIENTED_EDGE('',*,*,#2692,.F.);
#1392=ORIENTED_EDGE('',*,*,#2699,.F.);
#1393=ORIENTED_EDGE('',*,*,#2700,.T.);
#1394=ORIENTED_EDGE('',*,*,#2701,.T.);
#1395=CARTESIAN_POINT('',(4.15000000000049,4.70962355632478,-2.74447131687339E-13));
#1396=DIRECTION('',(-1.66533453693773E-16,-1.66533453693773E-16,1.0));
#1397=DIRECTION('',(1.0,0.0,1.66533453693773E-16));
#1398=SURFACE_STYLE_FILL_AREA(#2702);
#1399=ORIENTED_EDGE('',*,*,#2703,.T.);
#1400=ORIENTED_EDGE('',*,*,#2695,.F.);
#1401=ORIENTED_EDGE('',*,*,#2704,.F.);
#1402=ORIENTED_EDGE('',*,*,#2687,.T.);
#1403=ORIENTED_EDGE('',*,*,#2705,.T.);
#1404=ORIENTED_EDGE('',*,*,#2706,.T.);
#1405=CARTESIAN_POINT('',(4.15000000000049,0.682842712474688,5.43994949366087));
#1406=DIRECTION('',(-5.54342768458156E-17,-0.707106781186547,-0.707106781186548));
#1407=DIRECTION('',(0.0,-0.707106781186548,0.707106781186547));
#1408=SURFACE_STYLE_FILL_AREA(#2707);
#1409=ORIENTED_EDGE('',*,*,#2700,.F.);
#1410=ORIENTED_EDGE('',*,*,#2708,.T.);
#1411=ORIENTED_EDGE('',*,*,#2709,.T.);
#1412=ORIENTED_EDGE('',*,*,#2710,.F.);
#1413=CARTESIAN_POINT('',(4.15000000000049,-1.40000000000001,6.34999999999976));
#1414=DIRECTION('',(-1.0,2.44929359829471E-16,-1.66533453693773E-16));
#1415=DIRECTION('',(2.44929359829471E-16,1.0,1.94289029309402E-16));
#1416=SURFACE_STYLE_FILL_AREA(#2711);
#1417=ORIENTED_EDGE('',*,*,#2712,.T.);
#1418=ORIENTED_EDGE('',*,*,#2713,.F.);
#1419=ORIENTED_EDGE('',*,*,#2714,.F.);
#1420=ORIENTED_EDGE('',*,*,#2715,.T.);
#1421=CARTESIAN_POINT('',(4.15000000000049,1.49999999999999,3.27917960674978));
#1422=DIRECTION('',(-2.44929359829471E-16,-1.0,-1.94289029309402E-16));
#1423=DIRECTION('',(-1.0,2.44929359829471E-16,0.0));
#1424=SURFACE_STYLE_FILL_AREA(#2716);
#1425=ORIENTED_EDGE('',*,*,#2709,.F.);
#1426=ORIENTED_EDGE('',*,*,#2717,.T.);
#1427=ORIENTED_EDGE('',*,*,#2718,.T.);
#1428=ORIENTED_EDGE('',*,*,#2719,.F.);
#1429=CARTESIAN_POINT('',(4.15000000000049,7.69999999999992,5.38630372484522));
#1430=DIRECTION('',(-2.44929359829471E-16,-1.0,-1.94289029309402E-16));
#1431=DIRECTION('',(-1.0,2.44929359829471E-16,0.0));
#1432=SURFACE_STYLE_FILL_AREA(#2720);
#1433=ORIENTED_EDGE('',*,*,#2685,.T.);
#1434=ORIENTED_EDGE('',*,*,#2721,.F.);
#1435=ORIENTED_EDGE('',*,*,#2713,.T.);
#1436=ORIENTED_EDGE('',*,*,#2722,.T.);
#1437=CARTESIAN_POINT('',(4.15000000000049,0.900000000000002,3.94999999999977));
#1438=DIRECTION('',(-1.0,2.44929359829471E-16,-1.66533453693773E-16));
#1439=DIRECTION('',(2.44929359829471E-16,1.0,1.94289029309402E-16));
#1440=SURFACE_STYLE_FILL_AREA(#2723);
#1441=ORIENTED_EDGE('',*,*,#2718,.F.);
#1442=ORIENTED_EDGE('',*,*,#2724,.T.);
#1443=ORIENTED_EDGE('',*,*,#2725,.F.);
#1444=ORIENTED_EDGE('',*,*,#2726,.F.);
#1445=CARTESIAN_POINT('',(4.15000000000049,7.01743114854951,5.49028296342788));
#1446=DIRECTION('',(1.87246743901291E-16,0.0871557427476621,-0.996194698091745));
#1447=DIRECTION('',(-1.0,0.0,-1.87961996043515E-16));
#1448=SURFACE_STYLE_FILL_AREA(#2727);
#1449=ORIENTED_EDGE('',*,*,#2728,.F.);
#1450=ORIENTED_EDGE('',*,*,#2729,.T.);
#1451=ORIENTED_EDGE('',*,*,#2730,.F.);
#1452=ORIENTED_EDGE('',*,*,#2731,.F.);
#1453=CARTESIAN_POINT('',(1.40000000000151,14.8750000000152,28.3500000000108));
#1454=DIRECTION('',(-1.0,-6.12323399573676E-17,-1.66533453693773E-16));
#1455=DIRECTION('',(-1.66533453693773E-16,0.0,1.0));
#1456=SURFACE_STYLE_FILL_AREA(#2732);
#1457=ORIENTED_EDGE('',*,*,#2725,.T.);
#1458=ORIENTED_EDGE('',*,*,#2733,.F.);
#1459=ORIENTED_EDGE('',*,*,#2734,.F.);
#1460=ORIENTED_EDGE('',*,*,#2735,.T.);
#1461=CARTESIAN_POINT('',(4.15000000000049,6.79999999999993,6.54999999999974));
#1462=DIRECTION('',(-2.44929359829471E-16,-1.0,-1.94289029309402E-16));
#1463=DIRECTION('',(-1.0,2.44929359829471E-16,0.0));
#1464=SURFACE_STYLE_FILL_AREA(#2736);
#1465=ORIENTED_EDGE('',*,*,#2734,.T.);
#1466=ORIENTED_EDGE('',*,*,#2737,.F.);
#1467=ORIENTED_EDGE('',*,*,#2682,.F.);
#1468=ORIENTED_EDGE('',*,*,#2738,.T.);
#1469=CARTESIAN_POINT('',(4.1500000000005,15.1,6.54999999999977));
#1470=DIRECTION('',(-1.0,2.44929359829471E-16,-1.66533453693773E-16));
#1471=DIRECTION('',(2.44929359829471E-16,1.0,1.94289029309402E-16));
#1472=SURFACE_STYLE_FILL_AREA(#2739);
#1473=ORIENTED_EDGE('',*,*,#2680,.T.);
#1474=ORIENTED_EDGE('',*,*,#2740,.F.);
#1475=ORIENTED_EDGE('',*,*,#2741,.F.);
#1476=ORIENTED_EDGE('',*,*,#2742,.T.);
#1477=CARTESIAN_POINT('',(4.15000000000049,8.20670615743098,10.1999999999998));
#1478=DIRECTION('',(-1.0,2.44929359829471E-16,-1.66533453693773E-16));
#1479=DIRECTION('',(2.44929359829471E-16,1.0,1.94289029309402E-16));
#1480=SURFACE_STYLE_FILL_AREA(#2743);
#1481=ORIENTED_EDGE('',*,*,#2741,.T.);
#1482=ORIENTED_EDGE('',*,*,#2744,.T.);
#1483=ORIENTED_EDGE('',*,*,#2745,.T.);
#1484=ORIENTED_EDGE('',*,*,#2746,.F.);
#1485=CARTESIAN_POINT('',(4.1500000000005,15.1,6.54999999999977));
#1486=DIRECTION('',(-1.0,2.44929359829471E-16,-1.66533453693773E-16));
#1487=DIRECTION('',(2.44929359829471E-16,1.0,1.94289029309402E-16));
#1488=SURFACE_STYLE_FILL_AREA(#2747);
#1489=ORIENTED_EDGE('',*,*,#2748,.F.);
#1490=ORIENTED_EDGE('',*,*,#2749,.T.);
#1491=ORIENTED_EDGE('',*,*,#2715,.F.);
#1492=ORIENTED_EDGE('',*,*,#2750,.F.);
#1493=CARTESIAN_POINT('',(4.15000000000049,1.99999999999986,2.34999999999976));
#1494=DIRECTION('',(1.66533453693773E-16,1.94289029309402E-16,-1.0));
#1495=DIRECTION('',(-1.0,0.0,-1.66533453693773E-16));
#1496=SURFACE_STYLE_FILL_AREA(#2751);
#1497=ORIENTED_EDGE('',*,*,#2745,.F.);
#1498=ORIENTED_EDGE('',*,*,#2752,.F.);
#1499=ORIENTED_EDGE('',*,*,#2753,.F.);
#1500=ORIENTED_EDGE('',*,*,#2754,.T.);
#1501=CARTESIAN_POINT('',(4.1500000000005,33.5999999999907,6.84999999999977));
#1502=DIRECTION('',(-1.66533453693773E-16,-1.94289029309402E-16,1.0));
#1503=DIRECTION('',(0.0,-1.0,-1.94289029309402E-16));
#1504=SURFACE_STYLE_FILL_AREA(#2755);
#1505=ORIENTED_EDGE('',*,*,#2753,.T.);
#1506=ORIENTED_EDGE('',*,*,#2756,.F.);
#1507=ORIENTED_EDGE('',*,*,#2757,.F.);
#1508=ORIENTED_EDGE('',*,*,#2758,.T.);
#1509=CARTESIAN_POINT('',(4.1500000000005,33.5999999999906,7.05000000000653));
#1510=DIRECTION('',(1.0,-2.44929359829471E-16,1.66533453693773E-16));
#1511=DIRECTION('',(-2.44929359829471E-16,-1.0,-1.94289029309402E-16));
#1512=SURFACE_STYLE_FILL_AREA(#2759);
#1513=ORIENTED_EDGE('',*,*,#2757,.T.);
#1514=ORIENTED_EDGE('',*,*,#2760,.F.);
#1515=ORIENTED_EDGE('',*,*,#2761,.F.);
#1516=ORIENTED_EDGE('',*,*,#2762,.T.);
#1517=CARTESIAN_POINT('',(4.1500000000005,39.213989539444,7.05000000000605));
#1518=DIRECTION('',(-1.66533453693773E-16,-1.94289029309402E-16,1.0));
#1519=DIRECTION('',(0.0,-1.0,-1.94289029309402E-16));
#1520=SURFACE_STYLE_FILL_AREA(#2763);
#1521=ORIENTED_EDGE('',*,*,#2761,.T.);
#1522=ORIENTED_EDGE('',*,*,#2764,.F.);
#1523=ORIENTED_EDGE('',*,*,#2765,.F.);
#1524=ORIENTED_EDGE('',*,*,#2766,.T.);
#1525=CARTESIAN_POINT('',(4.1500000000005,41.4999999999907,6.85000000000644));
#1526=DIRECTION('',(-1.44552743348004E-16,0.0871557427476376,0.996194698091747));
#1527=DIRECTION('',(1.0,1.6585567260503E-15,0.0));
#1528=SURFACE_STYLE_FILL_AREA(#2767);
#1529=ORIENTED_EDGE('',*,*,#2765,.T.);
#1530=ORIENTED_EDGE('',*,*,#2768,.F.);
#1531=ORIENTED_EDGE('',*,*,#2769,.F.);
#1532=ORIENTED_EDGE('',*,*,#2770,.T.);
#1533=CARTESIAN_POINT('',(4.1500000000005,41.4999999999907,5.7500000000057));
#1534=DIRECTION('',(2.44929359829467E-16,1.0,2.1538326677728E-14));
#1535=DIRECTION('',(0.0,2.1538326677728E-14,-1.0));
#1536=SURFACE_STYLE_FILL_AREA(#2771);
#1537=ORIENTED_EDGE('',*,*,#2769,.T.);
#1538=ORIENTED_EDGE('',*,*,#2772,.T.);
#1539=ORIENTED_EDGE('',*,*,#2773,.T.);
#1540=ORIENTED_EDGE('',*,*,#2774,.F.);
#1541=CARTESIAN_POINT('',(4.1500000000005,40.3316853889469,5.43695104347105));
#1542=DIRECTION('',(2.24251346892561E-16,0.258819045102498,-0.965925826289075));
#1543=DIRECTION('',(-1.0,0.0,-2.32162077862745E-16));
#1544=SURFACE_STYLE_FILL_AREA(#2775);
#1545=ORIENTED_EDGE('',*,*,#2776,.F.);
#1546=ORIENTED_EDGE('',*,*,#2777,.T.);
#1547=ORIENTED_EDGE('',*,*,#2778,.T.);
#1548=ORIENTED_EDGE('',*,*,#2779,.F.);
#1549=CARTESIAN_POINT('',(4.15000000000049,0.99999999999978,14.3500000000001));
#1550=DIRECTION('',(2.44929359829471E-16,1.0,1.94289029309402E-16));
#1551=DIRECTION('',(1.0,-2.44929359829471E-16,0.0));
#1552=SURFACE_STYLE_FILL_AREA(#2780);
#1553=ORIENTED_EDGE('',*,*,#2773,.F.);
#1554=ORIENTED_EDGE('',*,*,#2781,.T.);
#1555=ORIENTED_EDGE('',*,*,#2782,.T.);
#1556=ORIENTED_EDGE('',*,*,#2783,.F.);
#1557=CARTESIAN_POINT('',(4.1500000000005,38.9964466093974,4.19644660941233));
#1558=DIRECTION('',(2.90948145648383E-16,0.707106781186563,-0.707106781186532));
#1559=DIRECTION('',(-1.0,0.0,-4.11462813523255E-16));
#1560=SURFACE_STYLE_FILL_AREA(#2784);
#1561=ORIENTED_EDGE('',*,*,#2785,.T.);
#1562=ORIENTED_EDGE('',*,*,#2786,.T.);
#1563=ORIENTED_EDGE('',*,*,#2672,.T.);
#1564=ORIENTED_EDGE('',*,*,#2787,.T.);
#1565=ORIENTED_EDGE('',*,*,#2748,.T.);
#1566=ORIENTED_EDGE('',*,*,#2788,.F.);
#1567=CARTESIAN_POINT('',(4.1500000000005,35.2999999999999,1.64999999999976));
#1568=DIRECTION('',(-1.0,2.44929359829471E-16,-1.66533453693773E-16));
#1569=DIRECTION('',(2.44929359829471E-16,1.0,1.94289029309402E-16));
#1570=SURFACE_STYLE_FILL_AREA(#2789);
#1571=ORIENTED_EDGE('',*,*,#2782,.F.);
#1572=ORIENTED_EDGE('',*,*,#2790,.T.);
#1573=ORIENTED_EDGE('',*,*,#2791,.T.);
#1574=ORIENTED_EDGE('',*,*,#2792,.F.);
#1575=CARTESIAN_POINT('',(4.1500000000005,38.8499999999907,3.030597577755));
#1576=DIRECTION('',(2.44929359829467E-16,1.0,2.14828155264968E-14));
#1577=DIRECTION('',(0.0,2.14828155264968E-14,-1.0));
#1578=SURFACE_STYLE_FILL_AREA(#2793);
#1579=ORIENTED_EDGE('',*,*,#2794,.F.);
#1580=ORIENTED_EDGE('',*,*,#2795,.T.);
#1581=ORIENTED_EDGE('',*,*,#2796,.F.);
#1582=ORIENTED_EDGE('',*,*,#2797,.F.);
#1583=ORIENTED_EDGE('',*,*,#2798,.T.);
#1584=ORIENTED_EDGE('',*,*,#2799,.F.);
#1585=CARTESIAN_POINT('',(5.15000000000002,2.79252457593068,18.3483887879473));
#1586=DIRECTION('',(-1.42845326026998E-16,-0.515038074909346,0.857167300702538));
#1587=DIRECTION('',(-1.0,2.77349060168301E-16,2.11308053986892E-32));
#1588=SURFACE_STYLE_FILL_AREA(#2800);
#1589=ORIENTED_EDGE('',*,*,#2791,.F.);
#1590=ORIENTED_EDGE('',*,*,#2801,.T.);
#1591=ORIENTED_EDGE('',*,*,#2802,.T.);
#1592=ORIENTED_EDGE('',*,*,#2803,.F.);
#1593=CARTESIAN_POINT('',(4.1500000000005,40.2319130979556,0.426423563647893));
#1594=DIRECTION('',(1.05114720907793E-16,0.81915204428898,0.573576436351063));
#1595=DIRECTION('',(1.0,0.0,-1.83261923339292E-16));
#1596=SURFACE_STYLE_FILL_AREA(#2804);
#1597=ORIENTED_EDGE('',*,*,#2712,.F.);
#1598=ORIENTED_EDGE('',*,*,#2749,.F.);
#1599=ORIENTED_EDGE('',*,*,#2787,.F.);
#1600=ORIENTED_EDGE('',*,*,#2671,.F.);
#1601=ORIENTED_EDGE('',*,*,#2805,.F.);
#1602=ORIENTED_EDGE('',*,*,#2705,.F.);
#1603=ORIENTED_EDGE('',*,*,#2686,.F.);
#1604=ORIENTED_EDGE('',*,*,#2722,.F.);
#1605=CARTESIAN_POINT('',(1.1,2.1164312160913,3.11340378531046));
#1606=DIRECTION('',(1.0,-4.93038065763132E-32,1.66533453693773E-16));
#1607=DIRECTION('',(-1.66533453693773E-16,0.0,1.0));
#1608=SURFACE_STYLE_FILL_AREA(#2806);
#1609=ORIENTED_EDGE('',*,*,#2802,.F.);
#1610=ORIENTED_EDGE('',*,*,#2807,.T.);
#1611=ORIENTED_EDGE('',*,*,#2808,.T.);
#1612=ORIENTED_EDGE('',*,*,#2809,.F.);
#1613=CARTESIAN_POINT('',(4.1500000000005,41.1857864376274,-1.04716235682645E-12));
#1614=DIRECTION('',(-1.66533453693779E-16,-2.1538326677728E-14,1.0));
#1615=DIRECTION('',(0.0,-1.0,-2.1538326677728E-14));
#1616=SURFACE_STYLE_FILL_AREA(#2810);
#1617=ORIENTED_EDGE('',*,*,#2778,.F.);
#1618=ORIENTED_EDGE('',*,*,#2811,.T.);
#1619=ORIENTED_EDGE('',*,*,#2677,.T.);
#1620=ORIENTED_EDGE('',*,*,#2812,.T.);
#1621=CARTESIAN_POINT('',(4.15000000000049,3.64973297670048,12.8500000000001));
#1622=DIRECTION('',(-1.66533453693773E-16,-1.94289029309402E-16,1.0));
#1623=DIRECTION('',(0.0,-1.0,-1.94289029309402E-16));
#1624=SURFACE_STYLE_FILL_AREA(#2813);
#1625=ORIENTED_EDGE('',*,*,#2808,.F.);
#1626=ORIENTED_EDGE('',*,*,#2814,.T.);
#1627=ORIENTED_EDGE('',*,*,#2815,.T.);
#1628=ORIENTED_EDGE('',*,*,#2816,.F.);
#1629=CARTESIAN_POINT('',(4.1500000000005,47.5606601717796,5.9606601717789));
#1630=DIRECTION('',(-2.90948145648383E-16,-0.707106781186563,0.707106781186532));
#1631=DIRECTION('',(-1.0,4.11462813523237E-16,0.0));
#1632=SURFACE_STYLE_FILL_AREA(#2817);
#1633=ORIENTED_EDGE('',*,*,#2818,.T.);
#1634=ORIENTED_EDGE('',*,*,#2819,.F.);
#1635=ORIENTED_EDGE('',*,*,#2820,.T.);
#1636=ORIENTED_EDGE('',*,*,#2821,.T.);
#1637=CARTESIAN_POINT('',(4.1500000000005,45.7999999999995,37.235786437636));
#1638=DIRECTION('',(-2.44929359829471E-16,-1.0,-1.38777878078145E-16));
#1639=DIRECTION('',(-1.0,2.44929359829471E-16,0.0));
#1640=SURFACE_STYLE_FILL_AREA(#2822);
#1641=ORIENTED_EDGE('',*,*,#2823,.F.);
#1642=ORIENTED_EDGE('',*,*,#2824,.F.);
#1643=ORIENTED_EDGE('',*,*,#2825,.F.);
#1644=ORIENTED_EDGE('',*,*,#2826,.T.);
#1645=CARTESIAN_POINT('',(0.825000000000977,23.1500000000419,28.3500000000108));
#1646=DIRECTION('',(1.9651103767204E-13,1.0,1.66533453693842E-16));
#1647=DIRECTION('',(1.0,-1.9651103767204E-13,0.0));
#1648=SURFACE_STYLE_FILL_AREA(#2827);
#1649=ORIENTED_EDGE('',*,*,#2828,.T.);
#1650=ORIENTED_EDGE('',*,*,#2829,.F.);
#1651=ORIENTED_EDGE('',*,*,#2830,.F.);
#1652=ORIENTED_EDGE('',*,*,#2831,.T.);
#1653=ORIENTED_EDGE('',*,*,#2832,.T.);
#1654=ORIENTED_EDGE('',*,*,#2833,.F.);
#1655=CARTESIAN_POINT('',(6.25940226433337,10.869797947345,28.7774109017185));
#1656=DIRECTION('',(-1.25684392930259E-16,0.656059028990625,0.75470958022267));
#1657=DIRECTION('',(1.0,1.91574823874659E-16,0.0));
#1658=SURFACE_STYLE_FILL_AREA(#2834);
#1659=ORIENTED_EDGE('',*,*,#2835,.F.);
#1660=ORIENTED_EDGE('',*,*,#2836,.F.);
#1661=ORIENTED_EDGE('',*,*,#2837,.T.);
#1662=ORIENTED_EDGE('',*,*,#2838,.T.);
#1663=CARTESIAN_POINT('',(-0.415002399999535,50.7499999999994,31.3152050640351));
#1664=DIRECTION('',(1.0,-2.44929359829471E-16,1.66533453693773E-16));
#1665=DIRECTION('',(-2.22808370866062E-16,-0.992546151641322,-0.121869343405148));
#1666=SURFACE_STYLE_FILL_AREA(#2839);
#1667=ORIENTED_EDGE('',*,*,#2840,.F.);
#1668=ORIENTED_EDGE('',*,*,#2841,.T.);
#1669=ORIENTED_EDGE('',*,*,#2842,.F.);
#1670=ORIENTED_EDGE('',*,*,#2843,.F.);
#1671=ORIENTED_EDGE('',*,*,#2844,.T.);
#1672=ORIENTED_EDGE('',*,*,#2845,.T.);
#1673=ORIENTED_EDGE('',*,*,#2846,.T.);
#1674=ORIENTED_EDGE('',*,*,#2847,.F.);
#1675=CARTESIAN_POINT('',(-0.415002399999531,68.7500000000011,28.9500002306289));
#1676=DIRECTION('',(1.0,-2.44929359829471E-16,1.66533453693773E-16));
#1677=DIRECTION('',(1.35442758320232E-16,-0.121869343405147,-0.992546151641322));
#1678=SURFACE_STYLE_FILL_AREA(#2848);
#1679=ORIENTED_EDGE('',*,*,#2849,.T.);
#1680=ORIENTED_EDGE('',*,*,#2850,.T.);
#1681=ORIENTED_EDGE('',*,*,#2833,.T.);
#1682=ORIENTED_EDGE('',*,*,#2851,.T.);
#1683=ORIENTED_EDGE('',*,*,#2796,.T.);
#1684=ORIENTED_EDGE('',*,*,#2852,.T.);
#1685=ORIENTED_EDGE('',*,*,#2853,.F.);
#1686=ORIENTED_EDGE('',*,*,#2854,.F.);
#1687=ORIENTED_EDGE('',*,*,#2855,.F.);
#1688=ORIENTED_EDGE('',*,*,#2856,.T.);
#1689=CARTESIAN_POINT('',(3.65000000000051,2.79317908986686,22.1103459228144));
#1690=DIRECTION('',(1.0,-6.8181131176246E-32,2.88998133608509E-16));
#1691=DIRECTION('',(-2.88998133608509E-16,0.0,1.0));
#1692=SURFACE_STYLE_FILL_AREA(#2857);
#1693=ORIENTED_EDGE('',*,*,#2858,.F.);
#1694=ORIENTED_EDGE('',*,*,#2859,.F.);
#1695=ORIENTED_EDGE('',*,*,#2860,.F.);
#1696=ORIENTED_EDGE('',*,*,#2861,.F.);
#1697=ORIENTED_EDGE('',*,*,#2862,.F.);
#1698=CARTESIAN_POINT('',(0.817949192432706,35.7279747493572,18.1949976000104));
#1699=DIRECTION('',(0.866025403784471,0.499999999999944,2.48305610037369E-16));
#1700=DIRECTION('',(0.0,4.96611220074794E-16,-1.0));
#1701=SURFACE_STYLE_FILL_AREA(#2863);
#1702=ORIENTED_EDGE('',*,*,#2841,.F.);
#1703=ORIENTED_EDGE('',*,*,#2864,.F.);
#1704=ORIENTED_EDGE('',*,*,#2865,.F.);
#1705=ORIENTED_EDGE('',*,*,#2866,.F.);
#1706=ORIENTED_EDGE('',*,*,#2867,.F.);
#1707=ORIENTED_EDGE('',*,*,#2868,.F.);
#1708=ORIENTED_EDGE('',*,*,#2869,.F.);
#1709=ORIENTED_EDGE('',*,*,#2870,.F.);
#1710=ORIENTED_EDGE('',*,*,#2871,.F.);
#1711=ORIENTED_EDGE('',*,*,#2872,.F.);
#1712=CARTESIAN_POINT('',(3.65000000000051,45.2068209101321,22.1103459228144));
#1713=DIRECTION('',(-1.0,1.08560150497862E-32,-2.88998133608509E-16));
#1714=DIRECTION('',(-2.88998133608509E-16,0.0,1.0));
#1715=SURFACE_STYLE_FILL_AREA(#2873);
#1716=ORIENTED_EDGE('',*,*,#2874,.T.);
#1717=ORIENTED_EDGE('',*,*,#2860,.T.);
#1718=ORIENTED_EDGE('',*,*,#2875,.F.);
#1719=ORIENTED_EDGE('',*,*,#2876,.T.);
#1720=ORIENTED_EDGE('',*,*,#2864,.T.);
#1721=ORIENTED_EDGE('',*,*,#2840,.T.);
#1722=CARTESIAN_POINT('',(5.15000000000002,45.2074754240683,18.3483887879474));
#1723=DIRECTION('',(1.42845326026998E-16,-0.515038074909345,-0.857167300702538));
#1724=DIRECTION('',(0.0,-0.857167300702538,0.515038074909345));
#1725=SURFACE_STYLE_FILL_AREA(#2877);
#1726=ORIENTED_EDGE('',*,*,#2878,.F.);
#1727=ORIENTED_EDGE('',*,*,#2797,.T.);
#1728=ORIENTED_EDGE('',*,*,#2851,.F.);
#1729=ORIENTED_EDGE('',*,*,#2832,.F.);
#1730=ORIENTED_EDGE('',*,*,#2879,.F.);
#1731=CARTESIAN_POINT('',(3.65000000000051,11.5638795284316,27.6000000000108));
#1732=DIRECTION('',(0.989556999775575,0.144142097234507,3.80579365124923E-16));
#1733=DIRECTION('',(0.0,2.64030683906141E-15,-1.0));
#1734=SURFACE_STYLE_FILL_AREA(#2880);
#1735=ORIENTED_EDGE('',*,*,#2844,.F.);
#1736=ORIENTED_EDGE('',*,*,#2881,.T.);
#1737=ORIENTED_EDGE('',*,*,#2815,.F.);
#1738=ORIENTED_EDGE('',*,*,#2882,.F.);
#1739=CARTESIAN_POINT('',(4.1500000000005,47.9999999999997,13.8358509998148));
#1740=DIRECTION('',(-2.44929359829471E-16,-1.0,-1.66533453693773E-16));
#1741=DIRECTION('',(-1.0,2.44929359829471E-16,0.0));
#1742=SURFACE_STYLE_FILL_AREA(#2883);
#1743=ORIENTED_EDGE('',*,*,#2794,.T.);
#1744=ORIENTED_EDGE('',*,*,#2884,.F.);
#1745=ORIENTED_EDGE('',*,*,#2829,.T.);
#1746=ORIENTED_EDGE('',*,*,#2885,.T.);
#1747=ORIENTED_EDGE('',*,*,#2886,.F.);
#1748=ORIENTED_EDGE('',*,*,#2887,.T.);
#1749=ORIENTED_EDGE('',*,*,#2888,.F.);
#1750=CARTESIAN_POINT('',(0.500000000000001,10.0250000000165,46.8500000000089));
#1751=DIRECTION('',(-1.0,4.3911202732029E-32,-1.66533453693773E-16));
#1752=DIRECTION('',(-1.66533453693773E-16,0.0,1.0));
#1753=SURFACE_STYLE_FILL_AREA(#2889);
#1754=ORIENTED_EDGE('',*,*,#2675,.T.);
#1755=ORIENTED_EDGE('',*,*,#2890,.F.);
#1756=ORIENTED_EDGE('',*,*,#2785,.F.);
#1757=ORIENTED_EDGE('',*,*,#2891,.T.);
#1758=CARTESIAN_POINT('',(4.15000000000049,-3.10000000001818,11.3247092978861));
#1759=DIRECTION('',(-1.0,2.44929359829471E-16,-1.66533453693773E-16));
#1760=DIRECTION('',(2.44929359829471E-16,1.0,1.94289029309402E-16));
#1761=SURFACE_STYLE_FILL_AREA(#2892);
#1762=ORIENTED_EDGE('',*,*,#2893,.T.);
#1763=ORIENTED_EDGE('',*,*,#2867,.T.);
#1764=ORIENTED_EDGE('',*,*,#2894,.T.);
#1765=ORIENTED_EDGE('',*,*,#2895,.T.);
#1766=ORIENTED_EDGE('',*,*,#2838,.F.);
#1767=ORIENTED_EDGE('',*,*,#2896,.F.);
#1768=ORIENTED_EDGE('',*,*,#2818,.F.);
#1769=ORIENTED_EDGE('',*,*,#2897,.T.);
#1770=CARTESIAN_POINT('',(4.1500000000005,45.6191520442884,36.1917223525373));
#1771=DIRECTION('',(-2.96154050713612E-16,-0.819152044288992,0.573576436351046));
#1772=DIRECTION('',(-1.0,3.61537339469949E-16,-2.8279501674583E-32));
#1773=SURFACE_STYLE_FILL_AREA(#2898);
#1774=ORIENTED_EDGE('',*,*,#2899,.F.);
#1775=ORIENTED_EDGE('',*,*,#2900,.F.);
#1776=ORIENTED_EDGE('',*,*,#2901,.F.);
#1777=ORIENTED_EDGE('',*,*,#2859,.T.);
#1778=CARTESIAN_POINT('',(1.40000000000151,33.1249999999837,28.3500000000108));
#1779=DIRECTION('',(1.0,-6.12323399573676E-17,1.66533453693773E-16));
#1780=DIRECTION('',(-1.66533453693773E-16,0.0,1.0));
#1781=SURFACE_STYLE_FILL_AREA(#2902);
#1782=ORIENTED_EDGE('',*,*,#2903,.T.);
#1783=ORIENTED_EDGE('',*,*,#2846,.F.);
#1784=ORIENTED_EDGE('',*,*,#2904,.F.);
#1785=ORIENTED_EDGE('',*,*,#2836,.T.);
#1786=CARTESIAN_POINT('',(-0.415002399999537,43.7499999999994,28.9500002306289));
#1787=DIRECTION('',(-2.44929359829471E-16,-1.0,-1.38777878078145E-16));
#1788=DIRECTION('',(-1.0,2.44929359829471E-16,0.0));
#1789=SURFACE_STYLE_FILL_AREA(#2905);
#1790=ORIENTED_EDGE('',*,*,#2906,.T.);
#1791=ORIENTED_EDGE('',*,*,#2907,.T.);
#1792=ORIENTED_EDGE('',*,*,#2908,.F.);
#1793=ORIENTED_EDGE('',*,*,#2909,.F.);
#1794=CARTESIAN_POINT('',(2.77500000000101,29.1249999999795,25.925000000014));
#1795=DIRECTION('',(0.0,-1.0,-2.22044604925031E-16));
#1796=DIRECTION('',(0.0,2.22044604925031E-16,-1.0));
#1797=SURFACE_STYLE_FILL_AREA(#2910);
#1798=ORIENTED_EDGE('',*,*,#2820,.F.);
#1799=ORIENTED_EDGE('',*,*,#2911,.T.);
#1800=ORIENTED_EDGE('',*,*,#2912,.T.);
#1801=ORIENTED_EDGE('',*,*,#2913,.F.);
#1802=CARTESIAN_POINT('',(4.1500000000005,44.6698561402897,38.7801438597186));
#1803=DIRECTION('',(-5.54342768458156E-17,-0.707106781186547,-0.707106781186548));
#1804=DIRECTION('',(0.0,-0.707106781186548,0.707106781186547));
#1805=SURFACE_STYLE_FILL_AREA(#2914);
#1806=ORIENTED_EDGE('',*,*,#2835,.T.);
#1807=ORIENTED_EDGE('',*,*,#2895,.F.);
#1808=ORIENTED_EDGE('',*,*,#2915,.F.);
#1809=ORIENTED_EDGE('',*,*,#2861,.T.);
#1810=ORIENTED_EDGE('',*,*,#2874,.F.);
#1811=ORIENTED_EDGE('',*,*,#2847,.T.);
#1812=ORIENTED_EDGE('',*,*,#2903,.F.);
#1813=CARTESIAN_POINT('',(0.500000000000001,37.9749999999825,46.8500000000089));
#1814=DIRECTION('',(1.0,1.92592994438724E-32,1.66533453693773E-16));
#1815=DIRECTION('',(-1.66533453693773E-16,0.0,1.0));
#1816=SURFACE_STYLE_FILL_AREA(#2916);
#1817=ORIENTED_EDGE('',*,*,#2912,.F.);
#1818=ORIENTED_EDGE('',*,*,#2917,.T.);
#1819=ORIENTED_EDGE('',*,*,#2918,.T.);
#1820=ORIENTED_EDGE('',*,*,#2919,.F.);
#1821=CARTESIAN_POINT('',(4.1500000000005,42.3083031218463,38.5019180620533));
#1822=DIRECTION('',(2.44060343707794E-16,0.362871839026163,-0.931839057156208));
#1823=DIRECTION('',(-1.0,0.0,-2.61912550062689E-16));
#1824=SURFACE_STYLE_FILL_AREA(#2920);
#1825=ORIENTED_EDGE('',*,*,#2921,.F.);
#1826=ORIENTED_EDGE('',*,*,#2922,.T.);
#1827=ORIENTED_EDGE('',*,*,#2865,.T.);
#1828=ORIENTED_EDGE('',*,*,#2876,.F.);
#1829=ORIENTED_EDGE('',*,*,#2923,.T.);
#1830=CARTESIAN_POINT('',(3.65000000000051,36.4361204715674,27.6000000000109));
#1831=DIRECTION('',(-0.989556999775575,0.144142097234507,-3.1656741505792E-16));
#1832=DIRECTION('',(-3.19908216636046E-16,0.0,1.0));
#1833=SURFACE_STYLE_FILL_AREA(#2924);
#1834=ORIENTED_EDGE('',*,*,#2918,.F.);
#1835=ORIENTED_EDGE('',*,*,#2925,.T.);
#1836=ORIENTED_EDGE('',*,*,#2926,.F.);
#1837=ORIENTED_EDGE('',*,*,#2927,.F.);
#1838=CARTESIAN_POINT('',(4.1500000000005,42.4389342456468,38.0341462055666));
#1839=DIRECTION('',(5.54342768458156E-17,0.707106781186547,0.707106781186548));
#1840=DIRECTION('',(1.0,-7.83959061356973E-17,0.0));
#1841=SURFACE_STYLE_FILL_AREA(#2928);
#1842=ORIENTED_EDGE('',*,*,#2926,.T.);
#1843=ORIENTED_EDGE('',*,*,#2929,.T.);
#1844=ORIENTED_EDGE('',*,*,#2930,.F.);
#1845=ORIENTED_EDGE('',*,*,#2931,.F.);
#1846=CARTESIAN_POINT('',(4.1500000000005,41.6823299897774,37.2775419496972));
#1847=DIRECTION('',(2.90948145648382E-16,0.707106781186548,-0.707106781186547));
#1848=DIRECTION('',(-1.0,0.0,-4.11462813523245E-16));
#1849=SURFACE_STYLE_FILL_AREA(#2932);
#1850=ORIENTED_EDGE('',*,*,#2930,.T.);
#1851=ORIENTED_EDGE('',*,*,#2933,.T.);
#1852=ORIENTED_EDGE('',*,*,#2934,.F.);
#1853=ORIENTED_EDGE('',*,*,#2935,.F.);
#1854=CARTESIAN_POINT('',(4.15000000000049,37.2098795987722,41.7499923407019));
#1855=DIRECTION('',(-5.54342768457984E-17,-0.707106781186506,-0.70710678118659));
#1856=DIRECTION('',(0.0,-0.70710678118659,0.707106781186506));
#1857=SURFACE_STYLE_FILL_AREA(#2936);
#1858=ORIENTED_EDGE('',*,*,#2934,.T.);
#1859=ORIENTED_EDGE('',*,*,#2937,.T.);
#1860=ORIENTED_EDGE('',*,*,#2938,.F.);
#1861=ORIENTED_EDGE('',*,*,#2939,.F.);
#1862=CARTESIAN_POINT('',(4.15000000000049,37.9664838546418,42.5065965965716));
#1863=DIRECTION('',(-2.90948145648382E-16,-0.707106781186548,0.707106781186547));
#1864=DIRECTION('',(-1.0,4.11462813523244E-16,0.0));
#1865=SURFACE_STYLE_FILL_AREA(#2940);
#1866=ORIENTED_EDGE('',*,*,#2938,.T.);
#1867=ORIENTED_EDGE('',*,*,#2941,.T.);
#1868=ORIENTED_EDGE('',*,*,#2942,.T.);
#1869=ORIENTED_EDGE('',*,*,#2943,.F.);
#1870=CARTESIAN_POINT('',(4.15000000000049,38.1556349186091,42.3174455326042));
#1871=DIRECTION('',(5.54342768458155E-17,0.707106781186547,0.707106781186548));
#1872=DIRECTION('',(1.0,-7.83959061356972E-17,0.0));
#1873=SURFACE_STYLE_FILL_AREA(#2944);
#1874=ORIENTED_EDGE('',*,*,#2923,.F.);
#1875=ORIENTED_EDGE('',*,*,#2945,.F.);
#1876=ORIENTED_EDGE('',*,*,#2946,.T.);
#1877=ORIENTED_EDGE('',*,*,#2947,.T.);
#1878=CARTESIAN_POINT('',(3.40000000000151,33.1249999999837,28.3500000000108));
#1879=DIRECTION('',(-1.0,6.12323399573676E-17,-1.66533453693773E-16));
#1880=DIRECTION('',(-1.66533453693773E-16,0.0,1.0));
#1881=SURFACE_STYLE_FILL_AREA(#2948);
#1882=ORIENTED_EDGE('',*,*,#2942,.F.);
#1883=ORIENTED_EDGE('',*,*,#2949,.T.);
#1884=ORIENTED_EDGE('',*,*,#2950,.T.);
#1885=ORIENTED_EDGE('',*,*,#2951,.F.);
#1886=CARTESIAN_POINT('',(4.15000000000049,38.9372137847625,43.6675398710007));
#1887=DIRECTION('',(-2.88665044334598E-16,-0.931839057156251,0.362871839026052));
#1888=DIRECTION('',(-1.0,3.09779936908348E-16,0.0));
#1889=SURFACE_STYLE_FILL_AREA(#2952);
#1890=ORIENTED_EDGE('',*,*,#2953,.F.);
#1891=ORIENTED_EDGE('',*,*,#2954,.T.);
#1892=ORIENTED_EDGE('',*,*,#2955,.F.);
#1893=ORIENTED_EDGE('',*,*,#2869,.T.);
#1894=CARTESIAN_POINT('',(3.31999759999973,43.7499999999996,34.5437620000052));
#1895=DIRECTION('',(3.8447791526527E-32,1.0,2.08166817117217E-16));
#1896=DIRECTION('',(0.0,2.08166817117217E-16,-1.0));
#1897=SURFACE_STYLE_FILL_AREA(#2956);
#1898=ORIENTED_EDGE('',*,*,#2950,.F.);
#1899=ORIENTED_EDGE('',*,*,#2957,.T.);
#1900=ORIENTED_EDGE('',*,*,#2958,.T.);
#1901=ORIENTED_EDGE('',*,*,#2959,.F.);
#1902=CARTESIAN_POINT('',(4.15000000000049,36.892893218811,46.5571067811953));
#1903=DIRECTION('',(-5.54342768458493E-17,-0.707106781186629,-0.707106781186466));
#1904=DIRECTION('',(0.0,0.707106781186466,-0.707106781186629));
#1905=SURFACE_STYLE_FILL_AREA(#2960);
#1906=ORIENTED_EDGE('',*,*,#2961,.F.);
#1907=ORIENTED_EDGE('',*,*,#2962,.T.);
#1908=ORIENTED_EDGE('',*,*,#2963,.F.);
#1909=ORIENTED_EDGE('',*,*,#2871,.T.);
#1910=CARTESIAN_POINT('',(4.15000000000051,39.9999999999797,27.9500000000091));
#1911=DIRECTION('',(-3.8447791526527E-32,-1.0,-2.08166817117217E-16));
#1912=DIRECTION('',(0.0,2.08166817117217E-16,-1.0));
#1913=SURFACE_STYLE_FILL_AREA(#2964);
#1914=ORIENTED_EDGE('',*,*,#2958,.F.);
#1915=ORIENTED_EDGE('',*,*,#2965,.F.);
#1916=ORIENTED_EDGE('',*,*,#2966,.T.);
#1917=ORIENTED_EDGE('',*,*,#2967,.T.);
#1918=ORIENTED_EDGE('',*,*,#2968,.T.);
#1919=ORIENTED_EDGE('',*,*,#2654,.F.);
#1920=ORIENTED_EDGE('',*,*,#2663,.F.);
#1921=ORIENTED_EDGE('',*,*,#2969,.F.);
#1922=CARTESIAN_POINT('',(4.15000000000049,29.5501037691042,46.8500000000089));
#1923=DIRECTION('',(1.66533453693773E-16,1.94289029309402E-16,-1.0));
#1924=DIRECTION('',(-1.0,0.0,-1.66533453693773E-16));
#1925=SURFACE_STYLE_FILL_AREA(#2970);
#1926=ORIENTED_EDGE('',*,*,#2945,.T.);
#1927=ORIENTED_EDGE('',*,*,#2875,.T.);
#1928=ORIENTED_EDGE('',*,*,#2901,.T.);
#1929=ORIENTED_EDGE('',*,*,#2971,.T.);
#1930=CARTESIAN_POINT('',(1.40000000000152,33.1249999999837,24.6500000000108));
#1931=DIRECTION('',(-1.66533453693773E-16,-2.08166817117217E-16,1.0));
#1932=DIRECTION('',(0.0,-1.0,-2.08166817117217E-16));
#1933=SURFACE_STYLE_FILL_AREA(#2972);
#1934=ORIENTED_EDGE('',*,*,#2966,.F.);
#1935=ORIENTED_EDGE('',*,*,#2973,.F.);
#1936=ORIENTED_EDGE('',*,*,#2974,.T.);
#1937=ORIENTED_EDGE('',*,*,#2975,.T.);
#1938=CARTESIAN_POINT('',(4.15000000000049,28.0603073791882,43.718720259211));
#1939=DIRECTION('',(2.87116107746433E-16,0.939692620785908,-0.342020143325669));
#1940=DIRECTION('',(-1.0,0.0,-8.39471339186719E-16));
#1941=SURFACE_STYLE_FILL_AREA(#2976);
#1942=ORIENTED_EDGE('',*,*,#2977,.T.);
#1943=ORIENTED_EDGE('',*,*,#2961,.T.);
#1944=ORIENTED_EDGE('',*,*,#2870,.T.);
#1945=ORIENTED_EDGE('',*,*,#2955,.T.);
#1946=CARTESIAN_POINT('',(4.15000000000051,46.1083080000003,29.5867161957352));
#1947=DIRECTION('',(-2.79150761001797E-16,-0.258819045102521,0.965925826289068));
#1948=DIRECTION('',(-1.0,1.07855571791953E-15,0.0));
#1949=SURFACE_STYLE_FILL_AREA(#2978);
#1950=ORIENTED_EDGE('',*,*,#2974,.F.);
#1951=ORIENTED_EDGE('',*,*,#2979,.F.);
#1952=ORIENTED_EDGE('',*,*,#2980,.F.);
#1953=ORIENTED_EDGE('',*,*,#2981,.F.);
#1954=ORIENTED_EDGE('',*,*,#2982,.T.);
#1955=ORIENTED_EDGE('',*,*,#2983,.T.);
#1956=ORIENTED_EDGE('',*,*,#2984,.F.);
#1957=ORIENTED_EDGE('',*,*,#2985,.T.);
#1958=CARTESIAN_POINT('',(4.15000000000049,27.9999999999738,40.3500000000106));
#1959=DIRECTION('',(2.44929359829471E-16,1.0,-1.23512311489549E-15));
#1960=DIRECTION('',(0.0,-1.23512311489549E-15,-1.0));
#1961=SURFACE_STYLE_FILL_AREA(#2986);
#1962=ORIENTED_EDGE('',*,*,#2980,.T.);
#1963=ORIENTED_EDGE('',*,*,#2987,.T.);
#1964=ORIENTED_EDGE('',*,*,#2988,.F.);
#1965=ORIENTED_EDGE('',*,*,#2989,.T.);
#1966=ORIENTED_EDGE('',*,*,#2823,.T.);
#1967=ORIENTED_EDGE('',*,*,#2990,.T.);
#1968=ORIENTED_EDGE('',*,*,#2991,.F.);
#1969=ORIENTED_EDGE('',*,*,#2992,.F.);
#1970=ORIENTED_EDGE('',*,*,#2984,.T.);
#1971=ORIENTED_EDGE('',*,*,#2993,.T.);
#1972=ORIENTED_EDGE('',*,*,#2994,.T.);
#1973=ORIENTED_EDGE('',*,*,#2995,.T.);
#1974=CARTESIAN_POINT('',(4.15000000000049,20.0000000000251,40.3500000000106));
#1975=DIRECTION('',(1.66533453693774E-16,6.2450045135165E-16,-1.0));
#1976=DIRECTION('',(-1.0,0.0,-1.66533453693774E-16));
#1977=SURFACE_STYLE_FILL_AREA(#2996);
#1978=ORIENTED_EDGE('',*,*,#2988,.T.);
#1979=ORIENTED_EDGE('',*,*,#2997,.T.);
#1980=ORIENTED_EDGE('',*,*,#2998,.T.);
#1981=ORIENTED_EDGE('',*,*,#2999,.F.);
#1982=ORIENTED_EDGE('',*,*,#2991,.T.);
#1983=ORIENTED_EDGE('',*,*,#3000,.F.);
#1984=ORIENTED_EDGE('',*,*,#3001,.F.);
#1985=ORIENTED_EDGE('',*,*,#3002,.T.);
#1986=CARTESIAN_POINT('',(4.15000000000049,20.0000000000251,43.376700115885));
#1987=DIRECTION('',(-2.4492935982947E-16,-1.0,-1.63757896132211E-15));
#1988=DIRECTION('',(0.0,1.63757896132211E-15,-1.0));
#1989=SURFACE_STYLE_FILL_AREA(#3003);
#1990=ORIENTED_EDGE('',*,*,#2872,.T.);
#1991=ORIENTED_EDGE('',*,*,#2963,.T.);
#1992=ORIENTED_EDGE('',*,*,#3004,.T.);
#1993=ORIENTED_EDGE('',*,*,#2842,.T.);
#1994=CARTESIAN_POINT('',(4.15000000000051,39.9999999999797,24.8500000000091));
#1995=DIRECTION('',(2.79150761001797E-16,-0.258819045102521,-0.965925826289068));
#1996=DIRECTION('',(0.0,-0.965925826289068,0.258819045102521));
#1997=SURFACE_STYLE_FILL_AREA(#3005);
#1998=ORIENTED_EDGE('',*,*,#2998,.F.);
#1999=ORIENTED_EDGE('',*,*,#3006,.T.);
#2000=ORIENTED_EDGE('',*,*,#3007,.T.);
#2001=ORIENTED_EDGE('',*,*,#3008,.F.);
#2002=CARTESIAN_POINT('',(4.15000000000049,18.9197425412873,46.5210100716728));
#2003=DIRECTION('',(-1.73200516344707E-16,-0.939692620785908,-0.342020143325669));
#2004=DIRECTION('',(0.0,0.342020143325669,-0.939692620785908));
#2005=SURFACE_STYLE_FILL_AREA(#3009);
#2006=ORIENTED_EDGE('',*,*,#2947,.F.);
#2007=ORIENTED_EDGE('',*,*,#3010,.F.);
#2008=ORIENTED_EDGE('',*,*,#2908,.T.);
#2009=ORIENTED_EDGE('',*,*,#3011,.T.);
#2010=ORIENTED_EDGE('',*,*,#2899,.T.);
#2011=ORIENTED_EDGE('',*,*,#2858,.T.);
#2012=ORIENTED_EDGE('',*,*,#3012,.T.);
#2013=ORIENTED_EDGE('',*,*,#2921,.T.);
#2014=CARTESIAN_POINT('',(-0.415002400000055,29.1249999999795,27.3500000000109));
#2015=DIRECTION('',(-1.66533453693773E-16,-2.77555756156289E-16,1.0));
#2016=DIRECTION('',(0.0,-1.0,-2.77555756156289E-16));
#2017=SURFACE_STYLE_FILL_AREA(#3013);
#2018=ORIENTED_EDGE('',*,*,#3007,.F.);
#2019=ORIENTED_EDGE('',*,*,#3014,.T.);
#2020=ORIENTED_EDGE('',*,*,#3015,.T.);
#2021=ORIENTED_EDGE('',*,*,#3016,.F.);
#2022=ORIENTED_EDGE('',*,*,#3017,.T.);
#2023=ORIENTED_EDGE('',*,*,#3018,.T.);
#2024=ORIENTED_EDGE('',*,*,#2651,.T.);
#2025=ORIENTED_EDGE('',*,*,#2643,.T.);
#2026=CARTESIAN_POINT('',(4.15000000000049,11.8142135623746,46.8500000000089));
#2027=DIRECTION('',(1.66533453693773E-16,2.08166817117217E-16,-1.0));
#2028=DIRECTION('',(-1.0,0.0,-1.66533453693773E-16));
#2029=SURFACE_STYLE_FILL_AREA(#3019);
#2030=ORIENTED_EDGE('',*,*,#2894,.F.);
#2031=ORIENTED_EDGE('',*,*,#2866,.T.);
#2032=ORIENTED_EDGE('',*,*,#2922,.F.);
#2033=ORIENTED_EDGE('',*,*,#3012,.F.);
#2034=ORIENTED_EDGE('',*,*,#2862,.T.);
#2035=ORIENTED_EDGE('',*,*,#2915,.T.);
#2036=CARTESIAN_POINT('',(6.25940226433337,37.1302020526539,28.7774109017186));
#2037=DIRECTION('',(1.25684392930259E-16,0.656059028990625,-0.75470958022267));
#2038=DIRECTION('',(-1.0,0.0,-1.66533453693773E-16));
#2039=SURFACE_STYLE_FILL_AREA(#3020);
#2040=ORIENTED_EDGE('',*,*,#3015,.F.);
#2041=ORIENTED_EDGE('',*,*,#3021,.F.);
#2042=ORIENTED_EDGE('',*,*,#3022,.T.);
#2043=ORIENTED_EDGE('',*,*,#3023,.T.);
#2044=CARTESIAN_POINT('',(4.15000000000049,9.28751849120607,44.737518491213));
#2045=DIRECTION('',(2.90948145648388E-16,0.70710678118663,-0.707106781186466));
#2046=DIRECTION('',(-1.0,0.0,-4.114628135233E-16));
#2047=SURFACE_STYLE_FILL_AREA(#3024);
#2048=ORIENTED_EDGE('',*,*,#3025,.T.);
#2049=ORIENTED_EDGE('',*,*,#3026,.F.);
#2050=ORIENTED_EDGE('',*,*,#3027,.F.);
#2051=ORIENTED_EDGE('',*,*,#3028,.F.);
#2052=CARTESIAN_POINT('',(1.40000000000152,14.8750000000152,24.6500000000108));
#2053=DIRECTION('',(1.66533453693773E-16,2.35922392732846E-16,-1.0));
#2054=DIRECTION('',(-1.0,0.0,-1.66533453693773E-16));
#2055=SURFACE_STYLE_FILL_AREA(#3029);
#2056=ORIENTED_EDGE('',*,*,#3022,.F.);
#2057=ORIENTED_EDGE('',*,*,#3030,.F.);
#2058=ORIENTED_EDGE('',*,*,#3031,.T.);
#2059=ORIENTED_EDGE('',*,*,#3032,.T.);
#2060=CARTESIAN_POINT('',(4.15000000000049,9.56574428887044,42.3759654727719));
#2061=DIRECTION('',(1.67804443132159E-16,0.931839057156251,0.362871839026052));
#2062=DIRECTION('',(1.0,0.0,-4.6243446055926E-16));
#2063=SURFACE_STYLE_FILL_AREA(#3033);
#2064=ORIENTED_EDGE('',*,*,#3034,.T.);
#2065=ORIENTED_EDGE('',*,*,#3035,.T.);
#2066=ORIENTED_EDGE('',*,*,#3036,.F.);
#2067=ORIENTED_EDGE('',*,*,#3025,.F.);
#2068=CARTESIAN_POINT('',(2.77500000000101,18.8750000000195,25.925000000014));
#2069=DIRECTION('',(0.0,-1.0,-2.22044604925031E-16));
#2070=DIRECTION('',(0.0,2.22044604925031E-16,-1.0));
#2071=SURFACE_STYLE_FILL_AREA(#3037);
#2072=ORIENTED_EDGE('',*,*,#3031,.F.);
#2073=ORIENTED_EDGE('',*,*,#3038,.F.);
#2074=ORIENTED_EDGE('',*,*,#3039,.F.);
#2075=ORIENTED_EDGE('',*,*,#3040,.T.);
#2076=CARTESIAN_POINT('',(4.15000000000049,10.0335161453572,42.5065965965715));
#2077=DIRECTION('',(-2.90948145648382E-16,-0.707106781186548,0.707106781186548));
#2078=DIRECTION('',(-1.0,4.11462813523244E-16,0.0));
#2079=SURFACE_STYLE_FILL_AREA(#3041);
#2080=ORIENTED_EDGE('',*,*,#3039,.T.);
#2081=ORIENTED_EDGE('',*,*,#3042,.F.);
#2082=ORIENTED_EDGE('',*,*,#3043,.F.);
#2083=ORIENTED_EDGE('',*,*,#3044,.T.);
#2084=CARTESIAN_POINT('',(4.15000000000049,10.7901204012268,41.7499923407019));
#2085=DIRECTION('',(5.54342768458157E-17,0.707106781186548,0.707106781186548));
#2086=DIRECTION('',(1.0,0.0,-7.83959061356973E-17));
#2087=SURFACE_STYLE_FILL_AREA(#3045);
#2088=ORIENTED_EDGE('',*,*,#3043,.T.);
#2089=ORIENTED_EDGE('',*,*,#3046,.F.);
#2090=ORIENTED_EDGE('',*,*,#3047,.F.);
#2091=ORIENTED_EDGE('',*,*,#3048,.T.);
#2092=CARTESIAN_POINT('',(4.15000000000049,6.31767001022153,37.2775419496972));
#2093=DIRECTION('',(2.90948145648378E-16,0.707106781186506,-0.707106781186589));
#2094=DIRECTION('',(-1.0,0.0,-4.11462813523215E-16));
#2095=SURFACE_STYLE_FILL_AREA(#3049);
#2096=ORIENTED_EDGE('',*,*,#3047,.T.);
#2097=ORIENTED_EDGE('',*,*,#3050,.F.);
#2098=ORIENTED_EDGE('',*,*,#3051,.F.);
#2099=ORIENTED_EDGE('',*,*,#3052,.T.);
#2100=CARTESIAN_POINT('',(4.15000000000049,5.56106575435215,38.0341462055666));
#2101=DIRECTION('',(-5.54342768458157E-17,-0.707106781186548,-0.707106781186548));
#2102=DIRECTION('',(0.0,-0.707106781186548,0.707106781186548));
#2103=SURFACE_STYLE_FILL_AREA(#3053);
#2104=ORIENTED_EDGE('',*,*,#3051,.T.);
#2105=ORIENTED_EDGE('',*,*,#3054,.F.);
#2106=ORIENTED_EDGE('',*,*,#3055,.T.);
#2107=ORIENTED_EDGE('',*,*,#3056,.T.);
#2108=CARTESIAN_POINT('',(4.15000000000049,5.75021681831984,38.2232972695343));
#2109=DIRECTION('',(-2.90948145648382E-16,-0.707106781186548,0.707106781186547));
#2110=DIRECTION('',(-1.0,4.11462813523244E-16,0.0));
#2111=SURFACE_STYLE_FILL_AREA(#3057);
#2112=ORIENTED_EDGE('',*,*,#3058,.F.);
#2113=ORIENTED_EDGE('',*,*,#3059,.T.);
#2114=ORIENTED_EDGE('',*,*,#3060,.T.);
#2115=ORIENTED_EDGE('',*,*,#2878,.T.);
#2116=CARTESIAN_POINT('',(3.40000000000151,14.8750000000152,28.3500000000108));
#2117=DIRECTION('',(1.0,6.12323399573676E-17,1.66533453693773E-16));
#2118=DIRECTION('',(-1.66533453693773E-16,0.0,1.0));
#2119=SURFACE_STYLE_FILL_AREA(#3061);
#2120=ORIENTED_EDGE('',*,*,#3062,.T.);
#2121=ORIENTED_EDGE('',*,*,#3063,.T.);
#2122=ORIENTED_EDGE('',*,*,#3055,.F.);
#2123=ORIENTED_EDGE('',*,*,#3064,.F.);
#2124=CARTESIAN_POINT('',(4.15000000000049,4.40012247992203,39.0048761356882));
#2125=DIRECTION('',(6.63044092421519E-17,-0.362871839026163,-0.931839057156208));
#2126=DIRECTION('',(0.0,-0.931839057156208,0.362871839026163));
#2127=SURFACE_STYLE_FILL_AREA(#3065);
#2128=ORIENTED_EDGE('',*,*,#2879,.T.);
#2129=ORIENTED_EDGE('',*,*,#2831,.F.);
#2130=ORIENTED_EDGE('',*,*,#3066,.T.);
#2131=ORIENTED_EDGE('',*,*,#2731,.T.);
#2132=ORIENTED_EDGE('',*,*,#3067,.T.);
#2133=ORIENTED_EDGE('',*,*,#3035,.F.);
#2134=ORIENTED_EDGE('',*,*,#3068,.T.);
#2135=ORIENTED_EDGE('',*,*,#3058,.T.);
#2136=CARTESIAN_POINT('',(40.4146247226735,80.9899922618673,27.3500000000109));
#2137=DIRECTION('',(-3.50230473565876E-16,-1.66533453693773E-16,1.0));
#2138=DIRECTION('',(1.0,0.0,3.50230473565876E-16));
#2139=SURFACE_STYLE_FILL_AREA(#3069);
#2140=ORIENTED_EDGE('',*,*,#3062,.F.);
#2141=ORIENTED_EDGE('',*,*,#3070,.F.);
#2142=ORIENTED_EDGE('',*,*,#3071,.T.);
#2143=ORIENTED_EDGE('',*,*,#3072,.T.);
#2144=CARTESIAN_POINT('',(4.15000000000049,2.49289321881333,37.9428932188227));
#2145=DIRECTION('',(2.90948145648382E-16,0.707106781186548,-0.707106781186547));
#2146=DIRECTION('',(-1.0,0.0,-4.11462813523245E-16));
#2147=SURFACE_STYLE_FILL_AREA(#3073);
#2148=ORIENTED_EDGE('',*,*,#2830,.T.);
#2149=ORIENTED_EDGE('',*,*,#2884,.T.);
#2150=ORIENTED_EDGE('',*,*,#2799,.T.);
#2151=ORIENTED_EDGE('',*,*,#2728,.T.);
#2152=ORIENTED_EDGE('',*,*,#3066,.F.);
#2153=CARTESIAN_POINT('',(0.817949192432705,12.2720252506418,18.1949976000104));
#2154=DIRECTION('',(-0.866025403784471,0.499999999999944,-2.62610051123629E-17));
#2155=DIRECTION('',(-3.03235967416246E-17,0.0,1.0));
#2156=SURFACE_STYLE_FILL_AREA(#3074);
#2157=ORIENTED_EDGE('',*,*,#3071,.F.);
#2158=ORIENTED_EDGE('',*,*,#3075,.T.);
#2159=ORIENTED_EDGE('',*,*,#3076,.T.);
#2160=ORIENTED_EDGE('',*,*,#3077,.F.);
#2161=CARTESIAN_POINT('',(4.15000000000049,2.19999999999949,36.7652987888883));
#2162=DIRECTION('',(2.44929359829471E-16,1.0,2.63677968348475E-16));
#2163=DIRECTION('',(0.0,2.63677968348475E-16,-1.0));
#2164=SURFACE_STYLE_FILL_AREA(#3078);
#2165=ORIENTED_EDGE('',*,*,#2670,.T.);
#2166=ORIENTED_EDGE('',*,*,#3079,.F.);
#2167=ORIENTED_EDGE('',*,*,#2706,.F.);
#2168=ORIENTED_EDGE('',*,*,#2805,.T.);
#2169=CARTESIAN_POINT('',(1.1,2.58278633637482,4.60066604154056));
#2170=DIRECTION('',(-1.0,1.25998616806134E-31,-1.66533453693773E-16));
#2171=DIRECTION('',(2.02953226566517E-17,0.992546151641322,-0.121869343405147));
#2172=SURFACE_STYLE_FILL_AREA(#3080);
#2173=ORIENTED_EDGE('',*,*,#2893,.F.);
#2174=ORIENTED_EDGE('',*,*,#3081,.F.);
#2175=ORIENTED_EDGE('',*,*,#2953,.T.);
#2176=ORIENTED_EDGE('',*,*,#2868,.T.);
#2177=CARTESIAN_POINT('',(4.1500000000005,50.7499999999996,31.3152050640353));
#2178=DIRECTION('',(1.0,-1.4791141972894E-31,5.16328830726854E-16));
#2179=DIRECTION('',(5.16328830726854E-16,-1.26464089971427E-31,-1.0));
#2180=SURFACE_STYLE_FILL_AREA(#3082);
#2181=ORIENTED_EDGE('',*,*,#3083,.F.);
#2182=ORIENTED_EDGE('',*,*,#3084,.F.);
#2183=ORIENTED_EDGE('',*,*,#3085,.T.);
#2184=ORIENTED_EDGE('',*,*,#2982,.F.);
#2185=CARTESIAN_POINT('',(2.30000000000051,23.9999999999994,28.3500000000108));
#2186=DIRECTION('',(-3.50230473565876E-16,-1.66533453693773E-16,1.0));
#2187=DIRECTION('',(1.0,0.0,3.50230473565876E-16));
#2188=SURFACE_STYLE_FILL_AREA(#3086);
#2189=ORIENTED_EDGE('',*,*,#2994,.F.);
#2190=ORIENTED_EDGE('',*,*,#3087,.F.);
#2191=ORIENTED_EDGE('',*,*,#3084,.T.);
#2192=ORIENTED_EDGE('',*,*,#3088,.T.);
#2193=CARTESIAN_POINT('',(3.32500000000097,24.8499999999576,28.3500000000108));
#2194=DIRECTION('',(1.9651103767204E-13,-1.0,-1.66533453693705E-16));
#2195=DIRECTION('',(0.0,1.66533453693705E-16,-1.0));
#2196=SURFACE_STYLE_FILL_AREA(#3089);
#2197=ORIENTED_EDGE('',*,*,#2995,.F.);
#2198=ORIENTED_EDGE('',*,*,#3088,.F.);
#2199=ORIENTED_EDGE('',*,*,#3083,.T.);
#2200=ORIENTED_EDGE('',*,*,#2981,.T.);
#2201=CARTESIAN_POINT('',(0.825000000016931,24.8499999999571,28.3500000000108));
#2202=DIRECTION('',(-1.0,1.96511037672039E-13,-3.50230473565844E-16));
#2203=DIRECTION('',(-3.50230473565844E-16,0.0,1.0));
#2204=SURFACE_STYLE_FILL_AREA(#3090);
#2205=ORIENTED_EDGE('',*,*,#2993,.F.);
#2206=ORIENTED_EDGE('',*,*,#2983,.F.);
#2207=ORIENTED_EDGE('',*,*,#3085,.F.);
#2208=ORIENTED_EDGE('',*,*,#3087,.T.);
#2209=CARTESIAN_POINT('',(3.32500000000036,27.9999999999746,28.3500000000108));
#2210=DIRECTION('',(1.0,1.96511037672039E-13,3.50230473565909E-16));
#2211=DIRECTION('',(-1.96511037672039E-13,1.0,0.0));
#2212=SURFACE_STYLE_FILL_AREA(#3091);
#2213=ORIENTED_EDGE('',*,*,#2989,.F.);
#2214=ORIENTED_EDGE('',*,*,#3002,.F.);
#2215=ORIENTED_EDGE('',*,*,#3092,.F.);
#2216=ORIENTED_EDGE('',*,*,#2824,.T.);
#2217=CARTESIAN_POINT('',(0.825000000000358,20.0000000000221,28.3500000000108));
#2218=DIRECTION('',(-1.0,1.96511037672039E-13,-3.50230473565844E-16));
#2219=DIRECTION('',(-3.50230473565844E-16,0.0,1.0));
#2220=SURFACE_STYLE_FILL_AREA(#3093);
#2221=ORIENTED_EDGE('',*,*,#3092,.T.);
#2222=ORIENTED_EDGE('',*,*,#3001,.T.);
#2223=ORIENTED_EDGE('',*,*,#3094,.F.);
#2224=ORIENTED_EDGE('',*,*,#2825,.T.);
#2225=CARTESIAN_POINT('',(2.30000000000051,23.9999999999994,28.3500000000108));
#2226=DIRECTION('',(-3.50230473565876E-16,-1.66533453693773E-16,1.0));
#2227=DIRECTION('',(1.0,0.0,3.50230473565876E-16));
#2228=SURFACE_STYLE_FILL_AREA(#3095);
#2229=ORIENTED_EDGE('',*,*,#2990,.F.);
#2230=ORIENTED_EDGE('',*,*,#2826,.F.);
#2231=ORIENTED_EDGE('',*,*,#3094,.T.);
#2232=ORIENTED_EDGE('',*,*,#3000,.T.);
#2233=CARTESIAN_POINT('',(3.32500000000098,23.1500000000414,28.3500000000108));
#2234=DIRECTION('',(1.0,-1.96511037672039E-13,3.50230473565844E-16));
#2235=DIRECTION('',(-1.96511037672039E-13,-1.0,0.0));
#2236=SURFACE_STYLE_FILL_AREA(#3096);
#2237=ORIENTED_EDGE('',*,*,#3097,.F.);
#2238=ORIENTED_EDGE('',*,*,#3098,.T.);
#2239=ORIENTED_EDGE('',*,*,#2668,.T.);
#2240=ORIENTED_EDGE('',*,*,#3099,.F.);
#2241=ORIENTED_EDGE('',*,*,#2656,.T.);
#2242=CARTESIAN_POINT('',(2.40000000000151,15.0499999999837,38.1000000000109));
#2243=DIRECTION('',(-1.66533453693773E-16,-1.66533453693773E-16,1.0));
#2244=DIRECTION('',(1.0,0.0,1.66533453693773E-16));
#2245=SURFACE_STYLE_FILL_AREA(#3100);
#2246=ORIENTED_EDGE('',*,*,#2662,.T.);
#2247=ORIENTED_EDGE('',*,*,#3098,.F.);
#2248=ORIENTED_EDGE('',*,*,#3101,.T.);
#2249=ORIENTED_EDGE('',*,*,#2969,.T.);
#2250=CARTESIAN_POINT('',(2.40000000000151,32.2249999999838,38.1000000000109));
#2251=DIRECTION('',(1.66533453693773E-16,1.66533453693773E-16,-1.0));
#2252=DIRECTION('',(0.0,1.0,1.66533453693773E-16));
#2253=SURFACE_STYLE_FILL_AREA(#3102);
#2254=ORIENTED_EDGE('',*,*,#2968,.F.);
#2255=ORIENTED_EDGE('',*,*,#3101,.F.);
#2256=ORIENTED_EDGE('',*,*,#3097,.T.);
#2257=ORIENTED_EDGE('',*,*,#2655,.T.);
#2258=CARTESIAN_POINT('',(3.80000000000049,32.7635164806999,38.1000000000109));
#2259=DIRECTION('',(1.0,2.67697677561848E-16,1.66533453693773E-16));
#2260=DIRECTION('',(-2.67697677561848E-16,1.0,0.0));
#2261=SURFACE_STYLE_FILL_AREA(#3103);
#2262=ORIENTED_EDGE('',*,*,#3104,.F.);
#2263=ORIENTED_EDGE('',*,*,#3105,.T.);
#2264=ORIENTED_EDGE('',*,*,#2641,.F.);
#2265=ORIENTED_EDGE('',*,*,#2650,.F.);
#2266=ORIENTED_EDGE('',*,*,#3106,.F.);
#2267=CARTESIAN_POINT('',(2.40000000000151,15.0499999999837,38.1000000000109));
#2268=DIRECTION('',(-1.66533453693773E-16,-1.66533453693773E-16,1.0));
#2269=DIRECTION('',(1.0,0.0,1.66533453693773E-16));
#2270=SURFACE_STYLE_FILL_AREA(#3107);
#2271=ORIENTED_EDGE('',*,*,#2645,.T.);
#2272=ORIENTED_EDGE('',*,*,#3018,.F.);
#2273=ORIENTED_EDGE('',*,*,#3108,.F.);
#2274=ORIENTED_EDGE('',*,*,#3104,.T.);
#2275=ORIENTED_EDGE('',*,*,#3109,.T.);
#2276=ORIENTED_EDGE('',*,*,#3110,.T.);
#2277=ORIENTED_EDGE('',*,*,#3111,.F.);
#2278=ORIENTED_EDGE('',*,*,#3112,.T.);
#2279=CARTESIAN_POINT('',(2.40000000000151,15.7750000000152,38.1000000000109));
#2280=DIRECTION('',(-1.66533453693773E-16,-1.66533453693773E-16,1.0));
#2281=DIRECTION('',(0.0,-1.0,-1.66533453693773E-16));
#2282=SURFACE_STYLE_FILL_AREA(#3113);
#2283=ORIENTED_EDGE('',*,*,#3017,.F.);
#2284=ORIENTED_EDGE('',*,*,#2642,.F.);
#2285=ORIENTED_EDGE('',*,*,#3105,.F.);
#2286=ORIENTED_EDGE('',*,*,#3108,.T.);
#2287=CARTESIAN_POINT('',(3.80000000000049,16.3135164807313,38.1000000000109));
#2288=DIRECTION('',(1.0,-2.67697677561848E-16,1.66533453693773E-16));
#2289=DIRECTION('',(-2.67697677561848E-16,-1.0,0.0));
#2290=SURFACE_STYLE_FILL_AREA(#3114);
#2291=ORIENTED_EDGE('',*,*,#3106,.T.);
#2292=ORIENTED_EDGE('',*,*,#2649,.F.);
#2293=ORIENTED_EDGE('',*,*,#3115,.T.);
#2294=ORIENTED_EDGE('',*,*,#3109,.F.);
#2295=CARTESIAN_POINT('',(1.53095166210452,16.9976017284609,37.5000000000109));
#2296=DIRECTION('',(0.707106781186547,0.707106781186548,2.35513868802566E-16));
#2297=DIRECTION('',(3.33066907387547E-16,0.0,-1.0));
#2298=SURFACE_STYLE_FILL_AREA(#3116);
#2299=ORIENTED_EDGE('',*,*,#3117,.F.);
#2300=ORIENTED_EDGE('',*,*,#2664,.T.);
#2301=ORIENTED_EDGE('',*,*,#2660,.T.);
#2302=CARTESIAN_POINT('',(2.40000000000151,15.0499999999837,38.1000000000109));
#2303=DIRECTION('',(-1.66533453693773E-16,-1.66533453693773E-16,1.0));
#2304=DIRECTION('',(1.0,0.0,1.66533453693773E-16));
#2305=SURFACE_STYLE_FILL_AREA(#3118);
#2306=ORIENTED_EDGE('',*,*,#3119,.T.);
#2307=ORIENTED_EDGE('',*,*,#2647,.T.);
#2308=ORIENTED_EDGE('',*,*,#3120,.T.);
#2309=ORIENTED_EDGE('',*,*,#3111,.T.);
#2310=CARTESIAN_POINT('',(3.21317279834305,14.6082738110359,37.5000000000109));
#2311=DIRECTION('',(-0.707106781186547,-0.707106781186548,-2.35513868802566E-16));
#2312=DIRECTION('',(-0.707106781186548,0.707106781186547,0.0));
#2313=SURFACE_STYLE_FILL_AREA(#3121);
#2314=ORIENTED_EDGE('',*,*,#3099,.T.);
#2315=ORIENTED_EDGE('',*,*,#2667,.F.);
#2316=ORIENTED_EDGE('',*,*,#3122,.T.);
#2317=ORIENTED_EDGE('',*,*,#2657,.T.);
#2318=CARTESIAN_POINT('',(1.53095166213053,33.447601728448,37.5000000000109));
#2319=DIRECTION('',(0.707106781186547,0.707106781186548,2.35513868802566E-16));
#2320=DIRECTION('',(3.33066907387547E-16,0.0,-1.0));
#2321=SURFACE_STYLE_FILL_AREA(#3123);
#2322=ORIENTED_EDGE('',*,*,#3112,.F.);
#2323=ORIENTED_EDGE('',*,*,#3120,.F.);
#2324=ORIENTED_EDGE('',*,*,#2646,.F.);
#2325=CARTESIAN_POINT('',(2.40000000000151,15.0499999999837,38.1000000000109));
#2326=DIRECTION('',(-1.66533453693773E-16,-1.66533453693773E-16,1.0));
#2327=DIRECTION('',(1.0,0.0,1.66533453693773E-16));
#2328=SURFACE_STYLE_FILL_AREA(#3124);
#2329=ORIENTED_EDGE('',*,*,#2658,.T.);
#2330=ORIENTED_EDGE('',*,*,#3122,.F.);
#2331=ORIENTED_EDGE('',*,*,#2666,.T.);
#2332=ORIENTED_EDGE('',*,*,#3125,.F.);
#2333=CARTESIAN_POINT('',(2.40000000000151,15.7749999999837,37.5000000000109));
#2334=DIRECTION('',(-1.66533453693773E-16,-1.66533453693773E-16,1.0));
#2335=DIRECTION('',(1.0,0.0,1.66533453693773E-16));
#2336=SURFACE_STYLE_FILL_AREA(#3126);
#2337=ORIENTED_EDGE('',*,*,#3117,.T.);
#2338=ORIENTED_EDGE('',*,*,#2659,.F.);
#2339=ORIENTED_EDGE('',*,*,#3125,.T.);
#2340=ORIENTED_EDGE('',*,*,#2665,.T.);
#2341=CARTESIAN_POINT('',(3.2131727983653,31.0582738110267,37.5000000000109));
#2342=DIRECTION('',(-0.707106781186547,-0.707106781186548,-2.35513868802566E-16));
#2343=DIRECTION('',(-0.707106781186548,0.707106781186547,0.0));
#2344=SURFACE_STYLE_FILL_AREA(#3127);
#2345=ORIENTED_EDGE('',*,*,#3110,.F.);
#2346=ORIENTED_EDGE('',*,*,#3115,.F.);
#2347=ORIENTED_EDGE('',*,*,#2648,.F.);
#2348=ORIENTED_EDGE('',*,*,#3119,.F.);
#2349=CARTESIAN_POINT('',(2.40000000000151,15.7749999999837,37.5000000000109));
#2350=DIRECTION('',(-1.66533453693773E-16,-1.66533453693773E-16,1.0));
#2351=DIRECTION('',(1.0,0.0,1.66533453693773E-16));
#2352=SURFACE_STYLE_FILL_AREA(#3128);
#2353=ORIENTED_EDGE('',*,*,#3027,.T.);
#2354=ORIENTED_EDGE('',*,*,#2729,.F.);
#2355=ORIENTED_EDGE('',*,*,#2798,.F.);
#2356=ORIENTED_EDGE('',*,*,#3060,.F.);
#2357=CARTESIAN_POINT('',(1.40000000000152,14.8750000000152,24.6500000000108));
#2358=DIRECTION('',(1.66533453693773E-16,2.35922392732846E-16,-1.0));
#2359=DIRECTION('',(-1.0,0.0,-1.66533453693773E-16));
#2360=SURFACE_STYLE_FILL_AREA(#3129);
#2361=ORIENTED_EDGE('',*,*,#3059,.F.);
#2362=ORIENTED_EDGE('',*,*,#3068,.F.);
#2363=ORIENTED_EDGE('',*,*,#3034,.F.);
#2364=ORIENTED_EDGE('',*,*,#3028,.T.);
#2365=CARTESIAN_POINT('',(3.40000000000151,14.8750000000152,28.3500000000108));
#2366=DIRECTION('',(1.0,6.12323399573676E-17,1.66533453693773E-16));
#2367=DIRECTION('',(-1.66533453693773E-16,0.0,1.0));
#2368=SURFACE_STYLE_FILL_AREA(#3130);
#2369=ORIENTED_EDGE('',*,*,#2730,.T.);
#2370=ORIENTED_EDGE('',*,*,#3026,.T.);
#2371=ORIENTED_EDGE('',*,*,#3036,.T.);
#2372=ORIENTED_EDGE('',*,*,#3067,.F.);
#2373=CARTESIAN_POINT('',(1.40000000000151,14.8750000000152,28.3500000000108));
#2374=DIRECTION('',(-1.0,-6.12323399573676E-17,-1.66533453693773E-16));
#2375=DIRECTION('',(-1.66533453693773E-16,0.0,1.0));
#2376=SURFACE_STYLE_FILL_AREA(#3131);
#2377=ORIENTED_EDGE('',*,*,#2971,.F.);
#2378=ORIENTED_EDGE('',*,*,#3132,.T.);
#2379=ORIENTED_EDGE('',*,*,#2906,.F.);
#2380=ORIENTED_EDGE('',*,*,#3133,.T.);
#2381=CARTESIAN_POINT('',(1.40000000000152,33.1249999999837,24.6500000000108));
#2382=DIRECTION('',(-1.66533453693773E-16,-2.08166817117217E-16,1.0));
#2383=DIRECTION('',(0.0,-1.0,-2.08166817117217E-16));
#2384=SURFACE_STYLE_FILL_AREA(#3134);
#2385=ORIENTED_EDGE('',*,*,#2900,.T.);
#2386=ORIENTED_EDGE('',*,*,#3011,.F.);
#2387=ORIENTED_EDGE('',*,*,#2907,.F.);
#2388=ORIENTED_EDGE('',*,*,#3132,.F.);
#2389=CARTESIAN_POINT('',(1.40000000000151,33.1249999999837,28.3500000000108));
#2390=DIRECTION('',(1.0,-6.12323399573676E-17,1.66533453693773E-16));
#2391=DIRECTION('',(-1.66533453693773E-16,0.0,1.0));
#2392=SURFACE_STYLE_FILL_AREA(#3135);
#2393=ORIENTED_EDGE('',*,*,#2946,.F.);
#2394=ORIENTED_EDGE('',*,*,#3133,.F.);
#2395=ORIENTED_EDGE('',*,*,#2909,.T.);
#2396=ORIENTED_EDGE('',*,*,#3010,.T.);
#2397=CARTESIAN_POINT('',(3.40000000000151,33.1249999999837,28.3500000000108));
#2398=DIRECTION('',(-1.0,6.12323399573676E-17,-1.66533453693773E-16));
#2399=DIRECTION('',(-1.66533453693773E-16,0.0,1.0));
#2400=SURFACE_STYLE_FILL_AREA(#3136);
#2401=ORIENTED_EDGE('',*,*,#3137,.F.);
#2402=ORIENTED_EDGE('',*,*,#3138,.T.);
#2403=ORIENTED_EDGE('',*,*,#2854,.T.);
#2404=ORIENTED_EDGE('',*,*,#3139,.F.);
#2405=CARTESIAN_POINT('',(4.15000000000049,8.00000000001928,26.4153460240512));
#2406=DIRECTION('',(-2.44929359829471E-16,-1.0,-4.02455846426619E-16));
#2407=DIRECTION('',(0.0,4.02455846426619E-16,-1.0));
#2408=SURFACE_STYLE_FILL_AREA(#3140);
#2409=ORIENTED_EDGE('',*,*,#3141,.F.);
#2410=ORIENTED_EDGE('',*,*,#3142,.T.);
#2411=ORIENTED_EDGE('',*,*,#2855,.T.);
#2412=ORIENTED_EDGE('',*,*,#3138,.F.);
#2413=CARTESIAN_POINT('',(4.15000000000048,4.99118095489685,28.756210633321));
#2414=DIRECTION('',(9.74665808352952E-17,-0.25881904510252,-0.965925826289069));
#2415=DIRECTION('',(0.0,-0.965925826289069,0.25881904510252));
#2416=SURFACE_STYLE_FILL_AREA(#3143);
#2417=ORIENTED_EDGE('',*,*,#3144,.F.);
#2418=ORIENTED_EDGE('',*,*,#3139,.T.);
#2419=ORIENTED_EDGE('',*,*,#2853,.T.);
#2420=ORIENTED_EDGE('',*,*,#3145,.T.);
#2421=CARTESIAN_POINT('',(4.15000000000049,6.51763809022426,24.4528023233888));
#2422=DIRECTION('',(-2.24251346892566E-16,-0.258819045102521,0.965925826289068));
#2423=DIRECTION('',(-1.0,8.66440670174552E-16,0.0));
#2424=SURFACE_STYLE_FILL_AREA(#3146);
#2425=ORIENTED_EDGE('',*,*,#3147,.T.);
#2426=ORIENTED_EDGE('',*,*,#3148,.T.);
#2427=ORIENTED_EDGE('',*,*,#3149,.T.);
#2428=ORIENTED_EDGE('',*,*,#3150,.T.);
#2429=ORIENTED_EDGE('',*,*,#3075,.F.);
#2430=ORIENTED_EDGE('',*,*,#3070,.T.);
#2431=ORIENTED_EDGE('',*,*,#3064,.T.);
#2432=ORIENTED_EDGE('',*,*,#3054,.T.);
#2433=ORIENTED_EDGE('',*,*,#3050,.T.);
#2434=ORIENTED_EDGE('',*,*,#3046,.T.);
#2435=ORIENTED_EDGE('',*,*,#3042,.T.);
#2436=ORIENTED_EDGE('',*,*,#3038,.T.);
#2437=ORIENTED_EDGE('',*,*,#3030,.T.);
#2438=ORIENTED_EDGE('',*,*,#3021,.T.);
#2439=ORIENTED_EDGE('',*,*,#3014,.F.);
#2440=ORIENTED_EDGE('',*,*,#3006,.F.);
#2441=ORIENTED_EDGE('',*,*,#2997,.F.);
#2442=ORIENTED_EDGE('',*,*,#2987,.F.);
#2443=ORIENTED_EDGE('',*,*,#2979,.T.);
#2444=ORIENTED_EDGE('',*,*,#2973,.T.);
#2445=ORIENTED_EDGE('',*,*,#2965,.T.);
#2446=ORIENTED_EDGE('',*,*,#2957,.F.);
#2447=ORIENTED_EDGE('',*,*,#2949,.F.);
#2448=ORIENTED_EDGE('',*,*,#2941,.F.);
#2449=ORIENTED_EDGE('',*,*,#2937,.F.);
#2450=ORIENTED_EDGE('',*,*,#2933,.F.);
#2451=ORIENTED_EDGE('',*,*,#2929,.F.);
#2452=ORIENTED_EDGE('',*,*,#2925,.F.);
#2453=ORIENTED_EDGE('',*,*,#2917,.F.);
#2454=ORIENTED_EDGE('',*,*,#2911,.F.);
#2455=ORIENTED_EDGE('',*,*,#2819,.T.);
#2456=ORIENTED_EDGE('',*,*,#2896,.T.);
#2457=ORIENTED_EDGE('',*,*,#2837,.F.);
#2458=ORIENTED_EDGE('',*,*,#2904,.T.);
#2459=ORIENTED_EDGE('',*,*,#2845,.F.);
#2460=ORIENTED_EDGE('',*,*,#2882,.T.);
#2461=ORIENTED_EDGE('',*,*,#2814,.F.);
#2462=ORIENTED_EDGE('',*,*,#2807,.F.);
#2463=ORIENTED_EDGE('',*,*,#2801,.F.);
#2464=ORIENTED_EDGE('',*,*,#2790,.F.);
#2465=ORIENTED_EDGE('',*,*,#2781,.F.);
#2466=ORIENTED_EDGE('',*,*,#2772,.F.);
#2467=ORIENTED_EDGE('',*,*,#2768,.T.);
#2468=ORIENTED_EDGE('',*,*,#2764,.T.);
#2469=ORIENTED_EDGE('',*,*,#2760,.T.);
#2470=ORIENTED_EDGE('',*,*,#2756,.T.);
#2471=ORIENTED_EDGE('',*,*,#2752,.T.);
#2472=ORIENTED_EDGE('',*,*,#2744,.F.);
#2473=ORIENTED_EDGE('',*,*,#2740,.T.);
#2474=ORIENTED_EDGE('',*,*,#2683,.T.);
#2475=ORIENTED_EDGE('',*,*,#2737,.T.);
#2476=ORIENTED_EDGE('',*,*,#2733,.T.);
#2477=ORIENTED_EDGE('',*,*,#2724,.F.);
#2478=ORIENTED_EDGE('',*,*,#2717,.F.);
#2479=ORIENTED_EDGE('',*,*,#2708,.F.);
#2480=ORIENTED_EDGE('',*,*,#2699,.T.);
#2481=ORIENTED_EDGE('',*,*,#2691,.T.);
#2482=ORIENTED_EDGE('',*,*,#2696,.F.);
#2483=ORIENTED_EDGE('',*,*,#2703,.F.);
#2484=ORIENTED_EDGE('',*,*,#3079,.T.);
#2485=ORIENTED_EDGE('',*,*,#2673,.T.);
#2486=ORIENTED_EDGE('',*,*,#2786,.F.);
#2487=ORIENTED_EDGE('',*,*,#2890,.T.);
#2488=ORIENTED_EDGE('',*,*,#2678,.T.);
#2489=ORIENTED_EDGE('',*,*,#2811,.F.);
#2490=ORIENTED_EDGE('',*,*,#2777,.F.);
#2491=ORIENTED_EDGE('',*,*,#3151,.T.);
#2492=CARTESIAN_POINT('',(4.9560355819267E-13,20.9736113967685,7.40000000000275));
#2493=DIRECTION('',(1.0,-2.44929359829471E-16,1.66533453693773E-16));
#2494=DIRECTION('',(-2.44929359829471E-16,-1.0,0.0));
#2495=SURFACE_STYLE_FILL_AREA(#3152);
#2496=ORIENTED_EDGE('',*,*,#3153,.T.);
#2497=ORIENTED_EDGE('',*,*,#3076,.F.);
#2498=ORIENTED_EDGE('',*,*,#3150,.F.);
#2499=ORIENTED_EDGE('',*,*,#3154,.T.);
#2500=CARTESIAN_POINT('',(-0.415002399999539,-1.07489278589899,39.2854290127193));
#2501=DIRECTION('',(3.92915409993041E-17,0.667001757849354,0.745056142197266));
#2502=DIRECTION('',(1.0,-5.89077023214957E-17,0.0));
#2503=SURFACE_STYLE_FILL_AREA(#3155);
#2504=ORIENTED_EDGE('',*,*,#3156,.T.);
#2505=ORIENTED_EDGE('',*,*,#2887,.F.);
#2506=ORIENTED_EDGE('',*,*,#3157,.F.);
#2507=ORIENTED_EDGE('',*,*,#3147,.F.);
#2508=CARTESIAN_POINT('',(-0.415002399999536,4.24999999999954,31.3152050640351));
#2509=DIRECTION('',(2.44929359829471E-16,1.0,2.63677968348475E-16));
#2510=DIRECTION('',(0.0,2.63677968348475E-16,-1.0));
#2511=SURFACE_STYLE_FILL_AREA(#3158);
#2512=ORIENTED_EDGE('',*,*,#2886,.T.);
#2513=ORIENTED_EDGE('',*,*,#3159,.F.);
#2514=ORIENTED_EDGE('',*,*,#3148,.F.);
#2515=ORIENTED_EDGE('',*,*,#3157,.T.);
#2516=CARTESIAN_POINT('',(-0.415002399999538,-2.75000000000046,31.3152050640351));
#2517=DIRECTION('',(-1.0,2.4492935982947E-16,-1.66533453693773E-16));
#2518=DIRECTION('',(2.63399016179365E-16,0.992546151641322,-0.121869343405147));
#2519=SURFACE_STYLE_FILL_AREA(#3160);
#2520=ORIENTED_EDGE('',*,*,#2850,.F.);
#2521=ORIENTED_EDGE('',*,*,#3161,.T.);
#2522=ORIENTED_EDGE('',*,*,#3162,.T.);
#2523=ORIENTED_EDGE('',*,*,#3154,.F.);
#2524=ORIENTED_EDGE('',*,*,#3149,.F.);
#2525=ORIENTED_EDGE('',*,*,#3159,.T.);
#2526=ORIENTED_EDGE('',*,*,#2885,.F.);
#2527=ORIENTED_EDGE('',*,*,#2828,.F.);
#2528=CARTESIAN_POINT('',(-0.415002399999538,2.3808479557105,36.1917223525373));
#2529=DIRECTION('',(1.05114720907798E-16,0.819152044288992,0.573576436351046));
#2530=DIRECTION('',(1.0,1.0096828487054E-32,-1.83261923339306E-16));
#2531=SURFACE_STYLE_FILL_AREA(#3163);
#2532=ORIENTED_EDGE('',*,*,#2849,.F.);
#2533=ORIENTED_EDGE('',*,*,#3164,.T.);
#2534=ORIENTED_EDGE('',*,*,#3165,.T.);
#2535=ORIENTED_EDGE('',*,*,#3161,.F.);
#2536=CARTESIAN_POINT('',(-0.415002399999538,-2.75000000000046,31.3152050640351));
#2537=DIRECTION('',(-1.0,2.4492935982947E-16,-1.66533453693773E-16));
#2538=DIRECTION('',(2.63399016179365E-16,0.992546151641322,-0.121869343405147));
#2539=SURFACE_STYLE_FILL_AREA(#3166);
#2540=ORIENTED_EDGE('',*,*,#2856,.F.);
#2541=ORIENTED_EDGE('',*,*,#3142,.F.);
#2542=ORIENTED_EDGE('',*,*,#3167,.T.);
#2543=ORIENTED_EDGE('',*,*,#3164,.F.);
#2544=CARTESIAN_POINT('',(-0.415002399999536,4.24999999999954,31.3152050640351));
#2545=DIRECTION('',(2.44929359829471E-16,1.0,2.63677968348475E-16));
#2546=DIRECTION('',(0.0,2.63677968348475E-16,-1.0));
#2547=SURFACE_STYLE_FILL_AREA(#3168);
#2548=ORIENTED_EDGE('',*,*,#2795,.F.);
#2549=ORIENTED_EDGE('',*,*,#2888,.T.);
#2550=ORIENTED_EDGE('',*,*,#3156,.F.);
#2551=ORIENTED_EDGE('',*,*,#3151,.F.);
#2552=ORIENTED_EDGE('',*,*,#2776,.T.);
#2553=ORIENTED_EDGE('',*,*,#3169,.T.);
#2554=ORIENTED_EDGE('',*,*,#3145,.F.);
#2555=ORIENTED_EDGE('',*,*,#2852,.F.);
#2556=CARTESIAN_POINT('',(-0.415002399999542,-20.7500000000022,28.9500002306289));
#2557=DIRECTION('',(-1.0,2.44929359829471E-16,-1.66533453693773E-16));
#2558=DIRECTION('',(-1.35442758320232E-16,0.121869343405147,0.992546151641322));
#2559=SURFACE_STYLE_FILL_AREA(#3170);
#2560=ORIENTED_EDGE('',*,*,#2891,.F.);
#2561=ORIENTED_EDGE('',*,*,#2788,.T.);
#2562=ORIENTED_EDGE('',*,*,#2750,.T.);
#2563=ORIENTED_EDGE('',*,*,#2714,.T.);
#2564=ORIENTED_EDGE('',*,*,#2721,.T.);
#2565=ORIENTED_EDGE('',*,*,#2688,.T.);
#2566=ORIENTED_EDGE('',*,*,#2704,.T.);
#2567=ORIENTED_EDGE('',*,*,#2697,.T.);
#2568=ORIENTED_EDGE('',*,*,#2693,.F.);
#2569=ORIENTED_EDGE('',*,*,#2701,.F.);
#2570=ORIENTED_EDGE('',*,*,#2710,.T.);
#2571=ORIENTED_EDGE('',*,*,#2719,.T.);
#2572=ORIENTED_EDGE('',*,*,#2726,.T.);
#2573=ORIENTED_EDGE('',*,*,#2735,.F.);
#2574=ORIENTED_EDGE('',*,*,#2738,.F.);
#2575=ORIENTED_EDGE('',*,*,#2681,.F.);
#2576=ORIENTED_EDGE('',*,*,#2742,.F.);
#2577=ORIENTED_EDGE('',*,*,#2746,.T.);
#2578=ORIENTED_EDGE('',*,*,#2754,.F.);
#2579=ORIENTED_EDGE('',*,*,#2758,.F.);
#2580=ORIENTED_EDGE('',*,*,#2762,.F.);
#2581=ORIENTED_EDGE('',*,*,#2766,.F.);
#2582=ORIENTED_EDGE('',*,*,#2770,.F.);
#2583=ORIENTED_EDGE('',*,*,#2774,.T.);
#2584=ORIENTED_EDGE('',*,*,#2783,.T.);
#2585=ORIENTED_EDGE('',*,*,#2792,.T.);
#2586=ORIENTED_EDGE('',*,*,#2803,.T.);
#2587=ORIENTED_EDGE('',*,*,#2809,.T.);
#2588=ORIENTED_EDGE('',*,*,#2816,.T.);
#2589=ORIENTED_EDGE('',*,*,#2881,.F.);
#2590=ORIENTED_EDGE('',*,*,#2843,.T.);
#2591=ORIENTED_EDGE('',*,*,#3004,.F.);
#2592=ORIENTED_EDGE('',*,*,#2962,.F.);
#2593=ORIENTED_EDGE('',*,*,#2977,.F.);
#2594=ORIENTED_EDGE('',*,*,#2954,.F.);
#2595=ORIENTED_EDGE('',*,*,#3081,.T.);
#2596=ORIENTED_EDGE('',*,*,#2897,.F.);
#2597=ORIENTED_EDGE('',*,*,#2821,.F.);
#2598=ORIENTED_EDGE('',*,*,#2913,.T.);
#2599=ORIENTED_EDGE('',*,*,#2919,.T.);
#2600=ORIENTED_EDGE('',*,*,#2927,.T.);
#2601=ORIENTED_EDGE('',*,*,#2931,.T.);
#2602=ORIENTED_EDGE('',*,*,#2935,.T.);
#2603=ORIENTED_EDGE('',*,*,#2939,.T.);
#2604=ORIENTED_EDGE('',*,*,#2943,.T.);
#2605=ORIENTED_EDGE('',*,*,#2951,.T.);
#2606=ORIENTED_EDGE('',*,*,#2959,.T.);
#2607=ORIENTED_EDGE('',*,*,#2967,.F.);
#2608=ORIENTED_EDGE('',*,*,#2975,.F.);
#2609=ORIENTED_EDGE('',*,*,#2985,.F.);
#2610=ORIENTED_EDGE('',*,*,#2992,.T.);
#2611=ORIENTED_EDGE('',*,*,#2999,.T.);
#2612=ORIENTED_EDGE('',*,*,#3008,.T.);
#2613=ORIENTED_EDGE('',*,*,#3016,.T.);
#2614=ORIENTED_EDGE('',*,*,#3023,.F.);
#2615=ORIENTED_EDGE('',*,*,#3032,.F.);
#2616=ORIENTED_EDGE('',*,*,#3040,.F.);
#2617=ORIENTED_EDGE('',*,*,#3044,.F.);
#2618=ORIENTED_EDGE('',*,*,#3048,.F.);
#2619=ORIENTED_EDGE('',*,*,#3052,.F.);
#2620=ORIENTED_EDGE('',*,*,#3056,.F.);
#2621=ORIENTED_EDGE('',*,*,#3063,.F.);
#2622=ORIENTED_EDGE('',*,*,#3072,.F.);
#2623=ORIENTED_EDGE('',*,*,#3077,.T.);
#2624=ORIENTED_EDGE('',*,*,#3153,.F.);
#2625=ORIENTED_EDGE('',*,*,#3162,.F.);
#2626=ORIENTED_EDGE('',*,*,#3165,.F.);
#2627=ORIENTED_EDGE('',*,*,#3167,.F.);
#2628=ORIENTED_EDGE('',*,*,#3141,.T.);
#2629=ORIENTED_EDGE('',*,*,#3137,.T.);
#2630=ORIENTED_EDGE('',*,*,#3144,.T.);
#2631=ORIENTED_EDGE('',*,*,#3169,.F.);
#2632=ORIENTED_EDGE('',*,*,#2779,.T.);
#2633=ORIENTED_EDGE('',*,*,#2812,.F.);
#2634=ORIENTED_EDGE('',*,*,#2676,.F.);
#2635=CARTESIAN_POINT('',(4.1500000000005,20.9736113967685,7.40000000000275));
#2636=DIRECTION('',(1.0,-2.44929359829471E-16,1.66533453693773E-16));
#2637=DIRECTION('',(-2.44929359829471E-16,-1.0,0.0));
#2638=SURFACE_STYLE_FILL_AREA(#3171);
#2639=FILL_AREA_STYLE('',(#3172));
#2640=EDGE_CURVE('',#3173,#3174,#3175,.T.);
#2641=EDGE_CURVE('',#3174,#3176,#3177,.T.);
#2642=EDGE_CURVE('',#3176,#3178,#3179,.T.);
#2643=EDGE_CURVE('',#3173,#3178,#3180,.T.);
#2644=FILL_AREA_STYLE('',(#3181));
#2645=EDGE_CURVE('',#3182,#3183,#3184,.T.);
#2646=EDGE_CURVE('',#3182,#3185,#3186,.T.);
#2647=EDGE_CURVE('',#3187,#3185,#3188,.T.);
#2648=EDGE_CURVE('',#3187,#3189,#3190,.T.);
#2649=EDGE_CURVE('',#3189,#3191,#3192,.T.);
#2650=EDGE_CURVE('',#3191,#3174,#3193,.T.);
#2651=EDGE_CURVE('',#3183,#3173,#3194,.T.);
#2652=FILL_AREA_STYLE('',(#3195));
#2653=EDGE_CURVE('',#3196,#3197,#3198,.T.);
#2654=EDGE_CURVE('',#3197,#3199,#3200,.T.);
#2655=EDGE_CURVE('',#3201,#3199,#3202,.T.);
#2656=EDGE_CURVE('',#3203,#3201,#3204,.T.);
#2657=EDGE_CURVE('',#3205,#3203,#3206,.T.);
#2658=EDGE_CURVE('',#3207,#3205,#3208,.T.);
#2659=EDGE_CURVE('',#3207,#3209,#3210,.T.);
#2660=EDGE_CURVE('',#3196,#3209,#3211,.T.);
#2661=FILL_AREA_STYLE('',(#3212));
#2662=EDGE_CURVE('',#3213,#3214,#3215,.T.);
#2663=EDGE_CURVE('',#3213,#3197,#3216,.T.);
#2664=EDGE_CURVE('',#3217,#3196,#3218,.T.);
#2665=EDGE_CURVE('',#3219,#3217,#3220,.T.);
#2666=EDGE_CURVE('',#3221,#3219,#3222,.T.);
#2667=EDGE_CURVE('',#3221,#3223,#3224,.T.);
#2668=EDGE_CURVE('',#3214,#3223,#3225,.T.);
#2669=FILL_AREA_STYLE('',(#3226));
#2670=EDGE_CURVE('',#3227,#3228,#3229,.T.);
#2671=EDGE_CURVE('',#3227,#3230,#3231,.T.);
#2672=EDGE_CURVE('',#3232,#3230,#3233,.T.);
#2673=EDGE_CURVE('',#3228,#3232,#3234,.T.);
#2674=FILL_AREA_STYLE('',(#3235));
#2675=EDGE_CURVE('',#3236,#3237,#3238,.T.);
#2676=EDGE_CURVE('',#3236,#3239,#3240,.T.);
#2677=EDGE_CURVE('',#3241,#3239,#3242,.T.);
#2678=EDGE_CURVE('',#3237,#3241,#3243,.T.);
#2679=FILL_AREA_STYLE('',(#3244));
#2680=EDGE_CURVE('',#3245,#3246,#3247,.T.);
#2681=EDGE_CURVE('',#3245,#3248,#3249,.T.);
#2682=EDGE_CURVE('',#3248,#3250,#3251,.T.);
#2683=EDGE_CURVE('',#3246,#3250,#3252,.T.);
#2684=FILL_AREA_STYLE('',(#3253));
#2685=EDGE_CURVE('',#3254,#3255,#3256,.T.);
#2686=EDGE_CURVE('',#3254,#3257,#3258,.T.);
#2687=EDGE_CURVE('',#3259,#3257,#3260,.T.);
#2688=EDGE_CURVE('',#3255,#3259,#3261,.T.);
#2689=FILL_AREA_STYLE('',(#3262));
#2690=EDGE_CURVE('',#3263,#3264,#3265,.T.);
#2691=EDGE_CURVE('',#3266,#3264,#3267,.T.);
#2692=EDGE_CURVE('',#3266,#3268,#3269,.T.);
#2693=EDGE_CURVE('',#3268,#3263,#3270,.T.);
#2694=FILL_AREA_STYLE('',(#3271));
#2695=EDGE_CURVE('',#3272,#3273,#3274,.T.);
#2696=EDGE_CURVE('',#3273,#3264,#3275,.T.);
#2697=EDGE_CURVE('',#3272,#3263,#3276,.T.);
#2698=FILL_AREA_STYLE('',(#3277));
#2699=EDGE_CURVE('',#3278,#3266,#3279,.T.);
#2700=EDGE_CURVE('',#3278,#3280,#3281,.T.);
#2701=EDGE_CURVE('',#3280,#3268,#3282,.T.);
#2702=FILL_AREA_STYLE('',(#3283));
#2703=EDGE_CURVE('',#3284,#3273,#3285,.T.);
#2704=EDGE_CURVE('',#3259,#3272,#3286,.T.);
#2705=EDGE_CURVE('',#3257,#3287,#3288,.T.);
#2706=EDGE_CURVE('',#3287,#3284,#3289,.T.);
#2707=FILL_AREA_STYLE('',(#3290));
#2708=EDGE_CURVE('',#3278,#3291,#3292,.T.);
#2709=EDGE_CURVE('',#3291,#3293,#3294,.T.);
#2710=EDGE_CURVE('',#3280,#3293,#3295,.T.);
#2711=FILL_AREA_STYLE('',(#3296));
#2712=EDGE_CURVE('',#3297,#3298,#3299,.T.);
#2713=EDGE_CURVE('',#3300,#3298,#3301,.T.);
#2714=EDGE_CURVE('',#3302,#3300,#3303,.T.);
#2715=EDGE_CURVE('',#3302,#3297,#3304,.T.);
#2716=FILL_AREA_STYLE('',(#3305));
#2717=EDGE_CURVE('',#3291,#3306,#3307,.T.);
#2718=EDGE_CURVE('',#3306,#3308,#3309,.T.);
#2719=EDGE_CURVE('',#3293,#3308,#3310,.T.);
#2720=FILL_AREA_STYLE('',(#3311));
#2721=EDGE_CURVE('',#3300,#3255,#3312,.T.);
#2722=EDGE_CURVE('',#3298,#3254,#3313,.T.);
#2723=FILL_AREA_STYLE('',(#3314));
#2724=EDGE_CURVE('',#3306,#3315,#3316,.T.);
#2725=EDGE_CURVE('',#3317,#3315,#3318,.T.);
#2726=EDGE_CURVE('',#3308,#3317,#3319,.T.);
#2727=FILL_AREA_STYLE('',(#3320));
#2728=EDGE_CURVE('',#3321,#3322,#3323,.T.);
#2729=EDGE_CURVE('',#3321,#3324,#3325,.T.);
#2730=EDGE_CURVE('',#3326,#3324,#3327,.T.);
#2731=EDGE_CURVE('',#3322,#3326,#3328,.T.);
#2732=FILL_AREA_STYLE('',(#3329));
#2733=EDGE_CURVE('',#3330,#3315,#3331,.T.);
#2734=EDGE_CURVE('',#3332,#3330,#3333,.T.);
#2735=EDGE_CURVE('',#3332,#3317,#3334,.T.);
#2736=FILL_AREA_STYLE('',(#3335));
#2737=EDGE_CURVE('',#3250,#3330,#3336,.T.);
#2738=EDGE_CURVE('',#3248,#3332,#3337,.T.);
#2739=FILL_AREA_STYLE('',(#3338));
#2740=EDGE_CURVE('',#3339,#3246,#3340,.T.);
#2741=EDGE_CURVE('',#3341,#3339,#3342,.T.);
#2742=EDGE_CURVE('',#3341,#3245,#3343,.T.);
#2743=FILL_AREA_STYLE('',(#3344));
#2744=EDGE_CURVE('',#3339,#3345,#3346,.T.);
#2745=EDGE_CURVE('',#3345,#3347,#3348,.T.);
#2746=EDGE_CURVE('',#3341,#3347,#3349,.T.);
#2747=FILL_AREA_STYLE('',(#3350));
#2748=EDGE_CURVE('',#3351,#3352,#3353,.T.);
#2749=EDGE_CURVE('',#3351,#3297,#3354,.T.);
#2750=EDGE_CURVE('',#3352,#3302,#3355,.T.);
#2751=FILL_AREA_STYLE('',(#3356));
#2752=EDGE_CURVE('',#3357,#3345,#3358,.T.);
#2753=EDGE_CURVE('',#3359,#3357,#3360,.T.);
#2754=EDGE_CURVE('',#3359,#3347,#3361,.T.);
#2755=FILL_AREA_STYLE('',(#3362));
#2756=EDGE_CURVE('',#3363,#3357,#3364,.T.);
#2757=EDGE_CURVE('',#3365,#3363,#3366,.T.);
#2758=EDGE_CURVE('',#3365,#3359,#3367,.T.);
#2759=FILL_AREA_STYLE('',(#3368));
#2760=EDGE_CURVE('',#3369,#3363,#3370,.T.);
#2761=EDGE_CURVE('',#3371,#3369,#3372,.T.);
#2762=EDGE_CURVE('',#3371,#3365,#3373,.T.);
#2763=FILL_AREA_STYLE('',(#3374));
#2764=EDGE_CURVE('',#3375,#3369,#3376,.T.);
#2765=EDGE_CURVE('',#3377,#3375,#3378,.T.);
#2766=EDGE_CURVE('',#3377,#3371,#3379,.T.);
#2767=FILL_AREA_STYLE('',(#3380));
#2768=EDGE_CURVE('',#3381,#3375,#3382,.T.);
#2769=EDGE_CURVE('',#3383,#3381,#3384,.T.);
#2770=EDGE_CURVE('',#3383,#3377,#3385,.T.);
#2771=FILL_AREA_STYLE('',(#3386));
#2772=EDGE_CURVE('',#3381,#3387,#3388,.T.);
#2773=EDGE_CURVE('',#3387,#3389,#3390,.T.);
#2774=EDGE_CURVE('',#3383,#3389,#3391,.T.);
#2775=FILL_AREA_STYLE('',(#3392));
#2776=EDGE_CURVE('',#3393,#3394,#3395,.T.);
#2777=EDGE_CURVE('',#3393,#3396,#3397,.T.);
#2778=EDGE_CURVE('',#3396,#3398,#3399,.T.);
#2779=EDGE_CURVE('',#3394,#3398,#3400,.T.);
#2780=FILL_AREA_STYLE('',(#3401));
#2781=EDGE_CURVE('',#3387,#3402,#3403,.T.);
#2782=EDGE_CURVE('',#3402,#3404,#3405,.T.);
#2783=EDGE_CURVE('',#3389,#3404,#3406,.T.);
#2784=FILL_AREA_STYLE('',(#3407));
#2785=EDGE_CURVE('',#3408,#3409,#3410,.T.);
#2786=EDGE_CURVE('',#3409,#3232,#3411,.T.);
#2787=EDGE_CURVE('',#3230,#3351,#3412,.T.);
#2788=EDGE_CURVE('',#3408,#3352,#3413,.T.);
#2789=FILL_AREA_STYLE('',(#3414));
#2790=EDGE_CURVE('',#3402,#3415,#3416,.T.);
#2791=EDGE_CURVE('',#3415,#3417,#3418,.T.);
#2792=EDGE_CURVE('',#3404,#3417,#3419,.T.);
#2793=FILL_AREA_STYLE('',(#3420));
#2794=EDGE_CURVE('',#3421,#3422,#3423,.T.);
#2795=EDGE_CURVE('',#3421,#3424,#3425,.T.);
#2796=EDGE_CURVE('',#3426,#3424,#3427,.T.);
#2797=EDGE_CURVE('',#3428,#3426,#3429,.T.);
#2798=EDGE_CURVE('',#3428,#3321,#3430,.T.);
#2799=EDGE_CURVE('',#3422,#3321,#3431,.T.);
#2800=FILL_AREA_STYLE('',(#3432));
#2801=EDGE_CURVE('',#3415,#3433,#3434,.T.);
#2802=EDGE_CURVE('',#3433,#3435,#3436,.T.);
#2803=EDGE_CURVE('',#3417,#3435,#3437,.T.);
#2804=FILL_AREA_STYLE('',(#3438));
#2805=EDGE_CURVE('',#3287,#3227,#3439,.T.);
#2806=FILL_AREA_STYLE('',(#3440));
#2807=EDGE_CURVE('',#3433,#3441,#3442,.T.);
#2808=EDGE_CURVE('',#3441,#3443,#3444,.T.);
#2809=EDGE_CURVE('',#3435,#3443,#3445,.T.);
#2810=FILL_AREA_STYLE('',(#3446));
#2811=EDGE_CURVE('',#3396,#3241,#3447,.T.);
#2812=EDGE_CURVE('',#3239,#3398,#3448,.T.);
#2813=FILL_AREA_STYLE('',(#3449));
#2814=EDGE_CURVE('',#3441,#3450,#3451,.T.);
#2815=EDGE_CURVE('',#3450,#3452,#3453,.T.);
#2816=EDGE_CURVE('',#3443,#3452,#3454,.T.);
#2817=FILL_AREA_STYLE('',(#3455));
#2818=EDGE_CURVE('',#3456,#3457,#3458,.T.);
#2819=EDGE_CURVE('',#3459,#3457,#3460,.T.);
#2820=EDGE_CURVE('',#3459,#3461,#3462,.T.);
#2821=EDGE_CURVE('',#3461,#3456,#3463,.T.);
#2822=FILL_AREA_STYLE('',(#3464));
#2823=EDGE_CURVE('',#3465,#3466,#3467,.T.);
#2824=EDGE_CURVE('',#3468,#3465,#3469,.T.);
#2825=EDGE_CURVE('',#3470,#3468,#3471,.T.);
#2826=EDGE_CURVE('',#3470,#3466,#3472,.T.);
#2827=FILL_AREA_STYLE('',(#3473));
#2828=EDGE_CURVE('',#3474,#3475,#3476,.T.);
#2829=EDGE_CURVE('',#3477,#3475,#3478,.T.);
#2830=EDGE_CURVE('',#3479,#3477,#3480,.T.);
#2831=EDGE_CURVE('',#3479,#3481,#3482,.T.);
#2832=EDGE_CURVE('',#3481,#3483,#3484,.T.);
#2833=EDGE_CURVE('',#3474,#3483,#3485,.T.);
#2834=FILL_AREA_STYLE('',(#3486));
#2835=EDGE_CURVE('',#3487,#3488,#3489,.T.);
#2836=EDGE_CURVE('',#3490,#3487,#3491,.T.);
#2837=EDGE_CURVE('',#3490,#3492,#3493,.T.);
#2838=EDGE_CURVE('',#3492,#3488,#3494,.T.);
#2839=FILL_AREA_STYLE('',(#3495));
#2840=EDGE_CURVE('',#3496,#3497,#3498,.T.);
#2841=EDGE_CURVE('',#3496,#3499,#3500,.T.);
#2842=EDGE_CURVE('',#3501,#3499,#3502,.T.);
#2843=EDGE_CURVE('',#3503,#3501,#3504,.T.);
#2844=EDGE_CURVE('',#3503,#3505,#3506,.T.);
#2845=EDGE_CURVE('',#3505,#3507,#3508,.T.);
#2846=EDGE_CURVE('',#3507,#3509,#3510,.T.);
#2847=EDGE_CURVE('',#3497,#3509,#3511,.T.);
#2848=FILL_AREA_STYLE('',(#3512));
#2849=EDGE_CURVE('',#3513,#3514,#3515,.T.);
#2850=EDGE_CURVE('',#3514,#3474,#3516,.T.);
#2851=EDGE_CURVE('',#3483,#3426,#3517,.T.);
#2852=EDGE_CURVE('',#3424,#3518,#3519,.T.);
#2853=EDGE_CURVE('',#3520,#3518,#3521,.T.);
#2854=EDGE_CURVE('',#3522,#3520,#3523,.T.);
#2855=EDGE_CURVE('',#3524,#3522,#3525,.T.);
#2856=EDGE_CURVE('',#3524,#3513,#3526,.T.);
#2857=FILL_AREA_STYLE('',(#3527));
#2858=EDGE_CURVE('',#3528,#3529,#3530,.T.);
#2859=EDGE_CURVE('',#3531,#3528,#3532,.T.);
#2860=EDGE_CURVE('',#3533,#3531,#3534,.T.);
#2861=EDGE_CURVE('',#3535,#3533,#3536,.T.);
#2862=EDGE_CURVE('',#3529,#3535,#3537,.T.);
#2863=FILL_AREA_STYLE('',(#3538));
#2864=EDGE_CURVE('',#3539,#3496,#3540,.T.);
#2865=EDGE_CURVE('',#3541,#3539,#3542,.T.);
#2866=EDGE_CURVE('',#3543,#3541,#3544,.T.);
#2867=EDGE_CURVE('',#3545,#3543,#3546,.T.);
#2868=EDGE_CURVE('',#3547,#3545,#3548,.T.);
#2869=EDGE_CURVE('',#3549,#3547,#3550,.T.);
#2870=EDGE_CURVE('',#3551,#3549,#3552,.T.);
#2871=EDGE_CURVE('',#3553,#3551,#3554,.T.);
#2872=EDGE_CURVE('',#3499,#3553,#3555,.T.);
#2873=FILL_AREA_STYLE('',(#3556));
#2874=EDGE_CURVE('',#3497,#3533,#3557,.T.);
#2875=EDGE_CURVE('',#3558,#3531,#3559,.T.);
#2876=EDGE_CURVE('',#3558,#3539,#3560,.T.);
#2877=FILL_AREA_STYLE('',(#3561));
#2878=EDGE_CURVE('',#3428,#3562,#3563,.T.);
#2879=EDGE_CURVE('',#3562,#3481,#3564,.T.);
#2880=FILL_AREA_STYLE('',(#3565));
#2881=EDGE_CURVE('',#3503,#3452,#3566,.T.);
#2882=EDGE_CURVE('',#3505,#3450,#3567,.T.);
#2883=FILL_AREA_STYLE('',(#3568));
#2884=EDGE_CURVE('',#3477,#3422,#3569,.T.);
#2885=EDGE_CURVE('',#3475,#3570,#3571,.T.);
#2886=EDGE_CURVE('',#3572,#3570,#3573,.T.);
#2887=EDGE_CURVE('',#3572,#3574,#3575,.T.);
#2888=EDGE_CURVE('',#3421,#3574,#3576,.T.);
#2889=FILL_AREA_STYLE('',(#3577));
#2890=EDGE_CURVE('',#3409,#3237,#3578,.T.);
#2891=EDGE_CURVE('',#3408,#3236,#3579,.T.);
#2892=FILL_AREA_STYLE('',(#3580));
#2893=EDGE_CURVE('',#3581,#3545,#3582,.T.);
#2894=EDGE_CURVE('',#3543,#3583,#3584,.T.);
#2895=EDGE_CURVE('',#3583,#3488,#3585,.T.);
#2896=EDGE_CURVE('',#3457,#3492,#3586,.T.);
#2897=EDGE_CURVE('',#3456,#3581,#3587,.T.);
#2898=FILL_AREA_STYLE('',(#3588));
#2899=EDGE_CURVE('',#3589,#3528,#3590,.T.);
#2900=EDGE_CURVE('',#3591,#3589,#3592,.T.);
#2901=EDGE_CURVE('',#3531,#3591,#3593,.T.);
#2902=FILL_AREA_STYLE('',(#3594));
#2903=EDGE_CURVE('',#3487,#3509,#3595,.T.);
#2904=EDGE_CURVE('',#3490,#3507,#3596,.T.);
#2905=FILL_AREA_STYLE('',(#3597));
#2906=EDGE_CURVE('',#3598,#3599,#3600,.T.);
#2907=EDGE_CURVE('',#3599,#3601,#3602,.T.);
#2908=EDGE_CURVE('',#3603,#3601,#3604,.T.);
#2909=EDGE_CURVE('',#3598,#3603,#3605,.T.);
#2910=FILL_AREA_STYLE('',(#3606));
#2911=EDGE_CURVE('',#3459,#3607,#3608,.T.);
#2912=EDGE_CURVE('',#3607,#3609,#3610,.T.);
#2913=EDGE_CURVE('',#3461,#3609,#3611,.T.);
#2914=FILL_AREA_STYLE('',(#3612));
#2915=EDGE_CURVE('',#3535,#3583,#3613,.T.);
#2916=FILL_AREA_STYLE('',(#3614));
#2917=EDGE_CURVE('',#3607,#3615,#3616,.T.);
#2918=EDGE_CURVE('',#3615,#3617,#3618,.T.);
#2919=EDGE_CURVE('',#3609,#3617,#3619,.T.);
#2920=FILL_AREA_STYLE('',(#3620));
#2921=EDGE_CURVE('',#3621,#3622,#3623,.T.);
#2922=EDGE_CURVE('',#3621,#3541,#3624,.T.);
#2923=EDGE_CURVE('',#3558,#3622,#3625,.T.);
#2924=FILL_AREA_STYLE('',(#3626));
#2925=EDGE_CURVE('',#3615,#3627,#3628,.T.);
#2926=EDGE_CURVE('',#3629,#3627,#3630,.T.);
#2927=EDGE_CURVE('',#3617,#3629,#3631,.T.);
#2928=FILL_AREA_STYLE('',(#3632));
#2929=EDGE_CURVE('',#3627,#3633,#3634,.T.);
#2930=EDGE_CURVE('',#3635,#3633,#3636,.T.);
#2931=EDGE_CURVE('',#3629,#3635,#3637,.T.);
#2932=FILL_AREA_STYLE('',(#3638));
#2933=EDGE_CURVE('',#3633,#3639,#3640,.T.);
#2934=EDGE_CURVE('',#3641,#3639,#3642,.T.);
#2935=EDGE_CURVE('',#3635,#3641,#3643,.T.);
#2936=FILL_AREA_STYLE('',(#3644));
#2937=EDGE_CURVE('',#3639,#3645,#3646,.T.);
#2938=EDGE_CURVE('',#3647,#3645,#3648,.T.);
#2939=EDGE_CURVE('',#3641,#3647,#3649,.T.);
#2940=FILL_AREA_STYLE('',(#3650));
#2941=EDGE_CURVE('',#3645,#3651,#3652,.T.);
#2942=EDGE_CURVE('',#3651,#3653,#3654,.T.);
#2943=EDGE_CURVE('',#3647,#3653,#3655,.T.);
#2944=FILL_AREA_STYLE('',(#3656));
#2945=EDGE_CURVE('',#3657,#3558,#3658,.T.);
#2946=EDGE_CURVE('',#3657,#3659,#3660,.T.);
#2947=EDGE_CURVE('',#3659,#3622,#3661,.T.);
#2948=FILL_AREA_STYLE('',(#3662));
#2949=EDGE_CURVE('',#3651,#3663,#3664,.T.);
#2950=EDGE_CURVE('',#3663,#3665,#3666,.T.);
#2951=EDGE_CURVE('',#3653,#3665,#3667,.T.);
#2952=FILL_AREA_STYLE('',(#3668));
#2953=EDGE_CURVE('',#3669,#3547,#3670,.T.);
#2954=EDGE_CURVE('',#3669,#3671,#3672,.T.);
#2955=EDGE_CURVE('',#3549,#3671,#3673,.T.);
#2956=FILL_AREA_STYLE('',(#3674));
#2957=EDGE_CURVE('',#3663,#3675,#3676,.T.);
#2958=EDGE_CURVE('',#3675,#3677,#3678,.T.);
#2959=EDGE_CURVE('',#3665,#3677,#3679,.T.);
#2960=FILL_AREA_STYLE('',(#3680));
#2961=EDGE_CURVE('',#3681,#3551,#3682,.T.);
#2962=EDGE_CURVE('',#3681,#3683,#3684,.T.);
#2963=EDGE_CURVE('',#3553,#3683,#3685,.T.);
#2964=FILL_AREA_STYLE('',(#3686));
#2965=EDGE_CURVE('',#3687,#3675,#3688,.T.);
#2966=EDGE_CURVE('',#3687,#3689,#3690,.T.);
#2967=EDGE_CURVE('',#3689,#3677,#3691,.T.);
#2968=EDGE_CURVE('',#3692,#3199,#3693,.T.);
#2969=EDGE_CURVE('',#3692,#3213,#3694,.T.);
#2970=FILL_AREA_STYLE('',(#3695));
#2971=EDGE_CURVE('',#3591,#3657,#3696,.T.);
#2972=FILL_AREA_STYLE('',(#3697));
#2973=EDGE_CURVE('',#3698,#3687,#3699,.T.);
#2974=EDGE_CURVE('',#3698,#3700,#3701,.T.);
#2975=EDGE_CURVE('',#3700,#3689,#3702,.T.);
#2976=FILL_AREA_STYLE('',(#3703));
#2977=EDGE_CURVE('',#3671,#3681,#3704,.T.);
#2978=FILL_AREA_STYLE('',(#3705));
#2979=EDGE_CURVE('',#3706,#3698,#3707,.T.);
#2980=EDGE_CURVE('',#3708,#3706,#3709,.T.);
#2981=EDGE_CURVE('',#3710,#3708,#3711,.T.);
#2982=EDGE_CURVE('',#3710,#3712,#3713,.T.);
#2983=EDGE_CURVE('',#3712,#3714,#3715,.T.);
#2984=EDGE_CURVE('',#3716,#3714,#3717,.T.);
#2985=EDGE_CURVE('',#3716,#3700,#3718,.T.);
#2986=FILL_AREA_STYLE('',(#3719));
#2987=EDGE_CURVE('',#3706,#3720,#3721,.T.);
#2988=EDGE_CURVE('',#3722,#3720,#3723,.T.);
#2989=EDGE_CURVE('',#3722,#3465,#3724,.T.);
#2990=EDGE_CURVE('',#3466,#3725,#3726,.T.);
#2991=EDGE_CURVE('',#3727,#3725,#3728,.T.);
#2992=EDGE_CURVE('',#3716,#3727,#3729,.T.);
#2993=EDGE_CURVE('',#3714,#3730,#3731,.T.);
#2994=EDGE_CURVE('',#3730,#3732,#3733,.T.);
#2995=EDGE_CURVE('',#3732,#3708,#3734,.T.);
#2996=FILL_AREA_STYLE('',(#3735));
#2997=EDGE_CURVE('',#3720,#3736,#3737,.T.);
#2998=EDGE_CURVE('',#3736,#3738,#3739,.T.);
#2999=EDGE_CURVE('',#3727,#3738,#3740,.T.);
#3000=EDGE_CURVE('',#3741,#3725,#3742,.T.);
#3001=EDGE_CURVE('',#3743,#3741,#3744,.T.);
#3002=EDGE_CURVE('',#3743,#3722,#3745,.T.);
#3003=FILL_AREA_STYLE('',(#3746));
#3004=EDGE_CURVE('',#3683,#3501,#3747,.T.);
#3005=FILL_AREA_STYLE('',(#3748));
#3006=EDGE_CURVE('',#3736,#3749,#3750,.T.);
#3007=EDGE_CURVE('',#3749,#3751,#3752,.T.);
#3008=EDGE_CURVE('',#3738,#3751,#3753,.T.);
#3009=FILL_AREA_STYLE('',(#3754));
#3010=EDGE_CURVE('',#3603,#3659,#3755,.T.);
#3011=EDGE_CURVE('',#3601,#3589,#3756,.T.);
#3012=EDGE_CURVE('',#3529,#3621,#3757,.T.);
#3013=FILL_AREA_STYLE('',(#3758));
#3014=EDGE_CURVE('',#3749,#3759,#3760,.T.);
#3015=EDGE_CURVE('',#3759,#3761,#3762,.T.);
#3016=EDGE_CURVE('',#3751,#3761,#3763,.T.);
#3017=EDGE_CURVE('',#3178,#3764,#3765,.T.);
#3018=EDGE_CURVE('',#3764,#3183,#3766,.T.);
#3019=FILL_AREA_STYLE('',(#3767));
#3020=FILL_AREA_STYLE('',(#3768));
#3021=EDGE_CURVE('',#3769,#3759,#3770,.T.);
#3022=EDGE_CURVE('',#3769,#3771,#3772,.T.);
#3023=EDGE_CURVE('',#3771,#3761,#3773,.T.);
#3024=FILL_AREA_STYLE('',(#3774));
#3025=EDGE_CURVE('',#3775,#3776,#3777,.T.);
#3026=EDGE_CURVE('',#3324,#3776,#3778,.T.);
#3027=EDGE_CURVE('',#3779,#3324,#3780,.T.);
#3028=EDGE_CURVE('',#3775,#3779,#3781,.T.);
#3029=FILL_AREA_STYLE('',(#3782));
#3030=EDGE_CURVE('',#3783,#3769,#3784,.T.);
#3031=EDGE_CURVE('',#3783,#3785,#3786,.T.);
#3032=EDGE_CURVE('',#3785,#3771,#3787,.T.);
#3033=FILL_AREA_STYLE('',(#3788));
#3034=EDGE_CURVE('',#3775,#3789,#3790,.T.);
#3035=EDGE_CURVE('',#3789,#3791,#3792,.T.);
#3036=EDGE_CURVE('',#3776,#3791,#3793,.T.);
#3037=FILL_AREA_STYLE('',(#3794));
#3038=EDGE_CURVE('',#3795,#3783,#3796,.T.);
#3039=EDGE_CURVE('',#3797,#3795,#3798,.T.);
#3040=EDGE_CURVE('',#3797,#3785,#3799,.T.);
#3041=FILL_AREA_STYLE('',(#3800));
#3042=EDGE_CURVE('',#3801,#3795,#3802,.T.);
#3043=EDGE_CURVE('',#3803,#3801,#3804,.T.);
#3044=EDGE_CURVE('',#3803,#3797,#3805,.T.);
#3045=FILL_AREA_STYLE('',(#3806));
#3046=EDGE_CURVE('',#3807,#3801,#3808,.T.);
#3047=EDGE_CURVE('',#3809,#3807,#3810,.T.);
#3048=EDGE_CURVE('',#3809,#3803,#3811,.T.);
#3049=FILL_AREA_STYLE('',(#3812));
#3050=EDGE_CURVE('',#3813,#3807,#3814,.T.);
#3051=EDGE_CURVE('',#3815,#3813,#3816,.T.);
#3052=EDGE_CURVE('',#3815,#3809,#3817,.T.);
#3053=FILL_AREA_STYLE('',(#3818));
#3054=EDGE_CURVE('',#3819,#3813,#3820,.T.);
#3055=EDGE_CURVE('',#3819,#3821,#3822,.T.);
#3056=EDGE_CURVE('',#3821,#3815,#3823,.T.);
#3057=FILL_AREA_STYLE('',(#3824));
#3058=EDGE_CURVE('',#3825,#3562,#3826,.T.);
#3059=EDGE_CURVE('',#3825,#3779,#3827,.T.);
#3060=EDGE_CURVE('',#3779,#3428,#3828,.T.);
#3061=FILL_AREA_STYLE('',(#3829));
#3062=EDGE_CURVE('',#3830,#3831,#3832,.T.);
#3063=EDGE_CURVE('',#3831,#3821,#3833,.T.);
#3064=EDGE_CURVE('',#3830,#3819,#3834,.T.);
#3065=FILL_AREA_STYLE('',(#3835));
#3066=EDGE_CURVE('',#3479,#3322,#3836,.T.);
#3067=EDGE_CURVE('',#3326,#3791,#3837,.T.);
#3068=EDGE_CURVE('',#3789,#3825,#3838,.T.);
#3069=FILL_AREA_STYLE('',(#3839));
#3070=EDGE_CURVE('',#3840,#3830,#3841,.T.);
#3071=EDGE_CURVE('',#3840,#3842,#3843,.T.);
#3072=EDGE_CURVE('',#3842,#3831,#3844,.T.);
#3073=FILL_AREA_STYLE('',(#3845));
#3074=FILL_AREA_STYLE('',(#3846));
#3075=EDGE_CURVE('',#3840,#3847,#3848,.T.);
#3076=EDGE_CURVE('',#3847,#3849,#3850,.T.);
#3077=EDGE_CURVE('',#3842,#3849,#3851,.T.);
#3078=FILL_AREA_STYLE('',(#3852));
#3079=EDGE_CURVE('',#3284,#3228,#3853,.T.);
#3080=FILL_AREA_STYLE('',(#3854));
#3081=EDGE_CURVE('',#3669,#3581,#3855,.T.);
#3082=FILL_AREA_STYLE('',(#3856));
#3083=EDGE_CURVE('',#3857,#3710,#3858,.T.);
#3084=EDGE_CURVE('',#3859,#3857,#3860,.T.);
#3085=EDGE_CURVE('',#3859,#3712,#3861,.T.);
#3086=FILL_AREA_STYLE('',(#3862));
#3087=EDGE_CURVE('',#3859,#3730,#3863,.T.);
#3088=EDGE_CURVE('',#3857,#3732,#3864,.T.);
#3089=FILL_AREA_STYLE('',(#3865));
#3090=FILL_AREA_STYLE('',(#3866));
#3091=FILL_AREA_STYLE('',(#3867));
#3092=EDGE_CURVE('',#3468,#3743,#3868,.T.);
#3093=FILL_AREA_STYLE('',(#3869));
#3094=EDGE_CURVE('',#3470,#3741,#3870,.T.);
#3095=FILL_AREA_STYLE('',(#3871));
#3096=FILL_AREA_STYLE('',(#3872));
#3097=EDGE_CURVE('',#3873,#3201,#3874,.T.);
#3098=EDGE_CURVE('',#3873,#3214,#3875,.T.);
#3099=EDGE_CURVE('',#3203,#3223,#3876,.T.);
#3100=FILL_AREA_STYLE('',(#3877));
#3101=EDGE_CURVE('',#3873,#3692,#3878,.T.);
#3102=FILL_AREA_STYLE('',(#3879));
#3103=FILL_AREA_STYLE('',(#3880));
#3104=EDGE_CURVE('',#3881,#3882,#3883,.T.);
#3105=EDGE_CURVE('',#3881,#3176,#3884,.T.);
#3106=EDGE_CURVE('',#3882,#3191,#3885,.T.);
#3107=FILL_AREA_STYLE('',(#3886));
#3108=EDGE_CURVE('',#3881,#3764,#3887,.T.);
#3109=EDGE_CURVE('',#3882,#3888,#3889,.T.);
#3110=EDGE_CURVE('',#3888,#3890,#3891,.T.);
#3111=EDGE_CURVE('',#3892,#3890,#3893,.T.);
#3112=EDGE_CURVE('',#3892,#3182,#3894,.T.);
#3113=FILL_AREA_STYLE('',(#3895));
#3114=FILL_AREA_STYLE('',(#3896));
#3115=EDGE_CURVE('',#3189,#3888,#3897,.T.);
#3116=FILL_AREA_STYLE('',(#3898));
#3117=EDGE_CURVE('',#3217,#3209,#3899,.T.);
#3118=FILL_AREA_STYLE('',(#3900));
#3119=EDGE_CURVE('',#3890,#3187,#3901,.T.);
#3120=EDGE_CURVE('',#3185,#3892,#3902,.T.);
#3121=FILL_AREA_STYLE('',(#3903));
#3122=EDGE_CURVE('',#3221,#3205,#3904,.T.);
#3123=FILL_AREA_STYLE('',(#3905));
#3124=FILL_AREA_STYLE('',(#3906));
#3125=EDGE_CURVE('',#3207,#3219,#3907,.T.);
#3126=FILL_AREA_STYLE('',(#3908));
#3127=FILL_AREA_STYLE('',(#3909));
#3128=FILL_AREA_STYLE('',(#3910));
#3129=FILL_AREA_STYLE('',(#3911));
#3130=FILL_AREA_STYLE('',(#3912));
#3131=FILL_AREA_STYLE('',(#3913));
#3132=EDGE_CURVE('',#3591,#3599,#3914,.T.);
#3133=EDGE_CURVE('',#3598,#3657,#3915,.T.);
#3134=FILL_AREA_STYLE('',(#3916));
#3135=FILL_AREA_STYLE('',(#3917));
#3136=FILL_AREA_STYLE('',(#3918));
#3137=EDGE_CURVE('',#3919,#3920,#3921,.T.);
#3138=EDGE_CURVE('',#3919,#3522,#3922,.T.);
#3139=EDGE_CURVE('',#3920,#3520,#3923,.T.);
#3140=FILL_AREA_STYLE('',(#3924));
#3141=EDGE_CURVE('',#3925,#3919,#3926,.T.);
#3142=EDGE_CURVE('',#3925,#3524,#3927,.T.);
#3143=FILL_AREA_STYLE('',(#3928));
#3144=EDGE_CURVE('',#3920,#3929,#3930,.T.);
#3145=EDGE_CURVE('',#3518,#3929,#3931,.T.);
#3146=FILL_AREA_STYLE('',(#3932));
#3147=EDGE_CURVE('',#3933,#3934,#3935,.T.);
#3148=EDGE_CURVE('',#3934,#3936,#3937,.T.);
#3149=EDGE_CURVE('',#3936,#3938,#3939,.T.);
#3150=EDGE_CURVE('',#3938,#3847,#3940,.T.);
#3151=EDGE_CURVE('',#3393,#3933,#3941,.T.);
#3152=FILL_AREA_STYLE('',(#3942));
#3153=EDGE_CURVE('',#3943,#3849,#3944,.T.);
#3154=EDGE_CURVE('',#3938,#3943,#3945,.T.);
#3155=FILL_AREA_STYLE('',(#3946));
#3156=EDGE_CURVE('',#3933,#3574,#3947,.T.);
#3157=EDGE_CURVE('',#3934,#3572,#3948,.T.);
#3158=FILL_AREA_STYLE('',(#3949));
#3159=EDGE_CURVE('',#3936,#3570,#3950,.T.);
#3160=FILL_AREA_STYLE('',(#3951));
#3161=EDGE_CURVE('',#3514,#3952,#3953,.T.);
#3162=EDGE_CURVE('',#3952,#3943,#3954,.T.);
#3163=FILL_AREA_STYLE('',(#3955));
#3164=EDGE_CURVE('',#3513,#3956,#3957,.T.);
#3165=EDGE_CURVE('',#3956,#3952,#3958,.T.);
#3166=FILL_AREA_STYLE('',(#3959));
#3167=EDGE_CURVE('',#3925,#3956,#3960,.T.);
#3168=FILL_AREA_STYLE('',(#3961));
#3169=EDGE_CURVE('',#3394,#3929,#3962,.T.);
#3170=FILL_AREA_STYLE('',(#3963));
#3171=FILL_AREA_STYLE('',(#3964));
#3172=FILL_AREA_STYLE_COLOUR('',#3965);
#3173=VERTEX_POINT('',#3966);
#3174=VERTEX_POINT('',#3967);
#3175=LINE('',#3968,#3969);
#3176=VERTEX_POINT('',#3970);
#3177=CIRCLE('',#3971,1.50000000000001);
#3178=VERTEX_POINT('',#3972);
#3179=LINE('',#3973,#3974);
#3180=CIRCLE('',#3975,1.50000000000001);
#3181=FILL_AREA_STYLE_COLOUR('',#3976);
#3182=VERTEX_POINT('',#3977);
#3183=VERTEX_POINT('',#3978);
#3184=LINE('',#3979,#3980);
#3185=VERTEX_POINT('',#3981);
#3186=CIRCLE('',#3982,1.50000000000001);
#3187=VERTEX_POINT('',#3983);
#3188=LINE('',#3984,#3985);
#3189=VERTEX_POINT('',#3986);
#3190=CIRCLE('',#3987,1.50000000000001);
#3191=VERTEX_POINT('',#3988);
#3192=LINE('',#3989,#3990);
#3193=CIRCLE('',#3991,1.50000000000001);
#3194=CIRCLE('',#3992,1.50000000000001);
#3195=FILL_AREA_STYLE_COLOUR('',#3993);
#3196=VERTEX_POINT('',#3994);
#3197=VERTEX_POINT('',#3995);
#3198=LINE('',#3996,#3997);
#3199=VERTEX_POINT('',#3998);
#3200=CIRCLE('',#3999,1.50000000000001);
#3201=VERTEX_POINT('',#4000);
#3202=LINE('',#4001,#4002);
#3203=VERTEX_POINT('',#4003);
#3204=CIRCLE('',#4004,1.50000000000001);
#3205=VERTEX_POINT('',#4005);
#3206=LINE('',#4006,#4007);
#3207=VERTEX_POINT('',#4008);
#3208=CIRCLE('',#4009,1.50000000000001);
#3209=VERTEX_POINT('',#4010);
#3210=LINE('',#4011,#4012);
#3211=CIRCLE('',#4013,1.50000000000001);
#3212=FILL_AREA_STYLE_COLOUR('',#4014);
#3213=VERTEX_POINT('',#4015);
#3214=VERTEX_POINT('',#4016);
#3215=LINE('',#4017,#4018);
#3216=CIRCLE('',#4019,1.50000000000001);
#3217=VERTEX_POINT('',#4020);
#3218=CIRCLE('',#4021,1.50000000000001);
#3219=VERTEX_POINT('',#4022);
#3220=LINE('',#4023,#4024);
#3221=VERTEX_POINT('',#4025);
#3222=CIRCLE('',#4026,1.50000000000001);
#3223=VERTEX_POINT('',#4027);
#3224=LINE('',#4028,#4029);
#3225=CIRCLE('',#4030,1.50000000000001);
#3226=FILL_AREA_STYLE_COLOUR('',#4031);
#3227=VERTEX_POINT('',#4032);
#3228=VERTEX_POINT('',#4033);
#3229=LINE('',#4034,#4035);
#3230=VERTEX_POINT('',#4036);
#3231=CIRCLE('',#4037,0.75);
#3232=VERTEX_POINT('',#4038);
#3233=LINE('',#4039,#4040);
#3234=CIRCLE('',#4041,0.75);
#3235=FILL_AREA_STYLE_COLOUR('',#4042);
#3236=VERTEX_POINT('',#4043);
#3237=VERTEX_POINT('',#4044);
#3238=LINE('',#4045,#4046);
#3239=VERTEX_POINT('',#4047);
#3240=CIRCLE('',#4048,7.5);
#3241=VERTEX_POINT('',#4049);
#3242=LINE('',#4050,#4051);
#3243=CIRCLE('',#4052,7.5);
#3244=FILL_AREA_STYLE_COLOUR('',#4053);
#3245=VERTEX_POINT('',#4054);
#3246=VERTEX_POINT('',#4055);
#3247=LINE('',#4056,#4057);
#3248=VERTEX_POINT('',#4058);
#3249=CIRCLE('',#4059,0.5);
#3250=VERTEX_POINT('',#4060);
#3251=LINE('',#4061,#4062);
#3252=CIRCLE('',#4063,0.5);
#3253=FILL_AREA_STYLE_COLOUR('',#4064);
#3254=VERTEX_POINT('',#4065);
#3255=VERTEX_POINT('',#4066);
#3256=LINE('',#4067,#4068);
#3257=VERTEX_POINT('',#4069);
#3258=CIRCLE('',#4070,0.900000000000001);
#3259=VERTEX_POINT('',#4071);
#3260=LINE('',#4072,#4073);
#3261=CIRCLE('',#4074,0.900000000000001);
#3262=FILL_AREA_STYLE_COLOUR('',#4075);
#3263=VERTEX_POINT('',#4076);
#3264=VERTEX_POINT('',#4077);
#3265=LINE('',#4078,#4079);
#3266=VERTEX_POINT('',#4080);
#3267=LINE('',#4081,#4082);
#3268=VERTEX_POINT('',#4083);
#3269=LINE('',#4084,#4085);
#3270=LINE('',#4086,#4087);
#3271=FILL_AREA_STYLE_COLOUR('',#4088);
#3272=VERTEX_POINT('',#4089);
#3273=VERTEX_POINT('',#4090);
#3274=LINE('',#4091,#4092);
#3275=CIRCLE('',#4093,0.4);
#3276=CIRCLE('',#4094,0.4);
#3277=FILL_AREA_STYLE_COLOUR('',#4095);
#3278=VERTEX_POINT('',#4096);
#3279=LINE('',#4097,#4098);
#3280=VERTEX_POINT('',#4099);
#3281=LINE('',#4100,#4101);
#3282=LINE('',#4102,#4103);
#3283=FILL_AREA_STYLE_COLOUR('',#4104);
#3284=VERTEX_POINT('',#4105);
#3285=LINE('',#4106,#4107);
#3286=LINE('',#4108,#4109);
#3287=VERTEX_POINT('',#4110);
#3288=LINE('',#4111,#4112);
#3289=LINE('',#4113,#4114);
#3290=FILL_AREA_STYLE_COLOUR('',#4115);
#3291=VERTEX_POINT('',#4116);
#3292=CIRCLE('',#4117,9.5);
#3293=VERTEX_POINT('',#4118);
#3294=LINE('',#4119,#4120);
#3295=CIRCLE('',#4121,9.5);
#3296=FILL_AREA_STYLE_COLOUR('',#4122);
#3297=VERTEX_POINT('',#4123);
#3298=VERTEX_POINT('',#4124);
#3299=LINE('',#4125,#4126);
#3300=VERTEX_POINT('',#4127);
#3301=LINE('',#4128,#4129);
#3302=VERTEX_POINT('',#4130);
#3303=LINE('',#4131,#4132);
#3304=LINE('',#4133,#4134);
#3305=FILL_AREA_STYLE_COLOUR('',#4135);
#3306=VERTEX_POINT('',#4136);
#3307=LINE('',#4137,#4138);
#3308=VERTEX_POINT('',#4139);
#3309=LINE('',#4140,#4141);
#3310=LINE('',#4142,#4143);
#3311=FILL_AREA_STYLE_COLOUR('',#4144);
#3312=CIRCLE('',#4145,0.900000000000001);
#3313=CIRCLE('',#4146,0.900000000000001);
#3314=FILL_AREA_STYLE_COLOUR('',#4147);
#3315=VERTEX_POINT('',#4148);
#3316=LINE('',#4149,#4150);
#3317=VERTEX_POINT('',#4151);
#3318=LINE('',#4152,#4153);
#3319=LINE('',#4154,#4155);
#3320=FILL_AREA_STYLE_COLOUR('',#4156);
#3321=VERTEX_POINT('',#4157);
#3322=VERTEX_POINT('',#4158);
#3323=LINE('',#4159,#4160);
#3324=VERTEX_POINT('',#4161);
#3325=LINE('',#4162,#4163);
#3326=VERTEX_POINT('',#4164);
#3327=LINE('',#4165,#4166);
#3328=LINE('',#4167,#4168);
#3329=FILL_AREA_STYLE_COLOUR('',#4169);
#3330=VERTEX_POINT('',#4170);
#3331=LINE('',#4171,#4172);
#3332=VERTEX_POINT('',#4173);
#3333=LINE('',#4174,#4175);
#3334=LINE('',#4176,#4177);
#3335=FILL_AREA_STYLE_COLOUR('',#4178);
#3336=CIRCLE('',#4179,8.3);
#3337=CIRCLE('',#4180,8.3);
#3338=FILL_AREA_STYLE_COLOUR('',#4181);
#3339=VERTEX_POINT('',#4182);
#3340=CIRCLE('',#4183,0.5);
#3341=VERTEX_POINT('',#4184);
#3342=LINE('',#4185,#4186);
#3343=CIRCLE('',#4187,0.5);
#3344=FILL_AREA_STYLE_COLOUR('',#4188);
#3345=VERTEX_POINT('',#4189);
#3346=CIRCLE('',#4190,7.3);
#3347=VERTEX_POINT('',#4191);
#3348=LINE('',#4192,#4193);
#3349=CIRCLE('',#4194,7.3);
#3350=FILL_AREA_STYLE_COLOUR('',#4195);
#3351=VERTEX_POINT('',#4196);
#3352=VERTEX_POINT('',#4197);
#3353=LINE('',#4198,#4199);
#3354=LINE('',#4200,#4201);
#3355=LINE('',#4202,#4203);
#3356=FILL_AREA_STYLE_COLOUR('',#4204);
#3357=VERTEX_POINT('',#4205);
#3358=LINE('',#4206,#4207);
#3359=VERTEX_POINT('',#4208);
#3360=LINE('',#4209,#4210);
#3361=LINE('',#4211,#4212);
#3362=FILL_AREA_STYLE_COLOUR('',#4213);
#3363=VERTEX_POINT('',#4214);
#3364=CIRCLE('',#4215,0.2);
#3365=VERTEX_POINT('',#4216);
#3366=LINE('',#4217,#4218);
#3367=CIRCLE('',#4219,0.2);
#3368=FILL_AREA_STYLE_COLOUR('',#4220);
#3369=VERTEX_POINT('',#4221);
#3370=LINE('',#4222,#4223);
#3371=VERTEX_POINT('',#4224);
#3372=LINE('',#4225,#4226);
#3373=LINE('',#4227,#4228);
#3374=FILL_AREA_STYLE_COLOUR('',#4229);
#3375=VERTEX_POINT('',#4230);
#3376=LINE('',#4231,#4232);
#3377=VERTEX_POINT('',#4233);
#3378=LINE('',#4234,#4235);
#3379=LINE('',#4236,#4237);
#3380=FILL_AREA_STYLE_COLOUR('',#4238);
#3381=VERTEX_POINT('',#4239);
#3382=LINE('',#4240,#4241);
#3383=VERTEX_POINT('',#4242);
#3384=LINE('',#4243,#4244);
#3385=LINE('',#4245,#4246);
#3386=FILL_AREA_STYLE_COLOUR('',#4247);
#3387=VERTEX_POINT('',#4248);
#3388=LINE('',#4249,#4250);
#3389=VERTEX_POINT('',#4251);
#3390=LINE('',#4252,#4253);
#3391=LINE('',#4254,#4255);
#3392=FILL_AREA_STYLE_COLOUR('',#4256);
#3393=VERTEX_POINT('',#4257);
#3394=VERTEX_POINT('',#4258);
#3395=LINE('',#4259,#4260);
#3396=VERTEX_POINT('',#4261);
#3397=LINE('',#4262,#4263);
#3398=VERTEX_POINT('',#4264);
#3399=LINE('',#4265,#4266);
#3400=LINE('',#4267,#4268);
#3401=FILL_AREA_STYLE_COLOUR('',#4269);
#3402=VERTEX_POINT('',#4270);
#3403=LINE('',#4271,#4272);
#3404=VERTEX_POINT('',#4273);
#3405=LINE('',#4274,#4275);
#3406=LINE('',#4276,#4277);
#3407=FILL_AREA_STYLE_COLOUR('',#4278);
#3408=VERTEX_POINT('',#4279);
#3409=VERTEX_POINT('',#4280);
#3410=LINE('',#4281,#4282);
#3411=CIRCLE('',#4283,32.1);
#3412=CIRCLE('',#4284,32.1);
#3413=CIRCLE('',#4285,32.1);
#3414=FILL_AREA_STYLE_COLOUR('',#4286);
#3415=VERTEX_POINT('',#4287);
#3416=LINE('',#4288,#4289);
#3417=VERTEX_POINT('',#4290);
#3418=LINE('',#4291,#4292);
#3419=LINE('',#4293,#4294);
#3420=FILL_AREA_STYLE_COLOUR('',#4295);
#3421=VERTEX_POINT('',#4296);
#3422=VERTEX_POINT('',#4297);
#3423=LINE('',#4298,#4299);
#3424=VERTEX_POINT('',#4300);
#3425=LINE('',#4301,#4302);
#3426=VERTEX_POINT('',#4303);
#3427=LINE('',#4304,#4305);
#3428=VERTEX_POINT('',#4306);
#3429=LINE('',#4307,#4308);
#3430=LINE('',#4309,#4310);
#3431=LINE('',#4311,#4312);
#3432=FILL_AREA_STYLE_COLOUR('',#4313);
#3433=VERTEX_POINT('',#4314);
#3434=LINE('',#4315,#4316);
#3435=VERTEX_POINT('',#4317);
#3436=LINE('',#4318,#4319);
#3437=LINE('',#4320,#4321);
#3438=FILL_AREA_STYLE_COLOUR('',#4322);
#3439=CIRCLE('',#4323,0.75);
#3440=FILL_AREA_STYLE_COLOUR('',#4324);
#3441=VERTEX_POINT('',#4325);
#3442=LINE('',#4326,#4327);
#3443=VERTEX_POINT('',#4328);
#3444=LINE('',#4329,#4330);
#3445=LINE('',#4331,#4332);
#3446=FILL_AREA_STYLE_COLOUR('',#4333);
#3447=LINE('',#4334,#4335);
#3448=LINE('',#4336,#4337);
#3449=FILL_AREA_STYLE_COLOUR('',#4338);
#3450=VERTEX_POINT('',#4339);
#3451=LINE('',#4340,#4341);
#3452=VERTEX_POINT('',#4342);
#3453=LINE('',#4343,#4344);
#3454=LINE('',#4345,#4346);
#3455=FILL_AREA_STYLE_COLOUR('',#4347);
#3456=VERTEX_POINT('',#4348);
#3457=VERTEX_POINT('',#4349);
#3458=LINE('',#4350,#4351);
#3459=VERTEX_POINT('',#4352);
#3460=LINE('',#4353,#4354);
#3461=VERTEX_POINT('',#4355);
#3462=LINE('',#4356,#4357);
#3463=LINE('',#4358,#4359);
#3464=FILL_AREA_STYLE_COLOUR('',#4360);
#3465=VERTEX_POINT('',#4361);
#3466=VERTEX_POINT('',#4362);
#3467=LINE('',#4363,#4364);
#3468=VERTEX_POINT('',#4365);
#3469=LINE('',#4366,#4367);
#3470=VERTEX_POINT('',#4368);
#3471=LINE('',#4369,#4370);
#3472=LINE('',#4371,#4372);
#3473=FILL_AREA_STYLE_COLOUR('',#4373);
#3474=VERTEX_POINT('',#4374);
#3475=VERTEX_POINT('',#4375);
#3476=LINE('',#4376,#4377);
#3477=VERTEX_POINT('',#4378);
#3478=LINE('',#4379,#4380);
#3479=VERTEX_POINT('',#4381);
#3480=LINE('',#4382,#4383);
#3481=VERTEX_POINT('',#4384);
#3482=LINE('',#4385,#4386);
#3483=VERTEX_POINT('',#4387);
#3484=LINE('',#4388,#4389);
#3485=LINE('',#4390,#4391);
#3486=FILL_AREA_STYLE_COLOUR('',#4392);
#3487=VERTEX_POINT('',#4393);
#3488=VERTEX_POINT('',#4394);
#3489=CIRCLE('',#4395,7.0);
#3490=VERTEX_POINT('',#4396);
#3491=LINE('',#4397,#4398);
#3492=VERTEX_POINT('',#4399);
#3493=CIRCLE('',#4400,7.0);
#3494=LINE('',#4401,#4402);
#3495=FILL_AREA_STYLE_COLOUR('',#4403);
#3496=VERTEX_POINT('',#4404);
#3497=VERTEX_POINT('',#4405);
#3498=LINE('',#4406,#4407);
#3499=VERTEX_POINT('',#4408);
#3500=CIRCLE('',#4409,25.0);
#3501=VERTEX_POINT('',#4410);
#3502=LINE('',#4411,#4412);
#3503=VERTEX_POINT('',#4413);
#3504=CIRCLE('',#4414,25.0);
#3505=VERTEX_POINT('',#4415);
#3506=LINE('',#4416,#4417);
#3507=VERTEX_POINT('',#4418);
#3508=CIRCLE('',#4419,25.0);
#3509=VERTEX_POINT('',#4420);
#3510=LINE('',#4421,#4422);
#3511=CIRCLE('',#4423,25.0);
#3512=FILL_AREA_STYLE_COLOUR('',#4424);
#3513=VERTEX_POINT('',#4425);
#3514=VERTEX_POINT('',#4426);
#3515=CIRCLE('',#4427,7.0);
#3516=LINE('',#4428,#4429);
#3517=LINE('',#4430,#4431);
#3518=VERTEX_POINT('',#4432);
#3519=CIRCLE('',#4433,25.0);
#3520=VERTEX_POINT('',#4434);
#3521=LINE('',#4435,#4436);
#3522=VERTEX_POINT('',#4437);
#3523=LINE('',#4438,#4439);
#3524=VERTEX_POINT('',#4440);
#3525=LINE('',#4441,#4442);
#3526=LINE('',#4443,#4444);
#3527=FILL_AREA_STYLE_COLOUR('',#4445);
#3528=VERTEX_POINT('',#4446);
#3529=VERTEX_POINT('',#4447);
#3530=LINE('',#4448,#4449);
#3531=VERTEX_POINT('',#4450);
#3532=LINE('',#4451,#4452);
#3533=VERTEX_POINT('',#4453);
#3534=LINE('',#4454,#4455);
#3535=VERTEX_POINT('',#4456);
#3536=LINE('',#4457,#4458);
#3537=LINE('',#4459,#4460);
#3538=FILL_AREA_STYLE_COLOUR('',#4461);
#3539=VERTEX_POINT('',#4462);
#3540=LINE('',#4463,#4464);
#3541=VERTEX_POINT('',#4465);
#3542=LINE('',#4466,#4467);
#3543=VERTEX_POINT('',#4468);
#3544=LINE('',#4469,#4470);
#3545=VERTEX_POINT('',#4471);
#3546=LINE('',#4472,#4473);
#3547=VERTEX_POINT('',#4474);
#3548=CIRCLE('',#4475,7.0);
#3549=VERTEX_POINT('',#4476);
#3550=LINE('',#4477,#4478);
#3551=VERTEX_POINT('',#4479);
#3552=LINE('',#4480,#4481);
#3553=VERTEX_POINT('',#4482);
#3554=LINE('',#4483,#4484);
#3555=LINE('',#4485,#4486);
#3556=FILL_AREA_STYLE_COLOUR('',#4487);
#3557=LINE('',#4488,#4489);
#3558=VERTEX_POINT('',#4490);
#3559=LINE('',#4491,#4492);
#3560=LINE('',#4493,#4494);
#3561=FILL_AREA_STYLE_COLOUR('',#4495);
#3562=VERTEX_POINT('',#4496);
#3563=LINE('',#4497,#4498);
#3564=LINE('',#4499,#4500);
#3565=FILL_AREA_STYLE_COLOUR('',#4501);
#3566=LINE('',#4502,#4503);
#3567=LINE('',#4504,#4505);
#3568=FILL_AREA_STYLE_COLOUR('',#4506);
#3569=LINE('',#4507,#4508);
#3570=VERTEX_POINT('',#4509);
#3571=LINE('',#4510,#4511);
#3572=VERTEX_POINT('',#4512);
#3573=CIRCLE('',#4513,7.0);
#3574=VERTEX_POINT('',#4514);
#3575=LINE('',#4515,#4516);
#3576=CIRCLE('',#4517,25.0);
#3577=FILL_AREA_STYLE_COLOUR('',#4518);
#3578=CIRCLE('',#4519,7.5);
#3579=CIRCLE('',#4520,7.5);
#3580=FILL_AREA_STYLE_COLOUR('',#4521);
#3581=VERTEX_POINT('',#4522);
#3582=LINE('',#4523,#4524);
#3583=VERTEX_POINT('',#4525);
#3584=LINE('',#4526,#4527);
#3585=LINE('',#4528,#4529);
#3586=LINE('',#4530,#4531);
#3587=LINE('',#4532,#4533);
#3588=FILL_AREA_STYLE_COLOUR('',#4534);
#3589=VERTEX_POINT('',#4535);
#3590=LINE('',#4536,#4537);
#3591=VERTEX_POINT('',#4538);
#3592=LINE('',#4539,#4540);
#3593=LINE('',#4541,#4542);
#3594=FILL_AREA_STYLE_COLOUR('',#4543);
#3595=LINE('',#4544,#4545);
#3596=LINE('',#4546,#4547);
#3597=FILL_AREA_STYLE_COLOUR('',#4548);
#3598=VERTEX_POINT('',#4549);
#3599=VERTEX_POINT('',#4550);
#3600=LINE('',#4551,#4552);
#3601=VERTEX_POINT('',#4553);
#3602=LINE('',#4554,#4555);
#3603=VERTEX_POINT('',#4556);
#3604=LINE('',#4557,#4558);
#3605=LINE('',#4559,#4560);
#3606=FILL_AREA_STYLE_COLOUR('',#4561);
#3607=VERTEX_POINT('',#4562);
#3608=LINE('',#4563,#4564);
#3609=VERTEX_POINT('',#4565);
#3610=LINE('',#4566,#4567);
#3611=LINE('',#4568,#4569);
#3612=FILL_AREA_STYLE_COLOUR('',#4570);
#3613=LINE('',#4571,#4572);
#3614=FILL_AREA_STYLE_COLOUR('',#4573);
#3615=VERTEX_POINT('',#4574);
#3616=LINE('',#4575,#4576);
#3617=VERTEX_POINT('',#4577);
#3618=LINE('',#4578,#4579);
#3619=LINE('',#4580,#4581);
#3620=FILL_AREA_STYLE_COLOUR('',#4582);
#3621=VERTEX_POINT('',#4583);
#3622=VERTEX_POINT('',#4584);
#3623=LINE('',#4585,#4586);
#3624=LINE('',#4587,#4588);
#3625=LINE('',#4589,#4590);
#3626=FILL_AREA_STYLE_COLOUR('',#4591);
#3627=VERTEX_POINT('',#4592);
#3628=LINE('',#4593,#4594);
#3629=VERTEX_POINT('',#4595);
#3630=LINE('',#4596,#4597);
#3631=LINE('',#4598,#4599);
#3632=FILL_AREA_STYLE_COLOUR('',#4600);
#3633=VERTEX_POINT('',#4601);
#3634=LINE('',#4602,#4603);
#3635=VERTEX_POINT('',#4604);
#3636=LINE('',#4605,#4606);
#3637=LINE('',#4607,#4608);
#3638=FILL_AREA_STYLE_COLOUR('',#4609);
#3639=VERTEX_POINT('',#4610);
#3640=LINE('',#4611,#4612);
#3641=VERTEX_POINT('',#4613);
#3642=LINE('',#4614,#4615);
#3643=LINE('',#4616,#4617);
#3644=FILL_AREA_STYLE_COLOUR('',#4618);
#3645=VERTEX_POINT('',#4619);
#3646=LINE('',#4620,#4621);
#3647=VERTEX_POINT('',#4622);
#3648=LINE('',#4623,#4624);
#3649=LINE('',#4625,#4626);
#3650=FILL_AREA_STYLE_COLOUR('',#4627);
#3651=VERTEX_POINT('',#4628);
#3652=LINE('',#4629,#4630);
#3653=VERTEX_POINT('',#4631);
#3654=LINE('',#4632,#4633);
#3655=LINE('',#4634,#4635);
#3656=FILL_AREA_STYLE_COLOUR('',#4636);
#3657=VERTEX_POINT('',#4637);
#3658=LINE('',#4638,#4639);
#3659=VERTEX_POINT('',#4640);
#3660=LINE('',#4641,#4642);
#3661=LINE('',#4643,#4644);
#3662=FILL_AREA_STYLE_COLOUR('',#4645);
#3663=VERTEX_POINT('',#4646);
#3664=LINE('',#4647,#4648);
#3665=VERTEX_POINT('',#4649);
#3666=LINE('',#4650,#4651);
#3667=LINE('',#4652,#4653);
#3668=FILL_AREA_STYLE_COLOUR('',#4654);
#3669=VERTEX_POINT('',#4655);
#3670=LINE('',#4656,#4657);
#3671=VERTEX_POINT('',#4658);
#3672=LINE('',#4659,#4660);
#3673=LINE('',#4661,#4662);
#3674=FILL_AREA_STYLE_COLOUR('',#4663);
#3675=VERTEX_POINT('',#4664);
#3676=LINE('',#4665,#4666);
#3677=VERTEX_POINT('',#4667);
#3678=LINE('',#4668,#4669);
#3679=LINE('',#4670,#4671);
#3680=FILL_AREA_STYLE_COLOUR('',#4672);
#3681=VERTEX_POINT('',#4673);
#3682=LINE('',#4674,#4675);
#3683=VERTEX_POINT('',#4676);
#3684=LINE('',#4677,#4678);
#3685=LINE('',#4679,#4680);
#3686=FILL_AREA_STYLE_COLOUR('',#4681);
#3687=VERTEX_POINT('',#4682);
#3688=LINE('',#4683,#4684);
#3689=VERTEX_POINT('',#4685);
#3690=LINE('',#4686,#4687);
#3691=LINE('',#4688,#4689);
#3692=VERTEX_POINT('',#4690);
#3693=LINE('',#4691,#4692);
#3694=CIRCLE('',#4693,1.50000000000001);
#3695=FILL_AREA_STYLE_COLOUR('',#4694);
#3696=LINE('',#4695,#4696);
#3697=FILL_AREA_STYLE_COLOUR('',#4697);
#3698=VERTEX_POINT('',#4698);
#3699=LINE('',#4699,#4700);
#3700=VERTEX_POINT('',#4701);
#3701=LINE('',#4702,#4703);
#3702=LINE('',#4704,#4705);
#3703=FILL_AREA_STYLE_COLOUR('',#4706);
#3704=LINE('',#4707,#4708);
#3705=FILL_AREA_STYLE_COLOUR('',#4709);
#3706=VERTEX_POINT('',#4710);
#3707=LINE('',#4711,#4712);
#3708=VERTEX_POINT('',#4713);
#3709=LINE('',#4714,#4715);
#3710=VERTEX_POINT('',#4716);
#3711=LINE('',#4717,#4718);
#3712=VERTEX_POINT('',#4719);
#3713=LINE('',#4720,#4721);
#3714=VERTEX_POINT('',#4722);
#3715=LINE('',#4723,#4724);
#3716=VERTEX_POINT('',#4725);
#3717=LINE('',#4726,#4727);
#3718=LINE('',#4728,#4729);
#3719=FILL_AREA_STYLE_COLOUR('',#4730);
#3720=VERTEX_POINT('',#4731);
#3721=LINE('',#4732,#4733);
#3722=VERTEX_POINT('',#4734);
#3723=LINE('',#4735,#4736);
#3724=LINE('',#4737,#4738);
#3725=VERTEX_POINT('',#4739);
#3726=LINE('',#4740,#4741);
#3727=VERTEX_POINT('',#4742);
#3728=LINE('',#4743,#4744);
#3729=LINE('',#4745,#4746);
#3730=VERTEX_POINT('',#4747);
#3731=LINE('',#4748,#4749);
#3732=VERTEX_POINT('',#4750);
#3733=LINE('',#4751,#4752);
#3734=LINE('',#4753,#4754);
#3735=FILL_AREA_STYLE_COLOUR('',#4755);
#3736=VERTEX_POINT('',#4756);
#3737=LINE('',#4757,#4758);
#3738=VERTEX_POINT('',#4759);
#3739=LINE('',#4760,#4761);
#3740=LINE('',#4762,#4763);
#3741=VERTEX_POINT('',#4764);
#3742=LINE('',#4765,#4766);
#3743=VERTEX_POINT('',#4767);
#3744=LINE('',#4768,#4769);
#3745=LINE('',#4770,#4771);
#3746=FILL_AREA_STYLE_COLOUR('',#4772);
#3747=LINE('',#4773,#4774);
#3748=FILL_AREA_STYLE_COLOUR('',#4775);
#3749=VERTEX_POINT('',#4776);
#3750=LINE('',#4777,#4778);
#3751=VERTEX_POINT('',#4779);
#3752=LINE('',#4780,#4781);
#3753=LINE('',#4782,#4783);
#3754=FILL_AREA_STYLE_COLOUR('',#4784);
#3755=LINE('',#4785,#4786);
#3756=LINE('',#4787,#4788);
#3757=LINE('',#4789,#4790);
#3758=FILL_AREA_STYLE_COLOUR('',#4791);
#3759=VERTEX_POINT('',#4792);
#3760=LINE('',#4793,#4794);
#3761=VERTEX_POINT('',#4795);
#3762=LINE('',#4796,#4797);
#3763=LINE('',#4798,#4799);
#3764=VERTEX_POINT('',#4800);
#3765=LINE('',#4801,#4802);
#3766=CIRCLE('',#4803,1.50000000000001);
#3767=FILL_AREA_STYLE_COLOUR('',#4804);
#3768=FILL_AREA_STYLE_COLOUR('',#4805);
#3769=VERTEX_POINT('',#4806);
#3770=LINE('',#4807,#4808);
#3771=VERTEX_POINT('',#4809);
#3772=LINE('',#4810,#4811);
#3773=LINE('',#4812,#4813);
#3774=FILL_AREA_STYLE_COLOUR('',#4814);
#3775=VERTEX_POINT('',#4815);
#3776=VERTEX_POINT('',#4816);
#3777=LINE('',#4817,#4818);
#3778=LINE('',#4819,#4820);
#3779=VERTEX_POINT('',#4821);
#3780=LINE('',#4822,#4823);
#3781=LINE('',#4824,#4825);
#3782=FILL_AREA_STYLE_COLOUR('',#4826);
#3783=VERTEX_POINT('',#4827);
#3784=LINE('',#4828,#4829);
#3785=VERTEX_POINT('',#4830);
#3786=LINE('',#4831,#4832);
#3787=LINE('',#4833,#4834);
#3788=FILL_AREA_STYLE_COLOUR('',#4835);
#3789=VERTEX_POINT('',#4836);
#3790=LINE('',#4837,#4838);
#3791=VERTEX_POINT('',#4839);
#3792=LINE('',#4840,#4841);
#3793=LINE('',#4842,#4843);
#3794=FILL_AREA_STYLE_COLOUR('',#4844);
#3795=VERTEX_POINT('',#4845);
#3796=LINE('',#4846,#4847);
#3797=VERTEX_POINT('',#4848);
#3798=LINE('',#4849,#4850);
#3799=LINE('',#4851,#4852);
#3800=FILL_AREA_STYLE_COLOUR('',#4853);
#3801=VERTEX_POINT('',#4854);
#3802=LINE('',#4855,#4856);
#3803=VERTEX_POINT('',#4857);
#3804=LINE('',#4858,#4859);
#3805=LINE('',#4860,#4861);
#3806=FILL_AREA_STYLE_COLOUR('',#4862);
#3807=VERTEX_POINT('',#4863);
#3808=LINE('',#4864,#4865);
#3809=VERTEX_POINT('',#4866);
#3810=LINE('',#4867,#4868);
#3811=LINE('',#4869,#4870);
#3812=FILL_AREA_STYLE_COLOUR('',#4871);
#3813=VERTEX_POINT('',#4872);
#3814=LINE('',#4873,#4874);
#3815=VERTEX_POINT('',#4875);
#3816=LINE('',#4876,#4877);
#3817=LINE('',#4878,#4879);
#3818=FILL_AREA_STYLE_COLOUR('',#4880);
#3819=VERTEX_POINT('',#4881);
#3820=LINE('',#4882,#4883);
#3821=VERTEX_POINT('',#4884);
#3822=LINE('',#4885,#4886);
#3823=LINE('',#4887,#4888);
#3824=FILL_AREA_STYLE_COLOUR('',#4889);
#3825=VERTEX_POINT('',#4890);
#3826=LINE('',#4891,#4892);
#3827=LINE('',#4893,#4894);
#3828=LINE('',#4895,#4896);
#3829=FILL_AREA_STYLE_COLOUR('',#4897);
#3830=VERTEX_POINT('',#4898);
#3831=VERTEX_POINT('',#4899);
#3832=LINE('',#4900,#4901);
#3833=LINE('',#4902,#4903);
#3834=LINE('',#4904,#4905);
#3835=FILL_AREA_STYLE_COLOUR('',#4906);
#3836=LINE('',#4907,#4908);
#3837=LINE('',#4909,#4910);
#3838=LINE('',#4911,#4912);
#3839=FILL_AREA_STYLE_COLOUR('',#4913);
#3840=VERTEX_POINT('',#4914);
#3841=LINE('',#4915,#4916);
#3842=VERTEX_POINT('',#4917);
#3843=LINE('',#4918,#4919);
#3844=LINE('',#4920,#4921);
#3845=FILL_AREA_STYLE_COLOUR('',#4922);
#3846=FILL_AREA_STYLE_COLOUR('',#4923);
#3847=VERTEX_POINT('',#4924);
#3848=LINE('',#4925,#4926);
#3849=VERTEX_POINT('',#4927);
#3850=LINE('',#4928,#4929);
#3851=LINE('',#4930,#4931);
#3852=FILL_AREA_STYLE_COLOUR('',#4932);
#3853=CIRCLE('',#4933,0.75);
#3854=FILL_AREA_STYLE_COLOUR('',#4934);
#3855=CIRCLE('',#4935,7.0);
#3856=FILL_AREA_STYLE_COLOUR('',#4936);
#3857=VERTEX_POINT('',#4937);
#3858=LINE('',#4938,#4939);
#3859=VERTEX_POINT('',#4940);
#3860=LINE('',#4941,#4942);
#3861=LINE('',#4943,#4944);
#3862=FILL_AREA_STYLE_COLOUR('',#4945);
#3863=LINE('',#4946,#4947);
#3864=LINE('',#4948,#4949);
#3865=FILL_AREA_STYLE_COLOUR('',#4950);
#3866=FILL_AREA_STYLE_COLOUR('',#4951);
#3867=FILL_AREA_STYLE_COLOUR('',#4952);
#3868=LINE('',#4953,#4954);
#3869=FILL_AREA_STYLE_COLOUR('',#4955);
#3870=LINE('',#4956,#4957);
#3871=FILL_AREA_STYLE_COLOUR('',#4958);
#3872=FILL_AREA_STYLE_COLOUR('',#4959);
#3873=VERTEX_POINT('',#4960);
#3874=LINE('',#4961,#4962);
#3875=CIRCLE('',#4963,1.50000000000001);
#3876=LINE('',#4964,#4965);
#3877=FILL_AREA_STYLE_COLOUR('',#4966);
#3878=LINE('',#4967,#4968);
#3879=FILL_AREA_STYLE_COLOUR('',#4969);
#3880=FILL_AREA_STYLE_COLOUR('',#4970);
#3881=VERTEX_POINT('',#4971);
#3882=VERTEX_POINT('',#4972);
#3883=CIRCLE('',#4973,1.50000000000001);
#3884=LINE('',#4974,#4975);
#3885=LINE('',#4976,#4977);
#3886=FILL_AREA_STYLE_COLOUR('',#4978);
#3887=LINE('',#4979,#4980);
#3888=VERTEX_POINT('',#4981);
#3889=LINE('',#4982,#4983);
#3890=VERTEX_POINT('',#4984);
#3891=CIRCLE('',#4985,1.50000000000001);
#3892=VERTEX_POINT('',#4986);
#3893=LINE('',#4987,#4988);
#3894=CIRCLE('',#4989,1.50000000000001);
#3895=FILL_AREA_STYLE_COLOUR('',#4990);
#3896=FILL_AREA_STYLE_COLOUR('',#4991);
#3897=LINE('',#4992,#4993);
#3898=FILL_AREA_STYLE_COLOUR('',#4994);
#3899=LINE('',#4995,#4996);
#3900=FILL_AREA_STYLE_COLOUR('',#4997);
#3901=LINE('',#4998,#4999);
#3902=LINE('',#5000,#5001);
#3903=FILL_AREA_STYLE_COLOUR('',#5002);
#3904=LINE('',#5003,#5004);
#3905=FILL_AREA_STYLE_COLOUR('',#5005);
#3906=FILL_AREA_STYLE_COLOUR('',#5006);
#3907=LINE('',#5007,#5008);
#3908=FILL_AREA_STYLE_COLOUR('',#5009);
#3909=FILL_AREA_STYLE_COLOUR('',#5010);
#3910=FILL_AREA_STYLE_COLOUR('',#5011);
#3911=FILL_AREA_STYLE_COLOUR('',#5012);
#3912=FILL_AREA_STYLE_COLOUR('',#5013);
#3913=FILL_AREA_STYLE_COLOUR('',#5014);
#3914=LINE('',#5015,#5016);
#3915=LINE('',#5017,#5018);
#3916=FILL_AREA_STYLE_COLOUR('',#5019);
#3917=FILL_AREA_STYLE_COLOUR('',#5020);
#3918=FILL_AREA_STYLE_COLOUR('',#5021);
#3919=VERTEX_POINT('',#5022);
#3920=VERTEX_POINT('',#5023);
#3921=LINE('',#5024,#5025);
#3922=LINE('',#5026,#5027);
#3923=LINE('',#5028,#5029);
#3924=FILL_AREA_STYLE_COLOUR('',#5030);
#3925=VERTEX_POINT('',#5031);
#3926=LINE('',#5032,#5033);
#3927=LINE('',#5034,#5035);
#3928=FILL_AREA_STYLE_COLOUR('',#5036);
#3929=VERTEX_POINT('',#5037);
#3930=LINE('',#5038,#5039);
#3931=LINE('',#5040,#5041);
#3932=FILL_AREA_STYLE_COLOUR('',#5042);
#3933=VERTEX_POINT('',#5043);
#3934=VERTEX_POINT('',#5044);
#3935=LINE('',#5045,#5046);
#3936=VERTEX_POINT('',#5047);
#3937=CIRCLE('',#5048,7.0);
#3938=VERTEX_POINT('',#5049);
#3939=LINE('',#5050,#5051);
#3940=LINE('',#5052,#5053);
#3941=CIRCLE('',#5054,25.0);
#3942=FILL_AREA_STYLE_COLOUR('',#5055);
#3943=VERTEX_POINT('',#5056);
#3944=LINE('',#5057,#5058);
#3945=LINE('',#5059,#5060);
#3946=FILL_AREA_STYLE_COLOUR('',#5061);
#3947=LINE('',#5062,#5063);
#3948=LINE('',#5064,#5065);
#3949=FILL_AREA_STYLE_COLOUR('',#5066);
#3950=LINE('',#5067,#5068);
#3951=FILL_AREA_STYLE_COLOUR('',#5069);
#3952=VERTEX_POINT('',#5070);
#3953=LINE('',#5071,#5072);
#3954=LINE('',#5073,#5074);
#3955=FILL_AREA_STYLE_COLOUR('',#5075);
#3956=VERTEX_POINT('',#5076);
#3957=LINE('',#5077,#5078);
#3958=CIRCLE('',#5079,7.0);
#3959=FILL_AREA_STYLE_COLOUR('',#5080);
#3960=LINE('',#5081,#5082);
#3961=FILL_AREA_STYLE_COLOUR('',#5083);
#3962=CIRCLE('',#5084,25.0);
#3963=FILL_AREA_STYLE_COLOUR('',#5085);
#3964=FILL_AREA_STYLE_COLOUR('',#5086);
#3965=COLOUR_RGB('',0.980392217636108,0.517647087574005,0.168627455830574);
#3966=CARTESIAN_POINT('',(2.40000000000151,17.2750000000152,46.8500000000089));
#3967=CARTESIAN_POINT('',(2.40000000000151,17.2750000000152,38.1000000000109));
#3968=CARTESIAN_POINT('',(2.40000000000151,17.2750000000152,38.1000000000109));
#3969=VECTOR('',#5087,1.0);
#3970=CARTESIAN_POINT('',(3.80000000000049,16.3135164807313,38.1000000000109));
#3971=AXIS2_PLACEMENT_3D('',#5088,#5089,#5090);
#3972=CARTESIAN_POINT('',(3.80000000000049,16.3135164807313,46.8500000000089));
#3973=CARTESIAN_POINT('',(3.80000000000049,16.3135164807313,38.1000000000109));
#3974=VECTOR('',#5091,1.0);
#3975=AXIS2_PLACEMENT_3D('',#5092,#5093,#5094);
#3976=COLOUR_RGB('',0.980392217636108,0.517647087574005,0.168627455830574);
#3977=CARTESIAN_POINT('',(2.40000000000151,14.2750000000152,38.1000000000109));
#3978=CARTESIAN_POINT('',(2.40000000000151,14.2750000000152,46.8500000000089));
#3979=CARTESIAN_POINT('',(2.40000000000151,14.2750000000152,38.1000000000109));
#3980=VECTOR('',#5095,1.0);
#3981=CARTESIAN_POINT('',(1.17739827151877,16.6440483378601,38.1000000000109));
#3982=AXIS2_PLACEMENT_3D('',#5096,#5097,#5098);
#3983=CARTESIAN_POINT('',(1.17739827151877,16.6440483378601,37.5000000000109));
#3984=CARTESIAN_POINT('',(1.17739827151877,16.6440483378601,37.5000000000109));
#3985=VECTOR('',#5099,1.0);
#3986=CARTESIAN_POINT('',(1.53095166210452,16.9976017284609,37.5000000000109));
#3987=AXIS2_PLACEMENT_3D('',#5100,#5101,#5102);
#3988=CARTESIAN_POINT('',(1.53095166210452,16.9976017284609,38.1000000000109));
#3989=CARTESIAN_POINT('',(1.53095166210452,16.9976017284609,37.5000000000109));
#3990=VECTOR('',#5103,1.0);
#3991=AXIS2_PLACEMENT_3D('',#5104,#5105,#5106);
#3992=AXIS2_PLACEMENT_3D('',#5107,#5108,#5109);
#3993=COLOUR_RGB('',0.980392217636108,0.517647087574005,0.168627455830574);
#3994=CARTESIAN_POINT('',(2.40000000000151,30.7249999999838,38.1000000000109));
#3995=CARTESIAN_POINT('',(2.40000000000151,30.7249999999838,46.8500000000089));
#3996=CARTESIAN_POINT('',(2.40000000000151,30.7249999999838,38.1000000000109));
#3997=VECTOR('',#5110,1.0);
#3998=CARTESIAN_POINT('',(3.80000000000049,31.6864835192676,46.8500000000089));
#3999=AXIS2_PLACEMENT_3D('',#5111,#5112,#5113);
#4000=CARTESIAN_POINT('',(3.80000000000049,31.6864835192676,38.1000000000109));
#4001=CARTESIAN_POINT('',(3.80000000000049,31.6864835192676,38.1000000000109));
#4002=VECTOR('',#5114,1.0);
#4003=CARTESIAN_POINT('',(3.62260172846573,31.3559516621128,38.1000000000109));
#4004=AXIS2_PLACEMENT_3D('',#5115,#5116,#5117);
#4005=CARTESIAN_POINT('',(3.62260172846573,31.3559516621128,37.5000000000109));
#4006=CARTESIAN_POINT('',(3.62260172846573,31.3559516621128,38.1000000000109));
#4007=VECTOR('',#5118,1.0);
#4008=CARTESIAN_POINT('',(3.26904833787245,31.0023982715195,37.5000000000109));
#4009=AXIS2_PLACEMENT_3D('',#5119,#5120,#5121);
#4010=CARTESIAN_POINT('',(3.26904833787245,31.0023982715195,38.1000000000109));
#4011=CARTESIAN_POINT('',(3.26904833787245,31.0023982715195,38.1000000000109));
#4012=VECTOR('',#5122,1.0);
#4013=AXIS2_PLACEMENT_3D('',#5123,#5124,#5125);
#4014=COLOUR_RGB('',0.980392217636108,0.517647087574005,0.168627455830574);
#4015=CARTESIAN_POINT('',(2.40000000000151,33.7249999999838,46.8500000000089));
#4016=CARTESIAN_POINT('',(2.40000000000151,33.7249999999838,38.1000000000109));
#4017=CARTESIAN_POINT('',(2.40000000000151,33.7249999999838,38.1000000000109));
#4018=VECTOR('',#5126,1.0);
#4019=AXIS2_PLACEMENT_3D('',#5127,#5128,#5129);
#4020=CARTESIAN_POINT('',(1.17739827153726,33.0940483378547,38.1000000000109));
#4021=AXIS2_PLACEMENT_3D('',#5130,#5131,#5132);
#4022=CARTESIAN_POINT('',(1.17739827153726,33.0940483378547,37.5000000000109));
#4023=CARTESIAN_POINT('',(1.17739827153726,33.0940483378547,37.5000000000109));
#4024=VECTOR('',#5133,1.0);
#4025=CARTESIAN_POINT('',(1.53095166213053,33.447601728448,37.5000000000109));
#4026=AXIS2_PLACEMENT_3D('',#5134,#5135,#5136);
#4027=CARTESIAN_POINT('',(1.53095166213053,33.447601728448,38.1000000000109));
#4028=CARTESIAN_POINT('',(1.53095166213053,33.447601728448,37.5000000000109));
#4029=VECTOR('',#5137,1.0);
#4030=AXIS2_PLACEMENT_3D('',#5138,#5139,#5140);
#4031=COLOUR_RGB('',0.980392217636108,0.517647087574005,0.168627455830574);
#4032=CARTESIAN_POINT('',(1.1,3.32719595010581,4.5092640339867));
#4033=CARTESIAN_POINT('',(4.92064469598971E-13,3.32719595010581,4.5092640339867));
#4034=CARTESIAN_POINT('',(0.550000000000246,3.32719595010581,4.5092640339867));
#4035=VECTOR('',#5141,1.0);
#4036=CARTESIAN_POINT('',(1.09999999999999,3.32975468485941,4.53329923693917));
#4037=AXIS2_PLACEMENT_3D('',#5142,#5143,#5144);
#4038=CARTESIAN_POINT('',(4.92050844513869E-13,3.32975468485941,4.53329923693917));
#4039=CARTESIAN_POINT('',(4.15000000000049,3.32975468485941,4.53329923693917));
#4040=VECTOR('',#5145,1.0);
#4041=AXIS2_PLACEMENT_3D('',#5146,#5147,#5148);
#4042=COLOUR_RGB('',0.980392217636108,0.517647087574005,0.168627455830574);
#4043=CARTESIAN_POINT('',(4.15000000000049,4.39999999998182,11.3247092978861));
#4044=CARTESIAN_POINT('',(4.91206889214729E-13,4.39999999998182,11.3247092978861));
#4045=CARTESIAN_POINT('',(2.07500000000049,4.39999999998182,11.3247092978861));
#4046=VECTOR('',#5149,1.0);
#4047=CARTESIAN_POINT('',(4.15000000000049,4.2432614194088,12.8500000000001));
#4048=AXIS2_PLACEMENT_3D('',#5150,#5151,#5152);
#4049=CARTESIAN_POINT('',(4.90274487674469E-13,4.2432614194088,12.8500000000001));
#4050=CARTESIAN_POINT('',(4.15000000000049,4.2432614194088,12.8500000000001));
#4051=VECTOR('',#5153,1.0);
#4052=AXIS2_PLACEMENT_3D('',#5154,#5155,#5156);
#4053=COLOUR_RGB('',0.980392217636108,0.517647087574005,0.168627455830574);
#4054=CARTESIAN_POINT('',(4.15000000000049,8.70670615743098,10.1999999999998));
#4055=CARTESIAN_POINT('',(4.92169750236113E-13,8.70670615743098,10.1999999999998));
#4056=CARTESIAN_POINT('',(4.15000000000049,8.70670615743098,10.1999999999998));
#4057=VECTOR('',#5157,1.0);
#4058=CARTESIAN_POINT('',(4.15000000000049,7.76482834700983,10.433974358974));
#4059=AXIS2_PLACEMENT_3D('',#5158,#5159,#5160);
#4060=CARTESIAN_POINT('',(4.92050844513869E-13,7.76482834700983,10.433974358974));
#4061=CARTESIAN_POINT('',(4.15000000000049,7.76482834700983,10.433974358974));
#4062=VECTOR('',#5161,1.0);
#4063=AXIS2_PLACEMENT_3D('',#5162,#5163,#5164);
#4064=COLOUR_RGB('',0.980392217636108,0.517647087574005,0.168627455830574);
#4065=CARTESIAN_POINT('',(1.1,1.8,3.94999999999977));
#4066=CARTESIAN_POINT('',(4.15000000000049,1.8,3.94999999999977));
#4067=CARTESIAN_POINT('',(2.62500000000025,1.8,3.94999999999977));
#4068=VECTOR('',#5165,1.0);
#4069=CARTESIAN_POINT('',(1.1,1.53639610306815,4.5863961030674));
#4070=AXIS2_PLACEMENT_3D('',#5166,#5167,#5168);
#4071=CARTESIAN_POINT('',(4.15000000000049,1.53639610306815,4.58639610306741));
#4072=CARTESIAN_POINT('',(4.15000000000049,1.53639610306815,4.5863961030674));
#4073=VECTOR('',#5169,1.0);
#4074=AXIS2_PLACEMENT_3D('',#5170,#5171,#5172);
#4075=COLOUR_RGB('',0.980392217636108,0.517647087574005,0.168627455830574);
#4076=CARTESIAN_POINT('',(4.15000000000049,-7.105427357601E-15,5.15710678118626));
#4077=CARTESIAN_POINT('',(4.91162666094169E-13,-7.105427357601E-15,5.15710678118626));
#4078=CARTESIAN_POINT('',(4.15000000000049,-7.105427357601E-15,5.15710678118626));
#4079=VECTOR('',#5173,1.0);
#4080=CARTESIAN_POINT('',(4.92050844513869E-13,-7.105427357601E-15,-2.76223488526739E-13));
#4081=CARTESIAN_POINT('',(4.88498130835069E-13,-1.06581410364015E-14,16.5839304755416));
#4082=VECTOR('',#5174,1.0);
#4083=CARTESIAN_POINT('',(4.15000000000049,-7.105427357601E-15,-2.75335310107039E-13));
#4084=CARTESIAN_POINT('',(4.15000000000049,-7.105427357601E-15,-2.75335310107039E-13));
#4085=VECTOR('',#5175,1.0);
#4086=CARTESIAN_POINT('',(4.15000000000049,-1.06581410364015E-14,16.5839304755416));
#4087=VECTOR('',#5176,1.0);
#4088=COLOUR_RGB('',0.980392217636108,0.517647087574005,0.168627455830574);
#4089=CARTESIAN_POINT('',(4.15000000000049,0.68284271247467,5.43994949366088));
#4090=CARTESIAN_POINT('',(4.91162666094169E-13,0.68284271247467,5.43994949366088));
#4091=CARTESIAN_POINT('',(4.15000000000049,0.682842712474688,5.43994949366087));
#4092=VECTOR('',#5177,1.0);
#4093=AXIS2_PLACEMENT_3D('',#5178,#5179,#5180);
#4094=AXIS2_PLACEMENT_3D('',#5181,#5182,#5183);
#4095=COLOUR_RGB('',0.980392217636108,0.517647087574005,0.168627455830574);
#4096=CARTESIAN_POINT('',(4.9293902293357E-13,5.66593942798829,-2.77999845366139E-13));
#4097=CARTESIAN_POINT('',(4.89386309254769E-13,-9.34364449363741,-2.77999845366139E-13));
#4098=VECTOR('',#5184,1.0);
#4099=CARTESIAN_POINT('',(4.15000000000049,5.66593942798829,-2.77111666946439E-13));
#4100=CARTESIAN_POINT('',(4.15000000000049,5.66593942798829,-2.77111666946439E-13));
#4101=VECTOR('',#5185,1.0);
#4102=CARTESIAN_POINT('',(4.15000000000049,-9.34364449363741,-2.77111666946439E-13));
#4103=VECTOR('',#5186,1.0);
#4104=COLOUR_RGB('',0.980392217636108,0.517647087574005,0.168627455830574);
#4105=CARTESIAN_POINT('',(4.91162666094169E-13,2.05245625048503,4.07033595565052));
#4106=CARTESIAN_POINT('',(4.87609952415369E-13,-7.6522784871552,13.7750706932908));
#4107=VECTOR('',#5187,1.0);
#4108=CARTESIAN_POINT('',(4.15000000000049,-7.6522784871552,13.7750706932908));
#4109=VECTOR('',#5188,1.0);
#4110=CARTESIAN_POINT('',(1.1,2.05245625048504,4.07033595565052));
#4111=CARTESIAN_POINT('',(1.1,-7.6522784871552,13.7750706932908));
#4112=VECTOR('',#5189,1.0);
#4113=CARTESIAN_POINT('',(1.1,2.05245625048504,4.07033595565052));
#4114=VECTOR('',#5190,1.0);
#4115=COLOUR_RGB('',0.980392217636108,0.517647087574005,0.168627455830574);
#4116=CARTESIAN_POINT('',(4.9293902293357E-13,7.69999999999992,3.62236366060235));
#4117=AXIS2_PLACEMENT_3D('',#5191,#5192,#5193);
#4118=CARTESIAN_POINT('',(4.15000000000049,7.69999999999992,3.62236366060235));
#4119=CARTESIAN_POINT('',(4.15000000000049,7.69999999999992,3.62236366060235));
#4120=VECTOR('',#5194,1.0);
#4121=AXIS2_PLACEMENT_3D('',#5195,#5196,#5197);
#4122=COLOUR_RGB('',0.980392217636108,0.517647087574005,0.168627455830574);
#4123=CARTESIAN_POINT('',(1.1,1.49999999999999,2.34999999999976));
#4124=CARTESIAN_POINT('',(1.1,1.49999999999997,3.2791796067498));
#4125=CARTESIAN_POINT('',(1.1,1.49999999999999,7.40000000000275));
#4126=VECTOR('',#5198,1.0);
#4127=CARTESIAN_POINT('',(4.15000000000049,1.49999999999998,3.27917960674981));
#4128=CARTESIAN_POINT('',(4.15000000000049,1.49999999999999,3.27917960674978));
#4129=VECTOR('',#5199,1.0);
#4130=CARTESIAN_POINT('',(4.15000000000049,1.49999999999999,2.34999999999976));
#4131=CARTESIAN_POINT('',(4.15000000000049,1.49999999999999,16.3997536341873));
#4132=VECTOR('',#5200,1.0);
#4133=CARTESIAN_POINT('',(4.15000000000049,1.49999999999999,2.34999999999976));
#4134=VECTOR('',#5201,1.0);
#4135=COLOUR_RGB('',0.980392217636108,0.517647087574005,0.168627455830574);
#4136=CARTESIAN_POINT('',(4.9293902293357E-13,7.69999999999992,5.55000000000571));
#4137=CARTESIAN_POINT('',(4.91162666094169E-13,7.69999999999992,15.6384893565893));
#4138=VECTOR('',#5202,1.0);
#4139=CARTESIAN_POINT('',(4.15000000000049,7.69999999999992,5.55000000000571));
#4140=CARTESIAN_POINT('',(4.15000000000049,7.69999999999992,5.55000000000571));
#4141=VECTOR('',#5203,1.0);
#4142=CARTESIAN_POINT('',(4.15000000000049,7.69999999999992,15.6384893565893));
#4143=VECTOR('',#5204,1.0);
#4144=COLOUR_RGB('',0.980392217636108,0.517647087574005,0.168627455830574);
#4145=AXIS2_PLACEMENT_3D('',#5205,#5206,#5207);
#4146=AXIS2_PLACEMENT_3D('',#5208,#5209,#5210);
#4147=COLOUR_RGB('',0.980392217636108,0.517647087574005,0.168627455830574);
#4148=CARTESIAN_POINT('',(4.92050844513869E-13,6.79999999999993,5.47126020283237));
#4149=CARTESIAN_POINT('',(4.88498130835069E-13,-8.83986567063812,4.10294925758321));
#4150=VECTOR('',#5211,1.0);
#4151=CARTESIAN_POINT('',(4.15000000000049,6.79999999999993,5.47126020283237));
#4152=CARTESIAN_POINT('',(4.15000000000049,6.79999999999993,5.47126020283237));
#4153=VECTOR('',#5212,1.0);
#4154=CARTESIAN_POINT('',(4.15000000000049,-8.83986567063812,4.10294925758321));
#4155=VECTOR('',#5213,1.0);
#4156=COLOUR_RGB('',0.980392217636108,0.517647087574005,0.168627455830574);
#4157=CARTESIAN_POINT('',(1.40000000000151,13.2801668219376,24.6500000000108));
#4158=CARTESIAN_POINT('',(1.40000000000151,13.2801668219376,27.3500000000108));
#4159=CARTESIAN_POINT('',(1.40000000000151,13.2801668219376,25.925000000014));
#4160=VECTOR('',#5214,1.0);
#4161=CARTESIAN_POINT('',(1.40000000000151,13.7749999999837,24.6500000000108));
#4162=CARTESIAN_POINT('',(1.40000000000151,18.8750000000195,24.6500000000108));
#4163=VECTOR('',#5215,1.0);
#4164=CARTESIAN_POINT('',(1.40000000000151,13.7749999999837,27.3500000000109));
#4165=CARTESIAN_POINT('',(1.40000000000152,13.7749999999837,7.40000000000275));
#4166=VECTOR('',#5216,1.0);
#4167=CARTESIAN_POINT('',(1.40000000000151,18.8750000000195,27.3500000000109));
#4168=VECTOR('',#5217,1.0);
#4169=COLOUR_RGB('',0.980392217636108,0.517647087574005,0.168627455830574);
#4170=CARTESIAN_POINT('',(4.92050844513869E-13,6.79999999999993,6.54999999999974));
#4171=CARTESIAN_POINT('',(4.91162666094169E-13,6.79999999999993,15.7489954614019));
#4172=VECTOR('',#5218,1.0);
#4173=CARTESIAN_POINT('',(4.15000000000049,6.79999999999993,6.54999999999976));
#4174=CARTESIAN_POINT('',(4.15000000000049,6.79999999999993,6.54999999999974));
#4175=VECTOR('',#5219,1.0);
#4176=CARTESIAN_POINT('',(4.15000000000049,6.79999999999992,15.7489954614019));
#4177=VECTOR('',#5220,1.0);
#4178=COLOUR_RGB('',0.980392217636108,0.517647087574005,0.168627455830574);
#4179=AXIS2_PLACEMENT_3D('',#5221,#5222,#5223);
#4180=AXIS2_PLACEMENT_3D('',#5224,#5225,#5226);
#4181=COLOUR_RGB('',0.980392217636108,0.517647087574005,0.168627455830574);
#4182=CARTESIAN_POINT('',(4.92050844513869E-13,8.64858396785202,9.96602564102531));
#4183=AXIS2_PLACEMENT_3D('',#5227,#5228,#5229);
#4184=CARTESIAN_POINT('',(4.15000000000049,8.64858396785202,9.96602564102531));
#4185=CARTESIAN_POINT('',(4.15000000000049,8.64858396785202,9.96602564102531));
#4186=VECTOR('',#5230,1.0);
#4187=AXIS2_PLACEMENT_3D('',#5231,#5232,#5233);
#4188=COLOUR_RGB('',0.980392217636108,0.517647087574005,0.168627455830574);
#4189=CARTESIAN_POINT('',(4.92050844513869E-13,7.80616698847581,6.84999999999977));
#4190=AXIS2_PLACEMENT_3D('',#5234,#5235,#5236);
#4191=CARTESIAN_POINT('',(4.15000000000049,7.80616698847581,6.84999999999977));
#4192=CARTESIAN_POINT('',(4.15000000000049,7.80616698847581,6.84999999999977));
#4193=VECTOR('',#5237,1.0);
#4194=AXIS2_PLACEMENT_3D('',#5238,#5239,#5240);
#4195=COLOUR_RGB('',0.980392217636108,0.517647087574005,0.168627455830574);
#4196=CARTESIAN_POINT('',(1.09999999999999,3.20763330634519,2.34999999999976));
#4197=CARTESIAN_POINT('',(4.15000000000049,3.20763330634519,2.34999999999976));
#4198=CARTESIAN_POINT('',(4.15000000000049,3.20763330634519,2.34999999999977));
#4199=VECTOR('',#5241,1.0);
#4200=CARTESIAN_POINT('',(1.1,20.9736113967685,2.34999999999977));
#4201=VECTOR('',#5242,1.0);
#4202=CARTESIAN_POINT('',(4.15000000000049,-9.05510077551558,2.34999999999976));
#4203=VECTOR('',#5243,1.0);
#4204=COLOUR_RGB('',0.980392217636108,0.517647087574005,0.168627455830574);
#4205=CARTESIAN_POINT('',(4.9915627187147E-13,33.5999999999907,6.85000000000653));
#4206=CARTESIAN_POINT('',(4.88498130835069E-13,-8.50257025145251,6.84999999999976));
#4207=VECTOR('',#5244,1.0);
#4208=CARTESIAN_POINT('',(4.1500000000005,33.5999999999907,6.85000000000653));
#4209=CARTESIAN_POINT('',(4.1500000000005,33.5999999999907,6.84999999999977));
#4210=VECTOR('',#5245,1.0);
#4211=CARTESIAN_POINT('',(4.15000000000049,-8.50257025145251,6.84999999999977));
#4212=VECTOR('',#5246,1.0);
#4213=COLOUR_RGB('',0.980392217636108,0.517647087574005,0.168627455830574);
#4214=CARTESIAN_POINT('',(4.9915627187147E-13,33.7999999999905,7.05000000000604));
#4215=AXIS2_PLACEMENT_3D('',#5247,#5248,#5249);
#4216=CARTESIAN_POINT('',(4.1500000000005,33.7999999999905,7.05000000000604));
#4217=CARTESIAN_POINT('',(4.1500000000005,33.7999999999905,7.05000000000604));
#4218=VECTOR('',#5250,1.0);
#4219=AXIS2_PLACEMENT_3D('',#5251,#5252,#5253);
#4220=COLOUR_RGB('',0.980392217636108,0.517647087574005,0.168627455830574);
#4221=CARTESIAN_POINT('',(5.00044450291171E-13,39.2139895394442,7.05000000000605));
#4222=CARTESIAN_POINT('',(4.88498130835069E-13,-8.47801333927116,7.05000000000604));
#4223=VECTOR('',#5254,1.0);
#4224=CARTESIAN_POINT('',(4.1500000000005,39.2139895394442,7.05000000000588));
#4225=CARTESIAN_POINT('',(4.1500000000005,39.213989539444,7.05000000000605));
#4226=VECTOR('',#5255,1.0);
#4227=CARTESIAN_POINT('',(4.15000000000049,-8.47801333927116,7.05000000000604));
#4228=VECTOR('',#5256,1.0);
#4229=COLOUR_RGB('',0.980392217636108,0.517647087574005,0.168627455830574);
#4230=CARTESIAN_POINT('',(5.00932628710871E-13,41.4999999999907,6.85000000000641));
#4231=CARTESIAN_POINT('',(4.87609952415369E-13,-7.9711385602756,11.1781637957489));
#4232=VECTOR('',#5257,1.0);
#4233=CARTESIAN_POINT('',(4.1500000000005,41.4999999999907,6.85000000000644));
#4234=CARTESIAN_POINT('',(4.1500000000005,41.4999999999907,6.85000000000644));
#4235=VECTOR('',#5258,1.0);
#4236=CARTESIAN_POINT('',(4.15000000000049,-7.9711385602756,11.1781637957489));
#4237=VECTOR('',#5259,1.0);
#4238=COLOUR_RGB('',0.980392217636108,0.517647087574005,0.168627455830574);
#4239=CARTESIAN_POINT('',(5.00932628710871E-13,41.4999999999907,5.7500000000057));
#4240=CARTESIAN_POINT('',(5.00044450291171E-13,41.4999999999906,11.4883711980723));
#4241=VECTOR('',#5260,1.0);
#4242=CARTESIAN_POINT('',(4.1500000000005,41.4999999999907,5.7500000000057));
#4243=CARTESIAN_POINT('',(4.1500000000005,41.4999999999907,5.7500000000057));
#4244=VECTOR('',#5261,1.0);
#4245=CARTESIAN_POINT('',(4.1500000000005,41.4999999999906,11.4883711980723));
#4246=VECTOR('',#5262,1.0);
#4247=COLOUR_RGB('',0.980392217636108,0.517647087574005,0.168627455830574);
#4248=CARTESIAN_POINT('',(5.00932628710871E-13,40.2022758663956,5.40227586641055));
#4249=CARTESIAN_POINT('',(4.90274487674469E-13,-10.3432783677118,-8.14136457160076));
#4250=VECTOR('',#5263,1.0);
#4251=CARTESIAN_POINT('',(4.1500000000005,40.2022758663956,5.40227586641055));
#4252=CARTESIAN_POINT('',(4.1500000000005,40.2022758663956,5.40227586641054));
#4253=VECTOR('',#5264,1.0);
#4254=CARTESIAN_POINT('',(4.15000000000049,-10.3432783677118,-8.14136457160076));
#4255=VECTOR('',#5265,1.0);
#4256=COLOUR_RGB('',0.980392217636108,0.517647087574005,0.168627455830574);
#4257=CARTESIAN_POINT('',(4.89386309254769E-13,0.999999999999773,16.6237071950112));
#4258=CARTESIAN_POINT('',(4.15000000000049,0.999999999999776,16.6237071950112));
#4259=CARTESIAN_POINT('',(-0.415002399999534,0.999999999999773,16.6237071950112));
#4260=VECTOR('',#5266,1.0);
#4261=CARTESIAN_POINT('',(4.89386309254769E-13,0.99999999999978,12.8500000000001));
#4262=CARTESIAN_POINT('',(4.90274487674469E-13,0.99999999999978,7.40000000000275));
#4263=VECTOR('',#5267,1.0);
#4264=CARTESIAN_POINT('',(4.15000000000049,0.99999999999978,12.8500000000001));
#4265=CARTESIAN_POINT('',(4.15000000000049,0.99999999999978,12.8500000000001));
#4266=VECTOR('',#5268,1.0);
#4267=CARTESIAN_POINT('',(4.15000000000049,0.99999999999978,7.40000000000275));
#4268=VECTOR('',#5269,1.0);
#4269=COLOUR_RGB('',0.980392217636108,0.517647087574005,0.168627455830574);
#4270=CARTESIAN_POINT('',(5.00932628710871E-13,38.8499999999907,4.05000000000559));
#4271=CARTESIAN_POINT('',(5.00932628710871E-13,45.7647283947379,10.9647283947531));
#4272=VECTOR('',#5270,1.0);
#4273=CARTESIAN_POINT('',(4.1500000000005,38.8499999999907,4.05000000000559));
#4274=CARTESIAN_POINT('',(4.1500000000005,38.8499999999907,4.05000000000559));
#4275=VECTOR('',#5271,1.0);
#4276=CARTESIAN_POINT('',(4.1500000000005,45.7647283947379,10.9647283947531));
#4277=VECTOR('',#5272,1.0);
#4278=COLOUR_RGB('',0.980392217636108,0.517647087574005,0.168627455830574);
#4279=CARTESIAN_POINT('',(4.15000000000049,4.17272727271251,9.4923779914682));
#4280=CARTESIAN_POINT('',(4.91162666094169E-13,4.17272727271251,9.4923779914682));
#4281=CARTESIAN_POINT('',(4.15000000000049,4.17272727271251,9.4923779914682));
#4282=VECTOR('',#5273,1.0);
#4283=AXIS2_PLACEMENT_3D('',#5274,#5275,#5276);
#4284=AXIS2_PLACEMENT_3D('',#5277,#5278,#5279);
#4285=AXIS2_PLACEMENT_3D('',#5280,#5281,#5282);
#4286=COLOUR_RGB('',0.980392217636108,0.517647087574005,0.168627455830574);
#4287=CARTESIAN_POINT('',(5.00932628710871E-13,38.8499999999907,2.39999999999715));
#4288=CARTESIAN_POINT('',(4.9915627187147E-13,38.8499999999905,11.813750284465));
#4289=VECTOR('',#5283,1.0);
#4290=CARTESIAN_POINT('',(4.1500000000005,38.8499999999907,2.39999999999715));
#4291=CARTESIAN_POINT('',(4.1500000000005,38.8499999999907,2.39999999999715));
#4292=VECTOR('',#5284,1.0);
#4293=CARTESIAN_POINT('',(4.1500000000005,38.8499999999905,11.813750284465));
#4294=VECTOR('',#5285,1.0);
#4295=COLOUR_RGB('',0.980392217636108,0.517647087574005,0.168627455830574);
#4296=CARTESIAN_POINT('',(0.500000000000011,1.51533961303491,17.5809786405305));
#4297=CARTESIAN_POINT('',(0.500000000000005,11.7213210951228,23.7133509916302));
#4298=CARTESIAN_POINT('',(0.500000000000004,20.9736113967685,29.2726878696893));
#4299=VECTOR('',#5286,1.0);
#4300=CARTESIAN_POINT('',(3.65000000000052,1.51533961303489,17.5809786405305));
#4301=CARTESIAN_POINT('',(-0.415002399999534,1.5153396130349,17.5809786405305));
#4302=VECTOR('',#5287,1.0);
#4303=CARTESIAN_POINT('',(3.65000000000051,11.5638795284316,23.6187505544076));
#4304=CARTESIAN_POINT('',(3.65000000000051,20.9736113967685,29.2726878696893));
#4305=VECTOR('',#5288,1.0);
#4306=CARTESIAN_POINT('',(3.40000000000151,13.2801668219377,24.6500000000109));
#4307=CARTESIAN_POINT('',(2.58503836752474,18.8750000000195,28.0117149267428));
#4308=VECTOR('',#5289,1.0);
#4309=CARTESIAN_POINT('',(2.77500000000101,13.2801668219376,24.6500000000108));
#4310=VECTOR('',#5290,1.0);
#4311=CARTESIAN_POINT('',(4.63017844143765,18.8750000000195,28.0117149267428));
#4312=VECTOR('',#5291,1.0);
#4313=COLOUR_RGB('',0.980392217636108,0.517647087574005,0.168627455830574);
#4314=CARTESIAN_POINT('',(5.01820807130571E-13,40.5304980916928,-1.06226138996135E-12));
#4315=CARTESIAN_POINT('',(4.9737991503207E-13,31.6384066966282,12.6992226016286));
#4316=VECTOR('',#5292,1.0);
#4317=CARTESIAN_POINT('',(4.1500000000005,40.5304980916928,-1.06137321154165E-12));
#4318=CARTESIAN_POINT('',(4.1500000000005,40.5304980916928,-1.06048503312195E-12));
#4319=VECTOR('',#5293,1.0);
#4320=CARTESIAN_POINT('',(4.1500000000005,31.6384066966282,12.6992226016286));
#4321=VECTOR('',#5294,1.0);
#4322=COLOUR_RGB('',0.980392217636108,0.517647087574005,0.168627455830574);
#4323=AXIS2_PLACEMENT_3D('',#5295,#5296,#5297);
#4324=COLOUR_RGB('',0.980392217636108,0.517647087574005,0.168627455830574);
#4325=CARTESIAN_POINT('',(5.01820807130571E-13,41.5999999999998,-1.03916875104915E-12));
#4326=CARTESIAN_POINT('',(4.89386309254769E-13,-9.34364449363764,-2.1360690993788E-12));
#4327=VECTOR('',#5298,1.0);
#4328=CARTESIAN_POINT('',(4.1500000000005,41.5999999999998,-1.03828057262945E-12));
#4329=CARTESIAN_POINT('',(4.1500000000005,41.5999999999999,-1.03739239420975E-12));
#4330=VECTOR('',#5299,1.0);
#4331=CARTESIAN_POINT('',(4.15000000000049,-9.34364449363764,-2.1351809209591E-12));
#4332=VECTOR('',#5300,1.0);
#4333=COLOUR_RGB('',0.980392217636108,0.517647087574005,0.168627455830574);
#4334=CARTESIAN_POINT('',(4.87609952415369E-13,-7.76586288603504,12.8500000000001));
#4335=VECTOR('',#5301,1.0);
#4336=CARTESIAN_POINT('',(4.1500000000005,20.9736113967685,12.8500000000001));
#4337=VECTOR('',#5302,1.0);
#4338=COLOUR_RGB('',0.980392217636108,0.517647087574005,0.168627455830574);
#4339=CARTESIAN_POINT('',(5.02708985550271E-13,47.9999999999997,6.39999999999908));
#4340=CARTESIAN_POINT('',(5.02708985550271E-13,51.8210995248747,10.2210995248742));
#4341=VECTOR('',#5303,1.0);
#4342=CARTESIAN_POINT('',(4.1500000000005,47.9999999999997,6.39999999999908));
#4343=CARTESIAN_POINT('',(4.1500000000005,47.9999999999997,6.39999999999909));
#4344=VECTOR('',#5304,1.0);
#4345=CARTESIAN_POINT('',(4.1500000000005,51.8210995248747,10.2210995248742));
#4346=VECTOR('',#5305,1.0);
#4347=COLOUR_RGB('',0.980392217636108,0.517647087574005,0.168627455830574);
#4348=CARTESIAN_POINT('',(4.1500000000005,45.7999999999995,36.4500000000094));
#4349=CARTESIAN_POINT('',(4.9649173661237E-13,45.7999999999995,36.4500000000094));
#4350=CARTESIAN_POINT('',(4.1500000000005,45.7999999999995,36.4500000000094));
#4351=VECTOR('',#5306,1.0);
#4352=CARTESIAN_POINT('',(4.9649173661237E-13,45.7999999999995,37.6500000000088));
#4353=CARTESIAN_POINT('',(5.00932628710871E-13,45.7999999999995,10.9603975861887));
#4354=VECTOR('',#5307,1.0);
#4355=CARTESIAN_POINT('',(4.1500000000005,45.7999999999995,37.6500000000088));
#4356=CARTESIAN_POINT('',(4.1500000000005,45.7999999999995,37.6500000000088));
#4357=VECTOR('',#5308,1.0);
#4358=CARTESIAN_POINT('',(4.1500000000005,45.7999999999995,10.9603975861887));
#4359=VECTOR('',#5309,1.0);
#4360=COLOUR_RGB('',0.980392217636108,0.517647087574005,0.168627455830574);
#4361=CARTESIAN_POINT('',(0.825000000000973,23.1500000000419,40.3500000000106));
#4362=CARTESIAN_POINT('',(3.32500000000097,23.1500000000414,40.3500000000106));
#4363=CARTESIAN_POINT('',(4.15000000000049,23.1500000000412,40.3500000000106));
#4364=VECTOR('',#5310,1.0);
#4365=CARTESIAN_POINT('',(0.825000000000977,23.1500000000419,28.3500000000108));
#4366=CARTESIAN_POINT('',(0.825000000000977,23.1500000000419,28.3500000000108));
#4367=VECTOR('',#5311,1.0);
#4368=CARTESIAN_POINT('',(3.32500000000098,23.1500000000414,28.3500000000108));
#4369=CARTESIAN_POINT('',(4.65000000002122,23.1500000000411,28.3500000000108));
#4370=VECTOR('',#5312,1.0);
#4371=CARTESIAN_POINT('',(3.32500000000098,23.1500000000414,28.3500000000108));
#4372=VECTOR('',#5313,1.0);
#4373=COLOUR_RGB('',0.980392217636108,0.517647087574005,0.168627455830574);
#4374=CARTESIAN_POINT('',(3.65000000000051,2.44343916939513,36.102332835474));
#4375=CARTESIAN_POINT('',(0.500000000000002,2.44343916939513,36.102332835474));
#4376=CARTESIAN_POINT('',(4.15000000000049,2.44343916939514,36.102332835474));
#4377=VECTOR('',#5314,1.0);
#4378=CARTESIAN_POINT('',(0.500000000000004,11.7213210951228,28.0371931224116));
#4379=CARTESIAN_POINT('',(0.500000000000005,18.8750000000195,21.8185949237872));
#4380=VECTOR('',#5315,1.0);
#4381=CARTESIAN_POINT('',(0.956409970316401,12.5118463527919,27.3500000000108));
#4382=CARTESIAN_POINT('',(4.63017844143765,18.8750000000195,21.8185949237872));
#4383=VECTOR('',#5316,1.0);
#4384=CARTESIAN_POINT('',(3.51191606324596,12.5118463527919,27.3500000000109));
#4385=CARTESIAN_POINT('',(2.77500000000101,12.5118463527919,27.3500000000109));
#4386=VECTOR('',#5317,1.0);
#4387=CARTESIAN_POINT('',(3.65000000000051,11.5638795284316,28.1740549883173));
#4388=CARTESIAN_POINT('',(2.58503836752475,18.8750000000195,21.8185949237872));
#4389=VECTOR('',#5318,1.0);
#4390=CARTESIAN_POINT('',(3.65000000000051,18.8750000000195,21.8185949237872));
#4391=VECTOR('',#5319,1.0);
#4392=COLOUR_RGB('',0.980392217636108,0.517647087574005,0.168627455830574);
#4393=CARTESIAN_POINT('',(0.500000000000002,43.7499999999994,31.3152050640351));
#4394=CARTESIAN_POINT('',(0.500000000000003,45.0159356899765,35.3302401184924));
#4395=AXIS2_PLACEMENT_3D('',#5320,#5321,#5322);
#4396=CARTESIAN_POINT('',(4.9737991503207E-13,43.7499999999994,31.3152050640351));
#4397=CARTESIAN_POINT('',(-0.415002399999537,43.7499999999994,31.3152050640351));
#4398=VECTOR('',#5323,1.0);
#4399=CARTESIAN_POINT('',(4.9649173661237E-13,45.0159356899765,35.3302401184924));
#4400=AXIS2_PLACEMENT_3D('',#5324,#5325,#5326);
#4401=CARTESIAN_POINT('',(-0.415002399999538,45.0159356899765,35.3302401184924));
#4402=VECTOR('',#5327,1.0);
#4403=COLOUR_RGB('',0.980392217636108,0.517647087574005,0.168627455830574);
#4404=CARTESIAN_POINT('',(3.65000000000051,46.484660386964,17.5809786405306));
#4405=CARTESIAN_POINT('',(0.5,46.484660386964,17.5809786405306));
#4406=CARTESIAN_POINT('',(-0.415002399999534,46.484660386964,17.5809786405306));
#4407=VECTOR('',#5328,1.0);
#4408=CARTESIAN_POINT('',(3.65000000000051,44.3084189241669,23.6955626286181));
#4409=AXIS2_PLACEMENT_3D('',#5329,#5330,#5331);
#4410=CARTESIAN_POINT('',(4.1500000000005,44.3084189241669,23.6955626286181));
#4411=CARTESIAN_POINT('',(-0.415002399999536,44.3084189241669,23.6955626286181));
#4412=VECTOR('',#5332,1.0);
#4413=CARTESIAN_POINT('',(4.1500000000005,47.9999999999997,15.0059154632466));
#4414=AXIS2_PLACEMENT_3D('',#5333,#5334,#5335);
#4415=CARTESIAN_POINT('',(5.00932628710871E-13,47.9999999999997,15.0059154632466));
#4416=CARTESIAN_POINT('',(-0.415002399999533,47.9999999999997,15.0059154632466));
#4417=VECTOR('',#5336,1.0);
#4418=CARTESIAN_POINT('',(4.9737991503207E-13,43.7500000000011,28.9500002306289));
#4419=AXIS2_PLACEMENT_3D('',#5337,#5338,#5339);
#4420=CARTESIAN_POINT('',(0.499999999999997,43.7500000000011,28.9500002306289));
#4421=CARTESIAN_POINT('',(-0.415002399999537,43.7499999999994,28.9500002306289));
#4422=VECTOR('',#5340,1.0);
#4423=AXIS2_PLACEMENT_3D('',#5341,#5342,#5343);
#4424=COLOUR_RGB('',0.980392217636108,0.517647087574005,0.168627455830574);
#4425=CARTESIAN_POINT('',(3.65000000000051,4.24999999999954,31.3152050640351));
#4426=CARTESIAN_POINT('',(3.65000000000051,2.98406431002246,35.3302401184924));
#4427=AXIS2_PLACEMENT_3D('',#5344,#5345,#5346);
#4428=CARTESIAN_POINT('',(3.65000000000052,22.5410289849962,7.40000000000275));
#4429=VECTOR('',#5347,1.0);
#4430=CARTESIAN_POINT('',(3.65000000000051,11.5638795284316,12.1101374224349));
#4431=VECTOR('',#5348,1.0);
#4432=CARTESIAN_POINT('',(3.65000000000051,3.69158107583201,23.6955626286181));
#4433=AXIS2_PLACEMENT_3D('',#5349,#5350,#5351);
#4434=CARTESIAN_POINT('',(3.65000000000051,8.00000000001928,24.8500000000091));
#4435=CARTESIAN_POINT('',(3.65000000000051,20.9736113967685,28.3262686966832));
#4436=VECTOR('',#5352,1.0);
#4437=CARTESIAN_POINT('',(3.65000000000051,8.00000000001928,27.9500000000091));
#4438=CARTESIAN_POINT('',(3.65000000000052,8.00000000001928,7.40000000000275));
#4439=VECTOR('',#5353,1.0);
#4440=CARTESIAN_POINT('',(3.65000000000051,4.24999999999954,28.954809471631));
#4441=CARTESIAN_POINT('',(3.65000000000051,20.9736113967685,24.4737313033349));
#4442=VECTOR('',#5354,1.0);
#4443=CARTESIAN_POINT('',(3.65000000000052,4.24999999999955,7.40000000000275));
#4444=VECTOR('',#5355,1.0);
#4445=COLOUR_RGB('',0.980392217636108,0.517647087574005,0.168627455830574);
#4446=CARTESIAN_POINT('',(1.40000000000151,34.7198331780614,27.3500000000109));
#4447=CARTESIAN_POINT('',(0.9564099703164,35.4881536472071,27.3500000000109));
#4448=CARTESIAN_POINT('',(4.63017844143765,29.1249999999795,27.3500000000109));
#4449=VECTOR('',#5356,1.0);
#4450=CARTESIAN_POINT('',(1.40000000000151,34.7198331780614,24.6500000000108));
#4451=CARTESIAN_POINT('',(1.40000000000152,34.7198331780614,12.3208710041513));
#4452=VECTOR('',#5357,1.0);
#4453=CARTESIAN_POINT('',(0.500000000000004,36.2786789048762,23.7133509916302));
#4454=CARTESIAN_POINT('',(4.63017844143765,29.1249999999795,28.0117149267428));
#4455=VECTOR('',#5358,1.0);
#4456=CARTESIAN_POINT('',(0.500000000000004,36.2786789048762,28.0371931224116));
#4457=CARTESIAN_POINT('',(0.500000000000004,36.2786789048762,25.925000000014));
#4458=VECTOR('',#5359,1.0);
#4459=CARTESIAN_POINT('',(4.63017844143765,29.1249999999795,21.8185949237872));
#4460=VECTOR('',#5360,1.0);
#4461=COLOUR_RGB('',0.980392217636108,0.517647087574005,0.168627455830574);
#4462=CARTESIAN_POINT('',(3.65000000000051,36.4361204715674,23.6187505544076));
#4463=CARTESIAN_POINT('',(3.65000000000051,20.9736113967685,32.9095633287931));
#4464=VECTOR('',#5361,1.0);
#4465=CARTESIAN_POINT('',(3.65000000000051,36.4361204715674,28.1740549883173));
#4466=CARTESIAN_POINT('',(3.65000000000051,36.4361204715674,12.1101374224349));
#4467=VECTOR('',#5362,1.0);
#4468=CARTESIAN_POINT('',(3.65000000000051,45.5565608306038,36.1023328354741));
#4469=CARTESIAN_POINT('',(3.65000000000051,29.1249999999795,21.8185949237872));
#4470=VECTOR('',#5363,1.0);
#4471=CARTESIAN_POINT('',(3.65000000000051,45.0159356899766,35.3302401184926));
#4472=CARTESIAN_POINT('',(3.65000000000052,25.4589710150027,7.40000000000275));
#4473=VECTOR('',#5364,1.0);
#4474=CARTESIAN_POINT('',(3.65000000000051,43.7499999999994,31.3152050640351));
#4475=AXIS2_PLACEMENT_3D('',#5365,#5366,#5367);
#4476=CARTESIAN_POINT('',(3.65000000000051,43.7499999999994,28.954809471631));
#4477=CARTESIAN_POINT('',(3.65000000000052,43.7499999999994,7.40000000000275));
#4478=VECTOR('',#5368,1.0);
#4479=CARTESIAN_POINT('',(3.65000000000051,39.9999999999797,27.9500000000091));
#4480=CARTESIAN_POINT('',(3.65000000000051,29.1249999999795,25.0360525323205));
#4481=VECTOR('',#5369,1.0);
#4482=CARTESIAN_POINT('',(3.65000000000051,39.9999999999797,24.8500000000091));
#4483=CARTESIAN_POINT('',(3.65000000000051,39.9999999999797,25.925000000014));
#4484=VECTOR('',#5370,1.0);
#4485=CARTESIAN_POINT('',(3.65000000000051,20.9736113967685,29.9481054611202));
#4486=VECTOR('',#5371,1.0);
#4487=COLOUR_RGB('',0.980392217636108,0.517647087574005,0.168627455830574);
#4488=CARTESIAN_POINT('',(0.500000000000002,20.9736113967685,32.9095633287931));
#4489=VECTOR('',#5372,1.0);
#4490=CARTESIAN_POINT('',(3.40000000000151,34.7198331780614,24.6500000000108));
#4491=CARTESIAN_POINT('',(2.77500000000101,34.7198331780614,24.6500000000109));
#4492=VECTOR('',#5373,1.0);
#4493=CARTESIAN_POINT('',(2.58503836752474,29.1249999999795,28.0117149267428));
#4494=VECTOR('',#5374,1.0);
#4495=COLOUR_RGB('',0.980392217636108,0.517647087574005,0.168627455830574);
#4496=CARTESIAN_POINT('',(3.40000000000151,13.2801668219376,27.3500000000109));
#4497=CARTESIAN_POINT('',(3.40000000000151,13.2801668219377,25.925000000014));
#4498=VECTOR('',#5375,1.0);
#4499=CARTESIAN_POINT('',(2.58503836752474,18.8750000000195,27.3500000000109));
#4500=VECTOR('',#5376,1.0);
#4501=COLOUR_RGB('',0.980392217636108,0.517647087574005,0.168627455830574);
#4502=CARTESIAN_POINT('',(4.1500000000005,47.9999999999997,7.40000000000275));
#4503=VECTOR('',#5377,1.0);
#4504=CARTESIAN_POINT('',(5.01820807130571E-13,47.9999999999997,7.40000000000275));
#4505=VECTOR('',#5378,1.0);
#4506=COLOUR_RGB('',0.980392217636108,0.517647087574005,0.168627455830574);
#4507=CARTESIAN_POINT('',(0.500000000000004,11.7213210951228,25.925000000014));
#4508=VECTOR('',#5379,1.0);
#4509=CARTESIAN_POINT('',(0.500000000000004,2.98406431002247,35.3302401184924));
#4510=CARTESIAN_POINT('',(0.500000000000008,22.5410289849962,7.40000000000275));
#4511=VECTOR('',#5380,1.0);
#4512=CARTESIAN_POINT('',(0.500000000000005,4.24999999999954,31.3152050640351));
#4513=AXIS2_PLACEMENT_3D('',#5381,#5382,#5383);
#4514=CARTESIAN_POINT('',(0.50000000000001,4.24999999999785,28.9500002306289));
#4515=CARTESIAN_POINT('',(0.500000000000008,4.24999999999955,7.40000000000275));
#4516=VECTOR('',#5384,1.0);
#4517=AXIS2_PLACEMENT_3D('',#5385,#5386,#5387);
#4518=COLOUR_RGB('',0.980392217636108,0.517647087574005,0.168627455830574);
#4519=AXIS2_PLACEMENT_3D('',#5388,#5389,#5390);
#4520=AXIS2_PLACEMENT_3D('',#5391,#5392,#5393);
#4521=COLOUR_RGB('',0.980392217636108,0.517647087574005,0.168627455830574);
#4522=CARTESIAN_POINT('',(4.1500000000005,45.0159356899766,35.3302401184926));
#4523=CARTESIAN_POINT('',(4.1500030000005,45.0159356899766,35.3302401184926));
#4524=VECTOR('',#5394,1.0);
#4525=CARTESIAN_POINT('',(0.500000000000004,45.5565608306038,36.1023328354741));
#4526=CARTESIAN_POINT('',(4.1500000000005,45.5565608306038,36.102332835474));
#4527=VECTOR('',#5395,1.0);
#4528=CARTESIAN_POINT('',(0.500000000000007,25.4589710150027,7.40000000000275));
#4529=VECTOR('',#5396,1.0);
#4530=CARTESIAN_POINT('',(4.9649173661237E-13,25.4589710150027,7.40000000000275));
#4531=VECTOR('',#5397,1.0);
#4532=CARTESIAN_POINT('',(4.1500000000005,25.4589710150027,7.40000000000275));
#4533=VECTOR('',#5398,1.0);
#4534=COLOUR_RGB('',0.980392217636108,0.517647087574005,0.168627455830574);
#4535=CARTESIAN_POINT('',(1.40000000000151,34.2249999999837,27.3500000000109));
#4536=CARTESIAN_POINT('',(1.40000000000151,29.1249999999795,27.3500000000109));
#4537=VECTOR('',#5399,1.0);
#4538=CARTESIAN_POINT('',(1.40000000000151,34.2249999999837,24.6500000000109));
#4539=CARTESIAN_POINT('',(1.40000000000152,34.2249999999837,7.40000000000275));
#4540=VECTOR('',#5400,1.0);
#4541=CARTESIAN_POINT('',(1.40000000000151,29.1249999999795,24.6500000000109));
#4542=VECTOR('',#5401,1.0);
#4543=COLOUR_RGB('',0.980392217636108,0.517647087574005,0.168627455830574);
#4544=CARTESIAN_POINT('',(0.500000000000007,43.7499999999994,7.40000000000275));
#4545=VECTOR('',#5402,1.0);
#4546=CARTESIAN_POINT('',(5.00932628710871E-13,43.7499999999994,7.40000000000275));
#4547=VECTOR('',#5403,1.0);
#4548=COLOUR_RGB('',0.980392217636108,0.517647087574005,0.168627455830574);
#4549=CARTESIAN_POINT('',(3.40000000000151,29.1249999999795,24.6500000000108));
#4550=CARTESIAN_POINT('',(1.40000000000151,29.1249999999795,24.6500000000108));
#4551=CARTESIAN_POINT('',(2.77500000000101,29.1249999999795,24.6500000000108));
#4552=VECTOR('',#5404,1.0);
#4553=CARTESIAN_POINT('',(1.40000000000151,29.1249999999795,27.3500000000109));
#4554=CARTESIAN_POINT('',(1.40000000000151,29.1249999999795,25.925000000014));
#4555=VECTOR('',#5405,1.0);
#4556=CARTESIAN_POINT('',(3.40000000000151,29.1249999999795,27.3500000000109));
#4557=CARTESIAN_POINT('',(2.77500000000101,29.1249999999795,27.3500000000109));
#4558=VECTOR('',#5406,1.0);
#4559=CARTESIAN_POINT('',(3.40000000000151,29.1249999999795,25.925000000014));
#4560=VECTOR('',#5407,1.0);
#4561=COLOUR_RGB('',0.980392217636108,0.517647087574005,0.168627455830574);
#4562=CARTESIAN_POINT('',(4.9560355819267E-13,44.2082245717676,39.2417754282407));
#4563=CARTESIAN_POINT('',(4.77839989798667E-13,0.804007416155663,82.6459925838526));
#4564=VECTOR('',#5408,1.0);
#4565=CARTESIAN_POINT('',(4.1500000000005,44.2082245717676,39.2417754282407));
#4566=CARTESIAN_POINT('',(4.1500000000005,44.2082245717676,39.2417754282407));
#4567=VECTOR('',#5409,1.0);
#4568=CARTESIAN_POINT('',(4.15000000000048,0.804007416155663,82.6459925838526));
#4569=VECTOR('',#5410,1.0);
#4570=COLOUR_RGB('',0.980392217636108,0.517647087574005,0.168627455830574);
#4571=CARTESIAN_POINT('',(0.500000000000005,29.1249999999795,21.8185949237872));
#4572=VECTOR('',#5411,1.0);
#4573=COLOUR_RGB('',0.980392217636108,0.517647087574005,0.168627455830574);
#4574=CARTESIAN_POINT('',(4.9560355819267E-13,42.0656536597914,38.4074267914219));
#4575=CARTESIAN_POINT('',(4.86721773995669E-13,-6.9725224283282,19.3112395228926));
#4576=VECTOR('',#5412,1.0);
#4577=CARTESIAN_POINT('',(4.1500000000005,42.0656536597914,38.4074267914219));
#4578=CARTESIAN_POINT('',(4.1500000000005,42.0656536597914,38.407426791422));
#4579=VECTOR('',#5413,1.0);
#4580=CARTESIAN_POINT('',(4.15000000000049,-6.9725224283282,19.3112395228926));
#4581=VECTOR('',#5414,1.0);
#4582=COLOUR_RGB('',0.980392217636108,0.517647087574005,0.168627455830574);
#4583=CARTESIAN_POINT('',(3.51191606324596,35.4881536472071,27.3500000000109));
#4584=CARTESIAN_POINT('',(3.40000000000151,34.7198331780613,27.3500000000109));
#4585=CARTESIAN_POINT('',(2.58503836752474,29.1249999999795,27.3500000000109));
#4586=VECTOR('',#5415,1.0);
#4587=CARTESIAN_POINT('',(2.58503836752475,29.1249999999795,21.8185949237872));
#4588=VECTOR('',#5416,1.0);
#4589=CARTESIAN_POINT('',(3.40000000000151,34.7198331780613,25.925000000014));
#4590=VECTOR('',#5417,1.0);
#4591=COLOUR_RGB('',0.980392217636108,0.517647087574005,0.168627455830574);
#4592=CARTESIAN_POINT('',(4.9560355819267E-13,42.4389342456468,38.0341462055666));
#4593=CARTESIAN_POINT('',(4.78728168218368E-13,0.478459869128368,79.994620582085));
#4594=VECTOR('',#5418,1.0);
#4595=CARTESIAN_POINT('',(4.1500000000005,42.4389342456468,38.0341462055666));
#4596=CARTESIAN_POINT('',(4.1500000000005,42.4389342456468,38.0341462055666));
#4597=VECTOR('',#5419,1.0);
#4598=CARTESIAN_POINT('',(4.15000000000048,0.478459869128368,79.994620582085));
#4599=VECTOR('',#5420,1.0);
#4600=COLOUR_RGB('',0.980392217636108,0.517647087574005,0.168627455830574);
#4601=CARTESIAN_POINT('',(4.9560355819267E-13,41.6823299897774,37.2775419496972));
#4602=CARTESIAN_POINT('',(4.9382720135327E-13,18.6934513053364,14.2886632652561));
#4603=VECTOR('',#5421,1.0);
#4604=CARTESIAN_POINT('',(4.1500000000005,41.6823299897774,37.2775419496972));
#4605=CARTESIAN_POINT('',(4.1500000000005,41.6823299897774,37.2775419496972));
#4606=VECTOR('',#5422,1.0);
#4607=CARTESIAN_POINT('',(4.15000000000049,18.6934513053364,14.2886632652561));
#4608=VECTOR('',#5423,1.0);
#4609=COLOUR_RGB('',0.980392217636108,0.517647087574005,0.168627455830574);
#4610=CARTESIAN_POINT('',(4.9382720135327E-13,37.2098795987722,41.749992340702));
#4611=CARTESIAN_POINT('',(4.78728168218368E-13,0.312979643323011,78.6468922961467));
#4612=VECTOR('',#5424,1.0);
#4613=CARTESIAN_POINT('',(4.15000000000049,37.2098795987722,41.749992340702));
#4614=CARTESIAN_POINT('',(4.15000000000049,37.2098795987722,41.7499923407019));
#4615=VECTOR('',#5425,1.0);
#4616=CARTESIAN_POINT('',(4.15000000000048,0.312979643323011,78.6468922961467));
#4617=VECTOR('',#5426,1.0);
#4618=COLOUR_RGB('',0.980392217636108,0.517647087574005,0.168627455830574);
#4619=CARTESIAN_POINT('',(4.9382720135327E-13,37.9664838546419,42.5065965965716));
#4620=CARTESIAN_POINT('',(4.92050844513869E-13,10.7267397085748,15.2668524505045));
#4621=VECTOR('',#5427,1.0);
#4622=CARTESIAN_POINT('',(4.15000000000049,37.9664838546418,42.5065965965715));
#4623=CARTESIAN_POINT('',(4.15000000000049,37.9664838546418,42.5065965965716));
#4624=VECTOR('',#5428,1.0);
#4625=CARTESIAN_POINT('',(4.15000000000049,10.7267397085748,15.2668524505045));
#4626=VECTOR('',#5429,1.0);
#4627=COLOUR_RGB('',0.980392217636108,0.517647087574005,0.168627455830574);
#4628=CARTESIAN_POINT('',(4.9382720135327E-13,38.339764440497,42.1333160107163));
#4629=CARTESIAN_POINT('',(4.78728168218368E-13,0.478459869128361,79.9946205820849));
#4630=VECTOR('',#5430,1.0);
#4631=CARTESIAN_POINT('',(4.15000000000049,38.339764440497,42.1333160107163));
#4632=CARTESIAN_POINT('',(4.15000000000049,38.339764440497,42.1333160107163));
#4633=VECTOR('',#5431,1.0);
#4634=CARTESIAN_POINT('',(4.15000000000048,0.478459869128361,79.9946205820849));
#4635=VECTOR('',#5432,1.0);
#4636=COLOUR_RGB('',0.980392217636108,0.517647087574005,0.168627455830574);
#4637=CARTESIAN_POINT('',(3.40000000000151,34.2249999999837,24.6500000000108));
#4638=CARTESIAN_POINT('',(3.40000000000151,29.1249999999795,24.6500000000108));
#4639=VECTOR('',#5433,1.0);
#4640=CARTESIAN_POINT('',(3.40000000000151,34.2249999999837,27.3500000000109));
#4641=CARTESIAN_POINT('',(3.40000000000152,34.2249999999837,7.40000000000275));
#4642=VECTOR('',#5434,1.0);
#4643=CARTESIAN_POINT('',(3.40000000000151,29.1249999999795,27.3500000000109));
#4644=VECTOR('',#5435,1.0);
#4645=COLOUR_RGB('',0.980392217636108,0.517647087574005,0.168627455830574);
#4646=CARTESIAN_POINT('',(4.9382720135327E-13,39.1741130773148,44.275886922691));
#4647=CARTESIAN_POINT('',(4.9649173661237E-13,27.0949373655473,13.2570904884212));
#4648=VECTOR('',#5436,1.0);
#4649=CARTESIAN_POINT('',(4.15000000000049,39.1741130773149,44.275886922691));
#4650=CARTESIAN_POINT('',(4.15000000000049,39.1741130773148,44.275886922691));
#4651=VECTOR('',#5437,1.0);
#4652=CARTESIAN_POINT('',(4.1500000000005,27.0949373655473,13.2570904884212));
#4653=VECTOR('',#5438,1.0);
#4654=COLOUR_RGB('',0.980392217636108,0.517647087574005,0.168627455830574);
#4655=CARTESIAN_POINT('',(4.1500000000005,43.7499999999996,31.3152050640353));
#4656=CARTESIAN_POINT('',(4.56500540000055,43.7499999999994,31.3152050640351));
#4657=VECTOR('',#5439,1.0);
#4658=CARTESIAN_POINT('',(4.1500000000005,43.7499999999996,28.954809471631));
#4659=CARTESIAN_POINT('',(4.1500000000005,43.7499999999994,7.40000000000275));
#4660=VECTOR('',#5440,1.0);
#4661=CARTESIAN_POINT('',(4.1500000000005,43.7499999999994,28.954809471631));
#4662=VECTOR('',#5441,1.0);
#4663=COLOUR_RGB('',0.980392217636108,0.517647087574005,0.168627455830574);
#4664=CARTESIAN_POINT('',(4.9293902293357E-13,36.5999999999975,46.8500000000089));
#4665=CARTESIAN_POINT('',(4.77839989798667E-13,0.804007416156367,82.6459925838583));
#4666=VECTOR('',#5442,1.0);
#4667=CARTESIAN_POINT('',(4.15000000000049,36.5999999999975,46.8500000000089));
#4668=CARTESIAN_POINT('',(4.15000000000049,36.5999999999975,46.8500000000089));
#4669=VECTOR('',#5443,1.0);
#4670=CARTESIAN_POINT('',(4.15000000000048,0.804007416156367,82.6459925838583));
#4671=VECTOR('',#5444,1.0);
#4672=COLOUR_RGB('',0.980392217636108,0.517647087574005,0.168627455830574);
#4673=CARTESIAN_POINT('',(4.1500000000005,39.9999999999797,27.9500000000091));
#4674=CARTESIAN_POINT('',(2.77500000000101,39.9999999999797,27.9500000000091));
#4675=VECTOR('',#5445,1.0);
#4676=CARTESIAN_POINT('',(4.1500000000005,39.9999999999797,24.8500000000091));
#4677=CARTESIAN_POINT('',(4.1500000000005,39.9999999999797,7.40000000000275));
#4678=VECTOR('',#5446,1.0);
#4679=CARTESIAN_POINT('',(2.77500000000101,39.9999999999797,24.8500000000091));
#4680=VECTOR('',#5447,1.0);
#4681=COLOUR_RGB('',0.980392217636108,0.517647087574005,0.168627455830574);
#4682=CARTESIAN_POINT('',(4.91162666094169E-13,29.1999999999994,46.8500000000089));
#4683=CARTESIAN_POINT('',(4.83169060316868E-13,-3.59118781533521,46.8500000000089));
#4684=VECTOR('',#5448,1.0);
#4685=CARTESIAN_POINT('',(4.15000000000049,29.1999999999994,46.8500000000089));
#4686=CARTESIAN_POINT('',(4.15000000000049,29.1999999999994,46.8500000000089));
#4687=VECTOR('',#5449,1.0);
#4688=CARTESIAN_POINT('',(4.15000000000048,-3.59118781533521,46.8500000000089));
#4689=VECTOR('',#5450,1.0);
#4690=CARTESIAN_POINT('',(3.80000000000049,32.7635164806999,46.8500000000089));
#4691=CARTESIAN_POINT('',(3.80000000000049,20.9736113967685,46.8500000000089));
#4692=VECTOR('',#5451,1.0);
#4693=AXIS2_PLACEMENT_3D('',#5452,#5453,#5454);
#4694=COLOUR_RGB('',0.980392217636108,0.517647087574005,0.168627455830574);
#4695=CARTESIAN_POINT('',(4.1500000000005,34.2249999999837,24.6500000000108));
#4696=VECTOR('',#5455,1.0);
#4697=COLOUR_RGB('',0.980392217636108,0.517647087574005,0.168627455830574);
#4698=CARTESIAN_POINT('',(4.91162666094169E-13,27.9999999999738,43.5530270965932));
#4699=CARTESIAN_POINT('',(4.9382720135327E-13,17.4061710971006,14.4467214003833));
#4700=VECTOR('',#5456,1.0);
#4701=CARTESIAN_POINT('',(4.15000000000049,27.9999999999738,43.5530270965932));
#4702=CARTESIAN_POINT('',(4.15000000000049,27.9999999999738,43.5530270965932));
#4703=VECTOR('',#5457,1.0);
#4704=CARTESIAN_POINT('',(4.15000000000049,17.4061710971006,14.4467214003833));
#4705=VECTOR('',#5458,1.0);
#4706=COLOUR_RGB('',0.980392217636108,0.517647087574005,0.168627455830574);
#4707=CARTESIAN_POINT('',(4.15000000000049,20.9736113967685,22.8518945388979));
#4708=VECTOR('',#5459,1.0);
#4709=COLOUR_RGB('',0.980392217636108,0.517647087574005,0.168627455830574);
#4710=CARTESIAN_POINT('',(4.92050844513869E-13,27.9999999999738,40.3500000000106));
#4711=CARTESIAN_POINT('',(4.9649173661237E-13,27.9999999999738,13.1459627702635));
#4712=VECTOR('',#5460,1.0);
#4713=CARTESIAN_POINT('',(0.825000000017545,27.9999999999738,40.3500000000106));
#4714=CARTESIAN_POINT('',(4.15000000000049,27.9999999999738,40.3500000000106));
#4715=VECTOR('',#5461,1.0);
#4716=CARTESIAN_POINT('',(0.825000000017551,27.9999999999769,28.3500000000108));
#4717=CARTESIAN_POINT('',(0.825000000017551,27.9999999999769,28.3500000000108));
#4718=VECTOR('',#5462,1.0);
#4719=CARTESIAN_POINT('',(3.32500000000036,27.9999999999746,28.3500000000108));
#4720=CARTESIAN_POINT('',(4.65000000002196,27.9999999999734,28.3500000000108));
#4721=VECTOR('',#5463,1.0);
#4722=CARTESIAN_POINT('',(3.32500000000035,27.9999999999738,40.3500000000106));
#4723=CARTESIAN_POINT('',(3.32500000000036,27.9999999999746,28.3500000000108));
#4724=VECTOR('',#5464,1.0);
#4725=CARTESIAN_POINT('',(4.15000000000049,27.9999999999738,40.3500000000106));
#4726=CARTESIAN_POINT('',(4.15000000000049,27.9999999999738,40.3500000000106));
#4727=VECTOR('',#5465,1.0);
#4728=CARTESIAN_POINT('',(4.1500000000005,27.9999999999738,13.1459627702635));
#4729=VECTOR('',#5466,1.0);
#4730=COLOUR_RGB('',0.980392217636108,0.517647087574005,0.168627455830574);
#4731=CARTESIAN_POINT('',(4.90274487674469E-13,20.0000000000251,40.3500000000106));
#4732=CARTESIAN_POINT('',(4.9737991503207E-13,52.3892874612028,40.3500000000106));
#4733=VECTOR('',#5467,1.0);
#4734=CARTESIAN_POINT('',(0.825000000000354,20.0000000000221,40.3500000000106));
#4735=CARTESIAN_POINT('',(4.15000000000049,20.0000000000251,40.3500000000106));
#4736=VECTOR('',#5468,1.0);
#4737=CARTESIAN_POINT('',(0.825000000000545,20.9736113967685,40.3500000000106));
#4738=VECTOR('',#5469,1.0);
#4739=CARTESIAN_POINT('',(3.32500000000035,20.0000000000244,40.3500000000106));
#4740=CARTESIAN_POINT('',(3.32500000000055,20.9736113967685,40.3500000000106));
#4741=VECTOR('',#5470,1.0);
#4742=CARTESIAN_POINT('',(4.15000000000049,20.0000000000251,40.3500000000106));
#4743=CARTESIAN_POINT('',(4.15000000000049,20.0000000000251,40.3500000000106));
#4744=VECTOR('',#5471,1.0);
#4745=CARTESIAN_POINT('',(4.1500000000005,52.3892874612028,40.3500000000106));
#4746=VECTOR('',#5472,1.0);
#4747=CARTESIAN_POINT('',(3.32500000000097,24.8499999999576,40.3500000000106));
#4748=CARTESIAN_POINT('',(3.32500000000173,20.9736113967685,40.3500000000106));
#4749=VECTOR('',#5473,1.0);
#4750=CARTESIAN_POINT('',(0.825000000016926,24.8499999999571,40.3500000000106));
#4751=CARTESIAN_POINT('',(4.15000000000049,24.8499999999577,40.3500000000106));
#4752=VECTOR('',#5474,1.0);
#4753=CARTESIAN_POINT('',(0.825000000016165,20.9736113967685,40.3500000000106));
#4754=VECTOR('',#5475,1.0);
#4755=COLOUR_RGB('',0.980392217636108,0.517647087574005,0.168627455830574);
#4756=CARTESIAN_POINT('',(4.89386309254769E-13,20.0000000000251,43.5530270965932));
#4757=CARTESIAN_POINT('',(4.9471537977297E-13,20.0000000000252,13.1459627702635));
#4758=VECTOR('',#5476,1.0);
#4759=CARTESIAN_POINT('',(4.15000000000049,20.0000000000251,43.5530270965932));
#4760=CARTESIAN_POINT('',(4.15000000000049,20.0000000000251,43.5530270965932));
#4761=VECTOR('',#5477,1.0);
#4762=CARTESIAN_POINT('',(4.1500000000005,20.0000000000252,13.1459627702635));
#4763=VECTOR('',#5478,1.0);
#4764=CARTESIAN_POINT('',(3.32500000000036,20.0000000000244,28.3500000000108));
#4765=CARTESIAN_POINT('',(3.32500000000036,20.0000000000244,28.3500000000108));
#4766=VECTOR('',#5479,1.0);
#4767=CARTESIAN_POINT('',(0.825000000000358,20.0000000000221,28.3500000000108));
#4768=CARTESIAN_POINT('',(4.65000000002196,20.0000000000256,28.3500000000108));
#4769=VECTOR('',#5480,1.0);
#4770=CARTESIAN_POINT('',(0.825000000000358,20.0000000000221,28.3500000000108));
#4771=VECTOR('',#5481,1.0);
#4772=COLOUR_RGB('',0.980392217636108,0.517647087574005,0.168627455830574);
#4773=CARTESIAN_POINT('',(4.15000000000049,20.9736113967685,29.9481054611202));
#4774=VECTOR('',#5482,1.0);
#4775=COLOUR_RGB('',0.980392217636108,0.517647087574005,0.168627455830574);
#4776=CARTESIAN_POINT('',(4.88498130835069E-13,18.7999999999996,46.8500000000089));
#4777=CARTESIAN_POINT('',(4.9649173661237E-13,30.5938289028983,14.4467214003833));
#4778=VECTOR('',#5483,1.0);
#4779=CARTESIAN_POINT('',(4.15000000000049,18.7999999999996,46.8500000000089));
#4780=CARTESIAN_POINT('',(4.15000000000049,18.7999999999996,46.8500000000089));
#4781=VECTOR('',#5484,1.0);
#4782=CARTESIAN_POINT('',(4.1500000000005,30.5938289028983,14.4467214003833));
#4783=VECTOR('',#5485,1.0);
#4784=COLOUR_RGB('',0.823529481887817,0.823529481887817,0.784313797950745);
#4785=CARTESIAN_POINT('',(3.40000000000151,29.1249999999795,27.3500000000109));
#4786=VECTOR('',#5486,1.0);
#4787=CARTESIAN_POINT('',(1.40000000000151,29.1249999999795,27.3500000000109));
#4788=VECTOR('',#5487,1.0);
#4789=CARTESIAN_POINT('',(-0.415002400000057,35.4881536472071,27.3500000000109));
#4790=VECTOR('',#5488,1.0);
#4791=COLOUR_RGB('',0.980392217636108,0.517647087574005,0.168627455830574);
#4792=CARTESIAN_POINT('',(4.86721773995669E-13,11.4000000000014,46.8500000000089));
#4793=CARTESIAN_POINT('',(4.9649173661237E-13,51.5911878153342,46.8500000000089));
#4794=VECTOR('',#5489,1.0);
#4795=CARTESIAN_POINT('',(4.15000000000049,11.4000000000015,46.8500000000089));
#4796=CARTESIAN_POINT('',(4.15000000000049,11.4000000000014,46.8500000000089));
#4797=VECTOR('',#5490,1.0);
#4798=CARTESIAN_POINT('',(4.1500000000005,51.5911878153342,46.8500000000089));
#4799=VECTOR('',#5491,1.0);
#4800=CARTESIAN_POINT('',(3.80000000000049,15.2364835192991,46.8500000000089));
#4801=CARTESIAN_POINT('',(3.80000000000049,20.9736113967685,46.8500000000089));
#4802=VECTOR('',#5492,1.0);
#4803=AXIS2_PLACEMENT_3D('',#5493,#5494,#5495);
#4804=COLOUR_RGB('',0.980392217636108,0.517647087574005,0.168627455830574);
#4805=COLOUR_RGB('',0.980392217636108,0.517647087574005,0.168627455830574);
#4806=CARTESIAN_POINT('',(4.86721773995669E-13,8.82588692268438,44.2758869226912));
#4807=CARTESIAN_POINT('',(4.89386309254769E-13,47.1959925838426,82.6459925838583));
#4808=VECTOR('',#5496,1.0);
#4809=CARTESIAN_POINT('',(4.15000000000049,8.82588692268439,44.2758869226912));
#4810=CARTESIAN_POINT('',(4.15000000000049,8.82588692268411,44.275886922691));
#4811=VECTOR('',#5497,1.0);
#4812=CARTESIAN_POINT('',(4.15000000000049,47.1959925838426,82.6459925838583));
#4813=VECTOR('',#5498,1.0);
#4814=COLOUR_RGB('',0.823529481887817,0.823529481887817,0.784313797950745);
#4815=CARTESIAN_POINT('',(3.40000000000151,18.8750000000195,24.6500000000108));
#4816=CARTESIAN_POINT('',(1.40000000000151,18.8750000000195,24.6500000000108));
#4817=CARTESIAN_POINT('',(2.77500000000101,18.8750000000195,24.6500000000108));
#4818=VECTOR('',#5499,1.0);
#4819=CARTESIAN_POINT('',(1.40000000000151,18.8750000000195,24.6500000000108));
#4820=VECTOR('',#5500,1.0);
#4821=CARTESIAN_POINT('',(3.40000000000151,13.7749999999837,24.6500000000108));
#4822=CARTESIAN_POINT('',(4.15000000000049,13.7749999999837,24.6500000000108));
#4823=VECTOR('',#5501,1.0);
#4824=CARTESIAN_POINT('',(3.40000000000151,18.8750000000195,24.6500000000108));
#4825=VECTOR('',#5502,1.0);
#4826=COLOUR_RGB('',0.980392217636108,0.517647087574005,0.168627455830574);
#4827=CARTESIAN_POINT('',(4.86721773995669E-13,9.66023555950199,42.1333160107164));
#4828=CARTESIAN_POINT('',(4.9471537977297E-13,20.9050626344517,13.2570904884212));
#4829=VECTOR('',#5503,1.0);
#4830=CARTESIAN_POINT('',(4.15000000000049,9.66023555950198,42.1333160107164));
#4831=CARTESIAN_POINT('',(4.15000000000049,9.66023555950197,42.1333160107163));
#4832=VECTOR('',#5504,1.0);
#4833=CARTESIAN_POINT('',(4.1500000000005,20.9050626344517,13.2570904884212));
#4834=VECTOR('',#5505,1.0);
#4835=COLOUR_RGB('',0.980392217636108,0.517647087574005,0.168627455830574);
#4836=CARTESIAN_POINT('',(3.40000000000151,18.8750000000195,27.3500000000109));
#4837=CARTESIAN_POINT('',(3.40000000000151,18.8750000000195,25.925000000014));
#4838=VECTOR('',#5506,1.0);
#4839=CARTESIAN_POINT('',(1.40000000000151,18.8750000000195,27.3500000000109));
#4840=CARTESIAN_POINT('',(2.77500000000101,18.8750000000195,27.3500000000109));
#4841=VECTOR('',#5507,1.0);
#4842=CARTESIAN_POINT('',(1.40000000000151,18.8750000000195,25.925000000014));
#4843=VECTOR('',#5508,1.0);
#4844=COLOUR_RGB('',0.980392217636108,0.517647087574005,0.168627455830574);
#4845=CARTESIAN_POINT('',(4.86721773995669E-13,10.0335161453572,42.5065965965716));
#4846=CARTESIAN_POINT('',(4.90274487674469E-13,47.5215401308706,79.994620582085));
#4847=VECTOR('',#5509,1.0);
#4848=CARTESIAN_POINT('',(4.15000000000049,10.0335161453571,42.5065965965716));
#4849=CARTESIAN_POINT('',(4.15000000000049,10.0335161453572,42.5065965965715));
#4850=VECTOR('',#5510,1.0);
#4851=CARTESIAN_POINT('',(4.15000000000049,47.5215401308706,79.994620582085));
#4852=VECTOR('',#5511,1.0);
#4853=COLOUR_RGB('',0.980392217636108,0.517647087574005,0.168627455830574);
#4854=CARTESIAN_POINT('',(4.87609952415369E-13,10.7901204012268,41.7499923407019));
#4855=CARTESIAN_POINT('',(4.9826809345177E-13,37.2732602914242,15.2668524505045));
#4856=VECTOR('',#5512,1.0);
#4857=CARTESIAN_POINT('',(4.15000000000049,10.7901204012268,41.7499923407019));
#4858=CARTESIAN_POINT('',(4.15000000000049,10.7901204012268,41.7499923407019));
#4859=VECTOR('',#5513,1.0);
#4860=CARTESIAN_POINT('',(4.1500000000005,37.2732602914242,15.2668524505045));
#4861=VECTOR('',#5514,1.0);
#4862=COLOUR_RGB('',0.980392217636108,0.517647087574005,0.168627455830574);
#4863=CARTESIAN_POINT('',(4.86721773995669E-13,6.31767001022153,37.2775419496972));
#4864=CARTESIAN_POINT('',(4.90274487674469E-13,47.6870203566759,78.6468922961467));
#4865=VECTOR('',#5515,1.0);
#4866=CARTESIAN_POINT('',(4.15000000000049,6.31767001022151,37.2775419496972));
#4867=CARTESIAN_POINT('',(4.15000000000049,6.31767001022153,37.2775419496972));
#4868=VECTOR('',#5516,1.0);
#4869=CARTESIAN_POINT('',(4.15000000000049,47.6870203566759,78.6468922961467));
#4870=VECTOR('',#5517,1.0);
#4871=COLOUR_RGB('',0.980392217636108,0.517647087574005,0.168627455830574);
#4872=CARTESIAN_POINT('',(4.86721773995669E-13,5.56106575435215,38.0341462055666));
#4873=CARTESIAN_POINT('',(4.9649173661237E-13,29.3065486946626,14.2886632652561));
#4874=VECTOR('',#5518,1.0);
#4875=CARTESIAN_POINT('',(4.15000000000049,5.56106575435213,38.0341462055666));
#4876=CARTESIAN_POINT('',(4.15000000000049,5.56106575435215,38.0341462055666));
#4877=VECTOR('',#5519,1.0);
#4878=CARTESIAN_POINT('',(4.1500000000005,29.3065486946626,14.2886632652561));
#4879=VECTOR('',#5520,1.0);
#4880=COLOUR_RGB('',0.980392217636108,0.517647087574005,0.168627455830574);
#4881=CARTESIAN_POINT('',(4.86721773995669E-13,5.93434634020754,38.4074267914219));
#4882=CARTESIAN_POINT('',(4.90274487674469E-13,47.5215401308706,79.994620582085));
#4883=VECTOR('',#5521,1.0);
#4884=CARTESIAN_POINT('',(4.15000000000049,5.93434634020754,38.4074267914219));
#4885=CARTESIAN_POINT('',(4.15000000000049,5.93434634020754,38.4074267914219));
#4886=VECTOR('',#5522,1.0);
#4887=CARTESIAN_POINT('',(4.15000000000049,47.5215401308706,79.994620582085));
#4888=VECTOR('',#5523,1.0);
#4889=COLOUR_RGB('',0.980392217636108,0.517647087574005,0.168627455830574);
#4890=CARTESIAN_POINT('',(3.40000000000151,13.7749999999837,27.3500000000109));
#4891=CARTESIAN_POINT('',(3.40000000000151,18.8750000000195,27.3500000000109));
#4892=VECTOR('',#5524,1.0);
#4893=CARTESIAN_POINT('',(3.40000000000152,13.7749999999837,7.40000000000275));
#4894=VECTOR('',#5525,1.0);
#4895=CARTESIAN_POINT('',(3.40000000000151,18.8750000000195,24.6500000000108));
#4896=VECTOR('',#5526,1.0);
#4897=COLOUR_RGB('',0.980392217636108,0.517647087574005,0.168627455830574);
#4898=CARTESIAN_POINT('',(4.85833595575969E-13,3.79177542823142,39.2417754282407));
#4899=CARTESIAN_POINT('',(4.15000000000049,3.79177542823139,39.2417754282407));
#4900=CARTESIAN_POINT('',(4.15000000000049,3.79177542823137,39.2417754282407));
#4901=VECTOR('',#5527,1.0);
#4902=CARTESIAN_POINT('',(4.1500000000005,54.9725224283272,19.3112395228926));
#4903=VECTOR('',#5528,1.0);
#4904=CARTESIAN_POINT('',(5.01820807130571E-13,54.9725224283272,19.3112395228926));
#4905=VECTOR('',#5529,1.0);
#4906=COLOUR_RGB('',0.823529481887817,0.823529481887817,0.784313797950745);
#4907=CARTESIAN_POINT('',(4.63017844143765,18.8750000000195,27.3500000000109));
#4908=VECTOR('',#5530,1.0);
#4909=CARTESIAN_POINT('',(1.40000000000151,18.8750000000195,27.3500000000109));
#4910=VECTOR('',#5531,1.0);
#4911=CARTESIAN_POINT('',(3.40000000000151,18.8750000000195,27.3500000000109));
#4912=VECTOR('',#5532,1.0);
#4913=COLOUR_RGB('',0.980392217636108,0.517647087574005,0.168627455830574);
#4914=CARTESIAN_POINT('',(4.85833595575969E-13,2.19999999999949,37.6500000000088));
#4915=CARTESIAN_POINT('',(4.89386309254769E-13,47.1959925838433,82.6459925838526));
#4916=VECTOR('',#5533,1.0);
#4917=CARTESIAN_POINT('',(4.15000000000049,2.19999999999949,37.6500000000088));
#4918=CARTESIAN_POINT('',(4.15000000000049,2.19999999999949,37.6500000000088));
#4919=VECTOR('',#5534,1.0);
#4920=CARTESIAN_POINT('',(4.15000000000049,47.1959925838433,82.6459925838526));
#4921=VECTOR('',#5535,1.0);
#4922=COLOUR_RGB('',0.980392217636108,0.517647087574005,0.168627455830574);
#4923=COLOUR_RGB('',0.980392217636108,0.517647087574005,0.168627455830574);
#4924=CARTESIAN_POINT('',(4.85833595575969E-13,2.19999999999949,36.3536241174257));
#4925=CARTESIAN_POINT('',(4.90274487674469E-13,2.1999999999995,10.9603975861887));
#4926=VECTOR('',#5536,1.0);
#4927=CARTESIAN_POINT('',(4.15000000000049,2.19999999999949,36.3536241174257));
#4928=CARTESIAN_POINT('',(4.15000000000049,2.19999999999949,36.3536241174257));
#4929=VECTOR('',#5537,1.0);
#4930=CARTESIAN_POINT('',(4.15000000000049,2.1999999999995,10.9603975861887));
#4931=VECTOR('',#5538,1.0);
#4932=COLOUR_RGB('',0.980392217636108,0.517647087574005,0.168627455830574);
#4933=AXIS2_PLACEMENT_3D('',#5539,#5540,#5541);
#4934=COLOUR_RGB('',0.980392217636108,0.517647087574005,0.168627455830574);
#4935=AXIS2_PLACEMENT_3D('',#5542,#5543,#5544);
#4936=COLOUR_RGB('',0.823529481887817,0.823529481887817,0.784313797950745);
#4937=CARTESIAN_POINT('',(0.825000000016931,24.8499999999571,28.3500000000108));
#4938=CARTESIAN_POINT('',(0.825000000008953,-15.7526264137987,28.3500000000108));
#4939=VECTOR('',#5545,1.0);
#4940=CARTESIAN_POINT('',(3.32500000000097,24.8499999999576,28.3500000000108));
#4941=CARTESIAN_POINT('',(4.65000000002122,24.8499999999578,28.3500000000108));
#4942=VECTOR('',#5546,1.0);
#4943=CARTESIAN_POINT('',(3.32500000000895,-15.7526264138221,28.3500000000108));
#4944=VECTOR('',#5547,1.0);
#4945=COLOUR_RGB('',0.980392217636108,0.517647087574005,0.168627455830574);
#4946=CARTESIAN_POINT('',(3.32500000000097,24.8499999999576,28.3500000000108));
#4947=VECTOR('',#5548,1.0);
#4948=CARTESIAN_POINT('',(0.825000000016931,24.8499999999571,28.3500000000108));
#4949=VECTOR('',#5549,1.0);
#4950=COLOUR_RGB('',0.980392217636108,0.517647087574005,0.168627455830574);
#4951=COLOUR_RGB('',0.980392217636108,0.517647087574005,0.168627455830574);
#4952=COLOUR_RGB('',0.980392217636108,0.517647087574005,0.168627455830574);
#4953=CARTESIAN_POINT('',(0.825000000008956,63.7526264137977,28.3500000000108));
#4954=VECTOR('',#5550,1.0);
#4955=COLOUR_RGB('',0.823529481887817,0.823529481887817,0.784313797950745);
#4956=CARTESIAN_POINT('',(3.32500000000896,63.752626413821,28.3500000000108));
#4957=VECTOR('',#5551,1.0);
#4958=COLOUR_RGB('',0.980392217636108,0.517647087574005,0.168627455830574);
#4959=COLOUR_RGB('',0.823529481887817,0.823529481887817,0.784313797950745);
#4960=CARTESIAN_POINT('',(3.80000000000049,32.7635164806999,38.1000000000109));
#4961=CARTESIAN_POINT('',(3.80000000000049,17.5498962308946,38.1000000000109));
#4962=VECTOR('',#5552,1.0);
#4963=AXIS2_PLACEMENT_3D('',#5553,#5554,#5555);
#4964=CARTESIAN_POINT('',(4.15000000000049,30.828553390578,38.1000000000109));
#4965=VECTOR('',#5556,1.0);
#4966=COLOUR_RGB('',0.980392217636108,0.517647087574005,0.168627455830574);
#4967=CARTESIAN_POINT('',(3.80000000000049,32.7635164806999,38.1000000000109));
#4968=VECTOR('',#5557,1.0);
#4969=COLOUR_RGB('',0.980392217636108,0.517647087574005,0.168627455830574);
#4970=COLOUR_RGB('',0.823529481887817,0.823529481887817,0.784313797950745);
#4971=CARTESIAN_POINT('',(3.80000000000049,15.2364835192991,38.1000000000109));
#4972=CARTESIAN_POINT('',(3.62260172844724,14.9059516621182,38.1000000000109));
#4973=AXIS2_PLACEMENT_3D('',#5558,#5559,#5560);
#4974=CARTESIAN_POINT('',(3.8000000000005,30.4501037691044,38.1000000000109));
#4975=VECTOR('',#5561,1.0);
#4976=CARTESIAN_POINT('',(4.15000000000049,14.378553390565,38.1000000000109));
#4977=VECTOR('',#5562,1.0);
#4978=COLOUR_RGB('',0.980392217636108,0.517647087574005,0.168627455830574);
#4979=CARTESIAN_POINT('',(3.80000000000049,15.2364835192991,38.1000000000109));
#4980=VECTOR('',#5563,1.0);
#4981=CARTESIAN_POINT('',(3.62260172844724,14.9059516621182,37.5000000000109));
#4982=CARTESIAN_POINT('',(3.62260172844724,14.9059516621182,38.1000000000109));
#4983=VECTOR('',#5564,1.0);
#4984=CARTESIAN_POINT('',(3.26904833784644,14.5523982715325,37.5000000000109));
#4985=AXIS2_PLACEMENT_3D('',#5565,#5566,#5567);
#4986=CARTESIAN_POINT('',(3.26904833784644,14.5523982715325,38.1000000000109));
#4987=CARTESIAN_POINT('',(3.26904833784644,14.5523982715325,38.1000000000109));
#4988=VECTOR('',#5568,1.0);
#4989=AXIS2_PLACEMENT_3D('',#5569,#5570,#5571);
#4990=COLOUR_RGB('',0.980392217636108,0.517647087574005,0.168627455830574);
#4991=COLOUR_RGB('',0.823529481887817,0.823529481887817,0.784313797950745);
#4992=CARTESIAN_POINT('',(4.15000000000049,14.378553390565,37.5000000000109));
#4993=VECTOR('',#5572,1.0);
#4994=COLOUR_RGB('',0.823529481887817,0.823529481887817,0.784313797950745);
#4995=CARTESIAN_POINT('',(4.15000000000049,30.1214466093915,38.1000000000109));
#4996=VECTOR('',#5573,1.0);
#4997=COLOUR_RGB('',0.823529481887817,0.823529481887817,0.784313797950745);
#4998=CARTESIAN_POINT('',(4.15000000000049,13.6714466093784,37.5000000000109));
#4999=VECTOR('',#5574,1.0);
#5000=CARTESIAN_POINT('',(4.15000000000049,13.6714466093784,38.1000000000109));
#5001=VECTOR('',#5575,1.0);
#5002=COLOUR_RGB('',0.823529481887817,0.823529481887817,0.784313797950745);
#5003=CARTESIAN_POINT('',(4.15000000000049,30.828553390578,37.5000000000109));
#5004=VECTOR('',#5576,1.0);
#5005=COLOUR_RGB('',0.823529481887817,0.823529481887817,0.784313797950745);
#5006=COLOUR_RGB('',0.823529481887817,0.823529481887817,0.784313797950745);
#5007=CARTESIAN_POINT('',(4.15000000000049,30.1214466093915,37.5000000000109));
#5008=VECTOR('',#5577,1.0);
#5009=COLOUR_RGB('',0.823529481887817,0.823529481887817,0.784313797950745);
#5010=COLOUR_RGB('',0.823529481887817,0.823529481887817,0.784313797950745);
#5011=COLOUR_RGB('',0.980392217636108,0.517647087574005,0.168627455830574);
#5012=COLOUR_RGB('',0.823529481887817,0.823529481887817,0.784313797950745);
#5013=COLOUR_RGB('',0.823529481887817,0.823529481887817,0.784313797950745);
#5014=COLOUR_RGB('',0.823529481887817,0.823529481887817,0.784313797950745);
#5015=CARTESIAN_POINT('',(1.40000000000151,29.1249999999795,24.6500000000109));
#5016=VECTOR('',#5578,1.0);
#5017=CARTESIAN_POINT('',(3.40000000000151,29.1249999999795,24.6500000000108));
#5018=VECTOR('',#5579,1.0);
#5019=COLOUR_RGB('',0.823529481887817,0.823529481887817,0.784313797950745);
#5020=COLOUR_RGB('',0.823529481887817,0.823529481887817,0.784313797950745);
#5021=COLOUR_RGB('',0.980392217636108,0.517647087574005,0.168627455830574);
#5022=CARTESIAN_POINT('',(4.15000000000049,8.00000000001928,27.9500000000091));
#5023=CARTESIAN_POINT('',(4.15000000000049,8.00000000001928,24.8500000000091));
#5024=CARTESIAN_POINT('',(4.15000000000049,8.00000000001928,7.40000000000275));
#5025=VECTOR('',#5580,1.0);
#5026=CARTESIAN_POINT('',(4.15000000000049,8.00000000001928,27.9500000000091));
#5027=VECTOR('',#5581,1.0);
#5028=CARTESIAN_POINT('',(4.15000000000049,8.00000000001928,24.8500000000091));
#5029=VECTOR('',#5582,1.0);
#5030=COLOUR_RGB('',0.980392217636108,0.517647087574005,0.168627455830574);
#5031=CARTESIAN_POINT('',(4.15000000000049,4.24999999999955,28.954809471631));
#5032=CARTESIAN_POINT('',(4.15000000000049,20.9736113967685,24.4737313033349));
#5033=VECTOR('',#5583,1.0);
#5034=CARTESIAN_POINT('',(4.15000000000049,4.24999999999955,28.954809471631));
#5035=VECTOR('',#5584,1.0);
#5036=COLOUR_RGB('',0.980392217636108,0.517647087574005,0.168627455830574);
#5037=CARTESIAN_POINT('',(4.15000000000049,3.69158107583201,23.6955626286181));
#5038=CARTESIAN_POINT('',(4.15000000000049,20.9736113967685,28.3262686966832));
#5039=VECTOR('',#5585,1.0);
#5040=CARTESIAN_POINT('',(-0.415002399999535,3.69158107583202,23.6955626286181));
#5041=VECTOR('',#5586,1.0);
#5042=COLOUR_RGB('',0.980392217636108,0.517647087574005,0.168627455830574);
#5043=CARTESIAN_POINT('',(4.87609952415369E-13,4.24999999999785,28.9500002306289));
#5044=CARTESIAN_POINT('',(4.87609952415369E-13,4.24999999999954,31.3152050640351));
#5045=CARTESIAN_POINT('',(4.91162666094169E-13,4.24999999999955,7.40000000000275));
#5046=VECTOR('',#5587,1.0);
#5047=CARTESIAN_POINT('',(4.86721773995669E-13,2.98406431002247,35.3302401184924));
#5048=AXIS2_PLACEMENT_3D('',#5588,#5589,#5590);
#5049=CARTESIAN_POINT('',(4.85833595575969E-13,2.38084795571049,36.1917223525373));
#5050=CARTESIAN_POINT('',(4.9560355819267E-13,22.5410289849962,7.40000000000275));
#5051=VECTOR('',#5591,1.0);
#5052=CARTESIAN_POINT('',(4.9382720135327E-13,20.9736113967685,19.5467942778696));
#5053=VECTOR('',#5592,1.0);
#5054=AXIS2_PLACEMENT_3D('',#5593,#5594,#5595);
#5055=COLOUR_RGB('',0.980392217636108,0.517647087574005,0.168627455830574);
#5056=CARTESIAN_POINT('',(4.15000000000049,2.38084795571049,36.1917223525373));
#5057=CARTESIAN_POINT('',(4.15000000000049,20.9736113967685,19.5467942778696));
#5058=VECTOR('',#5596,1.0);
#5059=CARTESIAN_POINT('',(-0.415002399999538,2.3808479557105,36.1917223525373));
#5060=VECTOR('',#5597,1.0);
#5061=COLOUR_RGB('',0.980392217636108,0.517647087574005,0.168627455830574);
#5062=CARTESIAN_POINT('',(-0.415002399999536,4.24999999999958,28.9500002306289));
#5063=VECTOR('',#5598,1.0);
#5064=CARTESIAN_POINT('',(-0.415002399999536,4.24999999999954,31.3152050640351));
#5065=VECTOR('',#5599,1.0);
#5066=COLOUR_RGB('',0.980392217636108,0.517647087574005,0.168627455830574);
#5067=CARTESIAN_POINT('',(-0.415002399999537,2.98406431002247,35.3302401184924));
#5068=VECTOR('',#5600,1.0);
#5069=COLOUR_RGB('',0.980392217636108,0.517647087574005,0.168627455830574);
#5070=CARTESIAN_POINT('',(4.15000000000049,2.98406431002246,35.3302401184924));
#5071=CARTESIAN_POINT('',(-0.415002399999537,2.98406431002247,35.3302401184924));
#5072=VECTOR('',#5601,1.0);
#5073=CARTESIAN_POINT('',(4.1500000000005,22.5410289849962,7.40000000000275));
#5074=VECTOR('',#5602,1.0);
#5075=COLOUR_RGB('',0.980392217636108,0.517647087574005,0.168627455830574);
#5076=CARTESIAN_POINT('',(4.15000000000049,4.24999999999954,31.3152050640351));
#5077=CARTESIAN_POINT('',(-0.415002399999536,4.24999999999954,31.3152050640351));
#5078=VECTOR('',#5603,1.0);
#5079=AXIS2_PLACEMENT_3D('',#5604,#5605,#5606);
#5080=COLOUR_RGB('',0.980392217636108,0.517647087574005,0.168627455830574);
#5081=CARTESIAN_POINT('',(4.15000000000049,4.24999999999955,7.40000000000275));
#5082=VECTOR('',#5607,1.0);
#5083=COLOUR_RGB('',0.980392217636108,0.517647087574005,0.168627455830574);
#5084=AXIS2_PLACEMENT_3D('',#5608,#5609,#5610);
#5085=COLOUR_RGB('',0.980392217636108,0.517647087574005,0.168627455830574);
#5086=COLOUR_RGB('',0.980392217636108,0.517647087574005,0.168627455830574);
#5087=DIRECTION('',(1.66533453693773E-16,1.66533453693773E-16,-1.0));
#5088=CARTESIAN_POINT('',(2.40000000000151,15.7750000000152,38.1000000000109));
#5089=DIRECTION('',(1.66533453693773E-16,1.66533453693773E-16,-1.0));
#5090=DIRECTION('',(0.0,-1.0,-1.66533453693773E-16));
#5091=DIRECTION('',(-1.66533453693773E-16,-1.66533453693773E-16,1.0));
#5092=CARTESIAN_POINT('',(2.40000000000151,15.7750000000152,46.8500000000089));
#5093=DIRECTION('',(1.66533453693773E-16,1.66533453693773E-16,-1.0));
#5094=DIRECTION('',(0.0,-1.0,-1.66533453693773E-16));
#5095=DIRECTION('',(-1.66533453693773E-16,-1.66533453693773E-16,1.0));
#5096=CARTESIAN_POINT('',(2.40000000000151,15.7750000000152,38.1000000000109));
#5097=DIRECTION('',(1.66533453693773E-16,1.66533453693773E-16,-1.0));
#5098=DIRECTION('',(0.0,-1.0,-1.66533453693773E-16));
#5099=DIRECTION('',(-1.66533453693773E-16,-1.66533453693773E-16,1.0));
#5100=CARTESIAN_POINT('',(2.40000000000151,15.7750000000152,37.5000000000109));
#5101=DIRECTION('',(1.66533453693773E-16,1.66533453693773E-16,-1.0));
#5102=DIRECTION('',(-0.707106781186547,-0.707106781186548,-2.35513868802566E-16));
#5103=DIRECTION('',(-1.66533453693773E-16,-1.66533453693773E-16,1.0));
#5104=CARTESIAN_POINT('',(2.40000000000151,15.7750000000152,38.1000000000109));
#5105=DIRECTION('',(1.66533453693773E-16,1.66533453693773E-16,-1.0));
#5106=DIRECTION('',(0.0,-1.0,-1.66533453693773E-16));
#5107=CARTESIAN_POINT('',(2.40000000000151,15.7750000000152,46.8500000000089));
#5108=DIRECTION('',(1.66533453693773E-16,1.66533453693773E-16,-1.0));
#5109=DIRECTION('',(0.0,-1.0,-1.66533453693773E-16));
#5110=DIRECTION('',(-1.66533453693773E-16,-1.66533453693773E-16,1.0));
#5111=CARTESIAN_POINT('',(2.40000000000151,32.2249999999838,46.8500000000089));
#5112=DIRECTION('',(-1.66533453693773E-16,-1.66533453693773E-16,1.0));
#5113=DIRECTION('',(0.0,1.0,1.66533453693773E-16));
#5114=DIRECTION('',(-1.66533453693773E-16,-1.66533453693773E-16,1.0));
#5115=CARTESIAN_POINT('',(2.40000000000151,32.2249999999838,38.1000000000109));
#5116=DIRECTION('',(-1.66533453693773E-16,-1.66533453693773E-16,1.0));
#5117=DIRECTION('',(0.0,1.0,1.66533453693773E-16));
#5118=DIRECTION('',(-1.66533453693773E-16,-1.66533453693773E-16,1.0));
#5119=CARTESIAN_POINT('',(2.40000000000151,32.2249999999838,37.5000000000109));
#5120=DIRECTION('',(-1.66533453693773E-16,-1.66533453693773E-16,1.0));
#5121=DIRECTION('',(0.0,1.0,1.66533453693773E-16));
#5122=DIRECTION('',(-1.66533453693773E-16,-1.66533453693773E-16,1.0));
#5123=CARTESIAN_POINT('',(2.40000000000151,32.2249999999838,38.1000000000109));
#5124=DIRECTION('',(-1.66533453693773E-16,-1.66533453693773E-16,1.0));
#5125=DIRECTION('',(0.0,1.0,1.66533453693773E-16));
#5126=DIRECTION('',(1.66533453693773E-16,1.66533453693773E-16,-1.0));
#5127=CARTESIAN_POINT('',(2.40000000000151,32.2249999999838,46.8500000000089));
#5128=DIRECTION('',(-1.66533453693773E-16,-1.66533453693773E-16,1.0));
#5129=DIRECTION('',(0.0,1.0,1.66533453693773E-16));
#5130=CARTESIAN_POINT('',(2.40000000000151,32.2249999999838,38.1000000000109));
#5131=DIRECTION('',(-1.66533453693773E-16,-1.66533453693773E-16,1.0));
#5132=DIRECTION('',(0.0,1.0,1.66533453693773E-16));
#5133=DIRECTION('',(-1.66533453693773E-16,-1.66533453693773E-16,1.0));
#5134=CARTESIAN_POINT('',(2.40000000000151,32.2249999999838,37.5000000000109));
#5135=DIRECTION('',(-1.66533453693773E-16,-1.66533453693773E-16,1.0));
#5136=DIRECTION('',(0.707106781186547,0.707106781186548,2.35513868802566E-16));
#5137=DIRECTION('',(-1.66533453693773E-16,-1.66533453693773E-16,1.0));
#5138=CARTESIAN_POINT('',(2.40000000000151,32.2249999999838,38.1000000000109));
#5139=DIRECTION('',(-1.66533453693773E-16,-1.66533453693773E-16,1.0));
#5140=DIRECTION('',(0.0,1.0,1.66533453693773E-16));
#5141=DIRECTION('',(-1.0,1.28737717171485E-31,-1.66533453693773E-16));
#5142=CARTESIAN_POINT('',(1.1,2.58278633637482,4.60066604154056));
#5143=DIRECTION('',(1.0,-1.25998616806134E-31,1.66533453693773E-16));
#5144=DIRECTION('',(2.02953226566517E-17,0.992546151641322,-0.121869343405147));
#5145=DIRECTION('',(1.0,-2.44929359829471E-16,1.66533453693773E-16));
#5146=CARTESIAN_POINT('',(4.92050844513869E-13,2.58278633637482,4.60066604154056));
#5147=DIRECTION('',(1.0,-1.25998616806134E-31,1.66533453693773E-16));
#5148=DIRECTION('',(2.02953226566517E-17,0.992546151641322,-0.121869343405147));
#5149=DIRECTION('',(-1.0,2.44929359829471E-16,-1.66533453693773E-16));
#5150=CARTESIAN_POINT('',(4.15000000000049,-3.10000000001818,11.3247092978861));
#5151=DIRECTION('',(1.0,-2.44929359829471E-16,1.66533453693773E-16));
#5152=DIRECTION('',(2.44929359829471E-16,1.0,1.94289029309402E-16));
#5153=DIRECTION('',(1.0,-2.44929359829471E-16,1.66533453693773E-16));
#5154=CARTESIAN_POINT('',(4.89386309254769E-13,-3.10000000001818,11.3247092978861));
#5155=DIRECTION('',(1.0,-2.44929359829471E-16,1.66533453693773E-16));
#5156=DIRECTION('',(2.44929359829471E-16,1.0,1.94289029309402E-16));
#5157=DIRECTION('',(-1.0,2.44929359829471E-16,-1.66533453693773E-16));
#5158=CARTESIAN_POINT('',(4.15000000000049,8.20670615743098,10.1999999999998));
#5159=DIRECTION('',(1.0,-2.44929359829471E-16,1.66533453693773E-16));
#5160=DIRECTION('',(2.44929359829471E-16,1.0,1.94289029309402E-16));
#5161=DIRECTION('',(-1.0,2.44929359829471E-16,-1.66533453693773E-16));
#5162=CARTESIAN_POINT('',(4.92050844513869E-13,8.20670615743098,10.1999999999998));
#5163=DIRECTION('',(1.0,-2.44929359829471E-16,1.66533453693773E-16));
#5164=DIRECTION('',(2.44929359829471E-16,1.0,1.94289029309402E-16));
#5165=DIRECTION('',(1.0,-2.44929359829471E-16,1.66533453693773E-16));
#5166=CARTESIAN_POINT('',(1.1,0.900000000000002,3.94999999999977));
#5167=DIRECTION('',(1.0,-2.44929359829471E-16,1.66533453693773E-16));
#5168=DIRECTION('',(2.44929359829471E-16,1.0,1.94289029309402E-16));
#5169=DIRECTION('',(-1.0,2.44929359829471E-16,-1.66533453693773E-16));
#5170=CARTESIAN_POINT('',(4.15000000000049,0.900000000000002,3.94999999999977));
#5171=DIRECTION('',(1.0,-2.44929359829471E-16,1.66533453693773E-16));
#5172=DIRECTION('',(2.44929359829471E-16,1.0,1.94289029309402E-16));
#5173=DIRECTION('',(-1.0,2.44929359829471E-16,-1.66533453693773E-16));
#5174=DIRECTION('',(-1.66533453693773E-16,-1.94289029309402E-16,1.0));
#5175=DIRECTION('',(1.0,-2.44929359829471E-16,1.66533453693773E-16));
#5176=DIRECTION('',(-1.66533453693773E-16,-1.94289029309402E-16,1.0));
#5177=DIRECTION('',(-1.0,2.44929359829471E-16,-1.66533453693773E-16));
#5178=CARTESIAN_POINT('',(4.91162666094169E-13,0.400000000000002,5.15710678118631));
#5179=DIRECTION('',(1.0,-2.44929359829471E-16,1.66533453693773E-16));
#5180=DIRECTION('',(2.44929359829471E-16,1.0,1.94289029309402E-16));
#5181=CARTESIAN_POINT('',(4.15000000000049,0.400000000000002,5.15710678118631));
#5182=DIRECTION('',(1.0,-2.44929359829471E-16,1.66533453693773E-16));
#5183=DIRECTION('',(2.44929359829471E-16,1.0,1.94289029309402E-16));
#5184=DIRECTION('',(-2.44929359829471E-16,-1.0,-1.66533453693773E-16));
#5185=DIRECTION('',(1.0,-2.44929359829471E-16,1.66533453693773E-16));
#5186=DIRECTION('',(-2.44929359829471E-16,-1.0,-1.66533453693773E-16));
#5187=DIRECTION('',(-2.90948145648382E-16,-0.707106781186548,0.707106781186547));
#5188=DIRECTION('',(-2.90948145648382E-16,-0.707106781186548,0.707106781186547));
#5189=DIRECTION('',(1.17756934401283E-16,0.707106781186548,-0.707106781186547));
#5190=DIRECTION('',(-1.0,4.93038065763132E-32,-1.66533453693773E-16));
#5191=CARTESIAN_POINT('',(4.90274487674469E-13,-1.40000000000001,6.34999999999976));
#5192=DIRECTION('',(1.0,-2.44929359829471E-16,1.66533453693773E-16));
#5193=DIRECTION('',(2.44929359829471E-16,1.0,1.94289029309402E-16));
#5194=DIRECTION('',(1.0,-2.44929359829471E-16,1.66533453693773E-16));
#5195=CARTESIAN_POINT('',(4.15000000000049,-1.40000000000001,6.34999999999976));
#5196=DIRECTION('',(1.0,-2.44929359829471E-16,1.66533453693773E-16));
#5197=DIRECTION('',(2.44929359829471E-16,1.0,1.94289029309402E-16));
#5198=DIRECTION('',(-1.66533453693773E-16,-1.94289029309402E-16,1.0));
#5199=DIRECTION('',(-1.0,2.44929359829471E-16,-1.66533453693773E-16));
#5200=DIRECTION('',(-1.66533453693773E-16,-1.94289029309402E-16,1.0));
#5201=DIRECTION('',(-1.0,2.44929359829471E-16,-1.66533453693773E-16));
#5202=DIRECTION('',(-1.66533453693773E-16,-1.94289029309402E-16,1.0));
#5203=DIRECTION('',(1.0,-2.44929359829471E-16,1.66533453693773E-16));
#5204=DIRECTION('',(-1.66533453693773E-16,-1.94289029309402E-16,1.0));
#5205=CARTESIAN_POINT('',(4.15000000000049,0.900000000000002,3.94999999999977));
#5206=DIRECTION('',(1.0,-2.44929359829471E-16,1.66533453693773E-16));
#5207=DIRECTION('',(2.44929359829471E-16,1.0,1.94289029309402E-16));
#5208=CARTESIAN_POINT('',(1.1,0.900000000000002,3.94999999999977));
#5209=DIRECTION('',(1.0,-2.44929359829471E-16,1.66533453693773E-16));
#5210=DIRECTION('',(2.44929359829471E-16,1.0,1.94289029309402E-16));
#5211=DIRECTION('',(-2.2948298282011E-16,-0.996194698091745,-0.0871557427476621));
#5212=DIRECTION('',(-1.0,2.44929359829471E-16,-1.66533453693773E-16));
#5213=DIRECTION('',(-2.2948298282011E-16,-0.996194698091745,-0.0871557427476621));
#5214=DIRECTION('',(-1.66533453693773E-16,-2.35922392732846E-16,1.0));
#5215=DIRECTION('',(-6.12323399573676E-17,1.0,2.35922392732846E-16));
#5216=DIRECTION('',(1.66533453693773E-16,-4.07889322034067E-32,-1.0));
#5217=DIRECTION('',(-6.12323399573676E-17,1.0,1.66533453693773E-16));
#5218=DIRECTION('',(1.66533453693773E-16,1.94289029309402E-16,-1.0));
#5219=DIRECTION('',(-1.0,2.44929359829471E-16,-1.66533453693773E-16));
#5220=DIRECTION('',(1.66533453693773E-16,1.94289029309402E-16,-1.0));
#5221=CARTESIAN_POINT('',(4.9471537977297E-13,15.1,6.54999999999977));
#5222=DIRECTION('',(1.0,-2.44929359829471E-16,1.66533453693773E-16));
#5223=DIRECTION('',(2.44929359829471E-16,1.0,1.94289029309402E-16));
#5224=CARTESIAN_POINT('',(4.1500000000005,15.1,6.54999999999977));
#5225=DIRECTION('',(1.0,-2.44929359829471E-16,1.66533453693773E-16));
#5226=DIRECTION('',(2.44929359829471E-16,1.0,1.94289029309402E-16));
#5227=CARTESIAN_POINT('',(4.92050844513869E-13,8.20670615743098,10.1999999999998));
#5228=DIRECTION('',(1.0,-2.44929359829471E-16,1.66533453693773E-16));
#5229=DIRECTION('',(2.44929359829471E-16,1.0,1.94289029309402E-16));
#5230=DIRECTION('',(-1.0,2.44929359829471E-16,-1.66533453693773E-16));
#5231=CARTESIAN_POINT('',(4.15000000000049,8.20670615743098,10.1999999999998));
#5232=DIRECTION('',(1.0,-2.44929359829471E-16,1.66533453693773E-16));
#5233=DIRECTION('',(2.44929359829471E-16,1.0,1.94289029309402E-16));
#5234=CARTESIAN_POINT('',(4.9471537977297E-13,15.1,6.54999999999977));
#5235=DIRECTION('',(1.0,-2.44929359829471E-16,1.66533453693773E-16));
#5236=DIRECTION('',(2.44929359829471E-16,1.0,1.94289029309402E-16));
#5237=DIRECTION('',(1.0,-2.44929359829471E-16,1.66533453693773E-16));
#5238=CARTESIAN_POINT('',(4.1500000000005,15.1,6.54999999999977));
#5239=DIRECTION('',(1.0,-2.44929359829471E-16,1.66533453693773E-16));
#5240=DIRECTION('',(2.44929359829471E-16,1.0,1.94289029309402E-16));
#5241=DIRECTION('',(1.0,-2.44929359829471E-16,1.66533453693773E-16));
#5242=DIRECTION('',(0.0,-1.0,-1.94289029309402E-16));
#5243=DIRECTION('',(-2.44929359829471E-16,-1.0,-1.94289029309402E-16));
#5244=DIRECTION('',(-2.44929359829471E-16,-1.0,-1.94289029309402E-16));
#5245=DIRECTION('',(-1.0,2.44929359829471E-16,-1.66533453693773E-16));
#5246=DIRECTION('',(-2.44929359829471E-16,-1.0,-1.94289029309402E-16));
#5247=CARTESIAN_POINT('',(4.9915627187147E-13,33.5999999999906,7.05000000000653));
#5248=DIRECTION('',(-1.0,2.44929359829471E-16,-1.66533453693773E-16));
#5249=DIRECTION('',(-2.44929359829471E-16,-1.0,-1.94289029309402E-16));
#5250=DIRECTION('',(-1.0,2.44929359829471E-16,-1.66533453693773E-16));
#5251=CARTESIAN_POINT('',(4.1500000000005,33.5999999999906,7.05000000000653));
#5252=DIRECTION('',(-1.0,2.44929359829471E-16,-1.66533453693773E-16));
#5253=DIRECTION('',(-2.44929359829471E-16,-1.0,-1.94289029309402E-16));
#5254=DIRECTION('',(-2.44929359829471E-16,-1.0,-1.94289029309402E-16));
#5255=DIRECTION('',(-1.0,2.44929359829471E-16,-1.66533453693773E-16));
#5256=DIRECTION('',(-2.44929359829471E-16,-1.0,-1.94289029309402E-16));
#5257=DIRECTION('',(-2.58511676518135E-16,-0.996194698091747,0.0871557427476376));
#5258=DIRECTION('',(-1.0,2.44929359829471E-16,-1.66533453693773E-16));
#5259=DIRECTION('',(-2.58511676518135E-16,-0.996194698091747,0.0871557427476376));
#5260=DIRECTION('',(-1.66533453693779E-16,-2.1538326677728E-14,1.0));
#5261=DIRECTION('',(-1.0,2.44929359829471E-16,-1.66533453693773E-16));
#5262=DIRECTION('',(-1.66533453693779E-16,-2.1538326677728E-14,1.0));
#5263=DIRECTION('',(-1.93481564813092E-16,-0.965925826289075,-0.258819045102498));
#5264=DIRECTION('',(1.0,-2.44929359829471E-16,1.66533453693773E-16));
#5265=DIRECTION('',(-1.93481564813092E-16,-0.965925826289075,-0.258819045102498));
#5266=DIRECTION('',(1.0,-2.44929359829471E-16,1.66533453693773E-16));
#5267=DIRECTION('',(1.66533453693773E-16,1.94289029309402E-16,-1.0));
#5268=DIRECTION('',(1.0,-2.44929359829471E-16,1.66533453693773E-16));
#5269=DIRECTION('',(1.66533453693773E-16,1.94289029309402E-16,-1.0));
#5270=DIRECTION('',(-5.54342768458094E-17,-0.707106781186532,-0.707106781186563));
#5271=DIRECTION('',(1.0,-2.44929359829471E-16,1.66533453693773E-16));
#5272=DIRECTION('',(-5.54342768458094E-17,-0.707106781186532,-0.707106781186563));
#5273=DIRECTION('',(-1.0,2.44929359829471E-16,-1.66533453693773E-16));
#5274=CARTESIAN_POINT('',(5.00044450291171E-13,35.2999999999999,1.64999999999976));
#5275=DIRECTION('',(1.0,-2.44929359829471E-16,1.66533453693773E-16));
#5276=DIRECTION('',(2.44929359829471E-16,1.0,1.94289029309402E-16));
#5277=CARTESIAN_POINT('',(1.1,35.2999999999999,1.64999999999976));
#5278=DIRECTION('',(1.0,-2.44929359829471E-16,1.66533453693773E-16));
#5279=DIRECTION('',(2.44929359829471E-16,1.0,1.94289029309402E-16));
#5280=CARTESIAN_POINT('',(4.1500000000005,35.2999999999999,1.64999999999976));
#5281=DIRECTION('',(1.0,-2.44929359829471E-16,1.66533453693773E-16));
#5282=DIRECTION('',(2.44929359829471E-16,1.0,1.94289029309402E-16));
#5283=DIRECTION('',(1.66533453693779E-16,2.14828155264968E-14,-1.0));
#5284=DIRECTION('',(1.0,-2.44929359829471E-16,1.66533453693773E-16));
#5285=DIRECTION('',(1.66533453693779E-16,2.14828155264968E-14,-1.0));
#5286=DIRECTION('',(-7.011466048002E-17,0.857167300702538,0.515038074909346));
#5287=DIRECTION('',(1.0,-2.44929359829471E-16,1.66533453693773E-16));
#5288=DIRECTION('',(1.25625811711278E-16,-0.857167300702538,-0.515038074909346));
#5289=DIRECTION('',(0.123895782487094,-0.850563028809777,-0.511069828011642));
#5290=DIRECTION('',(-1.0,1.90850060264589E-19,-1.66533453693773E-16));
#5291=DIRECTION('',(0.443542922709068,0.768238877469816,0.461604487476687));
#5292=DIRECTION('',(2.76901928404494E-16,0.573576436351063,-0.81915204428898));
#5293=DIRECTION('',(1.0,-2.44929359829471E-16,1.66533453693773E-16));
#5294=DIRECTION('',(2.76901928404494E-16,0.573576436351063,-0.81915204428898));
#5295=CARTESIAN_POINT('',(1.1,2.58278633637482,4.60066604154056));
#5296=DIRECTION('',(1.0,-1.25998616806134E-31,1.66533453693773E-16));
#5297=DIRECTION('',(2.02953226566517E-17,0.992546151641322,-0.121869343405147));
#5298=DIRECTION('',(2.44929359829467E-16,1.0,2.1538326677728E-14));
#5299=DIRECTION('',(1.0,-2.44929359829471E-16,1.66533453693773E-16));
#5300=DIRECTION('',(2.44929359829467E-16,1.0,2.1538326677728E-14));
#5301=DIRECTION('',(2.44929359829471E-16,1.0,1.94289029309402E-16));
#5302=DIRECTION('',(-2.44929359829471E-16,-1.0,-1.94289029309402E-16));
#5303=DIRECTION('',(5.54342768458094E-17,0.707106781186532,0.707106781186563));
#5304=DIRECTION('',(1.0,-2.44929359829471E-16,1.66533453693773E-16));
#5305=DIRECTION('',(5.54342768458094E-17,0.707106781186532,0.707106781186563));
#5306=DIRECTION('',(-1.0,2.44929359829471E-16,-1.66533453693773E-16));
#5307=DIRECTION('',(1.66533453693773E-16,1.38777878078144E-16,-1.0));
#5308=DIRECTION('',(1.0,-2.44929359829471E-16,1.66533453693773E-16));
#5309=DIRECTION('',(1.66533453693773E-16,1.38777878078144E-16,-1.0));
#5310=DIRECTION('',(1.0,-1.9651103767204E-13,1.66533453693647E-16));
#5311=DIRECTION('',(-3.50230473565876E-16,-1.66533453693773E-16,1.0));
#5312=DIRECTION('',(-1.0,1.9651103767204E-13,-3.50230473565844E-16));
#5313=DIRECTION('',(-3.50230473565876E-16,-1.66533453693773E-16,1.0));
#5314=DIRECTION('',(-1.0,6.25907352115395E-16,-7.10626413989528E-16));
#5315=DIRECTION('',(-8.32667268468867E-17,-0.75470958022267,0.656059028990625));
#5316=DIRECTION('',(-0.399457798904214,-0.691881203181833,0.60144315407049));
#5317=DIRECTION('',(1.0,-2.11319248161451E-16,3.50230473565876E-16));
#5318=DIRECTION('',(0.109275125000415,-0.75019003414101,0.652130247520887));
#5319=DIRECTION('',(1.94289029309402E-16,0.75470958022267,-0.656059028990625));
#5320=CARTESIAN_POINT('',(0.500000000000003,50.7499999999994,31.3152050640351));
#5321=DIRECTION('',(-1.0,2.44929359829471E-16,-1.66533453693773E-16));
#5322=DIRECTION('',(-2.22808370866062E-16,-0.992546151641322,-0.121869343405148));
#5323=DIRECTION('',(1.0,-2.44929359829471E-16,1.66533453693773E-16));
#5324=CARTESIAN_POINT('',(4.9915627187147E-13,50.7499999999994,31.3152050640351));
#5325=DIRECTION('',(-1.0,2.44929359829471E-16,-1.66533453693773E-16));
#5326=DIRECTION('',(-2.22808370866062E-16,-0.992546151641322,-0.121869343405148));
#5327=DIRECTION('',(1.0,-2.44929359829471E-16,1.66533453693773E-16));
#5328=DIRECTION('',(-1.0,2.44929359829471E-16,-1.66533453693773E-16));
#5329=CARTESIAN_POINT('',(3.65000000000051,68.7500000000011,28.9500002306289));
#5330=DIRECTION('',(-1.0,2.44929359829471E-16,-1.66533453693773E-16));
#5331=DIRECTION('',(1.35442758320232E-16,-0.121869343405147,-0.992546151641322));
#5332=DIRECTION('',(-1.0,2.44929359829471E-16,-1.66533453693773E-16));
#5333=CARTESIAN_POINT('',(4.1500000000005,68.7500000000011,28.9500002306289));
#5334=DIRECTION('',(-1.0,2.44929359829471E-16,-1.66533453693773E-16));
#5335=DIRECTION('',(1.35442758320232E-16,-0.121869343405147,-0.992546151641322));
#5336=DIRECTION('',(-1.0,2.44929359829471E-16,-1.66533453693773E-16));
#5337=CARTESIAN_POINT('',(5.03597163969971E-13,68.7500000000011,28.9500002306289));
#5338=DIRECTION('',(-1.0,2.44929359829471E-16,-1.66533453693773E-16));
#5339=DIRECTION('',(1.35442758320232E-16,-0.121869343405147,-0.992546151641322));
#5340=DIRECTION('',(1.0,-2.44929359829471E-16,1.66533453693773E-16));
#5341=CARTESIAN_POINT('',(0.500000000000004,68.7500000000011,28.9500002306289));
#5342=DIRECTION('',(-1.0,2.44929359829471E-16,-1.66533453693773E-16));
#5343=DIRECTION('',(1.35442758320232E-16,-0.121869343405147,-0.992546151641322));
#5344=CARTESIAN_POINT('',(3.65000000000051,-2.75000000000046,31.3152050640351));
#5345=DIRECTION('',(1.0,-2.4492935982947E-16,1.66533453693773E-16));
#5346=DIRECTION('',(2.63399016179365E-16,0.992546151641322,-0.121869343405147));
#5347=DIRECTION('',(-2.21390777173234E-16,-0.573576436351046,0.819152044288992));
#5348=DIRECTION('',(2.91394659466148E-16,6.38378239159465E-16,-1.0));
#5349=CARTESIAN_POINT('',(3.65000000000051,-20.7500000000022,28.9500002306289));
#5350=DIRECTION('',(1.0,-2.44929359829471E-16,1.66533453693773E-16));
#5351=DIRECTION('',(-1.35442758320232E-16,0.121869343405147,0.992546151641322));
#5352=DIRECTION('',(2.85630401119447E-17,-0.965925826289068,-0.258819045102521));
#5353=DIRECTION('',(2.88998133608509E-16,4.02455846426619E-16,-1.0));
#5354=DIRECTION('',(8.53965944289789E-17,0.965925826289069,-0.25881904510252));
#5355=DIRECTION('',(-2.88998133608509E-16,-2.63677968348475E-16,1.0));
#5356=DIRECTION('',(-0.499999999999944,0.866025403784471,1.92296268638364E-16));
#5357=DIRECTION('',(-1.66533453693773E-16,-2.08166817117217E-16,1.0));
#5358=DIRECTION('',(0.443542922709068,-0.768238877469816,0.461604487476687));
#5359=DIRECTION('',(1.66533453693773E-16,2.08166817117217E-16,-1.0));
#5360=DIRECTION('',(-0.399457798904214,0.691881203181833,0.601443154070491));
#5361=DIRECTION('',(1.56938629548129E-16,0.857167300702538,-0.515038074909345));
#5362=DIRECTION('',(2.91394659466148E-16,-1.94289029309402E-16,-1.0));
#5363=DIRECTION('',(1.94289029309402E-16,-0.75470958022267,-0.656059028990625));
#5364=DIRECTION('',(-2.17975114592061E-16,0.573576436351046,0.819152044288992));
#5365=CARTESIAN_POINT('',(3.65000000000051,50.7499999999994,31.3152050640351));
#5366=DIRECTION('',(-1.0,2.44929359829471E-16,-1.66533453693773E-16));
#5367=DIRECTION('',(-2.22808370866062E-16,-0.992546151641322,-0.121869343405148));
#5368=DIRECTION('',(-2.88998133608509E-16,-1.38777878078144E-16,1.0));
#5369=DIRECTION('',(-9.71445146547012E-17,0.965925826289068,0.258819045102521));
#5370=DIRECTION('',(-2.88998133608509E-16,-2.08166817117217E-16,1.0));
#5371=DIRECTION('',(-9.92743822367933E-17,-0.965925826289068,0.258819045102521));
#5372=DIRECTION('',(-1.01427478316871E-16,-0.857167300702538,0.515038074909345));
#5373=DIRECTION('',(-1.0,-1.9085006026454E-19,-1.66533453693773E-16));
#5374=DIRECTION('',(0.123895782487094,0.850563028809777,-0.511069828011642));
#5375=DIRECTION('',(-1.66533453693773E-16,-1.4970298369836E-15,1.0));
#5376=DIRECTION('',(0.144142097234507,-0.989556999775575,-1.08703490603451E-16));
#5377=DIRECTION('',(1.66533453693773E-16,1.66533453693773E-16,-1.0));
#5378=DIRECTION('',(1.66533453693773E-16,1.66533453693773E-16,-1.0));
#5379=DIRECTION('',(1.66533453693773E-16,2.35922392732846E-16,-1.0));
#5380=DIRECTION('',(1.65879625941976E-16,0.573576436351046,-0.819152044288992));
#5381=CARTESIAN_POINT('',(0.500000000000004,-2.75000000000046,31.3152050640351));
#5382=DIRECTION('',(1.0,-2.4492935982947E-16,1.66533453693773E-16));
#5383=DIRECTION('',(2.63399016179365E-16,0.992546151641322,-0.121869343405147));
#5384=DIRECTION('',(1.66533453693773E-16,2.63677968348475E-16,-1.0));
#5385=CARTESIAN_POINT('',(0.500000000000004,-20.7500000000022,28.9500002306289));
#5386=DIRECTION('',(1.0,-2.44929359829471E-16,1.66533453693773E-16));
#5387=DIRECTION('',(-1.35442758320232E-16,0.121869343405147,0.992546151641322));
#5388=CARTESIAN_POINT('',(4.89386309254769E-13,-3.10000000001818,11.3247092978861));
#5389=DIRECTION('',(1.0,-2.44929359829471E-16,1.66533453693773E-16));
#5390=DIRECTION('',(2.44929359829471E-16,1.0,1.94289029309402E-16));
#5391=CARTESIAN_POINT('',(4.15000000000049,-3.10000000001818,11.3247092978861));
#5392=DIRECTION('',(1.0,-2.44929359829471E-16,1.66533453693773E-16));
#5393=DIRECTION('',(2.44929359829471E-16,1.0,1.94289029309402E-16));
#5394=DIRECTION('',(-1.0,2.44929359829471E-16,-1.66533453693773E-16));
#5395=DIRECTION('',(-1.0,6.25907352115395E-16,3.77559506601982E-16));
#5396=DIRECTION('',(1.06952812129545E-16,-0.573576436351046,-0.819152044288992));
#5397=DIRECTION('',(-4.06949033297023E-18,-0.573576436351046,-0.819152044288992));
#5398=DIRECTION('',(-4.06949033297023E-18,-0.573576436351046,-0.819152044288992));
#5399=DIRECTION('',(6.12323399573676E-17,1.0,2.77555756156289E-16));
#5400=DIRECTION('',(-1.66533453693773E-16,1.05749083490315E-32,1.0));
#5401=DIRECTION('',(-6.12323399573676E-17,-1.0,-2.08166817117217E-16));
#5402=DIRECTION('',(1.66533453693773E-16,1.38777878078144E-16,-1.0));
#5403=DIRECTION('',(1.66533453693773E-16,1.38777878078144E-16,-1.0));
#5404=DIRECTION('',(-1.0,0.0,-1.66533453693773E-16));
#5405=DIRECTION('',(-1.66533453693773E-16,-2.22044604925031E-16,1.0));
#5406=DIRECTION('',(-1.0,0.0,-1.66533453693773E-16));
#5407=DIRECTION('',(-1.66533453693773E-16,-2.22044604925031E-16,1.0));
#5408=DIRECTION('',(-2.90948145648382E-16,-0.707106781186548,0.707106781186547));
#5409=DIRECTION('',(1.0,-2.44929359829471E-16,1.66533453693773E-16));
#5410=DIRECTION('',(-2.90948145648382E-16,-0.707106781186548,0.707106781186547));
#5411=DIRECTION('',(-8.32667268468868E-17,0.75470958022267,0.656059028990625));
#5412=DIRECTION('',(-1.6780444313213E-16,-0.931839057156208,-0.362871839026163));
#5413=DIRECTION('',(1.0,-2.44929359829471E-16,1.66533453693773E-16));
#5414=DIRECTION('',(-1.6780444313213E-16,-0.931839057156208,-0.362871839026163));
#5415=DIRECTION('',(-0.144142097234507,-0.989556999775575,-2.89114732105039E-16));
#5416=DIRECTION('',(0.109275125000415,0.75019003414101,0.652130247520888));
#5417=DIRECTION('',(-1.66533453693773E-16,1.05294062713353E-15,1.0));
#5418=DIRECTION('',(2.90948145648382E-16,0.707106781186548,-0.707106781186547));
#5419=DIRECTION('',(-1.0,2.44929359829471E-16,-1.66533453693773E-16));
#5420=DIRECTION('',(2.90948145648382E-16,0.707106781186548,-0.707106781186547));
#5421=DIRECTION('',(-5.54342768458155E-17,-0.707106781186547,-0.707106781186548));
#5422=DIRECTION('',(-1.0,2.44929359829471E-16,-1.66533453693773E-16));
#5423=DIRECTION('',(-5.54342768458155E-17,-0.707106781186547,-0.707106781186548));
#5424=DIRECTION('',(-2.90948145648385E-16,-0.70710678118659,0.707106781186506));
#5425=DIRECTION('',(-1.0,2.44929359829471E-16,-1.66533453693773E-16));
#5426=DIRECTION('',(-2.90948145648385E-16,-0.70710678118659,0.707106781186506));
#5427=DIRECTION('',(5.54342768458155E-17,0.707106781186547,0.707106781186548));
#5428=DIRECTION('',(-1.0,2.44929359829471E-16,-1.66533453693773E-16));
#5429=DIRECTION('',(5.54342768458155E-17,0.707106781186547,0.707106781186548));
#5430=DIRECTION('',(2.90948145648382E-16,0.707106781186548,-0.707106781186547));
#5431=DIRECTION('',(1.0,-2.44929359829471E-16,1.66533453693773E-16));
#5432=DIRECTION('',(2.90948145648382E-16,0.707106781186548,-0.707106781186547));
#5433=DIRECTION('',(6.12323399573676E-17,1.0,2.08166817117217E-16));
#5434=DIRECTION('',(-1.66533453693773E-16,4.07889322034067E-32,1.0));
#5435=DIRECTION('',(6.12323399573676E-17,1.0,2.77555756156289E-16));
#5436=DIRECTION('',(-6.63044092421864E-17,0.362871839026052,0.931839057156251));
#5437=DIRECTION('',(1.0,-2.44929359829471E-16,1.66533453693773E-16));
#5438=DIRECTION('',(-6.63044092421864E-17,0.362871839026052,0.931839057156251));
#5439=DIRECTION('',(-1.0,2.44929359829471E-16,-1.66533453693773E-16));
#5440=DIRECTION('',(1.66533453693773E-16,1.38777878078144E-16,-1.0));
#5441=DIRECTION('',(1.0,-2.44929359829471E-16,2.2336950943953E-16));
#5442=DIRECTION('',(-2.90948145648375E-16,-0.707106781186466,0.707106781186629));
#5443=DIRECTION('',(1.0,-2.44929359829471E-16,1.66533453693773E-16));
#5444=DIRECTION('',(-2.90948145648375E-16,-0.707106781186466,0.707106781186629));
#5445=DIRECTION('',(-1.0,9.86076131526265E-32,-2.88998133608509E-16));
#5446=DIRECTION('',(1.66533453693773E-16,2.08166817117217E-16,-1.0));
#5447=DIRECTION('',(1.0,-9.86076131526265E-32,2.88998133608509E-16));
#5448=DIRECTION('',(2.44929359829471E-16,1.0,1.94289029309402E-16));
#5449=DIRECTION('',(1.0,-2.44929359829471E-16,1.66533453693773E-16));
#5450=DIRECTION('',(2.44929359829471E-16,1.0,1.94289029309402E-16));
#5451=DIRECTION('',(2.67697677561848E-16,-1.0,-1.94289029309402E-16));
#5452=CARTESIAN_POINT('',(2.40000000000151,32.2249999999838,46.8500000000089));
#5453=DIRECTION('',(-1.66533453693773E-16,-1.66533453693773E-16,1.0));
#5454=DIRECTION('',(0.0,1.0,1.66533453693773E-16));
#5455=DIRECTION('',(1.0,-2.44929359829472E-16,1.66533453693773E-16));
#5456=DIRECTION('',(-7.27194827964908E-17,0.342020143325669,0.939692620785908));
#5457=DIRECTION('',(1.0,-2.44929359829471E-16,1.66533453693773E-16));
#5458=DIRECTION('',(-7.27194827964908E-17,0.342020143325669,0.939692620785908));
#5459=DIRECTION('',(-1.93481564813087E-16,-0.965925826289068,-0.258819045102521));
#5460=DIRECTION('',(-1.66533453693773E-16,1.23512311489549E-15,1.0));
#5461=DIRECTION('',(-1.0,2.44929359829471E-16,-1.66533453693773E-16));
#5462=DIRECTION('',(-3.50230473565876E-16,-1.66533453693773E-16,1.0));
#5463=DIRECTION('',(1.0,-8.94773761205275E-13,3.50230473565727E-16));
#5464=DIRECTION('',(-3.50230473565876E-16,-1.66533453693773E-16,1.0));
#5465=DIRECTION('',(-1.0,2.44929359829471E-16,-1.66533453693773E-16));
#5466=DIRECTION('',(-1.66533453693773E-16,1.23512311489549E-15,1.0));
#5467=DIRECTION('',(-2.44929359829471E-16,-1.0,-6.2450045135165E-16));
#5468=DIRECTION('',(-1.0,2.44929359829471E-16,-1.66533453693773E-16));
#5469=DIRECTION('',(1.96511037672039E-13,1.0,6.24500451351683E-16));
#5470=DIRECTION('',(-1.96511037672039E-13,-1.0,-6.24500451351683E-16));
#5471=DIRECTION('',(-1.0,2.44929359829471E-16,-1.66533453693773E-16));
#5472=DIRECTION('',(-2.44929359829471E-16,-1.0,-6.2450045135165E-16));
#5473=DIRECTION('',(1.96511037672039E-13,-1.0,-6.24500451351618E-16));
#5474=DIRECTION('',(-1.0,-1.9651103767204E-13,-1.665334536939E-16));
#5475=DIRECTION('',(1.96511037672039E-13,1.0,6.24500451351683E-16));
#5476=DIRECTION('',(-1.66533453693774E-16,-1.63757896132211E-15,1.0));
#5477=DIRECTION('',(1.0,-2.44929359829471E-16,1.66533453693773E-16));
#5478=DIRECTION('',(-1.66533453693774E-16,-1.63757896132211E-15,1.0));
#5479=DIRECTION('',(-3.50230473565876E-16,-1.66533453693773E-16,1.0));
#5480=DIRECTION('',(1.0,8.94773761205275E-13,3.50230473566025E-16));
#5481=DIRECTION('',(-3.50230473565876E-16,-1.66533453693773E-16,1.0));
#5482=DIRECTION('',(2.79685623738381E-16,0.965925826289068,-0.258819045102521));
#5483=DIRECTION('',(-2.40261032303571E-16,-0.342020143325669,0.939692620785908));
#5484=DIRECTION('',(1.0,-2.44929359829471E-16,1.66533453693773E-16));
#5485=DIRECTION('',(-2.40261032303571E-16,-0.342020143325669,0.939692620785908));
#5486=DIRECTION('',(6.12323399573676E-17,1.0,2.77555756156289E-16));
#5487=DIRECTION('',(6.12323399573676E-17,1.0,2.77555756156289E-16));
#5488=DIRECTION('',(1.0,6.12323399573676E-17,1.66533453693773E-16));
#5489=DIRECTION('',(-2.44929359829471E-16,-1.0,-2.08166817117217E-16));
#5490=DIRECTION('',(1.0,-2.44929359829471E-16,1.66533453693773E-16));
#5491=DIRECTION('',(-2.44929359829471E-16,-1.0,-2.08166817117217E-16));
#5492=DIRECTION('',(-2.67697677561848E-16,-1.0,-2.08166817117217E-16));
#5493=CARTESIAN_POINT('',(2.40000000000151,15.7750000000152,46.8500000000089));
#5494=DIRECTION('',(1.66533453693773E-16,1.66533453693773E-16,-1.0));
#5495=DIRECTION('',(0.0,-1.0,-1.66533453693773E-16));
#5496=DIRECTION('',(5.54342768457819E-17,0.707106781186466,0.70710678118663));
#5497=DIRECTION('',(1.0,-2.44929359829471E-16,1.66533453693773E-16));
#5498=DIRECTION('',(5.54342768457819E-17,0.707106781186466,0.70710678118663));
#5499=DIRECTION('',(-1.0,4.93038065763132E-32,-1.66533453693773E-16));
#5500=DIRECTION('',(-6.12323399573676E-17,1.0,2.35922392732846E-16));
#5501=DIRECTION('',(-1.0,2.44929359829472E-16,-1.66533453693773E-16));
#5502=DIRECTION('',(6.12323399573676E-17,-1.0,-2.35922392732846E-16));
#5503=DIRECTION('',(-2.44060343707774E-16,-0.362871839026052,0.931839057156251));
#5504=DIRECTION('',(1.0,-2.44929359829471E-16,1.66533453693773E-16));
#5505=DIRECTION('',(-2.44060343707774E-16,-0.362871839026052,0.931839057156251));
#5506=DIRECTION('',(-1.66533453693773E-16,-2.22044604925031E-16,1.0));
#5507=DIRECTION('',(-1.0,9.86076131526265E-32,-3.50230473565876E-16));
#5508=DIRECTION('',(-1.66533453693773E-16,-2.22044604925031E-16,1.0));
#5509=DIRECTION('',(-5.54342768458157E-17,-0.707106781186548,-0.707106781186548));
#5510=DIRECTION('',(-1.0,2.44929359829471E-16,-1.66533453693773E-16));
#5511=DIRECTION('',(-5.54342768458157E-17,-0.707106781186548,-0.707106781186548));
#5512=DIRECTION('',(-2.90948145648382E-16,-0.707106781186548,0.707106781186548));
#5513=DIRECTION('',(-1.0,2.44929359829471E-16,-1.66533453693773E-16));
#5514=DIRECTION('',(-2.90948145648382E-16,-0.707106781186548,0.707106781186548));
#5515=DIRECTION('',(5.54342768458328E-17,0.707106781186589,0.707106781186506));
#5516=DIRECTION('',(-1.0,2.44929359829471E-16,-1.66533453693773E-16));
#5517=DIRECTION('',(5.54342768458328E-17,0.707106781186589,0.707106781186506));
#5518=DIRECTION('',(2.90948145648382E-16,0.707106781186548,-0.707106781186548));
#5519=DIRECTION('',(-1.0,2.44929359829471E-16,-1.66533453693773E-16));
#5520=DIRECTION('',(2.90948145648382E-16,0.707106781186548,-0.707106781186548));
#5521=DIRECTION('',(-5.54342768458156E-17,-0.707106781186547,-0.707106781186548));
#5522=DIRECTION('',(1.0,-2.44929359829471E-16,1.66533453693773E-16));
#5523=DIRECTION('',(-5.54342768458156E-17,-0.707106781186547,-0.707106781186548));
#5524=DIRECTION('',(6.12323399573676E-17,-1.0,-1.66533453693773E-16));
#5525=DIRECTION('',(1.66533453693773E-16,-9.11456386273653E-32,-1.0));
#5526=DIRECTION('',(6.12323399573676E-17,-1.0,-2.35922392732846E-16));
#5527=DIRECTION('',(1.0,-2.44929359829471E-16,1.66533453693773E-16));
#5528=DIRECTION('',(2.88665044334605E-16,0.931839057156208,-0.362871839026163));
#5529=DIRECTION('',(2.88665044334605E-16,0.931839057156208,-0.362871839026163));
#5530=DIRECTION('',(0.499999999999944,0.866025403784471,3.03318571100879E-16));
#5531=DIRECTION('',(-6.12323399573676E-17,1.0,1.66533453693773E-16));
#5532=DIRECTION('',(6.12323399573676E-17,-1.0,-1.66533453693773E-16));
#5533=DIRECTION('',(5.54342768458155E-17,0.707106781186547,0.707106781186548));
#5534=DIRECTION('',(1.0,-2.44929359829471E-16,1.66533453693773E-16));
#5535=DIRECTION('',(5.54342768458155E-17,0.707106781186547,0.707106781186548));
#5536=DIRECTION('',(1.66533453693773E-16,2.63677968348475E-16,-1.0));
#5537=DIRECTION('',(1.0,-2.44929359829471E-16,1.66533453693773E-16));
#5538=DIRECTION('',(1.66533453693773E-16,2.63677968348475E-16,-1.0));
#5539=CARTESIAN_POINT('',(4.92050844513869E-13,2.58278633637482,4.60066604154056));
#5540=DIRECTION('',(1.0,-1.25998616806134E-31,1.66533453693773E-16));
#5541=DIRECTION('',(2.02953226566517E-17,0.992546151641322,-0.121869343405147));
#5542=CARTESIAN_POINT('',(4.1500000000005,50.7499999999994,31.3152050640351));
#5543=DIRECTION('',(-1.0,2.44929359829471E-16,-1.66533453693773E-16));
#5544=DIRECTION('',(-2.22808370866062E-16,-0.992546151641322,-0.121869343405148));
#5545=DIRECTION('',(1.96511037672039E-13,1.0,1.66533453693842E-16));
#5546=DIRECTION('',(-1.0,-1.9651103767204E-13,-3.50230473565909E-16));
#5547=DIRECTION('',(-1.96511037672039E-13,1.0,1.66533453693705E-16));
#5548=DIRECTION('',(-3.50230473565876E-16,-1.66533453693773E-16,1.0));
#5549=DIRECTION('',(-3.50230473565876E-16,-1.66533453693773E-16,1.0));
#5550=DIRECTION('',(-1.96511037672039E-13,-1.0,-1.66533453693842E-16));
#5551=DIRECTION('',(-1.96511037672039E-13,-1.0,-1.66533453693842E-16));
#5552=DIRECTION('',(2.67697677561848E-16,-1.0,-1.66533453693773E-16));
#5553=CARTESIAN_POINT('',(2.40000000000151,32.2249999999838,38.1000000000109));
#5554=DIRECTION('',(-1.66533453693773E-16,-1.66533453693773E-16,1.0));
#5555=DIRECTION('',(0.0,1.0,1.66533453693773E-16));
#5556=DIRECTION('',(-0.707106781186548,0.707106781186547,-6.73463193876744E-18));
#5557=DIRECTION('',(-1.66533453693773E-16,-1.66533453693773E-16,1.0));
#5558=CARTESIAN_POINT('',(2.40000000000151,15.7750000000152,38.1000000000109));
#5559=DIRECTION('',(1.66533453693773E-16,1.66533453693773E-16,-1.0));
#5560=DIRECTION('',(0.0,-1.0,-1.66533453693773E-16));
#5561=DIRECTION('',(2.67697677561848E-16,1.0,1.66533453693773E-16));
#5562=DIRECTION('',(-0.707106781186548,0.707106781186547,-6.73463193876744E-18));
#5563=DIRECTION('',(-1.66533453693773E-16,-1.66533453693773E-16,1.0));
#5564=DIRECTION('',(1.66533453693773E-16,1.66533453693773E-16,-1.0));
#5565=CARTESIAN_POINT('',(2.40000000000151,15.7750000000152,37.5000000000109));
#5566=DIRECTION('',(1.66533453693773E-16,1.66533453693773E-16,-1.0));
#5567=DIRECTION('',(0.0,-1.0,-1.66533453693773E-16));
#5568=DIRECTION('',(1.66533453693773E-16,1.66533453693773E-16,-1.0));
#5569=CARTESIAN_POINT('',(2.40000000000151,15.7750000000152,38.1000000000109));
#5570=DIRECTION('',(1.66533453693773E-16,1.66533453693773E-16,-1.0));
#5571=DIRECTION('',(0.0,-1.0,-1.66533453693773E-16));
#5572=DIRECTION('',(0.707106781186548,-0.707106781186547,6.73463193876744E-18));
#5573=DIRECTION('',(0.707106781186548,-0.707106781186547,6.73463193876744E-18));
#5574=DIRECTION('',(-0.707106781186548,0.707106781186547,-6.73463193876744E-18));
#5575=DIRECTION('',(0.707106781186548,-0.707106781186547,6.73463193876744E-18));
#5576=DIRECTION('',(0.707106781186548,-0.707106781186547,6.73463193876744E-18));
#5577=DIRECTION('',(-0.707106781186548,0.707106781186547,-6.73463193876744E-18));
#5578=DIRECTION('',(-6.12323399573676E-17,-1.0,-2.08166817117217E-16));
#5579=DIRECTION('',(6.12323399573676E-17,1.0,2.08166817117217E-16));
#5580=DIRECTION('',(1.66533453693773E-16,4.02455846426619E-16,-1.0));
#5581=DIRECTION('',(-1.0,2.44929359829471E-16,-1.66533453693773E-16));
#5582=DIRECTION('',(-1.0,2.44929359829471E-16,-1.66533453693773E-16));
#5583=DIRECTION('',(2.79685623738381E-16,0.965925826289069,-0.25881904510252));
#5584=DIRECTION('',(-1.0,2.44929359829471E-16,-1.66533453693773E-16));
#5585=DIRECTION('',(-1.93481564813087E-16,-0.965925826289068,-0.258819045102521));
#5586=DIRECTION('',(1.0,-2.44929359829471E-16,1.66533453693773E-16));
#5587=DIRECTION('',(-1.66533453693773E-16,-2.63677968348475E-16,1.0));
#5588=CARTESIAN_POINT('',(4.85833595575969E-13,-2.75000000000046,31.3152050640351));
#5589=DIRECTION('',(1.0,-2.4492935982947E-16,1.66533453693773E-16));
#5590=DIRECTION('',(2.63399016179365E-16,0.992546151641322,-0.121869343405147));
#5591=DIRECTION('',(-2.76901928404491E-16,-0.573576436351046,0.819152044288992));
#5592=DIRECTION('',(-2.93564230299862E-16,-0.745056142197266,0.667001757849354));
#5593=CARTESIAN_POINT('',(4.81392703477468E-13,-20.7500000000022,28.9500002306289));
#5594=DIRECTION('',(1.0,-2.44929359829471E-16,1.66533453693773E-16));
#5595=DIRECTION('',(-1.35442758320232E-16,0.121869343405147,0.992546151641322));
#5596=DIRECTION('',(-2.93564230299862E-16,-0.745056142197266,0.667001757849354));
#5597=DIRECTION('',(1.0,-2.44929359829471E-16,1.66533453693773E-16));
#5598=DIRECTION('',(1.0,-2.44929359829471E-16,1.66533453693773E-16));
#5599=DIRECTION('',(1.0,-2.44929359829471E-16,1.66533453693773E-16));
#5600=DIRECTION('',(1.0,-2.44929359829471E-16,1.66533453693773E-16));
#5601=DIRECTION('',(1.0,-2.44929359829471E-16,1.66533453693773E-16));
#5602=DIRECTION('',(-2.76901928404491E-16,-0.573576436351046,0.819152044288992));
#5603=DIRECTION('',(1.0,-2.44929359829471E-16,1.66533453693773E-16));
#5604=CARTESIAN_POINT('',(4.15000000000049,-2.75000000000046,31.3152050640351));
#5605=DIRECTION('',(1.0,-2.4492935982947E-16,1.66533453693773E-16));
#5606=DIRECTION('',(2.63399016179365E-16,0.992546151641322,-0.121869343405147));
#5607=DIRECTION('',(-1.66533453693773E-16,-2.63677968348475E-16,1.0));
#5608=CARTESIAN_POINT('',(4.15000000000048,-20.7500000000022,28.9500002306289));
#5609=DIRECTION('',(1.0,-2.44929359829471E-16,1.66533453693773E-16));
#5610=DIRECTION('',(-1.35442758320232E-16,0.121869343405147,0.992546151641322));
#5611=PRESENTATION_LAYER_ASSIGNMENT('','',(#163,#165,#167,#169,#171,#173,#175,#177,#179,#181,#183,#185,#187,#189,#191,#193,#195,#197,#199,#201,#203,#205,#207,#209,#211,#213,#215,#217,#219,#221,#223,#225,#227,#229,#231,#233,#235,#237,#239,#241,#243,#245,#247,#249,#251,#253,#255,#257,#259,#261,#263,#265,#267,#269,#271,#273,#275,#277,#279,#281,#283,#285,#287,#289,#291,#293,#295,#297,#299,#301,#303,#305,#307,#309,#311,#313,#315,#317,#319,#321,#323,#325,#327,#329,#331,#333,#335,#337,#339,#341,#343,#345,#347,#349,#351,#353,#355,#357,#359,#361,#363,#365,#367,#369,#371,#373,#375,#377,#379,#381,#383,#385,#387,#389,#391,#393,#395,#397,#399,#401,#403,#405,#407,#409,#411,#413,#415,#417,#419,#421,#423,#425,#427,#429,#431,#433,#435,#437,#439,#2641,#2642,#2643,#2646,#2647,#2648,#2649,#2650,#2651,#2654,#2655,#2656,#2657,#2658,#2659,#2660,#2663,#2664,#2665,#2666,#2667,#2668,#2671,#2672,#2673,#2676,#2677,#2678,#2681,#2682,#2683,#2686,#2687,#2688,#2690,#2691,#2692,#2693,#2695,#2696,#2697,#2699,#2700,#2701,#2703,#2704,#2705,#2706,#2708,#2709,#2710,#2712,#2713,#2714,#2715,#2717,#2718,#2719,#2721,#2722,#2724,#2725,#2726,#2728,#2729,#2730,#2731,#2733,#2734,#2735,#2737,#2738,#2740,#2741,#2742,#2744,#2745,#2746,#2748,#2749,#2750,#2752,#2753,#2754,#2756,#2757,#2758,#2760,#2761,#2762,#2764,#2765,#2766,#2768,#2769,#2770,#2772,#2773,#2774,#2776,#2777,#2778,#2779,#2781,#2782,#2783,#2785,#2786,#2787,#2788,#2790,#2791,#2792,#2794,#2795,#2796,#2797,#2798,#2799,#2801,#2802,#2803,#2805,#2807,#2808,#2809,#2811,#2812,#2814,#2815,#2816,#2818,#2819,#2820,#2821,#2823,#2824,#2825,#2826,#2828,#2829,#2830,#2831,#2832,#2833,#2835,#2836,#2837,#2838,#2840,#2841,#2842,#2843,#2844,#2845,#2846,#2847,#2849,#2850,#2851,#2852,#2853,#2854,#2855,#2856,#2858,#2859,#2860,#2861,#2862,#2864,#2865,#2866,#2867,#2868,#2869,#2870,#2871,#2872,#2874,#2875,#2876,#2878,#2879,#2881,#2882,#2884,#2885,#2886,#2887,#2888,#2890,#2891,#2893,#2894,#2895,#2896,#2897,#2899,#2900,#2901,#2903,#2904,#2906,#2907,#2908,#2909,#2911,#2912,#2913,#2915,#2917,#2918,#2919,#2921,#2922,#2923,#2925,#2926,#2927,#2929,#2930,#2931,#2933,#2934,#2935,#2937,#2938,#2939,#2941,#2942,#2943,#2945,#2946,#2947,#2949,#2950,#2951,#2953,#2954,#2955,#2957,#2958,#2959,#2961,#2962,#2963,#2965,#2966,#2967,#2968,#2969,#2971,#2973,#2974,#2975,#2977,#2979,#2980,#2981,#2982,#2983,#2984,#2985,#2987,#2988,#2989,#2990,#2991,#2992,#2993,#2994,#2995,#2997,#2998,#2999,#3000,#3001,#3002,#3004,#3006,#3007,#3008,#3010,#3011,#3012,#3014,#3015,#3016,#3017,#3018,#3021,#3022,#3023,#3025,#3026,#3027,#3028,#3030,#3031,#3032,#3034,#3035,#3036,#3038,#3039,#3040,#3042,#3043,#3044,#3046,#3047,#3048,#3050,#3051,#3052,#3054,#3055,#3056,#3058,#3059,#3060,#3062,#3063,#3064,#3066,#3067,#3068,#3070,#3071,#3072,#3075,#3076,#3077,#3079,#3081,#3083,#3084,#3085,#3087,#3088,#3092,#3094,#3097,#3098,#3099,#3101,#3104,#3105,#3106,#3108,#3109,#3110,#3111,#3112,#3115,#3117,#3119,#3120,#3122,#3125,#3132,#3133,#3137,#3138,#3139,#3141,#3142,#3144,#3145,#3147,#3148,#3149,#3150,#3151,#3153,#3154,#3156,#3157,#3159,#3161,#3162,#3164,#3165,#3167,#3169,#3176,#3178,#3185,#3187,#3189,#3191,#3199,#3201,#3203,#3205,#3207,#3209,#3217,#3219,#3221,#3223,#3230,#3232,#3239,#3241,#3248,#3250,#3257,#3259,#3263,#3264,#3266,#3268,#3272,#3273,#3278,#3280,#3284,#3287,#3291,#3293,#3297,#3298,#3300,#3302,#3306,#3308,#3315,#3317,#3321,#3322,#3324,#3326,#3330,#3332,#3339,#3341,#3345,#3347,#3351,#3352,#3357,#3359,#3363,#3365,#3369,#3371,#3375,#3377,#3381,#3383,#3387,#3389,#3393,#3394,#3396,#3398,#3402,#3404,#3408,#3409,#3415,#3417,#3421,#3422,#3424,#3426,#3428,#3433,#3435,#3441,#3443,#3450,#3452,#3456,#3457,#3459,#3461,#3465,#3466,#3468,#3470,#3474,#3475,#3477,#3479,#3481,#3483,#3487,#3488,#3490,#3492,#3496,#3497,#3499,#3501,#3503,#3505,#3507,#3509,#3513,#3514,#3518,#3520,#3522,#3524,#3528,#3529,#3531,#3533,#3535,#3539,#3541,#3543,#3545,#3547,#3549,#3551,#3553,#3558,#3562,#3570,#3572,#3574,#3581,#3583,#3589,#3591,#3598,#3599,#3601,#3603,#3607,#3609,#3615,#3617,#3621,#3622,#3627,#3629,#3633,#3635,#3639,#3641,#3645,#3647,#3651,#3653,#3657,#3659,#3663,#3665,#3669,#3671,#3675,#3677,#3681,#3683,#3687,#3689,#3692,#3698,#3700,#3706,#3708,#3710,#3712,#3714,#3716,#3720,#3722,#3725,#3727,#3730,#3732,#3736,#3738,#3741,#3743,#3749,#3751,#3759,#3761,#3764,#3769,#3771,#3775,#3776,#3779,#3783,#3785,#3789,#3791,#3795,#3797,#3801,#3803,#3807,#3809,#3813,#3815,#3819,#3821,#3825,#3830,#3831,#3840,#3842,#3847,#3849,#3857,#3859,#3873,#3881,#3882,#3888,#3890,#3892,#3919,#3920,#3925,#3929,#3933,#3934,#3936,#3938,#3943,#3952,#3956));
ENDSEC;
END-ISO-10303-21;
