<?xml version="1.0" encoding="UTF-8"?>
<COLLADA xmlns="http://www.collada.org/2005/11/COLLADASchema" version="1.4.1">
<!--
# File generated by ImageToStl.com - Free Image and 3D model conversion tools
-->
  <asset>
    <contributor>
      <author>ImageToStl.com</author>
      <authoring_tool>ImageToStl.com</authoring_tool>
    </contributor>
    <created>2025-04-01T10:05:04</created>
    <modified>2025-04-01T10:05:04</modified>
    <up_axis>Z_UP</up_axis>
  </asset>
  <library_effects>
    <effect id="effect_0">
        <profile_COMMON>
          <technique sid="common">
            <phong>
              <diffuse>
                <color>0.31373 0.78431 0.31373 1</color>
              </diffuse>
              <specular>
                <color>0.05 0.05 0.05 1</color>
              </specular>
              <shininess>
                <float>64</float>
              </shininess>
              <transparency>
                <float>1</float>
              </transparency>
            </phong>
          </technique>
        </profile_COMMON>
    </effect>
    <effect id="effect_1">
        <profile_COMMON>
          <technique sid="common">
            <phong>
              <diffuse>
                <color>1 0.83922 0.30196 1</color>
              </diffuse>
              <specular>
                <color>0.05 0.05 0.05 1</color>
              </specular>
              <shininess>
                <float>64</float>
              </shininess>
              <transparency>
                <float>1</float>
              </transparency>
            </phong>
          </technique>
        </profile_COMMON>
    </effect>
    <effect id="effect_2">
        <profile_COMMON>
          <technique sid="common">
            <phong>
              <diffuse>
                <color>0.82353 0.82353 0.78431 1</color>
              </diffuse>
              <specular>
                <color>0.05 0.05 0.05 1</color>
              </specular>
              <shininess>
                <float>64</float>
              </shininess>
              <transparency>
                <float>1</float>
              </transparency>
            </phong>
          </technique>
        </profile_COMMON>
    </effect>
  </library_effects>
  <library_materials>
    <material id="mat_0">
      <instance_effect url="#effect_0"/>
    </material>
    <material id="mat_1">
      <instance_effect url="#effect_1"/>
    </material>
    <material id="mat_2">
      <instance_effect url="#effect_2"/>
    </material>
  </library_materials>
  <library_geometries>
    <geometry id="geometry_6b2a265b_fa84_4dc6_a12b_b570686a2de6">
      <mesh>
        <source id="pos_0">
          <float_array id="pos_0-array" count="3051">12.14999962 0.00481527 5.09801722 12.14999962 0.00120454 5.0490675 12.14999962 0 5 12.14999962 0.02996875 5.24298 12.14999962 0.01921472 5.19509029 12.14999962 0.01082349 5.14673042 12.14999962 0.04305967 5.29028463 12.14999962 0.11807874 5.47139692 12.14999962 0.09601071 5.42755508 12.14999962 0.07612047 5.38268328 12.14999962 0.05845594 5.33688974 12.14999962 0.16853039 5.55557013 12.14999962 0.14227138 5.51410294 12.14999962 0.22698955 5.63439322 12.14999962 0.19679247 5.59569931 12.14999962 0.25904888 5.67155886 12.14999962 0.29289323 5.70710659 12.14999962 0.36560673 5.77301025 12.14999962 0.32844105 5.74095106 12.14999962 0.44442976 5.83146954 12.14999962 0.40430069 5.8032074 12.14999962 0.48589724 5.85772848 12.14999962 0.61731654 5.92387962 12.14999962 0.57244492 5.90398932 12.14999962 0.52860326 5.88192129 12.14999962 0.70971531 5.95694017 12.14999962 0.66311014 5.94154406 12.14999962 0.95093232 5.99879551 12.14999962 0.90198284 5.9951849 12.14999962 0.85326952 5.98917627 12.14999962 1 6 12.14999962 0.80490971 5.98078537 12.14999962 0.75701982 5.97003126 12.14999962 4.95921183 2.53237939 12.14999962 4.94138384 2.54965281 12.14999962 0 0 12.14999962 4.92443562 2.56778955 12.14999962 4.97787476 2.51601243 12.14999962 4.90840769 2.58674502 12.14999962 4.99732733 2.50059175 12.14999962 4.89334106 2.60647273 12.14999962 5.0175209 2.48615551 12.14999962 4.87927151 2.6269238 12.14999962 5.03840637 2.47273922 12.14999962 4.86623478 2.64804792 12.14999962 5.05993176 2.46037626 12.14999962 4.85426235 2.66979337 12.14999962 5.0820446 2.44909668 12.14999962 4.84338379 2.69210577 12.14999962 5.1046896 2.4389286 12.14999962 4.83362627 2.71493101 12.14999962 5.12781143 2.42989683 12.14999962 4.82501364 2.73821211 12.14999962 5.15135336 2.42202401 12.14999962 4.81756687 2.76189208 12.14999962 5.17525673 2.41532898 12.14999962 4.81130457 2.78591251 12.14999962 5.19946289 2.40982866 12.14999962 4.80624199 2.81021404 12.14999962 5.22391224 2.40553665 12.14999962 4.80239201 2.83473682 12.14999962 5.24854469 2.4024632 12.14999962 4.79976416 2.85942054 12.14999962 5.27329874 2.40061617 12.14999962 4.79836416 2.88420439 12.14999962 5.29811478 2.4000001 12.14999962 4.79819584 2.9090271 12.14999962 4.79926014 2.9338274 12.14999962 4.80155373 2.95854449 12.14999962 4.80507135 2.98311734 12.14999962 4.80980444 3.00748515 12.14999962 4.81574059 3.03158808 12.14999962 4.82286596 3.05536675 12.14999962 4.79811478 5 12.14999962 5.1448946 3.37594485 12.14999962 5.16870499 3.38296294 12.14999962 5.12146139 3.36775398 12.14999962 5.09846401 3.35840988 12.14999962 5.07595873 3.34793615 12.14999962 5.05400085 3.33635831 12.14999962 5.03264475 3.32370472 12.14999962 5.01194286 3.3100071 12.14999962 4.99194622 3.29529881 12.14999962 4.97270441 3.27961612 12.14999962 4.95426464 3.26299763 12.14999962 4.93667269 3.24548483 12.14999962 4.91997099 3.22712016 12.14999962 4.90420198 3.2079494 12.14999962 4.88940334 3.18801951 12.14999962 4.87561226 3.16737962 12.14999962 4.86286259 3.14608073 12.14999962 4.8511858 3.12417555 12.14999962 4.8406105 3.10171747 12.14999962 3.79811454 6 12.14999962 4.83116293 3.07876253 12.14999962 6.16710711 3.67530942 12.14999962 6.09503412 3.63741255 12.14999962 6.11967325 3.64885259 12.14999962 6.14371681 3.66149497 12.14999962 6.18978691 3.6902616 12.14999962 6.06986046 3.62720323 12.14999962 6.21170092 3.70631576 12.14999962 6.04421377 3.61824918 12.14999962 3.94484496 5.98917627 12.14999962 3.89613175 5.9951849 12.14999962 3.84718227 5.99879551 12.14999962 6.23279524 3.72343206 12.14999962 6.25301838 3.74156904 12.14999962 6.01815557 3.61057258 12.14999962 4.76814604 5.24298 12.14999962 4.79690981 5.0490675 12.14999962 4.7932992 5.09801722 12.14999962 4.78729105 5.14673042 12.14999962 4.77889967 5.19509029 12.14999962 6.2723217 3.76068258 12.14999962 4.08839941 5.95694017 12.14999962 4.04109478 5.97003126 12.14999962 3.99320483 5.98078537 12.14999962 4.75505495 5.29028463 12.14999962 6.290658 3.78072596 12.14999962 4.18079805 5.92387962 12.14999962 4.13500452 5.94154406 12.14999962 4.72199392 5.38268328 12.14999962 4.73965883 5.33688974 12.14999962 6.32425165 3.82340431 12.14999962 6.30798197 3.80165029 12.14999962 4.68003607 5.47139692 12.14999962 4.70210409 5.42755508 12.14999962 4.26951122 5.88192129 12.14999962 4.22566986 5.90398932 12.14999962 4.31221724 5.85772848 12.14999962 4.62958431 5.55557013 12.14999962 4.65584326 5.51410294 12.14999962 6.33942699 3.84593511 12.14999962 4.39381409 5.8032074 12.14999962 4.3536849 5.83146954 12.14999962 4.43250799 5.77301025 12.14999962 4.46967363 5.74095106 12.14999962 4.50522137 5.70710659 12.14999962 4.60132217 5.59569931 12.14999962 4.57112503 5.63439322 12.14999962 4.53906584 5.67155886 12.14999962 6.35347176 3.86918783 12.14999962 6.37803411 3.91763043 12.14999962 6.36635113 3.89310575 12.14999962 10.3159399 0 12.14999962 6.38849163 3.94270182 12.14999962 6.41227341 4.02058077 12.14999962 6.3976984 3.9682591 12.14999962 6.4056325 3.99423981 12.14999962 6.42161703 4.07408476 12.14999962 6.41760588 4.04721737 12.14999962 6.42563772 4.1554141 12.14999962 6.42429638 4.10111713 12.14999962 6.42563772 4.12824917 12.14999962 8.20943928 2.4000001 12.14999962 6.42161703 4.20957899 12.14999962 6.42429638 4.18254614 12.14999962 6.01815557 4.67309093 12.14999962 6.4056325 4.28942347 12.14999962 6.41760588 4.23644638 12.14999962 6.41227341 4.26308298 12.14999962 6.04421377 4.66541433 12.14999962 6.06986046 4.65646029 12.14999962 6.38849163 4.34096146 12.14999962 6.3976984 4.31540442 12.14999962 6.37803411 4.36603308 12.14999962 6.18978691 4.59340191 12.14999962 6.16710711 4.60835409 12.14999962 6.14371681 4.62216854 12.14999962 6.11967325 4.63481092 12.14999962 6.09503412 4.64625072 12.14999962 6.32425165 4.46025944 12.14999962 6.36635113 4.39055777 12.14999962 6.35347176 4.41447544 12.14999962 6.33942699 4.4377284 12.14999962 6.23279524 4.56023121 12.14999962 6.21170092 4.57734776 12.14999962 6.2723217 4.52298069 12.14999962 6.30798197 4.48201323 12.14999962 6.290658 4.50293732 12.14999962 6.25301838 4.54209423 12.14999962 10.56205273 0.28502855 12.14999962 10.79667759 0.57958722 12.14999962 11.01944256 0.8832131 12.14999962 11.22999954 1.19542921 12.14999962 11.40473843 1.48068058 12.14999962 11.56564999 1.77395427 12.14999962 11.71236706 2.07458043 12.14999962 11.84455395 2.38187289 12.14999962 8.27279472 3.73165584 12.14999962 11.96190834 2.69512939 12.14999962 12.06416416 3.01363492 12.14999962 12.15108681 3.33666205 12.14999962 12.22247696 3.66347289 12.14999962 12.27817249 3.99332118 12.14999962 8.39564705 5.05914545 12.14999962 12.31804657 4.32545376 12.14999962 12.34200668 4.65911198 12.14999962 11.89999962 5.94999981 12.14999962 12.35000038 4.99353409 12.14999962 8.5777483 6.37981176 12.14999962 12.35000038 5.82942295 12.14999962 11.89999962 6.55000019 12.14999962 8.81873608 7.69101238 12.14999962 11.90983963 6.95402384 12.14999962 11.93933392 7.35709 12.14999962 11.98841381 7.75824261 12.14999962 9.11812687 8.99012184 12.14999962 12.05696201 8.15653038 12.14999962 12.14481735 8.55100918 12.14999962 12.25177097 8.94074345 12.14999962 9.47532177 10.2745409 12.14999962 12.3775692 9.32481003 12.14999962 12.52191353 9.70229816 12.14999962 9.88960552 11.54169941 12.14999962 12.68446159 10.0723114 12.14999962 10.36014938 12.78906059 12.14999962 2.70000005 17.3755703 12.14999962 3.87386107 14.15041351 12.14999962 12.86482811 10.43397427 12.14999962 12.87703991 10.45570946 12.14999962 12.89032078 10.47680855 12.14999962 12.90463543 10.49721909 12.14999962 12.91995049 10.51689148 12.14999962 12.93622684 10.53577614 12.14999962 12.95342445 10.55382538 12.14999962 12.9715004 10.57099533 12.14999962 12.99040985 10.58724213 12.14999962 13.01010609 10.60252762 12.14999962 13.03053856 10.6168108 12.14999962 13.05165863 10.63005924 12.14999962 13.07341194 10.64223766 12.14999962 13.09574604 10.6533165 12.14999962 13.11860371 10.66326809 12.14999962 13.14192963 10.6720686 12.14999962 13.16566563 10.67969513 12.14999962 13.18975163 10.68612957 12.14999962 13.21412849 10.69135475 12.14999962 13.2387352 10.69535828 12.14999962 13.26351166 10.69813061 12.14999962 13.28839493 10.69966412 12.14999962 13.31332397 10.69995594 12.14999962 13.33823681 10.69900513 12.14999962 13.36307049 10.69681263 12.14999962 13.38776493 10.69338608 12.14999962 13.41225719 10.68873215 12.14999962 13.4364872 10.68286324 12.14999962 13.46039486 10.67579365 12.14999962 13.4839201 10.6675415 12.14999962 13.50700474 10.65812683 12.14999962 13.52959156 10.64757347 12.14999962 18.24081802 7.25 12.14999962 13.74858379 9.96602535 12.14999962 13.58942318 9.64681625 12.14999962 13.44604492 9.32021427 12.14999962 13.31879044 8.9869976 12.14999962 13.2079649 8.64796352 12.14999962 13.11383247 8.30391979 12.14999962 13.03661823 7.95568991 12.14999962 12.97650623 7.60410309 12.14999962 12.93363953 7.25 12.14999962 13.75969696 9.98834229 12.14999962 13.76968479 10.01118469 12.14999962 13.77852058 10.03449726 12.14999962 13.78618336 10.05822086 12.14999962 13.79265499 10.08229733 12.14999962 13.79791737 10.10666656 12.14999962 13.80195904 10.13126755 12.14999962 13.80476952 10.15603924 12.14999962 13.80634212 10.18091965 12.14999962 13.8066721 10.20584869 12.14999962 13.80575848 10.23076248 12.14999962 13.80360508 10.25559998 12.14999962 13.80021572 10.28029919 12.14999962 13.79559994 10.30479908 12.14999962 13.78976822 10.32903767 12.14999962 13.78273582 10.35295582 12.14999962 13.77451992 10.37649441 12.14999962 13.76514053 10.39959335 12.14999962 13.75462246 10.42219639 12.14999962 13.74298954 10.44424725 12.14999962 13.73027325 10.46569061 12.14999962 13.71650314 10.48647308 12.14999962 13.70171356 10.50654316 12.14999962 19.73363876 6.8499999 12.14999962 13.68594265 10.5258522 12.14999962 13.66922951 10.54435062 12.14999962 13.65161419 10.56199265 12.14999962 13.63314152 10.5787344 12.14999962 38.59999847 7.05000019 12.14999962 38.59999847 6.8499999 12.14999962 46.70000076 -0 12.14999962 43.95000076 2.4000001 12.14999962 45.63049698 -0 12.14999962 45.30227661 5.40227604 12.14999962 43.95000076 4.05000019 12.14999962 6.81766987 44.77754211 12.14999962 2.70000005 45.15000153 12.14999962 6.05884838 45.53636169 12.14999962 4.29177523 46.74177551 12.14999962 46.27679443 5.66339731 12.14999962 6.43115473 45.90866852 12.14999962 46.59999847 5.8499999 12.14999962 46.17289352 7.31403923 12.14999962 44.01398849 7.05000019 12.14999962 45.17631149 6.8499999 12.14999962 45.37984467 6.8499999 12.14999962 9.32588673 51.77588654 12.14999962 10.15899277 49.63650894 12.14999962 10.53129864 50.00881195 12.14999962 55.5 8.80000019 12.14999962 46.59999847 7.31403923 12.14999962 11.89999962 54.34999847 12.14999962 11.29012012 49.24999237 12.14999962 23.39999962 44 12.14999962 13.61385727 10.59453583 12.14999962 13.59380913 10.60935497 12.14999962 13.57304764 10.6231575 12.14999962 13.5516243 10.63590717 12.14999962 23.39999962 51.73526001 12.14999962 22.69938278 54.34999847 12.14999962 34.79999924 44 12.14999962 51.38233185 44.77754211 12.14999962 46.90987778 49.24999237 12.14999962 34.79999924 51.73756409 12.14999962 53.90822601 46.74177551 12.14999962 51.7688446 45.90866852 12.14999962 52.14115143 45.53636169 12.14999962 55.5 45.15000153 12.14999962 48.87411118 51.77588654 12.14999962 47.66870117 50.00881195 12.14999962 48.041008 49.63650894 12.14999962 46.29999924 54.34999847 12.14999962 35.5 54.34999847 0 5.16870499 3.38296294 0 5.1448946 3.37594485 0 5.12146139 3.36775398 0 5.09846401 3.35840988 0 5.07595873 3.34793615 0 5.05400085 3.33635831 0 5.03264475 3.32370472 0 5.01194286 3.3100071 0 4.99194622 3.29529881 0 4.97270441 3.27961612 0 4.95426464 3.26299763 0 4.93667269 3.24548483 0 4.91997099 3.22712016 0 4.90420198 3.2079494 0 4.88940334 3.18801951 0 4.87561226 3.16737962 0 4.86286259 3.14608073 0 4.8511858 3.12417555 0 4.8406105 3.10171747 0 4.83116293 3.07876253 0 4.82286596 3.05536675 0 4.81574059 3.03158808 0 4.80980444 3.00748515 0 4.80507135 2.98311734 0 4.80155373 2.95854449 0 4.79926014 2.9338274 0 4.79819584 2.9090271 0 4.79836416 2.88420439 0 4.79976416 2.85942054 0 4.80239201 2.83473682 0 4.80624199 2.81021404 0 4.81130457 2.78591251 0 4.81756687 2.76189208 0 4.82501364 2.73821211 0 4.83362627 2.71493101 0 4.84338379 2.69210577 0 4.85426235 2.66979337 0 4.86623478 2.64804792 0 4.87927151 2.6269238 0 4.89334106 2.60647273 0 4.90840769 2.58674502 0 4.92443562 2.56778955 0 4.94138384 2.54965281 0 4.95921183 2.53237939 0 4.97787476 2.51601243 0 4.99732733 2.50059175 0 5.0175209 2.48615551 0 5.03840637 2.47273922 0 5.05993176 2.46037626 0 5.0820446 2.44909668 0 5.1046896 2.4389286 0 5.12781143 2.42989683 0 5.15135336 2.42202401 0 5.17525673 2.41532898 0 5.19946289 2.40982866 0 5.22391224 2.40553665 0 5.24854469 2.4024632 0 5.27329874 2.40061617 0 5.29811478 2.4000001 8.07499981 8.20943928 2.4000001 8.07499981 7.94810867 2.4000001 4.07499981 8.20943928 2.4000001 0 8.20943928 2.4000001 4.07499981 7.94810867 2.4000001 4.61654758 18.68345261 47.15000153 4.61654758 18.68345261 54.34999847 4.52093744 18.58375359 47.15000153 4.5031352 18.5642395 54.34999847 4.42958355 18.48014069 47.15000153 4.34264565 18.3727951 47.15000153 4.26027632 18.26190567 48.65000153 4.26027632 18.26190567 47.15000153 4.39580631 18.43951988 54.34999847 4.29482746 18.30960655 54.34999847 4.20044947 18.17482185 54.34999847 4.16943169 18.12719917 48.65000153 4.11290789 18.03549957 54.34999847 4.08532715 17.98818588 48.65000153 4.0324192 17.89198685 54.34999847 4.00816727 17.84519958 48.65000153 3.95918441 17.74464035 54.34999847 3.93813872 17.69858932 48.65000153 3.89338493 17.59382629 54.34999847 3.87541127 17.54870987 48.65000153 3.83518505 17.43992043 54.34999847 3.82013679 17.39592361 48.65000153 3.784729 17.28330612 54.34999847 3.77244949 17.24060249 48.65000153 3.7421422 17.12436867 54.34999847 3.73246527 17.08312225 48.65000153 3.70753074 16.96350861 54.34999847 3.70028043 16.92386627 48.65000153 3.68098044 16.80112267 54.34999847 3.67597342 16.76321793 48.65000153 3.6625576 16.6376133 54.34999847 3.65960288 16.60156822 48.65000153 3.65230775 16.47339058 54.34999847 3.65120864 16.43930817 48.65000153 3.6502564 16.30886078 54.34999847 3.6508112 16.27683258 48.65000153 3.65640879 16.14443398 54.34999847 3.65841126 16.11453438 48.65000153 3.67074966 15.98051739 54.34999847 3.67399073 15.95280647 48.65000153 3.69324327 15.81751919 54.34999847 3.69751143 15.79204082 48.65000153 3.72383356 15.65584564 54.34999847 3.72891665 15.63262844 48.65000153 3.76244473 15.49589729 54.34999847 3.76813006 15.47495556 48.65000153 3.8089807 15.33807278 54.34999847 3.81505656 15.31940269 48.65000153 3.8633256 15.1827631 54.34999847 3.86958289 15.16634941 48.65000153 3.92534447 15.03035641 54.34999847 3.93157625 15.01616383 48.65000153 3.9948833 14.88123035 54.34999847 4.00088644 14.8692131 48.65000153 4.07176876 14.73575592 54.34999847 4.07734585 14.72585106 48.65000153 4.15581036 14.59429455 54.34999847 4.16076899 14.58642673 48.65000153 4.24679804 14.45719814 54.34999847 4.25095367 14.45127678 48.65000153 4.34450674 14.32480717 54.34999847 4.34768105 14.32073021 48.65000153 4.44869328 14.19745159 54.34999847 4.4507165 14.19510269 48.65000153 4.55909824 14.07544708 54.34999847 4.55981064 14.0746994 48.65000153 4.67469883 13.95981026 48.65000153 4.67544746 13.95909786 54.34999847 4.7951026 13.85071659 48.65000153 4.7974515 13.84869289 54.34999847 4.92073059 13.74768066 48.65000153 4.92480707 13.74450684 54.34999847 5.05127716 13.65095329 48.65000153 5.05719757 13.64679813 54.34999847 5.18642664 13.56076908 48.65000153 5.19429398 13.55580997 54.34999847 5.32585144 13.47734642 48.65000153 5.33575535 13.47176838 54.34999847 5.46921301 13.40088654 48.65000153 5.48123026 13.39488316 54.34999847 5.61616421 13.33157635 48.65000153 5.63035631 13.32534409 54.34999847 5.76634884 13.26958275 48.65000153 5.78276348 13.26332569 54.34999847 5.91940308 13.21505642 48.65000153 5.9380722 13.20898056 54.34999847 6.07495546 13.16812992 48.65000153 6.0958972 13.16244507 54.34999847 6.23262882 13.12891674 48.65000153 6.25584555 13.12383366 54.34999847 6.39204121 13.09751129 48.65000153 6.41751957 13.0932436 54.34999847 6.55280638 13.07399082 48.65000153 6.58051729 13.07074928 54.34999847 6.71453428 13.0584116 48.65000153 6.74443388 13.05640888 54.34999847 6.87683296 13.05081081 48.65000153 6.90886116 13.05025673 54.34999847 7.03930902 13.0512085 48.65000153 7.07339096 13.05230808 54.34999847 7.2015686 13.05960274 48.65000153 7.23761415 13.06255722 54.34999847 7.36321831 13.07597351 48.65000153 7.40112209 13.0809803 54.34999847 7.52386618 13.10028076 48.65000153 7.56350851 13.10753059 54.34999847 7.68312311 13.13246536 48.65000153 7.72436953 13.1421423 54.34999847 7.84060287 13.17245007 48.65000153 7.88330555 13.18472862 54.34999847 7.99592352 13.22013664 48.65000153 8.03992081 13.23518467 54.34999847 8.1487093 13.27541161 48.65000153 8.19382668 13.29338551 54.34999847 8.29858875 13.33813858 48.65000153 8.34464073 13.35918427 54.34999847 8.44519901 13.40816689 48.65000153 8.49198627 13.43241882 54.34999847 8.58818531 13.48532772 48.65000153 8.635499 13.51290798 54.34999847 8.72719955 13.5694313 48.65000153 8.86190605 13.66027641 48.65000153 8.97279549 13.74264526 47.15000153 8.86190605 13.66027641 47.15000153 8.77482128 13.60044956 54.34999847 8.90960693 13.69482708 54.34999847 9.03952026 13.79580593 54.34999847 9.08014107 13.82958317 47.15000153 9.16423893 13.9031353 54.34999847 9.18375397 13.92093754 47.15000153 9.28345203 14.0165472 54.34999847 9.28345203 14.0165472 47.15000153 9.37906265 14.11624622 47.15000153 9.39686489 14.13576126 54.34999847 9.47041702 14.21985912 47.15000153 9.55735493 14.3272047 47.15000153 9.63972378 14.43809319 48.65000153 9.63972378 14.43809319 47.15000153 9.50419331 14.26047993 54.34999847 9.60517311 14.39039326 54.34999847 9.69955063 14.52517891 54.34999847 9.73056889 14.57280064 48.65000153 9.78709221 14.66450119 54.34999847 9.81467247 14.71181488 48.65000153 9.86758041 14.80801392 54.34999847 9.89183235 14.85480118 48.65000153 9.94081593 14.95535946 54.34999847 9.96186161 15.00141144 48.65000153 10.00661469 15.10617352 54.34999847 10.02458858 15.15129089 48.65000153 10.06481457 15.26007938 54.34999847 10.07986355 15.30407619 48.65000153 10.11527157 15.41669464 54.34999847 10.12755013 15.45939732 48.65000153 10.15785789 15.57563019 54.34999847 10.16753483 15.6168766 48.65000153 10.1924696 15.73649216 54.34999847 10.19971943 15.77613354 48.65000153 10.21901989 15.8988781 54.34999847 10.22402668 15.93678188 48.65000153 10.23744297 16.06238556 54.34999847 10.24039745 16.09843063 48.65000153 10.24769211 16.22660828 54.34999847 10.24879169 16.26069069 48.65000153 10.24974346 16.39113808 54.34999847 10.24918842 16.42316628 48.65000153 10.24359131 16.55556679 54.34999847 10.24158859 16.58546638 48.65000153 10.22924995 16.71948242 54.34999847 10.22600937 16.74719429 48.65000153 10.20675659 16.88248062 54.34999847 10.2024889 16.90795898 48.65000153 10.17616653 17.04415512 54.34999847 10.17108345 17.06737137 48.65000153 10.13755512 17.20410347 54.34999847 10.13187027 17.22504425 48.65000153 10.09101963 17.36192703 54.34999847 10.08494377 17.38059616 48.65000153 10.0366745 17.51723671 54.34999847 10.03041744 17.53365135 48.65000153 9.97465515 17.6696434 54.34999847 9.96842384 17.68383598 48.65000153 9.90511703 17.81876945 54.34999847 9.89911366 17.83078766 48.65000153 9.82823086 17.96424484 54.34999847 9.82265377 17.9741497 48.65000153 9.74419022 18.10570526 54.34999847 9.73923111 18.11357307 48.65000153 9.65320206 18.24280167 54.34999847 9.64904594 18.24872208 48.65000153 9.55549335 18.37519264 54.34999847 9.55231953 18.37927055 48.65000153 9.45130634 18.50254822 54.34999847 9.4492836 18.50489807 48.65000153 9.34090137 18.62455177 54.34999847 9.34018898 18.62530136 48.65000153 9.22455215 18.74090195 54.34999847 9.22530079 18.7401886 48.65000153 9.1048975 18.84928322 48.65000153 9.1025486 18.85130692 54.34999847 8.97926998 18.95231819 48.65000153 8.97519302 18.95549393 54.34999847 8.84872246 19.04904556 48.65000153 8.84280205 19.05320168 54.34999847 8.71357346 19.13923073 48.65000153 8.70570564 19.14418983 54.34999847 8.57414913 19.22265434 48.65000153 8.56424427 19.22823143 54.34999847 8.43078709 19.29911423 48.65000153 8.41876984 19.30511665 54.34999847 8.28383541 19.36842346 48.65000153 8.26964378 19.37465477 54.34999847 8.13365078 19.43041801 48.65000153 8.11723709 19.43667412 54.34999847 7.98059702 19.48494339 48.65000153 7.96192741 19.4910202 54.34999847 7.82504463 19.53186989 48.65000153 7.8041029 19.53755569 54.34999847 7.66737127 19.57108307 48.65000153 7.64415455 19.57616615 54.34999847 7.50795889 19.60248947 48.65000153 7.48248053 19.60675621 54.34999847 7.34719372 19.62600899 48.65000153 7.3194828 19.62924957 54.34999847 7.18546581 19.64158821 48.65000153 7.15556622 19.64359093 54.34999847 7.02316713 19.649189 48.65000153 6.99113894 19.64974403 54.34999847 6.86069107 19.64879036 48.65000153 6.82660913 19.64769173 54.34999847 6.69843149 19.64039803 48.65000153 6.66238594 19.63744164 54.34999847 6.53678179 19.62402725 48.65000153 6.498878 19.61902046 54.34999847 6.37613392 19.59972 48.65000153 6.33649158 19.59247017 54.34999847 6.21687698 19.5675354 48.65000153 6.17563057 19.55785751 54.34999847 6.05939722 19.52754974 48.65000153 6.01669455 19.51527023 54.34999847 5.9040761 19.47986412 48.65000153 5.86007929 19.46481514 54.34999847 5.7512908 19.42458916 48.65000153 5.70617342 19.4066143 54.34999847 5.60141134 19.36186218 48.65000153 5.55535984 19.3408165 54.34999847 5.45480108 19.29183197 48.65000153 5.40801334 19.26758003 54.34999847 5.31181479 19.21467209 48.65000153 5.26450109 19.18709183 54.34999847 5.17280006 19.13056755 48.65000153 5.03809357 19.03972435 48.65000153 4.92720413 18.95735359 47.15000153 5.03809357 19.03972435 47.15000153 5.12517881 19.09955025 54.34999847 4.99039316 19.00517273 54.34999847 4.86047983 18.90419388 54.34999847 4.81985903 18.87041664 47.15000153 4.73576117 18.79686546 54.34999847 4.7162466 18.77906227 47.15000153 0.80000001 50.84999847 34.83467865 0.80000001 55.5 18.57580566 0.80000001 55.5 42.88871384 0.80000001 50.84999847 23.82567787 0.80000001 52.12485123 21.18882561 5.69999981 54.95803452 41.95000076 11.35000038 55.5 42.88871384 8.19999981 54.95803452 41.95000076 8.19999981 52.87957001 38.34999847 11.35000038 50.09999847 33.53564072 5.69999981 52.87957001 38.34999847 10.55000019 49.29999924 32.15000153 2.43006682 49.21993256 32.01132202 10.55000019 49.21993256 32.01132202 10.55000019 48.47212982 31.97212982 3.17787027 48.47212982 31.97212982 3.3499999 48.29999924 31.79999924 3.3499999 48.29999924 26.54999924 10.55000019 48.15000153 31.64999962 10.55000019 49.29999924 26.54999924 10.55000019 47.09999847 26.54999924 10.55000019 47.09999847 31.64999962 8.14999962 47.09999847 24.14999962 8.14999962 48.29999924 24.14999962 11.35000038 50.09999847 25.6600914 11.35000038 51.11988068 21.96686745 11.35000038 55.5 18.57580566 5.75 48.29999924 24.14999962 5.75 47.09999847 24.14999962 3.3499999 47.09999847 26.54999924 3.3499999 48.15000153 31.64999962 3.3499999 47.09999847 31.64999962 8.19999981 47.90000153 38.34999847 8.19999981 47.90000153 41.95000076 5.69999981 47.90000153 41.95000076 5.69999981 47.90000153 38.34999847 6.94999981 45.15000153 48.65000153 7.11408806 45.1459198 48.65000153 6.94999981 45.15000153 54.34999847 7.11449146 45.14589691 54.34999847 7.27777052 45.13368225 48.65000153 7.27857399 45.13360214 54.34999847 7.44064188 45.11332321 48.65000153 7.44183969 45.11314011 54.34999847 7.60229969 45.08488846 48.65000153 7.60388231 45.08456802 54.34999847 7.76234341 45.04845428 48.65000153 7.76429939 45.04795456 54.34999847 7.92037773 45.00410461 48.65000153 7.9226923 45.00339127 54.34999847 8.0760107 44.95195007 48.65000153 8.07866669 44.95098495 54.34999847 8.22885895 44.89212418 48.65000153 8.23183441 44.89087296 54.34999847 8.3785429 44.82477188 48.65000153 8.38181591 44.82319641 54.34999847 8.52469254 44.75006104 48.65000153 8.5282383 44.7481308 54.34999847 8.66694641 44.66817093 48.65000153 8.67073631 44.66585922 54.34999847 8.80495262 44.57931519 48.65000153 8.80895615 44.57658768 54.34999847 8.93836975 44.48370361 48.65000153 8.94255447 44.48053741 54.34999847 9.06686687 44.38157654 48.65000153 9.07119942 44.37794495 54.34999847 9.19012833 44.27318573 48.65000153 9.19456959 44.26906967 54.34999847 9.30784702 44.15880203 48.65000153 9.31236076 44.15418243 54.34999847 9.41973209 44.03870392 48.65000153 9.42427826 44.03356171 54.34999847 9.52550793 43.91319275 48.65000153 9.5300436 43.90751648 54.34999847 9.62491131 43.78257751 48.65000153 9.62939548 43.77635574 54.34999847 9.71769714 43.64717865 48.65000153 9.72208595 43.64040375 54.34999847 9.80363655 43.50733566 48.65000153 9.80788422 43.5 54.34999847 9.88251495 43.36339188 48.65000153 9.88657665 43.35549545 54.34999847 9.95413876 43.21570587 48.65000153 9.95796967 43.20724869 54.34999847 10.01833057 43.06463623 48.65000153 10.02188301 43.05562592 54.34999847 10.0749321 42.91056824 48.65000153 10.07816029 42.90100479 54.34999847 10.12380123 42.75387192 48.65000153 10.12666035 42.74377441 54.34999847 10.16481972 42.59494019 48.65000153 10.16726208 42.58432007 54.34999847 10.19788361 42.43416595 48.65000153 10.19986534 42.42303848 54.34999847 10.22291374 42.27194595 48.65000153 10.22438908 42.26033401 54.34999847 10.23984528 42.10868454 48.65000153 10.24077225 42.09661102 54.34999847 10.24863911 41.94477844 48.65000153 10.24897385 41.93227005 54.34999847 10.24927139 41.78064346 48.65000153 10.24897385 41.7677269 54.34999847 10.24174118 41.61667633 48.65000153 10.24077225 41.60338974 54.34999847 10.22606754 41.45328522 48.65000153 10.22438908 41.43966675 54.34999847 10.20228863 41.2908783 48.65000153 10.19986534 41.27696228 54.34999847 10.17046452 41.12985611 48.65000153 10.16726208 41.11568069 54.34999847 10.13067245 40.97061157 48.65000153 10.12666035 40.95622635 54.34999847 10.08301163 40.81354523 48.65000153 10.07816029 40.79899216 54.34999847 10.02759933 40.65904236 48.65000153 10.02188301 40.64437485 54.34999847 9.96457386 40.50748444 48.65000153 9.95796967 40.49275208 54.34999847 9.8940897 40.35924911 48.65000153 9.88657665 40.34450531 54.34999847 9.81632233 40.21470261 48.65000153 9.80788422 40.20000076 54.34999847 9.73146343 40.07420349 48.65000153 9.72208595 40.05959702 54.34999847 9.63972378 39.93809509 48.65000153 9.62939548 39.92364502 54.34999847 9.5300436 39.79248428 54.34999847 9.54521084 39.81164932 47.15000153 9.63972378 39.93809509 47.15000153 9.44475937 39.68986511 47.15000153 9.42427826 39.66643524 54.34999847 9.33859825 39.57302856 47.15000153 9.31236076 39.54581833 54.34999847 9.22697163 39.46140289 47.15000153 9.19456959 39.43092728 54.34999847 9.11013317 39.35523987 47.15000153 9.07119942 39.322052 54.34999847 8.98835182 39.25478745 47.15000153 8.94255447 39.21946335 54.34999847 8.86190605 39.16027451 48.65000153 8.80895615 39.12341309 54.34999847 8.86190605 39.16027451 47.15000153 8.73194027 39.0724678 48.65000153 8.67073631 39.03414154 54.34999847 8.59794807 38.99093246 48.65000153 8.5282383 38.95186996 54.34999847 8.46023273 38.91585541 48.65000153 8.38181591 38.87680435 54.34999847 8.3191061 38.84740829 48.65000153 8.23183441 38.80912781 54.34999847 8.1748867 38.78574753 48.65000153 8.07866669 38.74901581 54.34999847 8.02789974 38.73100281 48.65000153 7.9226923 38.6966095 54.34999847 7.87847757 38.68330765 48.65000153 7.76429939 38.6520462 54.34999847 7.7269578 38.64276886 48.65000153 7.60388231 38.61542892 54.34999847 7.57368326 38.60947418 48.65000153 7.44183969 38.58685684 54.34999847 7.4189992 38.58349609 48.65000153 7.27857399 38.56639862 54.34999847 7.26325607 38.56490326 48.65000153 7.11449146 38.55410385 54.34999847 7.10680532 38.5537262 48.65000153 6.94999981 38.54999924 54.34999847 6.94999981 38.54999924 48.65000153 6.78591156 38.55408096 48.65000153 6.78550863 38.55410385 54.34999847 6.62222958 38.56631851 48.65000153 6.62142611 38.56639862 54.34999847 6.45935774 38.58667755 48.65000153 6.4581604 38.58685684 54.34999847 6.29770041 38.6151123 48.65000153 6.29611778 38.61542892 54.34999847 6.13765669 38.65154648 48.65000153 6.1357007 38.6520462 54.34999847 5.97962236 38.69589615 48.65000153 5.9773078 38.6966095 54.34999847 5.82398891 38.74805069 48.65000153 5.82133341 38.74901581 54.34999847 5.67114115 38.80787659 48.65000153 5.66816521 38.80912781 54.34999847 5.52145767 38.87522888 48.65000153 5.51818371 38.87680435 54.34999847 5.37530804 38.94993973 48.65000153 5.3717618 38.95186996 54.34999847 5.23305416 39.03182602 48.65000153 5.22926378 39.03414154 54.34999847 5.09504795 39.12068558 48.65000153 5.09104395 39.12341309 54.34999847 4.96163082 39.21629715 48.65000153 4.95744562 39.21946335 54.34999847 4.83313274 39.31842422 48.65000153 4.82880068 39.322052 54.34999847 4.70987225 39.42681503 48.65000153 4.70543003 39.43092728 54.34999847 4.59215307 39.54119873 48.65000153 4.58763933 39.54581833 54.34999847 4.48026752 39.66129684 48.65000153 4.47572184 39.66643524 54.34999847 4.37449217 39.78680801 48.65000153 4.36995602 39.79248428 54.34999847 4.27508879 39.91742325 48.65000153 4.27060461 39.92364502 54.34999847 4.18230247 40.05282211 48.65000153 4.17791462 40.05959702 54.34999847 4.09636354 40.1926651 48.65000153 4.09211636 40.20000076 54.34999847 4.01748466 40.33660889 48.65000153 4.01342297 40.34450531 54.34999847 3.94586086 40.48429489 48.65000153 3.94203067 40.49275208 54.34999847 3.88166904 40.63536072 48.65000153 3.87811661 40.64437485 54.34999847 3.82506824 40.78943253 48.65000153 3.82183981 40.79899216 54.34999847 3.77619839 40.94612885 48.65000153 3.77333999 40.95622635 54.34999847 3.73518038 41.10506058 48.65000153 3.73273778 41.11568069 54.34999847 3.70211601 41.26583481 48.65000153 3.70013452 41.27696228 54.34999847 3.67708659 41.42805481 48.65000153 3.67561054 41.43966675 54.34999847 3.66015458 41.59131622 48.65000153 3.65922737 41.60338974 54.34999847 3.65136147 41.75522232 48.65000153 3.65102577 41.7677269 54.34999847 3.65072894 41.9193573 48.65000153 3.65102577 41.93227005 54.34999847 3.65825891 42.08332443 48.65000153 3.65922737 42.09661102 54.34999847 3.67393255 42.24671555 48.65000153 3.67561054 42.26033401 54.34999847 3.69771099 42.40912247 48.65000153 3.70013452 42.42303848 54.34999847 3.72953558 42.57014465 48.65000153 3.73273778 42.58432007 54.34999847 3.76932764 42.72938919 48.65000153 3.77333999 42.74377441 54.34999847 3.81698847 42.88645554 48.65000153 3.82183981 42.90100479 54.34999847 3.87240052 43.0409584 48.65000153 3.87811661 43.05562592 54.34999847 3.93542624 43.19251633 48.65000153 3.94203067 43.20724869 54.34999847 4.00590992 43.34075165 48.65000153 4.01342297 43.35549545 54.34999847 4.08367777 43.48529816 48.65000153 4.09211636 43.5 54.34999847 4.16853619 43.62579727 48.65000153 4.17791462 43.64040375 54.34999847 4.26027632 43.76190567 48.65000153 4.27060461 43.77635574 54.34999847 4.36995602 43.90751648 54.34999847 4.35478878 43.88835144 47.15000153 4.26027632 43.76190567 47.15000153 4.45524073 44.01013184 47.15000153 4.47572184 44.03356171 54.34999847 4.56140184 44.1269722 47.15000153 4.58763933 44.15418243 54.34999847 4.67302895 44.23859787 47.15000153 4.70543003 44.26906967 54.34999847 4.78986645 44.34476089 47.15000153 4.82880068 44.37794495 54.34999847 4.9116478 44.4452095 47.15000153 4.95744562 44.48053741 54.34999847 5.03809357 44.53972244 48.65000153 5.09104395 44.57658768 54.34999847 5.03809357 44.53972244 47.15000153 5.1680603 44.62753296 48.65000153 5.22926378 44.66585922 54.34999847 5.30205202 44.7090683 48.65000153 5.3717618 44.7481308 54.34999847 5.43976736 44.78414154 48.65000153 5.51818371 44.82319641 54.34999847 5.58089399 44.85258865 48.65000153 5.66816521 44.89087296 54.34999847 5.72511387 44.91425323 48.65000153 5.82133341 44.95098495 54.34999847 5.87210035 44.96899414 48.65000153 5.9773078 45.00339127 54.34999847 6.02152252 45.0166893 48.65000153 6.1357007 45.04795456 54.34999847 6.1730423 45.0572319 48.65000153 6.29611778 45.08456802 54.34999847 6.32631683 45.09052658 48.65000153 6.4581604 45.11314011 54.34999847 6.48100042 45.11650085 48.65000153 6.62142611 45.13360214 54.34999847 6.63674402 45.1350975 48.65000153 6.78550863 45.14589691 54.34999847 6.79319477 45.14627075 48.65000153 0.80000001 2.70000005 18.57580566 0.80000001 7.3499999 34.83467865 0.80000001 2.70000005 42.88871384 0.80000001 7.3499999 23.82567787 0.80000001 6.07514954 21.18882561 11.35000038 2.70000005 42.88871384 5.69999981 3.24196744 41.95000076 8.19999981 3.24196744 41.95000076 8.19999981 5.32042837 38.34999847 11.35000038 8.10000038 33.53564072 5.69999981 5.32042837 38.34999847 10.55000019 8.89999962 32.15000153 2.43006682 8.9800663 32.01132202 10.55000019 8.9800663 32.01132202 5.75 9.89999962 24.14999962 11.35000038 7.08011961 21.96686745 8.14999962 9.89999962 24.14999962 11.35000038 2.70000005 18.57580566 3.3499999 9.89999962 26.54999924 3.3499999 9.89999962 31.79999924 3.17787027 9.72786999 31.97212982 3.3499999 11.10000038 31.64999962 3.3499999 10.05000019 31.64999962 3.3499999 11.10000038 26.54999924 10.55000019 9.72786999 31.97212982 11.35000038 8.10000038 25.6600914 10.55000019 8.89999962 26.54999924 10.55000019 10.05000019 31.64999962 10.55000019 11.10000038 26.54999924 10.55000019 11.10000038 31.64999962 8.14999962 11.10000038 24.14999962 5.75 11.10000038 24.14999962 8.19999981 10.30000019 38.34999847 5.69999981 10.30000019 38.34999847 8.19999981 10.30000019 41.95000076 5.69999981 10.30000019 41.95000076 5.75 36.04999924 24.14999962 10.55000019 36.04999924 26.54999924 8.14999962 36.04999924 24.14999962 3.3499999 36.04999924 26.54999924 3.3499999 36.04999924 31.64999962 10.55000019 36.04999924 31.64999962 10.55000019 22.14999962 26.54999924 5.75 22.14999962 24.14999962 8.14999962 22.14999962 24.14999962 3.3499999 22.14999962 26.54999924 10.55000019 22.14999962 31.64999962 3.3499999 22.14999962 31.64999962 10.80000019 23.39999962 34.15000153 10.80000019 23.39999962 44 10.80000019 28.47500038 44 10.80000019 28.47500038 34.15000153 1.54999995 34.79999924 34.15000153 1.54999995 34.79999924 44 1.54999995 29.72500038 44 1.54999995 29.72500038 34.15000153 1.54999995 23.39999962 34.15000153 1.54999995 28.47500038 34.15000153 1.54999995 28.47500038 44 1.54999995 23.39999962 44 10.80000019 34.79999924 34.15000153 10.80000019 29.72500038 44 10.80000019 34.79999924 44 10.80000019 29.72500038 34.15000153</float_array>
          <technique_common>
            <accessor source="#pos_0-array" count="3051" stride="3">
              <param name="X" type="float"/>
              <param name="Y" type="float"/>
              <param name="Z" type="float"/>
            </accessor>
          </technique_common>
        </source>
        <source id="uvs_0">
          <float_array id="uvs_0-array" count="0"></float_array>
          <technique_common>
            <accessor source="#uvs_0-array" count="0" stride="2">
              <param name="S" type="float"/>
              <param name="T" type="float"/>
            </accessor>
          </technique_common>
        </source>
        <vertices id="vert_0">
          <input semantic="POSITION" source="#pos_0"/>
        </vertices>
        <triangles count="1103" material="mat_0">
          <input semantic="VERTEX" source="#vert_0" offset="0"/>
          <p>0 1 2 3 4 5 3 5 0 6 3 0 7 8 9 7 9 10 7 10 6 11 12 7 11 7 6 13 14 11 15 13 11 16 11 6 16 15 11 17 18 16 19 20 17 21 19 17 22 23 24 22 24 21 22 17 16 22 21 17 25 26 22 25 6 0 25 16 6 25 22 16 27 28 29 30 31 32 30 32 25 30 27 29 30 0 2 30 25 0 30 29 31 33 34 35 36 35 34 37 33 35 38 35 36 39 37 35 40 35 38 41 39 35 42 35 40 43 41 35 44 35 42 45 43 35 46 35 44 47 45 35 48 35 46 49 47 35 50 35 48 51 49 35 52 35 50 53 51 35 54 35 52 55 53 35 56 35 54 57 55 35 58 35 56 59 57 35 60 2 35 60 35 58 61 59 35 62 2 60 63 61 35 64 2 62 65 63 35 66 2 64 67 2 66 68 2 67 69 2 68 70 2 69 71 2 70 71 30 2 72 30 71 73 74 75 73 76 74 73 77 76 73 78 77 73 79 78 73 80 79 73 81 80 73 82 81 73 83 82 73 84 83 73 85 84 73 86 85 73 87 86 73 88 87 73 89 88 73 90 89 73 91 90 73 92 91 93 92 73 93 94 92 93 72 94 93 30 72 95 96 97 95 97 98 99 100 96 99 96 95 101 102 100 101 100 99 103 104 105 106 102 101 107 108 102 107 102 106 109 73 110 109 110 111 109 111 112 109 112 113 114 108 107 115 103 105 115 116 117 115 117 103 115 105 93 118 73 109 119 108 114 120 121 115 122 118 123 124 119 125 126 73 118 126 122 127 126 118 122 128 120 115 128 129 120 130 128 115 131 93 73 131 115 93 131 126 132 131 73 126 133 108 119 133 119 124 134 135 130 136 134 130 136 130 115 137 136 115 138 137 115 138 131 139 138 139 140 138 140 141 138 115 131 142 108 133 143 142 144 145 65 35 146 142 143 146 108 142 147 146 148 147 148 149 150 147 151 150 146 147 152 150 153 152 153 154 155 65 145 156 146 150 156 152 157 156 150 152 156 108 146 158 75 108 158 73 75 159 156 160 159 160 161 162 158 108 163 162 108 164 159 165 166 159 164 167 168 169 167 169 170 167 170 171 167 171 163 172 159 166 172 166 173 172 173 174 172 174 175 176 108 156 176 156 159 176 177 167 176 163 108 176 159 172 176 167 163 178 172 179 178 179 180 178 181 176 178 176 172 182 155 145 183 155 182 184 155 183 185 155 184 186 155 185 187 155 186 188 155 187 189 155 188 189 190 155 191 190 189 192 190 191 193 190 192 194 190 193 195 190 194 195 196 190 197 196 195 198 196 197 199 196 198 199 198 200 199 201 196 202 199 200 203 201 199 203 204 201 205 204 203 206 204 205 207 208 204 207 204 206 209 208 207 210 208 209 211 212 208 211 208 210 213 212 211 214 215 212 214 212 213 216 215 214 217 218 219 220 215 216 221 215 220 222 215 221 223 215 222 224 217 215 224 215 223 225 217 224 226 217 225 227 217 226 228 217 227 229 217 228 230 217 229 231 217 230 232 217 231 233 217 232 234 217 233 235 217 234 236 217 235 237 217 236 238 217 237 239 217 238 240 217 239 241 217 240 242 217 241 243 217 242 244 217 243 245 217 244 246 217 245 247 217 246 248 217 247 249 217 248 250 217 249 251 217 250 252 253 254 252 254 255 252 255 256 252 256 257 252 257 258 252 258 259 252 259 260 252 260 261 252 262 253 252 263 262 252 264 263 252 265 264 252 266 265 252 267 266 252 268 267 252 269 268 252 270 269 252 271 270 252 272 271 252 273 272 252 274 273 252 275 274 252 276 275 252 277 276 252 278 277 252 279 278 252 280 279 252 281 280 252 282 281 252 283 282 252 284 283 285 286 284 285 287 286 285 288 287 285 289 288 285 284 252 290 285 291 292 293 294 295 296 293 297 298 218 299 298 297 299 300 298 301 293 292 301 295 293 302 300 299 303 301 292 304 305 306 304 306 307 308 309 310 311 312 303 311 303 292 313 310 314 313 308 310 315 289 285 315 297 218 315 314 297 315 217 251 315 218 217 315 316 289 315 317 316 315 318 317 315 319 318 315 251 319 315 285 290 320 314 315 320 313 314 321 313 320 322 290 305 322 305 304 322 315 290 323 304 312 323 312 311 323 322 304 324 325 322 324 322 323 326 327 328 329 328 323 329 323 311 329 326 328 330 331 332 333 324 331 333 334 325 333 325 324 333 331 330 335 75 336 75 74 336 74 76 336 336 76 337 76 77 337 337 77 338 338 77 339 77 78 339 78 79 339 339 79 340 79 80 340 340 80 341 80 81 341 341 81 342 342 81 343 81 82 343 343 82 344 82 83 344 83 84 344 344 84 345 84 85 345 345 85 346 85 86 346 346 86 347 347 87 348 86 87 347 348 88 349 349 88 350 87 88 348 350 89 351 88 89 350 351 90 352 89 90 351 90 91 352 352 92 353 353 92 354 91 92 352 354 94 355 92 94 354 94 72 355 72 71 355 355 71 356 356 71 357 71 70 357 70 69 357 357 69 358 69 68 358 358 68 359 68 67 359 359 67 360 67 66 360 360 66 361 66 64 361 361 64 362 64 62 362 362 62 363 62 60 363 363 60 364 364 60 365 60 58 365 58 56 365 365 56 366 366 56 367 56 54 367 54 52 367 367 52 368 52 50 368 368 50 369 50 48 369 369 48 370 370 48 371 48 46 371 371 46 372 46 44 372 44 42 372 372 42 373 373 42 374 42 40 374 40 38 374 374 38 375 375 38 376 38 36 376 376 34 377 36 34 376 377 33 378 34 33 377 378 37 379 33 37 378 37 39 379 379 39 380 39 41 380 380 41 381 381 43 382 41 43 381 382 45 383 43 45 382 383 47 384 45 47 383 384 49 385 385 49 386 47 49 384 49 51 386 386 53 387 51 53 386 387 55 388 388 55 389 53 55 387 389 57 390 55 57 389 57 59 390 390 61 391 391 61 392 59 61 390 61 63 392 392 65 393 63 65 392 394 395 155 155 395 65 396 397 398 398 393 395 395 393 65 397 393 398 399 400 401 401 402 403 400 402 401 404 405 406 403 407 404 402 407 403 407 408 404 404 408 405 405 409 410 408 409 405 410 411 412 409 411 410 412 413 414 411 413 412 414 415 416 413 415 414 416 417 418 415 417 416 418 419 420 417 419 418 420 421 422 419 421 420 422 423 424 421 423 422 424 425 426 423 425 424 426 427 428 425 427 426 428 429 430 427 429 428 430 431 432 429 431 430 431 433 432 432 433 434 433 435 434 434 435 436 435 437 436 436 437 438 437 439 438 438 439 440 439 441 440 440 441 442 442 443 444 441 443 442 444 445 446 443 445 444 446 447 448 445 447 446 448 449 450 447 449 448 450 451 452 449 451 450 452 453 454 451 453 452 454 455 456 453 455 454 456 457 458 455 457 456 458 459 460 457 459 458 460 461 462 459 461 460 462 463 464 464 463 465 461 463 462 465 466 467 463 466 465 467 468 469 466 468 467 469 470 471 468 470 469 471 472 473 470 472 471 473 474 475 472 474 473 475 476 477 474 476 475 477 478 479 476 478 477 479 480 481 478 480 479 481 482 483 480 482 481 482 484 483 483 484 485 484 486 485 485 486 487 486 488 487 487 488 489 488 490 489 489 490 491 490 492 491 491 492 493 492 494 493 493 494 495 494 496 495 495 496 497 496 498 497 497 498 499 498 500 499 499 500 501 500 502 501 501 502 503 502 504 503 503 504 505 504 506 505 505 506 507 506 508 507 507 508 509 508 510 509 509 510 511 511 512 513 510 512 511 513 514 515 512 514 513 515 516 517 514 516 515 517 518 519 516 518 517 520 521 522 519 523 520 518 523 519 520 524 521 523 524 520 521 525 526 524 525 521 526 527 528 525 527 526 528 529 530 527 529 528 530 529 531 531 532 533 529 532 531 534 535 536 533 537 534 532 537 533 537 538 534 534 538 535 535 539 540 538 539 535 540 541 542 539 541 540 542 543 544 541 543 542 544 545 546 543 545 544 546 547 548 545 547 546 548 549 550 547 549 548 550 551 552 549 551 550 552 553 554 551 553 552 554 555 556 553 555 554 556 557 558 555 557 556 558 559 560 557 559 558 560 561 562 559 561 560 561 563 562 562 563 564 563 565 564 564 565 566 565 567 566 566 567 568 567 569 568 568 569 570 569 571 570 570 571 572 572 573 574 571 573 572 574 575 576 573 575 574 576 577 578 575 577 576 578 579 580 577 579 578 580 581 582 579 581 580 582 583 584 581 583 582 584 585 586 583 585 584 586 587 588 585 587 586 588 589 590 587 589 588 590 591 592 589 591 590 592 593 594 591 593 592 594 595 596 596 595 597 593 595 594 597 598 599 595 598 597 599 600 601 598 600 599 601 602 603 600 602 601 603 604 605 602 604 603 605 606 607 604 606 605 607 608 609 606 608 607 609 610 611 608 610 609 611 612 613 610 612 611 612 614 613 613 614 615 614 616 615 615 616 617 616 618 617 617 618 619 618 620 619 619 620 621 620 622 621 621 622 623 622 624 623 623 624 625 624 626 625 625 626 627 626 628 627 627 628 629 628 630 629 629 630 631 630 632 631 631 632 633 632 634 633 633 634 635 634 636 635 635 636 637 636 638 637 637 638 639 638 640 639 639 640 641 641 642 643 640 642 641 643 644 645 642 644 643 645 646 647 644 646 645 647 648 649 646 648 647 650 651 652 649 653 650 648 653 649 650 654 651 653 654 650 651 655 656 654 655 651 656 657 658 655 657 656 658 400 399 657 400 658 659 660 661 662 660 659 662 663 660 664 665 666 667 666 665 661 665 664 668 667 665 669 661 664 670 669 667 670 667 668 659 661 669 671 670 672 671 669 670 671 659 669 673 674 672 674 671 672 675 671 674 675 676 671 671 662 659 676 662 671 672 677 673 670 678 672 672 678 677 677 679 680 678 679 677 681 679 682 682 679 678 668 683 670 683 678 670 684 683 685 683 668 685 668 665 685 684 686 682 660 663 685 685 663 684 684 663 686 686 662 676 686 663 662 683 682 678 683 684 682 686 681 682 686 687 681 686 676 688 687 686 688 689 690 688 689 688 676 675 689 676 691 692 667 667 692 666 693 691 694 693 692 691 694 691 669 669 691 667 664 693 669 693 694 669 692 693 666 666 693 664 695 696 697 697 696 698 696 699 698 698 699 700 699 701 700 700 701 702 701 703 702 702 703 704 703 705 704 704 705 706 705 707 706 706 707 708 707 709 708 708 709 710 709 711 710 710 711 712 711 713 712 712 713 714 713 715 714 714 715 716 716 717 718 715 717 716 718 719 720 717 719 718 720 721 722 719 721 720 722 723 724 721 723 722 724 725 726 723 725 724 726 727 728 725 727 726 727 729 728 728 729 730 729 731 730 730 731 732 731 733 732 732 733 734 733 735 734 734 735 736 735 737 736 736 737 738 737 739 738 738 739 740 739 741 740 740 741 742 741 743 742 742 743 744 743 745 744 744 745 746 745 747 746 746 747 748 747 749 748 748 749 750 749 751 750 750 751 752 751 753 752 752 753 754 753 755 754 754 755 756 755 757 756 756 757 758 757 759 758 758 759 760 760 761 762 759 761 760 762 763 764 761 763 762 764 765 766 763 765 764 766 767 768 765 767 766 768 769 770 767 769 768 770 771 772 769 771 770 772 773 774 771 773 772 774 775 776 773 775 774 776 777 778 775 777 776 778 779 780 777 779 778 779 781 780 780 781 782 781 783 782 782 783 784 784 783 785 783 786 785 787 786 783 785 788 789 786 788 785 789 790 791 788 790 789 791 792 793 790 792 791 793 794 795 792 794 793 795 796 797 794 796 795 797 798 799 796 798 797 796 800 798 799 801 802 798 801 799 802 803 804 801 803 802 804 805 806 803 805 804 806 807 808 805 807 806 808 809 810 807 809 808 810 811 812 809 811 810 812 813 814 811 813 812 814 815 816 813 815 814 816 817 818 815 817 816 818 819 820 817 819 818 820 821 822 819 821 820 822 823 824 821 823 822 823 825 824 824 826 827 825 826 824 827 828 829 826 828 827 829 830 831 828 830 829 831 832 833 830 832 831 833 834 835 832 834 833 835 836 837 834 836 835 837 838 839 836 838 837 839 840 841 838 840 839 841 842 843 840 842 841 843 844 845 842 844 843 845 846 847 844 846 845 847 848 849 846 848 847 849 850 851 848 850 849 851 852 853 850 852 851 853 854 855 852 854 853 855 856 857 854 856 855 856 858 857 857 858 859 858 860 859 859 860 861 860 862 861 861 862 863 862 864 863 863 864 865 864 866 865 865 866 867 867 868 869 866 868 867 869 870 871 868 870 869 871 872 873 870 872 871 873 874 875 872 874 873 875 876 877 874 876 875 877 878 879 876 878 877 879 880 881 878 880 879 881 882 883 880 882 881 883 884 885 882 884 883 885 886 887 884 886 885 887 888 889 886 888 887 889 890 891 888 890 889 891 892 893 890 892 891 893 894 895 892 894 893 895 896 897 894 896 895 897 898 899 896 898 897 899 900 901 898 900 899 901 902 903 900 902 901 903 904 905 902 904 903 905 906 907 904 906 905 906 908 907 907 908 909 908 910 909 909 910 911 910 912 911 911 912 913 913 912 914 912 915 914 916 915 912 915 917 914 914 917 918 917 919 918 918 919 920 919 921 920 920 921 922 921 923 922 922 923 924 923 925 924 924 925 926 925 927 926 926 927 928 925 929 927 927 930 928 928 930 931 930 932 931 931 932 933 933 934 935 932 934 933 935 936 937 934 936 935 937 938 939 936 938 937 939 940 941 938 940 939 941 942 943 940 942 941 943 944 945 942 944 943 945 946 947 944 946 945 947 948 949 946 948 947 949 950 951 948 950 949 951 952 697 950 952 951 952 695 697 953 954 955 953 956 954 957 956 953 958 959 960 960 961 958 958 955 959 961 962 958 955 963 959 963 964 961 961 964 962 955 954 963 964 965 966 963 965 964 954 965 963 967 968 969 957 953 970 957 970 968 957 968 967 956 967 971 957 967 956 965 972 973 971 972 965 956 965 954 956 971 965 974 975 976 976 975 971 975 972 971 965 973 966 966 973 977 978 962 964 979 978 964 980 966 977 979 964 966 979 966 980 981 980 982 981 979 980 981 983 969 981 969 979 969 978 979 968 978 969 978 968 970 962 978 970 958 962 970 971 967 976 967 984 976 983 967 969 984 967 983 985 986 961 961 986 963 987 988 986 987 986 985 960 987 961 987 985 961 988 987 959 959 987 960 986 988 963 963 988 959 989 990 991 992 990 989 993 994 990 993 990 992 995 996 997 995 998 996 999 1000 995 995 1000 998 1001 1002 1003 1004 1001 1003 1005 1006 1007 1008 1005 1007 1009 1010 1011 1009 1011 1012 1013 1014 1015 1013 1016 1014</p>
        </triangles>
      </mesh>
    </geometry>
    <geometry id="geometry_c4a4ca73_7cdf_4b82_b4d5_146d3676995f">
      <mesh>
        <source id="pos_1">
          <float_array id="pos_1-array" count="3051">8.07499981 29.72500038 36.02531052 10.80000019 29.72500038 44 10.80000019 29.72500038 34.15000153 1.54999995 29.72500038 44 8.07499981 29.72500038 34.15000153 4.07499981 29.72500038 36.02531052 1.54999995 29.72500038 34.15000153 4.07499981 29.72500038 34.15000153 10.80000019 34.79999924 44 12.14999962 34.79999924 44 10.80000019 28.47500038 44 12.14999962 23.39999962 44 10.80000019 23.39999962 44 0 34.79999924 44 1.54999995 34.79999924 44 1.54999995 28.47500038 44 0 23.39999962 44 1.54999995 23.39999962 44 0 0.00120454 5.0490675 0 0.00481527 5.09801722 0 0 5 0 0.01921472 5.19509029 0 0.02996875 5.24298 0 0.01082349 5.14673042 0 0.04305967 5.29028463 0 0.05845594 5.33688974 0 0.07612047 5.38268328 0 0.09601071 5.42755508 0 0.11807874 5.47139692 0 0.14227138 5.51410294 0 0.19679247 5.59569931 0 0.22698955 5.63439322 0 0.16853039 5.55557013 0 0.25904888 5.67155886 0 0.29289323 5.70710659 0 0.36560673 5.77301025 0 0.40430069 5.8032074 0 0.32844105 5.74095106 0 0.44442976 5.83146954 0 0.48589724 5.85772848 0 0.57244492 5.90398932 0 0.61731654 5.92387962 0 0.52860326 5.88192129 0 0.66311014 5.94154406 0 0.70971531 5.95694017 0 0.75701982 5.97003126 0 0.80490971 5.98078537 0 0.85326952 5.98917627 0 0.95093232 5.99879551 0 0.90198284 5.9951849 0 1 6 0 4.94138384 2.54965281 0 4.95921183 2.53237939 0 0 0 0 4.92443562 2.56778955 0 4.97787476 2.51601243 0 4.90840769 2.58674502 0 4.99732733 2.50059175 0 4.89334106 2.60647273 0 5.0175209 2.48615551 0 4.87927151 2.6269238 0 5.03840637 2.47273922 0 4.86623478 2.64804792 0 5.05993176 2.46037626 0 4.85426235 2.66979337 0 5.0820446 2.44909668 0 4.84338379 2.69210577 0 5.1046896 2.4389286 0 4.83362627 2.71493101 0 5.12781143 2.42989683 0 4.82501364 2.73821211 0 5.15135336 2.42202401 0 4.81756687 2.76189208 0 5.17525673 2.41532898 0 4.81130457 2.78591251 0 5.19946289 2.40982866 0 4.80624199 2.81021404 0 5.22391224 2.40553665 0 4.80239201 2.83473682 0 5.24854469 2.4024632 0 4.79976416 2.85942054 0 5.27329874 2.40061617 0 4.79836416 2.88420439 0 5.29811478 2.4000001 0 4.79819584 2.9090271 0 4.79926014 2.9338274 0 4.80155373 2.95854449 0 4.80507135 2.98311734 0 4.80980444 3.00748515 0 4.81574059 3.03158808 0 4.82286596 3.05536675 0 5.1448946 3.37594485 0 4.79811478 5 0 5.16870499 3.38296294 0 5.12146139 3.36775398 0 5.09846401 3.35840988 0 5.07595873 3.34793615 0 5.05400085 3.33635831 0 5.03264475 3.32370472 0 5.01194286 3.3100071 0 4.99194622 3.29529881 0 4.97270441 3.27961612 0 4.95426464 3.26299763 0 4.93667269 3.24548483 0 4.91997099 3.22712016 0 4.90420198 3.2079494 0 4.88940334 3.18801951 0 4.87561226 3.16737962 0 4.86286259 3.14608073 0 4.8511858 3.12417555 0 4.8406105 3.10171747 0 3.79811454 6 0 4.83116293 3.07876253 0 4.78729105 5.14673042 0 4.79690981 5.0490675 0 4.7932992 5.09801722 0 3.99320483 5.98078537 0 4.04109478 5.97003126 0 3.94484496 5.98917627 0 3.89613175 5.9951849 0 3.84718227 5.99879551 0 4.76814604 5.24298 0 4.77889967 5.19509029 0 4.08839941 5.95694017 0 4.75505495 5.29028463 0 4.72199392 5.38268328 0 4.73965883 5.33688974 0 4.68003607 5.47139692 0 4.70210409 5.42755508 0 4.22566986 5.90398932 0 4.26951122 5.88192129 0 4.18079805 5.92387962 0 4.31221724 5.85772848 0 4.13500452 5.94154406 0 4.62958431 5.55557013 0 4.65584326 5.51410294 0 4.39381409 5.8032074 0 4.43250799 5.77301025 0 4.3536849 5.83146954 0 4.50522137 5.70710659 0 4.60132217 5.59569931 0 4.57112503 5.63439322 0 4.53906584 5.67155886 0 4.46967363 5.74095106 0 10.3159399 0 0 8.20943928 2.4000001 0 6.01815557 4.67309093 0 6.01815557 3.61057258 0 6.04421377 3.61824918 0 6.06986046 3.62720323 0 6.09503412 3.63741255 0 6.11967325 3.64885259 0 6.14371681 3.66149497 0 6.16710711 3.67530942 0 6.18978691 3.6902616 0 6.21170092 3.70631576 0 6.23279524 3.72343206 0 6.25301838 3.74156904 0 6.2723217 3.76068258 0 6.290658 3.78072596 0 6.30798197 3.80165029 0 6.32425165 3.82340431 0 6.33942699 3.84593511 0 6.35347176 3.86918783 0 6.36635113 3.89310575 0 6.37803411 3.91763043 0 6.38849163 3.94270182 0 6.3976984 3.9682591 0 6.4056325 3.99423981 0 6.41227341 4.02058077 0 6.41760588 4.04721737 0 6.42161703 4.07408476 0 6.42429638 4.10111713 0 6.42563772 4.12824917 0 6.42563772 4.1554141 0 6.42429638 4.18254614 0 6.42161703 4.20957899 0 6.41760588 4.23644638 0 6.41227341 4.26308298 0 6.4056325 4.28942347 0 6.3976984 4.31540442 0 6.04421377 4.66541433 0 6.06986046 4.65646029 0 6.38849163 4.34096146 0 6.09503412 4.64625072 0 6.37803411 4.36603308 0 6.11967325 4.63481092 0 6.36635113 4.39055777 0 6.14371681 4.62216854 0 6.35347176 4.41447544 0 6.16710711 4.60835409 0 6.33942699 4.4377284 0 6.18978691 4.59340191 0 6.32425165 4.46025944 0 6.21170092 4.57734776 0 6.30798197 4.48201323 0 6.23279524 4.56023121 0 6.290658 4.50293732 0 6.25301838 4.54209423 0 6.2723217 4.52298069 0 10.56205273 0.28502855 0 10.79667759 0.57958722 0 11.01944256 0.8832131 0 11.22999954 1.19542921 0 11.40473843 1.48068058 0 11.56564999 1.77395427 0 11.71236706 2.07458043 0 11.84455395 2.38187289 0 8.27279472 3.73165584 0 11.96190834 2.69512939 0 12.06416416 3.01363492 0 12.15108681 3.33666205 0 12.22247696 3.66347289 0 12.27817249 3.99332118 0 8.39564705 5.05914545 0 12.31804657 4.32545376 0 12.34200668 4.65911198 0 11.89999962 5.94999981 0 12.35000038 4.99353409 0 8.5777483 6.37981176 0 12.35000038 5.82942295 0 11.89999962 6.55000019 0 8.81873608 7.69101238 0 11.90983963 6.95402384 0 11.93933392 7.35709 0 9.11812687 8.99012184 0 11.98841381 7.75824261 0 12.05696201 8.15653038 0 12.14481735 8.55100918 0 9.47532177 10.2745409 0 12.25177097 8.94074345 0 12.3775692 9.32481003 0 9.88960552 11.54169941 0 12.52191353 9.70229816 0 12.68446159 10.0723114 0 2.70000005 17.3755703 0 10.36014938 12.78906059 0 3.87386107 14.15041351 0 12.86482811 10.43397427 0 12.87703991 10.45570946 0 12.89032078 10.47680855 0 12.90463543 10.49721909 0 12.91995049 10.51689148 0 12.93622684 10.53577614 0 12.95342445 10.55382538 0 12.9715004 10.57099533 0 12.99040985 10.58724213 0 13.01010609 10.60252762 0 13.03053856 10.6168108 0 13.05165863 10.63005924 0 13.07341194 10.64223766 0 13.09574604 10.6533165 0 13.11860371 10.66326809 0 13.14192963 10.6720686 0 13.16566563 10.67969513 0 13.18975163 10.68612957 0 13.21412849 10.69135475 0 13.2387352 10.69535828 0 13.26351166 10.69813061 0 13.28839493 10.69966412 0 13.31332397 10.69995594 0 13.33823681 10.69900513 0 13.36307049 10.69681263 0 13.38776493 10.69338608 0 13.41225719 10.68873215 0 13.4364872 10.68286324 0 13.46039486 10.67579365 0 13.4839201 10.6675415 0 13.50700474 10.65812683 0 13.52959156 10.64757347 0 13.74858379 9.96602535 0 18.24081802 7.25 0 13.58942318 9.64681625 0 13.44604492 9.32021427 0 13.31879044 8.9869976 0 13.2079649 8.64796352 0 13.11383247 8.30391979 0 13.03661823 7.95568991 0 12.97650623 7.60410309 0 12.93363953 7.25 0 13.75969696 9.98834229 0 13.76968479 10.01118469 0 13.77852058 10.03449726 0 13.78618336 10.05822086 0 13.79265499 10.08229733 0 13.79791737 10.10666656 0 13.80195904 10.13126755 0 13.80476952 10.15603924 0 13.80634212 10.18091965 0 13.8066721 10.20584869 0 13.80575848 10.23076248 0 13.80360508 10.25559998 0 13.80021572 10.28029919 0 13.79559994 10.30479908 0 13.78976822 10.32903767 0 13.78273582 10.35295582 0 13.77451992 10.37649441 0 13.76514053 10.39959335 0 13.75462246 10.42219639 0 13.74298954 10.44424725 0 13.73027325 10.46569061 0 13.71650314 10.48647308 0 13.70171356 10.50654316 0 19.73363876 6.8499999 0 13.68594265 10.5258522 0 13.66922951 10.54435062 0 13.65161419 10.56199265 0 13.63314152 10.5787344 0 38.59999847 7.05000019 0 38.59999847 6.8499999 0 43.95000076 2.4000001 0 46.70000076 -0 0 45.63049698 -0 0 43.95000076 4.05000019 0 45.30227661 5.40227604 0 2.70000005 45.15000153 0 6.81766987 44.77754211 0 6.05884838 45.53636169 0 4.29177523 46.74177551 0 46.27679443 5.66339731 0 6.43115473 45.90866852 0 46.59999847 5.8499999 0 44.01398849 7.05000019 0 46.17289352 7.31403923 0 45.17631149 6.8499999 0 45.37984467 6.8499999 0 10.15899277 49.63650894 0 9.32588673 51.77588654 0 10.53129864 50.00881195 0 46.59999847 7.31403923 0 55.5 8.80000019 0 11.89999962 54.34999847 0 11.29012012 49.24999237 0 13.61385727 10.59453583 0 13.59380913 10.60935497 0 13.57304764 10.6231575 0 13.5516243 10.63590717 0 23.39999962 51.73526001 0 22.69938278 54.34999847 0 51.38233185 44.77754211 0 34.79999924 51.73756409 0 46.90987778 49.24999237 0 51.7688446 45.90866852 0 53.90822601 46.74177551 0 52.14115143 45.53636169 0 55.5 45.15000153 0 47.66870117 50.00881195 0 48.87411118 51.77588654 0 48.041008 49.63650894 0 46.29999924 54.34999847 0 35.5 54.34999847 8.07499981 38.59999847 7.05000019 8.07499981 38.86080551 7.05000019 12.14999962 38.59999847 7.05000019 8.07499981 41.55362701 7.05000019 12.14999962 44.01398849 7.05000019 4.07499981 38.86080551 7.05000019 8.07499981 44.01398849 7.05000019 4.07499981 41.55362701 7.05000019 4.07499981 38.59999847 7.05000019 4.07499981 44.01398849 7.05000019 12.14999962 38.59999847 6.8499999 12.14999962 19.73363876 6.8499999 12.14999962 18.24081802 7.25 8.07499981 38.59999847 6.89942312 4.07499981 38.59999847 6.89942312 8.07499981 44.42419434 6.97941637 12.14999962 45.17631149 6.8499999 4.07499981 44.42419434 6.97941637 12.14999962 45.37984467 6.8499999 12.14999962 46.17289352 7.31403923 1.54999995 28.47500038 34.15000153 10.80000019 28.47500038 34.15000153 12.14999962 9.32588673 51.77588654 12.14999962 10.15899277 49.63650894 12.14999962 22.69938278 54.34999847 9.22455215 18.74090195 54.34999847 9.34090137 18.62455177 54.34999847 9.45130634 18.50254822 54.34999847 9.1025486 18.85130692 54.34999847 9.55549335 18.37519264 54.34999847 8.97519302 18.95549393 54.34999847 9.65320206 18.24280167 54.34999847 8.84280205 19.05320168 54.34999847 9.74419022 18.10570526 54.34999847 8.70570564 19.14418983 54.34999847 9.82823086 17.96424484 54.34999847 8.56424427 19.22823143 54.34999847 9.90511703 17.81876945 54.34999847 8.41876984 19.30511665 54.34999847 9.97465515 17.6696434 54.34999847 8.26964378 19.37465477 54.34999847 10.0366745 17.51723671 54.34999847 8.11723709 19.43667412 54.34999847 10.09101963 17.36192703 54.34999847 7.96192741 19.4910202 54.34999847 10.13755512 17.20410347 54.34999847 7.8041029 19.53755569 54.34999847 10.17616653 17.04415512 54.34999847 7.64415455 19.57616615 54.34999847 10.20675659 16.88248062 54.34999847 7.48248053 19.60675621 54.34999847 10.22924995 16.71948242 54.34999847 7.3194828 19.62924957 54.34999847 10.24359131 16.55556679 54.34999847 7.15556622 19.64359093 54.34999847 6.99113894 19.64974403 54.34999847 6.82660913 19.64769173 54.34999847 6.66238594 19.63744164 54.34999847 9.69955063 14.52517891 54.34999847 12.14999962 11.89999962 54.34999847 9.78709221 14.66450119 54.34999847 9.86758041 14.80801392 54.34999847 9.94081593 14.95535946 54.34999847 10.00661469 15.10617352 54.34999847 10.06481457 15.26007938 54.34999847 10.11527157 15.41669464 54.34999847 10.15785789 15.57563019 54.34999847 10.1924696 15.73649216 54.34999847 10.21901989 15.8988781 54.34999847 10.23744297 16.06238556 54.34999847 10.24769211 16.22660828 54.34999847 10.24974346 16.39113808 54.34999847 9.60517311 14.39039326 54.34999847 9.50419331 14.26047993 54.34999847 9.39686489 14.13576126 54.34999847 9.28345203 14.0165472 54.34999847 9.16423893 13.9031353 54.34999847 9.03952026 13.79580593 54.34999847 6.498878 19.61902046 54.34999847 6.33649158 19.59247017 54.34999847 6.17563057 19.55785751 54.34999847 6.01669455 19.51527023 54.34999847 5.86007929 19.46481514 54.34999847 5.70617342 19.4066143 54.34999847 5.55535984 19.3408165 54.34999847 5.40801334 19.26758003 54.34999847 5.26450109 19.18709183 54.34999847 5.12517881 19.09955025 54.34999847 4.99039316 19.00517273 54.34999847 4.86047983 18.90419388 54.34999847 4.73576117 18.79686546 54.34999847 4.61654758 18.68345261 54.34999847 4.5031352 18.5642395 54.34999847 4.39580631 18.43951988 54.34999847 8.90960693 13.69482708 54.34999847 4.29482746 18.30960655 54.34999847 8.77482128 13.60044956 54.34999847 4.20044947 18.17482185 54.34999847 8.635499 13.51290798 54.34999847 4.11290789 18.03549957 54.34999847 8.49198627 13.43241882 54.34999847 4.0324192 17.89198685 54.34999847 8.34464073 13.35918427 54.34999847 3.95918441 17.74464035 54.34999847 8.19382668 13.29338551 54.34999847 3.89338493 17.59382629 54.34999847 8.03992081 13.23518467 54.34999847 3.83518505 17.43992043 54.34999847 7.88330555 13.18472862 54.34999847 3.784729 17.28330612 54.34999847 7.72436953 13.1421423 54.34999847 3.7421422 17.12436867 54.34999847 7.56350851 13.10753059 54.34999847 3.70753074 16.96350861 54.34999847 7.40112209 13.0809803 54.34999847 3.68098044 16.80112267 54.34999847 7.23761415 13.06255722 54.34999847 3.6625576 16.6376133 54.34999847 7.07339096 13.05230808 54.34999847 6.90886116 13.05025673 54.34999847 6.74443388 13.05640888 54.34999847 4.7974515 13.84869289 54.34999847 4.92480707 13.74450684 54.34999847 5.05719757 13.64679813 54.34999847 5.19429398 13.55580997 54.34999847 5.33575535 13.47176838 54.34999847 5.48123026 13.39488316 54.34999847 5.63035631 13.32534409 54.34999847 5.78276348 13.26332569 54.34999847 5.9380722 13.20898056 54.34999847 6.0958972 13.16244507 54.34999847 6.25584555 13.12383366 54.34999847 6.41751957 13.0932436 54.34999847 6.58051729 13.07074928 54.34999847 3.65230775 16.47339058 54.34999847 3.6502564 16.30886078 54.34999847 3.65640879 16.14443398 54.34999847 3.67074966 15.98051739 54.34999847 3.69324327 15.81751919 54.34999847 3.72383356 15.65584564 54.34999847 3.76244473 15.49589729 54.34999847 3.8089807 15.33807278 54.34999847 3.8633256 15.1827631 54.34999847 3.92534447 15.03035641 54.34999847 3.9948833 14.88123035 54.34999847 4.07176876 14.73575592 54.34999847 4.15581036 14.59429455 54.34999847 4.24679804 14.45719814 54.34999847 4.34450674 14.32480717 54.34999847 4.44869328 14.19745159 54.34999847 4.55909824 14.07544708 54.34999847 4.67544746 13.95909786 54.34999847 12.14999962 23.39999962 51.73526001 1.54999995 23.39999962 34.15000153 10.80000019 23.39999962 34.15000153 12.14999962 12.93363953 7.25 8.07499981 16.78198624 7.25 8.07499981 13.75430298 7.25 4.07499981 13.75430298 7.25 4.07499981 16.78198624 7.25 12.14999962 34.79999924 51.73756409 1.54999995 34.79999924 34.15000153 10.80000019 34.79999924 34.15000153 12.14999962 35.5 54.34999847 12.14999962 48.87411118 51.77588654 12.14999962 46.29999924 54.34999847 12.14999962 48.041008 49.63650894 12.14999962 47.66870117 50.00881195 12.14999962 53.90822601 46.74177551 12.14999962 51.7688446 45.90866852 12.14999962 55.5 8.80000019 11.35000038 55.5 18.57580566 0.80000001 55.5 18.57580566 11.35000038 55.5 42.88871384 12.14999962 55.5 45.15000153 0.80000001 55.5 42.88871384 12.14999962 45.63049698 -0 12.14999962 46.70000076 -0 12.14999962 43.95000076 4.05000019 12.14999962 43.95000076 2.4000001 12.14999962 52.14115143 45.53636169 12.14999962 51.38233185 44.77754211 12.14999962 46.90987778 49.24999237 9.19456959 44.26906967 54.34999847 9.31236076 44.15418243 54.34999847 9.42427826 44.03356171 54.34999847 9.07119942 44.37794495 54.34999847 9.5300436 43.90751648 54.34999847 8.94255447 44.48053741 54.34999847 9.62939548 43.77635574 54.34999847 8.80895615 44.57658768 54.34999847 9.72208595 43.64040375 54.34999847 8.67073631 44.66585922 54.34999847 9.80788422 43.5 54.34999847 8.5282383 44.7481308 54.34999847 9.88657665 43.35549545 54.34999847 8.38181591 44.82319641 54.34999847 9.95796967 43.20724869 54.34999847 8.23183441 44.89087296 54.34999847 10.02188301 43.05562592 54.34999847 8.07866669 44.95098495 54.34999847 10.07816029 42.90100479 54.34999847 7.9226923 45.00339127 54.34999847 10.12666035 42.74377441 54.34999847 7.76429939 45.04795456 54.34999847 10.16726208 42.58432007 54.34999847 7.60388231 45.08456802 54.34999847 10.19986534 42.42303848 54.34999847 7.44183969 45.11314011 54.34999847 10.22438908 42.26033401 54.34999847 7.27857399 45.13360214 54.34999847 10.24077225 42.09661102 54.34999847 7.11449146 45.14589691 54.34999847 10.24897385 41.93227005 54.34999847 6.94999981 45.15000153 54.34999847 10.24897385 41.7677269 54.34999847 6.78550863 45.14589691 54.34999847 10.24077225 41.60338974 54.34999847 10.22438908 41.43966675 54.34999847 10.19986534 41.27696228 54.34999847 10.16726208 41.11568069 54.34999847 10.12666035 40.95622635 54.34999847 10.07816029 40.79899216 54.34999847 10.02188301 40.64437485 54.34999847 9.95796967 40.49275208 54.34999847 9.88657665 40.34450531 54.34999847 9.80788422 40.20000076 54.34999847 9.72208595 40.05959702 54.34999847 9.62939548 39.92364502 54.34999847 9.5300436 39.79248428 54.34999847 9.42427826 39.66643524 54.34999847 9.31236076 39.54581833 54.34999847 9.19456959 39.43092728 54.34999847 9.07119942 39.322052 54.34999847 8.94255447 39.21946335 54.34999847 8.80895615 39.12341309 54.34999847 8.67073631 39.03414154 54.34999847 8.5282383 38.95186996 54.34999847 8.38181591 38.87680435 54.34999847 8.23183441 38.80912781 54.34999847 8.07866669 38.74901581 54.34999847 7.9226923 38.6966095 54.34999847 7.76429939 38.6520462 54.34999847 3.77333999 42.74377441 54.34999847 3.73273778 42.58432007 54.34999847 3.82183981 42.90100479 54.34999847 3.87811661 43.05562592 54.34999847 3.94203067 43.20724869 54.34999847 4.01342297 43.35549545 54.34999847 4.09211636 43.5 54.34999847 4.17791462 43.64040375 54.34999847 4.27060461 43.77635574 54.34999847 4.36995602 43.90751648 54.34999847 4.47572184 44.03356171 54.34999847 4.58763933 44.15418243 54.34999847 4.70543003 44.26906967 54.34999847 4.82880068 44.37794495 54.34999847 4.95744562 44.48053741 54.34999847 5.09104395 44.57658768 54.34999847 5.22926378 44.66585922 54.34999847 5.3717618 44.7481308 54.34999847 5.51818371 44.82319641 54.34999847 5.66816521 44.89087296 54.34999847 5.82133341 44.95098495 54.34999847 5.9773078 45.00339127 54.34999847 6.1357007 45.04795456 54.34999847 6.29611778 45.08456802 54.34999847 6.4581604 45.11314011 54.34999847 6.62142611 45.13360214 54.34999847 7.60388231 38.61542892 54.34999847 3.70013452 42.42303848 54.34999847 7.44183969 38.58685684 54.34999847 3.67561054 42.26033401 54.34999847 7.27857399 38.56639862 54.34999847 3.65922737 42.09661102 54.34999847 7.11449146 38.55410385 54.34999847 3.65102577 41.93227005 54.34999847 6.94999981 38.54999924 54.34999847 3.65102577 41.7677269 54.34999847 6.78550863 38.55410385 54.34999847 3.65922737 41.60338974 54.34999847 6.62142611 38.56639862 54.34999847 3.67561054 41.43966675 54.34999847 6.4581604 38.58685684 54.34999847 6.29611778 38.61542892 54.34999847 6.1357007 38.6520462 54.34999847 5.9773078 38.6966095 54.34999847 5.82133341 38.74901581 54.34999847 5.66816521 38.80912781 54.34999847 5.51818371 38.87680435 54.34999847 5.3717618 38.95186996 54.34999847 5.22926378 39.03414154 54.34999847 5.09104395 39.12341309 54.34999847 4.95744562 39.21946335 54.34999847 4.82880068 39.322052 54.34999847 4.70543003 39.43092728 54.34999847 4.58763933 39.54581833 54.34999847 4.47572184 39.66643524 54.34999847 4.36995602 39.79248428 54.34999847 4.27060461 39.92364502 54.34999847 4.17791462 40.05959702 54.34999847 4.09211636 40.20000076 54.34999847 4.01342297 40.34450531 54.34999847 3.94203067 40.49275208 54.34999847 3.87811661 40.64437485 54.34999847 3.82183981 40.79899216 54.34999847 3.77333999 40.95622635 54.34999847 3.73273778 41.11568069 54.34999847 3.70013452 41.27696228 54.34999847 12.14999962 10.53129864 50.00881195 4.07499981 10.36014938 12.78906059 4.07499981 9.88731289 11.535182 4.07499981 9.47132492 10.26131344 12.14999962 9.88960552 11.54169941 12.14999962 10.36014938 12.78906059 8.07499981 10.36014938 12.78906059 8.07499981 9.88731289 11.535182 4.07499981 9.11302853 8.97003174 12.14999962 9.47532177 10.2745409 8.07499981 9.47132492 10.26131344 4.07499981 8.81314564 7.66394711 12.14999962 9.11812687 8.99012184 8.07499981 9.11302853 8.97003174 4.07499981 8.57228565 6.34570122 12.14999962 8.81873608 7.69101238 8.07499981 8.81314564 7.66394711 4.07499981 8.39093304 5.01795959 12.14999962 8.5777483 6.37981176 8.07499981 8.57228565 6.34570122 12.14999962 8.39564705 5.05914545 8.07499981 8.39093304 5.01795959 4.07499981 8.2254076 2.88029552 4.07499981 8.21922398 2.72022653 4.07499981 8.21390152 2.5601263 4.07499981 8.20943928 2.4000001 8.07499981 8.2254076 2.88029552 12.14999962 8.27279472 3.73165584 12.14999962 8.20943928 2.4000001 8.07499981 8.21922398 2.72022653 8.07499981 8.21390152 2.5601263 8.07499981 8.20943928 2.4000001 4.07499981 46.59999847 5.8499999 4.07499981 46.27679443 5.66339731 12.14999962 2.70000005 17.3755703 12.14999962 3.87386107 14.15041351 12.14999962 4.29177523 46.74177551 12.14999962 2.70000005 45.15000153 12.14999962 6.43115473 45.90866852 11.35000038 2.70000005 42.88871384 0.80000001 2.70000005 42.88871384 11.35000038 2.70000005 18.57580566 0.80000001 2.70000005 18.57580566 8.07499981 7.41828537 13.40650368 4.07499981 7.41828537 13.40650368 4.07499981 7.94810867 2.4000001 12.14999962 5.16870499 3.38296294 12.14999962 6.01815557 3.61057258 12.14999962 6.04421377 3.61824918 12.14999962 6.06986046 3.62720323 12.14999962 6.09503412 3.63741255 12.14999962 6.11967325 3.64885259 12.14999962 6.14371681 3.66149497 12.14999962 6.16710711 3.67530942 12.14999962 6.18978691 3.6902616 12.14999962 6.21170092 3.70631576 12.14999962 6.23279524 3.72343206 12.14999962 6.25301838 3.74156904 12.14999962 6.2723217 3.76068258 12.14999962 6.290658 3.78072596 12.14999962 6.30798197 3.80165029 12.14999962 6.32425165 3.82340431 12.14999962 6.33942699 3.84593511 12.14999962 6.35347176 3.86918783 12.14999962 6.36635113 3.89310575 12.14999962 6.37803411 3.91763043 12.14999962 6.38849163 3.94270182 12.14999962 6.3976984 3.9682591 12.14999962 6.4056325 3.99423981 12.14999962 6.41227341 4.02058077 12.14999962 6.41760588 4.04721737 12.14999962 6.42161703 4.07408476 12.14999962 6.42429638 4.10111713 12.14999962 6.42563772 4.12824917 12.14999962 6.42563772 4.1554141 12.14999962 6.42429638 4.18254614 12.14999962 6.42161703 4.20957899 12.14999962 6.41760588 4.23644638 12.14999962 6.41227341 4.26308298 12.14999962 6.4056325 4.28942347 12.14999962 6.3976984 4.31540442 12.14999962 6.38849163 4.34096146 12.14999962 6.37803411 4.36603308 12.14999962 6.36635113 4.39055777 12.14999962 6.35347176 4.41447544 12.14999962 6.33942699 4.4377284 12.14999962 6.32425165 4.46025944 12.14999962 6.30798197 4.48201323 12.14999962 6.290658 4.50293732 12.14999962 6.2723217 4.52298069 12.14999962 6.25301838 4.54209423 12.14999962 6.23279524 4.56023121 12.14999962 6.21170092 4.57734776 12.14999962 6.18978691 4.59340191 12.14999962 6.16710711 4.60835409 12.14999962 6.14371681 4.62216854 12.14999962 6.11967325 4.63481092 12.14999962 6.09503412 4.64625072 12.14999962 6.06986046 4.65646029 12.14999962 6.04421377 4.66541433 12.14999962 6.01815557 4.67309093 12.14999962 4.79811478 5 12.14999962 4.79690981 5.0490675 12.14999962 4.7932992 5.09801722 12.14999962 4.78729105 5.14673042 12.14999962 4.77889967 5.19509029 12.14999962 4.76814604 5.24298 12.14999962 4.75505495 5.29028463 12.14999962 4.73965883 5.33688974 12.14999962 4.72199392 5.38268328 12.14999962 4.70210409 5.42755508 12.14999962 4.68003607 5.47139692 12.14999962 4.65584326 5.51410294 12.14999962 4.62958431 5.55557013 12.14999962 4.60132217 5.59569931 12.14999962 4.57112503 5.63439322 12.14999962 4.53906584 5.67155886 12.14999962 4.50522137 5.70710659 12.14999962 4.46967363 5.74095106 12.14999962 4.43250799 5.77301025 12.14999962 4.39381409 5.8032074 12.14999962 4.3536849 5.83146954 12.14999962 4.31221724 5.85772848 12.14999962 4.26951122 5.88192129 12.14999962 4.22566986 5.90398932 12.14999962 4.18079805 5.92387962 12.14999962 4.13500452 5.94154406 12.14999962 4.08839941 5.95694017 12.14999962 4.04109478 5.97003126 12.14999962 3.99320483 5.98078537 12.14999962 3.94484496 5.98917627 12.14999962 3.89613175 5.9951849 12.14999962 3.84718227 5.99879551 12.14999962 3.79811454 6 12.14999962 0 0 12.14999962 10.3159399 0 12.14999962 10.56205273 0.28502855 12.14999962 10.79667759 0.57958722 12.14999962 11.01944256 0.8832131 12.14999962 11.22999954 1.19542921 12.14999962 13.74858379 9.96602535 12.14999962 13.75969696 9.98834229 12.14999962 13.76968479 10.01118469 12.14999962 13.77852058 10.03449726 12.14999962 13.78618336 10.05822086 12.14999962 13.79265499 10.08229733 12.14999962 13.79791737 10.10666656 12.14999962 13.80195904 10.13126755 12.14999962 13.80476952 10.15603924 12.14999962 13.80634212 10.18091965 12.14999962 13.8066721 10.20584869 12.14999962 13.80575848 10.23076248 12.14999962 13.80360508 10.25559998 12.14999962 13.80021572 10.28029919 12.14999962 13.79559994 10.30479908 12.14999962 13.78976822 10.32903767 12.14999962 13.78273582 10.35295582 12.14999962 13.77451992 10.37649441 12.14999962 13.76514053 10.39959335 12.14999962 13.75462246 10.42219639 12.14999962 13.74298954 10.44424725 12.14999962 13.73027325 10.46569061 12.14999962 13.71650314 10.48647308 12.14999962 13.70171356 10.50654316 12.14999962 13.68594265 10.5258522 12.14999962 13.66922951 10.54435062 12.14999962 13.65161419 10.56199265 12.14999962 13.63314152 10.5787344 12.14999962 13.61385727 10.59453583 12.14999962 13.59380913 10.60935497 12.14999962 13.57304764 10.6231575 12.14999962 13.5516243 10.63590717 12.14999962 13.52959156 10.64757347 12.14999962 13.50700474 10.65812683 12.14999962 13.4839201 10.6675415 12.14999962 13.46039486 10.67579365 4.07499981 13.40474701 10.69029427 12.14999962 13.4364872 10.68286324 8.07499981 13.40474701 10.69029427 4.07499981 13.38047695 10.69452763 12.14999962 13.41225719 10.68873215 4.07499981 13.35602951 10.69756126 12.14999962 13.38776493 10.69338608 8.07499981 13.38047695 10.69452763 4.07499981 13.33146095 10.6993866 12.14999962 13.36307049 10.69681263 8.07499981 13.35602951 10.69756126 4.07499981 13.30683327 10.69999981 12.14999962 13.33823681 10.69900513 8.07499981 13.33146095 10.6993866 4.07499981 13.28220463 10.69939899 12.14999962 13.31332397 10.69995594 8.07499981 13.30683327 10.69999981 4.07499981 13.25763607 10.69758606 12.14999962 13.28839493 10.69966412 8.07499981 13.28220463 10.69939899 4.07499981 13.23318577 10.69456482 12.14999962 13.26351166 10.69813061 8.07499981 13.25763607 10.69758606 4.07499981 13.20891476 10.69034386 12.14999962 13.2387352 10.69535828 8.07499981 13.23318577 10.69456482 4.07499981 13.18488026 10.68493176 12.14999962 13.21412849 10.69135475 8.07499981 13.20891476 10.69034386 4.07499981 13.16114235 10.67834187 12.14999962 13.18975163 10.68612957 8.07499981 13.18488026 10.68493176 4.07499981 13.1377573 10.67059135 12.14999962 13.16566563 10.67969513 8.07499981 13.16114235 10.67834187 4.07499981 13.11478329 10.66169834 12.14999962 13.14192963 10.6720686 8.07499981 13.1377573 10.67059135 4.07499981 13.09227467 10.65168476 12.14999962 13.11860371 10.66326809 8.07499981 13.11478329 10.66169834 4.07499981 13.07028675 10.64057446 12.14999962 13.09574604 10.6533165 8.07499981 13.09227467 10.65168476 4.07499981 13.04887199 10.62839413 12.14999962 13.07341194 10.64223766 8.07499981 13.07028675 10.64057446 4.07499981 13.0280838 10.61517429 12.14999962 13.05165863 10.63005924 8.07499981 13.04887199 10.62839413 4.07499981 13.00797176 10.60094643 12.14999962 13.03053856 10.6168108 8.07499981 13.0280838 10.61517429 4.07499981 12.98858547 10.58574486 12.14999962 13.01010609 10.60252762 8.07499981 13.00797176 10.60094643 4.07499981 12.9699707 10.56960773 12.14999962 12.99040985 10.58724213 8.07499981 12.98858547 10.58574486 4.07499981 12.95217419 10.55257225 12.14999962 12.9715004 10.57099533 8.07499981 12.9699707 10.56960773 4.07499981 12.93523788 10.53468132 12.14999962 12.95342445 10.55382538 8.07499981 12.95217419 10.55257225 4.07499981 12.91920376 10.51597786 12.14999962 12.93622684 10.53577614 8.07499981 12.93523788 10.53468132 4.07499981 12.90410995 10.49650764 12.14999962 12.91995049 10.51689148 8.07499981 12.91920376 10.51597786 4.07499981 12.88999367 10.47631645 12.14999962 12.90463543 10.49721909 8.07499981 12.90410995 10.49650764 4.07499981 12.87688923 10.45545578 12.14999962 12.89032078 10.47680855 8.07499981 12.88999367 10.47631645 4.07499981 12.86482811 10.43397427 12.14999962 12.87703991 10.45570946 8.07499981 12.87688923 10.45545578 12.14999962 12.86482811 10.43397427 8.07499981 12.86482811 10.43397427 12.14999962 13.58942318 9.64681625 12.14999962 13.44604492 9.32021427 12.14999962 13.31879044 8.9869976 12.14999962 13.2079649 8.64796352 12.14999962 13.11383247 8.30391979 12.14999962 13.03661823 7.95568991 12.14999962 12.97650623 7.60410309 4.07499981 12.68986988 10.08382988 8.07499981 12.68986988 10.08382988 4.07499981 12.5316143 9.72582531 12.14999962 12.68446159 10.0723114 8.07499981 12.5316143 9.72582531 4.07499981 12.39041424 9.36075878 12.14999962 12.52191353 9.70229816 8.07499981 12.39041424 9.36075878 4.07499981 12.26658154 8.98943996 12.14999962 12.3775692 9.32481003 8.07499981 12.26658154 8.98943996 4.07499981 12.16039276 8.61269665 12.14999962 12.25177097 8.94074345 8.07499981 12.16039276 8.61269665 4.07499981 12.07208443 8.2313652 12.14999962 12.14481735 8.55100918 8.07499981 12.07208443 8.2313652 4.07499981 12.00185299 7.84629536 12.14999962 12.05696201 8.15653038 8.07499981 12.00185299 7.84629536 12.14999962 11.98841381 7.75824261 12.14999962 11.93933392 7.35709 12.14999962 11.90983963 6.95402384 12.14999962 11.89999962 6.55000019 12.14999962 11.89999962 5.94999981 12.14999962 11.40473843 1.48068058 12.14999962 11.56564999 1.77395427 12.14999962 11.71236706 2.07458043 12.14999962 11.84455395 2.38187289 12.14999962 11.96190834 2.69512939 12.14999962 12.06416416 3.01363492 12.14999962 12.15108681 3.33666205 12.14999962 12.22247696 3.66347289 12.14999962 12.27817249 3.99332118 12.14999962 12.31804657 4.32545376 12.14999962 12.34200668 4.65911198 12.14999962 12.35000038 4.99353409 12.14999962 12.35000038 5.82942295 12.14999962 1 6 12.14999962 0.95093232 5.99879551 12.14999962 0.90198284 5.9951849 12.14999962 0.85326952 5.98917627 12.14999962 0.80490971 5.98078537 12.14999962 0.75701982 5.97003126 12.14999962 0.70971531 5.95694017 12.14999962 0.66311014 5.94154406 12.14999962 0.61731654 5.92387962 12.14999962 0.57244492 5.90398932 12.14999962 0.52860326 5.88192129 12.14999962 0.48589724 5.85772848 12.14999962 0.44442976 5.83146954 12.14999962 0.40430069 5.8032074 12.14999962 0.36560673 5.77301025 12.14999962 0.32844105 5.74095106 12.14999962 0.29289323 5.70710659 12.14999962 0.25904888 5.67155886 12.14999962 0.22698955 5.63439322 12.14999962 0.19679247 5.59569931 12.14999962 0.16853039 5.55557013 12.14999962 0.14227138 5.51410294 12.14999962 0.11807874 5.47139692 12.14999962 0.09601071 5.42755508 12.14999962 0.07612047 5.38268328 12.14999962 0.05845594 5.33688974 12.14999962 0.04305967 5.29028463 12.14999962 0.02996875 5.24298 12.14999962 0.01921472 5.19509029 12.14999962 0.01082349 5.14673042 12.14999962 0.00481527 5.09801722 12.14999962 0.00120454 5.0490675 12.14999962 0 5 8.07499981 45.30227661 5.40227604 8.07499981 44.26700974 4.36701059 12.14999962 45.30227661 5.40227604 4.07499981 45.30227661 5.40227604 4.07499981 44.26700974 4.36701059 12.14999962 46.27679443 5.66339731 8.07499981 46.27679443 5.66339731 8.07499981 46.59999847 5.8499999 12.14999962 46.59999847 5.8499999 8.07499981 46.59999847 7.31403923 12.14999962 46.59999847 7.31403923 8.07499981 46.18886566 7.31403923 4.07499981 46.18886566 7.31403923 4.07499981 46.59999847 7.31403923 12.14999962 11.29012012 49.24999237 12.14999962 6.81766987 44.77754211 12.14999962 6.05884838 45.53636169 8.07499981 34.50501633 34.15000153 4.07499981 34.50501633 34.15000153 8.07499981 34.55500031 35.10372162 4.07499981 34.55500031 35.10372162</float_array>
          <technique_common>
            <accessor source="#pos_1-array" count="3051" stride="3">
              <param name="X" type="float"/>
              <param name="Y" type="float"/>
              <param name="Z" type="float"/>
            </accessor>
          </technique_common>
        </source>
        <source id="uvs_1">
          <float_array id="uvs_1-array" count="0"></float_array>
          <technique_common>
            <accessor source="#uvs_1-array" count="0" stride="2">
              <param name="S" type="float"/>
              <param name="T" type="float"/>
            </accessor>
          </technique_common>
        </source>
        <vertices id="vert_1">
          <input semantic="POSITION" source="#pos_1"/>
        </vertices>
        <triangles count="1314" material="mat_1">
          <input semantic="VERTEX" source="#vert_1" offset="0"/>
          <p>0 1 2 0 3 1 4 0 2 5 3 0 6 5 7 6 3 5 8 1 9 1 10 9 10 11 9 10 12 11 13 3 14 3 15 1 1 15 10 15 16 17 13 16 3 3 16 15 18 19 20 21 22 23 23 22 19 19 22 20 24 25 22 26 27 25 25 27 22 28 29 27 30 31 32 32 31 29 22 31 20 27 31 22 29 31 27 33 34 31 31 34 20 35 36 37 37 36 34 38 39 36 36 39 34 40 41 42 43 44 41 42 44 39 39 44 34 41 44 42 44 45 34 46 47 45 47 48 45 49 48 47 48 50 45 34 50 20 45 50 34 51 52 53 53 54 51 52 55 53 53 56 54 55 57 53 53 58 56 57 59 53 53 60 58 59 61 53 53 62 60 61 63 53 53 64 62 63 65 53 53 66 64 65 67 53 53 68 66 67 69 53 53 70 68 69 71 53 53 72 70 71 73 53 53 74 72 73 75 53 53 76 74 75 77 53 20 78 53 53 78 76 77 79 53 20 80 78 79 81 53 20 82 80 81 83 53 20 84 82 20 85 84 20 86 85 20 87 86 20 88 87 20 89 88 50 89 20 50 90 89 91 92 93 94 92 91 95 92 94 96 92 95 97 92 96 98 92 97 99 92 98 100 92 99 101 92 100 102 92 101 103 92 102 104 92 103 105 92 104 106 92 105 107 92 106 108 92 107 109 92 108 110 92 109 110 111 92 112 111 110 90 111 112 50 111 90 92 113 114 114 113 115 116 117 118 118 117 119 119 117 120 120 117 111 92 121 113 113 121 122 111 123 92 117 123 111 92 124 121 124 125 126 125 127 128 124 127 125 129 130 131 130 132 131 131 132 133 133 132 123 127 134 135 124 134 127 136 137 138 138 137 132 132 137 123 123 139 92 92 139 124 134 139 140 140 139 141 141 139 142 143 139 137 124 139 134 137 139 123 83 144 53 83 145 144 93 146 147 147 146 148 148 146 149 149 146 150 150 146 151 151 146 152 152 146 153 153 146 154 92 146 93 154 146 155 155 146 156 156 146 157 157 146 158 158 146 159 159 146 160 160 146 161 161 146 162 162 146 163 163 146 164 164 146 165 165 146 166 166 146 167 167 146 168 168 146 169 169 146 170 170 146 171 171 146 172 172 146 173 173 146 174 174 146 175 175 146 176 176 146 177 177 146 178 146 179 178 146 180 179 181 182 146 146 183 180 182 184 146 146 185 183 184 186 146 146 187 185 186 188 146 146 189 187 188 190 146 146 191 189 190 192 146 146 193 191 192 194 146 146 195 193 194 196 146 146 197 195 196 198 146 146 199 197 198 199 146 145 200 144 145 201 200 145 202 201 145 203 202 145 204 203 145 205 204 145 206 205 145 207 206 208 207 145 208 209 207 208 210 209 208 211 210 208 212 211 208 213 212 214 213 208 214 215 213 214 216 215 214 217 216 216 217 218 219 217 214 217 220 218 219 221 217 222 221 219 222 223 221 222 224 223 225 226 222 222 226 224 225 227 226 225 228 227 229 230 225 225 230 228 229 231 230 232 233 229 229 233 231 232 234 233 235 236 237 232 238 234 232 239 238 232 240 239 232 241 240 236 242 232 232 242 241 236 243 242 236 244 243 236 245 244 236 246 245 236 247 246 236 248 247 236 249 248 236 250 249 236 251 250 236 252 251 236 253 252 236 254 253 236 255 254 236 256 255 236 257 256 236 258 257 236 259 258 236 260 259 236 261 260 236 262 261 236 263 262 236 264 263 236 265 264 236 266 265 236 267 266 236 268 267 236 269 268 270 271 272 272 271 273 273 271 274 274 271 275 275 271 276 276 271 277 277 271 278 278 271 279 280 271 270 281 271 280 282 271 281 283 271 282 284 271 283 285 271 284 286 271 285 287 271 286 288 271 287 289 271 288 290 271 289 291 271 290 292 271 291 293 271 292 294 271 293 295 271 294 296 271 295 297 271 296 298 271 297 299 271 298 300 271 299 301 271 300 302 271 301 302 303 271 304 303 302 305 303 304 306 303 305 307 303 306 303 308 309 310 311 312 313 314 310 315 316 235 315 317 316 318 317 315 310 319 311 314 319 310 318 320 317 319 321 311 322 323 324 324 323 325 326 327 328 329 330 321 321 330 311 328 331 332 327 331 328 316 16 235 332 16 316 235 16 236 236 16 269 333 16 307 334 16 333 335 16 334 336 16 335 269 16 336 303 16 308 307 16 303 332 337 16 331 337 332 331 338 337 308 13 322 322 13 323 16 13 308 323 339 329 329 339 330 13 339 323 340 341 13 13 341 339 342 343 344 344 345 339 343 345 344 339 345 330 346 347 348 341 349 346 350 349 340 340 349 341 346 349 347 351 352 353 353 354 355 352 354 353 352 356 354 354 357 355 356 358 354 359 308 356 356 308 358 358 322 360 308 322 358 303 361 362 303 309 361 271 303 363 363 303 362 361 364 353 353 364 351 365 308 359 365 309 308 361 309 364 364 309 365 357 366 355 355 366 367 360 322 368 322 324 368 324 367 368 368 367 366 367 325 369 324 325 367 325 323 369 369 323 370 15 371 372 15 372 10 373 326 374 327 326 373 375 376 377 377 378 375 375 379 376 378 380 375 375 381 379 380 382 375 375 383 381 382 384 375 375 385 383 384 386 375 375 387 385 386 388 375 375 389 387 388 390 375 375 391 389 390 392 375 375 393 391 392 394 375 375 395 393 394 396 375 375 397 395 396 398 375 375 399 397 398 400 375 375 401 399 400 402 375 375 403 401 402 404 375 375 405 403 375 406 405 375 407 406 375 408 407 409 410 411 411 410 412 412 410 413 413 410 414 414 410 415 415 410 416 416 410 417 417 410 418 418 410 419 419 410 420 420 410 421 421 410 422 422 410 404 404 410 375 409 423 410 423 424 410 424 425 410 425 426 410 426 427 410 427 428 410 375 338 408 408 338 429 429 338 430 430 338 431 431 338 432 432 338 433 433 338 434 434 338 435 435 338 436 436 338 437 437 338 438 438 338 439 439 338 440 440 338 441 441 338 442 442 338 443 443 338 444 428 445 410 338 446 444 445 447 410 338 448 446 447 449 410 338 450 448 449 451 410 338 452 450 451 453 410 338 454 452 453 455 410 338 456 454 455 457 410 338 458 456 457 459 410 338 460 458 459 461 410 338 462 460 461 463 410 338 464 462 463 465 410 338 466 464 465 467 410 338 468 466 467 469 410 469 470 410 470 471 410 472 331 473 473 331 474 474 331 475 471 331 410 475 331 476 476 331 477 477 331 478 478 331 479 479 331 480 480 331 481 481 331 482 482 331 483 483 331 484 484 331 471 338 331 468 468 331 485 485 331 486 486 331 487 487 331 488 488 331 489 489 331 490 490 331 491 491 331 492 492 331 493 493 331 494 494 331 495 495 331 496 496 331 497 497 331 498 498 331 499 499 331 500 500 331 501 501 331 502 502 331 472 12 503 11 504 17 505 505 17 12 12 17 503 16 337 17 17 337 503 506 507 363 508 507 506 509 279 510 510 271 507 507 271 363 279 271 510 506 279 509 506 509 508 511 8 9 340 14 511 511 14 8 340 13 14 8 512 513 14 512 8 514 340 511 350 340 514 515 347 516 347 349 516 346 348 517 346 517 518 519 342 520 343 342 519 521 330 522 330 523 522 524 525 522 522 525 521 524 526 525 526 345 525 330 345 523 523 345 526 527 311 528 312 311 527 529 310 530 313 310 529 530 312 527 310 312 530 528 330 521 311 330 528 525 345 519 345 343 519 342 344 531 342 531 520 531 339 532 344 339 531 532 341 533 339 341 532 533 346 518 341 346 533 517 347 515 348 347 517 516 534 535 535 536 516 516 537 534 536 538 516 516 539 537 538 540 516 516 541 539 540 542 516 516 543 541 542 544 516 516 545 543 544 546 516 516 547 545 546 548 516 516 549 547 548 550 516 516 551 549 550 552 516 516 553 551 552 554 516 516 555 553 554 556 516 516 557 555 556 558 516 516 559 557 558 560 516 516 561 559 560 562 516 516 563 561 562 564 516 516 565 563 564 566 516 516 567 565 566 568 516 569 514 568 570 514 569 571 514 570 572 514 571 573 514 572 574 514 573 575 514 574 576 514 575 577 514 576 578 514 577 579 514 578 580 514 579 581 514 580 582 514 581 583 514 582 584 514 583 585 514 584 586 514 585 587 514 586 568 514 516 587 588 514 588 589 514 589 590 514 590 591 514 591 592 514 592 593 514 516 349 567 594 349 595 596 349 594 597 349 596 598 349 597 599 349 598 600 349 599 601 349 600 602 349 601 603 349 602 604 349 603 605 349 604 606 349 605 607 349 606 608 349 607 609 349 608 610 349 609 611 349 610 612 349 611 613 349 612 614 349 613 615 349 614 616 349 615 617 349 616 618 349 617 619 349 618 567 349 619 593 620 514 349 621 595 620 622 514 349 623 621 622 624 514 349 625 623 624 626 514 349 627 625 626 628 514 349 629 627 628 630 514 349 631 629 630 632 514 349 633 631 634 350 632 635 350 634 636 350 635 637 350 636 638 350 637 639 350 638 640 350 639 641 350 640 642 350 641 643 350 642 644 350 643 349 350 633 645 350 644 646 350 645 647 350 646 648 350 647 649 350 648 650 350 649 651 350 650 652 350 651 653 350 652 654 350 653 655 350 654 656 350 655 657 350 656 658 350 657 659 350 658 633 350 659 632 350 514 503 337 375 337 338 375 410 327 373 331 327 410 326 328 660 326 660 374 232 661 236 662 661 232 229 662 232 663 662 229 225 663 229 664 665 666 664 666 667 668 663 225 222 668 225 669 667 670 669 664 667 671 668 222 219 671 222 672 670 673 672 669 670 674 671 219 214 674 219 675 673 676 675 672 673 677 674 214 208 677 214 678 676 679 678 675 676 680 679 681 680 678 679 682 208 145 682 677 208 683 682 145 684 683 145 685 684 145 686 677 682 686 681 677 687 680 681 687 681 686 688 687 686 688 686 689 688 689 690 688 690 691 692 319 693 321 319 692 694 237 695 235 237 694 696 315 697 318 315 696 698 318 696 320 318 698 697 315 699 315 700 699 701 694 699 699 694 697 702 235 701 701 235 694 315 235 700 700 235 702 695 703 665 703 666 665 695 704 703 695 237 704 704 236 661 237 236 704 705 684 685 705 683 684 705 682 683 706 147 707 93 147 706 708 707 147 708 147 148 709 148 149 709 708 148 710 149 150 710 709 149 711 150 151 711 710 150 712 151 152 712 711 151 713 152 153 713 712 152 714 153 154 714 713 153 715 154 155 715 714 154 716 155 156 716 715 155 717 156 157 717 716 156 718 157 158 718 717 157 719 158 159 719 718 158 720 159 160 720 719 159 721 160 161 721 720 160 722 161 162 722 721 161 723 162 163 723 722 162 724 163 164 724 723 163 725 164 165 725 724 164 726 165 166 726 725 165 727 166 167 727 726 166 728 167 168 728 727 167 729 168 169 729 728 168 730 729 169 730 169 170 731 730 170 731 170 171 732 731 171 732 171 172 733 732 172 733 172 173 734 733 173 734 173 174 735 734 174 735 174 175 736 735 175 736 175 176 737 736 176 737 176 177 738 177 178 738 737 177 739 178 179 739 738 178 740 179 180 740 739 179 741 180 183 741 183 185 741 740 180 742 741 185 743 185 187 743 742 185 744 187 189 744 743 187 745 189 191 745 191 193 745 744 189 746 193 195 746 745 193 747 746 195 748 195 197 748 197 199 748 747 195 749 748 199 750 199 198 750 749 199 751 198 196 751 750 198 752 196 194 752 751 196 753 194 192 753 752 194 754 192 190 754 753 192 755 754 190 755 190 188 755 188 186 756 755 186 757 756 186 757 186 184 758 757 184 758 184 182 759 758 182 759 182 181 760 759 181 760 181 146 760 92 761 146 92 760 762 761 92 762 92 114 762 114 115 763 762 115 764 115 113 764 113 122 764 763 115 765 764 122 766 122 121 766 121 124 766 765 122 767 124 126 767 766 124 768 126 125 768 767 126 769 768 125 770 769 125 770 125 128 771 128 127 771 770 128 772 127 135 772 771 127 773 135 134 773 772 135 774 134 140 774 773 134 775 140 141 775 774 140 776 141 142 776 775 141 777 142 139 777 139 143 777 776 142 778 777 143 779 143 137 779 778 143 780 137 136 780 136 138 780 779 137 781 138 132 781 780 138 782 781 132 783 132 130 783 782 132 784 130 129 784 783 130 785 129 131 785 784 129 786 131 133 786 785 131 787 133 123 787 786 133 788 123 117 788 787 123 789 117 116 789 788 117 790 116 118 790 789 116 791 118 119 791 790 118 792 119 120 792 120 111 792 791 119 793 792 111 794 144 795 53 144 794 796 795 144 796 144 200 796 200 201 797 201 202 797 796 201 798 797 202 799 202 203 799 798 202 800 801 270 270 801 280 280 802 281 281 802 282 801 802 280 802 803 282 282 804 283 803 804 282 804 805 283 283 805 284 284 805 285 805 806 285 806 807 285 285 807 286 807 808 286 286 808 287 808 809 287 287 809 288 288 810 289 809 810 288 289 810 290 810 811 290 811 812 290 290 812 291 291 813 292 812 813 291 292 814 293 813 814 292 293 815 294 294 815 295 814 815 293 295 816 296 815 816 295 816 817 296 296 818 297 817 818 296 297 819 298 818 819 297 298 820 299 299 820 300 819 820 298 820 821 300 300 822 301 821 822 300 301 823 302 822 823 301 302 824 304 823 824 302 304 825 305 305 825 306 824 825 304 825 826 306 306 827 307 826 827 306 307 828 333 827 828 307 828 829 333 333 829 334 829 830 334 334 830 335 830 831 335 335 831 336 831 832 336 336 832 269 832 833 269 269 833 268 268 833 267 833 834 267 834 835 267 267 835 266 266 835 265 265 836 264 836 263 264 835 837 265 265 838 836 837 838 265 836 839 263 839 262 263 837 840 838 839 841 262 841 261 262 838 842 843 840 842 838 841 844 261 844 260 261 843 845 846 842 845 843 844 847 260 847 259 260 846 848 849 845 848 846 847 850 259 850 258 259 849 851 852 848 851 849 850 853 258 853 257 258 852 854 855 851 854 852 853 856 257 856 256 257 855 857 858 854 857 855 856 859 256 859 255 256 858 860 861 857 860 858 859 862 255 862 254 255 861 863 864 860 863 861 862 865 254 865 253 254 864 866 867 863 866 864 865 868 253 868 252 253 866 869 867 867 869 870 868 871 252 871 251 252 869 872 870 870 872 873 871 874 251 874 250 251 872 875 873 873 875 876 874 877 250 877 249 250 876 878 879 875 878 876 877 880 249 880 248 249 879 881 882 878 881 879 880 883 248 883 247 248 882 884 885 881 884 882 883 886 247 886 246 247 885 887 888 884 887 885 886 889 246 889 245 246 888 890 891 887 890 888 889 892 245 892 244 245 891 893 894 890 893 891 892 895 244 895 243 244 894 896 897 893 896 894 895 898 243 898 242 243 897 899 900 896 899 897 898 901 242 901 241 242 899 902 900 900 902 903 901 904 241 904 240 241 902 905 903 903 905 906 904 907 240 907 239 240 906 908 909 905 908 906 907 910 239 910 238 239 908 911 909 909 911 912 910 913 238 911 914 912 912 914 915 914 916 915 915 916 917 918 800 270 918 270 272 918 272 273 919 918 273 920 273 274 920 274 275 920 919 273 921 920 275 922 275 276 922 921 275 923 276 277 923 277 278 923 922 276 924 923 278 506 278 279 506 924 278 913 925 238 238 925 234 916 926 917 234 927 233 925 927 234 916 928 926 928 929 926 233 930 231 927 930 233 928 931 929 931 932 929 231 933 230 930 933 231 931 934 932 934 935 932 230 936 228 933 936 230 934 937 935 937 938 935 228 939 227 936 939 228 937 940 938 940 941 938 227 942 226 939 942 227 942 224 226 940 943 941 942 944 224 943 944 941 943 945 944 945 946 944 944 946 224 946 947 224 224 947 223 223 947 221 947 948 221 949 221 948 217 221 949 950 799 203 950 203 204 951 204 205 951 950 204 952 205 206 952 206 207 952 951 205 953 952 207 954 207 209 954 953 207 955 209 210 955 954 209 956 210 211 956 211 212 956 955 210 957 956 212 958 212 213 958 957 212 959 213 215 959 958 213 960 215 216 960 216 218 960 959 215 961 960 218 961 220 962 218 220 961 962 220 949 220 217 949 793 50 963 111 50 793 963 50 48 964 963 48 965 48 49 965 964 48 966 49 47 966 47 46 966 965 49 967 966 46 968 46 45 968 967 46 969 45 44 969 968 45 970 44 43 970 43 41 970 969 44 971 970 41 972 971 41 972 41 40 973 40 42 973 972 40 974 42 39 974 973 42 975 39 38 975 974 39 976 38 36 976 975 38 977 36 35 977 976 36 978 35 37 978 977 35 979 37 34 979 978 37 980 34 33 980 33 31 980 979 34 981 980 31 982 31 30 982 981 31 983 30 32 983 982 30 984 32 29 984 29 28 984 983 32 985 984 28 986 28 27 986 985 28 987 27 26 987 986 27 988 26 25 988 987 26 989 25 24 989 24 22 989 988 25 990 989 22 991 22 21 991 990 22 992 21 23 992 991 21 993 23 19 993 992 23 994 19 18 994 18 20 994 993 19 995 994 20 995 53 794 20 53 995 996 997 998 998 997 529 999 314 1000 314 313 1000 313 529 1000 1000 529 997 1001 1002 998 1002 996 998 1003 1002 1004 1004 1002 1001 1005 1003 1006 1006 1003 1004 370 1007 1006 1007 1005 1006 1008 329 1009 323 329 1008 370 323 1007 1007 323 1008 693 314 999 319 314 693 660 328 1010 328 332 1010 1010 316 1011 332 316 1010 1011 316 1012 316 317 1012 317 320 698 317 698 1012 1009 321 692 329 321 1009 1013 1014 1015 1014 1016 1015</p>
        </triangles>
      </mesh>
    </geometry>
    <geometry id="geometry_72c2203a_048a_463a_be75_c4f415bea304">
      <mesh>
        <source id="pos_2">
          <float_array id="pos_2-array" count="1947">8.07499981 44.01398849 7.05000019 8.07499981 41.90003586 6.8499999 8.07499981 44.2000351 6.8499999 8.07499981 44.42419434 6.97941637 8.07499981 41.55362701 7.05000019 4.07499981 44.2000351 6.8499999 4.07499981 44.42419434 6.97941637 4.07499981 41.90003586 6.8499999 4.07499981 44.01398849 7.05000019 4.07499981 41.55362701 7.05000019 4.07499981 38.59999847 7.05000019 4.07499981 38.86080551 7.05000019 4.07499981 38.59999847 6.89942312 8.07499981 38.86080551 7.05000019 8.07499981 38.59999847 6.89942312 8.07499981 38.59999847 7.05000019 4.07499981 13.75430298 7.25 4.07499981 16.78198624 7.25 4.07499981 13.76126862 7.22219181 4.07499981 13.76841545 7.19443035 4.07499981 13.77574444 7.1667161 4.07499981 13.94976902 6.51724815 8.07499981 13.76126862 7.22219181 8.07499981 13.75430298 7.25 8.07499981 13.76841545 7.19443035 8.07499981 13.77574444 7.1667161 8.07499981 16.78198624 7.25 8.07499981 13.94976902 6.51724815 8.86190605 13.66027641 48.65000153 8.86190605 13.66027641 47.15000153 4.26027632 18.26190567 48.65000153 4.26027632 18.26190567 47.15000153 9.47041702 14.21985912 47.15000153 9.28345203 14.0165472 47.15000153 9.37906265 14.11624622 47.15000153 9.63972378 14.43809319 47.15000153 9.55735493 14.3272047 47.15000153 8.97279549 13.74264526 47.15000153 9.08014107 13.82958317 47.15000153 5.03809357 19.03972435 47.15000153 4.34264565 18.3727951 47.15000153 4.42958355 18.48014069 47.15000153 4.81985903 18.87041664 47.15000153 4.92720413 18.95735359 47.15000153 4.61654758 18.68345261 47.15000153 4.7162466 18.77906227 47.15000153 4.52093744 18.58375359 47.15000153 9.18375397 13.92093754 47.15000153 5.03809357 19.03972435 48.65000153 9.63972378 14.43809319 48.65000153 10.07986355 15.30407619 48.65000153 9.89183235 14.85480118 48.65000153 9.96186161 15.00141144 48.65000153 10.02458858 15.15129089 48.65000153 10.16753483 15.6168766 48.65000153 9.73056889 14.57280064 48.65000153 9.81467247 14.71181488 48.65000153 10.12755013 15.45939732 48.65000153 10.24039745 16.09843063 48.65000153 10.19971943 15.77613354 48.65000153 10.22402668 15.93678188 48.65000153 10.24158859 16.58546638 48.65000153 10.24879169 16.26069069 48.65000153 10.24918842 16.42316628 48.65000153 10.17108345 17.06737137 48.65000153 10.22600937 16.74719429 48.65000153 10.2024889 16.90795898 48.65000153 10.03041744 17.53365135 48.65000153 10.13187027 17.22504425 48.65000153 10.08494377 17.38059616 48.65000153 9.89911366 17.83078766 48.65000153 9.96842384 17.68383598 48.65000153 9.73923111 18.11357307 48.65000153 9.82265377 17.9741497 48.65000153 9.55231953 18.37927055 48.65000153 9.64904594 18.24872208 48.65000153 9.4492836 18.50489807 48.65000153 9.1048975 18.84928322 48.65000153 9.34018898 18.62530136 48.65000153 9.22530079 18.7401886 48.65000153 8.84872246 19.04904556 48.65000153 8.97926998 18.95231819 48.65000153 8.43078709 19.29911423 48.65000153 8.71357346 19.13923073 48.65000153 8.57414913 19.22265434 48.65000153 8.13365078 19.43041801 48.65000153 8.28383541 19.36842346 48.65000153 7.98059702 19.48494339 48.65000153 7.18546581 19.64158821 48.65000153 7.82504463 19.53186989 48.65000153 7.66737127 19.57108307 48.65000153 7.50795889 19.60248947 48.65000153 7.34719372 19.62600899 48.65000153 6.69843149 19.64039803 48.65000153 7.02316713 19.649189 48.65000153 6.86069107 19.64879036 48.65000153 5.9040761 19.47986412 48.65000153 6.53678179 19.62402725 48.65000153 6.37613392 19.59972 48.65000153 6.21687698 19.5675354 48.65000153 6.05939722 19.52754974 48.65000153 5.60141134 19.36186218 48.65000153 5.7512908 19.42458916 48.65000153 5.45480108 19.29183197 48.65000153 5.31181479 19.21467209 48.65000153 5.17280006 19.13056755 48.65000153 8.44519901 13.40816689 48.65000153 8.58818531 13.48532772 48.65000153 8.72719955 13.5694313 48.65000153 8.1487093 13.27541161 48.65000153 8.29858875 13.33813858 48.65000153 7.84060287 13.17245007 48.65000153 7.99592352 13.22013664 48.65000153 7.52386618 13.10028076 48.65000153 7.68312311 13.13246536 48.65000153 7.36321831 13.07597351 48.65000153 6.71453428 13.0584116 48.65000153 6.87683296 13.05081081 48.65000153 7.03930902 13.0512085 48.65000153 7.2015686 13.05960274 48.65000153 6.23262882 13.12891674 48.65000153 6.39204121 13.09751129 48.65000153 6.55280638 13.07399082 48.65000153 5.76634884 13.26958275 48.65000153 5.91940308 13.21505642 48.65000153 6.07495546 13.16812992 48.65000153 5.46921301 13.40088654 48.65000153 5.61616421 13.33157635 48.65000153 5.18642664 13.56076908 48.65000153 5.32585144 13.47734642 48.65000153 4.92073059 13.74768066 48.65000153 5.05127716 13.65095329 48.65000153 4.67469883 13.95981026 48.65000153 4.7951026 13.85071659 48.65000153 4.4507165 14.19510269 48.65000153 4.55981064 14.0746994 48.65000153 4.16076899 14.58642673 48.65000153 4.25095367 14.45127678 48.65000153 4.34768105 14.32073021 48.65000153 4.07734585 14.72585106 48.65000153 3.93157625 15.01616383 48.65000153 4.00088644 14.8692131 48.65000153 3.76813006 15.47495556 48.65000153 3.81505656 15.31940269 48.65000153 3.86958289 15.16634941 48.65000153 3.69751143 15.79204082 48.65000153 3.72891665 15.63262844 48.65000153 3.65841126 16.11453438 48.65000153 3.67399073 15.95280647 48.65000153 3.65120864 16.43930817 48.65000153 3.6508112 16.27683258 48.65000153 3.70028043 16.92386627 48.65000153 3.67597342 16.76321793 48.65000153 3.65960288 16.60156822 48.65000153 3.77244949 17.24060249 48.65000153 3.73246527 17.08312225 48.65000153 3.82013679 17.39592361 48.65000153 3.87541127 17.54870987 48.65000153 3.93813872 17.69858932 48.65000153 4.16943169 18.12719917 48.65000153 4.08532715 17.98818588 48.65000153 4.00816727 17.84519958 48.65000153 4.07499981 32.6491394 34.15000153 4.07499981 34.50501633 34.15000153 1.54999995 34.79999924 34.15000153 1.54999995 29.72500038 34.15000153 4.07499981 31.3508606 34.15000153 4.07499981 29.72500038 34.15000153 8.07499981 32.6491394 34.15000153 10.80000019 34.79999924 34.15000153 8.07499981 34.50501633 34.15000153 8.07499981 31.3508606 34.15000153 10.80000019 29.72500038 34.15000153 8.07499981 29.72500038 34.15000153 4.07499981 29.72500038 36.02531052 4.07499981 31.29999924 36.92499924 4.07499981 30.375 38.16471481 4.07499981 31.33878708 36.96839142 4.07499981 31.37542534 37.01361084 4.07499981 31.40982819 37.0605545 4.07499981 31.4419136 37.10911179 4.07499981 31.47160721 37.15916824 4.07499981 31.49884033 37.21060181 4.07499981 31.52354622 37.26329803 4.07499981 31.54566765 37.31713104 4.07499981 31.56515312 37.37197113 4.07499981 31.58195877 37.42769241 4.07499981 31.59604073 37.48416519 4.07499981 31.60736847 37.54125214 4.07499981 31.6159153 37.59881973 4.07499981 31.62166023 37.65673447 4.07499981 31.62458992 37.71486282 4.07499981 31.62469864 37.77306366 4.07499981 31.62198639 37.83119965 4.07499981 31.61645699 37.88913727 4.07499981 31.60812569 37.94673538 4.07499981 31.59701157 38.00386429 4.07499981 31.58313942 38.06038666 4.07499981 31.56654358 38.11617279 4.07499981 31.5472641 38.17108536 4.07499981 31.52534294 38.22499847 8.07499981 30.375 38.16471481 8.07499981 29.72500038 36.02531052 8.07499981 31.29999924 36.92499924 8.07499981 31.33878708 36.96839142 8.07499981 31.37542534 37.01361084 8.07499981 31.40982819 37.0605545 8.07499981 31.4419136 37.10911179 8.07499981 31.47160721 37.15916824 8.07499981 31.49884033 37.21060181 8.07499981 31.52354622 37.26329803 8.07499981 31.54566765 37.31713104 8.07499981 31.56515312 37.37197113 8.07499981 31.58195877 37.42769241 8.07499981 31.59604073 37.48416519 8.07499981 31.60736847 37.54125214 8.07499981 31.6159153 37.59881973 8.07499981 31.62166023 37.65673447 8.07499981 31.62458992 37.71486282 8.07499981 31.62469864 37.77306366 8.07499981 31.62198639 37.83119965 8.07499981 31.61645699 37.88913727 8.07499981 31.60812569 37.94673538 8.07499981 31.59701157 38.00386429 8.07499981 31.58313942 38.06038666 8.07499981 31.56654358 38.11617279 8.07499981 31.5472641 38.17108536 8.07499981 31.52534294 38.22499847 4.07499981 32.70000076 36.92499924 4.07499981 34.55500031 35.10372162 4.07499981 32.47465897 38.22499847 4.07499981 33.625 38.16471481 4.07499981 32.4527359 38.17108536 4.07499981 32.43345642 38.11617279 4.07499981 32.41685867 38.06038666 4.07499981 32.40298843 38.00386429 4.07499981 32.39187241 37.94673538 4.07499981 32.38354111 37.88913727 4.07499981 32.37801361 37.83119965 4.07499981 32.37530136 37.77306366 4.07499981 32.37540817 37.71486282 4.07499981 32.37834167 37.65673447 4.07499981 32.38408661 37.59881973 4.07499981 32.39263153 37.54125214 4.07499981 32.40396118 37.48416519 4.07499981 32.41804123 37.42769241 4.07499981 32.43484497 37.37197113 4.07499981 32.45433044 37.31713104 4.07499981 32.47645569 37.26329803 4.07499981 32.50115967 37.21060181 4.07499981 32.52839279 37.15916824 4.07499981 32.5580864 37.10911179 4.07499981 32.59017181 37.0605545 4.07499981 32.62457275 37.01361084 4.07499981 32.66121292 36.96839142 8.07499981 34.55500031 35.10372162 8.07499981 32.70000076 36.92499924 8.07499981 33.625 38.16471481 8.07499981 32.47465897 38.22499847 8.07499981 32.4527359 38.17108536 8.07499981 32.43345642 38.11617279 8.07499981 32.41685867 38.06038666 8.07499981 32.40298843 38.00386429 8.07499981 32.39187241 37.94673538 8.07499981 32.38354111 37.88913727 8.07499981 32.37801361 37.83119965 8.07499981 32.37530136 37.77306366 8.07499981 32.37540817 37.71486282 8.07499981 32.37834167 37.65673447 8.07499981 32.38408661 37.59881973 8.07499981 32.39263153 37.54125214 8.07499981 32.40396118 37.48416519 8.07499981 32.41804123 37.42769241 8.07499981 32.43484497 37.37197113 8.07499981 32.45433044 37.31713104 8.07499981 32.47645569 37.26329803 8.07499981 32.50115967 37.21060181 8.07499981 32.52839279 37.15916824 8.07499981 32.5580864 37.10911179 8.07499981 32.59017181 37.0605545 8.07499981 32.62457275 37.01361084 8.07499981 32.66121292 36.96839142 9.81632233 40.21470261 48.65000153 9.63972378 39.93809509 48.65000153 9.73146343 40.07420349 48.65000153 9.8940897 40.35924911 48.65000153 9.96457386 40.50748444 48.65000153 10.02759933 40.65904236 48.65000153 10.08301163 40.81354523 48.65000153 10.13067245 40.97061157 48.65000153 10.17046452 41.12985611 48.65000153 10.20228863 41.2908783 48.65000153 10.22606754 41.45328522 48.65000153 10.24174118 41.61667633 48.65000153 10.24927139 41.78064346 48.65000153 10.24863911 41.94477844 48.65000153 10.23984528 42.10868454 48.65000153 10.22291374 42.27194595 48.65000153 10.19788361 42.43416595 48.65000153 10.16481972 42.59494019 48.65000153 10.12380123 42.75387192 48.65000153 10.0749321 42.91056824 48.65000153 10.01833057 43.06463623 48.65000153 9.95413876 43.21570587 48.65000153 9.88251495 43.36339188 48.65000153 9.80363655 43.50733566 48.65000153 9.71769714 43.64717865 48.65000153 9.62491131 43.78257751 48.65000153 9.52550793 43.91319275 48.65000153 9.41973209 44.03870392 48.65000153 9.30784702 44.15880203 48.65000153 9.19012833 44.27318573 48.65000153 9.06686687 44.38157654 48.65000153 8.93836975 44.48370361 48.65000153 8.80495262 44.57931519 48.65000153 8.66694641 44.66817093 48.65000153 8.52469254 44.75006104 48.65000153 8.3785429 44.82477188 48.65000153 8.22885895 44.89212418 48.65000153 8.0760107 44.95195007 48.65000153 7.92037773 45.00410461 48.65000153 7.76234341 45.04845428 48.65000153 7.60229969 45.08488846 48.65000153 7.44064188 45.11332321 48.65000153 7.27777052 45.13368225 48.65000153 7.11408806 45.1459198 48.65000153 6.94999981 45.15000153 48.65000153 6.79319477 45.14627075 48.65000153 6.63674402 45.1350975 48.65000153 6.48100042 45.11650085 48.65000153 6.32631683 45.09052658 48.65000153 6.1730423 45.0572319 48.65000153 6.02152252 45.0166893 48.65000153 5.87210035 44.96899414 48.65000153 5.72511387 44.91425323 48.65000153 5.58089399 44.85258865 48.65000153 5.43976736 44.78414154 48.65000153 5.30205202 44.7090683 48.65000153 5.1680603 44.62753296 48.65000153 5.03809357 44.53972244 48.65000153 5.03809357 44.53972244 47.15000153 9.63972378 39.93809509 47.15000153 8.98835182 39.25478745 47.15000153 9.33859825 39.57302856 47.15000153 9.44475937 39.68986511 47.15000153 9.22697163 39.46140289 47.15000153 9.11013317 39.35523987 47.15000153 9.54521084 39.81164932 47.15000153 4.35478878 43.88835144 47.15000153 4.26027632 43.76190567 47.15000153 8.86190605 39.16027451 47.15000153 4.45524073 44.01013184 47.15000153 4.78986645 44.34476089 47.15000153 4.9116478 44.4452095 47.15000153 4.67302895 44.23859787 47.15000153 4.56140184 44.1269722 47.15000153 8.86190605 39.16027451 48.65000153 4.26027632 43.76190567 48.65000153 8.59794807 38.99093246 48.65000153 8.73194027 39.0724678 48.65000153 8.46023273 38.91585541 48.65000153 8.3191061 38.84740829 48.65000153 8.1748867 38.78574753 48.65000153 8.02789974 38.73100281 48.65000153 7.87847757 38.68330765 48.65000153 7.7269578 38.64276886 48.65000153 7.57368326 38.60947418 48.65000153 7.4189992 38.58349609 48.65000153 7.26325607 38.56490326 48.65000153 7.10680532 38.5537262 48.65000153 6.94999981 38.54999924 48.65000153 6.78591156 38.55408096 48.65000153 6.62222958 38.56631851 48.65000153 6.45935774 38.58667755 48.65000153 6.29770041 38.6151123 48.65000153 6.13765669 38.65154648 48.65000153 5.97962236 38.69589615 48.65000153 5.82398891 38.74805069 48.65000153 5.67114115 38.80787659 48.65000153 5.52145767 38.87522888 48.65000153 5.37530804 38.94993973 48.65000153 5.23305416 39.03182602 48.65000153 5.09504795 39.12068558 48.65000153 4.96163082 39.21629715 48.65000153 4.83313274 39.31842422 48.65000153 4.70987225 39.42681503 48.65000153 4.59215307 39.54119873 48.65000153 4.48026752 39.66129684 48.65000153 4.37449217 39.78680801 48.65000153 4.27508879 39.91742325 48.65000153 4.18230247 40.05282211 48.65000153 4.09636354 40.1926651 48.65000153 4.01748466 40.33660889 48.65000153 3.94586086 40.48429489 48.65000153 3.88166904 40.63536072 48.65000153 3.82506824 40.78943253 48.65000153 3.77619839 40.94612885 48.65000153 3.73518038 41.10506058 48.65000153 3.70211601 41.26583481 48.65000153 3.67708659 41.42805481 48.65000153 3.66015458 41.59131622 48.65000153 3.65136147 41.75522232 48.65000153 3.65072894 41.9193573 48.65000153 3.65825891 42.08332443 48.65000153 3.67393255 42.24671555 48.65000153 3.69771099 42.40912247 48.65000153 3.72953558 42.57014465 48.65000153 3.76932764 42.72938919 48.65000153 3.81698847 42.88645554 48.65000153 3.87240052 43.0409584 48.65000153 3.93542624 43.19251633 48.65000153 4.00590992 43.34075165 48.65000153 4.08367777 43.48529816 48.65000153 4.16853619 43.62579727 48.65000153 8.07499981 45.30227661 5.40227604 8.07499981 43.92914581 4.70487452 8.07499981 44.26700974 4.36701059 8.07499981 46.35003662 6.4000001 8.07499981 46.27679443 5.66339731 8.07499981 46.59999847 5.8499999 8.07499981 46.59999847 7.31403923 8.07499981 46.18886566 7.31403923 4.07499981 46.35003662 6.4000001 4.07499981 43.92914581 4.70487452 4.07499981 46.18886566 7.31403923 4.07499981 44.26700974 4.36701059 4.07499981 45.30227661 5.40227604 4.07499981 46.27679443 5.66339731 4.07499981 46.59999847 5.8499999 4.07499981 46.59999847 7.31403923 4.07499981 8.17310619 5.10097218 4.07499981 8.39093304 5.01795959 8.07499981 8.39093304 5.01795959 8.07499981 8.17310619 5.10097218 4.07499981 7.95966291 5.19468307 8.07499981 7.95966291 5.19468307 4.07499981 7.75112867 5.29886198 8.07499981 7.75112867 5.29886198 4.07499981 7.54801655 5.41325188 8.07499981 7.54801655 5.41325188 4.07499981 7.35082579 5.53757238 8.07499981 7.35082579 5.53757238 4.07499981 7.16004181 5.6715169 8.07499981 7.16004181 5.6715169 4.07499981 6.97613382 5.81475639 8.07499981 6.97613382 5.81475639 4.07499981 6.79955387 5.96693802 8.07499981 6.79955387 5.96693802 4.07499981 6.63073683 6.12768745 8.07499981 6.63073683 6.12768745 4.07499981 6.47009754 6.29660988 8.07499981 6.47009754 6.29660988 4.07499981 6.31803179 6.47328949 8.07499981 6.31803179 6.47328949 4.07499981 6.17491293 6.65729141 8.07499981 6.17491293 6.65729141 4.07499981 6.04109383 6.8481636 8.07499981 6.04109383 6.8481636 4.07499981 5.91690254 7.04543543 8.07499981 5.91690254 7.04543543 4.07499981 5.80264568 7.24862289 8.07499981 5.80264568 7.24862289 4.07499981 5.69860363 7.45722532 8.07499981 5.69860363 7.45722532 4.07499981 5.60503292 7.67072964 8.07499981 5.60503292 7.67072964 4.07499981 5.52216291 7.88861084 8.07499981 5.52216291 7.88861084 4.07499981 5.45019817 8.11033344 8.07499981 5.45019817 8.11033344 4.07499981 5.38931513 8.33535099 8.07499981 5.38931513 8.33535099 4.07499981 5.33966446 8.56311035 8.07499981 5.33966446 8.56311035 4.07499981 5.30136728 8.79305172 8.07499981 5.30136728 8.79305172 4.07499981 5.27451801 9.02460957 8.07499981 5.27451801 9.02460957 4.07499981 5.25918341 9.25721359 8.07499981 5.25918341 9.25721359 8.07499981 5.25540066 9.4902916 4.07499981 5.25540066 9.4902916 4.07499981 5.26317883 9.72327042 8.07499981 5.26317883 9.72327042 4.07499981 5.28249931 9.9555769 8.07499981 5.28249931 9.9555769 4.07499981 5.31331444 10.18663979 8.07499981 5.31331444 10.18663979 4.07499981 5.3555479 10.41589069 8.07499981 5.3555479 10.41589069 8.07499981 5.40909672 10.642766 4.07499981 5.40909672 10.642766 4.07499981 5.47382832 10.86670685 8.07499981 5.47382832 10.86670685 4.07499981 5.54958391 11.08716297 8.07499981 5.54958391 11.08716297 4.07499981 5.63617706 11.30359077 8.07499981 5.63617706 11.30359077 8.07499981 5.73339462 11.51546001 4.07499981 5.73339462 11.51546001 4.07499981 5.8409977 11.72224808 8.07499981 5.8409977 11.72224808 4.07499981 5.95872164 11.92344666 8.07499981 5.95872164 11.92344666 4.07499981 6.08627653 12.11856079 8.07499981 6.08627653 12.11856079 4.07499981 6.22334862 12.30710983 8.07499981 6.22334862 12.30710983 4.07499981 6.36960077 12.48863125 8.07499981 6.36960077 12.48863125 8.07499981 6.52467346 12.66267776 4.07499981 6.52467346 12.66267776 4.07499981 6.68818521 12.82882118 8.07499981 6.68818521 12.82882118 4.07499981 6.85973358 12.98665333 8.07499981 6.85973358 12.98665333 4.07499981 7.03889608 13.1357851 8.07499981 7.03889608 13.1357851 4.07499981 7.22523308 13.2758503 8.07499981 7.22523308 13.2758503 8.07499981 7.41828537 13.40650368 4.07499981 7.41828537 13.40650368 4.07499981 8.57228565 6.34570122 4.07499981 8.81314564 7.66394711 4.07499981 9.11302853 8.97003174 4.07499981 9.47132492 10.26131344 4.07499981 9.88731289 11.535182 4.07499981 10.36014938 12.78906059 8.07499981 8.57228565 6.34570122 8.07499981 8.81314564 7.66394711 8.07499981 9.11302853 8.97003174 8.07499981 9.47132492 10.26131344 8.07499981 9.88731289 11.535182 8.07499981 10.36014938 12.78906059 5.75 11.10000038 24.14999962 5.75 22.14999962 24.14999962 3.3499999 11.10000038 26.54999924 3.3499999 22.14999962 26.54999924 8.14999962 22.14999962 24.14999962 8.14999962 11.10000038 24.14999962 3.3499999 22.14999962 31.64999962 3.3499999 11.10000038 31.64999962 10.55000019 11.10000038 31.64999962 10.55000019 22.14999962 31.64999962 10.55000019 10.05000019 31.64999962 3.3499999 10.05000019 31.64999962 3.17787027 9.72786999 31.97212982 3.3499999 9.89999962 31.79999924 10.55000019 9.72786999 31.97212982 10.55000019 22.14999962 26.54999924 10.55000019 11.10000038 26.54999924 4.07499981 8.2254076 2.88029552 4.07499981 7.94810867 2.4000001 8.07499981 8.2254076 2.88029552 8.07499981 7.94810867 2.4000001 8.07499981 8.21390152 2.5601263 8.07499981 8.20943928 2.4000001 8.07499981 8.21922398 2.72022653 8.07499981 12.00185299 7.84629536 4.07499981 12.00185299 7.84629536 8.07499981 12.47343636 8.6631012 4.07499981 12.47343636 8.6631012 8.07499981 12.16039276 8.61269665 8.07499981 12.07208443 8.2313652 8.07499981 12.26658154 8.98943996 8.07499981 12.39041424 9.36075878 8.07499981 12.5316143 9.72582531 8.07499981 12.88999367 10.47631645 8.07499981 12.87688923 10.45545578 8.07499981 12.86482811 10.43397427 8.07499981 12.90410995 10.49650764 8.07499981 12.91920376 10.51597786 8.07499981 12.93523788 10.53468132 8.07499981 12.95217419 10.55257225 8.07499981 12.9699707 10.56960773 8.07499981 12.98858547 10.58574486 8.07499981 13.00797176 10.60094643 8.07499981 13.0280838 10.61517429 8.07499981 13.04887199 10.62839413 8.07499981 13.07028675 10.64057446 8.07499981 13.09227467 10.65168476 8.07499981 13.11478329 10.66169834 8.07499981 13.1377573 10.67059135 8.07499981 13.16114235 10.67834187 8.07499981 13.18488026 10.68493176 8.07499981 13.20891476 10.69034386 8.07499981 13.23318577 10.69456482 8.07499981 13.25763607 10.69758606 8.07499981 13.28220463 10.69939899 8.07499981 13.30683327 10.69999981 8.07499981 13.33146095 10.6993866 8.07499981 13.35602951 10.69756126 8.07499981 13.38047695 10.69452763 8.07499981 13.40474701 10.69029427 8.07499981 12.68986988 10.08382988 4.07499981 13.40474701 10.69029427 4.07499981 12.16039276 8.61269665 4.07499981 12.07208443 8.2313652 4.07499981 12.26658154 8.98943996 4.07499981 12.39041424 9.36075878 4.07499981 12.5316143 9.72582531 4.07499981 12.88999367 10.47631645 4.07499981 12.90410995 10.49650764 4.07499981 12.87688923 10.45545578 4.07499981 12.86482811 10.43397427 4.07499981 12.93523788 10.53468132 4.07499981 12.95217419 10.55257225 4.07499981 12.91920376 10.51597786 4.07499981 12.9699707 10.56960773 4.07499981 12.98858547 10.58574486 4.07499981 13.00797176 10.60094643 4.07499981 13.0280838 10.61517429 4.07499981 13.07028675 10.64057446 4.07499981 13.09227467 10.65168476 4.07499981 13.04887199 10.62839413 4.07499981 13.11478329 10.66169834 4.07499981 13.1377573 10.67059135 4.07499981 13.16114235 10.67834187 4.07499981 13.18488026 10.68493176 4.07499981 13.20891476 10.69034386 4.07499981 13.30683327 10.69999981 4.07499981 13.33146095 10.6993866 4.07499981 13.28220463 10.69939899 4.07499981 13.25763607 10.69758606 4.07499981 13.23318577 10.69456482 4.07499981 12.68986988 10.08382988 4.07499981 13.38047695 10.69452763 4.07499981 13.35602951 10.69756126 3.3499999 48.15000153 31.64999962 3.3499999 48.29999924 31.79999924 10.55000019 48.15000153 31.64999962 10.55000019 48.47212982 31.97212982 3.17787027 48.47212982 31.97212982 10.55000019 47.09999847 31.64999962 10.55000019 36.04999924 31.64999962 3.3499999 36.04999924 31.64999962 3.3499999 47.09999847 31.64999962 10.55000019 36.04999924 26.54999924 10.55000019 47.09999847 26.54999924 8.14999962 47.09999847 24.14999962 8.14999962 36.04999924 24.14999962 5.75 47.09999847 24.14999962 5.75 36.04999924 24.14999962 3.3499999 47.09999847 26.54999924 3.3499999 36.04999924 26.54999924 10.80000019 23.39999962 34.15000153 10.80000019 28.47500038 34.15000153 1.54999995 28.47500038 34.15000153 1.54999995 23.39999962 34.15000153</float_array>
          <technique_common>
            <accessor source="#pos_2-array" count="1947" stride="3">
              <param name="X" type="float"/>
              <param name="Y" type="float"/>
              <param name="Z" type="float"/>
            </accessor>
          </technique_common>
        </source>
        <source id="uvs_2">
          <float_array id="uvs_2-array" count="0"></float_array>
          <technique_common>
            <accessor source="#uvs_2-array" count="0" stride="2">
              <param name="S" type="float"/>
              <param name="T" type="float"/>
            </accessor>
          </technique_common>
        </source>
        <vertices id="vert_2">
          <input semantic="POSITION" source="#pos_2"/>
        </vertices>
        <triangles count="843" material="mat_2">
          <input semantic="VERTEX" source="#vert_2" offset="0"/>
          <p>0 1 2 3 0 2 0 4 1 3 2 5 3 5 6 7 8 5 8 6 5 9 8 7 7 4 9 1 4 7 2 1 7 2 7 5 10 11 12 12 11 13 12 13 14 13 15 14 16 17 18 18 17 19 19 17 20 20 17 21 22 23 16 22 16 18 24 18 19 24 22 18 25 19 20 25 24 19 26 23 22 26 22 24 26 24 25 26 25 27 20 21 27 20 27 25 17 26 27 21 17 27 28 29 30 30 29 31 32 33 34 35 32 36 29 37 38 39 32 35 40 31 29 41 40 29 42 39 43 44 42 45 44 46 41 44 38 47 44 47 33 44 29 38 44 33 32 44 41 29 44 32 39 44 39 42 39 35 48 35 49 48 50 51 52 50 52 53 54 55 56 54 56 51 54 50 57 54 51 50 58 54 59 58 59 60 61 58 62 61 62 63 61 54 58 64 61 65 64 65 66 67 64 68 67 68 69 67 61 64 70 67 71 72 61 67 72 67 70 72 70 73 72 54 61 74 72 75 76 72 74 77 72 76 77 76 78 77 78 79 80 77 81 82 77 80 82 80 83 82 83 84 85 82 86 87 82 85 88 87 89 88 89 90 88 90 91 88 91 92 93 77 82 93 82 87 93 87 88 93 88 94 93 94 95 96 93 97 96 97 98 96 98 99 96 99 100 101 96 102 103 93 96 103 96 101 104 49 55 104 54 72 104 72 77 104 77 93 104 93 103 104 55 54 48 104 105 48 49 104 106 107 108 106 108 28 109 110 106 109 106 28 111 112 109 113 114 111 115 111 109 115 109 28 115 113 111 116 117 118 116 118 119 116 119 115 120 121 122 120 122 116 120 116 115 123 124 125 123 125 120 126 123 120 126 127 123 128 129 126 130 131 128 132 126 120 132 128 126 132 130 128 132 133 130 134 135 132 136 137 138 136 138 134 139 136 134 140 134 132 140 139 134 140 141 139 142 143 144 142 144 140 145 132 120 145 146 142 145 140 132 145 142 140 145 115 28 145 120 115 147 148 145 149 150 147 149 147 145 151 152 153 154 155 151 154 153 149 154 151 153 156 154 149 157 156 149 158 149 145 158 157 149 159 160 161 30 161 158 30 145 28 30 158 145 30 159 161 162 163 164 165 162 164 166 162 165 167 166 165 168 162 166 169 170 168 171 168 166 172 171 173 172 169 168 172 168 171 169 164 163 169 163 170 167 174 166 174 175 166 175 176 177 177 176 178 178 176 179 174 176 175 176 180 179 176 181 180 176 182 181 176 183 182 176 184 183 176 185 184 176 186 185 176 187 186 176 188 187 176 189 188 176 190 189 176 191 190 176 192 191 176 193 192 176 194 193 176 195 194 176 196 195 176 197 196 176 198 197 176 199 198 176 200 199 201 176 202 176 174 202 171 175 203 166 175 171 204 203 175 204 175 177 205 177 178 205 204 177 206 178 179 206 205 178 207 179 180 207 206 179 208 180 181 208 207 180 209 181 182 209 208 181 210 182 183 210 209 182 211 183 184 211 210 183 212 184 185 212 211 184 213 185 186 213 212 185 214 186 187 214 213 186 215 214 187 215 187 188 216 215 188 216 188 189 217 216 189 217 189 190 218 217 190 218 190 191 219 218 191 219 191 192 220 219 192 220 192 193 221 220 193 221 193 194 222 221 194 222 194 195 223 222 195 223 195 196 224 223 196 224 196 197 225 224 197 225 197 198 226 225 198 226 198 199 226 199 200 227 226 200 202 173 171 203 202 171 201 203 204 201 204 205 201 205 206 201 202 203 207 201 206 208 201 207 209 201 208 210 201 209 211 201 210 212 201 211 213 201 212 214 201 213 215 201 214 216 201 215 217 201 216 218 201 217 219 201 218 220 201 219 221 201 220 222 201 221 223 201 222 224 201 223 225 201 224 226 201 225 227 201 226 200 176 227 227 176 201 228 229 162 162 229 163 230 231 232 232 231 233 233 231 234 234 231 235 235 231 236 236 231 237 237 231 238 238 231 239 239 231 240 240 231 241 241 231 242 242 231 243 243 231 244 244 231 245 245 231 246 246 231 247 247 231 248 248 231 249 249 231 250 250 231 251 251 231 252 252 231 253 253 231 254 254 231 228 228 231 229 255 168 170 255 256 168 257 258 259 257 259 260 257 260 261 257 261 262 257 262 263 257 263 264 257 264 265 257 265 266 257 266 267 257 267 268 257 268 269 257 269 270 257 270 271 257 271 272 257 272 273 257 273 274 257 274 275 257 275 276 257 276 277 257 277 278 257 278 279 257 279 280 257 280 281 257 281 256 257 256 255 256 162 168 228 162 256 259 258 230 259 230 232 260 232 233 260 259 232 261 233 234 261 260 233 262 234 235 262 261 234 263 235 236 263 262 235 264 236 237 264 237 238 264 263 236 265 264 238 266 238 239 266 265 238 267 239 240 267 266 239 268 240 241 268 267 240 269 241 242 269 268 241 270 269 242 270 242 243 271 270 243 271 243 244 272 271 244 272 244 245 273 245 246 273 272 245 274 246 247 274 273 246 275 247 248 275 274 247 276 248 249 276 275 248 277 249 250 277 276 249 278 250 251 278 277 250 279 251 252 279 278 251 280 252 253 280 279 252 281 253 254 281 280 253 256 254 228 256 281 254 257 230 258 231 230 257 255 229 257 229 231 257 282 283 284 285 283 282 286 283 285 287 283 286 288 283 287 289 283 288 290 283 289 291 283 290 292 283 291 293 283 292 294 283 293 295 283 294 296 283 295 297 283 296 298 283 297 299 283 298 300 283 299 301 283 300 302 283 301 303 283 302 304 283 303 305 283 304 306 283 305 307 283 306 308 283 307 309 283 308 310 283 309 311 283 310 312 283 311 313 283 312 314 283 313 315 283 314 316 283 315 317 283 316 318 283 317 319 283 318 320 283 319 321 283 320 322 283 321 323 283 322 324 283 323 325 283 324 326 283 325 327 283 326 328 283 327 329 283 328 330 283 329 331 283 330 332 283 331 333 283 332 334 283 333 335 283 334 336 283 335 337 283 336 338 283 337 339 283 338 340 341 339 341 283 339 342 343 344 342 345 343 342 346 345 341 344 347 348 349 350 351 348 350 352 341 340 352 340 353 352 350 342 352 342 344 352 344 341 352 351 350 354 355 351 354 351 352 356 350 357 357 350 349 358 359 356 360 358 356 361 360 356 362 361 356 363 362 356 364 363 356 365 364 356 366 365 356 367 366 356 368 367 356 369 368 356 370 369 356 371 370 356 372 371 356 373 372 356 374 373 356 375 374 356 376 375 356 377 376 356 378 377 356 379 378 356 380 379 356 381 380 356 382 381 356 383 382 356 384 383 356 385 384 356 386 385 356 387 386 356 388 387 356 389 388 356 390 389 356 391 390 356 392 391 356 393 392 356 394 393 356 395 394 356 396 395 356 397 396 356 398 397 356 399 398 356 400 399 356 401 400 356 402 401 356 403 402 356 404 403 356 405 404 356 406 405 356 407 406 356 408 407 356 409 408 356 410 409 356 411 410 356 412 411 356 413 412 356 357 413 356 414 415 416 417 414 418 417 418 419 420 421 417 420 417 419 417 415 414 415 417 422 415 422 423 417 421 424 417 424 422 415 423 425 415 425 416 423 426 425 426 422 427 427 422 428 424 429 422 422 429 428 423 422 426 430 431 432 430 432 433 434 430 433 434 433 435 436 434 435 436 435 437 438 436 437 438 437 439 440 438 439 440 439 441 442 440 441 442 441 443 444 442 443 444 443 445 446 444 445 446 445 447 448 446 447 448 447 449 450 448 449 450 449 451 452 450 451 452 451 453 454 452 453 454 453 455 456 454 455 456 455 457 458 456 457 458 457 459 460 458 459 460 459 461 462 460 461 462 461 463 464 462 463 464 463 465 466 464 465 466 465 467 468 467 469 468 466 467 470 469 471 470 468 469 472 471 473 472 470 471 474 473 475 474 472 473 476 475 477 476 474 475 478 479 480 478 477 479 478 476 477 481 478 480 482 481 480 482 480 483 484 482 483 484 483 485 486 484 485 486 485 487 488 486 487 488 489 490 488 487 489 491 488 490 492 491 490 492 490 493 494 492 493 494 493 495 496 494 495 496 497 498 496 495 497 499 496 498 500 499 498 500 498 501 502 500 501 502 501 503 504 502 503 504 503 505 506 504 505 506 505 507 508 509 510 508 507 509 508 506 507 511 508 510 512 510 513 512 511 510 514 512 513 514 513 515 516 515 517 516 514 515 518 519 520 518 517 519 518 516 517 521 518 520 450 522 448 448 522 446 446 522 444 444 522 442 442 522 440 440 522 438 438 522 436 436 522 434 434 522 430 430 522 431 468 523 466 466 523 464 464 523 462 462 523 460 460 523 458 458 523 456 456 523 454 454 523 452 452 523 450 450 523 522 491 524 488 488 524 486 486 524 484 484 524 482 482 524 481 481 524 478 478 524 476 476 524 474 474 524 472 472 524 470 470 524 468 468 524 523 512 525 511 511 525 508 508 525 506 506 525 504 504 525 502 502 525 500 500 525 499 499 525 496 496 525 494 494 525 492 492 525 491 491 525 524 521 526 518 518 526 516 516 526 514 514 526 512 512 526 525 521 527 526 528 451 449 528 449 447 528 447 445 528 445 443 528 443 441 528 441 439 528 439 437 528 437 435 528 435 433 528 433 432 529 469 467 529 467 465 529 465 463 529 463 461 529 461 459 529 459 457 529 457 455 529 455 453 529 453 451 529 451 528 530 490 489 530 489 487 530 487 485 530 485 483 530 483 480 530 480 479 530 479 477 530 477 475 530 475 473 530 473 471 530 471 469 530 469 529 531 513 510 531 510 509 531 509 507 531 507 505 531 505 503 531 503 501 531 490 530 531 501 498 531 498 497 531 497 495 531 495 493 531 493 490 532 520 519 532 519 517 532 517 515 532 515 513 532 513 531 533 520 532 534 535 536 536 535 537 538 534 539 535 534 538 540 536 537 540 541 536 542 540 543 542 541 540 544 545 541 544 541 542 546 547 548 548 547 544 547 545 544 549 539 550 549 538 539 549 550 542 549 542 543 551 552 553 553 552 554 555 554 556 557 554 555 553 554 557 558 559 560 559 561 560 560 562 563 560 563 558 564 562 560 565 564 560 566 565 560 567 568 569 570 567 569 571 570 569 572 571 569 573 572 569 574 573 569 575 574 569 576 575 569 577 576 569 578 577 569 579 578 569 580 579 569 581 580 569 582 581 569 583 582 569 584 583 569 585 584 569 586 585 569 587 586 569 588 587 569 589 588 569 590 589 569 591 590 569 592 591 569 593 592 569 593 569 594 593 594 566 593 566 560 560 595 593 561 595 560 596 561 597 597 561 559 596 598 561 598 599 561 599 600 561 601 602 603 603 602 604 605 606 607 607 606 602 602 606 604 608 609 606 606 609 604 610 611 609 612 613 614 613 615 614 615 616 614 614 617 611 611 617 609 616 617 614 618 619 617 617 619 609 620 621 622 622 621 623 623 621 624 624 621 619 609 621 604 619 621 609 604 595 625 625 595 600 626 595 627 627 595 621 600 595 561 621 595 604 628 629 630 630 629 631 629 632 631 633 634 635 636 633 635 628 630 633 628 633 636 633 637 634 638 637 633 639 640 638 640 637 638 641 642 640 641 640 639 642 641 643 642 643 644 636 635 644 636 644 643 645 646 647 645 647 648</p>
        </triangles>
      </mesh>
    </geometry>
  </library_geometries>
  <library_visual_scenes>
    <visual_scene id="DefaultScene">
      <node id="node_87462a86_591e_4d18_aa13_6f215805c59d" type="NODE">
        <matrix>1 0 0 0 0 1 0 0 0 0 1 0 0 0 0 1</matrix>
        <node id="node_8542f2c6_f7a7_4671_8a9a_6fb9275b213f" type="NODE">
          <matrix>1 0 0 0 0 1 0 0 0 0 1 0 0 0 0 1</matrix>
          <node id="node_8542f2c6_f7a7_4671_8a9a_6fb9275b213f_mesh0" type="NODE">
            <matrix>1 0 0 0 0 1 0 0 0 0 1 0 0 0 0 1</matrix>
            <instance_geometry url="#geometry_6b2a265b_fa84_4dc6_a12b_b570686a2de6">
              <bind_material>
                <technique_common>
                  <instance_material symbol="mat_0" target="#mat_0"/>
                </technique_common>
              </bind_material>
            </instance_geometry>
          </node>
          <node id="node_8542f2c6_f7a7_4671_8a9a_6fb9275b213f_mesh1" type="NODE">
            <matrix>1 0 0 0 0 1 0 0 0 0 1 0 0 0 0 1</matrix>
            <instance_geometry url="#geometry_c4a4ca73_7cdf_4b82_b4d5_146d3676995f">
              <bind_material>
                <technique_common>
                  <instance_material symbol="mat_1" target="#mat_1"/>
                </technique_common>
              </bind_material>
            </instance_geometry>
          </node>
          <node id="node_8542f2c6_f7a7_4671_8a9a_6fb9275b213f_mesh2" type="NODE">
            <matrix>1 0 0 0 0 1 0 0 0 0 1 0 0 0 0 1</matrix>
            <instance_geometry url="#geometry_72c2203a_048a_463a_be75_c4f415bea304">
              <bind_material>
                <technique_common>
                  <instance_material symbol="mat_2" target="#mat_2"/>
                </technique_common>
              </bind_material>
            </instance_geometry>
          </node>
        </node>
      </node>
    </visual_scene>
  </library_visual_scenes>
  <scene>
    <instance_visual_scene url="#DefaultScene"/>
  </scene>
</COLLADA>
