solid ASCII
  facet normal -1.141660e-01 4.967308e-01 8.603631e-01
    outer loop
      vertex   2.979302e+01 2.383721e+02 3.369958e+00
      vertex   3.017212e+01 2.383939e+02 3.407687e+00
      vertex   2.979302e+01 2.401042e+02 2.369958e+00
    endloop
  endfacet
  facet normal -1.141660e-01 4.967308e-01 8.603631e-01
    outer loop
      vertex   2.979302e+01 2.401042e+02 2.369958e+00
      vertex   3.017212e+01 2.383939e+02 3.407687e+00
      vertex   3.017212e+01 2.401260e+02 2.407687e+00
    endloop
  endfacet
  facet normal -2.778041e-01 4.803189e-01 8.319367e-01
    outer loop
      vertex   3.017212e+01 2.401260e+02 2.407687e+00
      vertex   3.017212e+01 2.383939e+02 3.407687e+00
      vertex   3.052398e+01 2.384448e+02 3.495807e+00
    endloop
  endfacet
  facet normal -2.778041e-01 4.803189e-01 8.319367e-01
    outer loop
      vertex   3.017212e+01 2.401260e+02 2.407687e+00
      vertex   3.052398e+01 2.384448e+02 3.495807e+00
      vertex   3.052398e+01 2.401769e+02 2.495807e+00
    endloop
  endfacet
  facet normal -4.887022e-01 4.362253e-01 7.555645e-01
    outer loop
      vertex   3.052398e+01 2.401769e+02 2.495807e+00
      vertex   3.052398e+01 2.384448e+02 3.495807e+00
      vertex   3.068105e+01 2.384888e+02 3.572002e+00
    endloop
  endfacet
  facet normal -4.887022e-01 4.362253e-01 7.555645e-01
    outer loop
      vertex   3.052398e+01 2.401769e+02 2.495807e+00
      vertex   3.068105e+01 2.384888e+02 3.572002e+00
      vertex   3.068105e+01 2.402208e+02 2.572002e+00
    endloop
  endfacet
  facet normal -6.023480e-01 3.991168e-01 6.912906e-01
    outer loop
      vertex   3.068105e+01 2.402208e+02 2.572002e+00
      vertex   3.068105e+01 2.384888e+02 3.572002e+00
      vertex   3.082678e+01 2.385438e+02 3.667239e+00
    endloop
  endfacet
  facet normal -6.023480e-01 3.991168e-01 6.912906e-01
    outer loop
      vertex   3.068105e+01 2.402208e+02 2.572002e+00
      vertex   3.082678e+01 2.385438e+02 3.667239e+00
      vertex   3.082678e+01 2.402758e+02 2.667239e+00
    endloop
  endfacet
  facet normal -6.859520e-01 3.638234e-01 6.301606e-01
    outer loop
      vertex   3.082678e+01 2.402758e+02 2.667239e+00
      vertex   3.082678e+01 2.385438e+02 3.667239e+00
      vertex   3.110628e+01 2.386755e+02 3.895418e+00
    endloop
  endfacet
  facet normal -6.859520e-01 3.638234e-01 6.301606e-01
    outer loop
      vertex   3.082678e+01 2.402758e+02 2.667239e+00
      vertex   3.110628e+01 2.386755e+02 3.895418e+00
      vertex   3.110628e+01 2.404076e+02 2.895418e+00
    endloop
  endfacet
  facet normal -8.454163e-01 2.670539e-01 4.625510e-01
    outer loop
      vertex   3.110628e+01 2.386755e+02 3.895418e+00
      vertex   3.127763e+01 2.388111e+02 4.130315e+00
      vertex   3.110628e+01 2.404076e+02 2.895418e+00
    endloop
  endfacet
  facet normal -8.454163e-01 2.670539e-01 4.625510e-01
    outer loop
      vertex   3.110628e+01 2.404076e+02 2.895418e+00
      vertex   3.127763e+01 2.388111e+02 4.130315e+00
      vertex   3.127763e+01 2.405432e+02 3.130315e+00
    endloop
  endfacet
  facet normal -9.080757e-01 2.094030e-01 3.626967e-01
    outer loop
      vertex   3.127763e+01 2.405432e+02 3.130315e+00
      vertex   3.127763e+01 2.388111e+02 4.130315e+00
      vertex   3.140683e+01 2.389512e+02 4.372906e+00
    endloop
  endfacet
  facet normal -9.080757e-01 2.094030e-01 3.626967e-01
    outer loop
      vertex   3.127763e+01 2.405432e+02 3.130315e+00
      vertex   3.140683e+01 2.389512e+02 4.372906e+00
      vertex   3.140683e+01 2.406832e+02 3.372906e+00
    endloop
  endfacet
  facet normal -9.884359e-01 7.581950e-02 1.313232e-01
    outer loop
      vertex   3.140683e+01 2.406832e+02 3.372906e+00
      vertex   3.140683e+01 2.389512e+02 4.372906e+00
      vertex   3.150222e+01 2.392621e+02 4.911402e+00
    endloop
  endfacet
  facet normal -9.884359e-01 7.581950e-02 1.313232e-01
    outer loop
      vertex   3.140683e+01 2.406832e+02 3.372906e+00
      vertex   3.150222e+01 2.392621e+02 4.911402e+00
      vertex   3.150222e+01 2.409941e+02 3.911402e+00
    endloop
  endfacet
  facet normal -9.954497e-01 -4.764416e-02 -8.252211e-02
    outer loop
      vertex   3.150222e+01 2.392621e+02 4.911402e+00
      vertex   3.147121e+01 2.394241e+02 5.191945e+00
      vertex   3.150222e+01 2.409941e+02 3.911402e+00
    endloop
  endfacet
  facet normal -9.954497e-01 -4.764416e-02 -8.252211e-02
    outer loop
      vertex   3.150222e+01 2.409941e+02 3.911402e+00
      vertex   3.147121e+01 2.394241e+02 5.191945e+00
      vertex   3.147121e+01 2.411561e+02 4.191945e+00
    endloop
  endfacet
  facet normal -9.716672e-01 -1.181767e-01 -2.046880e-01
    outer loop
      vertex   3.147121e+01 2.411561e+02 4.191945e+00
      vertex   3.147121e+01 2.394241e+02 5.191945e+00
      vertex   3.139658e+01 2.395775e+02 5.457646e+00
    endloop
  endfacet
  facet normal -9.716672e-01 -1.181767e-01 -2.046880e-01
    outer loop
      vertex   3.147121e+01 2.411561e+02 4.191945e+00
      vertex   3.139658e+01 2.395775e+02 5.457646e+00
      vertex   3.139658e+01 2.413095e+02 4.457646e+00
    endloop
  endfacet
  facet normal -8.816742e-01 -2.359294e-01 -4.086417e-01
    outer loop
      vertex   3.139658e+01 2.413095e+02 4.457646e+00
      vertex   3.139658e+01 2.395775e+02 5.457646e+00
      vertex   3.125009e+01 2.397143e+02 5.694686e+00
    endloop
  endfacet
  facet normal -8.816742e-01 -2.359294e-01 -4.086417e-01
    outer loop
      vertex   3.139658e+01 2.413095e+02 4.457646e+00
      vertex   3.125009e+01 2.397143e+02 5.694686e+00
      vertex   3.125009e+01 2.414464e+02 4.694686e+00
    endloop
  endfacet
  facet normal -7.982417e-01 -3.011686e-01 -5.216394e-01
    outer loop
      vertex   3.125009e+01 2.414464e+02 4.694686e+00
      vertex   3.125009e+01 2.397143e+02 5.694686e+00
      vertex   3.105232e+01 2.398454e+02 5.921670e+00
    endloop
  endfacet
  facet normal -7.982417e-01 -3.011686e-01 -5.216394e-01
    outer loop
      vertex   3.125009e+01 2.414464e+02 4.694686e+00
      vertex   3.105232e+01 2.398454e+02 5.921670e+00
      vertex   3.105232e+01 2.415774e+02 4.921670e+00
    endloop
  endfacet
  facet normal -6.204106e-01 -3.921386e-01 -6.792039e-01
    outer loop
      vertex   3.105232e+01 2.398454e+02 5.921670e+00
      vertex   3.080797e+01 2.399420e+02 6.089072e+00
      vertex   3.105232e+01 2.415774e+02 4.921670e+00
    endloop
  endfacet
  facet normal -6.204106e-01 -3.921386e-01 -6.792039e-01
    outer loop
      vertex   3.105232e+01 2.415774e+02 4.921670e+00
      vertex   3.080797e+01 2.399420e+02 6.089072e+00
      vertex   3.080797e+01 2.416741e+02 5.089072e+00
    endloop
  endfacet
  facet normal -4.952173e-01 -4.343846e-01 -7.523762e-01
    outer loop
      vertex   3.080797e+01 2.416741e+02 5.089072e+00
      vertex   3.080797e+01 2.399420e+02 6.089072e+00
      vertex   3.054729e+01 2.400163e+02 6.217754e+00
    endloop
  endfacet
  facet normal -4.952173e-01 -4.343846e-01 -7.523762e-01
    outer loop
      vertex   3.080797e+01 2.416741e+02 5.089072e+00
      vertex   3.054729e+01 2.400163e+02 6.217754e+00
      vertex   3.054729e+01 2.417484e+02 5.217754e+00
    endloop
  endfacet
  facet normal -2.569999e-01 -4.832057e-01 -8.369368e-01
    outer loop
      vertex   3.054729e+01 2.417484e+02 5.217754e+00
      vertex   3.054729e+01 2.400163e+02 6.217754e+00
      vertex   3.025617e+01 2.400550e+02 6.284800e+00
    endloop
  endfacet
  facet normal -2.569999e-01 -4.832057e-01 -8.369368e-01
    outer loop
      vertex   3.054729e+01 2.417484e+02 5.217754e+00
      vertex   3.025617e+01 2.400550e+02 6.284800e+00
      vertex   3.025617e+01 2.417871e+02 5.284800e+00
    endloop
  endfacet
  facet normal -1.113548e-01 -4.968904e-01 -8.606393e-01
    outer loop
      vertex   3.025617e+01 2.417871e+02 5.284800e+00
      vertex   3.025617e+01 2.400550e+02 6.284800e+00
      vertex   2.994739e+01 2.400723e+02 6.314764e+00
    endloop
  endfacet
  facet normal -1.113548e-01 -4.968904e-01 -8.606393e-01
    outer loop
      vertex   3.025617e+01 2.417871e+02 5.284800e+00
      vertex   2.994739e+01 2.400723e+02 6.314764e+00
      vertex   2.994739e+01 2.418044e+02 5.314764e+00
    endloop
  endfacet
  facet normal 1.640541e-01 -4.932257e-01 -8.542919e-01
    outer loop
      vertex   2.994739e+01 2.400723e+02 6.314764e+00
      vertex   2.945109e+01 2.400311e+02 6.243284e+00
      vertex   2.994739e+01 2.418044e+02 5.314764e+00
    endloop
  endfacet
  facet normal 1.640541e-01 -4.932257e-01 -8.542919e-01
    outer loop
      vertex   2.994739e+01 2.418044e+02 5.314764e+00
      vertex   2.945109e+01 2.400311e+02 6.243284e+00
      vertex   2.945109e+01 2.417631e+02 5.243284e+00
    endloop
  endfacet
  facet normal 4.578506e-01 -4.445146e-01 -7.699218e-01
    outer loop
      vertex   2.945109e+01 2.417631e+02 5.243284e+00
      vertex   2.945109e+01 2.400311e+02 6.243284e+00
      vertex   2.900256e+01 2.399156e+02 6.043238e+00
    endloop
  endfacet
  facet normal 4.578506e-01 -4.445146e-01 -7.699218e-01
    outer loop
      vertex   2.945109e+01 2.417631e+02 5.243284e+00
      vertex   2.900256e+01 2.399156e+02 6.043238e+00
      vertex   2.900256e+01 2.416476e+02 5.043238e+00
    endloop
  endfacet
  facet normal -9.804331e-01 9.842618e-02 1.704791e-01
    outer loop
      vertex   2.900256e+01 2.399156e+02 6.043238e+00
      vertex   2.927236e+01 2.405874e+02 7.206936e+00
      vertex   2.900256e+01 2.416476e+02 5.043238e+00
    endloop
  endfacet
  facet normal -9.804331e-01 9.842618e-02 1.704791e-01
    outer loop
      vertex   2.900256e+01 2.416476e+02 5.043238e+00
      vertex   2.927236e+01 2.405874e+02 7.206936e+00
      vertex   2.927236e+01 2.423195e+02 6.206936e+00
    endloop
  endfacet
  facet normal 2.627774e-04 5.000000e-01 8.660254e-01
    outer loop
      vertex   2.927236e+01 2.405874e+02 7.206936e+00
      vertex   3.126758e+01 2.405872e+02 7.206482e+00
      vertex   2.927236e+01 2.423195e+02 6.206936e+00
    endloop
  endfacet
  facet normal 2.627774e-04 5.000000e-01 8.660254e-01
    outer loop
      vertex   2.927236e+01 2.423195e+02 6.206936e+00
      vertex   3.126758e+01 2.405872e+02 7.206482e+00
      vertex   3.126758e+01 2.423192e+02 6.206482e+00
    endloop
  endfacet
  facet normal -1.000000e+00 1.313887e-04 2.275719e-04
    outer loop
      vertex   3.126758e+01 2.405872e+02 7.206482e+00
      vertex   3.126773e+01 2.408805e+02 7.714518e+00
      vertex   3.126758e+01 2.423192e+02 6.206482e+00
    endloop
  endfacet
  facet normal -1.000000e+00 1.313887e-04 2.275719e-04
    outer loop
      vertex   3.126758e+01 2.423192e+02 6.206482e+00
      vertex   3.126773e+01 2.408805e+02 7.714518e+00
      vertex   3.126773e+01 2.426125e+02 6.714518e+00
    endloop
  endfacet
  facet normal -2.627774e-04 -5.000000e-01 -8.660254e-01
    outer loop
      vertex   3.126773e+01 2.408805e+02 7.714518e+00
      vertex   2.878138e+01 2.408808e+02 7.715084e+00
      vertex   3.126773e+01 2.426125e+02 6.714518e+00
    endloop
  endfacet
  facet normal -2.627774e-04 -5.000000e-01 -8.660254e-01
    outer loop
      vertex   3.126773e+01 2.426125e+02 6.714518e+00
      vertex   2.878138e+01 2.408808e+02 7.715084e+00
      vertex   2.878138e+01 2.426129e+02 6.715084e+00
    endloop
  endfacet
  facet normal 9.826309e-01 -9.278549e-02 -1.607092e-01
    outer loop
      vertex   2.878138e+01 2.408808e+02 7.715084e+00
      vertex   2.829639e+01 2.395968e+02 5.491057e+00
      vertex   2.878138e+01 2.426129e+02 6.715084e+00
    endloop
  endfacet
  facet normal 9.826309e-01 -9.278549e-02 -1.607092e-01
    outer loop
      vertex   2.878138e+01 2.426129e+02 6.715084e+00
      vertex   2.829639e+01 2.395968e+02 5.491057e+00
      vertex   2.829639e+01 2.413288e+02 4.491057e+00
    endloop
  endfacet
  facet normal 1.293486e-01 4.957996e-01 8.587501e-01
    outer loop
      vertex   2.829639e+01 2.395968e+02 5.491057e+00
      vertex   2.887277e+01 2.395592e+02 5.425944e+00
      vertex   2.829639e+01 2.413288e+02 4.491057e+00
    endloop
  endfacet
  facet normal 1.293486e-01 4.957996e-01 8.587501e-01
    outer loop
      vertex   2.829639e+01 2.413288e+02 4.491057e+00
      vertex   2.887277e+01 2.395592e+02 5.425944e+00
      vertex   2.887277e+01 2.412912e+02 4.425944e+00
    endloop
  endfacet
  facet normal -7.665764e-01 3.210766e-01 5.561209e-01
    outer loop
      vertex   2.887277e+01 2.395592e+02 5.425944e+00
      vertex   2.903826e+01 2.396579e+02 5.597028e+00
      vertex   2.887277e+01 2.412912e+02 4.425944e+00
    endloop
  endfacet
  facet normal -7.665764e-01 3.210766e-01 5.561209e-01
    outer loop
      vertex   2.887277e+01 2.412912e+02 4.425944e+00
      vertex   2.903826e+01 2.396579e+02 5.597028e+00
      vertex   2.903826e+01 2.413900e+02 4.597028e+00
    endloop
  endfacet
  facet normal -5.822550e-01 4.065031e-01 7.040840e-01
    outer loop
      vertex   2.903826e+01 2.413900e+02 4.597028e+00
      vertex   2.903826e+01 2.396579e+02 5.597028e+00
      vertex   2.924803e+01 2.397331e+02 5.727136e+00
    endloop
  endfacet
  facet normal -5.822550e-01 4.065031e-01 7.040840e-01
    outer loop
      vertex   2.903826e+01 2.413900e+02 4.597028e+00
      vertex   2.924803e+01 2.397331e+02 5.727136e+00
      vertex   2.924803e+01 2.414651e+02 4.727136e+00
    endloop
  endfacet
  facet normal -3.719781e-01 4.641208e-01 8.038807e-01
    outer loop
      vertex   2.924803e+01 2.397331e+02 5.727136e+00
      vertex   2.950655e+01 2.397849e+02 5.816855e+00
      vertex   2.924803e+01 2.414651e+02 4.727136e+00
    endloop
  endfacet
  facet normal -3.719781e-01 4.641208e-01 8.038807e-01
    outer loop
      vertex   2.924803e+01 2.414651e+02 4.727136e+00
      vertex   2.950655e+01 2.397849e+02 5.816855e+00
      vertex   2.950655e+01 2.415169e+02 4.816855e+00
    endloop
  endfacet
  facet normal -1.171974e-01 4.965543e-01 8.600573e-01
    outer loop
      vertex   2.950655e+01 2.415169e+02 4.816855e+00
      vertex   2.950655e+01 2.397849e+02 5.816855e+00
      vertex   2.978354e+01 2.398012e+02 5.845163e+00
    endloop
  endfacet
  facet normal -1.171974e-01 4.965543e-01 8.600573e-01
    outer loop
      vertex   2.950655e+01 2.415169e+02 4.816855e+00
      vertex   2.978354e+01 2.398012e+02 5.845163e+00
      vertex   2.978354e+01 2.415333e+02 4.845163e+00
    endloop
  endfacet
  facet normal 9.551091e-02 4.977142e-01 8.620663e-01
    outer loop
      vertex   2.978354e+01 2.398012e+02 5.845163e+00
      vertex   2.999873e+01 2.397909e+02 5.827281e+00
      vertex   2.978354e+01 2.415333e+02 4.845163e+00
    endloop
  endfacet
  facet normal 9.551091e-02 4.977142e-01 8.620663e-01
    outer loop
      vertex   2.978354e+01 2.415333e+02 4.845163e+00
      vertex   2.999873e+01 2.397909e+02 5.827281e+00
      vertex   2.999873e+01 2.415229e+02 4.827281e+00
    endloop
  endfacet
  facet normal 2.396964e-01 4.854239e-01 8.407789e-01
    outer loop
      vertex   2.999873e+01 2.415229e+02 4.827281e+00
      vertex   2.999873e+01 2.397909e+02 5.827281e+00
      vertex   3.020203e+01 2.397658e+02 5.783813e+00
    endloop
  endfacet
  facet normal 2.396964e-01 4.854239e-01 8.407789e-01
    outer loop
      vertex   2.999873e+01 2.415229e+02 4.827281e+00
      vertex   3.020203e+01 2.397658e+02 5.783813e+00
      vertex   3.020203e+01 2.414978e+02 4.783813e+00
    endloop
  endfacet
  facet normal 4.809547e-01 4.383727e-01 7.592838e-01
    outer loop
      vertex   3.020203e+01 2.414978e+02 4.783813e+00
      vertex   3.020203e+01 2.397658e+02 5.783813e+00
      vertex   3.038212e+01 2.397164e+02 5.698259e+00
    endloop
  endfacet
  facet normal 4.809547e-01 4.383727e-01 7.592838e-01
    outer loop
      vertex   3.020203e+01 2.414978e+02 4.783813e+00
      vertex   3.038212e+01 2.397164e+02 5.698259e+00
      vertex   3.038212e+01 2.414484e+02 4.698259e+00
    endloop
  endfacet
  facet normal 6.145895e-01 3.944235e-01 6.831616e-01
    outer loop
      vertex   3.038212e+01 2.414484e+02 4.698259e+00
      vertex   3.038212e+01 2.397164e+02 5.698259e+00
      vertex   3.055426e+01 2.396493e+02 5.582108e+00
    endloop
  endfacet
  facet normal 6.145895e-01 3.944235e-01 6.831616e-01
    outer loop
      vertex   3.038212e+01 2.414484e+02 4.698259e+00
      vertex   3.055426e+01 2.396493e+02 5.582108e+00
      vertex   3.055426e+01 2.413814e+02 4.582108e+00
    endloop
  endfacet
  facet normal 8.139519e-01 2.904661e-01 5.031020e-01
    outer loop
      vertex   3.055426e+01 2.396493e+02 5.582108e+00
      vertex   3.068902e+01 2.395549e+02 5.418593e+00
      vertex   3.055426e+01 2.413814e+02 4.582108e+00
    endloop
  endfacet
  facet normal 8.139519e-01 2.904661e-01 5.031020e-01
    outer loop
      vertex   3.055426e+01 2.413814e+02 4.582108e+00
      vertex   3.068902e+01 2.395549e+02 5.418593e+00
      vertex   3.068902e+01 2.412870e+02 4.418593e+00
    endloop
  endfacet
  facet normal 8.954077e-01 2.226236e-01 3.855954e-01
    outer loop
      vertex   3.068902e+01 2.412870e+02 4.418593e+00
      vertex   3.068902e+01 2.395549e+02 5.418593e+00
      vertex   3.078521e+01 2.394582e+02 5.251068e+00
    endloop
  endfacet
  facet normal 8.954077e-01 2.226236e-01 3.855954e-01
    outer loop
      vertex   3.068902e+01 2.412870e+02 4.418593e+00
      vertex   3.078521e+01 2.394582e+02 5.251068e+00
      vertex   3.078521e+01 2.411903e+02 4.251068e+00
    endloop
  endfacet
  facet normal 9.768798e-01 1.068946e-01 1.851469e-01
    outer loop
      vertex   3.078521e+01 2.411903e+02 4.251068e+00
      vertex   3.078521e+01 2.394582e+02 5.251068e+00
      vertex   3.083287e+01 2.393493e+02 5.062465e+00
    endloop
  endfacet
  facet normal 9.768798e-01 1.068946e-01 1.851469e-01
    outer loop
      vertex   3.078521e+01 2.411903e+02 4.251068e+00
      vertex   3.083287e+01 2.393493e+02 5.062465e+00
      vertex   3.083287e+01 2.410814e+02 4.062465e+00
    endloop
  endfacet
  facet normal 9.969547e-01 3.899128e-02 6.753488e-02
    outer loop
      vertex   3.083287e+01 2.410814e+02 4.062465e+00
      vertex   3.083287e+01 2.393493e+02 5.062465e+00
      vertex   3.085077e+01 2.392349e+02 4.864291e+00
    endloop
  endfacet
  facet normal 9.969547e-01 3.899128e-02 6.753488e-02
    outer loop
      vertex   3.083287e+01 2.410814e+02 4.062465e+00
      vertex   3.085077e+01 2.392349e+02 4.864291e+00
      vertex   3.085077e+01 2.409669e+02 3.864291e+00
    endloop
  endfacet
  facet normal 9.969267e-01 -3.916988e-02 -6.784422e-02
    outer loop
      vertex   3.085077e+01 2.392349e+02 4.864291e+00
      vertex   3.083168e+01 2.391134e+02 4.653839e+00
      vertex   3.085077e+01 2.409669e+02 3.864291e+00
    endloop
  endfacet
  facet normal 9.969267e-01 -3.916988e-02 -6.784422e-02
    outer loop
      vertex   3.085077e+01 2.409669e+02 3.864291e+00
      vertex   3.083168e+01 2.391134e+02 4.653839e+00
      vertex   3.083168e+01 2.408454e+02 3.653839e+00
    endloop
  endfacet
  facet normal 9.778342e-01 -1.046903e-01 -1.813289e-01
    outer loop
      vertex   3.083168e+01 2.408454e+02 3.653839e+00
      vertex   3.083168e+01 2.391134e+02 4.653839e+00
      vertex   3.078199e+01 2.389974e+02 4.452880e+00
    endloop
  endfacet
  facet normal 9.778342e-01 -1.046903e-01 -1.813289e-01
    outer loop
      vertex   3.083168e+01 2.408454e+02 3.653839e+00
      vertex   3.078199e+01 2.389974e+02 4.452880e+00
      vertex   3.078199e+01 2.407294e+02 3.452880e+00
    endloop
  endfacet
  facet normal 9.018034e-01 -2.160732e-01 -3.742498e-01
    outer loop
      vertex   3.078199e+01 2.407294e+02 3.452880e+00
      vertex   3.078199e+01 2.389974e+02 4.452880e+00
      vertex   3.068233e+01 2.388934e+02 4.272785e+00
    endloop
  endfacet
  facet normal 9.018034e-01 -2.160732e-01 -3.742498e-01
    outer loop
      vertex   3.078199e+01 2.407294e+02 3.452880e+00
      vertex   3.068233e+01 2.388934e+02 4.272785e+00
      vertex   3.068233e+01 2.406254e+02 3.272785e+00
    endloop
  endfacet
  facet normal 8.264432e-01 -2.815101e-01 -4.875897e-01
    outer loop
      vertex   3.068233e+01 2.406254e+02 3.272785e+00
      vertex   3.068233e+01 2.388934e+02 4.272785e+00
      vertex   3.054358e+01 2.387916e+02 4.096398e+00
    endloop
  endfacet
  facet normal 8.264432e-01 -2.815101e-01 -4.875897e-01
    outer loop
      vertex   3.068233e+01 2.406254e+02 3.272785e+00
      vertex   3.054358e+01 2.387916e+02 4.096398e+00
      vertex   3.054358e+01 2.405236e+02 3.096398e+00
    endloop
  endfacet
  facet normal 6.529623e-01 -3.786952e-01 -6.559194e-01
    outer loop
      vertex   3.054358e+01 2.387916e+02 4.096398e+00
      vertex   3.038106e+01 2.387215e+02 3.975058e+00
      vertex   3.054358e+01 2.405236e+02 3.096398e+00
    endloop
  endfacet
  facet normal 6.529623e-01 -3.786952e-01 -6.559194e-01
    outer loop
      vertex   3.054358e+01 2.405236e+02 3.096398e+00
      vertex   3.038106e+01 2.387215e+02 3.975058e+00
      vertex   3.038106e+01 2.404535e+02 2.975058e+00
    endloop
  endfacet
  facet normal 5.275520e-01 -4.247614e-01 -7.357083e-01
    outer loop
      vertex   3.038106e+01 2.404535e+02 2.975058e+00
      vertex   3.038106e+01 2.387215e+02 3.975058e+00
      vertex   3.020492e+01 2.386668e+02 3.880327e+00
    endloop
  endfacet
  facet normal 5.275520e-01 -4.247614e-01 -7.357083e-01
    outer loop
      vertex   3.038106e+01 2.404535e+02 2.975058e+00
      vertex   3.020492e+01 2.386668e+02 3.880327e+00
      vertex   3.020492e+01 2.403989e+02 2.880327e+00
    endloop
  endfacet
  facet normal 2.797006e-01 -4.800436e-01 -8.314600e-01
    outer loop
      vertex   3.020492e+01 2.403989e+02 2.880327e+00
      vertex   3.020492e+01 2.386668e+02 3.880327e+00
      vertex   3.000662e+01 2.386379e+02 3.830297e+00
    endloop
  endfacet
  facet normal 2.797006e-01 -4.800436e-01 -8.314600e-01
    outer loop
      vertex   3.020492e+01 2.403989e+02 2.880327e+00
      vertex   3.000662e+01 2.386379e+02 3.830297e+00
      vertex   3.000662e+01 2.403700e+02 2.830297e+00
    endloop
  endfacet
  facet normal 1.244721e-01 -4.961116e-01 -8.592904e-01
    outer loop
      vertex   3.000662e+01 2.403700e+02 2.830297e+00
      vertex   3.000662e+01 2.386379e+02 3.830297e+00
      vertex   2.979315e+01 2.386245e+02 3.807106e+00
    endloop
  endfacet
  facet normal 1.244721e-01 -4.961116e-01 -8.592904e-01
    outer loop
      vertex   3.000662e+01 2.403700e+02 2.830297e+00
      vertex   2.979315e+01 2.386245e+02 3.807106e+00
      vertex   2.979315e+01 2.403566e+02 2.807106e+00
    endloop
  endfacet
  facet normal -1.009992e-01 -4.974433e-01 -8.615970e-01
    outer loop
      vertex   2.979315e+01 2.386245e+02 3.807106e+00
      vertex   2.961988e+01 2.386333e+02 3.822339e+00
      vertex   2.979315e+01 2.403566e+02 2.807106e+00
    endloop
  endfacet
  facet normal -1.009992e-01 -4.974433e-01 -8.615970e-01
    outer loop
      vertex   2.979315e+01 2.403566e+02 2.807106e+00
      vertex   2.961988e+01 2.386333e+02 3.822339e+00
      vertex   2.961988e+01 2.403654e+02 2.822339e+00
    endloop
  endfacet
  facet normal -2.353576e-01 -4.859544e-01 -8.416977e-01
    outer loop
      vertex   2.961988e+01 2.403654e+02 2.822339e+00
      vertex   2.961988e+01 2.386333e+02 3.822339e+00
      vertex   2.945501e+01 2.386533e+02 3.856916e+00
    endloop
  endfacet
  facet normal -2.353576e-01 -4.859544e-01 -8.416977e-01
    outer loop
      vertex   2.961988e+01 2.403654e+02 2.822339e+00
      vertex   2.945501e+01 2.386533e+02 3.856916e+00
      vertex   2.945501e+01 2.403853e+02 2.856916e+00
    endloop
  endfacet
  facet normal -4.568388e-01 -4.447748e-01 -7.703725e-01
    outer loop
      vertex   2.945501e+01 2.403853e+02 2.856916e+00
      vertex   2.945501e+01 2.386533e+02 3.856916e+00
      vertex   2.930512e+01 2.386918e+02 3.923581e+00
    endloop
  endfacet
  facet normal -4.568388e-01 -4.447748e-01 -7.703725e-01
    outer loop
      vertex   2.945501e+01 2.403853e+02 2.856916e+00
      vertex   2.930512e+01 2.386918e+02 3.923581e+00
      vertex   2.930512e+01 2.404238e+02 2.923581e+00
    endloop
  endfacet
  facet normal -5.772790e-01 -4.082735e-01 -7.071504e-01
    outer loop
      vertex   2.930512e+01 2.404238e+02 2.923581e+00
      vertex   2.930512e+01 2.386918e+02 3.923581e+00
      vertex   2.916224e+01 2.387423e+02 4.011055e+00
    endloop
  endfacet
  facet normal -5.772790e-01 -4.082735e-01 -7.071504e-01
    outer loop
      vertex   2.930512e+01 2.404238e+02 2.923581e+00
      vertex   2.916224e+01 2.387423e+02 4.011055e+00
      vertex   2.916224e+01 2.404743e+02 3.011055e+00
    endloop
  endfacet
  facet normal -7.805948e-01 -3.125187e-01 -5.412982e-01
    outer loop
      vertex   2.916224e+01 2.387423e+02 4.011055e+00
      vertex   2.903441e+01 2.388221e+02 4.149321e+00
      vertex   2.916224e+01 2.404743e+02 3.011055e+00
    endloop
  endfacet
  facet normal -7.805948e-01 -3.125187e-01 -5.412982e-01
    outer loop
      vertex   2.916224e+01 2.404743e+02 3.011055e+00
      vertex   2.903441e+01 2.388221e+02 4.149321e+00
      vertex   2.903441e+01 2.405542e+02 3.149321e+00
    endloop
  endfacet
  facet normal -8.601792e-01 -2.549960e-01 -4.416660e-01
    outer loop
      vertex   2.903441e+01 2.405542e+02 3.149321e+00
      vertex   2.903441e+01 2.388221e+02 4.149321e+00
      vertex   2.893728e+01 2.389040e+02 4.291187e+00
    endloop
  endfacet
  facet normal -8.601792e-01 -2.549960e-01 -4.416660e-01
    outer loop
      vertex   2.903441e+01 2.405542e+02 3.149321e+00
      vertex   2.893728e+01 2.389040e+02 4.291187e+00
      vertex   2.893728e+01 2.406361e+02 3.291187e+00
    endloop
  endfacet
  facet normal -9.645084e-01 -1.320262e-01 -2.286760e-01
    outer loop
      vertex   2.893728e+01 2.406361e+02 3.291187e+00
      vertex   2.893728e+01 2.389040e+02 4.291187e+00
      vertex   2.883160e+01 2.390970e+02 4.625500e+00
    endloop
  endfacet
  facet normal -9.645084e-01 -1.320262e-01 -2.286760e-01
    outer loop
      vertex   2.893728e+01 2.406361e+02 3.291187e+00
      vertex   2.883160e+01 2.390970e+02 4.625500e+00
      vertex   2.883160e+01 2.408291e+02 3.625500e+00
    endloop
  endfacet
  facet normal 8.409279e-02 -4.982290e-01 -8.629579e-01
    outer loop
      vertex   2.883160e+01 2.390970e+02 4.625500e+00
      vertex   2.818697e+01 2.390698e+02 4.578388e+00
      vertex   2.883160e+01 2.408291e+02 3.625500e+00
    endloop
  endfacet
  facet normal 8.409279e-02 -4.982290e-01 -8.629579e-01
    outer loop
      vertex   2.883160e+01 2.408291e+02 3.625500e+00
      vertex   2.818697e+01 2.390698e+02 4.578388e+00
      vertex   2.818697e+01 2.408019e+02 3.578388e+00
    endloop
  endfacet
  facet normal 9.818698e-01 9.477823e-02 1.641607e-01
    outer loop
      vertex   2.818697e+01 2.390698e+02 4.578388e+00
      vertex   2.824230e+01 2.389265e+02 4.330198e+00
      vertex   2.818697e+01 2.408019e+02 3.578388e+00
    endloop
  endfacet
  facet normal 9.818698e-01 9.477823e-02 1.641607e-01
    outer loop
      vertex   2.818697e+01 2.408019e+02 3.578388e+00
      vertex   2.824230e+01 2.389265e+02 4.330198e+00
      vertex   2.824230e+01 2.406586e+02 3.330198e+00
    endloop
  endfacet
  facet normal 9.466836e-01 1.610824e-01 2.790028e-01
    outer loop
      vertex   2.824230e+01 2.406586e+02 3.330198e+00
      vertex   2.824230e+01 2.389265e+02 4.330198e+00
      vertex   2.833379e+01 2.387921e+02 4.097386e+00
    endloop
  endfacet
  facet normal 9.466836e-01 1.610824e-01 2.790028e-01
    outer loop
      vertex   2.824230e+01 2.406586e+02 3.330198e+00
      vertex   2.833379e+01 2.387921e+02 4.097386e+00
      vertex   2.833379e+01 2.405242e+02 3.097386e+00
    endloop
  endfacet
  facet normal 8.424106e-01 2.694181e-01 4.666458e-01
    outer loop
      vertex   2.833379e+01 2.405242e+02 3.097386e+00
      vertex   2.833379e+01 2.387921e+02 4.097386e+00
      vertex   2.848454e+01 2.386743e+02 3.893280e+00
    endloop
  endfacet
  facet normal 8.424106e-01 2.694181e-01 4.666458e-01
    outer loop
      vertex   2.833379e+01 2.405242e+02 3.097386e+00
      vertex   2.848454e+01 2.386743e+02 3.893280e+00
      vertex   2.848454e+01 2.404063e+02 2.893280e+00
    endloop
  endfacet
  facet normal 7.541604e-01 3.283451e-01 5.687105e-01
    outer loop
      vertex   2.848454e+01 2.404063e+02 2.893280e+00
      vertex   2.848454e+01 2.386743e+02 3.893280e+00
      vertex   2.867784e+01 2.385633e+02 3.701026e+00
    endloop
  endfacet
  facet normal 7.541604e-01 3.283451e-01 5.687105e-01
    outer loop
      vertex   2.848454e+01 2.404063e+02 2.893280e+00
      vertex   2.867784e+01 2.385633e+02 3.701026e+00
      vertex   2.867784e+01 2.402953e+02 2.701026e+00
    endloop
  endfacet
  facet normal 5.539256e-01 4.162831e-01 7.210234e-01
    outer loop
      vertex   2.867784e+01 2.385633e+02 3.701026e+00
      vertex   2.893486e+01 2.384778e+02 3.552932e+00
      vertex   2.867784e+01 2.402953e+02 2.701026e+00
    endloop
  endfacet
  facet normal 5.539256e-01 4.162831e-01 7.210234e-01
    outer loop
      vertex   2.867784e+01 2.402953e+02 2.701026e+00
      vertex   2.893486e+01 2.384778e+02 3.552932e+00
      vertex   2.893486e+01 2.402098e+02 2.552932e+00
    endloop
  endfacet
  facet normal 4.271972e-01 4.520792e-01 7.830242e-01
    outer loop
      vertex   2.893486e+01 2.402098e+02 2.552932e+00
      vertex   2.893486e+01 2.384778e+02 3.552932e+00
      vertex   2.919758e+01 2.384157e+02 3.445435e+00
    endloop
  endfacet
  facet normal 4.271972e-01 4.520792e-01 7.830242e-01
    outer loop
      vertex   2.893486e+01 2.402098e+02 2.552932e+00
      vertex   2.919758e+01 2.384157e+02 3.445435e+00
      vertex   2.919758e+01 2.401478e+02 2.445435e+00
    endloop
  endfacet
  facet normal 2.096492e-01 4.888883e-01 8.467794e-01
    outer loop
      vertex   2.919758e+01 2.401478e+02 2.445435e+00
      vertex   2.919758e+01 2.384157e+02 3.445435e+00
      vertex   2.948866e+01 2.383845e+02 3.391384e+00
    endloop
  endfacet
  facet normal 2.096492e-01 4.888883e-01 8.467794e-01
    outer loop
      vertex   2.919758e+01 2.401478e+02 2.445435e+00
      vertex   2.948866e+01 2.383845e+02 3.391384e+00
      vertex   2.948866e+01 2.401166e+02 2.391384e+00
    endloop
  endfacet
  facet normal 8.102162e-02 4.983562e-01 8.631782e-01
    outer loop
      vertex   2.948866e+01 2.401166e+02 2.391384e+00
      vertex   2.948866e+01 2.383845e+02 3.391384e+00
      vertex   2.979302e+01 2.383721e+02 3.369958e+00
    endloop
  endfacet
  facet normal 8.102162e-02 4.983562e-01 8.631782e-01
    outer loop
      vertex   2.948866e+01 2.401166e+02 2.391384e+00
      vertex   2.979302e+01 2.383721e+02 3.369958e+00
      vertex   2.979302e+01 2.401042e+02 2.369958e+00
    endloop
  endfacet
  facet normal -1.325647e-13 -8.660254e-01 5.000000e-01
    outer loop
      vertex   2.893486e+01 2.402098e+02 2.552932e+00
      vertex   2.903441e+01 2.405542e+02 3.149321e+00
      vertex   2.867784e+01 2.402953e+02 2.701026e+00
    endloop
  endfacet
  facet normal -6.963200e-14 -8.660254e-01 5.000000e-01
    outer loop
      vertex   2.867784e+01 2.402953e+02 2.701026e+00
      vertex   2.903441e+01 2.405542e+02 3.149321e+00
      vertex   2.893728e+01 2.406361e+02 3.291187e+00
    endloop
  endfacet
  facet normal 1.217081e-13 -8.660254e-01 5.000000e-01
    outer loop
      vertex   2.867784e+01 2.402953e+02 2.701026e+00
      vertex   2.893728e+01 2.406361e+02 3.291187e+00
      vertex   2.848454e+01 2.404063e+02 2.893280e+00
    endloop
  endfacet
  facet normal 5.222502e-14 -8.660254e-01 5.000000e-01
    outer loop
      vertex   2.848454e+01 2.404063e+02 2.893280e+00
      vertex   2.893728e+01 2.406361e+02 3.291187e+00
      vertex   2.833379e+01 2.405242e+02 3.097386e+00
    endloop
  endfacet
  facet normal 1.125405e-15 -8.660254e-01 5.000000e-01
    outer loop
      vertex   2.833379e+01 2.405242e+02 3.097386e+00
      vertex   2.893728e+01 2.406361e+02 3.291187e+00
      vertex   2.883160e+01 2.408291e+02 3.625500e+00
    endloop
  endfacet
  facet normal 1.767791e-13 -8.660254e-01 5.000000e-01
    outer loop
      vertex   2.833379e+01 2.405242e+02 3.097386e+00
      vertex   2.883160e+01 2.408291e+02 3.625500e+00
      vertex   2.824230e+01 2.406586e+02 3.330198e+00
    endloop
  endfacet
  facet normal -9.362832e-15 -8.660254e-01 5.000000e-01
    outer loop
      vertex   2.824230e+01 2.406586e+02 3.330198e+00
      vertex   2.883160e+01 2.408291e+02 3.625500e+00
      vertex   2.818697e+01 2.408019e+02 3.578388e+00
    endloop
  endfacet
  facet normal 2.811246e-13 -8.660254e-01 5.000000e-01
    outer loop
      vertex   2.903441e+01 2.405542e+02 3.149321e+00
      vertex   2.893486e+01 2.402098e+02 2.552932e+00
      vertex   2.916224e+01 2.404743e+02 3.011055e+00
    endloop
  endfacet
  facet normal -2.200891e-14 -8.660254e-01 5.000000e-01
    outer loop
      vertex   2.916224e+01 2.404743e+02 3.011055e+00
      vertex   2.893486e+01 2.402098e+02 2.552932e+00
      vertex   2.919758e+01 2.401478e+02 2.445435e+00
    endloop
  endfacet
  facet normal -7.226598e-13 -8.660254e-01 5.000000e-01
    outer loop
      vertex   2.916224e+01 2.404743e+02 3.011055e+00
      vertex   2.919758e+01 2.401478e+02 2.445435e+00
      vertex   2.930512e+01 2.404238e+02 2.923581e+00
    endloop
  endfacet
  facet normal 7.591079e-15 -8.660254e-01 5.000000e-01
    outer loop
      vertex   2.930512e+01 2.404238e+02 2.923581e+00
      vertex   2.919758e+01 2.401478e+02 2.445435e+00
      vertex   2.945501e+01 2.403853e+02 2.856916e+00
    endloop
  endfacet
  facet normal -5.377138e-14 -8.660254e-01 5.000000e-01
    outer loop
      vertex   2.945501e+01 2.403853e+02 2.856916e+00
      vertex   2.919758e+01 2.401478e+02 2.445435e+00
      vertex   2.948866e+01 2.401166e+02 2.391384e+00
    endloop
  endfacet
  facet normal 5.416317e-13 -8.660254e-01 5.000000e-01
    outer loop
      vertex   2.945501e+01 2.403853e+02 2.856916e+00
      vertex   2.948866e+01 2.401166e+02 2.391384e+00
      vertex   2.961988e+01 2.403654e+02 2.822339e+00
    endloop
  endfacet
  facet normal 1.686414e-13 -8.660254e-01 5.000000e-01
    outer loop
      vertex   2.961988e+01 2.403654e+02 2.822339e+00
      vertex   2.948866e+01 2.401166e+02 2.391384e+00
      vertex   2.979302e+01 2.401042e+02 2.369958e+00
    endloop
  endfacet
  facet normal -2.874749e-14 -8.660254e-01 5.000000e-01
    outer loop
      vertex   2.961988e+01 2.403654e+02 2.822339e+00
      vertex   2.979302e+01 2.401042e+02 2.369958e+00
      vertex   2.979315e+01 2.403566e+02 2.807106e+00
    endloop
  endfacet
  facet normal -2.009762e-13 -8.660254e-01 5.000000e-01
    outer loop
      vertex   2.979315e+01 2.403566e+02 2.807106e+00
      vertex   2.979302e+01 2.401042e+02 2.369958e+00
      vertex   3.000662e+01 2.403700e+02 2.830297e+00
    endloop
  endfacet
  facet normal -1.120584e-13 -8.660254e-01 5.000000e-01
    outer loop
      vertex   3.000662e+01 2.403700e+02 2.830297e+00
      vertex   2.979302e+01 2.401042e+02 2.369958e+00
      vertex   3.017212e+01 2.401260e+02 2.407687e+00
    endloop
  endfacet
  facet normal -1.229596e-13 -8.660254e-01 5.000000e-01
    outer loop
      vertex   3.000662e+01 2.403700e+02 2.830297e+00
      vertex   3.017212e+01 2.401260e+02 2.407687e+00
      vertex   3.020492e+01 2.403989e+02 2.880327e+00
    endloop
  endfacet
  facet normal 2.597866e-14 -8.660254e-01 5.000000e-01
    outer loop
      vertex   3.020492e+01 2.403989e+02 2.880327e+00
      vertex   3.017212e+01 2.401260e+02 2.407687e+00
      vertex   3.052398e+01 2.401769e+02 2.495807e+00
    endloop
  endfacet
  facet normal 1.906220e-14 -8.660254e-01 5.000000e-01
    outer loop
      vertex   3.020492e+01 2.403989e+02 2.880327e+00
      vertex   3.052398e+01 2.401769e+02 2.495807e+00
      vertex   3.038106e+01 2.404535e+02 2.975058e+00
    endloop
  endfacet
  facet normal 6.511957e-14 -8.660254e-01 5.000000e-01
    outer loop
      vertex   3.038106e+01 2.404535e+02 2.975058e+00
      vertex   3.052398e+01 2.401769e+02 2.495807e+00
      vertex   3.068105e+01 2.402208e+02 2.572002e+00
    endloop
  endfacet
  facet normal 3.491244e-13 -8.660254e-01 5.000000e-01
    outer loop
      vertex   3.038106e+01 2.404535e+02 2.975058e+00
      vertex   3.068105e+01 2.402208e+02 2.572002e+00
      vertex   3.054358e+01 2.405236e+02 3.096398e+00
    endloop
  endfacet
  facet normal 1.194237e-13 -8.660254e-01 5.000000e-01
    outer loop
      vertex   3.054358e+01 2.405236e+02 3.096398e+00
      vertex   3.068105e+01 2.402208e+02 2.572002e+00
      vertex   3.082678e+01 2.402758e+02 2.667239e+00
    endloop
  endfacet
  facet normal -1.499543e-13 -8.660254e-01 5.000000e-01
    outer loop
      vertex   3.054358e+01 2.405236e+02 3.096398e+00
      vertex   3.082678e+01 2.402758e+02 2.667239e+00
      vertex   3.068233e+01 2.406254e+02 3.272785e+00
    endloop
  endfacet
  facet normal 1.130742e-13 -8.660254e-01 5.000000e-01
    outer loop
      vertex   3.068233e+01 2.406254e+02 3.272785e+00
      vertex   3.082678e+01 2.402758e+02 2.667239e+00
      vertex   3.110628e+01 2.404076e+02 2.895418e+00
    endloop
  endfacet
  facet normal -4.506335e-14 -8.660254e-01 5.000000e-01
    outer loop
      vertex   3.068233e+01 2.406254e+02 3.272785e+00
      vertex   3.110628e+01 2.404076e+02 2.895418e+00
      vertex   3.078199e+01 2.407294e+02 3.452880e+00
    endloop
  endfacet
  facet normal -1.064193e-14 -8.660254e-01 5.000000e-01
    outer loop
      vertex   3.078199e+01 2.407294e+02 3.452880e+00
      vertex   3.110628e+01 2.404076e+02 2.895418e+00
      vertex   3.127763e+01 2.405432e+02 3.130315e+00
    endloop
  endfacet
  facet normal 1.550889e-13 -8.660254e-01 5.000000e-01
    outer loop
      vertex   3.078199e+01 2.407294e+02 3.452880e+00
      vertex   3.127763e+01 2.405432e+02 3.130315e+00
      vertex   3.083168e+01 2.408454e+02 3.653839e+00
    endloop
  endfacet
  facet normal -9.282591e-14 -8.660254e-01 5.000000e-01
    outer loop
      vertex   3.083168e+01 2.408454e+02 3.653839e+00
      vertex   3.127763e+01 2.405432e+02 3.130315e+00
      vertex   3.140683e+01 2.406832e+02 3.372906e+00
    endloop
  endfacet
  facet normal 9.876151e-14 -8.660254e-01 5.000000e-01
    outer loop
      vertex   3.083168e+01 2.408454e+02 3.653839e+00
      vertex   3.140683e+01 2.406832e+02 3.372906e+00
      vertex   3.085077e+01 2.409669e+02 3.864291e+00
    endloop
  endfacet
  facet normal -3.594557e-14 -8.660254e-01 5.000000e-01
    outer loop
      vertex   3.085077e+01 2.409669e+02 3.864291e+00
      vertex   3.140683e+01 2.406832e+02 3.372906e+00
      vertex   3.150222e+01 2.409941e+02 3.911402e+00
    endloop
  endfacet
  facet normal 7.167524e-15 -8.660254e-01 5.000000e-01
    outer loop
      vertex   3.085077e+01 2.409669e+02 3.864291e+00
      vertex   3.150222e+01 2.409941e+02 3.911402e+00
      vertex   3.147121e+01 2.411561e+02 4.191945e+00
    endloop
  endfacet
  facet normal -1.369462e-13 -8.660254e-01 5.000000e-01
    outer loop
      vertex   3.085077e+01 2.409669e+02 3.864291e+00
      vertex   3.147121e+01 2.411561e+02 4.191945e+00
      vertex   3.083287e+01 2.410814e+02 4.062465e+00
    endloop
  endfacet
  facet normal -1.650231e-13 -8.660254e-01 5.000000e-01
    outer loop
      vertex   3.083287e+01 2.410814e+02 4.062465e+00
      vertex   3.147121e+01 2.411561e+02 4.191945e+00
      vertex   3.139658e+01 2.413095e+02 4.457646e+00
    endloop
  endfacet
  facet normal -6.645649e-14 -8.660254e-01 5.000000e-01
    outer loop
      vertex   3.083287e+01 2.410814e+02 4.062465e+00
      vertex   3.139658e+01 2.413095e+02 4.457646e+00
      vertex   3.078521e+01 2.411903e+02 4.251068e+00
    endloop
  endfacet
  facet normal -1.744297e-13 -8.660254e-01 5.000000e-01
    outer loop
      vertex   3.078521e+01 2.411903e+02 4.251068e+00
      vertex   3.139658e+01 2.413095e+02 4.457646e+00
      vertex   3.125009e+01 2.414464e+02 4.694686e+00
    endloop
  endfacet
  facet normal -2.572834e-13 -8.660254e-01 5.000000e-01
    outer loop
      vertex   3.078521e+01 2.411903e+02 4.251068e+00
      vertex   3.125009e+01 2.414464e+02 4.694686e+00
      vertex   3.105232e+01 2.415774e+02 4.921670e+00
    endloop
  endfacet
  facet normal -1.145864e-13 -8.660254e-01 5.000000e-01
    outer loop
      vertex   3.078521e+01 2.411903e+02 4.251068e+00
      vertex   3.105232e+01 2.415774e+02 4.921670e+00
      vertex   3.068902e+01 2.412870e+02 4.418593e+00
    endloop
  endfacet
  facet normal 1.203841e-13 -8.660254e-01 5.000000e-01
    outer loop
      vertex   3.068902e+01 2.412870e+02 4.418593e+00
      vertex   3.105232e+01 2.415774e+02 4.921670e+00
      vertex   3.080797e+01 2.416741e+02 5.089072e+00
    endloop
  endfacet
  facet normal -3.013596e-13 -8.660254e-01 5.000000e-01
    outer loop
      vertex   3.068902e+01 2.412870e+02 4.418593e+00
      vertex   3.080797e+01 2.416741e+02 5.089072e+00
      vertex   3.055426e+01 2.413814e+02 4.582108e+00
    endloop
  endfacet
  facet normal 2.510247e-13 -8.660254e-01 5.000000e-01
    outer loop
      vertex   3.055426e+01 2.413814e+02 4.582108e+00
      vertex   3.080797e+01 2.416741e+02 5.089072e+00
      vertex   3.054729e+01 2.417484e+02 5.217754e+00
    endloop
  endfacet
  facet normal -4.709191e-13 -8.660254e-01 5.000000e-01
    outer loop
      vertex   3.055426e+01 2.413814e+02 4.582108e+00
      vertex   3.054729e+01 2.417484e+02 5.217754e+00
      vertex   3.038212e+01 2.414484e+02 4.698259e+00
    endloop
  endfacet
  facet normal 1.055538e-13 -8.660254e-01 5.000000e-01
    outer loop
      vertex   3.038212e+01 2.414484e+02 4.698259e+00
      vertex   3.054729e+01 2.417484e+02 5.217754e+00
      vertex   3.020203e+01 2.414978e+02 4.783813e+00
    endloop
  endfacet
  facet normal -2.893919e-13 -8.660254e-01 5.000000e-01
    outer loop
      vertex   3.020203e+01 2.414978e+02 4.783813e+00
      vertex   3.054729e+01 2.417484e+02 5.217754e+00
      vertex   3.025617e+01 2.417871e+02 5.284800e+00
    endloop
  endfacet
  facet normal 1.483147e-13 -8.660254e-01 5.000000e-01
    outer loop
      vertex   3.020203e+01 2.414978e+02 4.783813e+00
      vertex   3.025617e+01 2.417871e+02 5.284800e+00
      vertex   2.999873e+01 2.415229e+02 4.827281e+00
    endloop
  endfacet
  facet normal -1.066860e-13 -8.660254e-01 5.000000e-01
    outer loop
      vertex   2.999873e+01 2.415229e+02 4.827281e+00
      vertex   3.025617e+01 2.417871e+02 5.284800e+00
      vertex   2.994739e+01 2.418044e+02 5.314764e+00
    endloop
  endfacet
  facet normal -1.152118e-13 -8.660254e-01 5.000000e-01
    outer loop
      vertex   2.999873e+01 2.415229e+02 4.827281e+00
      vertex   2.994739e+01 2.418044e+02 5.314764e+00
      vertex   2.978354e+01 2.415333e+02 4.845163e+00
    endloop
  endfacet
  facet normal -6.242827e-14 -8.660254e-01 5.000000e-01
    outer loop
      vertex   2.978354e+01 2.415333e+02 4.845163e+00
      vertex   2.994739e+01 2.418044e+02 5.314764e+00
      vertex   2.945109e+01 2.417631e+02 5.243284e+00
    endloop
  endfacet
  facet normal 3.407064e-13 -8.660254e-01 5.000000e-01
    outer loop
      vertex   2.978354e+01 2.415333e+02 4.845163e+00
      vertex   2.945109e+01 2.417631e+02 5.243284e+00
      vertex   2.950655e+01 2.415169e+02 4.816855e+00
    endloop
  endfacet
  facet normal -4.689613e-13 -8.660254e-01 5.000000e-01
    outer loop
      vertex   2.950655e+01 2.415169e+02 4.816855e+00
      vertex   2.945109e+01 2.417631e+02 5.243284e+00
      vertex   2.924803e+01 2.414651e+02 4.727136e+00
    endloop
  endfacet
  facet normal 6.101626e-14 -8.660254e-01 5.000000e-01
    outer loop
      vertex   2.924803e+01 2.414651e+02 4.727136e+00
      vertex   2.945109e+01 2.417631e+02 5.243284e+00
      vertex   2.900256e+01 2.416476e+02 5.043238e+00
    endloop
  endfacet
  facet normal 9.604221e-14 -8.660254e-01 5.000000e-01
    outer loop
      vertex   2.924803e+01 2.414651e+02 4.727136e+00
      vertex   2.900256e+01 2.416476e+02 5.043238e+00
      vertex   2.903826e+01 2.413900e+02 4.597028e+00
    endloop
  endfacet
  facet normal -1.053581e-13 -8.660254e-01 5.000000e-01
    outer loop
      vertex   2.903826e+01 2.413900e+02 4.597028e+00
      vertex   2.900256e+01 2.416476e+02 5.043238e+00
      vertex   2.887277e+01 2.412912e+02 4.425944e+00
    endloop
  endfacet
  facet normal 3.861365e-15 -8.660254e-01 5.000000e-01
    outer loop
      vertex   2.887277e+01 2.412912e+02 4.425944e+00
      vertex   2.900256e+01 2.416476e+02 5.043238e+00
      vertex   2.829639e+01 2.413288e+02 4.491057e+00
    endloop
  endfacet
  facet normal -1.141077e-15 -8.660254e-01 5.000000e-01
    outer loop
      vertex   2.829639e+01 2.413288e+02 4.491057e+00
      vertex   2.900256e+01 2.416476e+02 5.043238e+00
      vertex   2.878138e+01 2.426129e+02 6.715084e+00
    endloop
  endfacet
  facet normal 6.297874e-14 -8.660254e-01 5.000000e-01
    outer loop
      vertex   2.878138e+01 2.426129e+02 6.715084e+00
      vertex   2.900256e+01 2.416476e+02 5.043238e+00
      vertex   2.927236e+01 2.423195e+02 6.206936e+00
    endloop
  endfacet
  facet normal 1.761167e-15 -8.660254e-01 5.000000e-01
    outer loop
      vertex   2.878138e+01 2.426129e+02 6.715084e+00
      vertex   2.927236e+01 2.423195e+02 6.206936e+00
      vertex   3.126773e+01 2.426125e+02 6.714518e+00
    endloop
  endfacet
  facet normal -5.760178e-15 -8.660254e-01 5.000000e-01
    outer loop
      vertex   3.126773e+01 2.426125e+02 6.714518e+00
      vertex   2.927236e+01 2.423195e+02 6.206936e+00
      vertex   3.126758e+01 2.423192e+02 6.206482e+00
    endloop
  endfacet
  facet normal 1.000000e+00 -1.627748e-05 -2.819342e-05
    outer loop
      vertex   3.035706e+01 1.930299e+02 6.760828e+00
      vertex   3.035699e+01 1.919026e+02 4.808431e+00
      vertex   3.035706e+01 1.947619e+02 5.760828e+00
    endloop
  endfacet
  facet normal 1.000000e+00 -1.627748e-05 -2.819342e-05
    outer loop
      vertex   3.035706e+01 1.947619e+02 5.760828e+00
      vertex   3.035699e+01 1.919026e+02 4.808431e+00
      vertex   3.035699e+01 1.936347e+02 3.808431e+00
    endloop
  endfacet
  facet normal -3.255496e-05 -5.000000e-01 -8.660254e-01
    outer loop
      vertex   3.035699e+01 1.919026e+02 4.808431e+00
      vertex   2.879150e+01 1.919027e+02 4.808475e+00
      vertex   3.035699e+01 1.936347e+02 3.808431e+00
    endloop
  endfacet
  facet normal -3.255496e-05 -5.000000e-01 -8.660254e-01
    outer loop
      vertex   3.035699e+01 1.936347e+02 3.808431e+00
      vertex   2.879150e+01 1.919027e+02 4.808475e+00
      vertex   2.879150e+01 1.936347e+02 3.808475e+00
    endloop
  endfacet
  facet normal -8.213676e-01 2.851996e-01 4.939802e-01
    outer loop
      vertex   2.879150e+01 1.919027e+02 4.808475e+00
      vertex   3.035706e+01 1.930299e+02 6.760828e+00
      vertex   2.879150e+01 1.936347e+02 3.808475e+00
    endloop
  endfacet
  facet normal -8.213676e-01 2.851996e-01 4.939802e-01
    outer loop
      vertex   2.879150e+01 1.936347e+02 3.808475e+00
      vertex   3.035706e+01 1.930299e+02 6.760828e+00
      vertex   3.035706e+01 1.947619e+02 5.760828e+00
    endloop
  endfacet
  facet normal 3.255496e-05 5.000000e-01 8.660254e-01
    outer loop
      vertex   3.097088e+01 1.916213e+02 4.321053e+00
      vertex   3.164619e+01 1.916212e+02 4.321034e+00
      vertex   3.097088e+01 1.933533e+02 3.321053e+00
    endloop
  endfacet
  facet normal 3.255496e-05 5.000000e-01 8.660254e-01
    outer loop
      vertex   3.097088e+01 1.933533e+02 3.321053e+00
      vertex   3.164619e+01 1.916212e+02 4.321034e+00
      vertex   3.164619e+01 1.933533e+02 3.321034e+00
    endloop
  endfacet
  facet normal -1.000000e+00 1.627748e-05 2.819342e-05
    outer loop
      vertex   3.164619e+01 1.916212e+02 4.321034e+00
      vertex   3.164621e+01 1.919026e+02 4.808395e+00
      vertex   3.164619e+01 1.933533e+02 3.321034e+00
    endloop
  endfacet
  facet normal -1.000000e+00 1.627748e-05 2.819342e-05
    outer loop
      vertex   3.164619e+01 1.933533e+02 3.321034e+00
      vertex   3.164621e+01 1.919026e+02 4.808395e+00
      vertex   3.164621e+01 1.936347e+02 3.808395e+00
    endloop
  endfacet
  facet normal -3.255496e-05 -5.000000e-01 -8.660254e-01
    outer loop
      vertex   3.164621e+01 1.919026e+02 4.808395e+00
      vertex   3.097090e+01 1.919026e+02 4.808414e+00
      vertex   3.164621e+01 1.936347e+02 3.808395e+00
    endloop
  endfacet
  facet normal -3.255496e-05 -5.000000e-01 -8.660254e-01
    outer loop
      vertex   3.164621e+01 1.936347e+02 3.808395e+00
      vertex   3.097090e+01 1.919026e+02 4.808414e+00
      vertex   3.097090e+01 1.936347e+02 3.808414e+00
    endloop
  endfacet
  facet normal -1.000000e+00 1.627748e-05 2.819342e-05
    outer loop
      vertex   3.097090e+01 1.919026e+02 4.808414e+00
      vertex   3.097101e+01 1.935227e+02 7.614430e+00
      vertex   3.097090e+01 1.936347e+02 3.808414e+00
    endloop
  endfacet
  facet normal -1.000000e+00 1.627748e-05 2.819342e-05
    outer loop
      vertex   3.097090e+01 1.936347e+02 3.808414e+00
      vertex   3.097101e+01 1.935227e+02 7.614430e+00
      vertex   3.097101e+01 1.952547e+02 6.614430e+00
    endloop
  endfacet
  facet normal -3.255496e-05 -5.000000e-01 -8.660254e-01
    outer loop
      vertex   3.097101e+01 1.935227e+02 7.614430e+00
      vertex   3.046964e+01 1.935227e+02 7.614445e+00
      vertex   3.097101e+01 1.952547e+02 6.614430e+00
    endloop
  endfacet
  facet normal -3.255496e-05 -5.000000e-01 -8.660254e-01
    outer loop
      vertex   3.097101e+01 1.952547e+02 6.614430e+00
      vertex   3.046964e+01 1.935227e+02 7.614445e+00
      vertex   3.046964e+01 1.952547e+02 6.614445e+00
    endloop
  endfacet
  facet normal 8.175926e-01 -2.878986e-01 -4.986550e-01
    outer loop
      vertex   3.046964e+01 1.935227e+02 7.614445e+00
      vertex   2.818782e+01 1.919027e+02 4.808492e+00
      vertex   3.046964e+01 1.952547e+02 6.614445e+00
    endloop
  endfacet
  facet normal 8.175926e-01 -2.878986e-01 -4.986550e-01
    outer loop
      vertex   3.046964e+01 1.952547e+02 6.614445e+00
      vertex   2.818782e+01 1.919027e+02 4.808492e+00
      vertex   2.818782e+01 1.936347e+02 3.808492e+00
    endloop
  endfacet
  facet normal 1.000000e+00 -1.627748e-05 -2.819342e-05
    outer loop
      vertex   2.818782e+01 1.919027e+02 4.808492e+00
      vertex   2.818780e+01 1.916213e+02 4.321131e+00
      vertex   2.818782e+01 1.936347e+02 3.808492e+00
    endloop
  endfacet
  facet normal 1.000000e+00 -1.627748e-05 -2.819342e-05
    outer loop
      vertex   2.818782e+01 1.936347e+02 3.808492e+00
      vertex   2.818780e+01 1.916213e+02 4.321131e+00
      vertex   2.818780e+01 1.933534e+02 3.321131e+00
    endloop
  endfacet
  facet normal 3.255496e-05 5.000000e-01 8.660254e-01
    outer loop
      vertex   2.818780e+01 1.916213e+02 4.321131e+00
      vertex   3.035697e+01 1.916213e+02 4.321070e+00
      vertex   2.818780e+01 1.933534e+02 3.321131e+00
    endloop
  endfacet
  facet normal 3.255496e-05 5.000000e-01 8.660254e-01
    outer loop
      vertex   2.818780e+01 1.933534e+02 3.321131e+00
      vertex   3.035697e+01 1.916213e+02 4.321070e+00
      vertex   3.035697e+01 1.933533e+02 3.321070e+00
    endloop
  endfacet
  facet normal 1.000000e+00 -1.627748e-05 -2.819342e-05
    outer loop
      vertex   3.035697e+01 1.916213e+02 4.321070e+00
      vertex   3.035693e+01 1.910227e+02 3.284321e+00
      vertex   3.035697e+01 1.933533e+02 3.321070e+00
    endloop
  endfacet
  facet normal 1.000000e+00 -1.627748e-05 -2.819342e-05
    outer loop
      vertex   3.035697e+01 1.933533e+02 3.321070e+00
      vertex   3.035693e+01 1.910227e+02 3.284321e+00
      vertex   3.035693e+01 1.927548e+02 2.284321e+00
    endloop
  endfacet
  facet normal 3.255496e-05 5.000000e-01 8.660254e-01
    outer loop
      vertex   3.035693e+01 1.910227e+02 3.284321e+00
      vertex   3.097085e+01 1.910227e+02 3.284303e+00
      vertex   3.035693e+01 1.927548e+02 2.284321e+00
    endloop
  endfacet
  facet normal 3.255496e-05 5.000000e-01 8.660254e-01
    outer loop
      vertex   3.035693e+01 1.927548e+02 2.284321e+00
      vertex   3.097085e+01 1.910227e+02 3.284303e+00
      vertex   3.097085e+01 1.927547e+02 2.284303e+00
    endloop
  endfacet
  facet normal -1.000000e+00 1.627748e-05 2.819342e-05
    outer loop
      vertex   3.097085e+01 1.910227e+02 3.284303e+00
      vertex   3.097088e+01 1.916213e+02 4.321053e+00
      vertex   3.097085e+01 1.927547e+02 2.284303e+00
    endloop
  endfacet
  facet normal -1.000000e+00 1.627748e-05 2.819342e-05
    outer loop
      vertex   3.097085e+01 1.927547e+02 2.284303e+00
      vertex   3.097088e+01 1.916213e+02 4.321053e+00
      vertex   3.097088e+01 1.933533e+02 3.321053e+00
    endloop
  endfacet
  facet normal 5.296360e-14 -8.660254e-01 5.000000e-01
    outer loop
      vertex   3.035706e+01 1.947619e+02 5.760828e+00
      vertex   2.818782e+01 1.936347e+02 3.808492e+00
      vertex   2.879150e+01 1.936347e+02 3.808475e+00
    endloop
  endfacet
  facet normal 5.295841e-14 -8.660254e-01 5.000000e-01
    outer loop
      vertex   2.879150e+01 1.936347e+02 3.808475e+00
      vertex   2.818782e+01 1.936347e+02 3.808492e+00
      vertex   2.818780e+01 1.933534e+02 3.321131e+00
    endloop
  endfacet
  facet normal -2.596787e-14 -8.660254e-01 5.000000e-01
    outer loop
      vertex   2.879150e+01 1.936347e+02 3.808475e+00
      vertex   2.818780e+01 1.933534e+02 3.321131e+00
      vertex   3.035697e+01 1.933533e+02 3.321070e+00
    endloop
  endfacet
  facet normal 3.629521e-14 -8.660254e-01 5.000000e-01
    outer loop
      vertex   3.035699e+01 1.936347e+02 3.808431e+00
      vertex   3.097090e+01 1.936347e+02 3.808414e+00
      vertex   3.035706e+01 1.947619e+02 5.760828e+00
    endloop
  endfacet
  facet normal 3.255046e-14 -8.660254e-01 5.000000e-01
    outer loop
      vertex   3.035706e+01 1.947619e+02 5.760828e+00
      vertex   3.097090e+01 1.936347e+02 3.808414e+00
      vertex   3.097101e+01 1.952547e+02 6.614430e+00
    endloop
  endfacet
  facet normal 6.821258e-14 -8.660254e-01 5.000000e-01
    outer loop
      vertex   3.035706e+01 1.947619e+02 5.760828e+00
      vertex   3.097101e+01 1.952547e+02 6.614430e+00
      vertex   3.046964e+01 1.952547e+02 6.614445e+00
    endloop
  endfacet
  facet normal -2.466512e-14 -8.660254e-01 5.000000e-01
    outer loop
      vertex   2.879150e+01 1.936347e+02 3.808475e+00
      vertex   3.035697e+01 1.933533e+02 3.321070e+00
      vertex   3.035699e+01 1.936347e+02 3.808431e+00
    endloop
  endfacet
  facet normal 3.630320e-14 -8.660254e-01 5.000000e-01
    outer loop
      vertex   3.035699e+01 1.936347e+02 3.808431e+00
      vertex   3.035697e+01 1.933533e+02 3.321070e+00
      vertex   3.097088e+01 1.933533e+02 3.321053e+00
    endloop
  endfacet
  facet normal 3.629537e-14 -8.660254e-01 5.000000e-01
    outer loop
      vertex   3.035699e+01 1.936347e+02 3.808431e+00
      vertex   3.097088e+01 1.933533e+02 3.321053e+00
      vertex   3.097090e+01 1.936347e+02 3.808414e+00
    endloop
  endfacet
  facet normal 6.188534e-15 -8.660254e-01 5.000000e-01
    outer loop
      vertex   3.097090e+01 1.936347e+02 3.808414e+00
      vertex   3.097088e+01 1.933533e+02 3.321053e+00
      vertex   3.164619e+01 1.933533e+02 3.321034e+00
    endloop
  endfacet
  facet normal -1.041863e-15 -8.660254e-01 5.000000e-01
    outer loop
      vertex   3.097090e+01 1.936347e+02 3.808414e+00
      vertex   3.164619e+01 1.933533e+02 3.321034e+00
      vertex   3.164621e+01 1.936347e+02 3.808395e+00
    endloop
  endfacet
  facet normal 7.602656e-14 -8.660254e-01 5.000000e-01
    outer loop
      vertex   3.035693e+01 1.927548e+02 2.284321e+00
      vertex   3.097085e+01 1.927547e+02 2.284303e+00
      vertex   3.035697e+01 1.933533e+02 3.321070e+00
    endloop
  endfacet
  facet normal 3.629423e-14 -8.660254e-01 5.000000e-01
    outer loop
      vertex   3.035697e+01 1.933533e+02 3.321070e+00
      vertex   3.097085e+01 1.927547e+02 2.284303e+00
      vertex   3.097088e+01 1.933533e+02 3.321053e+00
    endloop
  endfacet
  facet normal 1.472750e-14 -8.660254e-01 5.000000e-01
    outer loop
      vertex   3.046964e+01 1.952547e+02 6.614445e+00
      vertex   2.818782e+01 1.936347e+02 3.808492e+00
      vertex   3.035706e+01 1.947619e+02 5.760828e+00
    endloop
  endfacet
  facet normal 0.000000e+00 -8.660254e-01 5.000000e-01
    outer loop
      vertex   6.800000e+00 1.949000e+02 1.000000e+01
      vertex   3.046964e+01 1.935227e+02 7.614445e+00
      vertex   5.300000e+01 1.949000e+02 1.000000e+01
    endloop
  endfacet
  facet normal 1.909433e-14 -8.660254e-01 5.000000e-01
    outer loop
      vertex   5.300000e+01 1.949000e+02 1.000000e+01
      vertex   3.046964e+01 1.935227e+02 7.614445e+00
      vertex   3.097101e+01 1.935227e+02 7.614430e+00
    endloop
  endfacet
  facet normal -7.269906e-17 -8.660254e-01 5.000000e-01
    outer loop
      vertex   5.300000e+01 1.949000e+02 1.000000e+01
      vertex   3.097101e+01 1.935227e+02 7.614430e+00
      vertex   3.164621e+01 1.919026e+02 4.808395e+00
    endloop
  endfacet
  facet normal -7.134573e-16 -8.660254e-01 5.000000e-01
    outer loop
      vertex   3.164621e+01 1.919026e+02 4.808395e+00
      vertex   3.097101e+01 1.935227e+02 7.614430e+00
      vertex   3.097090e+01 1.919026e+02 4.808414e+00
    endloop
  endfacet
  facet normal 6.886445e-16 -8.660254e-01 5.000000e-01
    outer loop
      vertex   3.046964e+01 1.935227e+02 7.614445e+00
      vertex   6.800000e+00 1.949000e+02 1.000000e+01
      vertex   2.818782e+01 1.919027e+02 4.808492e+00
    endloop
  endfacet
  facet normal 9.629039e-16 -8.660254e-01 5.000000e-01
    outer loop
      vertex   2.818782e+01 1.919027e+02 4.808492e+00
      vertex   6.800000e+00 1.949000e+02 1.000000e+01
      vertex   1.230000e+01 1.894000e+02 4.737206e-01
    endloop
  endfacet
  facet normal 1.137549e-14 -8.660254e-01 5.000000e-01
    outer loop
      vertex   2.818782e+01 1.919027e+02 4.808492e+00
      vertex   1.230000e+01 1.894000e+02 4.737206e-01
      vertex   2.818780e+01 1.916213e+02 4.321131e+00
    endloop
  endfacet
  facet normal 1.028463e-15 -8.660254e-01 5.000000e-01
    outer loop
      vertex   2.818780e+01 1.916213e+02 4.321131e+00
      vertex   1.230000e+01 1.894000e+02 4.737206e-01
      vertex   3.035693e+01 1.910227e+02 3.284321e+00
    endloop
  endfacet
  facet normal -3.062024e-15 -8.660254e-01 5.000000e-01
    outer loop
      vertex   2.818780e+01 1.916213e+02 4.321131e+00
      vertex   3.035693e+01 1.910227e+02 3.284321e+00
      vertex   3.035697e+01 1.916213e+02 4.321070e+00
    endloop
  endfacet
  facet normal -2.207830e-16 -8.660254e-01 5.000000e-01
    outer loop
      vertex   1.230000e+01 1.894000e+02 4.737206e-01
      vertex   4.750000e+01 1.894000e+02 4.737206e-01
      vertex   3.035693e+01 1.910227e+02 3.284321e+00
    endloop
  endfacet
  facet normal 3.593990e-14 -8.660254e-01 5.000000e-01
    outer loop
      vertex   3.035693e+01 1.910227e+02 3.284321e+00
      vertex   4.750000e+01 1.894000e+02 4.737206e-01
      vertex   3.097085e+01 1.910227e+02 3.284303e+00
    endloop
  endfacet
  facet normal -1.063449e-14 -8.660254e-01 5.000000e-01
    outer loop
      vertex   3.097085e+01 1.910227e+02 3.284303e+00
      vertex   4.750000e+01 1.894000e+02 4.737206e-01
      vertex   3.164619e+01 1.916212e+02 4.321034e+00
    endloop
  endfacet
  facet normal 5.800260e-15 -8.660254e-01 5.000000e-01
    outer loop
      vertex   3.097085e+01 1.910227e+02 3.284303e+00
      vertex   3.164619e+01 1.916212e+02 4.321034e+00
      vertex   3.097088e+01 1.916213e+02 4.321053e+00
    endloop
  endfacet
  facet normal 2.455415e-14 -8.660254e-01 5.000000e-01
    outer loop
      vertex   3.164619e+01 1.916212e+02 4.321034e+00
      vertex   4.750000e+01 1.894000e+02 4.737206e-01
      vertex   3.164621e+01 1.919026e+02 4.808395e+00
    endloop
  endfacet
  facet normal -3.356061e-15 -8.660254e-01 5.000000e-01
    outer loop
      vertex   3.164621e+01 1.919026e+02 4.808395e+00
      vertex   4.750000e+01 1.894000e+02 4.737206e-01
      vertex   5.300000e+01 1.949000e+02 1.000000e+01
    endloop
  endfacet
  facet normal -9.370797e-02 4.977999e-01 8.622147e-01
    outer loop
      vertex   2.949765e+01 1.436888e+02 3.225652e+00
      vertex   2.983104e+01 1.437045e+02 3.252828e+00
      vertex   2.949765e+01 1.454209e+02 2.225652e+00
    endloop
  endfacet
  facet normal -9.370797e-02 4.977999e-01 8.622147e-01
    outer loop
      vertex   2.949765e+01 1.454209e+02 2.225652e+00
      vertex   2.983104e+01 1.437045e+02 3.252828e+00
      vertex   2.983104e+01 1.454366e+02 2.252828e+00
    endloop
  endfacet
  facet normal -2.311573e-01 4.864582e-01 8.425703e-01
    outer loop
      vertex   2.983104e+01 1.454366e+02 2.252828e+00
      vertex   2.983104e+01 1.437045e+02 3.252828e+00
      vertex   3.014771e+01 1.437421e+02 3.317985e+00
    endloop
  endfacet
  facet normal -2.311573e-01 4.864582e-01 8.425703e-01
    outer loop
      vertex   2.983104e+01 1.454366e+02 2.252828e+00
      vertex   3.014771e+01 1.437421e+02 3.317985e+00
      vertex   3.014771e+01 1.454742e+02 2.317985e+00
    endloop
  endfacet
  facet normal -4.605028e-01 4.438291e-01 7.687346e-01
    outer loop
      vertex   3.014771e+01 1.454742e+02 2.317985e+00
      vertex   3.014771e+01 1.437421e+02 3.317985e+00
      vertex   3.043211e+01 1.438159e+02 3.445759e+00
    endloop
  endfacet
  facet normal -4.605028e-01 4.438291e-01 7.687346e-01
    outer loop
      vertex   3.014771e+01 1.454742e+02 2.317985e+00
      vertex   3.043211e+01 1.438159e+02 3.445759e+00
      vertex   3.043211e+01 1.455480e+02 2.445759e+00
    endloop
  endfacet
  facet normal -5.881493e-01 4.043762e-01 7.004001e-01
    outer loop
      vertex   3.043211e+01 1.455480e+02 2.445759e+00
      vertex   3.043211e+01 1.438159e+02 3.445759e+00
      vertex   3.070531e+01 1.439152e+02 3.617819e+00
    endloop
  endfacet
  facet normal -5.881493e-01 4.043762e-01 7.004001e-01
    outer loop
      vertex   3.043211e+01 1.455480e+02 2.445759e+00
      vertex   3.070531e+01 1.439152e+02 3.617819e+00
      vertex   3.070531e+01 1.456473e+02 2.617819e+00
    endloop
  endfacet
  facet normal -7.702037e-01 3.188990e-01 5.523493e-01
    outer loop
      vertex   3.070531e+01 1.439152e+02 3.617819e+00
      vertex   3.090641e+01 1.440367e+02 3.828141e+00
      vertex   3.070531e+01 1.456473e+02 2.617819e+00
    endloop
  endfacet
  facet normal -7.702037e-01 3.188990e-01 5.523493e-01
    outer loop
      vertex   3.070531e+01 1.456473e+02 2.617819e+00
      vertex   3.090641e+01 1.440367e+02 3.828141e+00
      vertex   3.090641e+01 1.457687e+02 2.828141e+00
    endloop
  endfacet
  facet normal -8.581442e-01 2.567043e-01 4.446250e-01
    outer loop
      vertex   3.090641e+01 1.457687e+02 2.828141e+00
      vertex   3.090641e+01 1.440367e+02 3.828141e+00
      vertex   3.106312e+01 1.441676e+02 4.054981e+00
    endloop
  endfacet
  facet normal -8.581442e-01 2.567043e-01 4.446250e-01
    outer loop
      vertex   3.090641e+01 1.457687e+02 2.828141e+00
      vertex   3.106312e+01 1.441676e+02 4.054981e+00
      vertex   3.106312e+01 1.458997e+02 3.054981e+00
    endloop
  endfacet
  facet normal -9.626880e-01 1.353070e-01 2.343585e-01
    outer loop
      vertex   3.106312e+01 1.458997e+02 3.054981e+00
      vertex   3.106312e+01 1.441676e+02 4.054981e+00
      vertex   3.114560e+01 1.443143e+02 4.309063e+00
    endloop
  endfacet
  facet normal -9.626880e-01 1.353070e-01 2.343585e-01
    outer loop
      vertex   3.106312e+01 1.458997e+02 3.054981e+00
      vertex   3.114560e+01 1.443143e+02 4.309063e+00
      vertex   3.114560e+01 1.460464e+02 3.309063e+00
    endloop
  endfacet
  facet normal -9.927594e-01 6.005977e-02 1.040266e-01
    outer loop
      vertex   3.114560e+01 1.460464e+02 3.309063e+00
      vertex   3.114560e+01 1.443143e+02 4.309063e+00
      vertex   3.118351e+01 1.444710e+02 4.580458e+00
    endloop
  endfacet
  facet normal -9.927594e-01 6.005977e-02 1.040266e-01
    outer loop
      vertex   3.114560e+01 1.460464e+02 3.309063e+00
      vertex   3.118351e+01 1.444710e+02 4.580458e+00
      vertex   3.118351e+01 1.462031e+02 3.580458e+00
    endloop
  endfacet
  facet normal -9.916334e-01 -6.454300e-02 -1.117918e-01
    outer loop
      vertex   3.118351e+01 1.444710e+02 4.580458e+00
      vertex   3.112824e+01 1.446833e+02 4.948156e+00
      vertex   3.118351e+01 1.462031e+02 3.580458e+00
    endloop
  endfacet
  facet normal -9.916334e-01 -6.454300e-02 -1.117918e-01
    outer loop
      vertex   3.118351e+01 1.462031e+02 3.580458e+00
      vertex   3.112824e+01 1.446833e+02 4.948156e+00
      vertex   3.112824e+01 1.464154e+02 3.948156e+00
    endloop
  endfacet
  facet normal -8.948668e-01 -2.231666e-01 -3.865360e-01
    outer loop
      vertex   3.112824e+01 1.464154e+02 3.948156e+00
      vertex   3.112824e+01 1.446833e+02 4.948156e+00
      vertex   3.093847e+01 1.448736e+02 5.277669e+00
    endloop
  endfacet
  facet normal -8.948668e-01 -2.231666e-01 -3.865360e-01
    outer loop
      vertex   3.112824e+01 1.464154e+02 3.948156e+00
      vertex   3.093847e+01 1.448736e+02 5.277669e+00
      vertex   3.093847e+01 1.466056e+02 4.277669e+00
    endloop
  endfacet
  facet normal -7.180351e-01 -3.480034e-01 -6.027596e-01
    outer loop
      vertex   3.093847e+01 1.448736e+02 5.277669e+00
      vertex   3.079159e+01 1.449493e+02 5.408897e+00
      vertex   3.093847e+01 1.466056e+02 4.277669e+00
    endloop
  endfacet
  facet normal -7.180351e-01 -3.480034e-01 -6.027596e-01
    outer loop
      vertex   3.093847e+01 1.466056e+02 4.277669e+00
      vertex   3.079159e+01 1.449493e+02 5.408897e+00
      vertex   3.079159e+01 1.466814e+02 4.408897e+00
    endloop
  endfacet
  facet normal -6.157486e-01 -3.939713e-01 -6.823784e-01
    outer loop
      vertex   3.079159e+01 1.466814e+02 4.408897e+00
      vertex   3.079159e+01 1.449493e+02 5.408897e+00
      vertex   3.063334e+01 1.450112e+02 5.515995e+00
    endloop
  endfacet
  facet normal -6.157486e-01 -3.939713e-01 -6.823784e-01
    outer loop
      vertex   3.079159e+01 1.466814e+02 4.408897e+00
      vertex   3.063334e+01 1.450112e+02 5.515995e+00
      vertex   3.063334e+01 1.467432e+02 4.515995e+00
    endloop
  endfacet
  facet normal -3.675456e-01 -4.650028e-01 -8.054084e-01
    outer loop
      vertex   3.063334e+01 1.467432e+02 4.515995e+00
      vertex   3.063334e+01 1.450112e+02 5.515995e+00
      vertex   3.024979e+01 1.450869e+02 5.647267e+00
    endloop
  endfacet
  facet normal -3.675456e-01 -4.650028e-01 -8.054084e-01
    outer loop
      vertex   3.063334e+01 1.467432e+02 4.515995e+00
      vertex   3.024979e+01 1.450869e+02 5.647267e+00
      vertex   3.024979e+01 1.468190e+02 4.647267e+00
    endloop
  endfacet
  facet normal -5.185954e-01 4.275099e-01 7.404688e-01
    outer loop
      vertex   3.024979e+01 1.450869e+02 5.647267e+00
      vertex   3.053834e+01 1.451745e+02 5.798833e+00
      vertex   3.024979e+01 1.468190e+02 4.647267e+00
    endloop
  endfacet
  facet normal -5.185954e-01 4.275099e-01 7.404688e-01
    outer loop
      vertex   3.024979e+01 1.468190e+02 4.647267e+00
      vertex   3.053834e+01 1.451745e+02 5.798833e+00
      vertex   3.053834e+01 1.469065e+02 4.798833e+00
    endloop
  endfacet
  facet normal -7.374681e-01 3.376910e-01 5.848980e-01
    outer loop
      vertex   3.053834e+01 1.469065e+02 4.798833e+00
      vertex   3.053834e+01 1.451745e+02 5.798833e+00
      vertex   3.076507e+01 1.452982e+02 6.013238e+00
    endloop
  endfacet
  facet normal -7.374681e-01 3.376910e-01 5.848980e-01
    outer loop
      vertex   3.053834e+01 1.469065e+02 4.798833e+00
      vertex   3.076507e+01 1.452982e+02 6.013238e+00
      vertex   3.076507e+01 1.470303e+02 5.013238e+00
    endloop
  endfacet
  facet normal -9.067867e-01 2.107949e-01 3.651075e-01
    outer loop
      vertex   3.076507e+01 1.452982e+02 6.013238e+00
      vertex   3.089615e+01 1.454392e+02 6.257406e+00
      vertex   3.076507e+01 1.470303e+02 5.013238e+00
    endloop
  endfacet
  facet normal -9.067867e-01 2.107949e-01 3.651075e-01
    outer loop
      vertex   3.076507e+01 1.470303e+02 5.013238e+00
      vertex   3.089615e+01 1.454392e+02 6.257406e+00
      vertex   3.089615e+01 1.471713e+02 5.257406e+00
    endloop
  endfacet
  facet normal -9.902872e-01 6.951859e-02 1.204097e-01
    outer loop
      vertex   3.089615e+01 1.471713e+02 5.257406e+00
      vertex   3.089615e+01 1.454392e+02 6.257406e+00
      vertex   3.093940e+01 1.455932e+02 6.524131e+00
    endloop
  endfacet
  facet normal -9.902872e-01 6.951859e-02 1.204097e-01
    outer loop
      vertex   3.089615e+01 1.471713e+02 5.257406e+00
      vertex   3.093940e+01 1.455932e+02 6.524131e+00
      vertex   3.093940e+01 1.473253e+02 5.524131e+00
    endloop
  endfacet
  facet normal -9.903911e-01 -6.914749e-02 -1.197670e-01
    outer loop
      vertex   3.093940e+01 1.455932e+02 6.524131e+00
      vertex   3.089260e+01 1.457608e+02 6.814340e+00
      vertex   3.093940e+01 1.473253e+02 5.524131e+00
    endloop
  endfacet
  facet normal -9.903911e-01 -6.914749e-02 -1.197670e-01
    outer loop
      vertex   3.093940e+01 1.473253e+02 5.524131e+00
      vertex   3.089260e+01 1.457608e+02 6.814340e+00
      vertex   3.089260e+01 1.474928e+02 5.814340e+00
    endloop
  endfacet
  facet normal -9.145184e-01 -2.022722e-01 -3.503457e-01
    outer loop
      vertex   3.089260e+01 1.474928e+02 5.814340e+00
      vertex   3.089260e+01 1.457608e+02 6.814340e+00
      vertex   3.075564e+01 1.459156e+02 7.082483e+00
    endloop
  endfacet
  facet normal -9.145184e-01 -2.022722e-01 -3.503457e-01
    outer loop
      vertex   3.089260e+01 1.474928e+02 5.814340e+00
      vertex   3.075564e+01 1.459156e+02 7.082483e+00
      vertex   3.075564e+01 1.476476e+02 6.082483e+00
    endloop
  endfacet
  facet normal -7.724949e-01 -3.175105e-01 -5.499443e-01
    outer loop
      vertex   3.075564e+01 1.459156e+02 7.082483e+00
      vertex   3.052812e+01 1.460540e+02 7.322174e+00
      vertex   3.075564e+01 1.476476e+02 6.082483e+00
    endloop
  endfacet
  facet normal -7.724949e-01 -3.175105e-01 -5.499443e-01
    outer loop
      vertex   3.075564e+01 1.476476e+02 6.082483e+00
      vertex   3.052812e+01 1.460540e+02 7.322174e+00
      vertex   3.052812e+01 1.477860e+02 6.322174e+00
    endloop
  endfacet
  facet normal -5.600535e-01 -4.142282e-01 -7.174643e-01
    outer loop
      vertex   3.052812e+01 1.477860e+02 6.322174e+00
      vertex   3.052812e+01 1.460540e+02 7.322174e+00
      vertex   3.023071e+01 1.461545e+02 7.496295e+00
    endloop
  endfacet
  facet normal -5.600535e-01 -4.142282e-01 -7.174643e-01
    outer loop
      vertex   3.052812e+01 1.477860e+02 6.322174e+00
      vertex   3.023071e+01 1.461545e+02 7.496295e+00
      vertex   3.023071e+01 1.478865e+02 6.496295e+00
    endloop
  endfacet
  facet normal -3.450300e-01 -4.692958e-01 -8.128442e-01
    outer loop
      vertex   3.023071e+01 1.461545e+02 7.496295e+00
      vertex   2.986481e+01 1.462217e+02 7.612781e+00
      vertex   3.023071e+01 1.478865e+02 6.496295e+00
    endloop
  endfacet
  facet normal -3.450300e-01 -4.692958e-01 -8.128442e-01
    outer loop
      vertex   3.023071e+01 1.478865e+02 6.496295e+00
      vertex   2.986481e+01 1.462217e+02 7.612781e+00
      vertex   2.986481e+01 1.479538e+02 6.612781e+00
    endloop
  endfacet
  facet normal -1.110698e-01 -4.969063e-01 -8.606670e-01
    outer loop
      vertex   2.986481e+01 1.479538e+02 6.612781e+00
      vertex   2.986481e+01 1.462217e+02 7.612781e+00
      vertex   2.947707e+01 1.462434e+02 7.650309e+00
    endloop
  endfacet
  facet normal -1.110698e-01 -4.969063e-01 -8.606670e-01
    outer loop
      vertex   2.986481e+01 1.479538e+02 6.612781e+00
      vertex   2.947707e+01 1.462434e+02 7.650309e+00
      vertex   2.947707e+01 1.479755e+02 6.650309e+00
    endloop
  endfacet
  facet normal 1.483382e-01 -4.944683e-01 -8.564443e-01
    outer loop
      vertex   2.947707e+01 1.462434e+02 7.650309e+00
      vertex   2.894832e+01 1.462037e+02 7.581624e+00
      vertex   2.947707e+01 1.479755e+02 6.650309e+00
    endloop
  endfacet
  facet normal 1.483382e-01 -4.944683e-01 -8.564443e-01
    outer loop
      vertex   2.947707e+01 1.479755e+02 6.650309e+00
      vertex   2.894832e+01 1.462037e+02 7.581624e+00
      vertex   2.894832e+01 1.479358e+02 6.581624e+00
    endloop
  endfacet
  facet normal 4.264012e-01 -4.522671e-01 -7.833496e-01
    outer loop
      vertex   2.894832e+01 1.479358e+02 6.581624e+00
      vertex   2.894832e+01 1.462037e+02 7.581624e+00
      vertex   2.871325e+01 1.461483e+02 7.485655e+00
    endloop
  endfacet
  facet normal 4.264012e-01 -4.522671e-01 -7.833496e-01
    outer loop
      vertex   2.894832e+01 1.479358e+02 6.581624e+00
      vertex   2.871325e+01 1.461483e+02 7.485655e+00
      vertex   2.871325e+01 1.478804e+02 6.485655e+00
    endloop
  endfacet
  facet normal 5.488765e-01 -4.179517e-01 -7.239136e-01
    outer loop
      vertex   2.871325e+01 1.478804e+02 6.485655e+00
      vertex   2.871325e+01 1.461483e+02 7.485655e+00
      vertex   2.848435e+01 1.460732e+02 7.355494e+00
    endloop
  endfacet
  facet normal 5.488765e-01 -4.179517e-01 -7.239136e-01
    outer loop
      vertex   2.871325e+01 1.478804e+02 6.485655e+00
      vertex   2.848435e+01 1.460732e+02 7.355494e+00
      vertex   2.848435e+01 1.478052e+02 6.355494e+00
    endloop
  endfacet
  facet normal 7.408205e-01 -3.358515e-01 -5.817119e-01
    outer loop
      vertex   2.848435e+01 1.460732e+02 7.355494e+00
      vertex   2.829427e+01 1.459684e+02 7.173934e+00
      vertex   2.848435e+01 1.478052e+02 6.355494e+00
    endloop
  endfacet
  facet normal 7.408205e-01 -3.358515e-01 -5.817119e-01
    outer loop
      vertex   2.848435e+01 1.478052e+02 6.355494e+00
      vertex   2.829427e+01 1.459684e+02 7.173934e+00
      vertex   2.829427e+01 1.477004e+02 6.173934e+00
    endloop
  endfacet
  facet normal 8.268210e-01 -2.812325e-01 -4.871091e-01
    outer loop
      vertex   2.829427e+01 1.477004e+02 6.173934e+00
      vertex   2.829427e+01 1.459684e+02 7.173934e+00
      vertex   2.814438e+01 1.458582e+02 6.983125e+00
    endloop
  endfacet
  facet normal 8.268210e-01 -2.812325e-01 -4.871091e-01
    outer loop
      vertex   2.829427e+01 1.477004e+02 6.173934e+00
      vertex   2.814438e+01 1.458582e+02 6.983125e+00
      vertex   2.814438e+01 1.475903e+02 5.983125e+00
    endloop
  endfacet
  facet normal 9.501129e-01 -1.559531e-01 -2.701187e-01
    outer loop
      vertex   2.814438e+01 1.475903e+02 5.983125e+00
      vertex   2.814438e+01 1.458582e+02 6.983125e+00
      vertex   2.797214e+01 1.455959e+02 6.528744e+00
    endloop
  endfacet
  facet normal 9.501129e-01 -1.559531e-01 -2.701187e-01
    outer loop
      vertex   2.814438e+01 1.475903e+02 5.983125e+00
      vertex   2.797214e+01 1.455959e+02 6.528744e+00
      vertex   2.797214e+01 1.473279e+02 5.528744e+00
    endloop
  endfacet
  facet normal 1.756687e-01 4.922247e-01 8.525581e-01
    outer loop
      vertex   2.797214e+01 1.455959e+02 6.528744e+00
      vertex   2.858599e+01 1.455411e+02 6.433882e+00
      vertex   2.797214e+01 1.473279e+02 5.528744e+00
    endloop
  endfacet
  facet normal 1.756687e-01 4.922247e-01 8.525581e-01
    outer loop
      vertex   2.797214e+01 1.473279e+02 5.528744e+00
      vertex   2.858599e+01 1.455411e+02 6.433882e+00
      vertex   2.858599e+01 1.472732e+02 5.433882e+00
    endloop
  endfacet
  facet normal -9.658490e-01 1.295528e-01 2.243921e-01
    outer loop
      vertex   2.858599e+01 1.455411e+02 6.433882e+00
      vertex   2.868430e+01 1.457243e+02 6.751260e+00
      vertex   2.858599e+01 1.472732e+02 5.433882e+00
    endloop
  endfacet
  facet normal -9.658490e-01 1.295528e-01 2.243921e-01
    outer loop
      vertex   2.858599e+01 1.472732e+02 5.433882e+00
      vertex   2.868430e+01 1.457243e+02 6.751260e+00
      vertex   2.868430e+01 1.474564e+02 5.751260e+00
    endloop
  endfacet
  facet normal -8.659105e-01 2.500995e-01 4.331850e-01
    outer loop
      vertex   2.868430e+01 1.474564e+02 5.751260e+00
      vertex   2.868430e+01 1.457243e+02 6.751260e+00
      vertex   2.877438e+01 1.458023e+02 6.886303e+00
    endloop
  endfacet
  facet normal -8.659105e-01 2.500995e-01 4.331850e-01
    outer loop
      vertex   2.868430e+01 1.474564e+02 5.751260e+00
      vertex   2.877438e+01 1.458023e+02 6.886303e+00
      vertex   2.877438e+01 1.475344e+02 5.886303e+00
    endloop
  endfacet
  facet normal -7.887550e-01 3.073539e-01 5.323525e-01
    outer loop
      vertex   2.877438e+01 1.475344e+02 5.886303e+00
      vertex   2.877438e+01 1.458023e+02 6.886303e+00
      vertex   2.889338e+01 1.458787e+02 7.018543e+00
    endloop
  endfacet
  facet normal -7.887550e-01 3.073539e-01 5.323525e-01
    outer loop
      vertex   2.877438e+01 1.475344e+02 5.886303e+00
      vertex   2.889338e+01 1.458787e+02 7.018543e+00
      vertex   2.889338e+01 1.476107e+02 6.018543e+00
    endloop
  endfacet
  facet normal -5.878327e-01 4.044913e-01 7.005994e-01
    outer loop
      vertex   2.889338e+01 1.458787e+02 7.018543e+00
      vertex   2.902833e+01 1.459277e+02 7.103467e+00
      vertex   2.889338e+01 1.476107e+02 6.018543e+00
    endloop
  endfacet
  facet normal -5.878327e-01 4.044913e-01 7.005994e-01
    outer loop
      vertex   2.889338e+01 1.476107e+02 6.018543e+00
      vertex   2.902833e+01 1.459277e+02 7.103467e+00
      vertex   2.902833e+01 1.476597e+02 6.103467e+00
    endloop
  endfacet
  facet normal -4.615942e-01 4.435456e-01 7.682435e-01
    outer loop
      vertex   2.902833e+01 1.476597e+02 6.103467e+00
      vertex   2.902833e+01 1.459277e+02 7.103467e+00
      vertex   2.916916e+01 1.459643e+02 7.166930e+00
    endloop
  endfacet
  facet normal -4.615942e-01 4.435456e-01 7.682435e-01
    outer loop
      vertex   2.902833e+01 1.476597e+02 6.103467e+00
      vertex   2.916916e+01 1.459643e+02 7.166930e+00
      vertex   2.916916e+01 1.476964e+02 6.166930e+00
    endloop
  endfacet
  facet normal -2.331549e-01 4.862198e-01 8.421574e-01
    outer loop
      vertex   2.916916e+01 1.476964e+02 6.166930e+00
      vertex   2.916916e+01 1.459643e+02 7.166930e+00
      vertex   2.932564e+01 1.459831e+02 7.199421e+00
    endloop
  endfacet
  facet normal -2.331549e-01 4.862198e-01 8.421574e-01
    outer loop
      vertex   2.916916e+01 1.476964e+02 6.166930e+00
      vertex   2.932564e+01 1.459831e+02 7.199421e+00
      vertex   2.932564e+01 1.477151e+02 6.199421e+00
    endloop
  endfacet
  facet normal -9.581196e-02 4.976997e-01 8.620412e-01
    outer loop
      vertex   2.932564e+01 1.477151e+02 6.199421e+00
      vertex   2.932564e+01 1.459831e+02 7.199421e+00
      vertex   2.949039e+01 1.459910e+02 7.213154e+00
    endloop
  endfacet
  facet normal -9.581196e-02 4.976997e-01 8.620412e-01
    outer loop
      vertex   2.932564e+01 1.477151e+02 6.199421e+00
      vertex   2.949039e+01 1.459910e+02 7.213154e+00
      vertex   2.949039e+01 1.477231e+02 6.213154e+00
    endloop
  endfacet
  facet normal 9.209450e-02 4.978751e-01 8.623450e-01
    outer loop
      vertex   2.949039e+01 1.459910e+02 7.213154e+00
      vertex   2.965361e+01 1.459835e+02 7.200080e+00
      vertex   2.949039e+01 1.477231e+02 6.213154e+00
    endloop
  endfacet
  facet normal 9.209450e-02 4.978751e-01 8.623450e-01
    outer loop
      vertex   2.949039e+01 1.477231e+02 6.213154e+00
      vertex   2.965361e+01 1.459835e+02 7.200080e+00
      vertex   2.965361e+01 1.477155e+02 6.200080e+00
    endloop
  endfacet
  facet normal 2.304594e-01 4.865410e-01 8.427137e-01
    outer loop
      vertex   2.965361e+01 1.477155e+02 6.200080e+00
      vertex   2.965361e+01 1.459835e+02 7.200080e+00
      vertex   2.980852e+01 1.459651e+02 7.168307e+00
    endloop
  endfacet
  facet normal 2.304594e-01 4.865410e-01 8.427137e-01
    outer loop
      vertex   2.965361e+01 1.477155e+02 6.200080e+00
      vertex   2.980852e+01 1.459651e+02 7.168307e+00
      vertex   2.980852e+01 1.476972e+02 6.168307e+00
    endloop
  endfacet
  facet normal 4.623815e-01 4.433406e-01 7.678884e-01
    outer loop
      vertex   2.980852e+01 1.476972e+02 6.168307e+00
      vertex   2.980852e+01 1.459651e+02 7.168307e+00
      vertex   2.994697e+01 1.459290e+02 7.105783e+00
    endloop
  endfacet
  facet normal 4.623815e-01 4.433406e-01 7.678884e-01
    outer loop
      vertex   2.980852e+01 1.476972e+02 6.168307e+00
      vertex   2.994697e+01 1.459290e+02 7.105783e+00
      vertex   2.994697e+01 1.476611e+02 6.105783e+00
    endloop
  endfacet
  facet normal 5.926488e-01 4.027305e-01 6.975497e-01
    outer loop
      vertex   2.994697e+01 1.476611e+02 6.105783e+00
      vertex   2.994697e+01 1.459290e+02 7.105783e+00
      vertex   3.008028e+01 1.458800e+02 7.020833e+00
    endloop
  endfacet
  facet normal 5.926488e-01 4.027305e-01 6.975497e-01
    outer loop
      vertex   2.994697e+01 1.476611e+02 6.105783e+00
      vertex   3.008028e+01 1.458800e+02 7.020833e+00
      vertex   3.008028e+01 1.476120e+02 6.020833e+00
    endloop
  endfacet
  facet normal 7.827294e-01 3.111811e-01 5.389814e-01
    outer loop
      vertex   3.008028e+01 1.458800e+02 7.020833e+00
      vertex   3.017884e+01 1.458180e+02 6.913486e+00
      vertex   3.008028e+01 1.476120e+02 6.020833e+00
    endloop
  endfacet
  facet normal 7.827294e-01 3.111811e-01 5.389814e-01
    outer loop
      vertex   3.008028e+01 1.476120e+02 6.020833e+00
      vertex   3.017884e+01 1.458180e+02 6.913486e+00
      vertex   3.017884e+01 1.475501e+02 5.913486e+00
    endloop
  endfacet
  facet normal 8.698095e-01 2.466939e-01 4.272863e-01
    outer loop
      vertex   3.017884e+01 1.475501e+02 5.913486e+00
      vertex   3.017884e+01 1.458180e+02 6.913486e+00
      vertex   3.025338e+01 1.457523e+02 6.799692e+00
    endloop
  endfacet
  facet normal 8.698095e-01 2.466939e-01 4.272863e-01
    outer loop
      vertex   3.017884e+01 1.475501e+02 5.913486e+00
      vertex   3.025338e+01 1.457523e+02 6.799692e+00
      vertex   3.025338e+01 1.474844e+02 5.799692e+00
    endloop
  endfacet
  facet normal 9.677269e-01 1.260006e-01 2.182394e-01
    outer loop
      vertex   3.025338e+01 1.474844e+02 5.799692e+00
      vertex   3.025338e+01 1.457523e+02 6.799692e+00
      vertex   3.029181e+01 1.456785e+02 6.671883e+00
    endloop
  endfacet
  facet normal 9.677269e-01 1.260006e-01 2.182394e-01
    outer loop
      vertex   3.025338e+01 1.474844e+02 5.799692e+00
      vertex   3.029181e+01 1.456785e+02 6.671883e+00
      vertex   3.029181e+01 1.474106e+02 5.671883e+00
    endloop
  endfacet
  facet normal 9.944064e-01 5.281094e-02 9.147124e-02
    outer loop
      vertex   3.029181e+01 1.474106e+02 5.671883e+00
      vertex   3.029181e+01 1.456785e+02 6.671883e+00
      vertex   3.030844e+01 1.456002e+02 6.536299e+00
    endloop
  endfacet
  facet normal 9.944064e-01 5.281094e-02 9.147124e-02
    outer loop
      vertex   3.029181e+01 1.474106e+02 5.671883e+00
      vertex   3.030844e+01 1.456002e+02 6.536299e+00
      vertex   3.030844e+01 1.473323e+02 5.536299e+00
    endloop
  endfacet
  facet normal 9.939590e-01 -5.487580e-02 -9.504767e-02
    outer loop
      vertex   3.030844e+01 1.456002e+02 6.536299e+00
      vertex   3.028837e+01 1.455094e+02 6.378946e+00
      vertex   3.030844e+01 1.473323e+02 5.536299e+00
    endloop
  endfacet
  facet normal 9.939590e-01 -5.487580e-02 -9.504767e-02
    outer loop
      vertex   3.030844e+01 1.473323e+02 5.536299e+00
      vertex   3.028837e+01 1.455094e+02 6.378946e+00
      vertex   3.028837e+01 1.472414e+02 5.378946e+00
    endloop
  endfacet
  facet normal 9.770721e-01 -1.064543e-01 -1.843843e-01
    outer loop
      vertex   3.028837e+01 1.472414e+02 5.378946e+00
      vertex   3.028837e+01 1.455094e+02 6.378946e+00
      vertex   3.026930e+01 1.454656e+02 6.303151e+00
    endloop
  endfacet
  facet normal 9.770721e-01 -1.064543e-01 -1.843843e-01
    outer loop
      vertex   3.028837e+01 1.472414e+02 5.378946e+00
      vertex   3.026930e+01 1.454656e+02 6.303151e+00
      vertex   3.026930e+01 1.471977e+02 5.303151e+00
    endloop
  endfacet
  facet normal 9.388856e-01 -1.721146e-01 -2.981112e-01
    outer loop
      vertex   3.026930e+01 1.471977e+02 5.303151e+00
      vertex   3.026930e+01 1.454656e+02 6.303151e+00
      vertex   3.023848e+01 1.454236e+02 6.230353e+00
    endloop
  endfacet
  facet normal 9.388856e-01 -1.721146e-01 -2.981112e-01
    outer loop
      vertex   3.026930e+01 1.471977e+02 5.303151e+00
      vertex   3.023848e+01 1.454236e+02 6.230353e+00
      vertex   3.023848e+01 1.471556e+02 5.230353e+00
    endloop
  endfacet
  facet normal 8.606319e-01 -2.546138e-01 -4.410040e-01
    outer loop
      vertex   3.023848e+01 1.471556e+02 5.230353e+00
      vertex   3.023848e+01 1.454236e+02 6.230353e+00
      vertex   3.019310e+01 1.453852e+02 6.163922e+00
    endloop
  endfacet
  facet normal 8.606319e-01 -2.546138e-01 -4.410040e-01
    outer loop
      vertex   3.023848e+01 1.471556e+02 5.230353e+00
      vertex   3.019310e+01 1.453852e+02 6.163922e+00
      vertex   3.019310e+01 1.471173e+02 5.163922e+00
    endloop
  endfacet
  facet normal 7.690451e-01 -3.195973e-01 -5.535587e-01
    outer loop
      vertex   3.019310e+01 1.471173e+02 5.163922e+00
      vertex   3.019310e+01 1.453852e+02 6.163922e+00
      vertex   3.013532e+01 1.453505e+02 6.103722e+00
    endloop
  endfacet
  facet normal 7.690451e-01 -3.195973e-01 -5.535587e-01
    outer loop
      vertex   3.019310e+01 1.471173e+02 5.163922e+00
      vertex   3.013532e+01 1.453505e+02 6.103722e+00
      vertex   3.013532e+01 1.470825e+02 5.103722e+00
    endloop
  endfacet
  facet normal 6.812198e-01 -3.660395e-01 -6.339989e-01
    outer loop
      vertex   3.013532e+01 1.470825e+02 5.103722e+00
      vertex   3.013532e+01 1.453505e+02 6.103722e+00
      vertex   2.999425e+01 1.452848e+02 5.990039e+00
    endloop
  endfacet
  facet normal 6.812198e-01 -3.660395e-01 -6.339989e-01
    outer loop
      vertex   3.013532e+01 1.470825e+02 5.103722e+00
      vertex   2.999425e+01 1.452848e+02 5.990039e+00
      vertex   2.999425e+01 1.470169e+02 4.990039e+00
    endloop
  endfacet
  facet normal 4.159805e-01 -4.546868e-01 -7.875406e-01
    outer loop
      vertex   2.999425e+01 1.452848e+02 5.990039e+00
      vertex   2.965650e+01 1.452076e+02 5.856238e+00
      vertex   2.999425e+01 1.470169e+02 4.990039e+00
    endloop
  endfacet
  facet normal 4.159805e-01 -4.546868e-01 -7.875406e-01
    outer loop
      vertex   2.999425e+01 1.470169e+02 4.990039e+00
      vertex   2.965650e+01 1.452076e+02 5.856238e+00
      vertex   2.965650e+01 1.469396e+02 4.856238e+00
    endloop
  endfacet
  facet normal 1.336551e-01 -4.955140e-01 -8.582553e-01
    outer loop
      vertex   2.965650e+01 1.469396e+02 4.856238e+00
      vertex   2.965650e+01 1.452076e+02 5.856238e+00
      vertex   2.928812e+01 1.451828e+02 5.813212e+00
    endloop
  endfacet
  facet normal 1.336551e-01 -4.955140e-01 -8.582553e-01
    outer loop
      vertex   2.965650e+01 1.469396e+02 4.856238e+00
      vertex   2.928812e+01 1.451828e+02 5.813212e+00
      vertex   2.928812e+01 1.469148e+02 4.813212e+00
    endloop
  endfacet
  facet normal -6.944796e-02 -4.987928e-01 -8.639345e-01
    outer loop
      vertex   2.928812e+01 1.451828e+02 5.813212e+00
      vertex   2.918921e+01 1.451862e+02 5.819175e+00
      vertex   2.928812e+01 1.469148e+02 4.813212e+00
    endloop
  endfacet
  facet normal -6.944796e-02 -4.987928e-01 -8.639345e-01
    outer loop
      vertex   2.928812e+01 1.469148e+02 4.813212e+00
      vertex   2.918921e+01 1.451862e+02 5.819175e+00
      vertex   2.918921e+01 1.469183e+02 4.819175e+00
    endloop
  endfacet
  facet normal 9.920022e-01 -6.311032e-02 -1.093103e-01
    outer loop
      vertex   2.918921e+01 1.451862e+02 5.819175e+00
      vertex   2.912065e+01 1.449168e+02 5.352528e+00
      vertex   2.918921e+01 1.469183e+02 4.819175e+00
    endloop
  endfacet
  facet normal 9.920022e-01 -6.311032e-02 -1.093103e-01
    outer loop
      vertex   2.918921e+01 1.469183e+02 4.819175e+00
      vertex   2.912065e+01 1.449168e+02 5.352528e+00
      vertex   2.912065e+01 1.466488e+02 4.352528e+00
    endloop
  endfacet
  facet normal -1.549257e-01 4.939631e-01 8.555691e-01
    outer loop
      vertex   2.912065e+01 1.449168e+02 5.352528e+00
      vertex   2.955385e+01 1.449507e+02 5.411360e+00
      vertex   2.912065e+01 1.466488e+02 4.352528e+00
    endloop
  endfacet
  facet normal -1.549257e-01 4.939631e-01 8.555691e-01
    outer loop
      vertex   2.912065e+01 1.466488e+02 4.352528e+00
      vertex   2.955385e+01 1.449507e+02 5.411360e+00
      vertex   2.955385e+01 1.466828e+02 4.411360e+00
    endloop
  endfacet
  facet normal 1.002851e-01 4.974794e-01 8.616595e-01
    outer loop
      vertex   2.955385e+01 1.449507e+02 5.411360e+00
      vertex   2.974935e+01 1.449409e+02 5.394295e+00
      vertex   2.955385e+01 1.466828e+02 4.411360e+00
    endloop
  endfacet
  facet normal 1.002851e-01 4.974794e-01 8.616595e-01
    outer loop
      vertex   2.955385e+01 1.466828e+02 4.411360e+00
      vertex   2.974935e+01 1.449409e+02 5.394295e+00
      vertex   2.974935e+01 1.466729e+02 4.394295e+00
    endloop
  endfacet
  facet normal 2.428299e-01 4.850344e-01 8.401043e-01
    outer loop
      vertex   2.974935e+01 1.466729e+02 4.394295e+00
      vertex   2.974935e+01 1.449409e+02 5.394295e+00
      vertex   2.993422e+01 1.449178e+02 5.354217e+00
    endloop
  endfacet
  facet normal 2.428299e-01 4.850344e-01 8.401043e-01
    outer loop
      vertex   2.974935e+01 1.466729e+02 4.394295e+00
      vertex   2.993422e+01 1.449178e+02 5.354217e+00
      vertex   2.993422e+01 1.466498e+02 4.354217e+00
    endloop
  endfacet
  facet normal 4.795697e-01 4.387519e-01 7.599406e-01
    outer loop
      vertex   2.993422e+01 1.466498e+02 4.354217e+00
      vertex   2.993422e+01 1.449178e+02 5.354217e+00
      vertex   3.009918e+01 1.448727e+02 5.276144e+00
    endloop
  endfacet
  facet normal 4.795697e-01 4.387519e-01 7.599406e-01
    outer loop
      vertex   2.993422e+01 1.466498e+02 4.354217e+00
      vertex   3.009918e+01 1.448727e+02 5.276144e+00
      vertex   3.009918e+01 1.466047e+02 4.276144e+00
    endloop
  endfacet
  facet normal 6.089129e-01 3.966185e-01 6.869635e-01
    outer loop
      vertex   3.009918e+01 1.466047e+02 4.276144e+00
      vertex   3.009918e+01 1.448727e+02 5.276144e+00
      vertex   3.025626e+01 1.448124e+02 5.171717e+00
    endloop
  endfacet
  facet normal 6.089129e-01 3.966185e-01 6.869635e-01
    outer loop
      vertex   3.009918e+01 1.466047e+02 4.276144e+00
      vertex   3.025626e+01 1.448124e+02 5.171717e+00
      vertex   3.025626e+01 1.465444e+02 4.171717e+00
    endloop
  endfacet
  facet normal 7.905805e-01 3.061791e-01 5.303177e-01
    outer loop
      vertex   3.025626e+01 1.448124e+02 5.171717e+00
      vertex   3.037657e+01 1.447347e+02 5.037205e+00
      vertex   3.025626e+01 1.465444e+02 4.171717e+00
    endloop
  endfacet
  facet normal 7.905805e-01 3.061791e-01 5.303177e-01
    outer loop
      vertex   3.025626e+01 1.465444e+02 4.171717e+00
      vertex   3.037657e+01 1.447347e+02 5.037205e+00
      vertex   3.037657e+01 1.464668e+02 4.037205e+00
    endloop
  endfacet
  facet normal 8.759626e-01 2.411895e-01 4.177525e-01
    outer loop
      vertex   3.037657e+01 1.464668e+02 4.037205e+00
      vertex   3.037657e+01 1.447347e+02 5.037205e+00
      vertex   3.046651e+01 1.446531e+02 4.895750e+00
    endloop
  endfacet
  facet normal 8.759626e-01 2.411895e-01 4.177525e-01
    outer loop
      vertex   3.037657e+01 1.464668e+02 4.037205e+00
      vertex   3.046651e+01 1.446531e+02 4.895750e+00
      vertex   3.046651e+01 1.463851e+02 3.895750e+00
    endloop
  endfacet
  facet normal 9.698431e-01 1.218651e-01 2.110766e-01
    outer loop
      vertex   3.046651e+01 1.463851e+02 3.895750e+00
      vertex   3.046651e+01 1.446531e+02 4.895750e+00
      vertex   3.051258e+01 1.445614e+02 4.737006e+00
    endloop
  endfacet
  facet normal 9.698431e-01 1.218651e-01 2.110766e-01
    outer loop
      vertex   3.046651e+01 1.463851e+02 3.895750e+00
      vertex   3.051258e+01 1.445614e+02 4.737006e+00
      vertex   3.051258e+01 1.462935e+02 3.737006e+00
    endloop
  endfacet
  facet normal 9.949896e-01 4.998942e-02 8.658422e-02
    outer loop
      vertex   3.051258e+01 1.462935e+02 3.737006e+00
      vertex   3.051258e+01 1.445614e+02 4.737006e+00
      vertex   3.053207e+01 1.444644e+02 4.569008e+00
    endloop
  endfacet
  facet normal 9.949896e-01 4.998942e-02 8.658422e-02
    outer loop
      vertex   3.051258e+01 1.462935e+02 3.737006e+00
      vertex   3.053207e+01 1.444644e+02 4.569008e+00
      vertex   3.053207e+01 1.461965e+02 3.569008e+00
    endloop
  endfacet
  facet normal 9.941662e-01 -5.392965e-02 -9.340889e-02
    outer loop
      vertex   3.053207e+01 1.444644e+02 4.569008e+00
      vertex   3.050958e+01 1.443608e+02 4.389467e+00
      vertex   3.053207e+01 1.461965e+02 3.569008e+00
    endloop
  endfacet
  facet normal 9.941662e-01 -5.392965e-02 -9.340889e-02
    outer loop
      vertex   3.053207e+01 1.461965e+02 3.569008e+00
      vertex   3.050958e+01 1.443608e+02 4.389467e+00
      vertex   3.050958e+01 1.460928e+02 3.389467e+00
    endloop
  endfacet
  facet normal 9.677081e-01 -1.260368e-01 -2.183022e-01
    outer loop
      vertex   3.050958e+01 1.460928e+02 3.389467e+00
      vertex   3.050958e+01 1.443608e+02 4.389467e+00
      vertex   3.045860e+01 1.442629e+02 4.219976e+00
    endloop
  endfacet
  facet normal 9.677081e-01 -1.260368e-01 -2.183022e-01
    outer loop
      vertex   3.050958e+01 1.460928e+02 3.389467e+00
      vertex   3.045860e+01 1.442629e+02 4.219976e+00
      vertex   3.045860e+01 1.459950e+02 3.219976e+00
    endloop
  endfacet
  facet normal 8.722142e-01 -2.445621e-01 -4.235939e-01
    outer loop
      vertex   3.045860e+01 1.459950e+02 3.219976e+00
      vertex   3.045860e+01 1.442629e+02 4.219976e+00
      vertex   3.036037e+01 1.441753e+02 4.068276e+00
    endloop
  endfacet
  facet normal 8.722142e-01 -2.445621e-01 -4.235939e-01
    outer loop
      vertex   3.045860e+01 1.459950e+02 3.219976e+00
      vertex   3.036037e+01 1.441753e+02 4.068276e+00
      vertex   3.036037e+01 1.459074e+02 3.068276e+00
    endloop
  endfacet
  facet normal 7.882451e-01 -3.076807e-01 -5.329187e-01
    outer loop
      vertex   3.036037e+01 1.459074e+02 3.068276e+00
      vertex   3.036037e+01 1.441753e+02 4.068276e+00
      vertex   3.023146e+01 1.440928e+02 3.925269e+00
    endloop
  endfacet
  facet normal 7.882451e-01 -3.076807e-01 -5.329187e-01
    outer loop
      vertex   3.036037e+01 1.459074e+02 3.068276e+00
      vertex   3.023146e+01 1.440928e+02 3.925269e+00
      vertex   3.023146e+01 1.458248e+02 2.925269e+00
    endloop
  endfacet
  facet normal 6.207834e-01 -3.919911e-01 -6.789484e-01
    outer loop
      vertex   3.023146e+01 1.440928e+02 3.925269e+00
      vertex   3.007002e+01 1.440288e+02 3.814563e+00
      vertex   3.023146e+01 1.458248e+02 2.925269e+00
    endloop
  endfacet
  facet normal 6.207834e-01 -3.919911e-01 -6.789484e-01
    outer loop
      vertex   3.023146e+01 1.458248e+02 2.925269e+00
      vertex   3.007002e+01 1.440288e+02 3.814563e+00
      vertex   3.007002e+01 1.457609e+02 2.814563e+00
    endloop
  endfacet
  facet normal 4.952011e-01 -4.343892e-01 -7.523841e-01
    outer loop
      vertex   3.007002e+01 1.457609e+02 2.814563e+00
      vertex   3.007002e+01 1.440288e+02 3.814563e+00
      vertex   2.989783e+01 1.439798e+02 3.729567e+00
    endloop
  endfacet
  facet normal 4.952011e-01 -4.343892e-01 -7.523841e-01
    outer loop
      vertex   3.007002e+01 1.457609e+02 2.814563e+00
      vertex   2.989783e+01 1.439798e+02 3.729567e+00
      vertex   2.989783e+01 1.457118e+02 2.729567e+00
    endloop
  endfacet
  facet normal 2.563511e-01 -4.832919e-01 -8.370861e-01
    outer loop
      vertex   2.989783e+01 1.457118e+02 2.729567e+00
      vertex   2.989783e+01 1.439798e+02 3.729567e+00
      vertex   2.970545e+01 1.439543e+02 3.685381e+00
    endloop
  endfacet
  facet normal 2.563511e-01 -4.832919e-01 -8.370861e-01
    outer loop
      vertex   2.989783e+01 1.457118e+02 2.729567e+00
      vertex   2.970545e+01 1.439543e+02 3.685381e+00
      vertex   2.970545e+01 1.456863e+02 2.685381e+00
    endloop
  endfacet
  facet normal 1.103928e-01 -4.969440e-01 -8.607323e-01
    outer loop
      vertex   2.970545e+01 1.456863e+02 2.685381e+00
      vertex   2.970545e+01 1.439543e+02 3.685381e+00
      vertex   2.950138e+01 1.439429e+02 3.665751e+00
    endloop
  endfacet
  facet normal 1.103928e-01 -4.969440e-01 -8.607323e-01
    outer loop
      vertex   2.970545e+01 1.456863e+02 2.685381e+00
      vertex   2.950138e+01 1.439429e+02 3.665751e+00
      vertex   2.950138e+01 1.456750e+02 2.665751e+00
    endloop
  endfacet
  facet normal -9.821590e-02 -4.975826e-01 -8.618383e-01
    outer loop
      vertex   2.950138e+01 1.439429e+02 3.665751e+00
      vertex   2.933113e+01 1.439513e+02 3.680303e+00
      vertex   2.950138e+01 1.456750e+02 2.665751e+00
    endloop
  endfacet
  facet normal -9.821590e-02 -4.975826e-01 -8.618383e-01
    outer loop
      vertex   2.950138e+01 1.456750e+02 2.665751e+00
      vertex   2.933113e+01 1.439513e+02 3.680303e+00
      vertex   2.933113e+01 1.456834e+02 2.680303e+00
    endloop
  endfacet
  facet normal -2.316376e-01 -4.864011e-01 -8.424714e-01
    outer loop
      vertex   2.933113e+01 1.456834e+02 2.680303e+00
      vertex   2.933113e+01 1.439513e+02 3.680303e+00
      vertex   2.916899e+01 1.439706e+02 3.713738e+00
    endloop
  endfacet
  facet normal -2.316376e-01 -4.864011e-01 -8.424714e-01
    outer loop
      vertex   2.933113e+01 1.456834e+02 2.680303e+00
      vertex   2.916899e+01 1.439706e+02 3.713738e+00
      vertex   2.916899e+01 1.457027e+02 2.713738e+00
    endloop
  endfacet
  facet normal -4.524956e-01 -4.458833e-01 -7.722926e-01
    outer loop
      vertex   2.916899e+01 1.457027e+02 2.713738e+00
      vertex   2.916899e+01 1.439706e+02 3.713738e+00
      vertex   2.902177e+01 1.440080e+02 3.778433e+00
    endloop
  endfacet
  facet normal -4.524956e-01 -4.458833e-01 -7.722926e-01
    outer loop
      vertex   2.916899e+01 1.457027e+02 2.713738e+00
      vertex   2.902177e+01 1.440080e+02 3.778433e+00
      vertex   2.902177e+01 1.457400e+02 2.778433e+00
    endloop
  endfacet
  facet normal -5.739315e-01 -4.094517e-01 -7.091911e-01
    outer loop
      vertex   2.902177e+01 1.457400e+02 2.778433e+00
      vertex   2.902177e+01 1.440080e+02 3.778433e+00
      vertex   2.888080e+01 1.440574e+02 3.863996e+00
    endloop
  endfacet
  facet normal -5.739315e-01 -4.094517e-01 -7.091911e-01
    outer loop
      vertex   2.902177e+01 1.457400e+02 2.778433e+00
      vertex   2.888080e+01 1.440574e+02 3.863996e+00
      vertex   2.888080e+01 1.457894e+02 2.863996e+00
    endloop
  endfacet
  facet normal -8.258974e-01 -2.819103e-01 -4.882829e-01
    outer loop
      vertex   2.888080e+01 1.440574e+02 3.863996e+00
      vertex   2.864593e+01 1.442294e+02 4.161942e+00
      vertex   2.888080e+01 1.457894e+02 2.863996e+00
    endloop
  endfacet
  facet normal -8.258974e-01 -2.819103e-01 -4.882829e-01
    outer loop
      vertex   2.888080e+01 1.457894e+02 2.863996e+00
      vertex   2.864593e+01 1.442294e+02 4.161942e+00
      vertex   2.864593e+01 1.459614e+02 3.161942e+00
    endloop
  endfacet
  facet normal -9.579673e-01 -1.434387e-01 -2.484431e-01
    outer loop
      vertex   2.864593e+01 1.459614e+02 3.161942e+00
      vertex   2.864593e+01 1.442294e+02 4.161942e+00
      vertex   2.852316e+01 1.444344e+02 4.516965e+00
    endloop
  endfacet
  facet normal -9.579673e-01 -1.434387e-01 -2.484431e-01
    outer loop
      vertex   2.864593e+01 1.459614e+02 3.161942e+00
      vertex   2.852316e+01 1.444344e+02 4.516965e+00
      vertex   2.852316e+01 1.461664e+02 3.516965e+00
    endloop
  endfacet
  facet normal 1.315235e-01 -4.956565e-01 -8.585023e-01
    outer loop
      vertex   2.852316e+01 1.444344e+02 4.516965e+00
      vertex   2.790920e+01 1.443936e+02 4.446419e+00
      vertex   2.852316e+01 1.461664e+02 3.516965e+00
    endloop
  endfacet
  facet normal 1.315235e-01 -4.956565e-01 -8.585023e-01
    outer loop
      vertex   2.852316e+01 1.461664e+02 3.516965e+00
      vertex   2.790920e+01 1.443936e+02 4.446419e+00
      vertex   2.790920e+01 1.461257e+02 3.446419e+00
    endloop
  endfacet
  facet normal 9.811228e-01 9.669285e-02 1.674769e-01
    outer loop
      vertex   2.790920e+01 1.443936e+02 4.446419e+00
      vertex   2.796578e+01 1.442501e+02 4.197790e+00
      vertex   2.790920e+01 1.461257e+02 3.446419e+00
    endloop
  endfacet
  facet normal 9.811228e-01 9.669285e-02 1.674769e-01
    outer loop
      vertex   2.790920e+01 1.461257e+02 3.446419e+00
      vertex   2.796578e+01 1.442501e+02 4.197790e+00
      vertex   2.796578e+01 1.459821e+02 3.197790e+00
    endloop
  endfacet
  facet normal 9.456839e-01 1.625437e-01 2.815340e-01
    outer loop
      vertex   2.796578e+01 1.459821e+02 3.197790e+00
      vertex   2.796578e+01 1.442501e+02 4.197790e+00
      vertex   2.805840e+01 1.441154e+02 3.964464e+00
    endloop
  endfacet
  facet normal 9.456839e-01 1.625437e-01 2.815340e-01
    outer loop
      vertex   2.796578e+01 1.459821e+02 3.197790e+00
      vertex   2.805840e+01 1.441154e+02 3.964464e+00
      vertex   2.805840e+01 1.458474e+02 2.964464e+00
    endloop
  endfacet
  facet normal 8.422349e-01 2.695553e-01 4.668835e-01
    outer loop
      vertex   2.805840e+01 1.458474e+02 2.964464e+00
      vertex   2.805840e+01 1.441154e+02 3.964464e+00
      vertex   2.821033e+01 1.439967e+02 3.758904e+00
    endloop
  endfacet
  facet normal 8.422349e-01 2.695553e-01 4.668835e-01
    outer loop
      vertex   2.805840e+01 1.458474e+02 2.964464e+00
      vertex   2.821033e+01 1.439967e+02 3.758904e+00
      vertex   2.821033e+01 1.457288e+02 2.758904e+00
    endloop
  endfacet
  facet normal 7.562903e-01 3.271181e-01 5.665851e-01
    outer loop
      vertex   2.821033e+01 1.457288e+02 2.758904e+00
      vertex   2.821033e+01 1.439967e+02 3.758904e+00
      vertex   2.840308e+01 1.438853e+02 3.565939e+00
    endloop
  endfacet
  facet normal 7.562903e-01 3.271181e-01 5.665851e-01
    outer loop
      vertex   2.821033e+01 1.457288e+02 2.758904e+00
      vertex   2.840308e+01 1.438853e+02 3.565939e+00
      vertex   2.840308e+01 1.456173e+02 2.565939e+00
    endloop
  endfacet
  facet normal 5.683014e-01 4.114102e-01 7.125835e-01
    outer loop
      vertex   2.840308e+01 1.438853e+02 3.565939e+00
      vertex   2.865322e+01 1.437989e+02 3.416324e+00
      vertex   2.840308e+01 1.456173e+02 2.565939e+00
    endloop
  endfacet
  facet normal 5.683014e-01 4.114102e-01 7.125835e-01
    outer loop
      vertex   2.840308e+01 1.456173e+02 2.565939e+00
      vertex   2.865322e+01 1.437989e+02 3.416324e+00
      vertex   2.865322e+01 1.455310e+02 2.416324e+00
    endloop
  endfacet
  facet normal 4.432913e-01 4.481888e-01 7.762858e-01
    outer loop
      vertex   2.865322e+01 1.455310e+02 2.416324e+00
      vertex   2.865322e+01 1.437989e+02 3.416324e+00
      vertex   2.891169e+01 1.437350e+02 3.305625e+00
    endloop
  endfacet
  facet normal 4.432913e-01 4.481888e-01 7.762858e-01
    outer loop
      vertex   2.865322e+01 1.455310e+02 2.416324e+00
      vertex   2.891169e+01 1.437350e+02 3.305625e+00
      vertex   2.891169e+01 1.454671e+02 2.305625e+00
    endloop
  endfacet
  facet normal 2.222274e-01 4.874974e-01 8.443703e-01
    outer loop
      vertex   2.891169e+01 1.454671e+02 2.305625e+00
      vertex   2.891169e+01 1.437350e+02 3.305625e+00
      vertex   2.919771e+01 1.437024e+02 3.249168e+00
    endloop
  endfacet
  facet normal 2.222274e-01 4.874974e-01 8.443703e-01
    outer loop
      vertex   2.891169e+01 1.454671e+02 2.305625e+00
      vertex   2.919771e+01 1.437024e+02 3.249168e+00
      vertex   2.919771e+01 1.454345e+02 2.249168e+00
    endloop
  endfacet
  facet normal 9.016413e-02 4.979635e-01 8.624980e-01
    outer loop
      vertex   2.919771e+01 1.454345e+02 2.249168e+00
      vertex   2.919771e+01 1.437024e+02 3.249168e+00
      vertex   2.949765e+01 1.436888e+02 3.225652e+00
    endloop
  endfacet
  facet normal 9.016413e-02 4.979635e-01 8.624980e-01
    outer loop
      vertex   2.919771e+01 1.454345e+02 2.249168e+00
      vertex   2.949765e+01 1.436888e+02 3.225652e+00
      vertex   2.949765e+01 1.454209e+02 2.225652e+00
    endloop
  endfacet
  facet normal -1.254744e-14 -8.660254e-01 5.000000e-01
    outer loop
      vertex   2.821033e+01 1.457288e+02 2.758904e+00
      vertex   2.840308e+01 1.456173e+02 2.565939e+00
      vertex   2.864593e+01 1.459614e+02 3.161942e+00
    endloop
  endfacet
  facet normal 7.541048e-14 -8.660254e-01 5.000000e-01
    outer loop
      vertex   2.864593e+01 1.459614e+02 3.161942e+00
      vertex   2.840308e+01 1.456173e+02 2.565939e+00
      vertex   2.865322e+01 1.455310e+02 2.416324e+00
    endloop
  endfacet
  facet normal -6.632736e-14 -8.660254e-01 5.000000e-01
    outer loop
      vertex   2.864593e+01 1.459614e+02 3.161942e+00
      vertex   2.865322e+01 1.455310e+02 2.416324e+00
      vertex   2.888080e+01 1.457894e+02 2.863996e+00
    endloop
  endfacet
  facet normal -7.118354e-14 -8.660254e-01 5.000000e-01
    outer loop
      vertex   2.888080e+01 1.457894e+02 2.863996e+00
      vertex   2.865322e+01 1.455310e+02 2.416324e+00
      vertex   2.891169e+01 1.454671e+02 2.305625e+00
    endloop
  endfacet
  facet normal 3.020798e-13 -8.660254e-01 5.000000e-01
    outer loop
      vertex   2.888080e+01 1.457894e+02 2.863996e+00
      vertex   2.891169e+01 1.454671e+02 2.305625e+00
      vertex   2.902177e+01 1.457400e+02 2.778433e+00
    endloop
  endfacet
  facet normal -1.278205e-13 -8.660254e-01 5.000000e-01
    outer loop
      vertex   2.902177e+01 1.457400e+02 2.778433e+00
      vertex   2.891169e+01 1.454671e+02 2.305625e+00
      vertex   2.916899e+01 1.457027e+02 2.713738e+00
    endloop
  endfacet
  facet normal 7.204709e-15 -8.660254e-01 5.000000e-01
    outer loop
      vertex   2.916899e+01 1.457027e+02 2.713738e+00
      vertex   2.891169e+01 1.454671e+02 2.305625e+00
      vertex   2.919771e+01 1.454345e+02 2.249168e+00
    endloop
  endfacet
  facet normal -1.790454e-13 -8.660254e-01 5.000000e-01
    outer loop
      vertex   2.916899e+01 1.457027e+02 2.713738e+00
      vertex   2.919771e+01 1.454345e+02 2.249168e+00
      vertex   2.933113e+01 1.456834e+02 2.680303e+00
    endloop
  endfacet
  facet normal -1.066630e-13 -8.660254e-01 5.000000e-01
    outer loop
      vertex   2.933113e+01 1.456834e+02 2.680303e+00
      vertex   2.919771e+01 1.454345e+02 2.249168e+00
      vertex   2.949765e+01 1.454209e+02 2.225652e+00
    endloop
  endfacet
  facet normal 1.754040e-13 -8.660254e-01 5.000000e-01
    outer loop
      vertex   2.933113e+01 1.456834e+02 2.680303e+00
      vertex   2.949765e+01 1.454209e+02 2.225652e+00
      vertex   2.950138e+01 1.456750e+02 2.665751e+00
    endloop
  endfacet
  facet normal -1.361393e-13 -8.660254e-01 5.000000e-01
    outer loop
      vertex   2.950138e+01 1.456750e+02 2.665751e+00
      vertex   2.949765e+01 1.454209e+02 2.225652e+00
      vertex   2.970545e+01 1.456863e+02 2.685381e+00
    endloop
  endfacet
  facet normal 1.070486e-13 -8.660254e-01 5.000000e-01
    outer loop
      vertex   2.970545e+01 1.456863e+02 2.685381e+00
      vertex   2.949765e+01 1.454209e+02 2.225652e+00
      vertex   2.983104e+01 1.454366e+02 2.252828e+00
    endloop
  endfacet
  facet normal 7.904174e-14 -8.660254e-01 5.000000e-01
    outer loop
      vertex   2.970545e+01 1.456863e+02 2.685381e+00
      vertex   2.983104e+01 1.454366e+02 2.252828e+00
      vertex   2.989783e+01 1.457118e+02 2.729567e+00
    endloop
  endfacet
  facet normal -6.179390e-14 -8.660254e-01 5.000000e-01
    outer loop
      vertex   2.989783e+01 1.457118e+02 2.729567e+00
      vertex   2.983104e+01 1.454366e+02 2.252828e+00
      vertex   3.014771e+01 1.454742e+02 2.317985e+00
    endloop
  endfacet
  facet normal 6.006807e-14 -8.660254e-01 5.000000e-01
    outer loop
      vertex   2.989783e+01 1.457118e+02 2.729567e+00
      vertex   3.014771e+01 1.454742e+02 2.317985e+00
      vertex   3.007002e+01 1.457609e+02 2.814563e+00
    endloop
  endfacet
  facet normal 8.161713e-15 -8.660254e-01 5.000000e-01
    outer loop
      vertex   3.007002e+01 1.457609e+02 2.814563e+00
      vertex   3.014771e+01 1.454742e+02 2.317985e+00
      vertex   3.043211e+01 1.455480e+02 2.445759e+00
    endloop
  endfacet
  facet normal -9.500420e-14 -8.660254e-01 5.000000e-01
    outer loop
      vertex   3.007002e+01 1.457609e+02 2.814563e+00
      vertex   3.043211e+01 1.455480e+02 2.445759e+00
      vertex   3.023146e+01 1.458248e+02 2.925269e+00
    endloop
  endfacet
  facet normal 1.834475e-14 -8.660254e-01 5.000000e-01
    outer loop
      vertex   3.023146e+01 1.458248e+02 2.925269e+00
      vertex   3.043211e+01 1.455480e+02 2.445759e+00
      vertex   3.036037e+01 1.459074e+02 3.068276e+00
    endloop
  endfacet
  facet normal 8.996652e-15 -8.660254e-01 5.000000e-01
    outer loop
      vertex   3.036037e+01 1.459074e+02 3.068276e+00
      vertex   3.043211e+01 1.455480e+02 2.445759e+00
      vertex   3.070531e+01 1.456473e+02 2.617819e+00
    endloop
  endfacet
  facet normal 1.600464e-13 -8.660254e-01 5.000000e-01
    outer loop
      vertex   3.036037e+01 1.459074e+02 3.068276e+00
      vertex   3.070531e+01 1.456473e+02 2.617819e+00
      vertex   3.045860e+01 1.459950e+02 3.219976e+00
    endloop
  endfacet
  facet normal -4.001847e-15 -8.660254e-01 5.000000e-01
    outer loop
      vertex   3.045860e+01 1.459950e+02 3.219976e+00
      vertex   3.070531e+01 1.456473e+02 2.617819e+00
      vertex   3.090641e+01 1.457687e+02 2.828141e+00
    endloop
  endfacet
  facet normal 3.654710e-14 -8.660254e-01 5.000000e-01
    outer loop
      vertex   3.045860e+01 1.459950e+02 3.219976e+00
      vertex   3.090641e+01 1.457687e+02 2.828141e+00
      vertex   3.050958e+01 1.460928e+02 3.389467e+00
    endloop
  endfacet
  facet normal -1.231110e-14 -8.660254e-01 5.000000e-01
    outer loop
      vertex   3.050958e+01 1.460928e+02 3.389467e+00
      vertex   3.090641e+01 1.457687e+02 2.828141e+00
      vertex   3.106312e+01 1.458997e+02 3.054981e+00
    endloop
  endfacet
  facet normal 3.252745e-14 -8.660254e-01 5.000000e-01
    outer loop
      vertex   3.050958e+01 1.460928e+02 3.389467e+00
      vertex   3.106312e+01 1.458997e+02 3.054981e+00
      vertex   3.114560e+01 1.460464e+02 3.309063e+00
    endloop
  endfacet
  facet normal -7.195902e-15 -8.660254e-01 5.000000e-01
    outer loop
      vertex   3.050958e+01 1.460928e+02 3.389467e+00
      vertex   3.114560e+01 1.460464e+02 3.309063e+00
      vertex   3.053207e+01 1.461965e+02 3.569008e+00
    endloop
  endfacet
  facet normal -7.348689e-15 -8.660254e-01 5.000000e-01
    outer loop
      vertex   3.053207e+01 1.461965e+02 3.569008e+00
      vertex   3.114560e+01 1.460464e+02 3.309063e+00
      vertex   3.118351e+01 1.462031e+02 3.580458e+00
    endloop
  endfacet
  facet normal -1.280911e-14 -8.660254e-01 5.000000e-01
    outer loop
      vertex   3.053207e+01 1.461965e+02 3.569008e+00
      vertex   3.118351e+01 1.462031e+02 3.580458e+00
      vertex   3.112824e+01 1.464154e+02 3.948156e+00
    endloop
  endfacet
  facet normal 1.486368e-14 -8.660254e-01 5.000000e-01
    outer loop
      vertex   3.053207e+01 1.461965e+02 3.569008e+00
      vertex   3.112824e+01 1.464154e+02 3.948156e+00
      vertex   3.051258e+01 1.462935e+02 3.737006e+00
    endloop
  endfacet
  facet normal 4.254269e-14 -8.660254e-01 5.000000e-01
    outer loop
      vertex   3.051258e+01 1.462935e+02 3.737006e+00
      vertex   3.112824e+01 1.464154e+02 3.948156e+00
      vertex   3.093847e+01 1.466056e+02 4.277669e+00
    endloop
  endfacet
  facet normal -2.649603e-14 -8.660254e-01 5.000000e-01
    outer loop
      vertex   3.051258e+01 1.462935e+02 3.737006e+00
      vertex   3.093847e+01 1.466056e+02 4.277669e+00
      vertex   3.046651e+01 1.463851e+02 3.895750e+00
    endloop
  endfacet
  facet normal -3.791221e-14 -8.660254e-01 5.000000e-01
    outer loop
      vertex   3.046651e+01 1.463851e+02 3.895750e+00
      vertex   3.093847e+01 1.466056e+02 4.277669e+00
      vertex   3.079159e+01 1.466814e+02 4.408897e+00
    endloop
  endfacet
  facet normal 1.086637e-13 -8.660254e-01 5.000000e-01
    outer loop
      vertex   3.046651e+01 1.463851e+02 3.895750e+00
      vertex   3.079159e+01 1.466814e+02 4.408897e+00
      vertex   3.037657e+01 1.464668e+02 4.037205e+00
    endloop
  endfacet
  facet normal 1.012738e-13 -8.660254e-01 5.000000e-01
    outer loop
      vertex   3.037657e+01 1.464668e+02 4.037205e+00
      vertex   3.079159e+01 1.466814e+02 4.408897e+00
      vertex   3.063334e+01 1.467432e+02 4.515995e+00
    endloop
  endfacet
  facet normal -1.659888e-14 -8.660254e-01 5.000000e-01
    outer loop
      vertex   3.037657e+01 1.464668e+02 4.037205e+00
      vertex   3.063334e+01 1.467432e+02 4.515995e+00
      vertex   3.025626e+01 1.465444e+02 4.171717e+00
    endloop
  endfacet
  facet normal -2.297722e-15 -8.660254e-01 5.000000e-01
    outer loop
      vertex   3.025626e+01 1.465444e+02 4.171717e+00
      vertex   3.063334e+01 1.467432e+02 4.515995e+00
      vertex   3.024979e+01 1.468190e+02 4.647267e+00
    endloop
  endfacet
  facet normal -1.944147e-13 -8.660254e-01 5.000000e-01
    outer loop
      vertex   3.025626e+01 1.465444e+02 4.171717e+00
      vertex   3.024979e+01 1.468190e+02 4.647267e+00
      vertex   3.009918e+01 1.466047e+02 4.276144e+00
    endloop
  endfacet
  facet normal 5.415589e-14 -8.660254e-01 5.000000e-01
    outer loop
      vertex   3.009918e+01 1.466047e+02 4.276144e+00
      vertex   3.024979e+01 1.468190e+02 4.647267e+00
      vertex   2.993422e+01 1.466498e+02 4.354217e+00
    endloop
  endfacet
  facet normal 1.892438e-15 -8.660254e-01 5.000000e-01
    outer loop
      vertex   2.993422e+01 1.466498e+02 4.354217e+00
      vertex   3.024979e+01 1.468190e+02 4.647267e+00
      vertex   2.999425e+01 1.470169e+02 4.990039e+00
    endloop
  endfacet
  facet normal 4.650121e-15 -8.660254e-01 5.000000e-01
    outer loop
      vertex   2.993422e+01 1.466498e+02 4.354217e+00
      vertex   2.999425e+01 1.470169e+02 4.990039e+00
      vertex   2.974935e+01 1.466729e+02 4.394295e+00
    endloop
  endfacet
  facet normal 4.970336e-15 -8.660254e-01 5.000000e-01
    outer loop
      vertex   2.974935e+01 1.466729e+02 4.394295e+00
      vertex   2.999425e+01 1.470169e+02 4.990039e+00
      vertex   2.965650e+01 1.469396e+02 4.856238e+00
    endloop
  endfacet
  facet normal 5.056926e-14 -8.660254e-01 5.000000e-01
    outer loop
      vertex   2.974935e+01 1.466729e+02 4.394295e+00
      vertex   2.965650e+01 1.469396e+02 4.856238e+00
      vertex   2.955385e+01 1.466828e+02 4.411360e+00
    endloop
  endfacet
  facet normal 2.402703e-15 -8.660254e-01 5.000000e-01
    outer loop
      vertex   2.955385e+01 1.466828e+02 4.411360e+00
      vertex   2.965650e+01 1.469396e+02 4.856238e+00
      vertex   2.928812e+01 1.469148e+02 4.813212e+00
    endloop
  endfacet
  facet normal -2.372020e-16 -8.660254e-01 5.000000e-01
    outer loop
      vertex   2.955385e+01 1.466828e+02 4.411360e+00
      vertex   2.928812e+01 1.469148e+02 4.813212e+00
      vertex   2.912065e+01 1.466488e+02 4.352528e+00
    endloop
  endfacet
  facet normal -2.287805e-14 -8.660254e-01 5.000000e-01
    outer loop
      vertex   2.912065e+01 1.466488e+02 4.352528e+00
      vertex   2.928812e+01 1.469148e+02 4.813212e+00
      vertex   2.918921e+01 1.469183e+02 4.819175e+00
    endloop
  endfacet
  facet normal 4.281228e-14 -8.660254e-01 5.000000e-01
    outer loop
      vertex   3.053834e+01 1.469065e+02 4.798833e+00
      vertex   3.019310e+01 1.471173e+02 5.163922e+00
      vertex   3.024979e+01 1.468190e+02 4.647267e+00
    endloop
  endfacet
  facet normal -4.502125e-13 -8.660254e-01 5.000000e-01
    outer loop
      vertex   3.024979e+01 1.468190e+02 4.647267e+00
      vertex   3.019310e+01 1.471173e+02 5.163922e+00
      vertex   3.013532e+01 1.470825e+02 5.103722e+00
    endloop
  endfacet
  facet normal 2.900452e-14 -8.660254e-01 5.000000e-01
    outer loop
      vertex   3.024979e+01 1.468190e+02 4.647267e+00
      vertex   3.013532e+01 1.470825e+02 5.103722e+00
      vertex   2.999425e+01 1.470169e+02 4.990039e+00
    endloop
  endfacet
  facet normal 4.964163e-14 -8.660254e-01 5.000000e-01
    outer loop
      vertex   3.076507e+01 1.470303e+02 5.013238e+00
      vertex   3.026930e+01 1.471977e+02 5.303151e+00
      vertex   3.053834e+01 1.469065e+02 4.798833e+00
    endloop
  endfacet
  facet normal 3.895838e-13 -8.660254e-01 5.000000e-01
    outer loop
      vertex   3.053834e+01 1.469065e+02 4.798833e+00
      vertex   3.026930e+01 1.471977e+02 5.303151e+00
      vertex   3.023848e+01 1.471556e+02 5.230353e+00
    endloop
  endfacet
  facet normal 5.960197e-14 -8.660254e-01 5.000000e-01
    outer loop
      vertex   3.053834e+01 1.469065e+02 4.798833e+00
      vertex   3.023848e+01 1.471556e+02 5.230353e+00
      vertex   3.019310e+01 1.471173e+02 5.163922e+00
    endloop
  endfacet
  facet normal 1.113159e-13 -8.660254e-01 5.000000e-01
    outer loop
      vertex   3.026930e+01 1.471977e+02 5.303151e+00
      vertex   3.076507e+01 1.470303e+02 5.013238e+00
      vertex   3.028837e+01 1.472414e+02 5.378946e+00
    endloop
  endfacet
  facet normal 5.238750e-14 -8.660254e-01 5.000000e-01
    outer loop
      vertex   3.028837e+01 1.472414e+02 5.378946e+00
      vertex   3.076507e+01 1.470303e+02 5.013238e+00
      vertex   3.089615e+01 1.471713e+02 5.257406e+00
    endloop
  endfacet
  facet normal 5.110659e-14 -8.660254e-01 5.000000e-01
    outer loop
      vertex   3.028837e+01 1.472414e+02 5.378946e+00
      vertex   3.089615e+01 1.471713e+02 5.257406e+00
      vertex   3.030844e+01 1.473323e+02 5.536299e+00
    endloop
  endfacet
  facet normal -1.281661e-14 -8.660254e-01 5.000000e-01
    outer loop
      vertex   3.030844e+01 1.473323e+02 5.536299e+00
      vertex   3.089615e+01 1.471713e+02 5.257406e+00
      vertex   3.093940e+01 1.473253e+02 5.524131e+00
    endloop
  endfacet
  facet normal -1.009384e-14 -8.660254e-01 5.000000e-01
    outer loop
      vertex   3.030844e+01 1.473323e+02 5.536299e+00
      vertex   3.093940e+01 1.473253e+02 5.524131e+00
      vertex   3.089260e+01 1.474928e+02 5.814340e+00
    endloop
  endfacet
  facet normal -2.608142e-14 -8.660254e-01 5.000000e-01
    outer loop
      vertex   3.030844e+01 1.473323e+02 5.536299e+00
      vertex   3.089260e+01 1.474928e+02 5.814340e+00
      vertex   3.029181e+01 1.474106e+02 5.671883e+00
    endloop
  endfacet
  facet normal -2.433738e-14 -8.660254e-01 5.000000e-01
    outer loop
      vertex   3.029181e+01 1.474106e+02 5.671883e+00
      vertex   3.089260e+01 1.474928e+02 5.814340e+00
      vertex   3.075564e+01 1.476476e+02 6.082483e+00
    endloop
  endfacet
  facet normal 2.897496e-14 -8.660254e-01 5.000000e-01
    outer loop
      vertex   3.029181e+01 1.474106e+02 5.671883e+00
      vertex   3.075564e+01 1.476476e+02 6.082483e+00
      vertex   3.025338e+01 1.474844e+02 5.799692e+00
    endloop
  endfacet
  facet normal -1.881762e-15 -8.660254e-01 5.000000e-01
    outer loop
      vertex   3.025338e+01 1.474844e+02 5.799692e+00
      vertex   3.075564e+01 1.476476e+02 6.082483e+00
      vertex   3.052812e+01 1.477860e+02 6.322174e+00
    endloop
  endfacet
  facet normal -1.158205e-14 -8.660254e-01 5.000000e-01
    outer loop
      vertex   3.025338e+01 1.474844e+02 5.799692e+00
      vertex   3.052812e+01 1.477860e+02 6.322174e+00
      vertex   3.017884e+01 1.475501e+02 5.913486e+00
    endloop
  endfacet
  facet normal 5.933361e-14 -8.660254e-01 5.000000e-01
    outer loop
      vertex   3.017884e+01 1.475501e+02 5.913486e+00
      vertex   3.052812e+01 1.477860e+02 6.322174e+00
      vertex   3.023071e+01 1.478865e+02 6.496295e+00
    endloop
  endfacet
  facet normal -1.237952e-14 -8.660254e-01 5.000000e-01
    outer loop
      vertex   3.017884e+01 1.475501e+02 5.913486e+00
      vertex   3.023071e+01 1.478865e+02 6.496295e+00
      vertex   3.008028e+01 1.476120e+02 6.020833e+00
    endloop
  endfacet
  facet normal 1.083438e-13 -8.660254e-01 5.000000e-01
    outer loop
      vertex   3.008028e+01 1.476120e+02 6.020833e+00
      vertex   3.023071e+01 1.478865e+02 6.496295e+00
      vertex   2.994697e+01 1.476611e+02 6.105783e+00
    endloop
  endfacet
  facet normal -6.452417e-14 -8.660254e-01 5.000000e-01
    outer loop
      vertex   2.994697e+01 1.476611e+02 6.105783e+00
      vertex   3.023071e+01 1.478865e+02 6.496295e+00
      vertex   2.986481e+01 1.479538e+02 6.612781e+00
    endloop
  endfacet
  facet normal -8.833938e-14 -8.660254e-01 5.000000e-01
    outer loop
      vertex   2.994697e+01 1.476611e+02 6.105783e+00
      vertex   2.986481e+01 1.479538e+02 6.612781e+00
      vertex   2.980852e+01 1.476972e+02 6.168307e+00
    endloop
  endfacet
  facet normal 2.554595e-14 -8.660254e-01 5.000000e-01
    outer loop
      vertex   2.980852e+01 1.476972e+02 6.168307e+00
      vertex   2.986481e+01 1.479538e+02 6.612781e+00
      vertex   2.965361e+01 1.477155e+02 6.200080e+00
    endloop
  endfacet
  facet normal 9.629457e-14 -8.660254e-01 5.000000e-01
    outer loop
      vertex   2.965361e+01 1.477155e+02 6.200080e+00
      vertex   2.986481e+01 1.479538e+02 6.612781e+00
      vertex   2.947707e+01 1.479755e+02 6.650309e+00
    endloop
  endfacet
  facet normal 7.577275e-14 -8.660254e-01 5.000000e-01
    outer loop
      vertex   2.965361e+01 1.477155e+02 6.200080e+00
      vertex   2.947707e+01 1.479755e+02 6.650309e+00
      vertex   2.949039e+01 1.477231e+02 6.213154e+00
    endloop
  endfacet
  facet normal -2.584111e-13 -8.660254e-01 5.000000e-01
    outer loop
      vertex   2.949039e+01 1.477231e+02 6.213154e+00
      vertex   2.947707e+01 1.479755e+02 6.650309e+00
      vertex   2.932564e+01 1.477151e+02 6.199421e+00
    endloop
  endfacet
  facet normal -3.950198e-14 -8.660254e-01 5.000000e-01
    outer loop
      vertex   2.932564e+01 1.477151e+02 6.199421e+00
      vertex   2.947707e+01 1.479755e+02 6.650309e+00
      vertex   2.894832e+01 1.479358e+02 6.581624e+00
    endloop
  endfacet
  facet normal -5.241592e-14 -8.660254e-01 5.000000e-01
    outer loop
      vertex   2.932564e+01 1.477151e+02 6.199421e+00
      vertex   2.894832e+01 1.479358e+02 6.581624e+00
      vertex   2.916916e+01 1.476964e+02 6.166930e+00
    endloop
  endfacet
  facet normal 4.940715e-14 -8.660254e-01 5.000000e-01
    outer loop
      vertex   2.916916e+01 1.476964e+02 6.166930e+00
      vertex   2.894832e+01 1.479358e+02 6.581624e+00
      vertex   2.902833e+01 1.476597e+02 6.103467e+00
    endloop
  endfacet
  facet normal 1.606524e-13 -8.660254e-01 5.000000e-01
    outer loop
      vertex   2.902833e+01 1.476597e+02 6.103467e+00
      vertex   2.894832e+01 1.479358e+02 6.581624e+00
      vertex   2.871325e+01 1.478804e+02 6.485655e+00
    endloop
  endfacet
  facet normal 2.839306e-13 -8.660254e-01 5.000000e-01
    outer loop
      vertex   2.902833e+01 1.476597e+02 6.103467e+00
      vertex   2.871325e+01 1.478804e+02 6.485655e+00
      vertex   2.889338e+01 1.476107e+02 6.018543e+00
    endloop
  endfacet
  facet normal -8.592745e-14 -8.660254e-01 5.000000e-01
    outer loop
      vertex   2.889338e+01 1.476107e+02 6.018543e+00
      vertex   2.871325e+01 1.478804e+02 6.485655e+00
      vertex   2.877438e+01 1.475344e+02 5.886303e+00
    endloop
  endfacet
  facet normal -3.885718e-14 -8.660254e-01 5.000000e-01
    outer loop
      vertex   2.877438e+01 1.475344e+02 5.886303e+00
      vertex   2.871325e+01 1.478804e+02 6.485655e+00
      vertex   2.848435e+01 1.478052e+02 6.355494e+00
    endloop
  endfacet
  facet normal -1.699404e-15 -8.660254e-01 5.000000e-01
    outer loop
      vertex   2.877438e+01 1.475344e+02 5.886303e+00
      vertex   2.848435e+01 1.478052e+02 6.355494e+00
      vertex   2.868430e+01 1.474564e+02 5.751260e+00
    endloop
  endfacet
  facet normal -1.006180e-13 -8.660254e-01 5.000000e-01
    outer loop
      vertex   2.868430e+01 1.474564e+02 5.751260e+00
      vertex   2.848435e+01 1.478052e+02 6.355494e+00
      vertex   2.829427e+01 1.477004e+02 6.173934e+00
    endloop
  endfacet
  facet normal -1.452495e-16 -8.660254e-01 5.000000e-01
    outer loop
      vertex   2.868430e+01 1.474564e+02 5.751260e+00
      vertex   2.829427e+01 1.477004e+02 6.173934e+00
      vertex   2.814438e+01 1.475903e+02 5.983125e+00
    endloop
  endfacet
  facet normal 1.027568e-14 -8.660254e-01 5.000000e-01
    outer loop
      vertex   2.797214e+01 1.473279e+02 5.528744e+00
      vertex   2.858599e+01 1.472732e+02 5.433882e+00
      vertex   2.814438e+01 1.475903e+02 5.983125e+00
    endloop
  endfacet
  facet normal 6.347481e-15 -8.660254e-01 5.000000e-01
    outer loop
      vertex   2.814438e+01 1.475903e+02 5.983125e+00
      vertex   2.858599e+01 1.472732e+02 5.433882e+00
      vertex   2.868430e+01 1.474564e+02 5.751260e+00
    endloop
  endfacet
  facet normal -4.219437e-14 -8.660254e-01 5.000000e-01
    outer loop
      vertex   2.821033e+01 1.457288e+02 2.758904e+00
      vertex   2.864593e+01 1.459614e+02 3.161942e+00
      vertex   2.805840e+01 1.458474e+02 2.964464e+00
    endloop
  endfacet
  facet normal -3.294439e-14 -8.660254e-01 5.000000e-01
    outer loop
      vertex   2.805840e+01 1.458474e+02 2.964464e+00
      vertex   2.864593e+01 1.459614e+02 3.161942e+00
      vertex   2.852316e+01 1.461664e+02 3.516965e+00
    endloop
  endfacet
  facet normal -1.302580e-13 -8.660254e-01 5.000000e-01
    outer loop
      vertex   2.805840e+01 1.458474e+02 2.964464e+00
      vertex   2.852316e+01 1.461664e+02 3.516965e+00
      vertex   2.796578e+01 1.459821e+02 3.197790e+00
    endloop
  endfacet
  facet normal 2.642260e-14 -8.660254e-01 5.000000e-01
    outer loop
      vertex   2.796578e+01 1.459821e+02 3.197790e+00
      vertex   2.852316e+01 1.461664e+02 3.516965e+00
      vertex   2.790920e+01 1.461257e+02 3.446419e+00
    endloop
  endfacet
  facet normal -8.305711e-01 2.784563e-01 4.823005e-01
    outer loop
      vertex   2.904532e+01 9.680853e+01 3.952592e+00
      vertex   2.910399e+01 9.685228e+01 4.028368e+00
      vertex   2.904532e+01 9.854058e+01 2.952592e+00
    endloop
  endfacet
  facet normal -8.305711e-01 2.784563e-01 4.823005e-01
    outer loop
      vertex   2.904532e+01 9.854058e+01 2.952592e+00
      vertex   2.910399e+01 9.685228e+01 4.028368e+00
      vertex   2.910399e+01 9.858433e+01 3.028368e+00
    endloop
  endfacet
  facet normal -8.066492e-01 2.955152e-01 5.118474e-01
    outer loop
      vertex   2.910399e+01 9.858433e+01 3.028368e+00
      vertex   2.910399e+01 9.685228e+01 4.028368e+00
      vertex   2.916612e+01 9.689467e+01 4.101803e+00
    endloop
  endfacet
  facet normal -8.066492e-01 2.955152e-01 5.118474e-01
    outer loop
      vertex   2.910399e+01 9.858433e+01 3.028368e+00
      vertex   2.916612e+01 9.689467e+01 4.101803e+00
      vertex   2.916612e+01 9.862673e+01 3.101803e+00
    endloop
  endfacet
  facet normal -7.653017e-01 3.218359e-01 5.574361e-01
    outer loop
      vertex   2.916612e+01 9.862673e+01 3.101803e+00
      vertex   2.916612e+01 9.689467e+01 4.101803e+00
      vertex   2.923379e+01 9.693491e+01 4.171486e+00
    endloop
  endfacet
  facet normal -7.653017e-01 3.218359e-01 5.574361e-01
    outer loop
      vertex   2.916612e+01 9.862673e+01 3.101803e+00
      vertex   2.923379e+01 9.693491e+01 4.171486e+00
      vertex   2.923379e+01 9.866696e+01 3.171486e+00
    endloop
  endfacet
  facet normal -7.398197e-01 3.364026e-01 5.826663e-01
    outer loop
      vertex   2.923379e+01 9.866696e+01 3.171486e+00
      vertex   2.923379e+01 9.693491e+01 4.171486e+00
      vertex   2.930468e+01 9.697388e+01 4.238995e+00
    endloop
  endfacet
  facet normal -7.398197e-01 3.364026e-01 5.826663e-01
    outer loop
      vertex   2.923379e+01 9.866696e+01 3.171486e+00
      vertex   2.930468e+01 9.697388e+01 4.238995e+00
      vertex   2.930468e+01 9.870593e+01 3.238995e+00
    endloop
  endfacet
  facet normal -6.892547e-01 3.622596e-01 6.274519e-01
    outer loop
      vertex   2.930468e+01 9.697388e+01 4.238995e+00
      vertex   2.947671e+01 9.705571e+01 4.380727e+00
      vertex   2.930468e+01 9.870593e+01 3.238995e+00
    endloop
  endfacet
  facet normal -6.892547e-01 3.622596e-01 6.274519e-01
    outer loop
      vertex   2.930468e+01 9.870593e+01 3.238995e+00
      vertex   2.947671e+01 9.705571e+01 4.380727e+00
      vertex   2.947671e+01 9.878776e+01 3.380727e+00
    endloop
  endfacet
  facet normal -6.726389e-01 3.699854e-01 6.408335e-01
    outer loop
      vertex   2.947671e+01 9.878776e+01 3.380727e+00
      vertex   2.947671e+01 9.705571e+01 4.380727e+00
      vertex   2.965235e+01 9.713554e+01 4.518990e+00
    endloop
  endfacet
  facet normal -6.726389e-01 3.699854e-01 6.408335e-01
    outer loop
      vertex   2.947671e+01 9.878776e+01 3.380727e+00
      vertex   2.965235e+01 9.713554e+01 4.518990e+00
      vertex   2.965235e+01 9.886759e+01 3.518990e+00
    endloop
  endfacet
  facet normal -6.524012e-01 3.789369e-01 6.563379e-01
    outer loop
      vertex   2.965235e+01 9.886759e+01 3.518990e+00
      vertex   2.965235e+01 9.713554e+01 4.518990e+00
      vertex   2.983227e+01 9.721298e+01 4.653124e+00
    endloop
  endfacet
  facet normal -6.524012e-01 3.789369e-01 6.563379e-01
    outer loop
      vertex   2.965235e+01 9.886759e+01 3.518990e+00
      vertex   2.983227e+01 9.721298e+01 4.653124e+00
      vertex   2.983227e+01 9.894503e+01 3.653124e+00
    endloop
  endfacet
  facet normal -6.418439e-01 3.834176e-01 6.640988e-01
    outer loop
      vertex   2.983227e+01 9.894503e+01 3.653124e+00
      vertex   2.983227e+01 9.721298e+01 4.653124e+00
      vertex   3.001440e+01 9.728920e+01 4.785139e+00
    endloop
  endfacet
  facet normal -6.418439e-01 3.834176e-01 6.640988e-01
    outer loop
      vertex   2.983227e+01 9.894503e+01 3.653124e+00
      vertex   3.001440e+01 9.728920e+01 4.785139e+00
      vertex   3.001440e+01 9.902125e+01 3.785139e+00
    endloop
  endfacet
  facet normal -6.487903e-01 3.804836e-01 6.590170e-01
    outer loop
      vertex   3.001440e+01 9.728920e+01 4.785139e+00
      vertex   3.026030e+01 9.739403e+01 4.966707e+00
      vertex   3.001440e+01 9.902125e+01 3.785139e+00
    endloop
  endfacet
  facet normal -6.487903e-01 3.804836e-01 6.590170e-01
    outer loop
      vertex   3.001440e+01 9.902125e+01 3.785139e+00
      vertex   3.026030e+01 9.739403e+01 4.966707e+00
      vertex   3.026030e+01 9.912608e+01 3.966707e+00
    endloop
  endfacet
  facet normal -6.648266e-01 3.734989e-01 6.469190e-01
    outer loop
      vertex   3.026030e+01 9.912608e+01 3.966707e+00
      vertex   3.026030e+01 9.739403e+01 4.966707e+00
      vertex   3.050150e+01 9.750136e+01 5.152611e+00
    endloop
  endfacet
  facet normal -6.648266e-01 3.734989e-01 6.469190e-01
    outer loop
      vertex   3.026030e+01 9.912608e+01 3.966707e+00
      vertex   3.050150e+01 9.750136e+01 5.152611e+00
      vertex   3.050150e+01 9.923341e+01 4.152611e+00
    endloop
  endfacet
  facet normal -6.942645e-01 3.598600e-01 6.232957e-01
    outer loop
      vertex   3.050150e+01 9.923341e+01 4.152611e+00
      vertex   3.050150e+01 9.750136e+01 5.152611e+00
      vertex   3.073381e+01 9.761341e+01 5.346686e+00
    endloop
  endfacet
  facet normal -6.942645e-01 3.598600e-01 6.232957e-01
    outer loop
      vertex   3.050150e+01 9.923341e+01 4.152611e+00
      vertex   3.073381e+01 9.761341e+01 5.346686e+00
      vertex   3.073381e+01 9.934546e+01 4.346686e+00
    endloop
  endfacet
  facet normal -7.153115e-01 3.494029e-01 6.051835e-01
    outer loop
      vertex   3.073381e+01 9.934546e+01 4.346686e+00
      vertex   3.073381e+01 9.761341e+01 5.346686e+00
      vertex   3.095956e+01 9.772895e+01 5.546806e+00
    endloop
  endfacet
  facet normal -7.153115e-01 3.494029e-01 6.051835e-01
    outer loop
      vertex   3.073381e+01 9.934546e+01 4.346686e+00
      vertex   3.095956e+01 9.772895e+01 5.546806e+00
      vertex   3.095956e+01 9.946100e+01 4.546806e+00
    endloop
  endfacet
  facet normal -7.648563e-01 3.221005e-01 5.578944e-01
    outer loop
      vertex   3.095956e+01 9.772895e+01 5.546806e+00
      vertex   3.107872e+01 9.779969e+01 5.669331e+00
      vertex   3.095956e+01 9.946100e+01 4.546806e+00
    endloop
  endfacet
  facet normal -7.648563e-01 3.221005e-01 5.578944e-01
    outer loop
      vertex   3.095956e+01 9.946100e+01 4.546806e+00
      vertex   3.107872e+01 9.779969e+01 5.669331e+00
      vertex   3.107872e+01 9.953174e+01 4.669331e+00
    endloop
  endfacet
  facet normal -7.997944e-01 3.001370e-01 5.198525e-01
    outer loop
      vertex   3.107872e+01 9.953174e+01 4.669331e+00
      vertex   3.107872e+01 9.779969e+01 5.669331e+00
      vertex   3.118921e+01 9.787330e+01 5.796824e+00
    endloop
  endfacet
  facet normal -7.997944e-01 3.001370e-01 5.198525e-01
    outer loop
      vertex   3.107872e+01 9.953174e+01 4.669331e+00
      vertex   3.118921e+01 9.787330e+01 5.796824e+00
      vertex   3.118921e+01 9.960535e+01 4.796824e+00
    endloop
  endfacet
  facet normal -8.561552e-01 2.583594e-01 4.474915e-01
    outer loop
      vertex   3.118921e+01 9.960535e+01 4.796824e+00
      vertex   3.118921e+01 9.787330e+01 5.796824e+00
      vertex   3.128424e+01 9.795202e+01 5.933181e+00
    endloop
  endfacet
  facet normal -8.561552e-01 2.583594e-01 4.474915e-01
    outer loop
      vertex   3.118921e+01 9.960535e+01 4.796824e+00
      vertex   3.128424e+01 9.795202e+01 5.933181e+00
      vertex   3.128424e+01 9.968407e+01 4.933181e+00
    endloop
  endfacet
  facet normal -8.882749e-01 2.296561e-01 3.977760e-01
    outer loop
      vertex   3.128424e+01 9.968407e+01 4.933181e+00
      vertex   3.128424e+01 9.795202e+01 5.933181e+00
      vertex   3.136913e+01 9.803410e+01 6.075351e+00
    endloop
  endfacet
  facet normal -8.882749e-01 2.296561e-01 3.977760e-01
    outer loop
      vertex   3.128424e+01 9.968407e+01 4.933181e+00
      vertex   3.136913e+01 9.803410e+01 6.075351e+00
      vertex   3.136913e+01 9.976615e+01 5.075351e+00
    endloop
  endfacet
  facet normal -9.414863e-01 1.685256e-01 2.918950e-01
    outer loop
      vertex   3.136913e+01 9.803410e+01 6.075351e+00
      vertex   3.142041e+01 9.810572e+01 6.199403e+00
      vertex   3.136913e+01 9.976615e+01 5.075351e+00
    endloop
  endfacet
  facet normal -9.414863e-01 1.685256e-01 2.918950e-01
    outer loop
      vertex   3.136913e+01 9.976615e+01 5.075351e+00
      vertex   3.142041e+01 9.810572e+01 6.199403e+00
      vertex   3.142041e+01 9.983778e+01 5.199403e+00
    endloop
  endfacet
  facet normal -9.639248e-01 1.330874e-01 2.305141e-01
    outer loop
      vertex   3.142041e+01 9.983778e+01 5.199403e+00
      vertex   3.142041e+01 9.810572e+01 6.199403e+00
      vertex   3.146060e+01 9.817850e+01 6.325446e+00
    endloop
  endfacet
  facet normal -9.639248e-01 1.330874e-01 2.305141e-01
    outer loop
      vertex   3.142041e+01 9.983778e+01 5.199403e+00
      vertex   3.146060e+01 9.817850e+01 6.325446e+00
      vertex   3.146060e+01 9.991055e+01 5.325446e+00
    endloop
  endfacet
  facet normal -9.898246e-01 7.114660e-02 1.232295e-01
    outer loop
      vertex   3.146060e+01 9.991055e+01 5.325446e+00
      vertex   3.146060e+01 9.817850e+01 6.325446e+00
      vertex   3.148208e+01 9.825321e+01 6.454848e+00
    endloop
  endfacet
  facet normal -9.898246e-01 7.114660e-02 1.232295e-01
    outer loop
      vertex   3.146060e+01 9.991055e+01 5.325446e+00
      vertex   3.148208e+01 9.825321e+01 6.454848e+00
      vertex   3.148208e+01 9.998526e+01 5.454848e+00
    endloop
  endfacet
  facet normal -9.977879e-01 3.323880e-02 5.757129e-02
    outer loop
      vertex   3.148208e+01 9.998526e+01 5.454848e+00
      vertex   3.148208e+01 9.825321e+01 6.454848e+00
      vertex   3.149219e+01 9.832909e+01 6.586291e+00
    endloop
  endfacet
  facet normal -9.977879e-01 3.323880e-02 5.757129e-02
    outer loop
      vertex   3.148208e+01 9.998526e+01 5.454848e+00
      vertex   3.149219e+01 9.832909e+01 6.586291e+00
      vertex   3.149219e+01 1.000611e+02 5.586291e+00
    endloop
  endfacet
  facet normal -9.934620e-01 -5.708147e-02 -9.886800e-02
    outer loop
      vertex   3.149219e+01 9.832909e+01 6.586291e+00
      vertex   3.146021e+01 9.846822e+01 6.827262e+00
      vertex   3.149219e+01 1.000611e+02 5.586291e+00
    endloop
  endfacet
  facet normal -9.934620e-01 -5.708147e-02 -9.886800e-02
    outer loop
      vertex   3.149219e+01 1.000611e+02 5.586291e+00
      vertex   3.146021e+01 9.846822e+01 6.827262e+00
      vertex   3.146021e+01 1.002003e+02 5.827262e+00
    endloop
  endfacet
  facet normal -9.645582e-01 -1.319350e-01 -2.285182e-01
    outer loop
      vertex   3.146021e+01 1.002003e+02 5.827262e+00
      vertex   3.146021e+01 9.846822e+01 6.827262e+00
      vertex   3.138869e+01 9.859894e+01 7.053680e+00
    endloop
  endfacet
  facet normal -9.645582e-01 -1.319350e-01 -2.285182e-01
    outer loop
      vertex   3.146021e+01 1.002003e+02 5.827262e+00
      vertex   3.138869e+01 9.859894e+01 7.053680e+00
      vertex   3.138869e+01 1.003310e+02 6.053680e+00
    endloop
  endfacet
  facet normal -8.610346e-01 -2.542732e-01 -4.404141e-01
    outer loop
      vertex   3.138869e+01 1.003310e+02 6.053680e+00
      vertex   3.138869e+01 9.859894e+01 7.053680e+00
      vertex   3.125091e+01 9.871559e+01 7.255713e+00
    endloop
  endfacet
  facet normal -8.610346e-01 -2.542732e-01 -4.404141e-01
    outer loop
      vertex   3.138869e+01 1.003310e+02 6.053680e+00
      vertex   3.125091e+01 9.871559e+01 7.255713e+00
      vertex   3.125091e+01 1.004476e+02 6.255713e+00
    endloop
  endfacet
  facet normal -7.725834e-01 -3.174567e-01 -5.498511e-01
    outer loop
      vertex   3.125091e+01 1.004476e+02 6.255713e+00
      vertex   3.125091e+01 9.871559e+01 7.255713e+00
      vertex   3.107315e+01 9.882374e+01 7.443036e+00
    endloop
  endfacet
  facet normal -7.725834e-01 -3.174567e-01 -5.498511e-01
    outer loop
      vertex   3.125091e+01 1.004476e+02 6.255713e+00
      vertex   3.107315e+01 9.882374e+01 7.443036e+00
      vertex   3.107315e+01 1.005558e+02 6.443036e+00
    endloop
  endfacet
  facet normal -5.711691e-01 -4.104162e-01 -7.108617e-01
    outer loop
      vertex   3.107315e+01 9.882374e+01 7.443036e+00
      vertex   3.081696e+01 9.891287e+01 7.597421e+00
      vertex   3.107315e+01 1.005558e+02 6.443036e+00
    endloop
  endfacet
  facet normal -5.711691e-01 -4.104162e-01 -7.108617e-01
    outer loop
      vertex   3.107315e+01 1.005558e+02 6.443036e+00
      vertex   3.081696e+01 9.891287e+01 7.597421e+00
      vertex   3.081696e+01 1.006449e+02 6.597421e+00
    endloop
  endfacet
  facet normal -4.400140e-01 -4.489955e-01 -7.776829e-01
    outer loop
      vertex   3.081696e+01 1.006449e+02 6.597421e+00
      vertex   3.081696e+01 9.891287e+01 7.597421e+00
      vertex   3.054447e+01 9.897963e+01 7.713053e+00
    endloop
  endfacet
  facet normal -4.400140e-01 -4.489955e-01 -7.776829e-01
    outer loop
      vertex   3.081696e+01 1.006449e+02 6.597421e+00
      vertex   3.054447e+01 9.897963e+01 7.713053e+00
      vertex   3.054447e+01 1.007117e+02 6.713053e+00
    endloop
  endfacet
  facet normal -2.092084e-01 -4.889355e-01 -8.468612e-01
    outer loop
      vertex   3.054447e+01 1.007117e+02 6.713053e+00
      vertex   3.054447e+01 9.897963e+01 7.713053e+00
      vertex   3.024655e+01 9.901150e+01 7.768251e+00
    endloop
  endfacet
  facet normal -2.092084e-01 -4.889355e-01 -8.468612e-01
    outer loop
      vertex   3.054447e+01 1.007117e+02 6.713053e+00
      vertex   3.024655e+01 9.901150e+01 7.768251e+00
      vertex   3.024655e+01 1.007435e+02 6.768251e+00
    endloop
  endfacet
  facet normal -7.679595e-02 -4.985234e-01 -8.634679e-01
    outer loop
      vertex   3.024655e+01 1.007435e+02 6.768251e+00
      vertex   3.024655e+01 9.901150e+01 7.768251e+00
      vertex   2.993418e+01 9.902353e+01 7.789087e+00
    endloop
  endfacet
  facet normal -7.679595e-02 -4.985234e-01 -8.634679e-01
    outer loop
      vertex   3.024655e+01 1.007435e+02 6.768251e+00
      vertex   2.993418e+01 9.902353e+01 7.789087e+00
      vertex   2.993418e+01 1.007556e+02 6.789087e+00
    endloop
  endfacet
  facet normal 7.003152e-02 -4.987724e-01 -8.638991e-01
    outer loop
      vertex   2.993418e+01 9.902353e+01 7.789087e+00
      vertex   2.962599e+01 9.901271e+01 7.770349e+00
      vertex   2.993418e+01 1.007556e+02 6.789087e+00
    endloop
  endfacet
  facet normal 7.003152e-02 -4.987724e-01 -8.638991e-01
    outer loop
      vertex   2.993418e+01 1.007556e+02 6.789087e+00
      vertex   2.962599e+01 9.901271e+01 7.770349e+00
      vertex   2.962599e+01 1.007448e+02 6.770349e+00
    endloop
  endfacet
  facet normal 1.950134e-01 -4.904003e-01 -8.493982e-01
    outer loop
      vertex   2.962599e+01 1.007448e+02 6.770349e+00
      vertex   2.962599e+01 9.901271e+01 7.770349e+00
      vertex   2.933043e+01 9.898333e+01 7.719456e+00
    endloop
  endfacet
  facet normal 1.950134e-01 -4.904003e-01 -8.493982e-01
    outer loop
      vertex   2.962599e+01 1.007448e+02 6.770349e+00
      vertex   2.933043e+01 9.898333e+01 7.719456e+00
      vertex   2.933043e+01 1.007154e+02 6.719456e+00
    endloop
  endfacet
  facet normal 4.140226e-01 -4.551333e-01 -7.883140e-01
    outer loop
      vertex   2.933043e+01 1.007154e+02 6.719456e+00
      vertex   2.933043e+01 9.898333e+01 7.719456e+00
      vertex   2.905716e+01 9.892118e+01 7.611816e+00
    endloop
  endfacet
  facet normal 4.140226e-01 -4.551333e-01 -7.883140e-01
    outer loop
      vertex   2.933043e+01 1.007154e+02 6.719456e+00
      vertex   2.905716e+01 9.892118e+01 7.611816e+00
      vertex   2.905716e+01 1.006532e+02 6.611816e+00
    endloop
  endfacet
  facet normal 5.409669e-01 -4.205219e-01 -7.283654e-01
    outer loop
      vertex   2.905716e+01 1.006532e+02 6.611816e+00
      vertex   2.905716e+01 9.892118e+01 7.611816e+00
      vertex   2.879826e+01 9.883792e+01 7.467599e+00
    endloop
  endfacet
  facet normal 5.409669e-01 -4.205219e-01 -7.283654e-01
    outer loop
      vertex   2.905716e+01 1.006532e+02 6.611816e+00
      vertex   2.879826e+01 9.883792e+01 7.467599e+00
      vertex   2.879826e+01 1.005700e+02 6.467599e+00
    endloop
  endfacet
  facet normal 7.661523e-01 -3.213295e-01 -5.565590e-01
    outer loop
      vertex   2.879826e+01 9.883792e+01 7.467599e+00
      vertex   2.860220e+01 9.872105e+01 7.265178e+00
      vertex   2.879826e+01 1.005700e+02 6.467599e+00
    endloop
  endfacet
  facet normal 7.661523e-01 -3.213295e-01 -5.565590e-01
    outer loop
      vertex   2.879826e+01 1.005700e+02 6.467599e+00
      vertex   2.860220e+01 9.872105e+01 7.265178e+00
      vertex   2.860220e+01 1.004531e+02 6.265178e+00
    endloop
  endfacet
  facet normal 8.553317e-01 -2.590403e-01 -4.486710e-01
    outer loop
      vertex   2.860220e+01 1.004531e+02 6.265178e+00
      vertex   2.860220e+01 9.872105e+01 7.265178e+00
      vertex   2.844855e+01 9.859421e+01 7.045489e+00
    endloop
  endfacet
  facet normal 8.553317e-01 -2.590403e-01 -4.486710e-01
    outer loop
      vertex   2.860220e+01 1.004531e+02 6.265178e+00
      vertex   2.844855e+01 9.859421e+01 7.045489e+00
      vertex   2.844855e+01 1.003263e+02 6.045489e+00
    endloop
  endfacet
  facet normal 9.554781e-01 -1.475310e-01 -2.555312e-01
    outer loop
      vertex   2.844855e+01 1.003263e+02 6.045489e+00
      vertex   2.844855e+01 9.859421e+01 7.045489e+00
      vertex   2.836066e+01 9.845191e+01 6.799021e+00
    endloop
  endfacet
  facet normal 9.554781e-01 -1.475310e-01 -2.555312e-01
    outer loop
      vertex   2.844855e+01 1.003263e+02 6.045489e+00
      vertex   2.836066e+01 9.845191e+01 6.799021e+00
      vertex   2.836066e+01 1.001840e+02 5.799021e+00
    endloop
  endfacet
  facet normal 9.862461e-01 -8.264181e-02 -1.431398e-01
    outer loop
      vertex   2.836066e+01 1.001840e+02 5.799021e+00
      vertex   2.836066e+01 9.845191e+01 6.799021e+00
      vertex   2.831003e+01 9.830086e+01 6.537383e+00
    endloop
  endfacet
  facet normal 9.862461e-01 -8.264181e-02 -1.431398e-01
    outer loop
      vertex   2.836066e+01 1.001840e+02 5.799021e+00
      vertex   2.831003e+01 9.830086e+01 6.537383e+00
      vertex   2.831003e+01 1.000329e+02 5.537383e+00
    endloop
  endfacet
  facet normal 1.026365e-01 4.973595e-01 8.614519e-01
    outer loop
      vertex   2.831003e+01 9.830086e+01 6.537383e+00
      vertex   2.894097e+01 9.826831e+01 6.481004e+00
      vertex   2.831003e+01 1.000329e+02 5.537383e+00
    endloop
  endfacet
  facet normal 1.026365e-01 4.973595e-01 8.614519e-01
    outer loop
      vertex   2.831003e+01 1.000329e+02 5.537383e+00
      vertex   2.894097e+01 9.826831e+01 6.481004e+00
      vertex   2.894097e+01 1.000004e+02 5.481004e+00
    endloop
  endfacet
  facet normal -9.964292e-01 4.221602e-02 7.312030e-02
    outer loop
      vertex   2.894097e+01 9.826831e+01 6.481004e+00
      vertex   2.895819e+01 9.836994e+01 6.657035e+00
      vertex   2.894097e+01 1.000004e+02 5.481004e+00
    endloop
  endfacet
  facet normal -9.964292e-01 4.221602e-02 7.312030e-02
    outer loop
      vertex   2.894097e+01 1.000004e+02 5.481004e+00
      vertex   2.895819e+01 9.836994e+01 6.657035e+00
      vertex   2.895819e+01 1.001020e+02 5.657035e+00
    endloop
  endfacet
  facet normal -9.756343e-01 1.097016e-01 1.900088e-01
    outer loop
      vertex   2.895819e+01 1.001020e+02 5.657035e+00
      vertex   2.895819e+01 9.836994e+01 6.657035e+00
      vertex   2.900166e+01 9.846658e+01 6.824415e+00
    endloop
  endfacet
  facet normal -9.756343e-01 1.097016e-01 1.900088e-01
    outer loop
      vertex   2.895819e+01 1.001020e+02 5.657035e+00
      vertex   2.900166e+01 9.846658e+01 6.824415e+00
      vertex   2.900166e+01 1.001986e+02 5.824415e+00
    endloop
  endfacet
  facet normal -8.906329e-01 2.273616e-01 3.938018e-01
    outer loop
      vertex   2.900166e+01 1.001986e+02 5.824415e+00
      vertex   2.900166e+01 9.846658e+01 6.824415e+00
      vertex   2.909135e+01 9.855441e+01 6.976553e+00
    endloop
  endfacet
  facet normal -8.906329e-01 2.273616e-01 3.938018e-01
    outer loop
      vertex   2.900166e+01 1.001986e+02 5.824415e+00
      vertex   2.909135e+01 9.855441e+01 6.976553e+00
      vertex   2.909135e+01 1.002865e+02 5.976553e+00
    endloop
  endfacet
  facet normal -8.090276e-01 2.938853e-01 5.090243e-01
    outer loop
      vertex   2.909135e+01 1.002865e+02 5.976553e+00
      vertex   2.909135e+01 9.855441e+01 6.976553e+00
      vertex   2.921076e+01 9.863659e+01 7.118893e+00
    endloop
  endfacet
  facet normal -8.090276e-01 2.938853e-01 5.090243e-01
    outer loop
      vertex   2.909135e+01 1.002865e+02 5.976553e+00
      vertex   2.921076e+01 9.863659e+01 7.118893e+00
      vertex   2.921076e+01 1.003686e+02 6.118893e+00
    endloop
  endfacet
  facet normal -5.957208e-01 4.015958e-01 6.955843e-01
    outer loop
      vertex   2.921076e+01 9.863659e+01 7.118893e+00
      vertex   2.936862e+01 9.869514e+01 7.220293e+00
      vertex   2.921076e+01 1.003686e+02 6.118893e+00
    endloop
  endfacet
  facet normal -5.957208e-01 4.015958e-01 6.955843e-01
    outer loop
      vertex   2.921076e+01 1.003686e+02 6.118893e+00
      vertex   2.936862e+01 9.869514e+01 7.220293e+00
      vertex   2.936862e+01 1.004272e+02 6.220293e+00
    endloop
  endfacet
  facet normal -4.640719e-01 4.428988e-01 7.671232e-01
    outer loop
      vertex   2.936862e+01 1.004272e+02 6.220293e+00
      vertex   2.936862e+01 9.869514e+01 7.220293e+00
      vertex   2.953751e+01 9.873938e+01 7.296919e+00
    endloop
  endfacet
  facet normal -4.640719e-01 4.428988e-01 7.671232e-01
    outer loop
      vertex   2.936862e+01 1.004272e+02 6.220293e+00
      vertex   2.953751e+01 9.873938e+01 7.296919e+00
      vertex   2.953751e+01 1.004714e+02 6.296919e+00
    endloop
  endfacet
  facet normal -2.253780e-01 4.871357e-01 8.437438e-01
    outer loop
      vertex   2.953751e+01 1.004714e+02 6.296919e+00
      vertex   2.953751e+01 9.873938e+01 7.296919e+00
      vertex   2.972388e+01 9.876093e+01 7.334255e+00
    endloop
  endfacet
  facet normal -2.253780e-01 4.871357e-01 8.437438e-01
    outer loop
      vertex   2.953751e+01 1.004714e+02 6.296919e+00
      vertex   2.972388e+01 9.876093e+01 7.334255e+00
      vertex   2.972388e+01 1.004930e+02 6.334255e+00
    endloop
  endfacet
  facet normal -8.630192e-02 4.981345e-01 8.627943e-01
    outer loop
      vertex   2.972388e+01 1.004930e+02 6.334255e+00
      vertex   2.972388e+01 9.876093e+01 7.334255e+00
      vertex   2.992030e+01 9.876944e+01 7.348991e+00
    endloop
  endfacet
  facet normal -8.630192e-02 4.981345e-01 8.627943e-01
    outer loop
      vertex   2.972388e+01 1.004930e+02 6.334255e+00
      vertex   2.992030e+01 9.876944e+01 7.348991e+00
      vertex   2.992030e+01 1.005015e+02 6.348991e+00
    endloop
  endfacet
  facet normal 8.864645e-02 4.980316e-01 8.626160e-01
    outer loop
      vertex   2.992030e+01 9.876944e+01 7.348991e+00
      vertex   3.010771e+01 9.876110e+01 7.334547e+00
      vertex   2.992030e+01 1.005015e+02 6.348991e+00
    endloop
  endfacet
  facet normal 8.864645e-02 4.980316e-01 8.626160e-01
    outer loop
      vertex   2.992030e+01 1.005015e+02 6.348991e+00
      vertex   3.010771e+01 9.876110e+01 7.334547e+00
      vertex   3.010771e+01 1.004932e+02 6.334547e+00
    endloop
  endfacet
  facet normal 2.261057e-01 4.870514e-01 8.435977e-01
    outer loop
      vertex   3.010771e+01 1.004932e+02 6.334547e+00
      vertex   3.010771e+01 9.876110e+01 7.334547e+00
      vertex   3.028571e+01 9.874044e+01 7.298765e+00
    endloop
  endfacet
  facet normal 2.261057e-01 4.870514e-01 8.435977e-01
    outer loop
      vertex   3.010771e+01 1.004932e+02 6.334547e+00
      vertex   3.028571e+01 9.874044e+01 7.298765e+00
      vertex   3.028571e+01 1.004725e+02 6.298765e+00
    endloop
  endfacet
  facet normal 4.608869e-01 4.437294e-01 7.685619e-01
    outer loop
      vertex   3.028571e+01 1.004725e+02 6.298765e+00
      vertex   3.028571e+01 9.874044e+01 7.298765e+00
      vertex   3.044741e+01 9.869845e+01 7.226038e+00
    endloop
  endfacet
  facet normal 4.608869e-01 4.437294e-01 7.685619e-01
    outer loop
      vertex   3.028571e+01 1.004725e+02 6.298765e+00
      vertex   3.044741e+01 9.869845e+01 7.226038e+00
      vertex   3.044741e+01 1.004305e+02 6.226038e+00
    endloop
  endfacet
  facet normal 5.901364e-01 4.036518e-01 6.991454e-01
    outer loop
      vertex   3.044741e+01 1.004305e+02 6.226038e+00
      vertex   3.044741e+01 9.869845e+01 7.226038e+00
      vertex   3.059890e+01 9.864308e+01 7.130138e+00
    endloop
  endfacet
  facet normal 5.901364e-01 4.036518e-01 6.991454e-01
    outer loop
      vertex   3.044741e+01 1.004305e+02 6.226038e+00
      vertex   3.059890e+01 9.864308e+01 7.130138e+00
      vertex   3.059890e+01 1.003751e+02 6.130138e+00
    endloop
  endfacet
  facet normal 7.703872e-01 3.187881e-01 5.521573e-01
    outer loop
      vertex   3.059890e+01 9.864308e+01 7.130138e+00
      vertex   3.070987e+01 9.857604e+01 7.014013e+00
      vertex   3.059890e+01 1.003751e+02 6.130138e+00
    endloop
  endfacet
  facet normal 7.703872e-01 3.187881e-01 5.521573e-01
    outer loop
      vertex   3.059890e+01 1.003751e+02 6.130138e+00
      vertex   3.070987e+01 9.857604e+01 7.014013e+00
      vertex   3.070987e+01 1.003081e+02 6.014013e+00
    endloop
  endfacet
  facet normal 8.591883e-01 2.558297e-01 4.431101e-01
    outer loop
      vertex   3.070987e+01 1.003081e+02 6.014013e+00
      vertex   3.070987e+01 9.857604e+01 7.014013e+00
      vertex   3.079604e+01 9.850369e+01 6.888698e+00
    endloop
  endfacet
  facet normal 8.591883e-01 2.558297e-01 4.431101e-01
    outer loop
      vertex   3.070987e+01 1.003081e+02 6.014013e+00
      vertex   3.079604e+01 9.850369e+01 6.888698e+00
      vertex   3.079604e+01 1.002357e+02 5.888698e+00
    endloop
  endfacet
  facet normal 9.637652e-01 1.333760e-01 2.310140e-01
    outer loop
      vertex   3.079604e+01 1.002357e+02 5.888698e+00
      vertex   3.079604e+01 9.850369e+01 6.888698e+00
      vertex   3.084098e+01 9.842252e+01 6.748104e+00
    endloop
  endfacet
  facet normal 9.637652e-01 1.333760e-01 2.310140e-01
    outer loop
      vertex   3.079604e+01 1.002357e+02 5.888698e+00
      vertex   3.084098e+01 9.842252e+01 6.748104e+00
      vertex   3.084098e+01 1.001546e+02 5.748104e+00
    endloop
  endfacet
  facet normal 9.932119e-01 5.815936e-02 1.007350e-01
    outer loop
      vertex   3.084098e+01 1.001546e+02 5.748104e+00
      vertex   3.084098e+01 9.842252e+01 6.748104e+00
      vertex   3.086123e+01 9.833606e+01 6.598364e+00
    endloop
  endfacet
  facet normal 9.932119e-01 5.815936e-02 1.007350e-01
    outer loop
      vertex   3.084098e+01 1.001546e+02 5.748104e+00
      vertex   3.086123e+01 9.833606e+01 6.598364e+00
      vertex   3.086123e+01 1.000681e+02 5.598364e+00
    endloop
  endfacet
  facet normal 9.890211e-01 -7.388720e-02 -1.279764e-01
    outer loop
      vertex   3.086123e+01 9.833606e+01 6.598364e+00
      vertex   3.083127e+01 9.823581e+01 6.424726e+00
      vertex   3.086123e+01 1.000681e+02 5.598364e+00
    endloop
  endfacet
  facet normal 9.890211e-01 -7.388720e-02 -1.279764e-01
    outer loop
      vertex   3.086123e+01 1.000681e+02 5.598364e+00
      vertex   3.083127e+01 9.823581e+01 6.424726e+00
      vertex   3.083127e+01 9.996787e+01 5.424726e+00
    endloop
  endfacet
  facet normal 9.619973e-01 -1.365295e-01 -2.364760e-01
    outer loop
      vertex   3.083127e+01 9.996787e+01 5.424726e+00
      vertex   3.083127e+01 9.823581e+01 6.424726e+00
      vertex   3.077693e+01 9.814009e+01 6.258930e+00
    endloop
  endfacet
  facet normal 9.619973e-01 -1.365295e-01 -2.364760e-01
    outer loop
      vertex   3.083127e+01 9.996787e+01 5.424726e+00
      vertex   3.077693e+01 9.814009e+01 6.258930e+00
      vertex   3.077693e+01 9.987214e+01 5.258930e+00
    endloop
  endfacet
  facet normal 8.900779e-01 -2.279043e-01 -3.947418e-01
    outer loop
      vertex   3.077693e+01 9.987214e+01 5.258930e+00
      vertex   3.077693e+01 9.814009e+01 6.258930e+00
      vertex   3.068587e+01 9.805119e+01 6.104943e+00
    endloop
  endfacet
  facet normal 8.900779e-01 -2.279043e-01 -3.947418e-01
    outer loop
      vertex   3.077693e+01 9.987214e+01 5.258930e+00
      vertex   3.068587e+01 9.805119e+01 6.104943e+00
      vertex   3.068587e+01 9.978324e+01 5.104943e+00
    endloop
  endfacet
  facet normal 8.365352e-01 -2.739566e-01 -4.745067e-01
    outer loop
      vertex   3.068587e+01 9.978324e+01 5.104943e+00
      vertex   3.068587e+01 9.805119e+01 6.104943e+00
      vertex   3.057438e+01 9.796608e+01 5.957529e+00
    endloop
  endfacet
  facet normal 8.365352e-01 -2.739566e-01 -4.745067e-01
    outer loop
      vertex   3.068587e+01 9.978324e+01 5.104943e+00
      vertex   3.057438e+01 9.796608e+01 5.957529e+00
      vertex   3.057438e+01 9.969813e+01 4.957529e+00
    endloop
  endfacet
  facet normal 7.476913e-01 -3.320233e-01 -5.750812e-01
    outer loop
      vertex   3.057438e+01 9.796608e+01 5.957529e+00
      vertex   3.032029e+01 9.782303e+01 5.709763e+00
      vertex   3.057438e+01 9.969813e+01 4.957529e+00
    endloop
  endfacet
  facet normal 7.476913e-01 -3.320233e-01 -5.750812e-01
    outer loop
      vertex   3.057438e+01 9.969813e+01 4.957529e+00
      vertex   3.032029e+01 9.782303e+01 5.709763e+00
      vertex   3.032029e+01 9.955508e+01 4.709763e+00
    endloop
  endfacet
  facet normal 7.131367e-01 -3.505125e-01 -6.071055e-01
    outer loop
      vertex   3.032029e+01 9.955508e+01 4.709763e+00
      vertex   3.032029e+01 9.782303e+01 5.709763e+00
      vertex   3.005266e+01 9.768690e+01 5.473978e+00
    endloop
  endfacet
  facet normal 7.131367e-01 -3.505125e-01 -6.071055e-01
    outer loop
      vertex   3.032029e+01 9.955508e+01 4.709763e+00
      vertex   3.005266e+01 9.768690e+01 5.473978e+00
      vertex   3.005266e+01 9.941895e+01 4.473978e+00
    endloop
  endfacet
  facet normal 6.647015e-01 -3.735545e-01 -6.470154e-01
    outer loop
      vertex   3.005266e+01 9.941895e+01 4.473978e+00
      vertex   3.005266e+01 9.768690e+01 5.473978e+00
      vertex   2.976715e+01 9.755989e+01 5.253997e+00
    endloop
  endfacet
  facet normal 6.647015e-01 -3.735545e-01 -6.470154e-01
    outer loop
      vertex   3.005266e+01 9.941895e+01 4.473978e+00
      vertex   2.976715e+01 9.755989e+01 5.253997e+00
      vertex   2.976715e+01 9.929194e+01 4.253997e+00
    endloop
  endfacet
  facet normal 6.381048e-01 -3.849747e-01 -6.667958e-01
    outer loop
      vertex   2.976715e+01 9.929194e+01 4.253997e+00
      vertex   2.976715e+01 9.755989e+01 5.253997e+00
      vertex   2.947224e+01 9.743769e+01 5.042333e+00
    endloop
  endfacet
  facet normal 6.381048e-01 -3.849747e-01 -6.667958e-01
    outer loop
      vertex   2.976715e+01 9.929194e+01 4.253997e+00
      vertex   2.947224e+01 9.743769e+01 5.042333e+00
      vertex   2.947224e+01 9.916974e+01 4.042333e+00
    endloop
  endfacet
  facet normal 6.421187e-01 -3.833026e-01 -6.638996e-01
    outer loop
      vertex   2.947224e+01 9.743769e+01 5.042333e+00
      vertex   2.926005e+01 9.734882e+01 4.888410e+00
      vertex   2.947224e+01 9.916974e+01 4.042333e+00
    endloop
  endfacet
  facet normal 6.421187e-01 -3.833026e-01 -6.638996e-01
    outer loop
      vertex   2.947224e+01 9.916974e+01 4.042333e+00
      vertex   2.926005e+01 9.734882e+01 4.888410e+00
      vertex   2.926005e+01 9.908087e+01 3.888410e+00
    endloop
  endfacet
  facet normal 6.639954e-01 -3.738684e-01 -6.475590e-01
    outer loop
      vertex   2.926005e+01 9.908087e+01 3.888410e+00
      vertex   2.926005e+01 9.734882e+01 4.888410e+00
      vertex   2.905337e+01 9.725705e+01 4.729461e+00
    endloop
  endfacet
  facet normal 6.639954e-01 -3.738684e-01 -6.475590e-01
    outer loop
      vertex   2.926005e+01 9.908087e+01 3.888410e+00
      vertex   2.905337e+01 9.725705e+01 4.729461e+00
      vertex   2.905337e+01 9.898910e+01 3.729461e+00
    endloop
  endfacet
  facet normal 7.025582e-01 -3.558132e-01 -6.162865e-01
    outer loop
      vertex   2.905337e+01 9.898910e+01 3.729461e+00
      vertex   2.905337e+01 9.725705e+01 4.729461e+00
      vertex   2.885673e+01 9.715999e+01 4.561340e+00
    endloop
  endfacet
  facet normal 7.025582e-01 -3.558132e-01 -6.162865e-01
    outer loop
      vertex   2.905337e+01 9.898910e+01 3.729461e+00
      vertex   2.885673e+01 9.715999e+01 4.561340e+00
      vertex   2.885673e+01 9.889204e+01 3.561340e+00
    endloop
  endfacet
  facet normal 7.277954e-01 -3.428972e-01 -5.939153e-01
    outer loop
      vertex   2.885673e+01 9.889204e+01 3.561340e+00
      vertex   2.885673e+01 9.715999e+01 4.561340e+00
      vertex   2.866697e+01 9.705930e+01 4.386941e+00
    endloop
  endfacet
  facet normal 7.277954e-01 -3.428972e-01 -5.939153e-01
    outer loop
      vertex   2.885673e+01 9.889204e+01 3.561340e+00
      vertex   2.866697e+01 9.705930e+01 4.386941e+00
      vertex   2.866697e+01 9.879135e+01 3.386941e+00
    endloop
  endfacet
  facet normal 7.893202e-01 -3.069909e-01 -5.317239e-01
    outer loop
      vertex   2.866697e+01 9.705930e+01 4.386941e+00
      vertex   2.854679e+01 9.698204e+01 4.253130e+00
      vertex   2.866697e+01 9.879135e+01 3.386941e+00
    endloop
  endfacet
  facet normal 7.893202e-01 -3.069909e-01 -5.317239e-01
    outer loop
      vertex   2.866697e+01 9.879135e+01 3.386941e+00
      vertex   2.854679e+01 9.698204e+01 4.253130e+00
      vertex   2.854679e+01 9.871409e+01 3.253130e+00
    endloop
  endfacet
  facet normal 8.254953e-01 -2.822045e-01 -4.887925e-01
    outer loop
      vertex   2.854679e+01 9.871409e+01 3.253130e+00
      vertex   2.854679e+01 9.698204e+01 4.253130e+00
      vertex   2.843691e+01 9.690169e+01 4.113956e+00
    endloop
  endfacet
  facet normal 8.254953e-01 -2.822045e-01 -4.887925e-01
    outer loop
      vertex   2.854679e+01 9.871409e+01 3.253130e+00
      vertex   2.843691e+01 9.690169e+01 4.113956e+00
      vertex   2.843691e+01 9.863374e+01 3.113956e+00
    endloop
  endfacet
  facet normal 8.811981e-01 -2.363736e-01 -4.094111e-01
    outer loop
      vertex   2.843691e+01 9.863374e+01 3.113956e+00
      vertex   2.843691e+01 9.690169e+01 4.113956e+00
      vertex   2.834493e+01 9.681596e+01 3.965473e+00
    endloop
  endfacet
  facet normal 8.811981e-01 -2.363736e-01 -4.094111e-01
    outer loop
      vertex   2.843691e+01 9.863374e+01 3.113956e+00
      vertex   2.834493e+01 9.681596e+01 3.965473e+00
      vertex   2.834493e+01 9.854802e+01 2.965473e+00
    endloop
  endfacet
  facet normal 9.109120e-01 -2.063004e-01 -3.573227e-01
    outer loop
      vertex   2.834493e+01 9.854802e+01 2.965473e+00
      vertex   2.834493e+01 9.681596e+01 3.965473e+00
      vertex   2.826420e+01 9.672686e+01 3.811135e+00
    endloop
  endfacet
  facet normal 9.109120e-01 -2.063004e-01 -3.573227e-01
    outer loop
      vertex   2.834493e+01 9.854802e+01 2.965473e+00
      vertex   2.826420e+01 9.672686e+01 3.811135e+00
      vertex   2.826420e+01 9.845891e+01 2.811135e+00
    endloop
  endfacet
  facet normal 9.540300e-01 -1.498555e-01 -2.595574e-01
    outer loop
      vertex   2.826420e+01 9.672686e+01 3.811135e+00
      vertex   2.823150e+01 9.667481e+01 3.720994e+00
      vertex   2.826420e+01 9.845891e+01 2.811135e+00
    endloop
  endfacet
  facet normal 9.540300e-01 -1.498555e-01 -2.595574e-01
    outer loop
      vertex   2.826420e+01 9.845891e+01 2.811135e+00
      vertex   2.823150e+01 9.667481e+01 3.720994e+00
      vertex   2.823150e+01 9.840687e+01 2.720994e+00
    endloop
  endfacet
  facet normal 9.737691e-01 -1.137693e-01 -1.970542e-01
    outer loop
      vertex   2.823150e+01 9.840687e+01 2.720994e+00
      vertex   2.823150e+01 9.667481e+01 3.720994e+00
      vertex   2.820687e+01 9.662209e+01 3.629675e+00
    endloop
  endfacet
  facet normal 9.737691e-01 -1.137693e-01 -1.970542e-01
    outer loop
      vertex   2.823150e+01 9.840687e+01 2.720994e+00
      vertex   2.820687e+01 9.662209e+01 3.629675e+00
      vertex   2.820687e+01 9.835414e+01 2.629675e+00
    endloop
  endfacet
  facet normal 9.945906e-01 -5.193645e-02 -8.995657e-02
    outer loop
      vertex   2.820687e+01 9.835414e+01 2.629675e+00
      vertex   2.820687e+01 9.662209e+01 3.629675e+00
      vertex   2.819562e+01 9.656824e+01 3.536399e+00
    endloop
  endfacet
  facet normal 9.945906e-01 -5.193645e-02 -8.995657e-02
    outer loop
      vertex   2.820687e+01 9.835414e+01 2.629675e+00
      vertex   2.819562e+01 9.656824e+01 3.536399e+00
      vertex   2.819562e+01 9.830029e+01 2.536399e+00
    endloop
  endfacet
  facet normal 9.995593e-01 -1.484229e-02 -2.570760e-02
    outer loop
      vertex   2.819562e+01 9.830029e+01 2.536399e+00
      vertex   2.819562e+01 9.656824e+01 3.536399e+00
      vertex   2.819238e+01 9.651371e+01 3.441951e+00
    endloop
  endfacet
  facet normal 9.995593e-01 -1.484229e-02 -2.570760e-02
    outer loop
      vertex   2.819562e+01 9.830029e+01 2.536399e+00
      vertex   2.819238e+01 9.651371e+01 3.441951e+00
      vertex   2.819238e+01 9.824576e+01 2.441951e+00
    endloop
  endfacet
  facet normal 4.737015e-04 4.999999e-01 8.660253e-01
    outer loop
      vertex   2.819238e+01 9.651371e+01 3.441951e+00
      vertex   3.149729e+01 9.651293e+01 3.440596e+00
      vertex   2.819238e+01 9.824576e+01 2.441951e+00
    endloop
  endfacet
  facet normal 4.737015e-04 4.999999e-01 8.660253e-01
    outer loop
      vertex   2.819238e+01 9.824576e+01 2.441951e+00
      vertex   3.149729e+01 9.651293e+01 3.440596e+00
      vertex   3.149729e+01 9.824498e+01 2.440596e+00
    endloop
  endfacet
  facet normal -9.999999e-01 2.368507e-04 4.102375e-04
    outer loop
      vertex   3.149729e+01 9.651293e+01 3.440596e+00
      vertex   3.149757e+01 9.680795e+01 3.951586e+00
      vertex   3.149729e+01 9.824498e+01 2.440596e+00
    endloop
  endfacet
  facet normal -9.999999e-01 2.368507e-04 4.102375e-04
    outer loop
      vertex   3.149729e+01 9.824498e+01 2.440596e+00
      vertex   3.149757e+01 9.680795e+01 3.951586e+00
      vertex   3.149757e+01 9.854000e+01 2.951586e+00
    endloop
  endfacet
  facet normal -4.737015e-04 -4.999999e-01 -8.660253e-01
    outer loop
      vertex   3.149757e+01 9.680795e+01 3.951586e+00
      vertex   2.904532e+01 9.680853e+01 3.952592e+00
      vertex   3.149757e+01 9.854000e+01 2.951586e+00
    endloop
  endfacet
  facet normal -4.737015e-04 -4.999999e-01 -8.660253e-01
    outer loop
      vertex   3.149757e+01 9.854000e+01 2.951586e+00
      vertex   2.904532e+01 9.680853e+01 3.952592e+00
      vertex   2.904532e+01 9.854058e+01 2.952592e+00
    endloop
  endfacet
  facet normal 4.851921e-15 -8.660254e-01 5.000000e-01
    outer loop
      vertex   3.149757e+01 9.854000e+01 2.951586e+00
      vertex   2.904532e+01 9.854058e+01 2.952592e+00
      vertex   3.149729e+01 9.824498e+01 2.440596e+00
    endloop
  endfacet
  facet normal 2.567925e-15 -8.660254e-01 5.000000e-01
    outer loop
      vertex   3.149729e+01 9.824498e+01 2.440596e+00
      vertex   2.904532e+01 9.854058e+01 2.952592e+00
      vertex   2.819238e+01 9.824576e+01 2.441951e+00
    endloop
  endfacet
  facet normal -4.658360e-14 -8.660254e-01 5.000000e-01
    outer loop
      vertex   2.819238e+01 9.824576e+01 2.441951e+00
      vertex   2.904532e+01 9.854058e+01 2.952592e+00
      vertex   2.819562e+01 9.830029e+01 2.536399e+00
    endloop
  endfacet
  facet normal -2.329173e-14 -8.660254e-01 5.000000e-01
    outer loop
      vertex   2.819562e+01 9.830029e+01 2.536399e+00
      vertex   2.904532e+01 9.854058e+01 2.952592e+00
      vertex   2.820687e+01 9.835414e+01 2.629675e+00
    endloop
  endfacet
  facet normal -1.421587e-14 -8.660254e-01 5.000000e-01
    outer loop
      vertex   2.820687e+01 9.835414e+01 2.629675e+00
      vertex   2.904532e+01 9.854058e+01 2.952592e+00
      vertex   2.823150e+01 9.840687e+01 2.720994e+00
    endloop
  endfacet
  facet normal 2.181982e-14 -8.660254e-01 5.000000e-01
    outer loop
      vertex   2.823150e+01 9.840687e+01 2.720994e+00
      vertex   2.904532e+01 9.854058e+01 2.952592e+00
      vertex   2.826420e+01 9.845891e+01 2.811135e+00
    endloop
  endfacet
  facet normal -9.738979e-15 -8.660254e-01 5.000000e-01
    outer loop
      vertex   2.826420e+01 9.845891e+01 2.811135e+00
      vertex   2.904532e+01 9.854058e+01 2.952592e+00
      vertex   2.834493e+01 9.854802e+01 2.965473e+00
    endloop
  endfacet
  facet normal -9.527706e-15 -8.660254e-01 5.000000e-01
    outer loop
      vertex   2.834493e+01 9.854802e+01 2.965473e+00
      vertex   2.904532e+01 9.854058e+01 2.952592e+00
      vertex   2.843691e+01 9.863374e+01 3.113956e+00
    endloop
  endfacet
  facet normal -3.882256e-14 -8.660254e-01 5.000000e-01
    outer loop
      vertex   2.843691e+01 9.863374e+01 3.113956e+00
      vertex   2.904532e+01 9.854058e+01 2.952592e+00
      vertex   2.854679e+01 9.871409e+01 3.253130e+00
    endloop
  endfacet
  facet normal -1.189571e-14 -8.660254e-01 5.000000e-01
    outer loop
      vertex   2.854679e+01 9.871409e+01 3.253130e+00
      vertex   2.904532e+01 9.854058e+01 2.952592e+00
      vertex   2.866697e+01 9.879135e+01 3.386941e+00
    endloop
  endfacet
  facet normal -7.539786e-14 -8.660254e-01 5.000000e-01
    outer loop
      vertex   2.866697e+01 9.879135e+01 3.386941e+00
      vertex   2.904532e+01 9.854058e+01 2.952592e+00
      vertex   2.885673e+01 9.889204e+01 3.561340e+00
    endloop
  endfacet
  facet normal 8.149054e-14 -8.660254e-01 5.000000e-01
    outer loop
      vertex   2.885673e+01 9.889204e+01 3.561340e+00
      vertex   2.904532e+01 9.854058e+01 2.952592e+00
      vertex   2.910399e+01 9.858433e+01 3.028368e+00
    endloop
  endfacet
  facet normal 1.894516e-13 -8.660254e-01 5.000000e-01
    outer loop
      vertex   2.885673e+01 9.889204e+01 3.561340e+00
      vertex   2.910399e+01 9.858433e+01 3.028368e+00
      vertex   2.916612e+01 9.862673e+01 3.101803e+00
    endloop
  endfacet
  facet normal -1.319916e-13 -8.660254e-01 5.000000e-01
    outer loop
      vertex   2.916612e+01 9.862673e+01 3.101803e+00
      vertex   2.923379e+01 9.866696e+01 3.171486e+00
      vertex   2.885673e+01 9.889204e+01 3.561340e+00
    endloop
  endfacet
  facet normal 7.428534e-14 -8.660254e-01 5.000000e-01
    outer loop
      vertex   2.885673e+01 9.889204e+01 3.561340e+00
      vertex   2.923379e+01 9.866696e+01 3.171486e+00
      vertex   2.905337e+01 9.898910e+01 3.729461e+00
    endloop
  endfacet
  facet normal -2.491048e-15 -8.660254e-01 5.000000e-01
    outer loop
      vertex   2.905337e+01 9.898910e+01 3.729461e+00
      vertex   2.923379e+01 9.866696e+01 3.171486e+00
      vertex   2.930468e+01 9.870593e+01 3.238995e+00
    endloop
  endfacet
  facet normal 1.774176e-14 -8.660254e-01 5.000000e-01
    outer loop
      vertex   2.905337e+01 9.898910e+01 3.729461e+00
      vertex   2.930468e+01 9.870593e+01 3.238995e+00
      vertex   2.926005e+01 9.908087e+01 3.888410e+00
    endloop
  endfacet
  facet normal 4.189647e-14 -8.660254e-01 5.000000e-01
    outer loop
      vertex   2.926005e+01 9.908087e+01 3.888410e+00
      vertex   2.930468e+01 9.870593e+01 3.238995e+00
      vertex   2.947671e+01 9.878776e+01 3.380727e+00
    endloop
  endfacet
  facet normal 5.501785e-15 -8.660254e-01 5.000000e-01
    outer loop
      vertex   2.926005e+01 9.908087e+01 3.888410e+00
      vertex   2.947671e+01 9.878776e+01 3.380727e+00
      vertex   2.965235e+01 9.886759e+01 3.518990e+00
    endloop
  endfacet
  facet normal -1.326419e-14 -8.660254e-01 5.000000e-01
    outer loop
      vertex   2.926005e+01 9.908087e+01 3.888410e+00
      vertex   2.965235e+01 9.886759e+01 3.518990e+00
      vertex   2.947224e+01 9.916974e+01 4.042333e+00
    endloop
  endfacet
  facet normal -5.098483e-14 -8.660254e-01 5.000000e-01
    outer loop
      vertex   2.947224e+01 9.916974e+01 4.042333e+00
      vertex   2.965235e+01 9.886759e+01 3.518990e+00
      vertex   2.983227e+01 9.894503e+01 3.653124e+00
    endloop
  endfacet
  facet normal 1.117253e-14 -8.660254e-01 5.000000e-01
    outer loop
      vertex   2.947224e+01 9.916974e+01 4.042333e+00
      vertex   2.983227e+01 9.894503e+01 3.653124e+00
      vertex   2.976715e+01 9.929194e+01 4.253997e+00
    endloop
  endfacet
  facet normal 1.031023e-13 -8.660254e-01 5.000000e-01
    outer loop
      vertex   2.976715e+01 9.929194e+01 4.253997e+00
      vertex   2.983227e+01 9.894503e+01 3.653124e+00
      vertex   3.001440e+01 9.902125e+01 3.785139e+00
    endloop
  endfacet
  facet normal 7.497884e-15 -8.660254e-01 5.000000e-01
    outer loop
      vertex   2.976715e+01 9.929194e+01 4.253997e+00
      vertex   3.001440e+01 9.902125e+01 3.785139e+00
      vertex   3.005266e+01 9.941895e+01 4.473978e+00
    endloop
  endfacet
  facet normal -8.254379e-15 -8.660254e-01 5.000000e-01
    outer loop
      vertex   3.005266e+01 9.941895e+01 4.473978e+00
      vertex   3.001440e+01 9.902125e+01 3.785139e+00
      vertex   3.026030e+01 9.912608e+01 3.966707e+00
    endloop
  endfacet
  facet normal -3.113789e-14 -8.660254e-01 5.000000e-01
    outer loop
      vertex   3.005266e+01 9.941895e+01 4.473978e+00
      vertex   3.026030e+01 9.912608e+01 3.966707e+00
      vertex   3.050150e+01 9.923341e+01 4.152611e+00
    endloop
  endfacet
  facet normal -2.294684e-14 -8.660254e-01 5.000000e-01
    outer loop
      vertex   3.005266e+01 9.941895e+01 4.473978e+00
      vertex   3.050150e+01 9.923341e+01 4.152611e+00
      vertex   3.032029e+01 9.955508e+01 4.709763e+00
    endloop
  endfacet
  facet normal -6.123952e-15 -8.660254e-01 5.000000e-01
    outer loop
      vertex   3.032029e+01 9.955508e+01 4.709763e+00
      vertex   3.050150e+01 9.923341e+01 4.152611e+00
      vertex   3.073381e+01 9.934546e+01 4.346686e+00
    endloop
  endfacet
  facet normal 2.816918e-15 -8.660254e-01 5.000000e-01
    outer loop
      vertex   3.032029e+01 9.955508e+01 4.709763e+00
      vertex   3.073381e+01 9.934546e+01 4.346686e+00
      vertex   3.057438e+01 9.969813e+01 4.957529e+00
    endloop
  endfacet
  facet normal 1.358345e-14 -8.660254e-01 5.000000e-01
    outer loop
      vertex   3.057438e+01 9.969813e+01 4.957529e+00
      vertex   3.073381e+01 9.934546e+01 4.346686e+00
      vertex   3.095956e+01 9.946100e+01 4.546806e+00
    endloop
  endfacet
  facet normal 1.200780e-13 -8.660254e-01 5.000000e-01
    outer loop
      vertex   3.057438e+01 9.969813e+01 4.957529e+00
      vertex   3.095956e+01 9.946100e+01 4.546806e+00
      vertex   3.068587e+01 9.978324e+01 5.104943e+00
    endloop
  endfacet
  facet normal 8.065307e-14 -8.660254e-01 5.000000e-01
    outer loop
      vertex   3.068587e+01 9.978324e+01 5.104943e+00
      vertex   3.095956e+01 9.946100e+01 4.546806e+00
      vertex   3.107872e+01 9.953174e+01 4.669331e+00
    endloop
  endfacet
  facet normal -1.275376e-13 -8.660254e-01 5.000000e-01
    outer loop
      vertex   3.068587e+01 9.978324e+01 5.104943e+00
      vertex   3.107872e+01 9.953174e+01 4.669331e+00
      vertex   3.077693e+01 9.987214e+01 5.258930e+00
    endloop
  endfacet
  facet normal -9.743507e-14 -8.660254e-01 5.000000e-01
    outer loop
      vertex   3.077693e+01 9.987214e+01 5.258930e+00
      vertex   3.107872e+01 9.953174e+01 4.669331e+00
      vertex   3.118921e+01 9.960535e+01 4.796824e+00
    endloop
  endfacet
  facet normal 1.507211e-13 -8.660254e-01 5.000000e-01
    outer loop
      vertex   3.077693e+01 9.987214e+01 5.258930e+00
      vertex   3.118921e+01 9.960535e+01 4.796824e+00
      vertex   3.128424e+01 9.968407e+01 4.933181e+00
    endloop
  endfacet
  facet normal 3.816155e-14 -8.660254e-01 5.000000e-01
    outer loop
      vertex   3.077693e+01 9.987214e+01 5.258930e+00
      vertex   3.128424e+01 9.968407e+01 4.933181e+00
      vertex   3.083127e+01 9.996787e+01 5.424726e+00
    endloop
  endfacet
  facet normal -8.497126e-14 -8.660254e-01 5.000000e-01
    outer loop
      vertex   3.083127e+01 9.996787e+01 5.424726e+00
      vertex   3.128424e+01 9.968407e+01 4.933181e+00
      vertex   3.136913e+01 9.976615e+01 5.075351e+00
    endloop
  endfacet
  facet normal 5.564808e-14 -8.660254e-01 5.000000e-01
    outer loop
      vertex   3.083127e+01 9.996787e+01 5.424726e+00
      vertex   3.136913e+01 9.976615e+01 5.075351e+00
      vertex   3.142041e+01 9.983778e+01 5.199403e+00
    endloop
  endfacet
  facet normal 8.582616e-14 -8.660254e-01 5.000000e-01
    outer loop
      vertex   3.083127e+01 9.996787e+01 5.424726e+00
      vertex   3.142041e+01 9.983778e+01 5.199403e+00
      vertex   3.086123e+01 1.000681e+02 5.598364e+00
    endloop
  endfacet
  facet normal 1.224935e-15 -8.660254e-01 5.000000e-01
    outer loop
      vertex   3.086123e+01 1.000681e+02 5.598364e+00
      vertex   3.142041e+01 9.983778e+01 5.199403e+00
      vertex   3.146060e+01 9.991055e+01 5.325446e+00
    endloop
  endfacet
  facet normal 2.685196e-14 -8.660254e-01 5.000000e-01
    outer loop
      vertex   3.086123e+01 1.000681e+02 5.598364e+00
      vertex   3.146060e+01 9.991055e+01 5.325446e+00
      vertex   3.148208e+01 9.998526e+01 5.454848e+00
    endloop
  endfacet
  facet normal -2.989274e-14 -8.660254e-01 5.000000e-01
    outer loop
      vertex   3.148208e+01 9.998526e+01 5.454848e+00
      vertex   3.149219e+01 1.000611e+02 5.586291e+00
      vertex   3.086123e+01 1.000681e+02 5.598364e+00
    endloop
  endfacet
  facet normal -2.721367e-14 -8.660254e-01 5.000000e-01
    outer loop
      vertex   3.086123e+01 1.000681e+02 5.598364e+00
      vertex   3.149219e+01 1.000611e+02 5.586291e+00
      vertex   3.146021e+01 1.002003e+02 5.827262e+00
    endloop
  endfacet
  facet normal -1.980802e-14 -8.660254e-01 5.000000e-01
    outer loop
      vertex   3.086123e+01 1.000681e+02 5.598364e+00
      vertex   3.146021e+01 1.002003e+02 5.827262e+00
      vertex   3.084098e+01 1.001546e+02 5.748104e+00
    endloop
  endfacet
  facet normal -3.128646e-14 -8.660254e-01 5.000000e-01
    outer loop
      vertex   3.084098e+01 1.001546e+02 5.748104e+00
      vertex   3.146021e+01 1.002003e+02 5.827262e+00
      vertex   3.138869e+01 1.003310e+02 6.053680e+00
    endloop
  endfacet
  facet normal -4.425694e-14 -8.660254e-01 5.000000e-01
    outer loop
      vertex   3.084098e+01 1.001546e+02 5.748104e+00
      vertex   3.138869e+01 1.003310e+02 6.053680e+00
      vertex   3.125091e+01 1.004476e+02 6.255713e+00
    endloop
  endfacet
  facet normal 1.076136e-13 -8.660254e-01 5.000000e-01
    outer loop
      vertex   3.084098e+01 1.001546e+02 5.748104e+00
      vertex   3.125091e+01 1.004476e+02 6.255713e+00
      vertex   3.079604e+01 1.002357e+02 5.888698e+00
    endloop
  endfacet
  facet normal 8.182325e-14 -8.660254e-01 5.000000e-01
    outer loop
      vertex   3.079604e+01 1.002357e+02 5.888698e+00
      vertex   3.125091e+01 1.004476e+02 6.255713e+00
      vertex   3.107315e+01 1.005558e+02 6.443036e+00
    endloop
  endfacet
  facet normal -1.416736e-13 -8.660254e-01 5.000000e-01
    outer loop
      vertex   3.079604e+01 1.002357e+02 5.888698e+00
      vertex   3.107315e+01 1.005558e+02 6.443036e+00
      vertex   3.070987e+01 1.003081e+02 6.014013e+00
    endloop
  endfacet
  facet normal -2.780634e-14 -8.660254e-01 5.000000e-01
    outer loop
      vertex   3.070987e+01 1.003081e+02 6.014013e+00
      vertex   3.107315e+01 1.005558e+02 6.443036e+00
      vertex   3.081696e+01 1.006449e+02 6.597421e+00
    endloop
  endfacet
  facet normal 1.724577e-13 -8.660254e-01 5.000000e-01
    outer loop
      vertex   3.070987e+01 1.003081e+02 6.014013e+00
      vertex   3.081696e+01 1.006449e+02 6.597421e+00
      vertex   3.059890e+01 1.003751e+02 6.130138e+00
    endloop
  endfacet
  facet normal 5.277627e-14 -8.660254e-01 5.000000e-01
    outer loop
      vertex   3.059890e+01 1.003751e+02 6.130138e+00
      vertex   3.081696e+01 1.006449e+02 6.597421e+00
      vertex   3.054447e+01 1.007117e+02 6.713053e+00
    endloop
  endfacet
  facet normal -1.387323e-13 -8.660254e-01 5.000000e-01
    outer loop
      vertex   3.059890e+01 1.003751e+02 6.130138e+00
      vertex   3.054447e+01 1.007117e+02 6.713053e+00
      vertex   3.044741e+01 1.004305e+02 6.226038e+00
    endloop
  endfacet
  facet normal 3.715049e-14 -8.660254e-01 5.000000e-01
    outer loop
      vertex   3.044741e+01 1.004305e+02 6.226038e+00
      vertex   3.054447e+01 1.007117e+02 6.713053e+00
      vertex   3.028571e+01 1.004725e+02 6.298765e+00
    endloop
  endfacet
  facet normal -9.364042e-15 -8.660254e-01 5.000000e-01
    outer loop
      vertex   3.028571e+01 1.004725e+02 6.298765e+00
      vertex   3.054447e+01 1.007117e+02 6.713053e+00
      vertex   3.024655e+01 1.007435e+02 6.768251e+00
    endloop
  endfacet
  facet normal -1.270842e-13 -8.660254e-01 5.000000e-01
    outer loop
      vertex   3.028571e+01 1.004725e+02 6.298765e+00
      vertex   3.024655e+01 1.007435e+02 6.768251e+00
      vertex   3.010771e+01 1.004932e+02 6.334547e+00
    endloop
  endfacet
  facet normal 6.562033e-15 -8.660254e-01 5.000000e-01
    outer loop
      vertex   3.010771e+01 1.004932e+02 6.334547e+00
      vertex   3.024655e+01 1.007435e+02 6.768251e+00
      vertex   2.993418e+01 1.007556e+02 6.789087e+00
    endloop
  endfacet
  facet normal 1.838657e-13 -8.660254e-01 5.000000e-01
    outer loop
      vertex   3.010771e+01 1.004932e+02 6.334547e+00
      vertex   2.993418e+01 1.007556e+02 6.789087e+00
      vertex   2.992030e+01 1.005015e+02 6.348991e+00
    endloop
  endfacet
  facet normal -1.751709e-13 -8.660254e-01 5.000000e-01
    outer loop
      vertex   2.992030e+01 1.005015e+02 6.348991e+00
      vertex   2.993418e+01 1.007556e+02 6.789087e+00
      vertex   2.972388e+01 1.004930e+02 6.334255e+00
    endloop
  endfacet
  facet normal 4.924137e-14 -8.660254e-01 5.000000e-01
    outer loop
      vertex   2.972388e+01 1.004930e+02 6.334255e+00
      vertex   2.993418e+01 1.007556e+02 6.789087e+00
      vertex   2.962599e+01 1.007448e+02 6.770349e+00
    endloop
  endfacet
  facet normal 1.358821e-13 -8.660254e-01 5.000000e-01
    outer loop
      vertex   2.972388e+01 1.004930e+02 6.334255e+00
      vertex   2.962599e+01 1.007448e+02 6.770349e+00
      vertex   2.953751e+01 1.004714e+02 6.296919e+00
    endloop
  endfacet
  facet normal -5.551614e-14 -8.660254e-01 5.000000e-01
    outer loop
      vertex   2.953751e+01 1.004714e+02 6.296919e+00
      vertex   2.962599e+01 1.007448e+02 6.770349e+00
      vertex   2.933043e+01 1.007154e+02 6.719456e+00
    endloop
  endfacet
  facet normal -5.789373e-15 -8.660254e-01 5.000000e-01
    outer loop
      vertex   2.953751e+01 1.004714e+02 6.296919e+00
      vertex   2.933043e+01 1.007154e+02 6.719456e+00
      vertex   2.936862e+01 1.004272e+02 6.220293e+00
    endloop
  endfacet
  facet normal 1.107866e-14 -8.660254e-01 5.000000e-01
    outer loop
      vertex   2.936862e+01 1.004272e+02 6.220293e+00
      vertex   2.933043e+01 1.007154e+02 6.719456e+00
      vertex   2.905716e+01 1.006532e+02 6.611816e+00
    endloop
  endfacet
  facet normal 3.858486e-14 -8.660254e-01 5.000000e-01
    outer loop
      vertex   2.936862e+01 1.004272e+02 6.220293e+00
      vertex   2.905716e+01 1.006532e+02 6.611816e+00
      vertex   2.921076e+01 1.003686e+02 6.118893e+00
    endloop
  endfacet
  facet normal -1.217974e-14 -8.660254e-01 5.000000e-01
    outer loop
      vertex   2.921076e+01 1.003686e+02 6.118893e+00
      vertex   2.905716e+01 1.006532e+02 6.611816e+00
      vertex   2.879826e+01 1.005700e+02 6.467599e+00
    endloop
  endfacet
  facet normal -3.688606e-14 -8.660254e-01 5.000000e-01
    outer loop
      vertex   2.921076e+01 1.003686e+02 6.118893e+00
      vertex   2.879826e+01 1.005700e+02 6.467599e+00
      vertex   2.909135e+01 1.002865e+02 5.976553e+00
    endloop
  endfacet
  facet normal 8.932963e-15 -8.660254e-01 5.000000e-01
    outer loop
      vertex   2.909135e+01 1.002865e+02 5.976553e+00
      vertex   2.879826e+01 1.005700e+02 6.467599e+00
      vertex   2.860220e+01 1.004531e+02 6.265178e+00
    endloop
  endfacet
  facet normal 5.714970e-14 -8.660254e-01 5.000000e-01
    outer loop
      vertex   2.909135e+01 1.002865e+02 5.976553e+00
      vertex   2.860220e+01 1.004531e+02 6.265178e+00
      vertex   2.900166e+01 1.001986e+02 5.824415e+00
    endloop
  endfacet
  facet normal -3.929388e-14 -8.660254e-01 5.000000e-01
    outer loop
      vertex   2.900166e+01 1.001986e+02 5.824415e+00
      vertex   2.860220e+01 1.004531e+02 6.265178e+00
      vertex   2.844855e+01 1.003263e+02 6.045489e+00
    endloop
  endfacet
  facet normal -2.693055e-14 -8.660254e-01 5.000000e-01
    outer loop
      vertex   2.900166e+01 1.001986e+02 5.824415e+00
      vertex   2.844855e+01 1.003263e+02 6.045489e+00
      vertex   2.895819e+01 1.001020e+02 5.657035e+00
    endloop
  endfacet
  facet normal -9.600661e-15 -8.660254e-01 5.000000e-01
    outer loop
      vertex   2.895819e+01 1.001020e+02 5.657035e+00
      vertex   2.844855e+01 1.003263e+02 6.045489e+00
      vertex   2.836066e+01 1.001840e+02 5.799021e+00
    endloop
  endfacet
  facet normal -3.685854e-14 -8.660254e-01 5.000000e-01
    outer loop
      vertex   2.895819e+01 1.001020e+02 5.657035e+00
      vertex   2.836066e+01 1.001840e+02 5.799021e+00
      vertex   2.894097e+01 1.000004e+02 5.481004e+00
    endloop
  endfacet
  facet normal -1.883921e-14 -8.660254e-01 5.000000e-01
    outer loop
      vertex   2.894097e+01 1.000004e+02 5.481004e+00
      vertex   2.836066e+01 1.001840e+02 5.799021e+00
      vertex   2.831003e+01 1.000329e+02 5.537383e+00
    endloop
  endfacet
  facet normal -4.800001e-03 -4.999942e-01 -8.660154e-01
    outer loop
      vertex   3.044428e+01 5.152320e+01 7.442109e+00
      vertex   3.004865e+01 5.152415e+01 7.443754e+00
      vertex   3.044428e+01 5.325525e+01 6.442109e+00
    endloop
  endfacet
  facet normal -4.800001e-03 -4.999942e-01 -8.660154e-01
    outer loop
      vertex   3.044428e+01 5.325525e+01 6.442109e+00
      vertex   3.004865e+01 5.152415e+01 7.443754e+00
      vertex   3.004865e+01 5.325620e+01 6.443754e+00
    endloop
  endfacet
  facet normal 8.487143e-01 -2.644258e-01 -4.579990e-01
    outer loop
      vertex   3.004865e+01 5.152415e+01 7.443754e+00
      vertex   2.993368e+01 5.143190e+01 7.283974e+00
      vertex   3.004865e+01 5.325620e+01 6.443754e+00
    endloop
  endfacet
  facet normal 8.487143e-01 -2.644258e-01 -4.579990e-01
    outer loop
      vertex   3.004865e+01 5.325620e+01 6.443754e+00
      vertex   2.993368e+01 5.143190e+01 7.283974e+00
      vertex   2.993368e+01 5.316395e+01 6.283974e+00
    endloop
  endfacet
  facet normal 8.054757e-01 -2.963144e-01 -5.132316e-01
    outer loop
      vertex   2.993368e+01 5.316395e+01 6.283974e+00
      vertex   2.993368e+01 5.143190e+01 7.283974e+00
      vertex   2.980570e+01 5.134493e+01 7.133328e+00
    endloop
  endfacet
  facet normal 8.054757e-01 -2.963144e-01 -5.132316e-01
    outer loop
      vertex   2.993368e+01 5.316395e+01 6.283974e+00
      vertex   2.980570e+01 5.134493e+01 7.133328e+00
      vertex   2.980570e+01 5.307698e+01 6.133328e+00
    endloop
  endfacet
  facet normal 7.311125e-01 -3.411284e-01 -5.908518e-01
    outer loop
      vertex   2.980570e+01 5.307698e+01 6.133328e+00
      vertex   2.980570e+01 5.134493e+01 7.133328e+00
      vertex   2.965816e+01 5.126587e+01 6.996402e+00
    endloop
  endfacet
  facet normal 7.311125e-01 -3.411284e-01 -5.908518e-01
    outer loop
      vertex   2.980570e+01 5.307698e+01 6.133328e+00
      vertex   2.965816e+01 5.126587e+01 6.996402e+00
      vertex   2.965816e+01 5.299792e+01 5.996402e+00
    endloop
  endfacet
  facet normal 6.858683e-01 -3.638629e-01 -6.302290e-01
    outer loop
      vertex   2.965816e+01 5.299792e+01 5.996402e+00
      vertex   2.965816e+01 5.126587e+01 6.996402e+00
      vertex   2.949974e+01 5.119122e+01 6.867103e+00
    endloop
  endfacet
  facet normal 6.858683e-01 -3.638629e-01 -6.302290e-01
    outer loop
      vertex   2.965816e+01 5.299792e+01 5.996402e+00
      vertex   2.949974e+01 5.119122e+01 6.867103e+00
      vertex   2.949974e+01 5.292327e+01 5.867103e+00
    endloop
  endfacet
  facet normal 6.234479e-01 -3.909324e-01 -6.771148e-01
    outer loop
      vertex   2.949974e+01 5.119122e+01 6.867103e+00
      vertex   2.928866e+01 5.110706e+01 6.721337e+00
      vertex   2.949974e+01 5.292327e+01 5.867103e+00
    endloop
  endfacet
  facet normal 6.234479e-01 -3.909324e-01 -6.771148e-01
    outer loop
      vertex   2.949974e+01 5.292327e+01 5.867103e+00
      vertex   2.928866e+01 5.110706e+01 6.721337e+00
      vertex   2.928866e+01 5.283911e+01 5.721337e+00
    endloop
  endfacet
  facet normal 5.789494e-01 -4.076817e-01 -7.061255e-01
    outer loop
      vertex   2.928866e+01 5.283911e+01 5.721337e+00
      vertex   2.928866e+01 5.110706e+01 6.721337e+00
      vertex   2.906940e+01 5.102922e+01 6.586509e+00
    endloop
  endfacet
  facet normal 5.789494e-01 -4.076817e-01 -7.061255e-01
    outer loop
      vertex   2.928866e+01 5.283911e+01 5.721337e+00
      vertex   2.906940e+01 5.102922e+01 6.586509e+00
      vertex   2.906940e+01 5.276127e+01 5.586509e+00
    endloop
  endfacet
  facet normal 5.025249e-01 -4.322814e-01 -7.487333e-01
    outer loop
      vertex   2.906940e+01 5.276127e+01 5.586509e+00
      vertex   2.906940e+01 5.102922e+01 6.586509e+00
      vertex   2.883685e+01 5.096164e+01 6.469453e+00
    endloop
  endfacet
  facet normal 5.025249e-01 -4.322814e-01 -7.487333e-01
    outer loop
      vertex   2.906940e+01 5.276127e+01 5.586509e+00
      vertex   2.883685e+01 5.096164e+01 6.469453e+00
      vertex   2.883685e+01 5.269369e+01 5.469453e+00
    endloop
  endfacet
  facet normal 4.559950e-01 -4.449912e-01 -7.707473e-01
    outer loop
      vertex   2.883685e+01 5.269369e+01 5.469453e+00
      vertex   2.883685e+01 5.096164e+01 6.469453e+00
      vertex   2.859653e+01 5.090007e+01 6.362815e+00
    endloop
  endfacet
  facet normal 4.559950e-01 -4.449912e-01 -7.707473e-01
    outer loop
      vertex   2.883685e+01 5.269369e+01 5.469453e+00
      vertex   2.859653e+01 5.090007e+01 6.362815e+00
      vertex   2.859653e+01 5.263212e+01 5.362815e+00
    endloop
  endfacet
  facet normal 9.999885e-01 -2.400000e-03 -4.156923e-03
    outer loop
      vertex   2.859653e+01 5.090007e+01 6.362815e+00
      vertex   2.859368e+01 5.060335e+01 5.848877e+00
      vertex   2.859653e+01 5.263212e+01 5.362815e+00
    endloop
  endfacet
  facet normal 9.999885e-01 -2.400000e-03 -4.156923e-03
    outer loop
      vertex   2.859653e+01 5.263212e+01 5.362815e+00
      vertex   2.859368e+01 5.060335e+01 5.848877e+00
      vertex   2.859368e+01 5.233540e+01 4.848877e+00
    endloop
  endfacet
  facet normal -3.805747e-01 4.623751e-01 8.008571e-01
    outer loop
      vertex   2.859368e+01 5.060335e+01 5.848877e+00
      vertex   2.876005e+01 5.063758e+01 5.908174e+00
      vertex   2.859368e+01 5.233540e+01 4.848877e+00
    endloop
  endfacet
  facet normal -3.805747e-01 4.623751e-01 8.008571e-01
    outer loop
      vertex   2.859368e+01 5.233540e+01 4.848877e+00
      vertex   2.876005e+01 5.063758e+01 5.908174e+00
      vertex   2.876005e+01 5.236963e+01 4.908174e+00
    endloop
  endfacet
  facet normal -4.135011e-01 4.552518e-01 7.885193e-01
    outer loop
      vertex   2.876005e+01 5.236963e+01 4.908174e+00
      vertex   2.876005e+01 5.063758e+01 5.908174e+00
      vertex   2.892363e+01 5.067473e+01 5.972508e+00
    endloop
  endfacet
  facet normal -4.135011e-01 4.552518e-01 7.885193e-01
    outer loop
      vertex   2.876005e+01 5.236963e+01 4.908174e+00
      vertex   2.892363e+01 5.067473e+01 5.972508e+00
      vertex   2.892363e+01 5.240678e+01 4.972508e+00
    endloop
  endfacet
  facet normal -4.628502e-01 4.432183e-01 7.676765e-01
    outer loop
      vertex   2.892363e+01 5.240678e+01 4.972508e+00
      vertex   2.892363e+01 5.067473e+01 5.972508e+00
      vertex   2.908292e+01 5.071631e+01 6.044538e+00
    endloop
  endfacet
  facet normal -4.628502e-01 4.432183e-01 7.676765e-01
    outer loop
      vertex   2.892363e+01 5.240678e+01 4.972508e+00
      vertex   2.908292e+01 5.071631e+01 6.044538e+00
      vertex   2.908292e+01 5.244836e+01 5.044538e+00
    endloop
  endfacet
  facet normal -4.898948e-01 4.358908e-01 7.549850e-01
    outer loop
      vertex   2.908292e+01 5.244836e+01 5.044538e+00
      vertex   2.908292e+01 5.071631e+01 6.044538e+00
      vertex   2.923980e+01 5.076039e+01 6.120888e+00
    endloop
  endfacet
  facet normal -4.898948e-01 4.358908e-01 7.549850e-01
    outer loop
      vertex   2.908292e+01 5.244836e+01 5.044538e+00
      vertex   2.923980e+01 5.076039e+01 6.120888e+00
      vertex   2.923980e+01 5.249244e+01 5.120888e+00
    endloop
  endfacet
  facet normal -5.190032e-01 4.273861e-01 7.402545e-01
    outer loop
      vertex   2.923980e+01 5.076039e+01 6.120888e+00
      vertex   2.939426e+01 5.080729e+01 6.202108e+00
      vertex   2.923980e+01 5.249244e+01 5.120888e+00
    endloop
  endfacet
  facet normal -5.190032e-01 4.273861e-01 7.402545e-01
    outer loop
      vertex   2.923980e+01 5.249244e+01 5.120888e+00
      vertex   2.939426e+01 5.080729e+01 6.202108e+00
      vertex   2.939426e+01 5.253934e+01 5.202108e+00
    endloop
  endfacet
  facet normal -5.525334e-01 4.167454e-01 7.218242e-01
    outer loop
      vertex   2.939426e+01 5.253934e+01 5.202108e+00
      vertex   2.939426e+01 5.080729e+01 6.202108e+00
      vertex   2.954451e+01 5.085709e+01 6.288364e+00
    endloop
  endfacet
  facet normal -5.525334e-01 4.167454e-01 7.218242e-01
    outer loop
      vertex   2.939426e+01 5.253934e+01 5.202108e+00
      vertex   2.954451e+01 5.085709e+01 6.288364e+00
      vertex   2.954451e+01 5.258914e+01 5.288364e+00
    endloop
  endfacet
  facet normal -6.103185e-01 3.960781e-01 6.860273e-01
    outer loop
      vertex   2.954451e+01 5.258914e+01 5.288364e+00
      vertex   2.954451e+01 5.085709e+01 6.288364e+00
      vertex   2.968724e+01 5.091207e+01 6.383599e+00
    endloop
  endfacet
  facet normal -6.103185e-01 3.960781e-01 6.860273e-01
    outer loop
      vertex   2.954451e+01 5.258914e+01 5.288364e+00
      vertex   2.968724e+01 5.091207e+01 6.383599e+00
      vertex   2.968724e+01 5.264412e+01 5.383599e+00
    endloop
  endfacet
  facet normal -6.464468e-01 3.814795e-01 6.607420e-01
    outer loop
      vertex   2.968724e+01 5.264412e+01 5.383599e+00
      vertex   2.968724e+01 5.091207e+01 6.383599e+00
      vertex   2.982505e+01 5.097045e+01 6.484719e+00
    endloop
  endfacet
  facet normal -6.464468e-01 3.814795e-01 6.607420e-01
    outer loop
      vertex   2.968724e+01 5.264412e+01 5.383599e+00
      vertex   2.982505e+01 5.097045e+01 6.484719e+00
      vertex   2.982505e+01 5.270250e+01 5.484719e+00
    endloop
  endfacet
  facet normal 9.999885e-01 -2.400000e-03 -4.156923e-03
    outer loop
      vertex   2.982505e+01 5.097045e+01 6.484719e+00
      vertex   2.980627e+01 4.901447e+01 3.096862e+00
      vertex   2.982505e+01 5.270250e+01 5.484719e+00
    endloop
  endfacet
  facet normal 9.999885e-01 -2.400000e-03 -4.156923e-03
    outer loop
      vertex   2.982505e+01 5.270250e+01 5.484719e+00
      vertex   2.980627e+01 4.901447e+01 3.096862e+00
      vertex   2.980627e+01 5.074652e+01 2.096862e+00
    endloop
  endfacet
  facet normal 4.800001e-03 4.999942e-01 8.660154e-01
    outer loop
      vertex   2.980627e+01 4.901447e+01 3.096862e+00
      vertex   3.042018e+01 4.901300e+01 3.094310e+00
      vertex   2.980627e+01 5.074652e+01 2.096862e+00
    endloop
  endfacet
  facet normal 4.800001e-03 4.999942e-01 8.660154e-01
    outer loop
      vertex   2.980627e+01 5.074652e+01 2.096862e+00
      vertex   3.042018e+01 4.901300e+01 3.094310e+00
      vertex   3.042018e+01 5.074505e+01 2.094310e+00
    endloop
  endfacet
  facet normal -9.999885e-01 2.400000e-03 4.156923e-03
    outer loop
      vertex   3.042018e+01 4.901300e+01 3.094310e+00
      vertex   3.044428e+01 5.152320e+01 7.442109e+00
      vertex   3.042018e+01 5.074505e+01 2.094310e+00
    endloop
  endfacet
  facet normal -9.999885e-01 2.400000e-03 4.156923e-03
    outer loop
      vertex   3.042018e+01 5.074505e+01 2.094310e+00
      vertex   3.044428e+01 5.152320e+01 7.442109e+00
      vertex   3.044428e+01 5.325525e+01 6.442109e+00
    endloop
  endfacet
  facet normal -9.798739e-16 -8.660254e-01 5.000000e-01
    outer loop
      vertex   2.980627e+01 5.074652e+01 2.096862e+00
      vertex   3.042018e+01 5.074505e+01 2.094310e+00
      vertex   2.982505e+01 5.270250e+01 5.484719e+00
    endloop
  endfacet
  facet normal -7.293308e-15 -8.660254e-01 5.000000e-01
    outer loop
      vertex   2.982505e+01 5.270250e+01 5.484719e+00
      vertex   3.042018e+01 5.074505e+01 2.094310e+00
      vertex   3.044428e+01 5.325525e+01 6.442109e+00
    endloop
  endfacet
  facet normal 1.932244e-15 -8.660254e-01 5.000000e-01
    outer loop
      vertex   2.982505e+01 5.270250e+01 5.484719e+00
      vertex   3.044428e+01 5.325525e+01 6.442109e+00
      vertex   3.004865e+01 5.325620e+01 6.443754e+00
    endloop
  endfacet
  facet normal -1.009666e-13 -8.660254e-01 5.000000e-01
    outer loop
      vertex   3.004865e+01 5.325620e+01 6.443754e+00
      vertex   2.993368e+01 5.316395e+01 6.283974e+00
      vertex   2.982505e+01 5.270250e+01 5.484719e+00
    endloop
  endfacet
  facet normal -4.796208e-14 -8.660254e-01 5.000000e-01
    outer loop
      vertex   2.982505e+01 5.270250e+01 5.484719e+00
      vertex   2.993368e+01 5.316395e+01 6.283974e+00
      vertex   2.980570e+01 5.307698e+01 6.133328e+00
    endloop
  endfacet
  facet normal 1.550321e-14 -8.660254e-01 5.000000e-01
    outer loop
      vertex   2.982505e+01 5.270250e+01 5.484719e+00
      vertex   2.980570e+01 5.307698e+01 6.133328e+00
      vertex   2.965816e+01 5.299792e+01 5.996402e+00
    endloop
  endfacet
  facet normal -2.811369e-14 -8.660254e-01 5.000000e-01
    outer loop
      vertex   2.982505e+01 5.270250e+01 5.484719e+00
      vertex   2.965816e+01 5.299792e+01 5.996402e+00
      vertex   2.968724e+01 5.264412e+01 5.383599e+00
    endloop
  endfacet
  facet normal 5.125711e-14 -8.660254e-01 5.000000e-01
    outer loop
      vertex   2.968724e+01 5.264412e+01 5.383599e+00
      vertex   2.965816e+01 5.299792e+01 5.996402e+00
      vertex   2.949974e+01 5.292327e+01 5.867103e+00
    endloop
  endfacet
  facet normal 1.441117e-14 -8.660254e-01 5.000000e-01
    outer loop
      vertex   2.968724e+01 5.264412e+01 5.383599e+00
      vertex   2.949974e+01 5.292327e+01 5.867103e+00
      vertex   2.954451e+01 5.258914e+01 5.288364e+00
    endloop
  endfacet
  facet normal -5.495319e-14 -8.660254e-01 5.000000e-01
    outer loop
      vertex   2.954451e+01 5.258914e+01 5.288364e+00
      vertex   2.949974e+01 5.292327e+01 5.867103e+00
      vertex   2.939426e+01 5.253934e+01 5.202108e+00
    endloop
  endfacet
  facet normal -2.789491e-14 -8.660254e-01 5.000000e-01
    outer loop
      vertex   2.939426e+01 5.253934e+01 5.202108e+00
      vertex   2.949974e+01 5.292327e+01 5.867103e+00
      vertex   2.928866e+01 5.283911e+01 5.721337e+00
    endloop
  endfacet
  facet normal 1.058769e-13 -8.660254e-01 5.000000e-01
    outer loop
      vertex   2.939426e+01 5.253934e+01 5.202108e+00
      vertex   2.928866e+01 5.283911e+01 5.721337e+00
      vertex   2.923980e+01 5.249244e+01 5.120888e+00
    endloop
  endfacet
  facet normal 2.592090e-14 -8.660254e-01 5.000000e-01
    outer loop
      vertex   2.923980e+01 5.249244e+01 5.120888e+00
      vertex   2.928866e+01 5.283911e+01 5.721337e+00
      vertex   2.906940e+01 5.276127e+01 5.586509e+00
    endloop
  endfacet
  facet normal -1.848438e-14 -8.660254e-01 5.000000e-01
    outer loop
      vertex   2.923980e+01 5.249244e+01 5.120888e+00
      vertex   2.906940e+01 5.276127e+01 5.586509e+00
      vertex   2.908292e+01 5.244836e+01 5.044538e+00
    endloop
  endfacet
  facet normal -1.423065e-14 -8.660254e-01 5.000000e-01
    outer loop
      vertex   2.908292e+01 5.244836e+01 5.044538e+00
      vertex   2.906940e+01 5.276127e+01 5.586509e+00
      vertex   2.892363e+01 5.240678e+01 4.972508e+00
    endloop
  endfacet
  facet normal -1.621271e-14 -8.660254e-01 5.000000e-01
    outer loop
      vertex   2.892363e+01 5.240678e+01 4.972508e+00
      vertex   2.906940e+01 5.276127e+01 5.586509e+00
      vertex   2.883685e+01 5.269369e+01 5.469453e+00
    endloop
  endfacet
  facet normal -1.456457e-15 -8.660254e-01 5.000000e-01
    outer loop
      vertex   2.892363e+01 5.240678e+01 4.972508e+00
      vertex   2.883685e+01 5.269369e+01 5.469453e+00
      vertex   2.876005e+01 5.236963e+01 4.908174e+00
    endloop
  endfacet
  facet normal 1.648602e-14 -8.660254e-01 5.000000e-01
    outer loop
      vertex   2.876005e+01 5.236963e+01 4.908174e+00
      vertex   2.883685e+01 5.269369e+01 5.469453e+00
      vertex   2.859653e+01 5.263212e+01 5.362815e+00
    endloop
  endfacet
  facet normal 2.119432e-14 -8.660254e-01 5.000000e-01
    outer loop
      vertex   2.876005e+01 5.236963e+01 4.908174e+00
      vertex   2.859653e+01 5.263212e+01 5.362815e+00
      vertex   2.859368e+01 5.233540e+01 4.848877e+00
    endloop
  endfacet
  facet normal 4.310030e-04 5.000000e-01 8.660253e-01
    outer loop
      vertex   1.705369e+02 3.812258e+00 7.076744e+00
      vertex   1.715874e+02 3.812031e+00 7.076352e+00
      vertex   1.705369e+02 5.544308e+00 6.076744e+00
    endloop
  endfacet
  facet normal 4.310030e-04 5.000000e-01 8.660253e-01
    outer loop
      vertex   1.705369e+02 5.544308e+00 6.076744e+00
      vertex   1.715874e+02 3.812031e+00 7.076352e+00
      vertex   1.715874e+02 5.544082e+00 6.076352e+00
    endloop
  endfacet
  facet normal 1.054777e-02 4.999722e-01 8.659772e-01
    outer loop
      vertex   1.715874e+02 3.812031e+00 7.076352e+00
      vertex   1.718045e+02 3.810886e+00 7.074368e+00
      vertex   1.715874e+02 5.544082e+00 6.076352e+00
    endloop
  endfacet
  facet normal 1.054777e-02 4.999722e-01 8.659772e-01
    outer loop
      vertex   1.715874e+02 5.544082e+00 6.076352e+00
      vertex   1.718045e+02 3.810886e+00 7.074368e+00
      vertex   1.718045e+02 5.542937e+00 6.074368e+00
    endloop
  endfacet
  facet normal 6.339370e-02 4.989943e-01 8.642835e-01
    outer loop
      vertex   1.718045e+02 5.542937e+00 6.074368e+00
      vertex   1.718045e+02 3.810886e+00 7.074368e+00
      vertex   1.720202e+02 3.804037e+00 7.062507e+00
    endloop
  endfacet
  facet normal 6.339370e-02 4.989943e-01 8.642835e-01
    outer loop
      vertex   1.718045e+02 5.542937e+00 6.074368e+00
      vertex   1.720202e+02 3.804037e+00 7.062507e+00
      vertex   1.720202e+02 5.536088e+00 6.062507e+00
    endloop
  endfacet
  facet normal 1.636111e-01 4.932625e-01 8.543556e-01
    outer loop
      vertex   1.720202e+02 5.536088e+00 6.062507e+00
      vertex   1.720202e+02 3.804037e+00 7.062507e+00
      vertex   1.722329e+02 3.786399e+00 7.031956e+00
    endloop
  endfacet
  facet normal 1.636111e-01 4.932625e-01 8.543556e-01
    outer loop
      vertex   1.720202e+02 5.536088e+00 6.062507e+00
      vertex   1.722329e+02 3.786399e+00 7.031956e+00
      vertex   1.722329e+02 5.518450e+00 6.031956e+00
    endloop
  endfacet
  facet normal 2.372866e-01 4.857198e-01 8.412915e-01
    outer loop
      vertex   1.722329e+02 5.518450e+00 6.031956e+00
      vertex   1.722329e+02 3.786399e+00 7.031956e+00
      vertex   1.724434e+02 3.760687e+00 6.987422e+00
    endloop
  endfacet
  facet normal 2.372866e-01 4.857198e-01 8.412915e-01
    outer loop
      vertex   1.722329e+02 5.518450e+00 6.031956e+00
      vertex   1.724434e+02 3.760687e+00 6.987422e+00
      vertex   1.724434e+02 5.492738e+00 5.987422e+00
    endloop
  endfacet
  facet normal 4.842975e-01 4.374517e-01 7.576886e-01
    outer loop
      vertex   1.724434e+02 3.760687e+00 6.987422e+00
      vertex   1.726323e+02 3.708400e+00 6.896857e+00
      vertex   1.724434e+02 5.492738e+00 5.987422e+00
    endloop
  endfacet
  facet normal 4.842975e-01 4.374517e-01 7.576886e-01
    outer loop
      vertex   1.724434e+02 5.492738e+00 5.987422e+00
      vertex   1.726323e+02 3.708400e+00 6.896857e+00
      vertex   1.726323e+02 5.440451e+00 5.896857e+00
    endloop
  endfacet
  facet normal 5.943495e-01 4.021034e-01 6.964635e-01
    outer loop
      vertex   1.726323e+02 5.440451e+00 5.896857e+00
      vertex   1.726323e+02 3.708400e+00 6.896857e+00
      vertex   1.728024e+02 3.645540e+00 6.787981e+00
    endloop
  endfacet
  facet normal 5.943495e-01 4.021034e-01 6.964635e-01
    outer loop
      vertex   1.726323e+02 5.440451e+00 5.896857e+00
      vertex   1.728024e+02 3.645540e+00 6.787981e+00
      vertex   1.728024e+02 5.377591e+00 5.787981e+00
    endloop
  endfacet
  facet normal 7.480794e-01 3.318046e-01 5.747025e-01
    outer loop
      vertex   1.728024e+02 5.377591e+00 5.787981e+00
      vertex   1.728024e+02 3.645540e+00 6.787981e+00
      vertex   1.729432e+02 3.566192e+00 6.650546e+00
    endloop
  endfacet
  facet normal 7.480794e-01 3.318046e-01 5.747025e-01
    outer loop
      vertex   1.728024e+02 5.377591e+00 5.787981e+00
      vertex   1.729432e+02 3.566192e+00 6.650546e+00
      vertex   1.729432e+02 5.298243e+00 5.650546e+00
    endloop
  endfacet
  facet normal 8.194771e-01 2.865559e-01 4.963294e-01
    outer loop
      vertex   1.729432e+02 5.298243e+00 5.650546e+00
      vertex   1.729432e+02 3.566192e+00 6.650546e+00
      vertex   1.730673e+02 3.477469e+00 6.496874e+00
    endloop
  endfacet
  facet normal 8.194771e-01 2.865559e-01 4.963294e-01
    outer loop
      vertex   1.729432e+02 5.298243e+00 5.650546e+00
      vertex   1.730673e+02 3.477469e+00 6.496874e+00
      vertex   1.730673e+02 5.209520e+00 5.496874e+00
    endloop
  endfacet
  facet normal 9.199674e-01 1.959974e-01 3.394775e-01
    outer loop
      vertex   1.730673e+02 3.477469e+00 6.496874e+00
      vertex   1.731898e+02 3.333675e+00 6.247816e+00
      vertex   1.730673e+02 5.209520e+00 5.496874e+00
    endloop
  endfacet
  facet normal 9.199674e-01 1.959974e-01 3.394775e-01
    outer loop
      vertex   1.730673e+02 5.209520e+00 5.496874e+00
      vertex   1.731898e+02 3.333675e+00 6.247816e+00
      vertex   1.731898e+02 5.065726e+00 5.247816e+00
    endloop
  endfacet
  facet normal 9.585383e-01 1.424819e-01 2.467859e-01
    outer loop
      vertex   1.731898e+02 5.065726e+00 5.247816e+00
      vertex   1.731898e+02 3.333675e+00 6.247816e+00
      vertex   1.732777e+02 3.185860e+00 5.991793e+00
    endloop
  endfacet
  facet normal 9.585383e-01 1.424819e-01 2.467859e-01
    outer loop
      vertex   1.731898e+02 5.065726e+00 5.247816e+00
      vertex   1.732777e+02 3.185860e+00 5.991793e+00
      vertex   1.732777e+02 4.917911e+00 4.991793e+00
    endloop
  endfacet
  facet normal 9.925222e-01 6.103208e-02 1.057107e-01
    outer loop
      vertex   1.732777e+02 4.917911e+00 4.991793e+00
      vertex   1.732777e+02 3.185860e+00 5.991793e+00
      vertex   1.733155e+02 3.032233e+00 5.725701e+00
    endloop
  endfacet
  facet normal 9.925222e-01 6.103208e-02 1.057107e-01
    outer loop
      vertex   1.732777e+02 4.917911e+00 4.991793e+00
      vertex   1.733155e+02 3.032233e+00 5.725701e+00
      vertex   1.733155e+02 4.764283e+00 4.725701e+00
    endloop
  endfacet
  facet normal 9.994427e-01 1.669089e-02 2.890948e-02
    outer loop
      vertex   1.733155e+02 4.764283e+00 4.725701e+00
      vertex   1.733155e+02 3.032233e+00 5.725701e+00
      vertex   1.733260e+02 2.875435e+00 5.454121e+00
    endloop
  endfacet
  facet normal 9.994427e-01 1.669089e-02 2.890948e-02
    outer loop
      vertex   1.733155e+02 4.764283e+00 4.725701e+00
      vertex   1.733260e+02 2.875435e+00 5.454121e+00
      vertex   1.733260e+02 4.607486e+00 4.454121e+00
    endloop
  endfacet
  facet normal 9.995361e-01 -1.522799e-02 -2.637565e-02
    outer loop
      vertex   1.733260e+02 2.875435e+00 5.454121e+00
      vertex   1.733185e+02 2.752922e+00 5.241922e+00
      vertex   1.733260e+02 4.607486e+00 4.454121e+00
    endloop
  endfacet
  facet normal 9.995361e-01 -1.522799e-02 -2.637565e-02
    outer loop
      vertex   1.733260e+02 4.607486e+00 4.454121e+00
      vertex   1.733185e+02 2.752922e+00 5.241922e+00
      vertex   1.733185e+02 4.484973e+00 4.241922e+00
    endloop
  endfacet
  facet normal 9.963304e-01 -4.279547e-02 -7.412392e-02
    outer loop
      vertex   1.733185e+02 4.484973e+00 4.241922e+00
      vertex   1.733185e+02 2.752922e+00 5.241922e+00
      vertex   1.732976e+02 2.631377e+00 5.031400e+00
    endloop
  endfacet
  facet normal 9.963304e-01 -4.279547e-02 -7.412392e-02
    outer loop
      vertex   1.733185e+02 4.484973e+00 4.241922e+00
      vertex   1.732976e+02 2.631377e+00 5.031400e+00
      vertex   1.732976e+02 4.363428e+00 4.031400e+00
    endloop
  endfacet
  facet normal 9.830078e-01 -9.178195e-02 -1.589710e-01
    outer loop
      vertex   1.732976e+02 4.363428e+00 4.031400e+00
      vertex   1.732976e+02 2.631377e+00 5.031400e+00
      vertex   1.732529e+02 2.511556e+00 4.823862e+00
    endloop
  endfacet
  facet normal 9.830078e-01 -9.178195e-02 -1.589710e-01
    outer loop
      vertex   1.732976e+02 4.363428e+00 4.031400e+00
      vertex   1.732529e+02 2.511556e+00 4.823862e+00
      vertex   1.732529e+02 4.243606e+00 3.823862e+00
    endloop
  endfacet
  facet normal 9.691908e-01 -1.231556e-01 -2.133118e-01
    outer loop
      vertex   1.732529e+02 4.243606e+00 3.823862e+00
      vertex   1.732529e+02 2.511556e+00 4.823862e+00
      vertex   1.731926e+02 2.392858e+00 4.618273e+00
    endloop
  endfacet
  facet normal 9.691908e-01 -1.231556e-01 -2.133118e-01
    outer loop
      vertex   1.732529e+02 4.243606e+00 3.823862e+00
      vertex   1.731926e+02 2.392858e+00 4.618273e+00
      vertex   1.731926e+02 4.124909e+00 3.618273e+00
    endloop
  endfacet
  facet normal 9.336356e-01 -1.791121e-01 -3.102312e-01
    outer loop
      vertex   1.731926e+02 2.392858e+00 4.618273e+00
      vertex   1.731264e+02 2.306618e+00 4.468901e+00
      vertex   1.731926e+02 4.124909e+00 3.618273e+00
    endloop
  endfacet
  facet normal 9.336356e-01 -1.791121e-01 -3.102312e-01
    outer loop
      vertex   1.731926e+02 4.124909e+00 3.618273e+00
      vertex   1.731264e+02 2.306618e+00 4.468901e+00
      vertex   1.731264e+02 4.038669e+00 3.468901e+00
    endloop
  endfacet
  facet normal 9.009486e-01 -2.169629e-01 -3.757908e-01
    outer loop
      vertex   1.731264e+02 4.038669e+00 3.468901e+00
      vertex   1.731264e+02 2.306618e+00 4.468901e+00
      vertex   1.730470e+02 2.224250e+00 4.326234e+00
    endloop
  endfacet
  facet normal 9.009486e-01 -2.169629e-01 -3.757908e-01
    outer loop
      vertex   1.731264e+02 4.038669e+00 3.468901e+00
      vertex   1.730470e+02 2.224250e+00 4.326234e+00
      vertex   1.730470e+02 3.956301e+00 3.326234e+00
    endloop
  endfacet
  facet normal 8.277482e-01 -2.805499e-01 -4.859266e-01
    outer loop
      vertex   1.730470e+02 3.956301e+00 3.326234e+00
      vertex   1.730470e+02 2.224250e+00 4.326234e+00
      vertex   1.729446e+02 2.148678e+00 4.195340e+00
    endloop
  endfacet
  facet normal 8.277482e-01 -2.805499e-01 -4.859266e-01
    outer loop
      vertex   1.730470e+02 3.956301e+00 3.326234e+00
      vertex   1.729446e+02 2.148678e+00 4.195340e+00
      vertex   1.729446e+02 3.880729e+00 3.195340e+00
    endloop
  endfacet
  facet normal 7.721364e-01 -3.177284e-01 -5.503218e-01
    outer loop
      vertex   1.729446e+02 3.880729e+00 3.195340e+00
      vertex   1.729446e+02 2.148678e+00 4.195340e+00
      vertex   1.728274e+02 2.077453e+00 4.071974e+00
    endloop
  endfacet
  facet normal 7.721364e-01 -3.177284e-01 -5.503218e-01
    outer loop
      vertex   1.729446e+02 3.880729e+00 3.195340e+00
      vertex   1.728274e+02 2.077453e+00 4.071974e+00
      vertex   1.728274e+02 3.809503e+00 3.071974e+00
    endloop
  endfacet
  facet normal 6.338263e-01 -3.867377e-01 -6.698493e-01
    outer loop
      vertex   1.728274e+02 2.077453e+00 4.071974e+00
      vertex   1.727256e+02 2.035780e+00 3.999795e+00
      vertex   1.728274e+02 3.809503e+00 3.071974e+00
    endloop
  endfacet
  facet normal 6.338263e-01 -3.867377e-01 -6.698493e-01
    outer loop
      vertex   1.728274e+02 3.809503e+00 3.071974e+00
      vertex   1.727256e+02 2.035780e+00 3.999795e+00
      vertex   1.727256e+02 3.767831e+00 2.999795e+00
    endloop
  endfacet
  facet normal 5.589080e-01 -4.146148e-01 -7.181339e-01
    outer loop
      vertex   1.727256e+02 3.767831e+00 2.999795e+00
      vertex   1.727256e+02 2.035780e+00 3.999795e+00
      vertex   1.726177e+02 1.999413e+00 3.936805e+00
    endloop
  endfacet
  facet normal 5.589080e-01 -4.146148e-01 -7.181339e-01
    outer loop
      vertex   1.727256e+02 3.767831e+00 2.999795e+00
      vertex   1.726177e+02 1.999413e+00 3.936805e+00
      vertex   1.726177e+02 3.731464e+00 2.936805e+00
    endloop
  endfacet
  facet normal 4.310541e-01 -4.511631e-01 -7.814373e-01
    outer loop
      vertex   1.726177e+02 3.731464e+00 2.936805e+00
      vertex   1.726177e+02 1.999413e+00 3.936805e+00
      vertex   1.725001e+02 1.971325e+00 3.888155e+00
    endloop
  endfacet
  facet normal 4.310541e-01 -4.511631e-01 -7.814373e-01
    outer loop
      vertex   1.726177e+02 3.731464e+00 2.936805e+00
      vertex   1.725001e+02 1.971325e+00 3.888155e+00
      vertex   1.725001e+02 3.703375e+00 2.888155e+00
    endloop
  endfacet
  facet normal 3.550868e-01 -4.674167e-01 -8.095894e-01
    outer loop
      vertex   1.725001e+02 3.703375e+00 2.888155e+00
      vertex   1.725001e+02 1.971325e+00 3.888155e+00
      vertex   1.723770e+02 1.947945e+00 3.847661e+00
    endloop
  endfacet
  facet normal 3.550868e-01 -4.674167e-01 -8.095894e-01
    outer loop
      vertex   1.725001e+02 3.703375e+00 2.888155e+00
      vertex   1.723770e+02 1.947945e+00 3.847661e+00
      vertex   1.723770e+02 3.679996e+00 2.847661e+00
    endloop
  endfacet
  facet normal 2.239971e-01 -4.872949e-01 -8.440195e-01
    outer loop
      vertex   1.723770e+02 1.947945e+00 3.847661e+00
      vertex   1.721862e+02 1.926010e+00 3.809668e+00
      vertex   1.723770e+02 3.679996e+00 2.847661e+00
    endloop
  endfacet
  facet normal 2.239971e-01 -4.872949e-01 -8.440195e-01
    outer loop
      vertex   1.723770e+02 3.679996e+00 2.847661e+00
      vertex   1.721862e+02 1.926010e+00 3.809668e+00
      vertex   1.721862e+02 3.658061e+00 2.809668e+00
    endloop
  endfacet
  facet normal 1.602391e-01 -4.935391e-01 -8.548348e-01
    outer loop
      vertex   1.721862e+02 3.658061e+00 2.809668e+00
      vertex   1.721862e+02 1.926010e+00 3.809668e+00
      vertex   1.719937e+02 1.910386e+00 3.782606e+00
    endloop
  endfacet
  facet normal 1.602391e-01 -4.935391e-01 -8.548348e-01
    outer loop
      vertex   1.721862e+02 3.658061e+00 2.809668e+00
      vertex   1.719937e+02 1.910386e+00 3.782606e+00
      vertex   1.719937e+02 3.642437e+00 2.782606e+00
    endloop
  endfacet
  facet normal 6.764943e-02 -4.988546e-01 -8.640415e-01
    outer loop
      vertex   1.719937e+02 3.642437e+00 2.782606e+00
      vertex   1.719937e+02 1.910386e+00 3.782606e+00
      vertex   1.717989e+02 1.903781e+00 3.771166e+00
    endloop
  endfacet
  facet normal 6.764943e-02 -4.988546e-01 -8.640415e-01
    outer loop
      vertex   1.719937e+02 3.642437e+00 2.782606e+00
      vertex   1.717989e+02 1.903781e+00 3.771166e+00
      vertex   1.717989e+02 3.635832e+00 2.771166e+00
    endloop
  endfacet
  facet normal 1.746642e-02 -4.999237e-01 -8.658933e-01
    outer loop
      vertex   1.717989e+02 3.635832e+00 2.771166e+00
      vertex   1.717989e+02 1.903781e+00 3.771166e+00
      vertex   1.716028e+02 1.902068e+00 3.768200e+00
    endloop
  endfacet
  facet normal 1.746642e-02 -4.999237e-01 -8.658933e-01
    outer loop
      vertex   1.717989e+02 3.635832e+00 2.771166e+00
      vertex   1.716028e+02 1.902068e+00 3.768200e+00
      vertex   1.716028e+02 3.634119e+00 2.768200e+00
    endloop
  endfacet
  facet normal -4.310030e-04 -5.000000e-01 -8.660253e-01
    outer loop
      vertex   1.716028e+02 1.902068e+00 3.768200e+00
      vertex   1.705353e+02 1.902299e+00 3.768598e+00
      vertex   1.716028e+02 3.634119e+00 2.768200e+00
    endloop
  endfacet
  facet normal -4.310030e-04 -5.000000e-01 -8.660253e-01
    outer loop
      vertex   1.716028e+02 3.634119e+00 2.768200e+00
      vertex   1.705353e+02 1.902299e+00 3.768598e+00
      vertex   1.705353e+02 3.634349e+00 2.768598e+00
    endloop
  endfacet
  facet normal -9.999999e-01 2.155015e-04 3.732596e-04
    outer loop
      vertex   1.705353e+02 1.902299e+00 3.768598e+00
      vertex   1.705369e+02 3.812258e+00 7.076744e+00
      vertex   1.705353e+02 3.634349e+00 2.768598e+00
    endloop
  endfacet
  facet normal -9.999999e-01 2.155015e-04 3.732596e-04
    outer loop
      vertex   1.705353e+02 3.634349e+00 2.768598e+00
      vertex   1.705369e+02 3.812258e+00 7.076744e+00
      vertex   1.705369e+02 5.544308e+00 6.076744e+00
    endloop
  endfacet
  facet normal -2.495458e-02 4.998443e-01 8.657557e-01
    outer loop
      vertex   1.716776e+02 1.607032e+00 3.257182e+00
      vertex   1.718797e+02 1.609555e+00 3.261552e+00
      vertex   1.716776e+02 3.339083e+00 2.257182e+00
    endloop
  endfacet
  facet normal -2.495458e-02 4.998443e-01 8.657557e-01
    outer loop
      vertex   1.716776e+02 3.339083e+00 2.257182e+00
      vertex   1.718797e+02 1.609555e+00 3.261552e+00
      vertex   1.718797e+02 3.341606e+00 2.261552e+00
    endloop
  endfacet
  facet normal -6.702947e-02 4.988755e-01 8.640777e-01
    outer loop
      vertex   1.718797e+02 3.341606e+00 2.261552e+00
      vertex   1.718797e+02 1.609555e+00 3.261552e+00
      vertex   1.720810e+02 1.616314e+00 3.273259e+00
    endloop
  endfacet
  facet normal -6.702947e-02 4.988755e-01 8.640777e-01
    outer loop
      vertex   1.718797e+02 3.341606e+00 2.261552e+00
      vertex   1.720810e+02 1.616314e+00 3.273259e+00
      vertex   1.720810e+02 3.348365e+00 2.273259e+00
    endloop
  endfacet
  facet normal -1.409113e-01 4.950111e-01 8.573844e-01
    outer loop
      vertex   1.720810e+02 3.348365e+00 2.273259e+00
      vertex   1.720810e+02 1.616314e+00 3.273259e+00
      vertex   1.722805e+02 1.630519e+00 3.297862e+00
    endloop
  endfacet
  facet normal -1.409113e-01 4.950111e-01 8.573844e-01
    outer loop
      vertex   1.720810e+02 3.348365e+00 2.273259e+00
      vertex   1.722805e+02 1.630519e+00 3.297862e+00
      vertex   1.722805e+02 3.362570e+00 2.297862e+00
    endloop
  endfacet
  facet normal -1.877186e-01 4.911114e-01 8.506299e-01
    outer loop
      vertex   1.722805e+02 3.362570e+00 2.297862e+00
      vertex   1.722805e+02 1.630519e+00 3.297862e+00
      vertex   1.724791e+02 1.649492e+00 3.330725e+00
    endloop
  endfacet
  facet normal -1.877186e-01 4.911114e-01 8.506299e-01
    outer loop
      vertex   1.722805e+02 3.362570e+00 2.297862e+00
      vertex   1.724791e+02 1.649492e+00 3.330725e+00
      vertex   1.724791e+02 3.381543e+00 2.330725e+00
    endloop
  endfacet
  facet normal -2.730390e-01 4.810015e-01 8.331190e-01
    outer loop
      vertex   1.724791e+02 1.649492e+00 3.330725e+00
      vertex   1.726358e+02 1.671732e+00 3.369245e+00
      vertex   1.724791e+02 3.381543e+00 2.330725e+00
    endloop
  endfacet
  facet normal -2.730390e-01 4.810015e-01 8.331190e-01
    outer loop
      vertex   1.724791e+02 3.381543e+00 2.330725e+00
      vertex   1.726358e+02 1.671732e+00 3.369245e+00
      vertex   1.726358e+02 3.403782e+00 2.369245e+00
    endloop
  endfacet
  facet normal -3.321047e-01 4.716213e-01 8.168720e-01
    outer loop
      vertex   1.726358e+02 3.403782e+00 2.369245e+00
      vertex   1.726358e+02 1.671732e+00 3.369245e+00
      vertex   1.727886e+02 1.698628e+00 3.415830e+00
    endloop
  endfacet
  facet normal -3.321047e-01 4.716213e-01 8.168720e-01
    outer loop
      vertex   1.726358e+02 3.403782e+00 2.369245e+00
      vertex   1.727886e+02 1.698628e+00 3.415830e+00
      vertex   1.727886e+02 3.430679e+00 2.415830e+00
    endloop
  endfacet
  facet normal -4.328361e-01 4.507363e-01 7.806982e-01
    outer loop
      vertex   1.727886e+02 3.430679e+00 2.415830e+00
      vertex   1.727886e+02 1.698628e+00 3.415830e+00
      vertex   1.729345e+02 1.733658e+00 3.476505e+00
    endloop
  endfacet
  facet normal -4.328361e-01 4.507363e-01 7.806982e-01
    outer loop
      vertex   1.727886e+02 3.430679e+00 2.415830e+00
      vertex   1.729345e+02 1.733658e+00 3.476505e+00
      vertex   1.729345e+02 3.465709e+00 2.476505e+00
    endloop
  endfacet
  facet normal -4.938024e-01 4.347871e-01 7.530733e-01
    outer loop
      vertex   1.729345e+02 3.465709e+00 2.476505e+00
      vertex   1.729345e+02 1.733658e+00 3.476505e+00
      vertex   1.730761e+02 1.773852e+00 3.546122e+00
    endloop
  endfacet
  facet normal -4.938024e-01 4.347871e-01 7.530733e-01
    outer loop
      vertex   1.729345e+02 3.465709e+00 2.476505e+00
      vertex   1.730761e+02 1.773852e+00 3.546122e+00
      vertex   1.730761e+02 3.505903e+00 2.546122e+00
    endloop
  endfacet
  facet normal -6.122763e-01 3.953219e-01 6.847177e-01
    outer loop
      vertex   1.730761e+02 1.773852e+00 3.546122e+00
      vertex   1.732042e+02 1.823482e+00 3.632085e+00
      vertex   1.730761e+02 3.505903e+00 2.546122e+00
    endloop
  endfacet
  facet normal -6.122763e-01 3.953219e-01 6.847177e-01
    outer loop
      vertex   1.730761e+02 3.505903e+00 2.546122e+00
      vertex   1.732042e+02 1.823482e+00 3.632085e+00
      vertex   1.732042e+02 3.555533e+00 2.632085e+00
    endloop
  endfacet
  facet normal -6.650728e-01 3.733892e-01 6.467291e-01
    outer loop
      vertex   1.732042e+02 3.555533e+00 2.632085e+00
      vertex   1.732042e+02 1.823482e+00 3.632085e+00
      vertex   1.733246e+02 1.877081e+00 3.724920e+00
    endloop
  endfacet
  facet normal -6.650728e-01 3.733892e-01 6.467291e-01
    outer loop
      vertex   1.732042e+02 3.555533e+00 2.632085e+00
      vertex   1.733246e+02 1.877081e+00 3.724920e+00
      vertex   1.733246e+02 3.609132e+00 2.724920e+00
    endloop
  endfacet
  facet normal -7.430596e-01 3.346126e-01 5.795660e-01
    outer loop
      vertex   1.733246e+02 3.609132e+00 2.724920e+00
      vertex   1.733246e+02 1.877081e+00 3.724920e+00
      vertex   1.734325e+02 1.936998e+00 3.828700e+00
    endloop
  endfacet
  facet normal -7.430596e-01 3.346126e-01 5.795660e-01
    outer loop
      vertex   1.733246e+02 3.609132e+00 2.724920e+00
      vertex   1.734325e+02 1.936998e+00 3.828700e+00
      vertex   1.734325e+02 3.669049e+00 2.828700e+00
    endloop
  endfacet
  facet normal -7.837199e-01 3.105572e-01 5.379008e-01
    outer loop
      vertex   1.734325e+02 3.669049e+00 2.828700e+00
      vertex   1.734325e+02 1.936998e+00 3.828700e+00
      vertex   1.735333e+02 2.000561e+00 3.938794e+00
    endloop
  endfacet
  facet normal -7.837199e-01 3.105572e-01 5.379008e-01
    outer loop
      vertex   1.734325e+02 3.669049e+00 2.828700e+00
      vertex   1.735333e+02 2.000561e+00 3.938794e+00
      vertex   1.735333e+02 3.732612e+00 2.938794e+00
    endloop
  endfacet
  facet normal -8.516032e-01 2.620935e-01 4.539592e-01
    outer loop
      vertex   1.735333e+02 2.000561e+00 3.938794e+00
      vertex   1.736395e+02 2.086831e+00 4.088219e+00
      vertex   1.735333e+02 3.732612e+00 2.938794e+00
    endloop
  endfacet
  facet normal -8.516032e-01 2.620935e-01 4.539592e-01
    outer loop
      vertex   1.735333e+02 3.732612e+00 2.938794e+00
      vertex   1.736395e+02 2.086831e+00 4.088219e+00
      vertex   1.736395e+02 3.818882e+00 3.088219e+00
    endloop
  endfacet
  facet normal -8.839654e-01 2.337762e-01 4.049122e-01
    outer loop
      vertex   1.736395e+02 3.818882e+00 3.088219e+00
      vertex   1.736395e+02 2.086831e+00 4.088219e+00
      vertex   1.737338e+02 2.175934e+00 4.242549e+00
    endloop
  endfacet
  facet normal -8.839654e-01 2.337762e-01 4.049122e-01
    outer loop
      vertex   1.736395e+02 3.818882e+00 3.088219e+00
      vertex   1.737338e+02 2.175934e+00 4.242549e+00
      vertex   1.737338e+02 3.907985e+00 3.242549e+00
    endloop
  endfacet
  facet normal -9.269056e-01 1.876473e-01 3.250146e-01
    outer loop
      vertex   1.737338e+02 3.907985e+00 3.242549e+00
      vertex   1.737338e+02 2.175934e+00 4.242549e+00
      vertex   1.738095e+02 2.269434e+00 4.404495e+00
    endloop
  endfacet
  facet normal -9.269056e-01 1.876473e-01 3.250146e-01
    outer loop
      vertex   1.737338e+02 3.907985e+00 3.242549e+00
      vertex   1.738095e+02 2.269434e+00 4.404495e+00
      vertex   1.738095e+02 4.001485e+00 3.404495e+00
    endloop
  endfacet
  facet normal -9.468800e-01 1.607935e-01 2.785025e-01
    outer loop
      vertex   1.738095e+02 4.001485e+00 3.404495e+00
      vertex   1.738095e+02 2.269434e+00 4.404495e+00
      vertex   1.738747e+02 2.365426e+00 4.570759e+00
    endloop
  endfacet
  facet normal -9.468800e-01 1.607935e-01 2.785025e-01
    outer loop
      vertex   1.738095e+02 4.001485e+00 3.404495e+00
      vertex   1.738747e+02 2.365426e+00 4.570759e+00
      vertex   1.738747e+02 4.097477e+00 3.570759e+00
    endloop
  endfacet
  facet normal -9.728976e-01 1.156181e-01 2.002565e-01
    outer loop
      vertex   1.738747e+02 2.365426e+00 4.570759e+00
      vertex   1.739338e+02 2.489856e+00 4.786278e+00
      vertex   1.738747e+02 4.097477e+00 3.570759e+00
    endloop
  endfacet
  facet normal -9.728976e-01 1.156181e-01 2.002565e-01
    outer loop
      vertex   1.738747e+02 4.097477e+00 3.570759e+00
      vertex   1.739338e+02 2.489856e+00 4.786278e+00
      vertex   1.739338e+02 4.221907e+00 3.786278e+00
    endloop
  endfacet
  facet normal -9.846312e-01 8.732334e-02 1.512485e-01
    outer loop
      vertex   1.739338e+02 4.221907e+00 3.786278e+00
      vertex   1.739338e+02 2.489856e+00 4.786278e+00
      vertex   1.739783e+02 2.615284e+00 5.003526e+00
    endloop
  endfacet
  facet normal -9.846312e-01 8.732334e-02 1.512485e-01
    outer loop
      vertex   1.739338e+02 4.221907e+00 3.786278e+00
      vertex   1.739783e+02 2.615284e+00 5.003526e+00
      vertex   1.739783e+02 4.347335e+00 4.003526e+00
    endloop
  endfacet
  facet normal -9.964436e-01 4.213126e-02 7.297348e-02
    outer loop
      vertex   1.739783e+02 4.347335e+00 4.003526e+00
      vertex   1.739783e+02 2.615284e+00 5.003526e+00
      vertex   1.739998e+02 2.742281e+00 5.223490e+00
    endloop
  endfacet
  facet normal -9.964436e-01 4.213126e-02 7.297348e-02
    outer loop
      vertex   1.739783e+02 4.347335e+00 4.003526e+00
      vertex   1.739998e+02 2.742281e+00 5.223490e+00
      vertex   1.739998e+02 4.474331e+00 4.223490e+00
    endloop
  endfacet
  facet normal -9.994703e-01 1.627136e-02 2.818282e-02
    outer loop
      vertex   1.739998e+02 4.474331e+00 4.223490e+00
      vertex   1.739998e+02 2.742281e+00 5.223490e+00
      vertex   1.740081e+02 2.870172e+00 5.445005e+00
    endloop
  endfacet
  facet normal -9.994703e-01 1.627136e-02 2.818282e-02
    outer loop
      vertex   1.739998e+02 4.474331e+00 4.223490e+00
      vertex   1.740081e+02 2.870172e+00 5.445005e+00
      vertex   1.740081e+02 4.602223e+00 4.445005e+00
    endloop
  endfacet
  facet normal -9.991511e-01 -2.059802e-02 -3.567682e-02
    outer loop
      vertex   1.740081e+02 2.870172e+00 5.445005e+00
      vertex   1.739956e+02 3.021690e+00 5.707441e+00
      vertex   1.740081e+02 4.602223e+00 4.445005e+00
    endloop
  endfacet
  facet normal -9.991511e-01 -2.059802e-02 -3.567682e-02
    outer loop
      vertex   1.740081e+02 4.602223e+00 4.445005e+00
      vertex   1.739956e+02 3.021690e+00 5.707441e+00
      vertex   1.739956e+02 4.753741e+00 4.707441e+00
    endloop
  endfacet
  facet normal -9.943739e-01 -5.296374e-02 -9.173589e-02
    outer loop
      vertex   1.739956e+02 4.753741e+00 4.707441e+00
      vertex   1.739956e+02 3.021690e+00 5.707441e+00
      vertex   1.739637e+02 3.171548e+00 5.967003e+00
    endloop
  endfacet
  facet normal -9.943739e-01 -5.296374e-02 -9.173589e-02
    outer loop
      vertex   1.739956e+02 4.753741e+00 4.707441e+00
      vertex   1.739637e+02 3.171548e+00 5.967003e+00
      vertex   1.739637e+02 4.903599e+00 4.967003e+00
    endloop
  endfacet
  facet normal -9.758794e-01 -1.091551e-01 -1.890622e-01
    outer loop
      vertex   1.739637e+02 4.903599e+00 4.967003e+00
      vertex   1.739637e+02 3.171548e+00 5.967003e+00
      vertex   1.738979e+02 3.318519e+00 6.221565e+00
    endloop
  endfacet
  facet normal -9.758794e-01 -1.091551e-01 -1.890622e-01
    outer loop
      vertex   1.739637e+02 4.903599e+00 4.967003e+00
      vertex   1.738979e+02 3.318519e+00 6.221565e+00
      vertex   1.738979e+02 5.050570e+00 5.221565e+00
    endloop
  endfacet
  facet normal -9.577914e-01 -1.437321e-01 -2.489514e-01
    outer loop
      vertex   1.738979e+02 5.050570e+00 5.221565e+00
      vertex   1.738979e+02 3.318519e+00 6.221565e+00
      vertex   1.738108e+02 3.463667e+00 6.472967e+00
    endloop
  endfacet
  facet normal -9.577914e-01 -1.437321e-01 -2.489514e-01
    outer loop
      vertex   1.738979e+02 5.050570e+00 5.221565e+00
      vertex   1.738108e+02 3.463667e+00 6.472967e+00
      vertex   1.738108e+02 5.195717e+00 5.472967e+00
    endloop
  endfacet
  facet normal -9.106593e-01 -2.065791e-01 -3.578055e-01
    outer loop
      vertex   1.738108e+02 3.463667e+00 6.472967e+00
      vertex   1.737017e+02 3.583954e+00 6.681312e+00
      vertex   1.738108e+02 5.195717e+00 5.472967e+00
    endloop
  endfacet
  facet normal -9.106593e-01 -2.065791e-01 -3.578055e-01
    outer loop
      vertex   1.738108e+02 5.195717e+00 5.472967e+00
      vertex   1.737017e+02 3.583954e+00 6.681312e+00
      vertex   1.737017e+02 5.316005e+00 5.681312e+00
    endloop
  endfacet
  facet normal -8.675582e-01 -2.486678e-01 -4.307053e-01
    outer loop
      vertex   1.737017e+02 5.316005e+00 5.681312e+00
      vertex   1.737017e+02 3.583954e+00 6.681312e+00
      vertex   1.735719e+02 3.697114e+00 6.877310e+00
    endloop
  endfacet
  facet normal -8.675582e-01 -2.486678e-01 -4.307053e-01
    outer loop
      vertex   1.737017e+02 5.316005e+00 5.681312e+00
      vertex   1.735719e+02 3.697114e+00 6.877310e+00
      vertex   1.735719e+02 5.429165e+00 5.877310e+00
    endloop
  endfacet
  facet normal -7.752219e-01 -3.158445e-01 -5.470588e-01
    outer loop
      vertex   1.735719e+02 5.429165e+00 5.877310e+00
      vertex   1.735719e+02 3.697114e+00 6.877310e+00
      vertex   1.734072e+02 3.798174e+00 7.052351e+00
    endloop
  endfacet
  facet normal -7.752219e-01 -3.158445e-01 -5.470588e-01
    outer loop
      vertex   1.735719e+02 5.429165e+00 5.877310e+00
      vertex   1.734072e+02 3.798174e+00 7.052351e+00
      vertex   1.734072e+02 5.530225e+00 6.052351e+00
    endloop
  endfacet
  facet normal -7.094174e-01 -3.523943e-01 -6.103648e-01
    outer loop
      vertex   1.734072e+02 5.530225e+00 6.052351e+00
      vertex   1.734072e+02 3.798174e+00 7.052351e+00
      vertex   1.732211e+02 3.891829e+00 7.214566e+00
    endloop
  endfacet
  facet normal -7.094174e-01 -3.523943e-01 -6.103648e-01
    outer loop
      vertex   1.734072e+02 5.530225e+00 6.052351e+00
      vertex   1.732211e+02 3.891829e+00 7.214566e+00
      vertex   1.732211e+02 5.623880e+00 6.214566e+00
    endloop
  endfacet
  facet normal -5.830910e-01 -4.062034e-01 -7.035650e-01
    outer loop
      vertex   1.732211e+02 3.891829e+00 7.214566e+00
      vertex   1.730531e+02 3.952124e+00 7.319000e+00
      vertex   1.732211e+02 5.623880e+00 6.214566e+00
    endloop
  endfacet
  facet normal -5.830910e-01 -4.062034e-01 -7.035650e-01
    outer loop
      vertex   1.732211e+02 5.623880e+00 6.214566e+00
      vertex   1.730531e+02 3.952124e+00 7.319000e+00
      vertex   1.730531e+02 5.684175e+00 6.319000e+00
    endloop
  endfacet
  facet normal -5.053306e-01 -4.314629e-01 -7.473157e-01
    outer loop
      vertex   1.730531e+02 5.684175e+00 6.319000e+00
      vertex   1.730531e+02 3.952124e+00 7.319000e+00
      vertex   1.728766e+02 4.003805e+00 7.408514e+00
    endloop
  endfacet
  facet normal -5.053306e-01 -4.314629e-01 -7.473157e-01
    outer loop
      vertex   1.730531e+02 5.684175e+00 6.319000e+00
      vertex   1.728766e+02 4.003805e+00 7.408514e+00
      vertex   1.728766e+02 5.735855e+00 6.408514e+00
    endloop
  endfacet
  facet normal -3.684768e-01 -4.648185e-01 -8.050892e-01
    outer loop
      vertex   1.728766e+02 5.735855e+00 6.408514e+00
      vertex   1.728766e+02 4.003805e+00 7.408514e+00
      vertex   1.726863e+02 4.041514e+00 7.473829e+00
    endloop
  endfacet
  facet normal -3.684768e-01 -4.648185e-01 -8.050892e-01
    outer loop
      vertex   1.728766e+02 5.735855e+00 6.408514e+00
      vertex   1.726863e+02 4.041514e+00 7.473829e+00
      vertex   1.726863e+02 5.773565e+00 6.473829e+00
    endloop
  endfacet
  facet normal -2.854062e-01 -4.792033e-01 -8.300045e-01
    outer loop
      vertex   1.726863e+02 5.773565e+00 6.473829e+00
      vertex   1.726863e+02 4.041514e+00 7.473829e+00
      vertex   1.724880e+02 4.071046e+00 7.524979e+00
    endloop
  endfacet
  facet normal -2.854062e-01 -4.792033e-01 -8.300045e-01
    outer loop
      vertex   1.726863e+02 5.773565e+00 6.473829e+00
      vertex   1.724880e+02 4.071046e+00 7.524979e+00
      vertex   1.724880e+02 5.803097e+00 6.524979e+00
    endloop
  endfacet
  facet normal -1.565028e-01 -4.938388e-01 -8.553538e-01
    outer loop
      vertex   1.724880e+02 4.071046e+00 7.524979e+00
      vertex   1.722670e+02 4.088557e+00 7.555309e+00
      vertex   1.724880e+02 5.803097e+00 6.524979e+00
    endloop
  endfacet
  facet normal -1.565028e-01 -4.938388e-01 -8.553538e-01
    outer loop
      vertex   1.724880e+02 5.803097e+00 6.524979e+00
      vertex   1.722670e+02 4.088557e+00 7.555309e+00
      vertex   1.722670e+02 5.820608e+00 6.555309e+00
    endloop
  endfacet
  facet normal -1.100844e-01 -4.969611e-01 -8.607619e-01
    outer loop
      vertex   1.722670e+02 5.820608e+00 6.555309e+00
      vertex   1.722670e+02 4.088557e+00 7.555309e+00
      vertex   1.720450e+02 4.100848e+00 7.576598e+00
    endloop
  endfacet
  facet normal -1.100844e-01 -4.969611e-01 -8.607619e-01
    outer loop
      vertex   1.722670e+02 5.820608e+00 6.555309e+00
      vertex   1.720450e+02 4.100848e+00 7.576598e+00
      vertex   1.720450e+02 5.832899e+00 6.576598e+00
    endloop
  endfacet
  facet normal -4.513201e-02 -4.994905e-01 -8.651430e-01
    outer loop
      vertex   1.720450e+02 5.832899e+00 6.576598e+00
      vertex   1.720450e+02 4.100848e+00 7.576598e+00
      vertex   1.718218e+02 4.105891e+00 7.585333e+00
    endloop
  endfacet
  facet normal -4.513201e-02 -4.994905e-01 -8.651430e-01
    outer loop
      vertex   1.720450e+02 5.832899e+00 6.576598e+00
      vertex   1.718218e+02 4.105891e+00 7.585333e+00
      vertex   1.718218e+02 5.837942e+00 6.585333e+00
    endloop
  endfacet
  facet normal -1.034456e-02 -4.999732e-01 -8.659791e-01
    outer loop
      vertex   1.718218e+02 5.837942e+00 6.585333e+00
      vertex   1.718218e+02 4.105891e+00 7.585333e+00
      vertex   1.715979e+02 4.107049e+00 7.587339e+00
    endloop
  endfacet
  facet normal -1.034456e-02 -4.999732e-01 -8.659791e-01
    outer loop
      vertex   1.718218e+02 5.837942e+00 6.585333e+00
      vertex   1.715979e+02 4.107049e+00 7.587339e+00
      vertex   1.715979e+02 5.839100e+00 6.587339e+00
    endloop
  endfacet
  facet normal -4.310030e-04 -5.000000e-01 -8.660253e-01
    outer loop
      vertex   1.715979e+02 4.107049e+00 7.587339e+00
      vertex   1.698755e+02 4.107421e+00 7.587982e+00
      vertex   1.715979e+02 5.839100e+00 6.587339e+00
    endloop
  endfacet
  facet normal -4.310030e-04 -5.000000e-01 -8.660253e-01
    outer loop
      vertex   1.715979e+02 5.839100e+00 6.587339e+00
      vertex   1.698755e+02 4.107421e+00 7.587982e+00
      vertex   1.698755e+02 5.839471e+00 6.587982e+00
    endloop
  endfacet
  facet normal 9.999999e-01 -2.155015e-04 -3.732596e-04
    outer loop
      vertex   1.698755e+02 4.107421e+00 7.587982e+00
      vertex   1.698733e+02 1.607421e+00 3.257855e+00
      vertex   1.698755e+02 5.839471e+00 6.587982e+00
    endloop
  endfacet
  facet normal 9.999999e-01 -2.155015e-04 -3.732596e-04
    outer loop
      vertex   1.698755e+02 5.839471e+00 6.587982e+00
      vertex   1.698733e+02 1.607421e+00 3.257855e+00
      vertex   1.698733e+02 3.339472e+00 2.257855e+00
    endloop
  endfacet
  facet normal 4.310030e-04 5.000000e-01 8.660253e-01
    outer loop
      vertex   1.698733e+02 1.607421e+00 3.257855e+00
      vertex   1.716776e+02 1.607032e+00 3.257182e+00
      vertex   1.698733e+02 3.339472e+00 2.257855e+00
    endloop
  endfacet
  facet normal 4.310030e-04 5.000000e-01 8.660253e-01
    outer loop
      vertex   1.698733e+02 3.339472e+00 2.257855e+00
      vertex   1.716776e+02 1.607032e+00 3.257182e+00
      vertex   1.716776e+02 3.339083e+00 2.257182e+00
    endloop
  endfacet
  facet normal 9.131458e-16 -8.660254e-01 5.000000e-01
    outer loop
      vertex   1.698755e+02 5.839471e+00 6.587982e+00
      vertex   1.698733e+02 3.339472e+00 2.257855e+00
      vertex   1.705353e+02 3.634349e+00 2.768598e+00
    endloop
  endfacet
  facet normal 7.792810e-17 -8.660254e-01 5.000000e-01
    outer loop
      vertex   1.705353e+02 3.634349e+00 2.768598e+00
      vertex   1.698733e+02 3.339472e+00 2.257855e+00
      vertex   1.716776e+02 3.339083e+00 2.257182e+00
    endloop
  endfacet
  facet normal -5.951804e-16 -8.660254e-01 5.000000e-01
    outer loop
      vertex   1.705353e+02 3.634349e+00 2.768598e+00
      vertex   1.716776e+02 3.339083e+00 2.257182e+00
      vertex   1.716028e+02 3.634119e+00 2.768200e+00
    endloop
  endfacet
  facet normal -2.564301e-15 -8.660254e-01 5.000000e-01
    outer loop
      vertex   1.716028e+02 3.634119e+00 2.768200e+00
      vertex   1.716776e+02 3.339083e+00 2.257182e+00
      vertex   1.717989e+02 3.635832e+00 2.771166e+00
    endloop
  endfacet
  facet normal -1.290331e-15 -8.660254e-01 5.000000e-01
    outer loop
      vertex   1.717989e+02 3.635832e+00 2.771166e+00
      vertex   1.716776e+02 3.339083e+00 2.257182e+00
      vertex   1.718797e+02 3.341606e+00 2.261552e+00
    endloop
  endfacet
  facet normal 1.185817e-15 -8.660254e-01 5.000000e-01
    outer loop
      vertex   1.717989e+02 3.635832e+00 2.771166e+00
      vertex   1.718797e+02 3.341606e+00 2.261552e+00
      vertex   1.719937e+02 3.642437e+00 2.782606e+00
    endloop
  endfacet
  facet normal 7.624674e-16 -8.660254e-01 5.000000e-01
    outer loop
      vertex   1.719937e+02 3.642437e+00 2.782606e+00
      vertex   1.718797e+02 3.341606e+00 2.261552e+00
      vertex   1.720810e+02 3.348365e+00 2.273259e+00
    endloop
  endfacet
  facet normal 3.451756e-15 -8.660254e-01 5.000000e-01
    outer loop
      vertex   1.719937e+02 3.642437e+00 2.782606e+00
      vertex   1.720810e+02 3.348365e+00 2.273259e+00
      vertex   1.721862e+02 3.658061e+00 2.809668e+00
    endloop
  endfacet
  facet normal 6.454360e-16 -8.660254e-01 5.000000e-01
    outer loop
      vertex   1.721862e+02 3.658061e+00 2.809668e+00
      vertex   1.720810e+02 3.348365e+00 2.273259e+00
      vertex   1.722805e+02 3.362570e+00 2.297862e+00
    endloop
  endfacet
  facet normal -6.591224e-16 -8.660254e-01 5.000000e-01
    outer loop
      vertex   1.721862e+02 3.658061e+00 2.809668e+00
      vertex   1.722805e+02 3.362570e+00 2.297862e+00
      vertex   1.723770e+02 3.679996e+00 2.847661e+00
    endloop
  endfacet
  facet normal -3.722196e-16 -8.660254e-01 5.000000e-01
    outer loop
      vertex   1.723770e+02 3.679996e+00 2.847661e+00
      vertex   1.722805e+02 3.362570e+00 2.297862e+00
      vertex   1.724791e+02 3.381543e+00 2.330725e+00
    endloop
  endfacet
  facet normal -4.667084e-15 -8.660254e-01 5.000000e-01
    outer loop
      vertex   1.723770e+02 3.679996e+00 2.847661e+00
      vertex   1.724791e+02 3.381543e+00 2.330725e+00
      vertex   1.726358e+02 3.403782e+00 2.369245e+00
    endloop
  endfacet
  facet normal -1.249520e-15 -8.660254e-01 5.000000e-01
    outer loop
      vertex   1.723770e+02 3.679996e+00 2.847661e+00
      vertex   1.726358e+02 3.403782e+00 2.369245e+00
      vertex   1.725001e+02 3.703375e+00 2.888155e+00
    endloop
  endfacet
  facet normal 2.632311e-15 -8.660254e-01 5.000000e-01
    outer loop
      vertex   1.725001e+02 3.703375e+00 2.888155e+00
      vertex   1.726358e+02 3.403782e+00 2.369245e+00
      vertex   1.727886e+02 3.430679e+00 2.415830e+00
    endloop
  endfacet
  facet normal -1.683689e-15 -8.660254e-01 5.000000e-01
    outer loop
      vertex   1.725001e+02 3.703375e+00 2.888155e+00
      vertex   1.727886e+02 3.430679e+00 2.415830e+00
      vertex   1.726177e+02 3.731464e+00 2.936805e+00
    endloop
  endfacet
  facet normal 4.035922e-15 -8.660254e-01 5.000000e-01
    outer loop
      vertex   1.726177e+02 3.731464e+00 2.936805e+00
      vertex   1.727886e+02 3.430679e+00 2.415830e+00
      vertex   1.729345e+02 3.465709e+00 2.476505e+00
    endloop
  endfacet
  facet normal 7.289719e-15 -8.660254e-01 5.000000e-01
    outer loop
      vertex   1.726177e+02 3.731464e+00 2.936805e+00
      vertex   1.729345e+02 3.465709e+00 2.476505e+00
      vertex   1.727256e+02 3.767831e+00 2.999795e+00
    endloop
  endfacet
  facet normal -1.531829e-15 -8.660254e-01 5.000000e-01
    outer loop
      vertex   1.727256e+02 3.767831e+00 2.999795e+00
      vertex   1.729345e+02 3.465709e+00 2.476505e+00
      vertex   1.730761e+02 3.505903e+00 2.546122e+00
    endloop
  endfacet
  facet normal -4.599878e-15 -8.660254e-01 5.000000e-01
    outer loop
      vertex   1.727256e+02 3.767831e+00 2.999795e+00
      vertex   1.730761e+02 3.505903e+00 2.546122e+00
      vertex   1.728274e+02 3.809503e+00 3.071974e+00
    endloop
  endfacet
  facet normal -6.147441e-16 -8.660254e-01 5.000000e-01
    outer loop
      vertex   1.728274e+02 3.809503e+00 3.071974e+00
      vertex   1.730761e+02 3.505903e+00 2.546122e+00
      vertex   1.732042e+02 3.555533e+00 2.632085e+00
    endloop
  endfacet
  facet normal -1.865730e-15 -8.660254e-01 5.000000e-01
    outer loop
      vertex   1.728274e+02 3.809503e+00 3.071974e+00
      vertex   1.732042e+02 3.555533e+00 2.632085e+00
      vertex   1.729446e+02 3.880729e+00 3.195340e+00
    endloop
  endfacet
  facet normal -2.881197e-16 -8.660254e-01 5.000000e-01
    outer loop
      vertex   1.729446e+02 3.880729e+00 3.195340e+00
      vertex   1.732042e+02 3.555533e+00 2.632085e+00
      vertex   1.733246e+02 3.609132e+00 2.724920e+00
    endloop
  endfacet
  facet normal 1.571510e-15 -8.660254e-01 5.000000e-01
    outer loop
      vertex   1.729446e+02 3.880729e+00 3.195340e+00
      vertex   1.733246e+02 3.609132e+00 2.724920e+00
      vertex   1.734325e+02 3.669049e+00 2.828700e+00
    endloop
  endfacet
  facet normal 2.320586e-15 -8.660254e-01 5.000000e-01
    outer loop
      vertex   1.729446e+02 3.880729e+00 3.195340e+00
      vertex   1.734325e+02 3.669049e+00 2.828700e+00
      vertex   1.730470e+02 3.956301e+00 3.326234e+00
    endloop
  endfacet
  facet normal -5.840010e-16 -8.660254e-01 5.000000e-01
    outer loop
      vertex   1.730470e+02 3.956301e+00 3.326234e+00
      vertex   1.734325e+02 3.669049e+00 2.828700e+00
      vertex   1.735333e+02 3.732612e+00 2.938794e+00
    endloop
  endfacet
  facet normal 2.504610e-15 -8.660254e-01 5.000000e-01
    outer loop
      vertex   1.730470e+02 3.956301e+00 3.326234e+00
      vertex   1.735333e+02 3.732612e+00 2.938794e+00
      vertex   1.736395e+02 3.818882e+00 3.088219e+00
    endloop
  endfacet
  facet normal 4.985120e-16 -8.660254e-01 5.000000e-01
    outer loop
      vertex   1.730470e+02 3.956301e+00 3.326234e+00
      vertex   1.736395e+02 3.818882e+00 3.088219e+00
      vertex   1.731264e+02 4.038669e+00 3.468901e+00
    endloop
  endfacet
  facet normal -1.317015e-16 -8.660254e-01 5.000000e-01
    outer loop
      vertex   1.731264e+02 4.038669e+00 3.468901e+00
      vertex   1.736395e+02 3.818882e+00 3.088219e+00
      vertex   1.737338e+02 3.907985e+00 3.242549e+00
    endloop
  endfacet
  facet normal 2.404678e-15 -8.660254e-01 5.000000e-01
    outer loop
      vertex   1.731264e+02 4.038669e+00 3.468901e+00
      vertex   1.737338e+02 3.907985e+00 3.242549e+00
      vertex   1.731926e+02 4.124909e+00 3.618273e+00
    endloop
  endfacet
  facet normal -2.426662e-15 -8.660254e-01 5.000000e-01
    outer loop
      vertex   1.731926e+02 4.124909e+00 3.618273e+00
      vertex   1.737338e+02 3.907985e+00 3.242549e+00
      vertex   1.738095e+02 4.001485e+00 3.404495e+00
    endloop
  endfacet
  facet normal -1.086333e-15 -8.660254e-01 5.000000e-01
    outer loop
      vertex   1.731926e+02 4.124909e+00 3.618273e+00
      vertex   1.738095e+02 4.001485e+00 3.404495e+00
      vertex   1.732529e+02 4.243606e+00 3.823862e+00
    endloop
  endfacet
  facet normal -6.111987e-16 -8.660254e-01 5.000000e-01
    outer loop
      vertex   1.732529e+02 4.243606e+00 3.823862e+00
      vertex   1.738095e+02 4.001485e+00 3.404495e+00
      vertex   1.738747e+02 4.097477e+00 3.570759e+00
    endloop
  endfacet
  facet normal 6.515807e-16 -8.660254e-01 5.000000e-01
    outer loop
      vertex   1.732529e+02 4.243606e+00 3.823862e+00
      vertex   1.738747e+02 4.097477e+00 3.570759e+00
      vertex   1.739338e+02 4.221907e+00 3.786278e+00
    endloop
  endfacet
  facet normal 2.744894e-16 -8.660254e-01 5.000000e-01
    outer loop
      vertex   1.732529e+02 4.243606e+00 3.823862e+00
      vertex   1.739338e+02 4.221907e+00 3.786278e+00
      vertex   1.732976e+02 4.363428e+00 4.031400e+00
    endloop
  endfacet
  facet normal -2.000257e-16 -8.660254e-01 5.000000e-01
    outer loop
      vertex   1.732976e+02 4.363428e+00 4.031400e+00
      vertex   1.739338e+02 4.221907e+00 3.786278e+00
      vertex   1.739783e+02 4.347335e+00 4.003526e+00
    endloop
  endfacet
  facet normal -6.794913e-17 -8.660254e-01 5.000000e-01
    outer loop
      vertex   1.732976e+02 4.363428e+00 4.031400e+00
      vertex   1.739783e+02 4.347335e+00 4.003526e+00
      vertex   1.733185e+02 4.484973e+00 4.241922e+00
    endloop
  endfacet
  facet normal 1.306032e-15 -8.660254e-01 5.000000e-01
    outer loop
      vertex   1.733185e+02 4.484973e+00 4.241922e+00
      vertex   1.739783e+02 4.347335e+00 4.003526e+00
      vertex   1.739998e+02 4.474331e+00 4.223490e+00
    endloop
  endfacet
  facet normal 1.276897e-15 -8.660254e-01 5.000000e-01
    outer loop
      vertex   1.733185e+02 4.484973e+00 4.241922e+00
      vertex   1.739998e+02 4.474331e+00 4.223490e+00
      vertex   1.733260e+02 4.607486e+00 4.454121e+00
    endloop
  endfacet
  facet normal -3.499187e-16 -8.660254e-01 5.000000e-01
    outer loop
      vertex   1.733260e+02 4.607486e+00 4.454121e+00
      vertex   1.739998e+02 4.474331e+00 4.223490e+00
      vertex   1.740081e+02 4.602223e+00 4.445005e+00
    endloop
  endfacet
  facet normal -3.195817e-16 -8.660254e-01 5.000000e-01
    outer loop
      vertex   1.733260e+02 4.607486e+00 4.454121e+00
      vertex   1.740081e+02 4.602223e+00 4.445005e+00
      vertex   1.739956e+02 4.753741e+00 4.707441e+00
    endloop
  endfacet
  facet normal 6.724550e-16 -8.660254e-01 5.000000e-01
    outer loop
      vertex   1.733260e+02 4.607486e+00 4.454121e+00
      vertex   1.739956e+02 4.753741e+00 4.707441e+00
      vertex   1.733155e+02 4.764283e+00 4.725701e+00
    endloop
  endfacet
  facet normal 6.654546e-16 -8.660254e-01 5.000000e-01
    outer loop
      vertex   1.733155e+02 4.764283e+00 4.725701e+00
      vertex   1.739956e+02 4.753741e+00 4.707441e+00
      vertex   1.739637e+02 4.903599e+00 4.967003e+00
    endloop
  endfacet
  facet normal -1.443891e-15 -8.660254e-01 5.000000e-01
    outer loop
      vertex   1.733155e+02 4.764283e+00 4.725701e+00
      vertex   1.739637e+02 4.903599e+00 4.967003e+00
      vertex   1.732777e+02 4.917911e+00 4.991793e+00
    endloop
  endfacet
  facet normal -1.467853e-15 -8.660254e-01 5.000000e-01
    outer loop
      vertex   1.732777e+02 4.917911e+00 4.991793e+00
      vertex   1.739637e+02 4.903599e+00 4.967003e+00
      vertex   1.738979e+02 5.050570e+00 5.221565e+00
    endloop
  endfacet
  facet normal -1.248145e-15 -8.660254e-01 5.000000e-01
    outer loop
      vertex   1.732777e+02 4.917911e+00 4.991793e+00
      vertex   1.738979e+02 5.050570e+00 5.221565e+00
      vertex   1.738108e+02 5.195717e+00 5.472967e+00
    endloop
  endfacet
  facet normal 2.078680e-15 -8.660254e-01 5.000000e-01
    outer loop
      vertex   1.732777e+02 4.917911e+00 4.991793e+00
      vertex   1.738108e+02 5.195717e+00 5.472967e+00
      vertex   1.731898e+02 5.065726e+00 5.247816e+00
    endloop
  endfacet
  facet normal 1.259859e-15 -8.660254e-01 5.000000e-01
    outer loop
      vertex   1.731898e+02 5.065726e+00 5.247816e+00
      vertex   1.738108e+02 5.195717e+00 5.472967e+00
      vertex   1.737017e+02 5.316005e+00 5.681312e+00
    endloop
  endfacet
  facet normal -1.686891e-15 -8.660254e-01 5.000000e-01
    outer loop
      vertex   1.731898e+02 5.065726e+00 5.247816e+00
      vertex   1.737017e+02 5.316005e+00 5.681312e+00
      vertex   1.730673e+02 5.209520e+00 5.496874e+00
    endloop
  endfacet
  facet normal 5.006727e-16 -8.660254e-01 5.000000e-01
    outer loop
      vertex   1.730673e+02 5.209520e+00 5.496874e+00
      vertex   1.737017e+02 5.316005e+00 5.681312e+00
      vertex   1.735719e+02 5.429165e+00 5.877310e+00
    endloop
  endfacet
  facet normal -3.194580e-15 -8.660254e-01 5.000000e-01
    outer loop
      vertex   1.730673e+02 5.209520e+00 5.496874e+00
      vertex   1.735719e+02 5.429165e+00 5.877310e+00
      vertex   1.734072e+02 5.530225e+00 6.052351e+00
    endloop
  endfacet
  facet normal 1.324190e-15 -8.660254e-01 5.000000e-01
    outer loop
      vertex   1.730673e+02 5.209520e+00 5.496874e+00
      vertex   1.734072e+02 5.530225e+00 6.052351e+00
      vertex   1.729432e+02 5.298243e+00 5.650546e+00
    endloop
  endfacet
  facet normal -1.727062e-15 -8.660254e-01 5.000000e-01
    outer loop
      vertex   1.729432e+02 5.298243e+00 5.650546e+00
      vertex   1.734072e+02 5.530225e+00 6.052351e+00
      vertex   1.732211e+02 5.623880e+00 6.214566e+00
    endloop
  endfacet
  facet normal 3.630081e-15 -8.660254e-01 5.000000e-01
    outer loop
      vertex   1.729432e+02 5.298243e+00 5.650546e+00
      vertex   1.732211e+02 5.623880e+00 6.214566e+00
      vertex   1.728024e+02 5.377591e+00 5.787981e+00
    endloop
  endfacet
  facet normal 4.386361e-16 -8.660254e-01 5.000000e-01
    outer loop
      vertex   1.728024e+02 5.377591e+00 5.787981e+00
      vertex   1.732211e+02 5.623880e+00 6.214566e+00
      vertex   1.730531e+02 5.684175e+00 6.319000e+00
    endloop
  endfacet
  facet normal -7.314519e-16 -8.660254e-01 5.000000e-01
    outer loop
      vertex   1.728024e+02 5.377591e+00 5.787981e+00
      vertex   1.730531e+02 5.684175e+00 6.319000e+00
      vertex   1.726323e+02 5.440451e+00 5.896857e+00
    endloop
  endfacet
  facet normal -3.177499e-16 -8.660254e-01 5.000000e-01
    outer loop
      vertex   1.726323e+02 5.440451e+00 5.896857e+00
      vertex   1.730531e+02 5.684175e+00 6.319000e+00
      vertex   1.728766e+02 5.735855e+00 6.408514e+00
    endloop
  endfacet
  facet normal 3.843552e-15 -8.660254e-01 5.000000e-01
    outer loop
      vertex   1.726323e+02 5.440451e+00 5.896857e+00
      vertex   1.728766e+02 5.735855e+00 6.408514e+00
      vertex   1.726863e+02 5.773565e+00 6.473829e+00
    endloop
  endfacet
  facet normal -1.808950e-16 -8.660254e-01 5.000000e-01
    outer loop
      vertex   1.726323e+02 5.440451e+00 5.896857e+00
      vertex   1.726863e+02 5.773565e+00 6.473829e+00
      vertex   1.724434e+02 5.492738e+00 5.987422e+00
    endloop
  endfacet
  facet normal -1.831679e-15 -8.660254e-01 5.000000e-01
    outer loop
      vertex   1.724434e+02 5.492738e+00 5.987422e+00
      vertex   1.726863e+02 5.773565e+00 6.473829e+00
      vertex   1.724880e+02 5.803097e+00 6.524979e+00
    endloop
  endfacet
  facet normal -2.510375e-15 -8.660254e-01 5.000000e-01
    outer loop
      vertex   1.724434e+02 5.492738e+00 5.987422e+00
      vertex   1.724880e+02 5.803097e+00 6.524979e+00
      vertex   1.722329e+02 5.518450e+00 6.031956e+00
    endloop
  endfacet
  facet normal -5.644412e-15 -8.660254e-01 5.000000e-01
    outer loop
      vertex   1.722329e+02 5.518450e+00 6.031956e+00
      vertex   1.724880e+02 5.803097e+00 6.524979e+00
      vertex   1.722670e+02 5.820608e+00 6.555309e+00
    endloop
  endfacet
  facet normal 5.403324e-15 -8.660254e-01 5.000000e-01
    outer loop
      vertex   1.722329e+02 5.518450e+00 6.031956e+00
      vertex   1.722670e+02 5.820608e+00 6.555309e+00
      vertex   1.720202e+02 5.536088e+00 6.062507e+00
    endloop
  endfacet
  facet normal 6.942724e-15 -8.660254e-01 5.000000e-01
    outer loop
      vertex   1.720202e+02 5.536088e+00 6.062507e+00
      vertex   1.722670e+02 5.820608e+00 6.555309e+00
      vertex   1.720450e+02 5.832899e+00 6.576598e+00
    endloop
  endfacet
  facet normal -6.694788e-16 -8.660254e-01 5.000000e-01
    outer loop
      vertex   1.720202e+02 5.536088e+00 6.062507e+00
      vertex   1.720450e+02 5.832899e+00 6.576598e+00
      vertex   1.718045e+02 5.542937e+00 6.074368e+00
    endloop
  endfacet
  facet normal -1.014267e-15 -8.660254e-01 5.000000e-01
    outer loop
      vertex   1.718045e+02 5.542937e+00 6.074368e+00
      vertex   1.720450e+02 5.832899e+00 6.576598e+00
      vertex   1.718218e+02 5.837942e+00 6.585333e+00
    endloop
  endfacet
  facet normal 2.578572e-15 -8.660254e-01 5.000000e-01
    outer loop
      vertex   1.718045e+02 5.542937e+00 6.074368e+00
      vertex   1.718218e+02 5.837942e+00 6.585333e+00
      vertex   1.715979e+02 5.839100e+00 6.587339e+00
    endloop
  endfacet
  facet normal 5.332267e-16 -8.660254e-01 5.000000e-01
    outer loop
      vertex   1.698755e+02 5.839471e+00 6.587982e+00
      vertex   1.705369e+02 5.544308e+00 6.076744e+00
      vertex   1.715979e+02 5.839100e+00 6.587339e+00
    endloop
  endfacet
  facet normal -2.425779e-17 -8.660254e-01 5.000000e-01
    outer loop
      vertex   1.715979e+02 5.839100e+00 6.587339e+00
      vertex   1.705369e+02 5.544308e+00 6.076744e+00
      vertex   1.715874e+02 5.544082e+00 6.076352e+00
    endloop
  endfacet
  facet normal -6.997869e-16 -8.660254e-01 5.000000e-01
    outer loop
      vertex   1.715979e+02 5.839100e+00 6.587339e+00
      vertex   1.715874e+02 5.544082e+00 6.076352e+00
      vertex   1.718045e+02 5.542937e+00 6.074368e+00
    endloop
  endfacet
  facet normal 8.148798e-16 -8.660254e-01 5.000000e-01
    outer loop
      vertex   1.705369e+02 5.544308e+00 6.076744e+00
      vertex   1.698755e+02 5.839471e+00 6.587982e+00
      vertex   1.705353e+02 3.634349e+00 2.768598e+00
    endloop
  endfacet
  facet normal 6.779405e-04 4.999999e-01 8.660252e-01
    outer loop
      vertex   7.629923e+01 2.623523e+00 5.017795e+00
      vertex   7.745543e+01 2.623131e+00 5.017116e+00
      vertex   7.629923e+01 4.355573e+00 4.017795e+00
    endloop
  endfacet
  facet normal 6.779405e-04 4.999999e-01 8.660252e-01
    outer loop
      vertex   7.629923e+01 4.355573e+00 4.017795e+00
      vertex   7.745543e+01 2.623131e+00 5.017116e+00
      vertex   7.745543e+01 4.355181e+00 4.017116e+00
    endloop
  endfacet
  facet normal 1.589940e-02 4.999368e-01 8.659159e-01
    outer loop
      vertex   7.745543e+01 2.623131e+00 5.017116e+00
      vertex   7.764027e+01 2.621661e+00 5.014571e+00
      vertex   7.745543e+01 4.355181e+00 4.017116e+00
    endloop
  endfacet
  facet normal 1.589940e-02 4.999368e-01 8.659159e-01
    outer loop
      vertex   7.745543e+01 4.355181e+00 4.017116e+00
      vertex   7.764027e+01 2.621661e+00 5.014571e+00
      vertex   7.764027e+01 4.353712e+00 4.014571e+00
    endloop
  endfacet
  facet normal 6.592548e-02 4.989123e-01 8.641414e-01
    outer loop
      vertex   7.764027e+01 4.353712e+00 4.014571e+00
      vertex   7.764027e+01 2.621661e+00 5.014571e+00
      vertex   7.782393e+01 2.615594e+00 5.004062e+00
    endloop
  endfacet
  facet normal 6.592548e-02 4.989123e-01 8.641414e-01
    outer loop
      vertex   7.764027e+01 4.353712e+00 4.014571e+00
      vertex   7.782393e+01 2.615594e+00 5.004062e+00
      vertex   7.782393e+01 4.347645e+00 4.004062e+00
    endloop
  endfacet
  facet normal 1.590724e-01 4.936335e-01 8.549982e-01
    outer loop
      vertex   7.782393e+01 4.347645e+00 4.004062e+00
      vertex   7.782393e+01 2.615594e+00 5.004062e+00
      vertex   7.800538e+01 2.600976e+00 4.978743e+00
    endloop
  endfacet
  facet normal 1.590724e-01 4.936335e-01 8.549982e-01
    outer loop
      vertex   7.782393e+01 4.347645e+00 4.004062e+00
      vertex   7.800538e+01 2.600976e+00 4.978743e+00
      vertex   7.800538e+01 4.333027e+00 3.978743e+00
    endloop
  endfacet
  facet normal 2.245589e-01 4.872303e-01 8.439076e-01
    outer loop
      vertex   7.800538e+01 4.333027e+00 3.978743e+00
      vertex   7.800538e+01 2.600976e+00 4.978743e+00
      vertex   7.818525e+01 2.580250e+00 4.942845e+00
    endloop
  endfacet
  facet normal 2.245589e-01 4.872303e-01 8.439076e-01
    outer loop
      vertex   7.800538e+01 4.333027e+00 3.978743e+00
      vertex   7.818525e+01 2.580250e+00 4.942845e+00
      vertex   7.818525e+01 4.312301e+00 3.942845e+00
    endloop
  endfacet
  facet normal 3.891554e-01 4.605861e-01 7.977585e-01
    outer loop
      vertex   7.818525e+01 2.580250e+00 4.942845e+00
      vertex   7.830197e+01 2.555596e+00 4.900143e+00
      vertex   7.818525e+01 4.312301e+00 3.942845e+00
    endloop
  endfacet
  facet normal 3.891554e-01 4.605861e-01 7.977585e-01
    outer loop
      vertex   7.818525e+01 4.312301e+00 3.942845e+00
      vertex   7.830197e+01 2.555596e+00 4.900143e+00
      vertex   7.830197e+01 4.287647e+00 3.900143e+00
    endloop
  endfacet
  facet normal 4.984079e-01 4.334713e-01 7.507944e-01
    outer loop
      vertex   7.830197e+01 4.287647e+00 3.900143e+00
      vertex   7.830197e+01 2.555596e+00 4.900143e+00
      vertex   7.840952e+01 2.524680e+00 4.846595e+00
    endloop
  endfacet
  facet normal 4.984079e-01 4.334713e-01 7.507944e-01
    outer loop
      vertex   7.830197e+01 4.287647e+00 3.900143e+00
      vertex   7.840952e+01 2.524680e+00 4.846595e+00
      vertex   7.840952e+01 4.256731e+00 3.846595e+00
    endloop
  endfacet
  facet normal 6.699419e-01 3.712068e-01 6.429490e-01
    outer loop
      vertex   7.840952e+01 4.256731e+00 3.846595e+00
      vertex   7.840952e+01 2.524680e+00 4.846595e+00
      vertex   7.850155e+01 2.483158e+00 4.774677e+00
    endloop
  endfacet
  facet normal 6.699419e-01 3.712068e-01 6.429490e-01
    outer loop
      vertex   7.840952e+01 4.256731e+00 3.846595e+00
      vertex   7.850155e+01 2.483158e+00 4.774677e+00
      vertex   7.850155e+01 4.215209e+00 3.774677e+00
    endloop
  endfacet
  facet normal 7.581891e-01 3.260174e-01 5.646787e-01
    outer loop
      vertex   7.850155e+01 4.215209e+00 3.774677e+00
      vertex   7.850155e+01 2.483158e+00 4.774677e+00
      vertex   7.858410e+01 2.435163e+00 4.691546e+00
    endloop
  endfacet
  facet normal 7.581891e-01 3.260174e-01 5.646787e-01
    outer loop
      vertex   7.850155e+01 4.215209e+00 3.774677e+00
      vertex   7.858410e+01 2.435163e+00 4.691546e+00
      vertex   7.858410e+01 4.167213e+00 3.691546e+00
    endloop
  endfacet
  facet normal 8.767759e-01 2.404496e-01 4.164708e-01
    outer loop
      vertex   7.858410e+01 2.435163e+00 4.691546e+00
      vertex   7.864619e+01 2.378568e+00 4.593520e+00
      vertex   7.858410e+01 4.167213e+00 3.691546e+00
    endloop
  endfacet
  facet normal 8.767759e-01 2.404496e-01 4.164708e-01
    outer loop
      vertex   7.858410e+01 4.167213e+00 3.691546e+00
      vertex   7.864619e+01 2.378568e+00 4.593520e+00
      vertex   7.864619e+01 4.110618e+00 3.593520e+00
    endloop
  endfacet
  facet normal 9.275506e-01 1.868488e-01 3.236317e-01
    outer loop
      vertex   7.864619e+01 4.110618e+00 3.593520e+00
      vertex   7.864619e+01 2.378568e+00 4.593520e+00
      vertex   7.869357e+01 2.319765e+00 4.491672e+00
    endloop
  endfacet
  facet normal 9.275506e-01 1.868488e-01 3.236317e-01
    outer loop
      vertex   7.864619e+01 4.110618e+00 3.593520e+00
      vertex   7.869357e+01 2.319765e+00 4.491672e+00
      vertex   7.869357e+01 4.051816e+00 3.491672e+00
    endloop
  endfacet
  facet normal 9.824991e-01 9.313355e-02 1.613120e-01
    outer loop
      vertex   7.869357e+01 4.051816e+00 3.491672e+00
      vertex   7.869357e+01 2.319765e+00 4.491672e+00
      vertex   7.871721e+01 2.257401e+00 4.383653e+00
    endloop
  endfacet
  facet normal 9.824991e-01 9.313355e-02 1.613120e-01
    outer loop
      vertex   7.869357e+01 4.051816e+00 3.491672e+00
      vertex   7.871721e+01 2.257401e+00 4.383653e+00
      vertex   7.871721e+01 3.989452e+00 3.383653e+00
    endloop
  endfacet
  facet normal 9.971173e-01 3.793777e-02 6.571015e-02
    outer loop
      vertex   7.871721e+01 3.989452e+00 3.383653e+00
      vertex   7.871721e+01 2.257401e+00 4.383653e+00
      vertex   7.872702e+01 2.192959e+00 4.272036e+00
    endloop
  endfacet
  facet normal 9.971173e-01 3.793777e-02 6.571015e-02
    outer loop
      vertex   7.871721e+01 3.989452e+00 3.383653e+00
      vertex   7.872702e+01 2.192959e+00 4.272036e+00
      vertex   7.872702e+01 3.925009e+00 3.272036e+00
    endloop
  endfacet
  facet normal 9.981097e-01 -3.072855e-02 -5.322340e-02
    outer loop
      vertex   7.872702e+01 2.192959e+00 4.272036e+00
      vertex   7.872025e+01 2.137947e+00 4.176753e+00
      vertex   7.872702e+01 3.925009e+00 3.272036e+00
    endloop
  endfacet
  facet normal 9.981097e-01 -3.072855e-02 -5.322340e-02
    outer loop
      vertex   7.872702e+01 3.925009e+00 3.272036e+00
      vertex   7.872025e+01 2.137947e+00 4.176753e+00
      vertex   7.872025e+01 3.869997e+00 3.176753e+00
    endloop
  endfacet
  facet normal 9.886536e-01 -7.510657e-02 -1.300884e-01
    outer loop
      vertex   7.872025e+01 3.869997e+00 3.176753e+00
      vertex   7.872025e+01 2.137947e+00 4.176753e+00
      vertex   7.870388e+01 2.084082e+00 4.083456e+00
    endloop
  endfacet
  facet normal 9.886536e-01 -7.510657e-02 -1.300884e-01
    outer loop
      vertex   7.872025e+01 3.869997e+00 3.176753e+00
      vertex   7.870388e+01 2.084082e+00 4.083456e+00
      vertex   7.870388e+01 3.816133e+00 3.083456e+00
    endloop
  endfacet
  facet normal 9.532842e-01 -1.510374e-01 -2.616044e-01
    outer loop
      vertex   7.870388e+01 3.816133e+00 3.083456e+00
      vertex   7.870388e+01 2.084082e+00 4.083456e+00
      vertex   7.867099e+01 2.032192e+00 3.993581e+00
    endloop
  endfacet
  facet normal 9.532842e-01 -1.510374e-01 -2.616044e-01
    outer loop
      vertex   7.870388e+01 3.816133e+00 3.083456e+00
      vertex   7.867099e+01 2.032192e+00 3.993581e+00
      vertex   7.867099e+01 3.764243e+00 2.993581e+00
    endloop
  endfacet
  facet normal 9.199827e-01 -1.959795e-01 -3.394464e-01
    outer loop
      vertex   7.867099e+01 3.764243e+00 2.993581e+00
      vertex   7.867099e+01 2.032192e+00 3.993581e+00
      vertex   7.862783e+01 1.981533e+00 3.905836e+00
    endloop
  endfacet
  facet normal 9.199827e-01 -1.959795e-01 -3.394464e-01
    outer loop
      vertex   7.867099e+01 3.764243e+00 2.993581e+00
      vertex   7.862783e+01 1.981533e+00 3.905836e+00
      vertex   7.862783e+01 3.713583e+00 2.905836e+00
    endloop
  endfacet
  facet normal 8.447281e-01 -2.675978e-01 -4.634930e-01
    outer loop
      vertex   7.862783e+01 1.981533e+00 3.905836e+00
      vertex   7.857693e+01 1.941368e+00 3.836268e+00
      vertex   7.862783e+01 3.713583e+00 2.905836e+00
    endloop
  endfacet
  facet normal 8.447281e-01 -2.675978e-01 -4.634930e-01
    outer loop
      vertex   7.862783e+01 3.713583e+00 2.905836e+00
      vertex   7.857693e+01 1.941368e+00 3.836268e+00
      vertex   7.857693e+01 3.673418e+00 2.836268e+00
    endloop
  endfacet
  facet normal 7.913139e-01 -3.057051e-01 -5.294967e-01
    outer loop
      vertex   7.857693e+01 3.673418e+00 2.836268e+00
      vertex   7.857693e+01 1.941368e+00 3.836268e+00
      vertex   7.851952e+01 1.904212e+00 3.771913e+00
    endloop
  endfacet
  facet normal 7.913139e-01 -3.057051e-01 -5.294967e-01
    outer loop
      vertex   7.857693e+01 3.673418e+00 2.836268e+00
      vertex   7.851952e+01 1.904212e+00 3.771913e+00
      vertex   7.851952e+01 3.636263e+00 2.771913e+00
    endloop
  endfacet
  facet normal 6.816640e-01 -3.658327e-01 -6.336408e-01
    outer loop
      vertex   7.851952e+01 3.636263e+00 2.771913e+00
      vertex   7.851952e+01 1.904212e+00 3.771913e+00
      vertex   7.845088e+01 1.872238e+00 3.716532e+00
    endloop
  endfacet
  facet normal 6.816640e-01 -3.658327e-01 -6.336408e-01
    outer loop
      vertex   7.851952e+01 3.636263e+00 2.771913e+00
      vertex   7.845088e+01 1.872238e+00 3.716532e+00
      vertex   7.845088e+01 3.604289e+00 2.716532e+00
    endloop
  endfacet
  facet normal 6.052660e-01 -3.980116e-01 -6.893764e-01
    outer loop
      vertex   7.845088e+01 3.604289e+00 2.716532e+00
      vertex   7.845088e+01 1.872238e+00 3.716532e+00
      vertex   7.837525e+01 1.843487e+00 3.666734e+00
    endloop
  endfacet
  facet normal 6.052660e-01 -3.980116e-01 -6.893764e-01
    outer loop
      vertex   7.845088e+01 3.604289e+00 2.716532e+00
      vertex   7.837525e+01 1.843487e+00 3.666734e+00
      vertex   7.837525e+01 3.575538e+00 2.666734e+00
    endloop
  endfacet
  facet normal 4.567259e-01 -4.448037e-01 -7.704227e-01
    outer loop
      vertex   7.837525e+01 1.843487e+00 3.666734e+00
      vertex   7.828432e+01 1.820145e+00 3.626305e+00
      vertex   7.837525e+01 3.575538e+00 2.666734e+00
    endloop
  endfacet
  facet normal 4.567259e-01 -4.448037e-01 -7.704227e-01
    outer loop
      vertex   7.837525e+01 3.575538e+00 2.666734e+00
      vertex   7.828432e+01 1.820145e+00 3.626305e+00
      vertex   7.828432e+01 3.552196e+00 2.626305e+00
    endloop
  endfacet
  facet normal 3.884934e-01 -4.607257e-01 -7.980004e-01
    outer loop
      vertex   7.828432e+01 3.552196e+00 2.626305e+00
      vertex   7.828432e+01 1.820145e+00 3.626305e+00
      vertex   7.819076e+01 1.800423e+00 3.592144e+00
    endloop
  endfacet
  facet normal 3.884934e-01 -4.607257e-01 -7.980004e-01
    outer loop
      vertex   7.828432e+01 3.552196e+00 2.626305e+00
      vertex   7.819076e+01 1.800423e+00 3.592144e+00
      vertex   7.819076e+01 3.532474e+00 2.592144e+00
    endloop
  endfacet
  facet normal 2.775215e-01 -4.803597e-01 -8.320074e-01
    outer loop
      vertex   7.819076e+01 3.532474e+00 2.592144e+00
      vertex   7.819076e+01 1.800423e+00 3.592144e+00
      vertex   7.809312e+01 1.786320e+00 3.567718e+00
    endloop
  endfacet
  facet normal 2.775215e-01 -4.803597e-01 -8.320074e-01
    outer loop
      vertex   7.819076e+01 3.532474e+00 2.592144e+00
      vertex   7.809312e+01 1.786320e+00 3.567718e+00
      vertex   7.809312e+01 3.518371e+00 2.567718e+00
    endloop
  endfacet
  facet normal 2.133927e-01 -4.884833e-01 -8.460778e-01
    outer loop
      vertex   7.809312e+01 3.518371e+00 2.567718e+00
      vertex   7.809312e+01 1.786320e+00 3.567718e+00
      vertex   7.799317e+01 1.775404e+00 3.548810e+00
    endloop
  endfacet
  facet normal 2.133927e-01 -4.884833e-01 -8.460778e-01
    outer loop
      vertex   7.809312e+01 3.518371e+00 2.567718e+00
      vertex   7.799317e+01 1.775404e+00 3.548810e+00
      vertex   7.799317e+01 3.507455e+00 2.548810e+00
    endloop
  endfacet
  facet normal 1.090437e-01 -4.970185e-01 -8.608613e-01
    outer loop
      vertex   7.799317e+01 1.775404e+00 3.548810e+00
      vertex   7.788100e+01 1.769252e+00 3.538154e+00
      vertex   7.799317e+01 3.507455e+00 2.548810e+00
    endloop
  endfacet
  facet normal 1.090437e-01 -4.970185e-01 -8.608613e-01
    outer loop
      vertex   7.799317e+01 3.507455e+00 2.548810e+00
      vertex   7.788100e+01 1.769252e+00 3.538154e+00
      vertex   7.788100e+01 3.501302e+00 2.538154e+00
    endloop
  endfacet
  facet normal 7.260267e-02 -4.986805e-01 -8.637399e-01
    outer loop
      vertex   7.788100e+01 3.501302e+00 2.538154e+00
      vertex   7.788100e+01 1.769252e+00 3.538154e+00
      vertex   7.776858e+01 1.765160e+00 3.531067e+00
    endloop
  endfacet
  facet normal 7.260267e-02 -4.986805e-01 -8.637399e-01
    outer loop
      vertex   7.788100e+01 3.501302e+00 2.538154e+00
      vertex   7.776858e+01 1.765160e+00 3.531067e+00
      vertex   7.776858e+01 3.497211e+00 2.531067e+00
    endloop
  endfacet
  facet normal 2.584529e-02 -4.998330e-01 -8.657361e-01
    outer loop
      vertex   7.776858e+01 3.497211e+00 2.531067e+00
      vertex   7.776858e+01 1.765160e+00 3.531067e+00
      vertex   7.765585e+01 1.763703e+00 3.528543e+00
    endloop
  endfacet
  facet normal 2.584529e-02 -4.998330e-01 -8.657361e-01
    outer loop
      vertex   7.776858e+01 3.497211e+00 2.531067e+00
      vertex   7.765585e+01 1.763703e+00 3.528543e+00
      vertex   7.765585e+01 3.495753e+00 2.528543e+00
    endloop
  endfacet
  facet normal 1.479537e-03 -4.999995e-01 -8.660245e-01
    outer loop
      vertex   7.765585e+01 3.495753e+00 2.528543e+00
      vertex   7.765585e+01 1.763703e+00 3.528543e+00
      vertex   7.754295e+01 1.763619e+00 3.528398e+00
    endloop
  endfacet
  facet normal 1.479537e-03 -4.999995e-01 -8.660245e-01
    outer loop
      vertex   7.765585e+01 3.495753e+00 2.528543e+00
      vertex   7.754295e+01 1.763619e+00 3.528398e+00
      vertex   7.754295e+01 3.495670e+00 2.528398e+00
    endloop
  endfacet
  facet normal -6.779405e-04 -4.999999e-01 -8.660252e-01
    outer loop
      vertex   7.754295e+01 1.763619e+00 3.528398e+00
      vertex   7.629806e+01 1.764041e+00 3.529129e+00
      vertex   7.754295e+01 3.495670e+00 2.528398e+00
    endloop
  endfacet
  facet normal -6.779405e-04 -4.999999e-01 -8.660252e-01
    outer loop
      vertex   7.754295e+01 3.495670e+00 2.528398e+00
      vertex   7.629806e+01 1.764041e+00 3.529129e+00
      vertex   7.629806e+01 3.496092e+00 2.529129e+00
    endloop
  endfacet
  facet normal -9.999998e-01 3.389703e-04 5.871137e-04
    outer loop
      vertex   7.629806e+01 1.764041e+00 3.529129e+00
      vertex   7.629923e+01 2.623523e+00 5.017795e+00
      vertex   7.629806e+01 3.496092e+00 2.529129e+00
    endloop
  endfacet
  facet normal -9.999998e-01 3.389703e-04 5.871137e-04
    outer loop
      vertex   7.629806e+01 3.496092e+00 2.529129e+00
      vertex   7.629923e+01 2.623523e+00 5.017795e+00
      vertex   7.629923e+01 4.355573e+00 4.017795e+00
    endloop
  endfacet
  facet normal 6.779405e-04 4.999999e-01 8.660252e-01
    outer loop
      vertex   7.630065e+01 3.674000e+00 6.837275e+00
      vertex   7.729997e+01 3.673661e+00 6.836688e+00
      vertex   7.630065e+01 5.406051e+00 5.837275e+00
    endloop
  endfacet
  facet normal 6.779405e-04 4.999999e-01 8.660252e-01
    outer loop
      vertex   7.630065e+01 5.406051e+00 5.837275e+00
      vertex   7.729997e+01 3.673661e+00 6.836688e+00
      vertex   7.729997e+01 5.405712e+00 5.836688e+00
    endloop
  endfacet
  facet normal 5.634069e-03 4.999921e-01 8.660117e-01
    outer loop
      vertex   7.729997e+01 3.673661e+00 6.836688e+00
      vertex   7.749195e+01 3.673120e+00 6.835751e+00
      vertex   7.729997e+01 5.405712e+00 5.836688e+00
    endloop
  endfacet
  facet normal 5.634069e-03 4.999921e-01 8.660117e-01
    outer loop
      vertex   7.729997e+01 5.405712e+00 5.836688e+00
      vertex   7.749195e+01 3.673120e+00 6.835751e+00
      vertex   7.749195e+01 5.405171e+00 5.835751e+00
    endloop
  endfacet
  facet normal 4.836413e-02 4.994149e-01 8.650120e-01
    outer loop
      vertex   7.749195e+01 5.405171e+00 5.835751e+00
      vertex   7.749195e+01 3.673120e+00 6.835751e+00
      vertex   7.768303e+01 3.668494e+00 6.827738e+00
    endloop
  endfacet
  facet normal 4.836413e-02 4.994149e-01 8.650120e-01
    outer loop
      vertex   7.749195e+01 5.405171e+00 5.835751e+00
      vertex   7.768303e+01 3.668494e+00 6.827738e+00
      vertex   7.768303e+01 5.400545e+00 5.827738e+00
    endloop
  endfacet
  facet normal 1.301900e-01 4.957445e-01 8.586547e-01
    outer loop
      vertex   7.768303e+01 5.400545e+00 5.827738e+00
      vertex   7.768303e+01 3.668494e+00 6.827738e+00
      vertex   7.787242e+01 3.656060e+00 6.806202e+00
    endloop
  endfacet
  facet normal 1.301900e-01 4.957445e-01 8.586547e-01
    outer loop
      vertex   7.768303e+01 5.400545e+00 5.827738e+00
      vertex   7.787242e+01 3.656060e+00 6.806202e+00
      vertex   7.787242e+01 5.388111e+00 5.806202e+00
    endloop
  endfacet
  facet normal 1.927144e-01 4.906274e-01 8.497917e-01
    outer loop
      vertex   7.787242e+01 5.388111e+00 5.806202e+00
      vertex   7.787242e+01 3.656060e+00 6.806202e+00
      vertex   7.806049e+01 3.637592e+00 6.774214e+00
    endloop
  endfacet
  facet normal 1.927144e-01 4.906274e-01 8.497917e-01
    outer loop
      vertex   7.787242e+01 5.388111e+00 5.806202e+00
      vertex   7.806049e+01 3.637592e+00 6.774214e+00
      vertex   7.806049e+01 5.369642e+00 5.774214e+00
    endloop
  endfacet
  facet normal 3.897043e-01 4.604700e-01 7.975575e-01
    outer loop
      vertex   7.806049e+01 3.637592e+00 6.774214e+00
      vertex   7.816233e+01 3.616044e+00 6.736893e+00
      vertex   7.806049e+01 5.369642e+00 5.774214e+00
    endloop
  endfacet
  facet normal 3.897043e-01 4.604700e-01 7.975575e-01
    outer loop
      vertex   7.806049e+01 5.369642e+00 5.774214e+00
      vertex   7.816233e+01 3.616044e+00 6.736893e+00
      vertex   7.816233e+01 5.348095e+00 5.736893e+00
    endloop
  endfacet
  facet normal 5.090341e-01 4.303732e-01 7.454282e-01
    outer loop
      vertex   7.816233e+01 5.348095e+00 5.736893e+00
      vertex   7.816233e+01 3.616044e+00 6.736893e+00
      vertex   7.825516e+01 3.588596e+00 6.689351e+00
    endloop
  endfacet
  facet normal 5.090341e-01 4.303732e-01 7.454282e-01
    outer loop
      vertex   7.816233e+01 5.348095e+00 5.736893e+00
      vertex   7.825516e+01 3.588596e+00 6.689351e+00
      vertex   7.825516e+01 5.320647e+00 5.689351e+00
    endloop
  endfacet
  facet normal 6.932291e-01 3.603586e-01 6.241595e-01
    outer loop
      vertex   7.825516e+01 5.320647e+00 5.689351e+00
      vertex   7.825516e+01 3.588596e+00 6.689351e+00
      vertex   7.833285e+01 3.551233e+00 6.624636e+00
    endloop
  endfacet
  facet normal 6.932291e-01 3.603586e-01 6.241595e-01
    outer loop
      vertex   7.825516e+01 5.320647e+00 5.689351e+00
      vertex   7.833285e+01 3.551233e+00 6.624636e+00
      vertex   7.833285e+01 5.283283e+00 5.624636e+00
    endloop
  endfacet
  facet normal 7.845888e-01 3.100082e-01 5.369500e-01
    outer loop
      vertex   7.833285e+01 5.283283e+00 5.624636e+00
      vertex   7.833285e+01 3.551233e+00 6.624636e+00
      vertex   7.840138e+01 3.507872e+00 6.549532e+00
    endloop
  endfacet
  facet normal 7.845888e-01 3.100082e-01 5.369500e-01
    outer loop
      vertex   7.833285e+01 5.283283e+00 5.624636e+00
      vertex   7.840138e+01 3.507872e+00 6.549532e+00
      vertex   7.840138e+01 5.239922e+00 5.549532e+00
    endloop
  endfacet
  facet normal 8.937970e-01 2.242359e-01 3.883879e-01
    outer loop
      vertex   7.840138e+01 3.507872e+00 6.549532e+00
      vertex   7.845310e+01 3.456335e+00 6.460269e+00
      vertex   7.840138e+01 5.239922e+00 5.549532e+00
    endloop
  endfacet
  facet normal 8.937970e-01 2.242359e-01 3.883879e-01
    outer loop
      vertex   7.840138e+01 5.239922e+00 5.549532e+00
      vertex   7.845310e+01 3.456335e+00 6.460269e+00
      vertex   7.845310e+01 5.188386e+00 5.460269e+00
    endloop
  endfacet
  facet normal 9.376262e-01 1.738225e-01 3.010694e-01
    outer loop
      vertex   7.845310e+01 5.188386e+00 5.460269e+00
      vertex   7.845310e+01 3.456335e+00 6.460269e+00
      vertex   7.849258e+01 3.403101e+00 6.368065e+00
    endloop
  endfacet
  facet normal 9.376262e-01 1.738225e-01 3.010694e-01
    outer loop
      vertex   7.845310e+01 5.188386e+00 5.460269e+00
      vertex   7.849258e+01 3.403101e+00 6.368065e+00
      vertex   7.849258e+01 5.135152e+00 5.368065e+00
    endloop
  endfacet
  facet normal 9.848581e-01 8.668121e-02 1.501363e-01
    outer loop
      vertex   7.849258e+01 5.135152e+00 5.368065e+00
      vertex   7.849258e+01 3.403101e+00 6.368065e+00
      vertex   7.851228e+01 3.347125e+00 6.271112e+00
    endloop
  endfacet
  facet normal 9.848581e-01 8.668121e-02 1.501363e-01
    outer loop
      vertex   7.849258e+01 5.135152e+00 5.368065e+00
      vertex   7.851228e+01 3.347125e+00 6.271112e+00
      vertex   7.851228e+01 5.079176e+00 5.271112e+00
    endloop
  endfacet
  facet normal 9.974882e-01 3.541628e-02 6.134279e-02
    outer loop
      vertex   7.851228e+01 5.079176e+00 5.271112e+00
      vertex   7.851228e+01 3.347125e+00 6.271112e+00
      vertex   7.852046e+01 3.289550e+00 6.171388e+00
    endloop
  endfacet
  facet normal 9.974882e-01 3.541628e-02 6.134279e-02
    outer loop
      vertex   7.851228e+01 5.079176e+00 5.271112e+00
      vertex   7.852046e+01 3.289550e+00 6.171388e+00
      vertex   7.852046e+01 5.021601e+00 5.171388e+00
    endloop
  endfacet
  facet normal 9.975359e-01 -3.507878e-02 -6.075823e-02
    outer loop
      vertex   7.852046e+01 3.289550e+00 6.171388e+00
      vertex   7.851226e+01 3.231266e+00 6.070438e+00
      vertex   7.852046e+01 5.021601e+00 5.171388e+00
    endloop
  endfacet
  facet normal 9.975359e-01 -3.507878e-02 -6.075823e-02
    outer loop
      vertex   7.852046e+01 5.021601e+00 5.171388e+00
      vertex   7.851226e+01 3.231266e+00 6.070438e+00
      vertex   7.851226e+01 4.963317e+00 5.070438e+00
    endloop
  endfacet
  facet normal 9.831037e-01 -9.152463e-02 -1.585253e-01
    outer loop
      vertex   7.851226e+01 4.963317e+00 5.070438e+00
      vertex   7.851226e+01 3.231266e+00 6.070438e+00
      vertex   7.849129e+01 3.174942e+00 5.972882e+00
    endloop
  endfacet
  facet normal 9.831037e-01 -9.152463e-02 -1.585253e-01
    outer loop
      vertex   7.851226e+01 4.963317e+00 5.070438e+00
      vertex   7.849129e+01 3.174942e+00 5.972882e+00
      vertex   7.849129e+01 4.906993e+00 4.972882e+00
    endloop
  endfacet
  facet normal 9.255384e-01 -1.893269e-01 -3.279238e-01
    outer loop
      vertex   7.849129e+01 4.906993e+00 4.972882e+00
      vertex   7.849129e+01 3.174942e+00 5.972882e+00
      vertex   7.844800e+01 3.122042e+00 5.881255e+00
    endloop
  endfacet
  facet normal 9.255384e-01 -1.893269e-01 -3.279238e-01
    outer loop
      vertex   7.849129e+01 4.906993e+00 4.972882e+00
      vertex   7.844800e+01 3.122042e+00 5.881255e+00
      vertex   7.844800e+01 4.854092e+00 4.881255e+00
    endloop
  endfacet
  facet normal 8.702064e-01 -2.463437e-01 -4.266797e-01
    outer loop
      vertex   7.844800e+01 4.854092e+00 4.881255e+00
      vertex   7.844800e+01 3.122042e+00 5.881255e+00
      vertex   7.839056e+01 3.071313e+00 5.793391e+00
    endloop
  endfacet
  facet normal 8.702064e-01 -2.463437e-01 -4.266797e-01
    outer loop
      vertex   7.844800e+01 4.854092e+00 4.881255e+00
      vertex   7.839056e+01 3.071313e+00 5.793391e+00
      vertex   7.839056e+01 4.803364e+00 4.793391e+00
    endloop
  endfacet
  facet normal 7.257019e-01 -3.440046e-01 -5.958335e-01
    outer loop
      vertex   7.839056e+01 3.071313e+00 5.793391e+00
      vertex   7.831067e+01 3.029180e+00 5.720414e+00
      vertex   7.839056e+01 4.803364e+00 4.793391e+00
    endloop
  endfacet
  facet normal 7.257019e-01 -3.440046e-01 -5.958335e-01
    outer loop
      vertex   7.839056e+01 4.803364e+00 4.793391e+00
      vertex   7.831067e+01 3.029180e+00 5.720414e+00
      vertex   7.831067e+01 4.761230e+00 4.720414e+00
    endloop
  endfacet
  facet normal 6.304027e-01 -3.881341e-01 -6.722680e-01
    outer loop
      vertex   7.831067e+01 4.761230e+00 4.720414e+00
      vertex   7.831067e+01 3.029180e+00 5.720414e+00
      vertex   7.822237e+01 2.993325e+00 5.658311e+00
    endloop
  endfacet
  facet normal 6.304027e-01 -3.881341e-01 -6.722680e-01
    outer loop
      vertex   7.831067e+01 4.761230e+00 4.720414e+00
      vertex   7.822237e+01 2.993325e+00 5.658311e+00
      vertex   7.822237e+01 4.725375e+00 4.658311e+00
    endloop
  endfacet
  facet normal 4.559292e-01 -4.450080e-01 -7.707765e-01
    outer loop
      vertex   7.822237e+01 4.725375e+00 4.658311e+00
      vertex   7.822237e+01 2.993325e+00 5.658311e+00
      vertex   7.812086e+01 2.967325e+00 5.613278e+00
    endloop
  endfacet
  facet normal 4.559292e-01 -4.450080e-01 -7.707765e-01
    outer loop
      vertex   7.822237e+01 4.725375e+00 4.658311e+00
      vertex   7.812086e+01 2.967325e+00 5.613278e+00
      vertex   7.812086e+01 4.699376e+00 4.613278e+00
    endloop
  endfacet
  facet normal 3.499936e-01 -4.683761e-01 -8.112511e-01
    outer loop
      vertex   7.812086e+01 4.699376e+00 4.613278e+00
      vertex   7.812086e+01 2.967325e+00 5.613278e+00
      vertex   7.801181e+01 2.946953e+00 5.577993e+00
    endloop
  endfacet
  facet normal 3.499936e-01 -4.683761e-01 -8.112511e-01
    outer loop
      vertex   7.812086e+01 4.699376e+00 4.613278e+00
      vertex   7.801181e+01 2.946953e+00 5.577993e+00
      vertex   7.801181e+01 4.679004e+00 4.577993e+00
    endloop
  endfacet
  facet normal 1.847247e-01 -4.913952e-01 -8.511214e-01
    outer loop
      vertex   7.801181e+01 2.946953e+00 5.577993e+00
      vertex   7.785561e+01 2.932274e+00 5.552568e+00
      vertex   7.801181e+01 4.679004e+00 4.577993e+00
    endloop
  endfacet
  facet normal 1.847247e-01 -4.913952e-01 -8.511214e-01
    outer loop
      vertex   7.801181e+01 4.679004e+00 4.577993e+00
      vertex   7.785561e+01 2.932274e+00 5.552568e+00
      vertex   7.785561e+01 4.664325e+00 4.552568e+00
    endloop
  endfacet
  facet normal 1.254794e-01 -4.960481e-01 -8.591805e-01
    outer loop
      vertex   7.785561e+01 4.664325e+00 4.552568e+00
      vertex   7.785561e+01 2.932274e+00 5.552568e+00
      vertex   7.769843e+01 2.922334e+00 5.535351e+00
    endloop
  endfacet
  facet normal 1.254794e-01 -4.960481e-01 -8.591805e-01
    outer loop
      vertex   7.785561e+01 4.664325e+00 4.552568e+00
      vertex   7.769843e+01 2.922334e+00 5.535351e+00
      vertex   7.769843e+01 4.654385e+00 4.535351e+00
    endloop
  endfacet
  facet normal 4.682968e-02 -4.994514e-01 -8.650753e-01
    outer loop
      vertex   7.769843e+01 4.654385e+00 4.535351e+00
      vertex   7.769843e+01 2.922334e+00 5.535351e+00
      vertex   7.753996e+01 2.918619e+00 5.528917e+00
    endloop
  endfacet
  facet normal 4.682968e-02 -4.994514e-01 -8.650753e-01
    outer loop
      vertex   7.769843e+01 4.654385e+00 4.535351e+00
      vertex   7.753996e+01 2.918619e+00 5.528917e+00
      vertex   7.753996e+01 4.650670e+00 4.528917e+00
    endloop
  endfacet
  facet normal 5.560541e-03 -4.999923e-01 -8.660120e-01
    outer loop
      vertex   7.753996e+01 4.650670e+00 4.528917e+00
      vertex   7.753996e+01 2.918619e+00 5.528917e+00
      vertex   7.738080e+01 2.918176e+00 5.528150e+00
    endloop
  endfacet
  facet normal 5.560541e-03 -4.999923e-01 -8.660120e-01
    outer loop
      vertex   7.753996e+01 4.650670e+00 4.528917e+00
      vertex   7.738080e+01 2.918176e+00 5.528150e+00
      vertex   7.738080e+01 4.650227e+00 4.528150e+00
    endloop
  endfacet
  facet normal -6.779405e-04 -4.999999e-01 -8.660252e-01
    outer loop
      vertex   7.738080e+01 2.918176e+00 5.528150e+00
      vertex   7.629963e+01 2.918543e+00 5.528785e+00
      vertex   7.738080e+01 4.650227e+00 4.528150e+00
    endloop
  endfacet
  facet normal -6.779405e-04 -4.999999e-01 -8.660252e-01
    outer loop
      vertex   7.738080e+01 4.650227e+00 4.528150e+00
      vertex   7.629963e+01 2.918543e+00 5.528785e+00
      vertex   7.629963e+01 4.650594e+00 4.528785e+00
    endloop
  endfacet
  facet normal -9.999998e-01 3.389703e-04 5.871137e-04
    outer loop
      vertex   7.629963e+01 2.918543e+00 5.528785e+00
      vertex   7.630065e+01 3.674000e+00 6.837275e+00
      vertex   7.629963e+01 4.650594e+00 4.528785e+00
    endloop
  endfacet
  facet normal -9.999998e-01 3.389703e-04 5.871137e-04
    outer loop
      vertex   7.629963e+01 4.650594e+00 4.528785e+00
      vertex   7.630065e+01 3.674000e+00 6.837275e+00
      vertex   7.630065e+01 5.406051e+00 5.837275e+00
    endloop
  endfacet
  facet normal -2.016240e-02 4.998984e-01 8.658494e-01
    outer loop
      vertex   7.754255e+01 1.468599e+00 3.017408e+00
      vertex   7.774551e+01 1.470645e+00 3.020953e+00
      vertex   7.754255e+01 3.200650e+00 2.017408e+00
    endloop
  endfacet
  facet normal -2.016240e-02 4.998984e-01 8.658494e-01
    outer loop
      vertex   7.754255e+01 3.200650e+00 2.017408e+00
      vertex   7.774551e+01 1.470645e+00 3.020953e+00
      vertex   7.774551e+01 3.202696e+00 2.020953e+00
    endloop
  endfacet
  facet normal -6.146209e-02 4.990547e-01 8.643881e-01
    outer loop
      vertex   7.774551e+01 3.202696e+00 2.020953e+00
      vertex   7.774551e+01 1.470645e+00 3.020953e+00
      vertex   7.794759e+01 1.476867e+00 3.031730e+00
    endloop
  endfacet
  facet normal -6.146209e-02 4.990547e-01 8.643881e-01
    outer loop
      vertex   7.774551e+01 3.202696e+00 2.020953e+00
      vertex   7.794759e+01 1.476867e+00 3.031730e+00
      vertex   7.794759e+01 3.208918e+00 2.031730e+00
    endloop
  endfacet
  facet normal -1.355301e-01 4.953866e-01 8.580348e-01
    outer loop
      vertex   7.794759e+01 3.208918e+00 2.031730e+00
      vertex   7.794759e+01 1.476867e+00 3.031730e+00
      vertex   7.814808e+01 1.490580e+00 3.055480e+00
    endloop
  endfacet
  facet normal -1.355301e-01 4.953866e-01 8.580348e-01
    outer loop
      vertex   7.794759e+01 3.208918e+00 2.031730e+00
      vertex   7.814808e+01 1.490580e+00 3.055480e+00
      vertex   7.814808e+01 3.222631e+00 2.055480e+00
    endloop
  endfacet
  facet normal -1.840712e-01 4.914565e-01 8.512276e-01
    outer loop
      vertex   7.814808e+01 3.222631e+00 2.055480e+00
      vertex   7.814808e+01 1.490580e+00 3.055480e+00
      vertex   7.834751e+01 1.509254e+00 3.087825e+00
    endloop
  endfacet
  facet normal -1.840712e-01 4.914565e-01 8.512276e-01
    outer loop
      vertex   7.814808e+01 3.222631e+00 2.055480e+00
      vertex   7.834751e+01 1.509254e+00 3.087825e+00
      vertex   7.834751e+01 3.241305e+00 2.087825e+00
    endloop
  endfacet
  facet normal -2.889473e-01 4.786725e-01 8.290851e-01
    outer loop
      vertex   7.834751e+01 1.509254e+00 3.087825e+00
      vertex   7.849319e+01 1.531238e+00 3.125902e+00
      vertex   7.834751e+01 3.241305e+00 2.087825e+00
    endloop
  endfacet
  facet normal -2.889473e-01 4.786725e-01 8.290851e-01
    outer loop
      vertex   7.834751e+01 3.241305e+00 2.087825e+00
      vertex   7.849319e+01 1.531238e+00 3.125902e+00
      vertex   7.849319e+01 3.263288e+00 2.125902e+00
    endloop
  endfacet
  facet normal -3.540941e-01 4.676049e-01 8.099155e-01
    outer loop
      vertex   7.849319e+01 3.263288e+00 2.125902e+00
      vertex   7.849319e+01 1.531238e+00 3.125902e+00
      vertex   7.863448e+01 1.557987e+00 3.172233e+00
    endloop
  endfacet
  facet normal -3.540941e-01 4.676049e-01 8.099155e-01
    outer loop
      vertex   7.849319e+01 3.263288e+00 2.125902e+00
      vertex   7.863448e+01 1.557987e+00 3.172233e+00
      vertex   7.863448e+01 3.290037e+00 2.172233e+00
    endloop
  endfacet
  facet normal -4.652388e-01 4.425926e-01 7.665929e-01
    outer loop
      vertex   7.863448e+01 3.290037e+00 2.172233e+00
      vertex   7.863448e+01 1.557987e+00 3.172233e+00
      vertex   7.876809e+01 1.593099e+00 3.233048e+00
    endloop
  endfacet
  facet normal -4.652388e-01 4.425926e-01 7.665929e-01
    outer loop
      vertex   7.863448e+01 3.290037e+00 2.172233e+00
      vertex   7.876809e+01 1.593099e+00 3.233048e+00
      vertex   7.876809e+01 3.325149e+00 2.233048e+00
    endloop
  endfacet
  facet normal -5.322515e-01 4.232932e-01 7.331652e-01
    outer loop
      vertex   7.876809e+01 3.325149e+00 2.233048e+00
      vertex   7.876809e+01 1.593099e+00 3.233048e+00
      vertex   7.889679e+01 1.633556e+00 3.303122e+00
    endloop
  endfacet
  facet normal -5.322515e-01 4.232932e-01 7.331652e-01
    outer loop
      vertex   7.876809e+01 3.325149e+00 2.233048e+00
      vertex   7.889679e+01 1.633556e+00 3.303122e+00
      vertex   7.889679e+01 3.365607e+00 2.303122e+00
    endloop
  endfacet
  facet normal -6.729917e-01 3.698250e-01 6.405557e-01
    outer loop
      vertex   7.889679e+01 1.633556e+00 3.303122e+00
      vertex   7.900732e+01 1.683839e+00 3.390215e+00
      vertex   7.889679e+01 3.365607e+00 2.303122e+00
    endloop
  endfacet
  facet normal -6.729917e-01 3.698250e-01 6.405557e-01
    outer loop
      vertex   7.889679e+01 3.365607e+00 2.303122e+00
      vertex   7.900732e+01 1.683839e+00 3.390215e+00
      vertex   7.900732e+01 3.415890e+00 2.390215e+00
    endloop
  endfacet
  facet normal -7.389703e-01 3.368690e-01 5.834742e-01
    outer loop
      vertex   7.900732e+01 3.415890e+00 2.390215e+00
      vertex   7.900732e+01 1.683839e+00 3.390215e+00
      vertex   7.910694e+01 1.738473e+00 3.484844e+00
    endloop
  endfacet
  facet normal -7.389703e-01 3.368690e-01 5.834742e-01
    outer loop
      vertex   7.900732e+01 3.415890e+00 2.390215e+00
      vertex   7.910694e+01 1.738473e+00 3.484844e+00
      vertex   7.910694e+01 3.470524e+00 2.484844e+00
    endloop
  endfacet
  facet normal -8.305368e-01 2.784819e-01 4.823448e-01
    outer loop
      vertex   7.910694e+01 3.470524e+00 2.484844e+00
      vertex   7.910694e+01 1.738473e+00 3.484844e+00
      vertex   7.918940e+01 1.799955e+00 3.591335e+00
    endloop
  endfacet
  facet normal -8.305368e-01 2.784819e-01 4.823448e-01
    outer loop
      vertex   7.910694e+01 3.470524e+00 2.484844e+00
      vertex   7.918940e+01 1.799955e+00 3.591335e+00
      vertex   7.918940e+01 3.532006e+00 2.591335e+00
    endloop
  endfacet
  facet normal -8.742271e-01 2.427586e-01 4.204702e-01
    outer loop
      vertex   7.918940e+01 3.532006e+00 2.591335e+00
      vertex   7.918940e+01 1.799955e+00 3.591335e+00
      vertex   7.926205e+01 1.865356e+00 3.704612e+00
    endloop
  endfacet
  facet normal -8.742271e-01 2.427586e-01 4.204702e-01
    outer loop
      vertex   7.918940e+01 3.532006e+00 2.591335e+00
      vertex   7.926205e+01 1.865356e+00 3.704612e+00
      vertex   7.926205e+01 3.597407e+00 2.704612e+00
    endloop
  endfacet
  facet normal -9.265536e-01 1.880814e-01 3.257666e-01
    outer loop
      vertex   7.926205e+01 1.865356e+00 3.704612e+00
      vertex   7.932603e+01 1.944154e+00 3.841094e+00
      vertex   7.926205e+01 3.597407e+00 2.704612e+00
    endloop
  endfacet
  facet normal -9.265536e-01 1.880814e-01 3.257666e-01
    outer loop
      vertex   7.926205e+01 3.597407e+00 2.704612e+00
      vertex   7.932603e+01 1.944154e+00 3.841094e+00
      vertex   7.932603e+01 3.676205e+00 2.841094e+00
    endloop
  endfacet
  facet normal -9.558035e-01 1.470031e-01 2.546168e-01
    outer loop
      vertex   7.932603e+01 3.676205e+00 2.841094e+00
      vertex   7.932603e+01 1.944154e+00 3.841094e+00
      vertex   7.937553e+01 2.024624e+00 3.980473e+00
    endloop
  endfacet
  facet normal -9.558035e-01 1.470031e-01 2.546168e-01
    outer loop
      vertex   7.932603e+01 3.676205e+00 2.841094e+00
      vertex   7.937553e+01 2.024624e+00 3.980473e+00
      vertex   7.937553e+01 3.756675e+00 2.980473e+00
    endloop
  endfacet
  facet normal -9.883681e-01 7.604039e-02 1.317058e-01
    outer loop
      vertex   7.937553e+01 3.756675e+00 2.980473e+00
      vertex   7.937553e+01 2.024624e+00 3.980473e+00
      vertex   7.940115e+01 2.107855e+00 4.124632e+00
    endloop
  endfacet
  facet normal -9.883681e-01 7.604039e-02 1.317058e-01
    outer loop
      vertex   7.937553e+01 3.756675e+00 2.980473e+00
      vertex   7.940115e+01 2.107855e+00 4.124632e+00
      vertex   7.940115e+01 3.839906e+00 3.124632e+00
    endloop
  endfacet
  facet normal -9.977475e-01 3.354050e-02 5.809386e-02
    outer loop
      vertex   7.940115e+01 3.839906e+00 3.124632e+00
      vertex   7.940115e+01 2.107855e+00 4.124632e+00
      vertex   7.941256e+01 2.192726e+00 4.271634e+00
    endloop
  endfacet
  facet normal -9.977475e-01 3.354050e-02 5.809386e-02
    outer loop
      vertex   7.940115e+01 3.839906e+00 3.124632e+00
      vertex   7.941256e+01 2.192726e+00 4.271634e+00
      vertex   7.941256e+01 3.924777e+00 3.271634e+00
    endloop
  endfacet
  facet normal -9.963282e-01 -4.280812e-02 -7.414584e-02
    outer loop
      vertex   7.941256e+01 2.192726e+00 4.271634e+00
      vertex   7.939506e+01 2.294559e+00 4.448013e+00
      vertex   7.941256e+01 3.924777e+00 3.271634e+00
    endloop
  endfacet
  facet normal -9.963282e-01 -4.280812e-02 -7.414584e-02
    outer loop
      vertex   7.941256e+01 3.924777e+00 3.271634e+00
      vertex   7.939506e+01 2.294559e+00 4.448013e+00
      vertex   7.939506e+01 4.026610e+00 3.448013e+00
    endloop
  endfacet
  facet normal -9.787919e-01 -1.024286e-01 -1.774115e-01
    outer loop
      vertex   7.939506e+01 4.026610e+00 3.448013e+00
      vertex   7.939506e+01 2.294559e+00 4.448013e+00
      vertex   7.935404e+01 2.392541e+00 4.617723e+00
    endloop
  endfacet
  facet normal -9.787919e-01 -1.024286e-01 -1.774115e-01
    outer loop
      vertex   7.939506e+01 4.026610e+00 3.448013e+00
      vertex   7.935404e+01 2.392541e+00 4.617723e+00
      vertex   7.935404e+01 4.124592e+00 3.617723e+00
    endloop
  endfacet
  facet normal -9.143087e-01 -2.025090e-01 -3.507559e-01
    outer loop
      vertex   7.935404e+01 4.124592e+00 3.617723e+00
      vertex   7.935404e+01 2.392541e+00 4.617723e+00
      vertex   7.927304e+01 2.483974e+00 4.776090e+00
    endloop
  endfacet
  facet normal -9.143087e-01 -2.025090e-01 -3.507559e-01
    outer loop
      vertex   7.935404e+01 4.124592e+00 3.617723e+00
      vertex   7.927304e+01 2.483974e+00 4.776090e+00
      vertex   7.927304e+01 4.216025e+00 3.776090e+00
    endloop
  endfacet
  facet normal -8.561252e-01 -2.583842e-01 -4.475346e-01
    outer loop
      vertex   7.927304e+01 4.216025e+00 3.776090e+00
      vertex   7.927304e+01 2.483974e+00 4.776090e+00
      vertex   7.916751e+01 2.571391e+00 4.927500e+00
    endloop
  endfacet
  facet normal -8.561252e-01 -2.583842e-01 -4.475346e-01
    outer loop
      vertex   7.927304e+01 4.216025e+00 3.776090e+00
      vertex   7.916751e+01 2.571391e+00 4.927500e+00
      vertex   7.916751e+01 4.303441e+00 3.927500e+00
    endloop
  endfacet
  facet normal -7.199105e-01 -3.470334e-01 -6.010795e-01
    outer loop
      vertex   7.916751e+01 2.571391e+00 4.927500e+00
      vertex   7.901990e+01 2.647944e+00 5.060095e+00
      vertex   7.916751e+01 4.303441e+00 3.927500e+00
    endloop
  endfacet
  facet normal -7.199105e-01 -3.470334e-01 -6.010795e-01
    outer loop
      vertex   7.916751e+01 4.303441e+00 3.927500e+00
      vertex   7.901990e+01 2.647944e+00 5.060095e+00
      vertex   7.901990e+01 4.379995e+00 4.060095e+00
    endloop
  endfacet
  facet normal -6.272227e-01 -3.894200e-01 -6.744952e-01
    outer loop
      vertex   7.901990e+01 4.379995e+00 4.060095e+00
      vertex   7.901990e+01 2.647944e+00 5.060095e+00
      vertex   7.885749e+01 2.713341e+00 5.173365e+00
    endloop
  endfacet
  facet normal -6.272227e-01 -3.894200e-01 -6.744952e-01
    outer loop
      vertex   7.901990e+01 4.379995e+00 4.060095e+00
      vertex   7.885749e+01 2.713341e+00 5.173365e+00
      vertex   7.885749e+01 4.445392e+00 4.173365e+00
    endloop
  endfacet
  facet normal -4.561718e-01 -4.449459e-01 -7.706688e-01
    outer loop
      vertex   7.885749e+01 4.445392e+00 4.173365e+00
      vertex   7.885749e+01 2.713341e+00 5.173365e+00
      vertex   7.867155e+01 2.760999e+00 5.255911e+00
    endloop
  endfacet
  facet normal -4.561718e-01 -4.449459e-01 -7.706688e-01
    outer loop
      vertex   7.885749e+01 4.445392e+00 4.173365e+00
      vertex   7.867155e+01 2.760999e+00 5.255911e+00
      vertex   7.867155e+01 4.493050e+00 4.255911e+00
    endloop
  endfacet
  facet normal -3.513577e-01 -4.681207e-01 -8.108088e-01
    outer loop
      vertex   7.867155e+01 4.493050e+00 4.255911e+00
      vertex   7.867155e+01 2.760999e+00 5.255911e+00
      vertex   7.847204e+01 2.798434e+00 5.320751e+00
    endloop
  endfacet
  facet normal -3.513577e-01 -4.681207e-01 -8.108088e-01
    outer loop
      vertex   7.867155e+01 4.493050e+00 4.255911e+00
      vertex   7.847204e+01 2.798434e+00 5.320751e+00
      vertex   7.847204e+01 4.530485e+00 4.320751e+00
    endloop
  endfacet
  facet normal -5.001290e-01 4.329754e-01 7.499355e-01
    outer loop
      vertex   7.847204e+01 2.798434e+00 5.320751e+00
      vertex   7.862577e+01 2.842826e+00 5.397639e+00
      vertex   7.847204e+01 4.530485e+00 4.320751e+00
    endloop
  endfacet
  facet normal -5.001290e-01 4.329754e-01 7.499355e-01
    outer loop
      vertex   7.847204e+01 4.530485e+00 4.320751e+00
      vertex   7.862577e+01 2.842826e+00 5.397639e+00
      vertex   7.862577e+01 4.574877e+00 4.397639e+00
    endloop
  endfacet
  facet normal -5.844462e-01 4.057162e-01 7.027211e-01
    outer loop
      vertex   7.862577e+01 4.574877e+00 4.397639e+00
      vertex   7.862577e+01 2.842826e+00 5.397639e+00
      vertex   7.876768e+01 2.893932e+00 5.486157e+00
    endloop
  endfacet
  facet normal -5.844462e-01 4.057162e-01 7.027211e-01
    outer loop
      vertex   7.862577e+01 4.574877e+00 4.397639e+00
      vertex   7.876768e+01 2.893932e+00 5.486157e+00
      vertex   7.876768e+01 4.625982e+00 4.486157e+00
    endloop
  endfacet
  facet normal -7.187649e-01 3.476266e-01 6.021069e-01
    outer loop
      vertex   7.876768e+01 4.625982e+00 4.486157e+00
      vertex   7.876768e+01 2.893932e+00 5.486157e+00
      vertex   7.888908e+01 2.956687e+00 5.594853e+00
    endloop
  endfacet
  facet normal -7.187649e-01 3.476266e-01 6.021069e-01
    outer loop
      vertex   7.876768e+01 4.625982e+00 4.486157e+00
      vertex   7.888908e+01 2.956687e+00 5.594853e+00
      vertex   7.888908e+01 4.688738e+00 4.594853e+00
    endloop
  endfacet
  facet normal -7.907335e-01 3.060803e-01 5.301466e-01
    outer loop
      vertex   7.888908e+01 4.688738e+00 4.594853e+00
      vertex   7.888908e+01 2.956687e+00 5.594853e+00
      vertex   7.899759e+01 3.026769e+00 5.716238e+00
    endloop
  endfacet
  facet normal -7.907335e-01 3.060803e-01 5.301466e-01
    outer loop
      vertex   7.888908e+01 4.688738e+00 4.594853e+00
      vertex   7.899759e+01 3.026769e+00 5.716238e+00
      vertex   7.899759e+01 4.758820e+00 4.716238e+00
    endloop
  endfacet
  facet normal -8.903956e-01 2.275937e-01 3.942039e-01
    outer loop
      vertex   7.899759e+01 3.026769e+00 5.716238e+00
      vertex   7.907043e+01 3.098011e+00 5.839633e+00
      vertex   7.899759e+01 4.758820e+00 4.716238e+00
    endloop
  endfacet
  facet normal -8.903956e-01 2.275937e-01 3.942039e-01
    outer loop
      vertex   7.899759e+01 4.758820e+00 4.716238e+00
      vertex   7.907043e+01 3.098011e+00 5.839633e+00
      vertex   7.907043e+01 4.830062e+00 4.839633e+00
    endloop
  endfacet
  facet normal -9.324084e-01 1.807031e-01 3.129870e-01
    outer loop
      vertex   7.907043e+01 4.830062e+00 4.839633e+00
      vertex   7.907043e+01 3.098011e+00 5.839633e+00
      vertex   7.912743e+01 3.171530e+00 5.966972e+00
    endloop
  endfacet
  facet normal -9.324084e-01 1.807031e-01 3.129870e-01
    outer loop
      vertex   7.907043e+01 4.830062e+00 4.839633e+00
      vertex   7.912743e+01 3.171530e+00 5.966972e+00
      vertex   7.912743e+01 4.903581e+00 4.966972e+00
    endloop
  endfacet
  facet normal -9.813130e-01 9.620923e-02 1.666393e-01
    outer loop
      vertex   7.912743e+01 4.903581e+00 4.966972e+00
      vertex   7.912743e+01 3.171530e+00 5.966972e+00
      vertex   7.915776e+01 3.248880e+00 6.100946e+00
    endloop
  endfacet
  facet normal -9.813130e-01 9.620923e-02 1.666393e-01
    outer loop
      vertex   7.912743e+01 4.903581e+00 4.966972e+00
      vertex   7.915776e+01 3.248880e+00 6.100946e+00
      vertex   7.915776e+01 4.980931e+00 5.100946e+00
    endloop
  endfacet
  facet normal -9.960613e-01 4.433375e-02 7.678832e-02
    outer loop
      vertex   7.915776e+01 4.980931e+00 5.100946e+00
      vertex   7.915776e+01 3.248880e+00 6.100946e+00
      vertex   7.917194e+01 3.328552e+00 6.238941e+00
    endloop
  endfacet
  facet normal -9.960613e-01 4.433375e-02 7.678832e-02
    outer loop
      vertex   7.915776e+01 4.980931e+00 5.100946e+00
      vertex   7.917194e+01 3.328552e+00 6.238941e+00
      vertex   7.917194e+01 5.060602e+00 5.238941e+00
    endloop
  endfacet
  facet normal -9.955600e-01 -4.706465e-02 -8.151836e-02
    outer loop
      vertex   7.917194e+01 3.328552e+00 6.238941e+00
      vertex   7.915546e+01 3.415725e+00 6.389929e+00
      vertex   7.917194e+01 5.060602e+00 5.238941e+00
    endloop
  endfacet
  facet normal -9.955600e-01 -4.706465e-02 -8.151836e-02
    outer loop
      vertex   7.917194e+01 5.060602e+00 5.238941e+00
      vertex   7.915546e+01 3.415725e+00 6.389929e+00
      vertex   7.915546e+01 5.147775e+00 5.389929e+00
    endloop
  endfacet
  facet normal -9.795888e-01 -1.005060e-01 -1.740815e-01
    outer loop
      vertex   7.915546e+01 5.147775e+00 5.389929e+00
      vertex   7.915546e+01 3.415725e+00 6.389929e+00
      vertex   7.912079e+01 3.500200e+00 6.536245e+00
    endloop
  endfacet
  facet normal -9.795888e-01 -1.005060e-01 -1.740815e-01
    outer loop
      vertex   7.915546e+01 5.147775e+00 5.389929e+00
      vertex   7.912079e+01 3.500200e+00 6.536245e+00
      vertex   7.912079e+01 5.232251e+00 5.536245e+00
    endloop
  endfacet
  facet normal -9.278547e-01 -1.864709e-01 -3.229771e-01
    outer loop
      vertex   7.912079e+01 5.232251e+00 5.536245e+00
      vertex   7.912079e+01 3.500200e+00 6.536245e+00
      vertex   7.905642e+01 3.580270e+00 6.674929e+00
    endloop
  endfacet
  facet normal -9.278547e-01 -1.864709e-01 -3.229771e-01
    outer loop
      vertex   7.912079e+01 5.232251e+00 5.536245e+00
      vertex   7.905642e+01 3.580270e+00 6.674929e+00
      vertex   7.905642e+01 5.312320e+00 5.674929e+00
    endloop
  endfacet
  facet normal -8.842168e-01 -2.335384e-01 -4.045004e-01
    outer loop
      vertex   7.905642e+01 5.312320e+00 5.674929e+00
      vertex   7.905642e+01 3.580270e+00 6.674929e+00
      vertex   7.897457e+01 3.657745e+00 6.809122e+00
    endloop
  endfacet
  facet normal -8.842168e-01 -2.335384e-01 -4.045004e-01
    outer loop
      vertex   7.905642e+01 5.312320e+00 5.674929e+00
      vertex   7.897457e+01 3.657745e+00 6.809122e+00
      vertex   7.897457e+01 5.389796e+00 5.809122e+00
    endloop
  endfacet
  facet normal -7.996250e-01 -3.002498e-01 -5.200480e-01
    outer loop
      vertex   7.897457e+01 3.657745e+00 6.809122e+00
      vertex   7.886460e+01 3.730965e+00 6.935942e+00
      vertex   7.897457e+01 5.389796e+00 5.809122e+00
    endloop
  endfacet
  facet normal -7.996250e-01 -3.002498e-01 -5.200480e-01
    outer loop
      vertex   7.897457e+01 5.389796e+00 5.809122e+00
      vertex   7.886460e+01 3.730965e+00 6.935942e+00
      vertex   7.886460e+01 5.463016e+00 5.935942e+00
    endloop
  endfacet
  facet normal -7.244885e-01 -3.446434e-01 -5.969399e-01
    outer loop
      vertex   7.886460e+01 5.463016e+00 5.935942e+00
      vertex   7.886460e+01 3.730965e+00 6.935942e+00
      vertex   7.874066e+01 3.796101e+00 7.048761e+00
    endloop
  endfacet
  facet normal -7.244885e-01 -3.446434e-01 -5.969399e-01
    outer loop
      vertex   7.886460e+01 5.463016e+00 5.935942e+00
      vertex   7.874066e+01 3.796101e+00 7.048761e+00
      vertex   7.874066e+01 5.528152e+00 6.048761e+00
    endloop
  endfacet
  facet normal -5.752617e-01 -4.089847e-01 -7.083823e-01
    outer loop
      vertex   7.874066e+01 5.528152e+00 6.048761e+00
      vertex   7.874066e+01 3.796101e+00 7.048761e+00
      vertex   7.859355e+01 3.847832e+00 7.138361e+00
    endloop
  endfacet
  facet normal -5.752617e-01 -4.089847e-01 -7.083823e-01
    outer loop
      vertex   7.874066e+01 5.528152e+00 6.048761e+00
      vertex   7.859355e+01 3.847832e+00 7.138361e+00
      vertex   7.859355e+01 5.579883e+00 6.138361e+00
    endloop
  endfacet
  facet normal -4.774337e-01 -4.393339e-01 -7.609486e-01
    outer loop
      vertex   7.859355e+01 5.579883e+00 6.138361e+00
      vertex   7.859355e+01 3.847832e+00 7.138361e+00
      vertex   7.843260e+01 3.891558e+00 7.214097e+00
    endloop
  endfacet
  facet normal -4.774337e-01 -4.393339e-01 -7.609486e-01
    outer loop
      vertex   7.859355e+01 5.579883e+00 6.138361e+00
      vertex   7.843260e+01 3.891558e+00 7.214097e+00
      vertex   7.843260e+01 5.623609e+00 6.214097e+00
    endloop
  endfacet
  facet normal -3.059449e-01 -4.760246e-01 -8.244988e-01
    outer loop
      vertex   7.843260e+01 3.891558e+00 7.214097e+00
      vertex   7.820922e+01 3.927450e+00 7.276263e+00
      vertex   7.843260e+01 5.623609e+00 6.214097e+00
    endloop
  endfacet
  facet normal -3.059449e-01 -4.760246e-01 -8.244988e-01
    outer loop
      vertex   7.843260e+01 5.623609e+00 6.214097e+00
      vertex   7.820922e+01 3.927450e+00 7.276263e+00
      vertex   7.820922e+01 5.659501e+00 6.276263e+00
    endloop
  endfacet
  facet normal -2.237440e-01 -4.873240e-01 -8.440699e-01
    outer loop
      vertex   7.820922e+01 5.659501e+00 6.276263e+00
      vertex   7.820922e+01 3.927450e+00 7.276263e+00
      vertex   7.798231e+01 3.953495e+00 7.321375e+00
    endloop
  endfacet
  facet normal -2.237440e-01 -4.873240e-01 -8.440699e-01
    outer loop
      vertex   7.820922e+01 5.659501e+00 6.276263e+00
      vertex   7.798231e+01 3.953495e+00 7.321375e+00
      vertex   7.798231e+01 5.685546e+00 6.321375e+00
    endloop
  endfacet
  facet normal -9.898886e-02 -4.975443e-01 -8.617720e-01
    outer loop
      vertex   7.798231e+01 5.685546e+00 6.321375e+00
      vertex   7.798231e+01 3.953495e+00 7.321375e+00
      vertex   7.775021e+01 3.965040e+00 7.341371e+00
    endloop
  endfacet
  facet normal -9.898886e-02 -4.975443e-01 -8.617720e-01
    outer loop
      vertex   7.798231e+01 5.685546e+00 6.321375e+00
      vertex   7.775021e+01 3.965040e+00 7.341371e+00
      vertex   7.775021e+01 5.697090e+00 6.341371e+00
    endloop
  endfacet
  facet normal -3.036480e-02 -4.997694e-01 -8.656261e-01
    outer loop
      vertex   7.775021e+01 5.697090e+00 6.341371e+00
      vertex   7.775021e+01 3.965040e+00 7.341371e+00
      vertex   7.751524e+01 3.968609e+00 7.347552e+00
    endloop
  endfacet
  facet normal -3.036480e-02 -4.997694e-01 -8.656261e-01
    outer loop
      vertex   7.775021e+01 5.697090e+00 6.341371e+00
      vertex   7.751524e+01 3.968609e+00 7.347552e+00
      vertex   7.751524e+01 5.700659e+00 6.347552e+00
    endloop
  endfacet
  facet normal -6.779405e-04 -4.999999e-01 -8.660252e-01
    outer loop
      vertex   7.751524e+01 3.968609e+00 7.347552e+00
      vertex   7.563939e+01 3.969244e+00 7.348654e+00
      vertex   7.751524e+01 5.700659e+00 6.347552e+00
    endloop
  endfacet
  facet normal -6.779405e-04 -4.999999e-01 -8.660252e-01
    outer loop
      vertex   7.751524e+01 5.700659e+00 6.347552e+00
      vertex   7.563939e+01 3.969244e+00 7.348654e+00
      vertex   7.563939e+01 5.701295e+00 6.348654e+00
    endloop
  endfacet
  facet normal 9.999998e-01 -3.389703e-04 -5.871137e-04
    outer loop
      vertex   7.563939e+01 3.969244e+00 7.348654e+00
      vertex   7.563600e+01 1.469245e+00 3.018528e+00
      vertex   7.563939e+01 5.701295e+00 6.348654e+00
    endloop
  endfacet
  facet normal 9.999998e-01 -3.389703e-04 -5.871137e-04
    outer loop
      vertex   7.563939e+01 5.701295e+00 6.348654e+00
      vertex   7.563600e+01 1.469245e+00 3.018528e+00
      vertex   7.563600e+01 3.201296e+00 2.018528e+00
    endloop
  endfacet
  facet normal 6.779405e-04 4.999999e-01 8.660252e-01
    outer loop
      vertex   7.563600e+01 1.469245e+00 3.018528e+00
      vertex   7.754255e+01 1.468599e+00 3.017408e+00
      vertex   7.563600e+01 3.201296e+00 2.018528e+00
    endloop
  endfacet
  facet normal 6.779405e-04 4.999999e-01 8.660252e-01
    outer loop
      vertex   7.563600e+01 3.201296e+00 2.018528e+00
      vertex   7.754255e+01 1.468599e+00 3.017408e+00
      vertex   7.754255e+01 3.200650e+00 2.017408e+00
    endloop
  endfacet
  facet normal -5.551507e-17 -8.660254e-01 5.000000e-01
    outer loop
      vertex   7.754255e+01 3.200650e+00 2.017408e+00
      vertex   7.629806e+01 3.496092e+00 2.529129e+00
      vertex   7.563600e+01 3.201296e+00 2.018528e+00
    endloop
  endfacet
  facet normal -8.242674e-16 -8.660254e-01 5.000000e-01
    outer loop
      vertex   7.563600e+01 3.201296e+00 2.018528e+00
      vertex   7.629806e+01 3.496092e+00 2.529129e+00
      vertex   7.629923e+01 4.355573e+00 4.017795e+00
    endloop
  endfacet
  facet normal 1.129297e-15 -8.660254e-01 5.000000e-01
    outer loop
      vertex   7.563600e+01 3.201296e+00 2.018528e+00
      vertex   7.629923e+01 4.355573e+00 4.017795e+00
      vertex   7.563939e+01 5.701295e+00 6.348654e+00
    endloop
  endfacet
  facet normal -1.453130e-15 -8.660254e-01 5.000000e-01
    outer loop
      vertex   7.563939e+01 5.701295e+00 6.348654e+00
      vertex   7.629923e+01 4.355573e+00 4.017795e+00
      vertex   7.629963e+01 4.650594e+00 4.528785e+00
    endloop
  endfacet
  facet normal 1.907464e-16 -8.660254e-01 5.000000e-01
    outer loop
      vertex   7.563939e+01 5.701295e+00 6.348654e+00
      vertex   7.629963e+01 4.650594e+00 4.528785e+00
      vertex   7.630065e+01 5.406051e+00 5.837275e+00
    endloop
  endfacet
  facet normal 7.204053e-16 -8.660254e-01 5.000000e-01
    outer loop
      vertex   7.774551e+01 3.202696e+00 2.020953e+00
      vertex   7.765585e+01 3.495753e+00 2.528543e+00
      vertex   7.754255e+01 3.200650e+00 2.017408e+00
    endloop
  endfacet
  facet normal 1.035352e-14 -8.660254e-01 5.000000e-01
    outer loop
      vertex   7.754255e+01 3.200650e+00 2.017408e+00
      vertex   7.765585e+01 3.495753e+00 2.528543e+00
      vertex   7.754295e+01 3.495670e+00 2.528398e+00
    endloop
  endfacet
  facet normal -3.998737e-17 -8.660254e-01 5.000000e-01
    outer loop
      vertex   7.754255e+01 3.200650e+00 2.017408e+00
      vertex   7.754295e+01 3.495670e+00 2.528398e+00
      vertex   7.629806e+01 3.496092e+00 2.529129e+00
    endloop
  endfacet
  facet normal -7.956154e-15 -8.660254e-01 5.000000e-01
    outer loop
      vertex   7.765585e+01 3.495753e+00 2.528543e+00
      vertex   7.774551e+01 3.202696e+00 2.020953e+00
      vertex   7.776858e+01 3.497211e+00 2.531067e+00
    endloop
  endfacet
  facet normal -1.426438e-15 -8.660254e-01 5.000000e-01
    outer loop
      vertex   7.776858e+01 3.497211e+00 2.531067e+00
      vertex   7.774551e+01 3.202696e+00 2.020953e+00
      vertex   7.794759e+01 3.208918e+00 2.031730e+00
    endloop
  endfacet
  facet normal 9.847685e-16 -8.660254e-01 5.000000e-01
    outer loop
      vertex   7.776858e+01 3.497211e+00 2.531067e+00
      vertex   7.794759e+01 3.208918e+00 2.031730e+00
      vertex   7.788100e+01 3.501302e+00 2.538154e+00
    endloop
  endfacet
  facet normal -4.764284e-15 -8.660254e-01 5.000000e-01
    outer loop
      vertex   7.788100e+01 3.501302e+00 2.538154e+00
      vertex   7.794759e+01 3.208918e+00 2.031730e+00
      vertex   7.799317e+01 3.507455e+00 2.548810e+00
    endloop
  endfacet
  facet normal 1.949270e-15 -8.660254e-01 5.000000e-01
    outer loop
      vertex   7.799317e+01 3.507455e+00 2.548810e+00
      vertex   7.794759e+01 3.208918e+00 2.031730e+00
      vertex   7.814808e+01 3.222631e+00 2.055480e+00
    endloop
  endfacet
  facet normal 1.038140e-15 -8.660254e-01 5.000000e-01
    outer loop
      vertex   7.799317e+01 3.507455e+00 2.548810e+00
      vertex   7.814808e+01 3.222631e+00 2.055480e+00
      vertex   7.809312e+01 3.518371e+00 2.567718e+00
    endloop
  endfacet
  facet normal 2.486769e-15 -8.660254e-01 5.000000e-01
    outer loop
      vertex   7.809312e+01 3.518371e+00 2.567718e+00
      vertex   7.814808e+01 3.222631e+00 2.055480e+00
      vertex   7.819076e+01 3.532474e+00 2.592144e+00
    endloop
  endfacet
  facet normal -3.440518e-16 -8.660254e-01 5.000000e-01
    outer loop
      vertex   7.819076e+01 3.532474e+00 2.592144e+00
      vertex   7.814808e+01 3.222631e+00 2.055480e+00
      vertex   7.834751e+01 3.241305e+00 2.087825e+00
    endloop
  endfacet
  facet normal -5.166953e-15 -8.660254e-01 5.000000e-01
    outer loop
      vertex   7.819076e+01 3.532474e+00 2.592144e+00
      vertex   7.834751e+01 3.241305e+00 2.087825e+00
      vertex   7.828432e+01 3.552196e+00 2.626305e+00
    endloop
  endfacet
  facet normal 3.474282e-17 -8.660254e-01 5.000000e-01
    outer loop
      vertex   7.828432e+01 3.552196e+00 2.626305e+00
      vertex   7.834751e+01 3.241305e+00 2.087825e+00
      vertex   7.849319e+01 3.263288e+00 2.125902e+00
    endloop
  endfacet
  facet normal 7.135568e-15 -8.660254e-01 5.000000e-01
    outer loop
      vertex   7.828432e+01 3.552196e+00 2.626305e+00
      vertex   7.849319e+01 3.263288e+00 2.125902e+00
      vertex   7.837525e+01 3.575538e+00 2.666734e+00
    endloop
  endfacet
  facet normal 1.001137e-15 -8.660254e-01 5.000000e-01
    outer loop
      vertex   7.837525e+01 3.575538e+00 2.666734e+00
      vertex   7.849319e+01 3.263288e+00 2.125902e+00
      vertex   7.863448e+01 3.290037e+00 2.172233e+00
    endloop
  endfacet
  facet normal -1.923154e-15 -8.660254e-01 5.000000e-01
    outer loop
      vertex   7.837525e+01 3.575538e+00 2.666734e+00
      vertex   7.863448e+01 3.290037e+00 2.172233e+00
      vertex   7.845088e+01 3.604289e+00 2.716532e+00
    endloop
  endfacet
  facet normal -2.805469e-15 -8.660254e-01 5.000000e-01
    outer loop
      vertex   7.845088e+01 3.604289e+00 2.716532e+00
      vertex   7.863448e+01 3.290037e+00 2.172233e+00
      vertex   7.876809e+01 3.325149e+00 2.233048e+00
    endloop
  endfacet
  facet normal 6.503476e-15 -8.660254e-01 5.000000e-01
    outer loop
      vertex   7.845088e+01 3.604289e+00 2.716532e+00
      vertex   7.876809e+01 3.325149e+00 2.233048e+00
      vertex   7.851952e+01 3.636263e+00 2.771913e+00
    endloop
  endfacet
  facet normal 2.491259e-15 -8.660254e-01 5.000000e-01
    outer loop
      vertex   7.851952e+01 3.636263e+00 2.771913e+00
      vertex   7.876809e+01 3.325149e+00 2.233048e+00
      vertex   7.889679e+01 3.365607e+00 2.303122e+00
    endloop
  endfacet
  facet normal -1.355763e-15 -8.660254e-01 5.000000e-01
    outer loop
      vertex   7.851952e+01 3.636263e+00 2.771913e+00
      vertex   7.889679e+01 3.365607e+00 2.303122e+00
      vertex   7.857693e+01 3.673418e+00 2.836268e+00
    endloop
  endfacet
  facet normal -1.029192e-15 -8.660254e-01 5.000000e-01
    outer loop
      vertex   7.857693e+01 3.673418e+00 2.836268e+00
      vertex   7.889679e+01 3.365607e+00 2.303122e+00
      vertex   7.900732e+01 3.415890e+00 2.390215e+00
    endloop
  endfacet
  facet normal -4.250560e-15 -8.660254e-01 5.000000e-01
    outer loop
      vertex   7.857693e+01 3.673418e+00 2.836268e+00
      vertex   7.900732e+01 3.415890e+00 2.390215e+00
      vertex   7.862783e+01 3.713583e+00 2.905836e+00
    endloop
  endfacet
  facet normal 2.221249e-15 -8.660254e-01 5.000000e-01
    outer loop
      vertex   7.862783e+01 3.713583e+00 2.905836e+00
      vertex   7.900732e+01 3.415890e+00 2.390215e+00
      vertex   7.910694e+01 3.470524e+00 2.484844e+00
    endloop
  endfacet
  facet normal -2.212197e-15 -8.660254e-01 5.000000e-01
    outer loop
      vertex   7.862783e+01 3.713583e+00 2.905836e+00
      vertex   7.910694e+01 3.470524e+00 2.484844e+00
      vertex   7.918940e+01 3.532006e+00 2.591335e+00
    endloop
  endfacet
  facet normal -1.832624e-15 -8.660254e-01 5.000000e-01
    outer loop
      vertex   7.862783e+01 3.713583e+00 2.905836e+00
      vertex   7.918940e+01 3.532006e+00 2.591335e+00
      vertex   7.867099e+01 3.764243e+00 2.993581e+00
    endloop
  endfacet
  facet normal 2.039420e-15 -8.660254e-01 5.000000e-01
    outer loop
      vertex   7.867099e+01 3.764243e+00 2.993581e+00
      vertex   7.918940e+01 3.532006e+00 2.591335e+00
      vertex   7.926205e+01 3.597407e+00 2.704612e+00
    endloop
  endfacet
  facet normal 3.940376e-15 -8.660254e-01 5.000000e-01
    outer loop
      vertex   7.867099e+01 3.764243e+00 2.993581e+00
      vertex   7.926205e+01 3.597407e+00 2.704612e+00
      vertex   7.870388e+01 3.816133e+00 3.083456e+00
    endloop
  endfacet
  facet normal 4.092391e-16 -8.660254e-01 5.000000e-01
    outer loop
      vertex   7.870388e+01 3.816133e+00 3.083456e+00
      vertex   7.926205e+01 3.597407e+00 2.704612e+00
      vertex   7.932603e+01 3.676205e+00 2.841094e+00
    endloop
  endfacet
  facet normal -3.219208e-16 -8.660254e-01 5.000000e-01
    outer loop
      vertex   7.870388e+01 3.816133e+00 3.083456e+00
      vertex   7.932603e+01 3.676205e+00 2.841094e+00
      vertex   7.937553e+01 3.756675e+00 2.980473e+00
    endloop
  endfacet
  facet normal 6.255982e-16 -8.660254e-01 5.000000e-01
    outer loop
      vertex   7.870388e+01 3.816133e+00 3.083456e+00
      vertex   7.937553e+01 3.756675e+00 2.980473e+00
      vertex   7.872025e+01 3.869997e+00 3.176753e+00
    endloop
  endfacet
  facet normal -1.092733e-15 -8.660254e-01 5.000000e-01
    outer loop
      vertex   7.872025e+01 3.869997e+00 3.176753e+00
      vertex   7.937553e+01 3.756675e+00 2.980473e+00
      vertex   7.940115e+01 3.839906e+00 3.124632e+00
    endloop
  endfacet
  facet normal -1.804915e-15 -8.660254e-01 5.000000e-01
    outer loop
      vertex   7.872025e+01 3.869997e+00 3.176753e+00
      vertex   7.940115e+01 3.839906e+00 3.124632e+00
      vertex   7.872702e+01 3.925009e+00 3.272036e+00
    endloop
  endfacet
  facet normal 4.115509e-16 -8.660254e-01 5.000000e-01
    outer loop
      vertex   7.872702e+01 3.925009e+00 3.272036e+00
      vertex   7.940115e+01 3.839906e+00 3.124632e+00
      vertex   7.941256e+01 3.924777e+00 3.271634e+00
    endloop
  endfacet
  facet normal 4.101345e-16 -8.660254e-01 5.000000e-01
    outer loop
      vertex   7.872702e+01 3.925009e+00 3.272036e+00
      vertex   7.941256e+01 3.924777e+00 3.271634e+00
      vertex   7.939506e+01 4.026610e+00 3.448013e+00
    endloop
  endfacet
  facet normal 1.020343e-16 -8.660254e-01 5.000000e-01
    outer loop
      vertex   7.872702e+01 3.925009e+00 3.272036e+00
      vertex   7.939506e+01 4.026610e+00 3.448013e+00
      vertex   7.871721e+01 3.989452e+00 3.383653e+00
    endloop
  endfacet
  facet normal 4.395110e-17 -8.660254e-01 5.000000e-01
    outer loop
      vertex   7.871721e+01 3.989452e+00 3.383653e+00
      vertex   7.939506e+01 4.026610e+00 3.448013e+00
      vertex   7.935404e+01 4.124592e+00 3.617723e+00
    endloop
  endfacet
  facet normal -1.786773e-15 -8.660254e-01 5.000000e-01
    outer loop
      vertex   7.871721e+01 3.989452e+00 3.383653e+00
      vertex   7.935404e+01 4.124592e+00 3.617723e+00
      vertex   7.927304e+01 4.216025e+00 3.776090e+00
    endloop
  endfacet
  facet normal -1.997403e-15 -8.660254e-01 5.000000e-01
    outer loop
      vertex   7.871721e+01 3.989452e+00 3.383653e+00
      vertex   7.927304e+01 4.216025e+00 3.776090e+00
      vertex   7.869357e+01 4.051816e+00 3.491672e+00
    endloop
  endfacet
  facet normal 1.369264e-15 -8.660254e-01 5.000000e-01
    outer loop
      vertex   7.869357e+01 4.051816e+00 3.491672e+00
      vertex   7.927304e+01 4.216025e+00 3.776090e+00
      vertex   7.916751e+01 4.303441e+00 3.927500e+00
    endloop
  endfacet
  facet normal -5.012351e-15 -8.660254e-01 5.000000e-01
    outer loop
      vertex   7.869357e+01 4.051816e+00 3.491672e+00
      vertex   7.916751e+01 4.303441e+00 3.927500e+00
      vertex   7.864619e+01 4.110618e+00 3.593520e+00
    endloop
  endfacet
  facet normal -3.077006e-16 -8.660254e-01 5.000000e-01
    outer loop
      vertex   7.864619e+01 4.110618e+00 3.593520e+00
      vertex   7.916751e+01 4.303441e+00 3.927500e+00
      vertex   7.901990e+01 4.379995e+00 4.060095e+00
    endloop
  endfacet
  facet normal 8.323597e-15 -8.660254e-01 5.000000e-01
    outer loop
      vertex   7.864619e+01 4.110618e+00 3.593520e+00
      vertex   7.901990e+01 4.379995e+00 4.060095e+00
      vertex   7.858410e+01 4.167213e+00 3.691546e+00
    endloop
  endfacet
  facet normal -3.561682e-16 -8.660254e-01 5.000000e-01
    outer loop
      vertex   7.858410e+01 4.167213e+00 3.691546e+00
      vertex   7.901990e+01 4.379995e+00 4.060095e+00
      vertex   7.885749e+01 4.445392e+00 4.173365e+00
    endloop
  endfacet
  facet normal -1.046202e-15 -8.660254e-01 5.000000e-01
    outer loop
      vertex   7.858410e+01 4.167213e+00 3.691546e+00
      vertex   7.885749e+01 4.445392e+00 4.173365e+00
      vertex   7.850155e+01 4.215209e+00 3.774677e+00
    endloop
  endfacet
  facet normal -2.297467e-16 -8.660254e-01 5.000000e-01
    outer loop
      vertex   7.850155e+01 4.215209e+00 3.774677e+00
      vertex   7.885749e+01 4.445392e+00 4.173365e+00
      vertex   7.867155e+01 4.493050e+00 4.255911e+00
    endloop
  endfacet
  facet normal -2.822087e-15 -8.660254e-01 5.000000e-01
    outer loop
      vertex   7.850155e+01 4.215209e+00 3.774677e+00
      vertex   7.867155e+01 4.493050e+00 4.255911e+00
      vertex   7.840952e+01 4.256731e+00 3.846595e+00
    endloop
  endfacet
  facet normal -7.895071e-17 -8.660254e-01 5.000000e-01
    outer loop
      vertex   7.840952e+01 4.256731e+00 3.846595e+00
      vertex   7.867155e+01 4.493050e+00 4.255911e+00
      vertex   7.847204e+01 4.530485e+00 4.320751e+00
    endloop
  endfacet
  facet normal -2.754488e-15 -8.660254e-01 5.000000e-01
    outer loop
      vertex   7.840952e+01 4.256731e+00 3.846595e+00
      vertex   7.847204e+01 4.530485e+00 4.320751e+00
      vertex   7.830197e+01 4.287647e+00 3.900143e+00
    endloop
  endfacet
  facet normal 5.028479e-15 -8.660254e-01 5.000000e-01
    outer loop
      vertex   7.830197e+01 4.287647e+00 3.900143e+00
      vertex   7.847204e+01 4.530485e+00 4.320751e+00
      vertex   7.818525e+01 4.312301e+00 3.942845e+00
    endloop
  endfacet
  facet normal -5.443914e-16 -8.660254e-01 5.000000e-01
    outer loop
      vertex   7.818525e+01 4.312301e+00 3.942845e+00
      vertex   7.847204e+01 4.530485e+00 4.320751e+00
      vertex   7.812086e+01 4.699376e+00 4.613278e+00
    endloop
  endfacet
  facet normal 9.580902e-15 -8.660254e-01 5.000000e-01
    outer loop
      vertex   7.818525e+01 4.312301e+00 3.942845e+00
      vertex   7.812086e+01 4.699376e+00 4.613278e+00
      vertex   7.801181e+01 4.679004e+00 4.577993e+00
    endloop
  endfacet
  facet normal -4.044233e-15 -8.660254e-01 5.000000e-01
    outer loop
      vertex   7.862577e+01 4.574877e+00 4.397639e+00
      vertex   7.831067e+01 4.761230e+00 4.720414e+00
      vertex   7.847204e+01 4.530485e+00 4.320751e+00
    endloop
  endfacet
  facet normal -3.711074e-15 -8.660254e-01 5.000000e-01
    outer loop
      vertex   7.847204e+01 4.530485e+00 4.320751e+00
      vertex   7.831067e+01 4.761230e+00 4.720414e+00
      vertex   7.822237e+01 4.725375e+00 4.658311e+00
    endloop
  endfacet
  facet normal -2.684481e-15 -8.660254e-01 5.000000e-01
    outer loop
      vertex   7.847204e+01 4.530485e+00 4.320751e+00
      vertex   7.822237e+01 4.725375e+00 4.658311e+00
      vertex   7.812086e+01 4.699376e+00 4.613278e+00
    endloop
  endfacet
  facet normal 1.590222e-15 -8.660254e-01 5.000000e-01
    outer loop
      vertex   7.831067e+01 4.761230e+00 4.720414e+00
      vertex   7.862577e+01 4.574877e+00 4.397639e+00
      vertex   7.839056e+01 4.803364e+00 4.793391e+00
    endloop
  endfacet
  facet normal 3.580385e-15 -8.660254e-01 5.000000e-01
    outer loop
      vertex   7.839056e+01 4.803364e+00 4.793391e+00
      vertex   7.862577e+01 4.574877e+00 4.397639e+00
      vertex   7.876768e+01 4.625982e+00 4.486157e+00
    endloop
  endfacet
  facet normal -1.097666e-16 -8.660254e-01 5.000000e-01
    outer loop
      vertex   7.839056e+01 4.803364e+00 4.793391e+00
      vertex   7.876768e+01 4.625982e+00 4.486157e+00
      vertex   7.844800e+01 4.854092e+00 4.881255e+00
    endloop
  endfacet
  facet normal 2.684404e-15 -8.660254e-01 5.000000e-01
    outer loop
      vertex   7.844800e+01 4.854092e+00 4.881255e+00
      vertex   7.876768e+01 4.625982e+00 4.486157e+00
      vertex   7.888908e+01 4.688738e+00 4.594853e+00
    endloop
  endfacet
  facet normal 2.647585e-15 -8.660254e-01 5.000000e-01
    outer loop
      vertex   7.844800e+01 4.854092e+00 4.881255e+00
      vertex   7.888908e+01 4.688738e+00 4.594853e+00
      vertex   7.849129e+01 4.906993e+00 4.972882e+00
    endloop
  endfacet
  facet normal -9.730115e-16 -8.660254e-01 5.000000e-01
    outer loop
      vertex   7.849129e+01 4.906993e+00 4.972882e+00
      vertex   7.888908e+01 4.688738e+00 4.594853e+00
      vertex   7.899759e+01 4.758820e+00 4.716238e+00
    endloop
  endfacet
  facet normal -9.886898e-16 -8.660254e-01 5.000000e-01
    outer loop
      vertex   7.849129e+01 4.906993e+00 4.972882e+00
      vertex   7.899759e+01 4.758820e+00 4.716238e+00
      vertex   7.851226e+01 4.963317e+00 5.070438e+00
    endloop
  endfacet
  facet normal -5.581373e-16 -8.660254e-01 5.000000e-01
    outer loop
      vertex   7.851226e+01 4.963317e+00 5.070438e+00
      vertex   7.899759e+01 4.758820e+00 4.716238e+00
      vertex   7.907043e+01 4.830062e+00 4.839633e+00
    endloop
  endfacet
  facet normal 1.701392e-15 -8.660254e-01 5.000000e-01
    outer loop
      vertex   7.851226e+01 4.963317e+00 5.070438e+00
      vertex   7.907043e+01 4.830062e+00 4.839633e+00
      vertex   7.912743e+01 4.903581e+00 4.966972e+00
    endloop
  endfacet
  facet normal 1.050566e-15 -8.660254e-01 5.000000e-01
    outer loop
      vertex   7.851226e+01 4.963317e+00 5.070438e+00
      vertex   7.912743e+01 4.903581e+00 4.966972e+00
      vertex   7.852046e+01 5.021601e+00 5.171388e+00
    endloop
  endfacet
  facet normal 3.385915e-16 -8.660254e-01 5.000000e-01
    outer loop
      vertex   7.852046e+01 5.021601e+00 5.171388e+00
      vertex   7.912743e+01 4.903581e+00 4.966972e+00
      vertex   7.915776e+01 4.980931e+00 5.100946e+00
    endloop
  endfacet
  facet normal 3.848095e-16 -8.660254e-01 5.000000e-01
    outer loop
      vertex   7.852046e+01 5.021601e+00 5.171388e+00
      vertex   7.915776e+01 4.980931e+00 5.100946e+00
      vertex   7.917194e+01 5.060602e+00 5.238941e+00
    endloop
  endfacet
  facet normal 1.218425e-16 -8.660254e-01 5.000000e-01
    outer loop
      vertex   7.852046e+01 5.021601e+00 5.171388e+00
      vertex   7.917194e+01 5.060602e+00 5.238941e+00
      vertex   7.851228e+01 5.079176e+00 5.271112e+00
    endloop
  endfacet
  facet normal -1.602344e-16 -8.660254e-01 5.000000e-01
    outer loop
      vertex   7.851228e+01 5.079176e+00 5.271112e+00
      vertex   7.917194e+01 5.060602e+00 5.238941e+00
      vertex   7.915546e+01 5.147775e+00 5.389929e+00
    endloop
  endfacet
  facet normal -2.167467e-15 -8.660254e-01 5.000000e-01
    outer loop
      vertex   7.851228e+01 5.079176e+00 5.271112e+00
      vertex   7.915546e+01 5.147775e+00 5.389929e+00
      vertex   7.912079e+01 5.232251e+00 5.536245e+00
    endloop
  endfacet
  facet normal -6.402869e-16 -8.660254e-01 5.000000e-01
    outer loop
      vertex   7.851228e+01 5.079176e+00 5.271112e+00
      vertex   7.912079e+01 5.232251e+00 5.536245e+00
      vertex   7.849258e+01 5.135152e+00 5.368065e+00
    endloop
  endfacet
  facet normal 1.740099e-15 -8.660254e-01 5.000000e-01
    outer loop
      vertex   7.849258e+01 5.135152e+00 5.368065e+00
      vertex   7.912079e+01 5.232251e+00 5.536245e+00
      vertex   7.905642e+01 5.312320e+00 5.674929e+00
    endloop
  endfacet
  facet normal -3.408338e-15 -8.660254e-01 5.000000e-01
    outer loop
      vertex   7.849258e+01 5.135152e+00 5.368065e+00
      vertex   7.905642e+01 5.312320e+00 5.674929e+00
      vertex   7.897457e+01 5.389796e+00 5.809122e+00
    endloop
  endfacet
  facet normal 1.959735e-15 -8.660254e-01 5.000000e-01
    outer loop
      vertex   7.849258e+01 5.135152e+00 5.368065e+00
      vertex   7.897457e+01 5.389796e+00 5.809122e+00
      vertex   7.845310e+01 5.188386e+00 5.460269e+00
    endloop
  endfacet
  facet normal 2.786876e-15 -8.660254e-01 5.000000e-01
    outer loop
      vertex   7.845310e+01 5.188386e+00 5.460269e+00
      vertex   7.897457e+01 5.389796e+00 5.809122e+00
      vertex   7.886460e+01 5.463016e+00 5.935942e+00
    endloop
  endfacet
  facet normal 2.534668e-15 -8.660254e-01 5.000000e-01
    outer loop
      vertex   7.845310e+01 5.188386e+00 5.460269e+00
      vertex   7.886460e+01 5.463016e+00 5.935942e+00
      vertex   7.840138e+01 5.239922e+00 5.549532e+00
    endloop
  endfacet
  facet normal 1.374640e-15 -8.660254e-01 5.000000e-01
    outer loop
      vertex   7.840138e+01 5.239922e+00 5.549532e+00
      vertex   7.886460e+01 5.463016e+00 5.935942e+00
      vertex   7.874066e+01 5.528152e+00 6.048761e+00
    endloop
  endfacet
  facet normal -1.430658e-16 -8.660254e-01 5.000000e-01
    outer loop
      vertex   7.840138e+01 5.239922e+00 5.549532e+00
      vertex   7.874066e+01 5.528152e+00 6.048761e+00
      vertex   7.833285e+01 5.283283e+00 5.624636e+00
    endloop
  endfacet
  facet normal -9.092793e-15 -8.660254e-01 5.000000e-01
    outer loop
      vertex   7.833285e+01 5.283283e+00 5.624636e+00
      vertex   7.874066e+01 5.528152e+00 6.048761e+00
      vertex   7.859355e+01 5.579883e+00 6.138361e+00
    endloop
  endfacet
  facet normal 8.266501e-15 -8.660254e-01 5.000000e-01
    outer loop
      vertex   7.833285e+01 5.283283e+00 5.624636e+00
      vertex   7.859355e+01 5.579883e+00 6.138361e+00
      vertex   7.825516e+01 5.320647e+00 5.689351e+00
    endloop
  endfacet
  facet normal 6.377365e-15 -8.660254e-01 5.000000e-01
    outer loop
      vertex   7.825516e+01 5.320647e+00 5.689351e+00
      vertex   7.859355e+01 5.579883e+00 6.138361e+00
      vertex   7.843260e+01 5.623609e+00 6.214097e+00
    endloop
  endfacet
  facet normal -1.525533e-14 -8.660254e-01 5.000000e-01
    outer loop
      vertex   7.825516e+01 5.320647e+00 5.689351e+00
      vertex   7.843260e+01 5.623609e+00 6.214097e+00
      vertex   7.816233e+01 5.348095e+00 5.736893e+00
    endloop
  endfacet
  facet normal -2.572619e-16 -8.660254e-01 5.000000e-01
    outer loop
      vertex   7.816233e+01 5.348095e+00 5.736893e+00
      vertex   7.843260e+01 5.623609e+00 6.214097e+00
      vertex   7.820922e+01 5.659501e+00 6.276263e+00
    endloop
  endfacet
  facet normal 1.582275e-14 -8.660254e-01 5.000000e-01
    outer loop
      vertex   7.816233e+01 5.348095e+00 5.736893e+00
      vertex   7.820922e+01 5.659501e+00 6.276263e+00
      vertex   7.806049e+01 5.369642e+00 5.774214e+00
    endloop
  endfacet
  facet normal 3.191612e-15 -8.660254e-01 5.000000e-01
    outer loop
      vertex   7.806049e+01 5.369642e+00 5.774214e+00
      vertex   7.820922e+01 5.659501e+00 6.276263e+00
      vertex   7.798231e+01 5.685546e+00 6.321375e+00
    endloop
  endfacet
  facet normal -7.274450e-16 -8.660254e-01 5.000000e-01
    outer loop
      vertex   7.806049e+01 5.369642e+00 5.774214e+00
      vertex   7.798231e+01 5.685546e+00 6.321375e+00
      vertex   7.787242e+01 5.388111e+00 5.806202e+00
    endloop
  endfacet
  facet normal -1.755588e-15 -8.660254e-01 5.000000e-01
    outer loop
      vertex   7.787242e+01 5.388111e+00 5.806202e+00
      vertex   7.798231e+01 5.685546e+00 6.321375e+00
      vertex   7.775021e+01 5.697090e+00 6.341371e+00
    endloop
  endfacet
  facet normal -5.039223e-16 -8.660254e-01 5.000000e-01
    outer loop
      vertex   7.787242e+01 5.388111e+00 5.806202e+00
      vertex   7.775021e+01 5.697090e+00 6.341371e+00
      vertex   7.768303e+01 5.400545e+00 5.827738e+00
    endloop
  endfacet
  facet normal -1.185702e-15 -8.660254e-01 5.000000e-01
    outer loop
      vertex   7.768303e+01 5.400545e+00 5.827738e+00
      vertex   7.775021e+01 5.697090e+00 6.341371e+00
      vertex   7.751524e+01 5.700659e+00 6.347552e+00
    endloop
  endfacet
  facet normal 2.037815e-15 -8.660254e-01 5.000000e-01
    outer loop
      vertex   7.768303e+01 5.400545e+00 5.827738e+00
      vertex   7.751524e+01 5.700659e+00 6.347552e+00
      vertex   7.749195e+01 5.405171e+00 5.835751e+00
    endloop
  endfacet
  facet normal -6.083098e-15 -8.660254e-01 5.000000e-01
    outer loop
      vertex   7.749195e+01 5.405171e+00 5.835751e+00
      vertex   7.751524e+01 5.700659e+00 6.347552e+00
      vertex   7.729997e+01 5.405712e+00 5.836688e+00
    endloop
  endfacet
  facet normal 8.532869e-16 -8.660254e-01 5.000000e-01
    outer loop
      vertex   7.729997e+01 5.405712e+00 5.836688e+00
      vertex   7.751524e+01 5.700659e+00 6.347552e+00
      vertex   7.630065e+01 5.406051e+00 5.837275e+00
    endloop
  endfacet
  facet normal 7.220251e-16 -8.660254e-01 5.000000e-01
    outer loop
      vertex   7.630065e+01 5.406051e+00 5.837275e+00
      vertex   7.751524e+01 5.700659e+00 6.347552e+00
      vertex   7.563939e+01 5.701295e+00 6.348654e+00
    endloop
  endfacet
  facet normal -2.235002e-15 -8.660254e-01 5.000000e-01
    outer loop
      vertex   7.818525e+01 4.312301e+00 3.942845e+00
      vertex   7.801181e+01 4.679004e+00 4.577993e+00
      vertex   7.800538e+01 4.333027e+00 3.978743e+00
    endloop
  endfacet
  facet normal 3.936705e-15 -8.660254e-01 5.000000e-01
    outer loop
      vertex   7.800538e+01 4.333027e+00 3.978743e+00
      vertex   7.801181e+01 4.679004e+00 4.577993e+00
      vertex   7.785561e+01 4.664325e+00 4.552568e+00
    endloop
  endfacet
  facet normal 4.401352e-16 -8.660254e-01 5.000000e-01
    outer loop
      vertex   7.800538e+01 4.333027e+00 3.978743e+00
      vertex   7.785561e+01 4.664325e+00 4.552568e+00
      vertex   7.782393e+01 4.347645e+00 4.004062e+00
    endloop
  endfacet
  facet normal -4.128972e-15 -8.660254e-01 5.000000e-01
    outer loop
      vertex   7.782393e+01 4.347645e+00 4.004062e+00
      vertex   7.785561e+01 4.664325e+00 4.552568e+00
      vertex   7.769843e+01 4.654385e+00 4.535351e+00
    endloop
  endfacet
  facet normal -3.134555e-15 -8.660254e-01 5.000000e-01
    outer loop
      vertex   7.782393e+01 4.347645e+00 4.004062e+00
      vertex   7.769843e+01 4.654385e+00 4.535351e+00
      vertex   7.764027e+01 4.353712e+00 4.014571e+00
    endloop
  endfacet
  facet normal -2.678101e-15 -8.660254e-01 5.000000e-01
    outer loop
      vertex   7.764027e+01 4.353712e+00 4.014571e+00
      vertex   7.769843e+01 4.654385e+00 4.535351e+00
      vertex   7.753996e+01 4.650670e+00 4.528917e+00
    endloop
  endfacet
  facet normal -1.057161e-15 -8.660254e-01 5.000000e-01
    outer loop
      vertex   7.764027e+01 4.353712e+00 4.014571e+00
      vertex   7.753996e+01 4.650670e+00 4.528917e+00
      vertex   7.745543e+01 4.355181e+00 4.017116e+00
    endloop
  endfacet
  facet normal -6.029380e-16 -8.660254e-01 5.000000e-01
    outer loop
      vertex   7.745543e+01 4.355181e+00 4.017116e+00
      vertex   7.753996e+01 4.650670e+00 4.528917e+00
      vertex   7.738080e+01 4.650227e+00 4.528150e+00
    endloop
  endfacet
  facet normal 1.784080e-16 -8.660254e-01 5.000000e-01
    outer loop
      vertex   7.745543e+01 4.355181e+00 4.017116e+00
      vertex   7.738080e+01 4.650227e+00 4.528150e+00
      vertex   7.629923e+01 4.355573e+00 4.017795e+00
    endloop
  endfacet
  facet normal 5.245215e-17 -8.660254e-01 5.000000e-01
    outer loop
      vertex   7.629923e+01 4.355573e+00 4.017795e+00
      vertex   7.738080e+01 4.650227e+00 4.528150e+00
      vertex   7.629963e+01 4.650594e+00 4.528785e+00
    endloop
  endfacet
  facet normal -9.426325e-01 1.669161e-01 2.891072e-01
    outer loop
      vertex   2.842270e+01 3.286389e+00 6.165914e+00
      vertex   2.850563e+01 3.403475e+00 6.368713e+00
      vertex   2.842270e+01 5.018440e+00 5.165914e+00
    endloop
  endfacet
  facet normal -9.426325e-01 1.669161e-01 2.891072e-01
    outer loop
      vertex   2.842270e+01 5.018440e+00 5.165914e+00
      vertex   2.850563e+01 3.403475e+00 6.368713e+00
      vertex   2.850563e+01 5.135526e+00 5.368713e+00
    endloop
  endfacet
  facet normal -9.519074e-01 1.531929e-01 2.653379e-01
    outer loop
      vertex   2.850563e+01 5.135526e+00 5.368713e+00
      vertex   2.850563e+01 3.403475e+00 6.368713e+00
      vertex   2.858166e+01 3.521579e+00 6.573275e+00
    endloop
  endfacet
  facet normal -9.519074e-01 1.531929e-01 2.653379e-01
    outer loop
      vertex   2.850563e+01 5.135526e+00 5.368713e+00
      vertex   2.858166e+01 3.521579e+00 6.573275e+00
      vertex   2.858166e+01 5.253630e+00 5.573275e+00
    endloop
  endfacet
  facet normal -9.656965e-01 1.298367e-01 2.248837e-01
    outer loop
      vertex   2.858166e+01 5.253630e+00 5.573275e+00
      vertex   2.858166e+01 3.521579e+00 6.573275e+00
      vertex   2.864609e+01 3.641392e+00 6.780796e+00
    endloop
  endfacet
  facet normal -9.656965e-01 1.298367e-01 2.248837e-01
    outer loop
      vertex   2.858166e+01 5.253630e+00 5.573275e+00
      vertex   2.864609e+01 3.641392e+00 6.780796e+00
      vertex   2.864609e+01 5.373443e+00 5.780796e+00
    endloop
  endfacet
  facet normal -9.729139e-01 1.155839e-01 2.001971e-01
    outer loop
      vertex   2.864609e+01 5.373443e+00 5.780796e+00
      vertex   2.864609e+01 3.641392e+00 6.780796e+00
      vertex   2.870352e+01 3.762237e+00 6.990106e+00
    endloop
  endfacet
  facet normal -9.729139e-01 1.155839e-01 2.001971e-01
    outer loop
      vertex   2.864609e+01 5.373443e+00 5.780796e+00
      vertex   2.870352e+01 3.762237e+00 6.990106e+00
      vertex   2.870352e+01 5.494288e+00 5.990106e+00
    endloop
  endfacet
  facet normal 9.584358e-01 1.426542e-01 2.470843e-01
    outer loop
      vertex   2.870352e+01 3.762237e+00 6.990106e+00
      vertex   2.878171e+01 3.630907e+00 6.762637e+00
      vertex   2.870352e+01 5.494288e+00 5.990106e+00
    endloop
  endfacet
  facet normal 9.584358e-01 1.426542e-01 2.470843e-01
    outer loop
      vertex   2.870352e+01 5.494288e+00 5.990106e+00
      vertex   2.878171e+01 3.630907e+00 6.762637e+00
      vertex   2.878171e+01 5.362958e+00 5.762637e+00
    endloop
  endfacet
  facet normal 9.534744e-01 1.507370e-01 2.610841e-01
    outer loop
      vertex   2.878171e+01 5.362958e+00 5.762637e+00
      vertex   2.878171e+01 3.630907e+00 6.762637e+00
      vertex   2.886430e+01 3.500297e+00 6.536412e+00
    endloop
  endfacet
  facet normal 9.534744e-01 1.507370e-01 2.610841e-01
    outer loop
      vertex   2.878171e+01 5.362958e+00 5.762637e+00
      vertex   2.886430e+01 3.500297e+00 6.536412e+00
      vertex   2.886430e+01 5.232347e+00 5.536412e+00
    endloop
  endfacet
  facet normal 9.457628e-01 1.624290e-01 2.813353e-01
    outer loop
      vertex   2.886430e+01 5.232347e+00 5.536412e+00
      vertex   2.886430e+01 3.500297e+00 6.536412e+00
      vertex   2.895331e+01 3.370732e+00 6.312000e+00
    endloop
  endfacet
  facet normal 9.457628e-01 1.624290e-01 2.813353e-01
    outer loop
      vertex   2.886430e+01 5.232347e+00 5.536412e+00
      vertex   2.895331e+01 3.370732e+00 6.312000e+00
      vertex   2.895331e+01 5.102783e+00 5.312000e+00
    endloop
  endfacet
  facet normal 9.413042e-01 1.687798e-01 2.923352e-01
    outer loop
      vertex   2.895331e+01 5.102783e+00 5.312000e+00
      vertex   2.895331e+01 3.370732e+00 6.312000e+00
      vertex   2.904583e+01 3.241740e+00 6.088578e+00
    endloop
  endfacet
  facet normal 9.413042e-01 1.687798e-01 2.923352e-01
    outer loop
      vertex   2.895331e+01 5.102783e+00 5.312000e+00
      vertex   2.904583e+01 3.241740e+00 6.088578e+00
      vertex   2.904583e+01 4.973790e+00 5.088578e+00
    endloop
  endfacet
  facet normal 9.399020e-01 1.707221e-01 2.956994e-01
    outer loop
      vertex   2.904583e+01 3.241740e+00 6.088578e+00
      vertex   2.955109e+01 2.546315e+00 4.884067e+00
      vertex   2.904583e+01 4.973790e+00 5.088578e+00
    endloop
  endfacet
  facet normal 9.399020e-01 1.707221e-01 2.956994e-01
    outer loop
      vertex   2.904583e+01 4.973790e+00 5.088578e+00
      vertex   2.955109e+01 2.546315e+00 4.884067e+00
      vertex   2.955109e+01 4.278365e+00 3.884067e+00
    endloop
  endfacet
  facet normal -1.193574e-02 -4.999644e-01 -8.659637e-01
    outer loop
      vertex   2.955109e+01 2.546315e+00 4.884067e+00
      vertex   2.785612e+01 2.556431e+00 4.901588e+00
      vertex   2.955109e+01 4.278365e+00 3.884067e+00
    endloop
  endfacet
  facet normal -1.193574e-02 -4.999644e-01 -8.659637e-01
    outer loop
      vertex   2.955109e+01 4.278365e+00 3.884067e+00
      vertex   2.785612e+01 2.556431e+00 4.901588e+00
      vertex   2.785612e+01 4.288481e+00 3.901588e+00
    endloop
  endfacet
  facet normal -9.322562e-01 1.808995e-01 3.133270e-01
    outer loop
      vertex   2.785612e+01 2.556431e+00 4.901588e+00
      vertex   2.842270e+01 3.286389e+00 6.165914e+00
      vertex   2.785612e+01 4.288481e+00 3.901588e+00
    endloop
  endfacet
  facet normal -9.322562e-01 1.808995e-01 3.133270e-01
    outer loop
      vertex   2.785612e+01 4.288481e+00 3.901588e+00
      vertex   2.842270e+01 3.286389e+00 6.165914e+00
      vertex   2.842270e+01 5.018440e+00 5.165914e+00
    endloop
  endfacet
  facet normal -9.359664e-01 1.760447e-01 3.049184e-01
    outer loop
      vertex   2.709156e+01 1.534318e+00 3.131237e+00
      vertex   2.765871e+01 2.288149e+00 4.436911e+00
      vertex   2.709156e+01 3.266368e+00 2.131237e+00
    endloop
  endfacet
  facet normal -9.359664e-01 1.760447e-01 3.049184e-01
    outer loop
      vertex   2.709156e+01 3.266368e+00 2.131237e+00
      vertex   2.765871e+01 2.288149e+00 4.436911e+00
      vertex   2.765871e+01 4.020200e+00 3.436911e+00
    endloop
  endfacet
  facet normal 1.193574e-02 4.999644e-01 8.659637e-01
    outer loop
      vertex   2.765871e+01 2.288149e+00 4.436911e+00
      vertex   2.974928e+01 2.275672e+00 4.415300e+00
      vertex   2.765871e+01 4.020200e+00 3.436911e+00
    endloop
  endfacet
  facet normal 1.193574e-02 4.999644e-01 8.659637e-01
    outer loop
      vertex   2.765871e+01 4.020200e+00 3.436911e+00
      vertex   2.974928e+01 2.275672e+00 4.415300e+00
      vertex   2.974928e+01 4.007723e+00 3.415300e+00
    endloop
  endfacet
  facet normal 9.374063e-01 1.741188e-01 3.015827e-01
    outer loop
      vertex   2.974928e+01 2.275672e+00 4.415300e+00
      vertex   3.031438e+01 1.515083e+00 3.097921e+00
      vertex   2.974928e+01 4.007723e+00 3.415300e+00
    endloop
  endfacet
  facet normal 9.374063e-01 1.741188e-01 3.015827e-01
    outer loop
      vertex   2.974928e+01 4.007723e+00 3.415300e+00
      vertex   3.031438e+01 1.515083e+00 3.097921e+00
      vertex   3.031438e+01 3.247134e+00 2.097921e+00
    endloop
  endfacet
  facet normal 1.193574e-02 4.999644e-01 8.659637e-01
    outer loop
      vertex   3.031438e+01 1.515083e+00 3.097921e+00
      vertex   3.106808e+01 1.510585e+00 3.090130e+00
      vertex   3.031438e+01 3.247134e+00 2.097921e+00
    endloop
  endfacet
  facet normal 1.193574e-02 4.999644e-01 8.659637e-01
    outer loop
      vertex   3.031438e+01 3.247134e+00 2.097921e+00
      vertex   3.106808e+01 1.510585e+00 3.090130e+00
      vertex   3.106808e+01 3.242635e+00 2.090130e+00
    endloop
  endfacet
  facet normal -9.299417e-01 -1.838535e-01 -3.184436e-01
    outer loop
      vertex   3.106808e+01 1.510585e+00 3.090130e+00
      vertex   2.908152e+01 4.022619e+00 7.441101e+00
      vertex   3.106808e+01 3.242635e+00 2.090130e+00
    endloop
  endfacet
  facet normal -9.299417e-01 -1.838535e-01 -3.184436e-01
    outer loop
      vertex   3.106808e+01 3.242635e+00 2.090130e+00
      vertex   2.908152e+01 4.022619e+00 7.441101e+00
      vertex   2.908152e+01 5.754670e+00 6.441101e+00
    endloop
  endfacet
  facet normal -1.193574e-02 -4.999644e-01 -8.659637e-01
    outer loop
      vertex   2.908152e+01 4.022619e+00 7.441101e+00
      vertex   2.836875e+01 4.026873e+00 7.448469e+00
      vertex   2.908152e+01 5.754670e+00 6.441101e+00
    endloop
  endfacet
  facet normal -1.193574e-02 -4.999644e-01 -8.659637e-01
    outer loop
      vertex   2.908152e+01 5.754670e+00 6.441101e+00
      vertex   2.836875e+01 4.026873e+00 7.448469e+00
      vertex   2.836875e+01 5.758924e+00 6.448469e+00
    endloop
  endfacet
  facet normal 9.291804e-01 -1.848132e-01 -3.201059e-01
    outer loop
      vertex   2.836875e+01 4.026873e+00 7.448469e+00
      vertex   2.638902e+01 1.538511e+00 3.138499e+00
      vertex   2.836875e+01 5.758924e+00 6.448469e+00
    endloop
  endfacet
  facet normal 9.291804e-01 -1.848132e-01 -3.201059e-01
    outer loop
      vertex   2.836875e+01 5.758924e+00 6.448469e+00
      vertex   2.638902e+01 1.538511e+00 3.138499e+00
      vertex   2.638902e+01 3.270561e+00 2.138499e+00
    endloop
  endfacet
  facet normal 1.193574e-02 4.999644e-01 8.659637e-01
    outer loop
      vertex   2.638902e+01 1.538511e+00 3.138499e+00
      vertex   2.709156e+01 1.534318e+00 3.131237e+00
      vertex   2.638902e+01 3.270561e+00 2.138499e+00
    endloop
  endfacet
  facet normal 1.193574e-02 4.999644e-01 8.659637e-01
    outer loop
      vertex   2.638902e+01 3.270561e+00 2.138499e+00
      vertex   2.709156e+01 1.534318e+00 3.131237e+00
      vertex   2.709156e+01 3.266368e+00 2.131237e+00
    endloop
  endfacet
  facet normal 6.728699e-16 -8.660254e-01 5.000000e-01
    outer loop
      vertex   2.709156e+01 3.266368e+00 2.131237e+00
      vertex   2.765871e+01 4.020200e+00 3.436911e+00
      vertex   2.638902e+01 3.270561e+00 2.138499e+00
    endloop
  endfacet
  facet normal 1.501968e-15 -8.660254e-01 5.000000e-01
    outer loop
      vertex   2.638902e+01 3.270561e+00 2.138499e+00
      vertex   2.765871e+01 4.020200e+00 3.436911e+00
      vertex   2.785612e+01 4.288481e+00 3.901588e+00
    endloop
  endfacet
  facet normal 4.675353e-16 -8.660254e-01 5.000000e-01
    outer loop
      vertex   2.638902e+01 3.270561e+00 2.138499e+00
      vertex   2.785612e+01 4.288481e+00 3.901588e+00
      vertex   2.836875e+01 5.758924e+00 6.448469e+00
    endloop
  endfacet
  facet normal 2.033559e-15 -8.660254e-01 5.000000e-01
    outer loop
      vertex   2.836875e+01 5.758924e+00 6.448469e+00
      vertex   2.785612e+01 4.288481e+00 3.901588e+00
      vertex   2.842270e+01 5.018440e+00 5.165914e+00
    endloop
  endfacet
  facet normal 7.362040e-15 -8.660254e-01 5.000000e-01
    outer loop
      vertex   2.836875e+01 5.758924e+00 6.448469e+00
      vertex   2.842270e+01 5.018440e+00 5.165914e+00
      vertex   2.850563e+01 5.135526e+00 5.368713e+00
    endloop
  endfacet
  facet normal -1.370801e-16 -8.660254e-01 5.000000e-01
    outer loop
      vertex   2.785612e+01 4.288481e+00 3.901588e+00
      vertex   2.765871e+01 4.020200e+00 3.436911e+00
      vertex   2.955109e+01 4.278365e+00 3.884067e+00
    endloop
  endfacet
  facet normal 2.119484e-17 -8.660254e-01 5.000000e-01
    outer loop
      vertex   2.955109e+01 4.278365e+00 3.884067e+00
      vertex   2.765871e+01 4.020200e+00 3.436911e+00
      vertex   2.974928e+01 4.007723e+00 3.415300e+00
    endloop
  endfacet
  facet normal -2.725913e-15 -8.660254e-01 5.000000e-01
    outer loop
      vertex   2.955109e+01 4.278365e+00 3.884067e+00
      vertex   2.974928e+01 4.007723e+00 3.415300e+00
      vertex   3.106808e+01 3.242635e+00 2.090130e+00
    endloop
  endfacet
  facet normal -3.706119e-16 -8.660254e-01 5.000000e-01
    outer loop
      vertex   3.106808e+01 3.242635e+00 2.090130e+00
      vertex   2.974928e+01 4.007723e+00 3.415300e+00
      vertex   3.031438e+01 3.247134e+00 2.097921e+00
    endloop
  endfacet
  facet normal 4.093108e-16 -8.660254e-01 5.000000e-01
    outer loop
      vertex   3.106808e+01 3.242635e+00 2.090130e+00
      vertex   2.908152e+01 5.754670e+00 6.441101e+00
      vertex   2.955109e+01 4.278365e+00 3.884067e+00
    endloop
  endfacet
  facet normal -2.204193e-15 -8.660254e-01 5.000000e-01
    outer loop
      vertex   2.955109e+01 4.278365e+00 3.884067e+00
      vertex   2.908152e+01 5.754670e+00 6.441101e+00
      vertex   2.904583e+01 4.973790e+00 5.088578e+00
    endloop
  endfacet
  facet normal -2.480343e-15 -8.660254e-01 5.000000e-01
    outer loop
      vertex   2.904583e+01 4.973790e+00 5.088578e+00
      vertex   2.908152e+01 5.754670e+00 6.441101e+00
      vertex   2.895331e+01 5.102783e+00 5.312000e+00
    endloop
  endfacet
  facet normal 4.595447e-15 -8.660254e-01 5.000000e-01
    outer loop
      vertex   2.895331e+01 5.102783e+00 5.312000e+00
      vertex   2.908152e+01 5.754670e+00 6.441101e+00
      vertex   2.886430e+01 5.232347e+00 5.536412e+00
    endloop
  endfacet
  facet normal 5.492485e-15 -8.660254e-01 5.000000e-01
    outer loop
      vertex   2.886430e+01 5.232347e+00 5.536412e+00
      vertex   2.908152e+01 5.754670e+00 6.441101e+00
      vertex   2.878171e+01 5.362958e+00 5.762637e+00
    endloop
  endfacet
  facet normal -7.148955e-16 -8.660254e-01 5.000000e-01
    outer loop
      vertex   2.878171e+01 5.362958e+00 5.762637e+00
      vertex   2.908152e+01 5.754670e+00 6.441101e+00
      vertex   2.870352e+01 5.494288e+00 5.990106e+00
    endloop
  endfacet
  facet normal 9.803243e-16 -8.660254e-01 5.000000e-01
    outer loop
      vertex   2.870352e+01 5.494288e+00 5.990106e+00
      vertex   2.908152e+01 5.754670e+00 6.441101e+00
      vertex   2.836875e+01 5.758924e+00 6.448469e+00
    endloop
  endfacet
  facet normal 1.659901e-15 -8.660254e-01 5.000000e-01
    outer loop
      vertex   2.870352e+01 5.494288e+00 5.990106e+00
      vertex   2.836875e+01 5.758924e+00 6.448469e+00
      vertex   2.864609e+01 5.373443e+00 5.780796e+00
    endloop
  endfacet
  facet normal -3.732597e-15 -8.660254e-01 5.000000e-01
    outer loop
      vertex   2.864609e+01 5.373443e+00 5.780796e+00
      vertex   2.836875e+01 5.758924e+00 6.448469e+00
      vertex   2.858166e+01 5.253630e+00 5.573275e+00
    endloop
  endfacet
  facet normal -4.383025e-15 -8.660254e-01 5.000000e-01
    outer loop
      vertex   2.858166e+01 5.253630e+00 5.573275e+00
      vertex   2.836875e+01 5.758924e+00 6.448469e+00
      vertex   2.850563e+01 5.135526e+00 5.368713e+00
    endloop
  endfacet
  facet normal 5.419765e-01 -4.201968e-01 -7.278023e-01
    outer loop
      vertex   1.262677e+02 2.007091e+00 3.950105e+00
      vertex   1.260526e+02 1.937733e+00 3.829972e+00
      vertex   1.262677e+02 3.739142e+00 2.950105e+00
    endloop
  endfacet
  facet normal 5.419765e-01 -4.201968e-01 -7.278023e-01
    outer loop
      vertex   1.262677e+02 3.739142e+00 2.950105e+00
      vertex   1.260526e+02 1.937733e+00 3.829972e+00
      vertex   1.260526e+02 3.669784e+00 2.829972e+00
    endloop
  endfacet
  facet normal 4.240429e-01 -4.528211e-01 -7.843091e-01
    outer loop
      vertex   1.260526e+02 3.669784e+00 2.829972e+00
      vertex   1.260526e+02 1.937733e+00 3.829972e+00
      vertex   1.258262e+02 1.884730e+00 3.738169e+00
    endloop
  endfacet
  facet normal 4.240429e-01 -4.528211e-01 -7.843091e-01
    outer loop
      vertex   1.260526e+02 3.669784e+00 2.829972e+00
      vertex   1.258262e+02 1.884730e+00 3.738169e+00
      vertex   1.258262e+02 3.616781e+00 2.738169e+00
    endloop
  endfacet
  facet normal 2.120067e-01 -4.886341e-01 -8.463391e-01
    outer loop
      vertex   1.258262e+02 3.616781e+00 2.738169e+00
      vertex   1.258262e+02 1.884730e+00 3.738169e+00
      vertex   1.255815e+02 1.858189e+00 3.692198e+00
    endloop
  endfacet
  facet normal 2.120067e-01 -4.886341e-01 -8.463391e-01
    outer loop
      vertex   1.258262e+02 3.616781e+00 2.738169e+00
      vertex   1.255815e+02 1.858189e+00 3.692198e+00
      vertex   1.255815e+02 3.590240e+00 2.692198e+00
    endloop
  endfacet
  facet normal 8.647989e-02 -4.981268e-01 -8.627809e-01
    outer loop
      vertex   1.255815e+02 3.590240e+00 2.692198e+00
      vertex   1.255815e+02 1.858189e+00 3.692198e+00
      vertex   1.253261e+02 1.847105e+00 3.673001e+00
    endloop
  endfacet
  facet normal 8.647989e-02 -4.981268e-01 -8.627809e-01
    outer loop
      vertex   1.255815e+02 3.590240e+00 2.692198e+00
      vertex   1.253261e+02 1.847105e+00 3.673001e+00
      vertex   1.253261e+02 3.579156e+00 2.673001e+00
    endloop
  endfacet
  facet normal -8.271184e-02 -4.982868e-01 -8.630580e-01
    outer loop
      vertex   1.253261e+02 1.847105e+00 3.673001e+00
      vertex   1.251026e+02 1.856380e+00 3.689066e+00
      vertex   1.253261e+02 3.579156e+00 2.673001e+00
    endloop
  endfacet
  facet normal -8.271184e-02 -4.982868e-01 -8.630580e-01
    outer loop
      vertex   1.253261e+02 3.579156e+00 2.673001e+00
      vertex   1.251026e+02 1.856380e+00 3.689066e+00
      vertex   1.251026e+02 3.588431e+00 2.689066e+00
    endloop
  endfacet
  facet normal -1.836134e-01 -4.914993e-01 -8.513017e-01
    outer loop
      vertex   1.251026e+02 3.588431e+00 2.689066e+00
      vertex   1.251026e+02 1.856380e+00 3.689066e+00
      vertex   1.248853e+02 1.876682e+00 3.724229e+00
    endloop
  endfacet
  facet normal -1.836134e-01 -4.914993e-01 -8.513017e-01
    outer loop
      vertex   1.251026e+02 3.588431e+00 2.689066e+00
      vertex   1.248853e+02 1.876682e+00 3.724229e+00
      vertex   1.248853e+02 3.608733e+00 2.724229e+00
    endloop
  endfacet
  facet normal -3.497892e-01 -4.684142e-01 -8.113172e-01
    outer loop
      vertex   1.248853e+02 3.608733e+00 2.724229e+00
      vertex   1.248853e+02 1.876682e+00 3.724229e+00
      vertex   1.246781e+02 1.915358e+00 3.791218e+00
    endloop
  endfacet
  facet normal -3.497892e-01 -4.684142e-01 -8.113172e-01
    outer loop
      vertex   1.248853e+02 3.608733e+00 2.724229e+00
      vertex   1.246781e+02 1.915358e+00 3.791218e+00
      vertex   1.246781e+02 3.647409e+00 2.791218e+00
    endloop
  endfacet
  facet normal -4.431901e-01 -4.482138e-01 -7.763291e-01
    outer loop
      vertex   1.246781e+02 3.647409e+00 2.791218e+00
      vertex   1.246781e+02 1.915358e+00 3.791218e+00
      vertex   1.244770e+02 1.965056e+00 3.877297e+00
    endloop
  endfacet
  facet normal -4.431901e-01 -4.482138e-01 -7.763291e-01
    outer loop
      vertex   1.246781e+02 3.647409e+00 2.791218e+00
      vertex   1.244770e+02 1.965056e+00 3.877297e+00
      vertex   1.244770e+02 3.697107e+00 2.877297e+00
    endloop
  endfacet
  facet normal -6.098263e-01 -3.962676e-01 -6.863556e-01
    outer loop
      vertex   1.244770e+02 1.965056e+00 3.877297e+00
      vertex   1.242908e+02 2.036710e+00 4.001405e+00
      vertex   1.244770e+02 3.697107e+00 2.877297e+00
    endloop
  endfacet
  facet normal -6.098263e-01 -3.962676e-01 -6.863556e-01
    outer loop
      vertex   1.244770e+02 3.697107e+00 2.877297e+00
      vertex   1.242908e+02 2.036710e+00 4.001405e+00
      vertex   1.242908e+02 3.768760e+00 3.001405e+00
    endloop
  endfacet
  facet normal -7.053328e-01 -3.544381e-01 -6.139049e-01
    outer loop
      vertex   1.242908e+02 3.768760e+00 3.001405e+00
      vertex   1.242908e+02 2.036710e+00 4.001405e+00
      vertex   1.241276e+02 2.117881e+00 4.141997e+00
    endloop
  endfacet
  facet normal -7.053328e-01 -3.544381e-01 -6.139049e-01
    outer loop
      vertex   1.242908e+02 3.768760e+00 3.001405e+00
      vertex   1.241276e+02 2.117881e+00 4.141997e+00
      vertex   1.241276e+02 3.849931e+00 3.141997e+00
    endloop
  endfacet
  facet normal -8.377753e-01 -2.730076e-01 -4.728631e-01
    outer loop
      vertex   1.241276e+02 3.849931e+00 3.141997e+00
      vertex   1.241276e+02 2.117881e+00 4.141997e+00
      vertex   1.240018e+02 2.214431e+00 4.309227e+00
    endloop
  endfacet
  facet normal -8.377753e-01 -2.730076e-01 -4.728631e-01
    outer loop
      vertex   1.241276e+02 3.849931e+00 3.141997e+00
      vertex   1.240018e+02 2.214431e+00 4.309227e+00
      vertex   1.240018e+02 3.946482e+00 3.309227e+00
    endloop
  endfacet
  facet normal -8.968664e-01 -2.211508e-01 -3.830443e-01
    outer loop
      vertex   1.240018e+02 3.946482e+00 3.309227e+00
      vertex   1.240018e+02 2.214431e+00 4.309227e+00
      vertex   1.238977e+02 2.319956e+00 4.492002e+00
    endloop
  endfacet
  facet normal -8.968664e-01 -2.211508e-01 -3.830443e-01
    outer loop
      vertex   1.240018e+02 3.946482e+00 3.309227e+00
      vertex   1.238977e+02 2.319956e+00 4.492002e+00
      vertex   1.238977e+02 4.052007e+00 3.492002e+00
    endloop
  endfacet
  facet normal -9.579337e-01 -1.434948e-01 -2.485403e-01
    outer loop
      vertex   1.238977e+02 2.319956e+00 4.492002e+00
      vertex   1.238160e+02 2.456337e+00 4.728221e+00
      vertex   1.238977e+02 4.052007e+00 3.492002e+00
    endloop
  endfacet
  facet normal -9.579337e-01 -1.434948e-01 -2.485403e-01
    outer loop
      vertex   1.238977e+02 4.052007e+00 3.492002e+00
      vertex   1.238160e+02 2.456337e+00 4.728221e+00
      vertex   1.238160e+02 4.188388e+00 3.728221e+00
    endloop
  endfacet
  facet normal -9.762434e-01 -1.083385e-01 -1.876478e-01
    outer loop
      vertex   1.238160e+02 4.188388e+00 3.728221e+00
      vertex   1.238160e+02 2.456337e+00 4.728221e+00
      vertex   1.237547e+02 2.594451e+00 4.967441e+00
    endloop
  endfacet
  facet normal -9.762434e-01 -1.083385e-01 -1.876478e-01
    outer loop
      vertex   1.238160e+02 4.188388e+00 3.728221e+00
      vertex   1.237547e+02 2.594451e+00 4.967441e+00
      vertex   1.237547e+02 4.326501e+00 3.967441e+00
    endloop
  endfacet
  facet normal -9.946238e-01 -5.177726e-02 -8.968084e-02
    outer loop
      vertex   1.237547e+02 4.326501e+00 3.967441e+00
      vertex   1.237547e+02 2.594451e+00 4.967441e+00
      vertex   1.237254e+02 2.735279e+00 5.211363e+00
    endloop
  endfacet
  facet normal -9.946238e-01 -5.177726e-02 -8.968084e-02
    outer loop
      vertex   1.237547e+02 4.326501e+00 3.967441e+00
      vertex   1.237254e+02 2.735279e+00 5.211363e+00
      vertex   1.237254e+02 4.467330e+00 4.211363e+00
    endloop
  endfacet
  facet normal -9.992439e-01 -1.943998e-02 -3.367104e-02
    outer loop
      vertex   1.237254e+02 4.467330e+00 4.211363e+00
      vertex   1.237254e+02 2.735279e+00 5.211363e+00
      vertex   1.237143e+02 2.877657e+00 5.457969e+00
    endloop
  endfacet
  facet normal -9.992439e-01 -1.943998e-02 -3.367104e-02
    outer loop
      vertex   1.237254e+02 4.467330e+00 4.211363e+00
      vertex   1.237143e+02 2.877657e+00 5.457969e+00
      vertex   1.237143e+02 4.609708e+00 4.457969e+00
    endloop
  endfacet
  facet normal -9.987317e-01 2.517390e-02 4.360247e-02
    outer loop
      vertex   1.237143e+02 2.877657e+00 5.457969e+00
      vertex   1.237266e+02 2.999671e+00 5.669304e+00
      vertex   1.237143e+02 4.609708e+00 4.457969e+00
    endloop
  endfacet
  facet normal -9.987317e-01 2.517390e-02 4.360247e-02
    outer loop
      vertex   1.237143e+02 4.609708e+00 4.457969e+00
      vertex   1.237266e+02 2.999671e+00 5.669304e+00
      vertex   1.237266e+02 4.731722e+00 4.669304e+00
    endloop
  endfacet
  facet normal -9.937925e-01 5.562464e-02 9.634469e-02
    outer loop
      vertex   1.237266e+02 4.731722e+00 4.669304e+00
      vertex   1.237266e+02 2.999671e+00 5.669304e+00
      vertex   1.237536e+02 3.120472e+00 5.878537e+00
    endloop
  endfacet
  facet normal -9.937925e-01 5.562464e-02 9.634469e-02
    outer loop
      vertex   1.237266e+02 4.731722e+00 4.669304e+00
      vertex   1.237536e+02 3.120472e+00 5.878537e+00
      vertex   1.237536e+02 4.852523e+00 4.878537e+00
    endloop
  endfacet
  facet normal -9.771417e-01 1.062945e-01 1.841075e-01
    outer loop
      vertex   1.237536e+02 4.852523e+00 4.878537e+00
      vertex   1.237536e+02 3.120472e+00 5.878537e+00
      vertex   1.238053e+02 3.239246e+00 6.084259e+00
    endloop
  endfacet
  facet normal -9.771417e-01 1.062945e-01 1.841075e-01
    outer loop
      vertex   1.237536e+02 4.852523e+00 4.878537e+00
      vertex   1.238053e+02 3.239246e+00 6.084259e+00
      vertex   1.238053e+02 4.971296e+00 5.084259e+00
    endloop
  endfacet
  facet normal -9.622488e-01 1.360856e-01 2.357072e-01
    outer loop
      vertex   1.238053e+02 4.971296e+00 5.084259e+00
      vertex   1.238053e+02 3.239246e+00 6.084259e+00
      vertex   1.238718e+02 3.356800e+00 6.287868e+00
    endloop
  endfacet
  facet normal -9.622488e-01 1.360856e-01 2.357072e-01
    outer loop
      vertex   1.238053e+02 4.971296e+00 5.084259e+00
      vertex   1.238718e+02 3.356800e+00 6.287868e+00
      vertex   1.238718e+02 5.088850e+00 5.287868e+00
    endloop
  endfacet
  facet normal -9.159120e-01 2.006895e-01 3.476044e-01
    outer loop
      vertex   1.238718e+02 3.356800e+00 6.287868e+00
      vertex   1.239664e+02 3.464750e+00 6.474844e+00
      vertex   1.238718e+02 5.088850e+00 5.287868e+00
    endloop
  endfacet
  facet normal -9.159120e-01 2.006895e-01 3.476044e-01
    outer loop
      vertex   1.238718e+02 5.088850e+00 5.287868e+00
      vertex   1.239664e+02 3.464750e+00 6.474844e+00
      vertex   1.239664e+02 5.196801e+00 5.474844e+00
    endloop
  endfacet
  facet normal -8.629828e-01 2.526167e-01 4.375449e-01
    outer loop
      vertex   1.239664e+02 5.196801e+00 5.474844e+00
      vertex   1.239664e+02 3.464750e+00 6.474844e+00
      vertex   1.240833e+02 3.564550e+00 6.647702e+00
    endloop
  endfacet
  facet normal -8.629828e-01 2.526167e-01 4.375449e-01
    outer loop
      vertex   1.239664e+02 5.196801e+00 5.474844e+00
      vertex   1.240833e+02 3.564550e+00 6.647702e+00
      vertex   1.240833e+02 5.296601e+00 5.647702e+00
    endloop
  endfacet
  facet normal -7.446502e-01 3.337275e-01 5.780329e-01
    outer loop
      vertex   1.240833e+02 5.296601e+00 5.647702e+00
      vertex   1.240833e+02 3.564550e+00 6.647702e+00
      vertex   1.242376e+02 3.650625e+00 6.796789e+00
    endloop
  endfacet
  facet normal -7.446502e-01 3.337275e-01 5.780329e-01
    outer loop
      vertex   1.240833e+02 5.296601e+00 5.647702e+00
      vertex   1.242376e+02 3.650625e+00 6.796789e+00
      vertex   1.242376e+02 5.382676e+00 5.796789e+00
    endloop
  endfacet
  facet normal -6.599914e-01 3.756366e-01 6.506216e-01
    outer loop
      vertex   1.242376e+02 5.382676e+00 5.796789e+00
      vertex   1.242376e+02 3.650625e+00 6.796789e+00
      vertex   1.244146e+02 3.728378e+00 6.931461e+00
    endloop
  endfacet
  facet normal -6.599914e-01 3.756366e-01 6.506216e-01
    outer loop
      vertex   1.242376e+02 5.382676e+00 5.796789e+00
      vertex   1.244146e+02 3.728378e+00 6.931461e+00
      vertex   1.244146e+02 5.460429e+00 5.931461e+00
    endloop
  endfacet
  facet normal -4.756722e-01 4.398113e-01 7.617756e-01
    outer loop
      vertex   1.244146e+02 3.728378e+00 6.931461e+00
      vertex   1.246403e+02 3.789407e+00 7.037166e+00
      vertex   1.244146e+02 5.460429e+00 5.931461e+00
    endloop
  endfacet
  facet normal -4.756722e-01 4.398113e-01 7.617756e-01
    outer loop
      vertex   1.244146e+02 5.460429e+00 5.931461e+00
      vertex   1.246403e+02 3.789407e+00 7.037166e+00
      vertex   1.246403e+02 5.521458e+00 6.037166e+00
    endloop
  endfacet
  facet normal -3.649036e-01 4.655226e-01 8.063089e-01
    outer loop
      vertex   1.246403e+02 5.521458e+00 6.037166e+00
      vertex   1.246403e+02 3.789407e+00 7.037166e+00
      vertex   1.248749e+02 3.835375e+00 7.116785e+00
    endloop
  endfacet
  facet normal -3.649036e-01 4.655226e-01 8.063089e-01
    outer loop
      vertex   1.246403e+02 5.521458e+00 6.037166e+00
      vertex   1.248749e+02 3.835375e+00 7.116785e+00
      vertex   1.248749e+02 5.567426e+00 6.116785e+00
    endloop
  endfacet
  facet normal -1.759447e-01 4.922000e-01 8.525155e-01
    outer loop
      vertex   1.248749e+02 5.567426e+00 6.116785e+00
      vertex   1.248749e+02 3.835375e+00 7.116785e+00
      vertex   1.251234e+02 3.857587e+00 7.155258e+00
    endloop
  endfacet
  facet normal -1.759447e-01 4.922000e-01 8.525155e-01
    outer loop
      vertex   1.248749e+02 5.567426e+00 6.116785e+00
      vertex   1.251234e+02 3.857587e+00 7.155258e+00
      vertex   1.251234e+02 5.589638e+00 6.155258e+00
    endloop
  endfacet
  facet normal -6.689052e-02 4.988802e-01 8.640858e-01
    outer loop
      vertex   1.251234e+02 5.589638e+00 6.155258e+00
      vertex   1.251234e+02 3.857587e+00 7.155258e+00
      vertex   1.253800e+02 3.866187e+00 7.170153e+00
    endloop
  endfacet
  facet normal -6.689052e-02 4.988802e-01 8.640858e-01
    outer loop
      vertex   1.251234e+02 5.589638e+00 6.155258e+00
      vertex   1.253800e+02 3.866187e+00 7.170153e+00
      vertex   1.253800e+02 5.598238e+00 6.170153e+00
    endloop
  endfacet
  facet normal 7.057957e-02 4.987531e-01 8.638657e-01
    outer loop
      vertex   1.253800e+02 3.866187e+00 7.170153e+00
      vertex   1.256024e+02 3.858318e+00 7.156524e+00
      vertex   1.253800e+02 5.598238e+00 6.170153e+00
    endloop
  endfacet
  facet normal 7.057957e-02 4.987531e-01 8.638657e-01
    outer loop
      vertex   1.253800e+02 5.598238e+00 6.170153e+00
      vertex   1.256024e+02 3.858318e+00 7.156524e+00
      vertex   1.256024e+02 5.590369e+00 6.156524e+00
    endloop
  endfacet
  facet normal 1.842958e-01 4.914354e-01 8.511911e-01
    outer loop
      vertex   1.256024e+02 5.590369e+00 6.156524e+00
      vertex   1.256024e+02 3.858318e+00 7.156524e+00
      vertex   1.258173e+02 3.838176e+00 7.121636e+00
    endloop
  endfacet
  facet normal 1.842958e-01 4.914354e-01 8.511911e-01
    outer loop
      vertex   1.256024e+02 5.590369e+00 6.156524e+00
      vertex   1.258173e+02 3.838176e+00 7.121636e+00
      vertex   1.258173e+02 5.570227e+00 6.121636e+00
    endloop
  endfacet
  facet normal 3.813257e-01 4.622204e-01 8.005892e-01
    outer loop
      vertex   1.258173e+02 5.570227e+00 6.121636e+00
      vertex   1.258173e+02 3.838176e+00 7.121636e+00
      vertex   1.260188e+02 3.796600e+00 7.049624e+00
    endloop
  endfacet
  facet normal 3.813257e-01 4.622204e-01 8.005892e-01
    outer loop
      vertex   1.258173e+02 5.570227e+00 6.121636e+00
      vertex   1.260188e+02 3.796600e+00 7.049624e+00
      vertex   1.260188e+02 5.528651e+00 6.049624e+00
    endloop
  endfacet
  facet normal 4.960486e-01 4.341474e-01 7.519653e-01
    outer loop
      vertex   1.260188e+02 5.528651e+00 6.049624e+00
      vertex   1.260188e+02 3.796600e+00 7.049624e+00
      vertex   1.262120e+02 3.741421e+00 6.954052e+00
    endloop
  endfacet
  facet normal 4.960486e-01 4.341474e-01 7.519653e-01
    outer loop
      vertex   1.260188e+02 5.528651e+00 6.049624e+00
      vertex   1.262120e+02 3.741421e+00 6.954052e+00
      vertex   1.262120e+02 5.473472e+00 5.954052e+00
    endloop
  endfacet
  facet normal 7.096443e-01 3.522801e-01 6.101670e-01
    outer loop
      vertex   1.262120e+02 3.741421e+00 6.954052e+00
      vertex   1.263813e+02 3.656165e+00 6.806384e+00
      vertex   1.262120e+02 5.473472e+00 5.954052e+00
    endloop
  endfacet
  facet normal 7.096443e-01 3.522801e-01 6.101670e-01
    outer loop
      vertex   1.262120e+02 5.473472e+00 5.954052e+00
      vertex   1.263813e+02 3.656165e+00 6.806384e+00
      vertex   1.263813e+02 5.388216e+00 5.806384e+00
    endloop
  endfacet
  facet normal 7.920571e-01 3.052235e-01 5.286627e-01
    outer loop
      vertex   1.263813e+02 5.388216e+00 5.806384e+00
      vertex   1.263813e+02 3.656165e+00 6.806384e+00
      vertex   1.265254e+02 3.562680e+00 6.644464e+00
    endloop
  endfacet
  facet normal 7.920571e-01 3.052235e-01 5.286627e-01
    outer loop
      vertex   1.263813e+02 5.388216e+00 5.806384e+00
      vertex   1.265254e+02 3.562680e+00 6.644464e+00
      vertex   1.265254e+02 5.294731e+00 5.644464e+00
    endloop
  endfacet
  facet normal 8.942214e-01 2.238125e-01 3.876546e-01
    outer loop
      vertex   1.265254e+02 5.294731e+00 5.644464e+00
      vertex   1.265254e+02 3.562680e+00 6.644464e+00
      vertex   1.266315e+02 3.456763e+00 6.461010e+00
    endloop
  endfacet
  facet normal 8.942214e-01 2.238125e-01 3.876546e-01
    outer loop
      vertex   1.265254e+02 5.294731e+00 5.644464e+00
      vertex   1.266315e+02 3.456763e+00 6.461010e+00
      vertex   1.266315e+02 5.188814e+00 5.461010e+00
    endloop
  endfacet
  facet normal 9.360862e-01 1.758853e-01 3.046423e-01
    outer loop
      vertex   1.266315e+02 5.188814e+00 5.461010e+00
      vertex   1.266315e+02 3.456763e+00 6.461010e+00
      vertex   1.267163e+02 3.343913e+00 6.265548e+00
    endloop
  endfacet
  facet normal 9.360862e-01 1.758853e-01 3.046423e-01
    outer loop
      vertex   1.266315e+02 5.188814e+00 5.461010e+00
      vertex   1.267163e+02 3.343913e+00 6.265548e+00
      vertex   1.267163e+02 5.075964e+00 5.265548e+00
    endloop
  endfacet
  facet normal -2.286736e-01 4.867516e-01 8.430785e-01
    outer loop
      vertex   1.267163e+02 3.343913e+00 6.265548e+00
      vertex   1.273678e+02 3.420435e+00 6.398088e+00
      vertex   1.267163e+02 5.075964e+00 5.265548e+00
    endloop
  endfacet
  facet normal -2.286736e-01 4.867516e-01 8.430785e-01
    outer loop
      vertex   1.267163e+02 5.075964e+00 5.265548e+00
      vertex   1.273678e+02 3.420435e+00 6.398088e+00
      vertex   1.273678e+02 5.152486e+00 5.398088e+00
    endloop
  endfacet
  facet normal -9.353162e-01 -1.769064e-01 -3.064109e-01
    outer loop
      vertex   1.273678e+02 3.420435e+00 6.398088e+00
      vertex   1.272507e+02 3.575213e+00 6.666171e+00
      vertex   1.273678e+02 5.152486e+00 5.398088e+00
    endloop
  endfacet
  facet normal -9.353162e-01 -1.769064e-01 -3.064109e-01
    outer loop
      vertex   1.273678e+02 5.152486e+00 5.398088e+00
      vertex   1.272507e+02 3.575213e+00 6.666171e+00
      vertex   1.272507e+02 5.307264e+00 5.666171e+00
    endloop
  endfacet
  facet normal -8.873164e-01 -2.305806e-01 -3.993773e-01
    outer loop
      vertex   1.272507e+02 5.307264e+00 5.666171e+00
      vertex   1.272507e+02 3.575213e+00 6.666171e+00
      vertex   1.271011e+02 3.719106e+00 6.915401e+00
    endloop
  endfacet
  facet normal -8.873164e-01 -2.305806e-01 -3.993773e-01
    outer loop
      vertex   1.272507e+02 5.307264e+00 5.666171e+00
      vertex   1.271011e+02 3.719106e+00 6.915401e+00
      vertex   1.271011e+02 5.451157e+00 5.915401e+00
    endloop
  endfacet
  facet normal -7.731423e-01 -3.171163e-01 -5.492616e-01
    outer loop
      vertex   1.271011e+02 5.451157e+00 5.915401e+00
      vertex   1.271011e+02 3.719106e+00 6.915401e+00
      vertex   1.268957e+02 3.844289e+00 7.132224e+00
    endloop
  endfacet
  facet normal -7.731423e-01 -3.171163e-01 -5.492616e-01
    outer loop
      vertex   1.271011e+02 5.451157e+00 5.915401e+00
      vertex   1.268957e+02 3.844289e+00 7.132224e+00
      vertex   1.268957e+02 5.576340e+00 6.132224e+00
    endloop
  endfacet
  facet normal -6.872653e-01 -3.632033e-01 -6.290865e-01
    outer loop
      vertex   1.268957e+02 5.576340e+00 6.132224e+00
      vertex   1.268957e+02 3.844289e+00 7.132224e+00
      vertex   1.266557e+02 3.957849e+00 7.328916e+00
    endloop
  endfacet
  facet normal -6.872653e-01 -3.632033e-01 -6.290865e-01
    outer loop
      vertex   1.268957e+02 5.576340e+00 6.132224e+00
      vertex   1.266557e+02 3.957849e+00 7.328916e+00
      vertex   1.266557e+02 5.689900e+00 6.328916e+00
    endloop
  endfacet
  facet normal -4.976023e-01 -4.337026e-01 -7.511950e-01
    outer loop
      vertex   1.266557e+02 3.957849e+00 7.328916e+00
      vertex   1.263628e+02 4.041864e+00 7.474435e+00
      vertex   1.266557e+02 5.689900e+00 6.328916e+00
    endloop
  endfacet
  facet normal -4.976023e-01 -4.337026e-01 -7.511950e-01
    outer loop
      vertex   1.266557e+02 5.689900e+00 6.328916e+00
      vertex   1.263628e+02 4.041864e+00 7.474435e+00
      vertex   1.263628e+02 5.773915e+00 6.474435e+00
    endloop
  endfacet
  facet normal -3.844665e-01 -4.615695e-01 -7.994618e-01
    outer loop
      vertex   1.263628e+02 5.773915e+00 6.474435e+00
      vertex   1.263628e+02 4.041864e+00 7.474435e+00
      vertex   1.260572e+02 4.105501e+00 7.584657e+00
    endloop
  endfacet
  facet normal -3.844665e-01 -4.615695e-01 -7.994618e-01
    outer loop
      vertex   1.263628e+02 5.773915e+00 6.474435e+00
      vertex   1.260572e+02 4.105501e+00 7.584657e+00
      vertex   1.260572e+02 5.837552e+00 6.584657e+00
    endloop
  endfacet
  facet normal -1.882651e-01 -4.910591e-01 -8.505394e-01
    outer loop
      vertex   1.260572e+02 5.837552e+00 6.584657e+00
      vertex   1.260572e+02 4.105501e+00 7.584657e+00
      vertex   1.257314e+02 4.136725e+00 7.638739e+00
    endloop
  endfacet
  facet normal -1.882651e-01 -4.910591e-01 -8.505394e-01
    outer loop
      vertex   1.260572e+02 5.837552e+00 6.584657e+00
      vertex   1.257314e+02 4.136725e+00 7.638739e+00
      vertex   1.257314e+02 5.868776e+00 6.638739e+00
    endloop
  endfacet
  facet normal -7.413010e-02 -4.986243e-01 -8.636426e-01
    outer loop
      vertex   1.257314e+02 5.868776e+00 6.638739e+00
      vertex   1.257314e+02 4.136725e+00 7.638739e+00
      vertex   1.253940e+02 4.149266e+00 7.660460e+00
    endloop
  endfacet
  facet normal -7.413010e-02 -4.986243e-01 -8.636426e-01
    outer loop
      vertex   1.257314e+02 5.868776e+00 6.638739e+00
      vertex   1.253940e+02 4.149266e+00 7.660460e+00
      vertex   1.253940e+02 5.881317e+00 6.660460e+00
    endloop
  endfacet
  facet normal 7.035645e-02 -4.987610e-01 -8.638793e-01
    outer loop
      vertex   1.253940e+02 4.149266e+00 7.660460e+00
      vertex   1.250770e+02 4.138087e+00 7.641098e+00
      vertex   1.253940e+02 5.881317e+00 6.660460e+00
    endloop
  endfacet
  facet normal 7.035645e-02 -4.987610e-01 -8.638793e-01
    outer loop
      vertex   1.253940e+02 5.881317e+00 6.660460e+00
      vertex   1.250770e+02 4.138087e+00 7.641098e+00
      vertex   1.250770e+02 5.870138e+00 6.641098e+00
    endloop
  endfacet
  facet normal 1.630222e-01 -4.933112e-01 -8.544401e-01
    outer loop
      vertex   1.250770e+02 5.870138e+00 6.641098e+00
      vertex   1.250770e+02 4.138087e+00 7.641098e+00
      vertex   1.247673e+02 4.112497e+00 7.596774e+00
    endloop
  endfacet
  facet normal 1.630222e-01 -4.933112e-01 -8.544401e-01
    outer loop
      vertex   1.250770e+02 5.870138e+00 6.641098e+00
      vertex   1.247673e+02 4.112497e+00 7.596774e+00
      vertex   1.247673e+02 5.844548e+00 6.596774e+00
    endloop
  endfacet
  facet normal 3.180563e-01 -4.740359e-01 -8.210543e-01
    outer loop
      vertex   1.247673e+02 5.844548e+00 6.596774e+00
      vertex   1.247673e+02 4.112497e+00 7.596774e+00
      vertex   1.244697e+02 4.062588e+00 7.510330e+00
    endloop
  endfacet
  facet normal 3.180563e-01 -4.740359e-01 -8.210543e-01
    outer loop
      vertex   1.247673e+02 5.844548e+00 6.596774e+00
      vertex   1.244697e+02 4.062588e+00 7.510330e+00
      vertex   1.244697e+02 5.794639e+00 6.510330e+00
    endloop
  endfacet
  facet normal 4.072937e-01 -4.566486e-01 -7.909386e-01
    outer loop
      vertex   1.244697e+02 5.794639e+00 6.510330e+00
      vertex   1.244697e+02 4.062588e+00 7.510330e+00
      vertex   1.241796e+02 3.997897e+00 7.398282e+00
    endloop
  endfacet
  facet normal 4.072937e-01 -4.566486e-01 -7.909386e-01
    outer loop
      vertex   1.244697e+02 5.794639e+00 6.510330e+00
      vertex   1.241796e+02 3.997897e+00 7.398282e+00
      vertex   1.241796e+02 5.729948e+00 6.398282e+00
    endloop
  endfacet
  facet normal 5.612348e-01 -4.138283e-01 -7.167717e-01
    outer loop
      vertex   1.241796e+02 3.997897e+00 7.398282e+00
      vertex   1.239206e+02 3.910064e+00 7.246151e+00
      vertex   1.241796e+02 5.729948e+00 6.398282e+00
    endloop
  endfacet
  facet normal 5.612348e-01 -4.138283e-01 -7.167717e-01
    outer loop
      vertex   1.241796e+02 5.729948e+00 6.398282e+00
      vertex   1.239206e+02 3.910064e+00 7.246151e+00
      vertex   1.239206e+02 5.642115e+00 6.246151e+00
    endloop
  endfacet
  facet normal 6.515325e-01 -3.793104e-01 -6.569848e-01
    outer loop
      vertex   1.239206e+02 5.642115e+00 6.246151e+00
      vertex   1.239206e+02 3.910064e+00 7.246151e+00
      vertex   1.236872e+02 3.809836e+00 7.072550e+00
    endloop
  endfacet
  facet normal 6.515325e-01 -3.793104e-01 -6.569848e-01
    outer loop
      vertex   1.239206e+02 5.642115e+00 6.246151e+00
      vertex   1.236872e+02 3.809836e+00 7.072550e+00
      vertex   1.236872e+02 5.541887e+00 6.072550e+00
    endloop
  endfacet
  facet normal 7.837124e-01 -3.105619e-01 -5.379090e-01
    outer loop
      vertex   1.236872e+02 5.541887e+00 6.072550e+00
      vertex   1.236872e+02 3.809836e+00 7.072550e+00
      vertex   1.234960e+02 3.689213e+00 6.863625e+00
    endloop
  endfacet
  facet normal 7.837124e-01 -3.105619e-01 -5.379090e-01
    outer loop
      vertex   1.236872e+02 5.541887e+00 6.072550e+00
      vertex   1.234960e+02 3.689213e+00 6.863625e+00
      vertex   1.234960e+02 5.421264e+00 5.863625e+00
    endloop
  endfacet
  facet normal 8.475770e-01 -2.653362e-01 -4.595758e-01
    outer loop
      vertex   1.234960e+02 5.421264e+00 5.863625e+00
      vertex   1.234960e+02 3.689213e+00 6.863625e+00
      vertex   1.233298e+02 3.556503e+00 6.633764e+00
    endloop
  endfacet
  facet normal 8.475770e-01 -2.653362e-01 -4.595758e-01
    outer loop
      vertex   1.234960e+02 5.421264e+00 5.863625e+00
      vertex   1.233298e+02 3.556503e+00 6.633764e+00
      vertex   1.233298e+02 5.288554e+00 5.633764e+00
    endloop
  endfacet
  facet normal 9.284046e-01 -1.857855e-01 -3.217899e-01
    outer loop
      vertex   1.233298e+02 3.556503e+00 6.633764e+00
      vertex   1.231987e+02 3.392785e+00 6.350196e+00
      vertex   1.233298e+02 5.288554e+00 5.633764e+00
    endloop
  endfacet
  facet normal 9.284046e-01 -1.857855e-01 -3.217899e-01
    outer loop
      vertex   1.233298e+02 5.288554e+00 5.633764e+00
      vertex   1.231987e+02 3.392785e+00 6.350196e+00
      vertex   1.231987e+02 5.124836e+00 5.350196e+00
    endloop
  endfacet
  facet normal 9.588856e-01 -1.418965e-01 -2.457720e-01
    outer loop
      vertex   1.231987e+02 5.124836e+00 5.350196e+00
      vertex   1.231987e+02 3.392785e+00 6.350196e+00
      vertex   1.230997e+02 3.225471e+00 6.060400e+00
    endloop
  endfacet
  facet normal 9.588856e-01 -1.418965e-01 -2.457720e-01
    outer loop
      vertex   1.231987e+02 5.124836e+00 5.350196e+00
      vertex   1.230997e+02 3.225471e+00 6.060400e+00
      vertex   1.230997e+02 4.957521e+00 5.060400e+00
    endloop
  endfacet
  facet normal 9.903818e-01 -6.918079e-02 -1.198246e-01
    outer loop
      vertex   1.230997e+02 4.957521e+00 5.060400e+00
      vertex   1.230997e+02 3.225471e+00 6.060400e+00
      vertex   1.230514e+02 3.052461e+00 5.760739e+00
    endloop
  endfacet
  facet normal 9.903818e-01 -6.918079e-02 -1.198246e-01
    outer loop
      vertex   1.230997e+02 4.957521e+00 5.060400e+00
      vertex   1.230514e+02 3.052461e+00 5.760739e+00
      vertex   1.230514e+02 4.784512e+00 4.760739e+00
    endloop
  endfacet
  facet normal 9.985192e-01 -2.719996e-02 -4.711172e-02
    outer loop
      vertex   1.230514e+02 4.784512e+00 4.760739e+00
      vertex   1.230514e+02 3.052461e+00 5.760739e+00
      vertex   1.230321e+02 2.876179e+00 5.455409e+00
    endloop
  endfacet
  facet normal 9.985192e-01 -2.719996e-02 -4.711172e-02
    outer loop
      vertex   1.230514e+02 4.784512e+00 4.760739e+00
      vertex   1.230321e+02 2.876179e+00 5.455409e+00
      vertex   1.230321e+02 4.608230e+00 4.455409e+00
    endloop
  endfacet
  facet normal 9.984551e-01 2.778200e-02 4.811983e-02
    outer loop
      vertex   1.230321e+02 2.876179e+00 5.455409e+00
      vertex   1.230513e+02 2.704057e+00 5.157286e+00
      vertex   1.230321e+02 4.608230e+00 4.455409e+00
    endloop
  endfacet
  facet normal 9.984551e-01 2.778200e-02 4.811983e-02
    outer loop
      vertex   1.230321e+02 4.608230e+00 4.455409e+00
      vertex   1.230513e+02 2.704057e+00 5.157286e+00
      vertex   1.230513e+02 4.436108e+00 4.157286e+00
    endloop
  endfacet
  facet normal 9.916466e-01 6.449234e-02 1.117040e-01
    outer loop
      vertex   1.230513e+02 4.436108e+00 4.157286e+00
      vertex   1.230513e+02 2.704057e+00 5.157286e+00
      vertex   1.230954e+02 2.534393e+00 4.863418e+00
    endloop
  endfacet
  facet normal 9.916466e-01 6.449234e-02 1.117040e-01
    outer loop
      vertex   1.230513e+02 4.436108e+00 4.157286e+00
      vertex   1.230954e+02 2.534393e+00 4.863418e+00
      vertex   1.230954e+02 4.266444e+00 3.863418e+00
    endloop
  endfacet
  facet normal 9.676131e-01 1.262190e-01 2.186177e-01
    outer loop
      vertex   1.230954e+02 4.266444e+00 3.863418e+00
      vertex   1.230954e+02 2.534393e+00 4.863418e+00
      vertex   1.231818e+02 2.368882e+00 4.576745e+00
    endloop
  endfacet
  facet normal 9.676131e-01 1.262190e-01 2.186177e-01
    outer loop
      vertex   1.230954e+02 4.266444e+00 3.863418e+00
      vertex   1.231818e+02 2.368882e+00 4.576745e+00
      vertex   1.231818e+02 4.100933e+00 3.576745e+00
    endloop
  endfacet
  facet normal 9.456673e-01 1.625680e-01 2.815761e-01
    outer loop
      vertex   1.231818e+02 4.100933e+00 3.576745e+00
      vertex   1.231818e+02 2.368882e+00 4.576745e+00
      vertex   1.232939e+02 2.205901e+00 4.294453e+00
    endloop
  endfacet
  facet normal 9.456673e-01 1.625680e-01 2.815761e-01
    outer loop
      vertex   1.231818e+02 4.100933e+00 3.576745e+00
      vertex   1.232939e+02 2.205901e+00 4.294453e+00
      vertex   1.232939e+02 3.937952e+00 3.294453e+00
    endloop
  endfacet
  facet normal 8.889544e-01 2.289978e-01 3.966359e-01
    outer loop
      vertex   1.232939e+02 2.205901e+00 4.294453e+00
      vertex   1.234375e+02 2.066546e+00 4.053083e+00
      vertex   1.232939e+02 3.937952e+00 3.294453e+00
    endloop
  endfacet
  facet normal 8.889544e-01 2.289978e-01 3.966359e-01
    outer loop
      vertex   1.232939e+02 3.937952e+00 3.294453e+00
      vertex   1.234375e+02 2.066546e+00 4.053083e+00
      vertex   1.234375e+02 3.798597e+00 3.053083e+00
    endloop
  endfacet
  facet normal 8.349241e-01 2.751825e-01 4.766301e-01
    outer loop
      vertex   1.234375e+02 3.798597e+00 3.053083e+00
      vertex   1.234375e+02 2.066546e+00 4.053083e+00
      vertex   1.236072e+02 1.937818e+00 3.830121e+00
    endloop
  endfacet
  facet normal 8.349241e-01 2.751825e-01 4.766301e-01
    outer loop
      vertex   1.234375e+02 3.798597e+00 3.053083e+00
      vertex   1.236072e+02 1.937818e+00 3.830121e+00
      vertex   1.236072e+02 3.669869e+00 2.830121e+00
    endloop
  endfacet
  facet normal 7.174845e-01 3.482873e-01 6.032512e-01
    outer loop
      vertex   1.236072e+02 3.669869e+00 2.830121e+00
      vertex   1.236072e+02 1.937818e+00 3.830121e+00
      vertex   1.238217e+02 1.827331e+00 3.638751e+00
    endloop
  endfacet
  facet normal 7.174845e-01 3.482873e-01 6.032512e-01
    outer loop
      vertex   1.236072e+02 3.669869e+00 2.830121e+00
      vertex   1.238217e+02 1.827331e+00 3.638751e+00
      vertex   1.238217e+02 3.559382e+00 2.638751e+00
    endloop
  endfacet
  facet normal 6.333977e-01 3.869132e-01 6.701534e-01
    outer loop
      vertex   1.238217e+02 3.559382e+00 2.638751e+00
      vertex   1.238217e+02 1.827331e+00 3.638751e+00
      vertex   1.240640e+02 1.728154e+00 3.466971e+00
    endloop
  endfacet
  facet normal 6.333977e-01 3.869132e-01 6.701534e-01
    outer loop
      vertex   1.238217e+02 3.559382e+00 2.638751e+00
      vertex   1.240640e+02 1.728154e+00 3.466971e+00
      vertex   1.240640e+02 3.460205e+00 2.466971e+00
    endloop
  endfacet
  facet normal 4.305405e-01 4.512856e-01 7.816497e-01
    outer loop
      vertex   1.240640e+02 1.728154e+00 3.466971e+00
      vertex   1.243757e+02 1.653817e+00 3.338216e+00
      vertex   1.240640e+02 3.460205e+00 2.466971e+00
    endloop
  endfacet
  facet normal 4.305405e-01 4.512856e-01 7.816497e-01
    outer loop
      vertex   1.240640e+02 3.460205e+00 2.466971e+00
      vertex   1.243757e+02 1.653817e+00 3.338216e+00
      vertex   1.243757e+02 3.385868e+00 2.338216e+00
    endloop
  endfacet
  facet normal 3.239285e-01 4.730408e-01 8.193307e-01
    outer loop
      vertex   1.243757e+02 3.385868e+00 2.338216e+00
      vertex   1.243757e+02 1.653817e+00 3.338216e+00
      vertex   1.246975e+02 1.598738e+00 3.242816e+00
    endloop
  endfacet
  facet normal 3.239285e-01 4.730408e-01 8.193307e-01
    outer loop
      vertex   1.243757e+02 3.385868e+00 2.338216e+00
      vertex   1.246975e+02 1.598738e+00 3.242816e+00
      vertex   1.246975e+02 3.330789e+00 2.242816e+00
    endloop
  endfacet
  facet normal 1.503488e-01 4.943165e-01 8.561813e-01
    outer loop
      vertex   1.246975e+02 3.330789e+00 2.242816e+00
      vertex   1.246975e+02 1.598738e+00 3.242816e+00
      vertex   1.250346e+02 1.573104e+00 3.198416e+00
    endloop
  endfacet
  facet normal 1.503488e-01 4.943165e-01 8.561813e-01
    outer loop
      vertex   1.246975e+02 3.330789e+00 2.242816e+00
      vertex   1.250346e+02 1.573104e+00 3.198416e+00
      vertex   1.250346e+02 3.305154e+00 2.198416e+00
    endloop
  endfacet
  facet normal 5.256316e-02 4.993088e-01 8.648282e-01
    outer loop
      vertex   1.250346e+02 3.305154e+00 2.198416e+00
      vertex   1.250346e+02 1.573104e+00 3.198416e+00
      vertex   1.253803e+02 1.564004e+00 3.182655e+00
    endloop
  endfacet
  facet normal 5.256316e-02 4.993088e-01 8.648282e-01
    outer loop
      vertex   1.250346e+02 3.305154e+00 2.198416e+00
      vertex   1.253803e+02 1.564004e+00 3.182655e+00
      vertex   1.253803e+02 3.296055e+00 2.182655e+00
    endloop
  endfacet
  facet normal -8.024687e-02 4.983875e-01 8.632325e-01
    outer loop
      vertex   1.253803e+02 1.564004e+00 3.182655e+00
      vertex   1.257359e+02 1.578319e+00 3.207449e+00
      vertex   1.253803e+02 3.296055e+00 2.182655e+00
    endloop
  endfacet
  facet normal -8.024687e-02 4.983875e-01 8.632325e-01
    outer loop
      vertex   1.253803e+02 3.296055e+00 2.182655e+00
      vertex   1.257359e+02 1.578319e+00 3.207449e+00
      vertex   1.257359e+02 3.310370e+00 2.207449e+00
    endloop
  endfacet
  facet normal -2.005175e-01 4.898451e-01 8.484365e-01
    outer loop
      vertex   1.257359e+02 3.310370e+00 2.207449e+00
      vertex   1.257359e+02 1.578319e+00 3.207449e+00
      vertex   1.260780e+02 1.613319e+00 3.268071e+00
    endloop
  endfacet
  facet normal -2.005175e-01 4.898451e-01 8.484365e-01
    outer loop
      vertex   1.257359e+02 3.310370e+00 2.207449e+00
      vertex   1.260780e+02 1.613319e+00 3.268071e+00
      vertex   1.260780e+02 3.345370e+00 2.268071e+00
    endloop
  endfacet
  facet normal -4.052858e-01 4.570950e-01 7.917118e-01
    outer loop
      vertex   1.260780e+02 3.345370e+00 2.268071e+00
      vertex   1.260780e+02 1.613319e+00 3.268071e+00
      vertex   1.263965e+02 1.683937e+00 3.390385e+00
    endloop
  endfacet
  facet normal -4.052858e-01 4.570950e-01 7.917118e-01
    outer loop
      vertex   1.260780e+02 3.345370e+00 2.268071e+00
      vertex   1.263965e+02 1.683937e+00 3.390385e+00
      vertex   1.263965e+02 3.415988e+00 2.390385e+00
    endloop
  endfacet
  facet normal -5.210627e-01 4.267592e-01 7.391686e-01
    outer loop
      vertex   1.263965e+02 3.415988e+00 2.390385e+00
      vertex   1.263965e+02 1.683937e+00 3.390385e+00
      vertex   1.267005e+02 1.776729e+00 3.551105e+00
    endloop
  endfacet
  facet normal -5.210627e-01 4.267592e-01 7.391686e-01
    outer loop
      vertex   1.263965e+02 3.415988e+00 2.390385e+00
      vertex   1.267005e+02 1.776729e+00 3.551105e+00
      vertex   1.267005e+02 3.508780e+00 2.551105e+00
    endloop
  endfacet
  facet normal -7.159305e-01 3.490858e-01 6.046343e-01
    outer loop
      vertex   1.267005e+02 1.776729e+00 3.551105e+00
      vertex   1.269605e+02 1.910042e+00 3.782010e+00
      vertex   1.267005e+02 3.508780e+00 2.551105e+00
    endloop
  endfacet
  facet normal -7.159305e-01 3.490858e-01 6.046343e-01
    outer loop
      vertex   1.267005e+02 3.508780e+00 2.551105e+00
      vertex   1.269605e+02 1.910042e+00 3.782010e+00
      vertex   1.269605e+02 3.642093e+00 2.782010e+00
    endloop
  endfacet
  facet normal -7.998400e-01 3.001067e-01 5.198000e-01
    outer loop
      vertex   1.269605e+02 3.642093e+00 2.782010e+00
      vertex   1.269605e+02 1.910042e+00 3.782010e+00
      vertex   1.271796e+02 2.055975e+00 4.034774e+00
    endloop
  endfacet
  facet normal -7.998400e-01 3.001067e-01 5.198000e-01
    outer loop
      vertex   1.269605e+02 3.642093e+00 2.782010e+00
      vertex   1.271796e+02 2.055975e+00 4.034774e+00
      vertex   1.271796e+02 3.788026e+00 3.034774e+00
    endloop
  endfacet
  facet normal -9.064146e-01 2.111946e-01 3.657998e-01
    outer loop
      vertex   1.271796e+02 3.788026e+00 3.034774e+00
      vertex   1.271796e+02 2.055975e+00 4.034774e+00
      vertex   1.273341e+02 2.221767e+00 4.321935e+00
    endloop
  endfacet
  facet normal -9.064146e-01 2.111946e-01 3.657998e-01
    outer loop
      vertex   1.271796e+02 3.788026e+00 3.034774e+00
      vertex   1.273341e+02 2.221767e+00 4.321935e+00
      vertex   1.273341e+02 3.953818e+00 3.321935e+00
    endloop
  endfacet
  facet normal -9.490702e-01 1.575323e-01 2.728540e-01
    outer loop
      vertex   1.273341e+02 3.953818e+00 3.321935e+00
      vertex   1.273341e+02 2.221767e+00 4.321935e+00
      vertex   1.274517e+02 2.398920e+00 4.628772e+00
    endloop
  endfacet
  facet normal -9.490702e-01 1.575323e-01 2.728540e-01
    outer loop
      vertex   1.273341e+02 3.953818e+00 3.321935e+00
      vertex   1.274517e+02 2.398920e+00 4.628772e+00
      vertex   1.274517e+02 4.130971e+00 3.628772e+00
    endloop
  endfacet
  facet normal -2.455339e-01 -4.846940e-01 -8.395146e-01
    outer loop
      vertex   1.274517e+02 2.398920e+00 4.628772e+00
      vertex   1.267902e+02 2.482702e+00 4.773886e+00
      vertex   1.274517e+02 4.130971e+00 3.628772e+00
    endloop
  endfacet
  facet normal -2.455339e-01 -4.846940e-01 -8.395146e-01
    outer loop
      vertex   1.274517e+02 4.130971e+00 3.628772e+00
      vertex   1.267902e+02 2.482702e+00 4.773886e+00
      vertex   1.267902e+02 4.214752e+00 3.773886e+00
    endloop
  endfacet
  facet normal 9.618035e-01 -1.368704e-01 -2.370665e-01
    outer loop
      vertex   1.267902e+02 2.482702e+00 4.773886e+00
      vertex   1.267138e+02 2.348496e+00 4.541434e+00
      vertex   1.267902e+02 4.214752e+00 3.773886e+00
    endloop
  endfacet
  facet normal 9.618035e-01 -1.368704e-01 -2.370665e-01
    outer loop
      vertex   1.267902e+02 4.214752e+00 3.773886e+00
      vertex   1.267138e+02 2.348496e+00 4.541434e+00
      vertex   1.267138e+02 4.080546e+00 3.541434e+00
    endloop
  endfacet
  facet normal 9.238344e-01 -1.913962e-01 -3.315079e-01
    outer loop
      vertex   1.267138e+02 4.080546e+00 3.541434e+00
      vertex   1.267138e+02 2.348496e+00 4.541434e+00
      vertex   1.266091e+02 2.222255e+00 4.322779e+00
    endloop
  endfacet
  facet normal 9.238344e-01 -1.913962e-01 -3.315079e-01
    outer loop
      vertex   1.267138e+02 4.080546e+00 3.541434e+00
      vertex   1.266091e+02 2.222255e+00 4.322779e+00
      vertex   1.266091e+02 3.954306e+00 3.322779e+00
    endloop
  endfacet
  facet normal 8.234205e-01 -2.837158e-01 -4.914102e-01
    outer loop
      vertex   1.266091e+02 3.954306e+00 3.322779e+00
      vertex   1.266091e+02 2.222255e+00 4.322779e+00
      vertex   1.264546e+02 2.110111e+00 4.128539e+00
    endloop
  endfacet
  facet normal 8.234205e-01 -2.837158e-01 -4.914102e-01
    outer loop
      vertex   1.266091e+02 3.954306e+00 3.322779e+00
      vertex   1.264546e+02 2.110111e+00 4.128539e+00
      vertex   1.264546e+02 3.842161e+00 3.128539e+00
    endloop
  endfacet
  facet normal 7.406819e-01 -3.359279e-01 -5.818442e-01
    outer loop
      vertex   1.264546e+02 3.842161e+00 3.128539e+00
      vertex   1.264546e+02 2.110111e+00 4.128539e+00
      vertex   1.262677e+02 2.007091e+00 3.950105e+00
    endloop
  endfacet
  facet normal 7.406819e-01 -3.359279e-01 -5.818442e-01
    outer loop
      vertex   1.264546e+02 3.842161e+00 3.128539e+00
      vertex   1.262677e+02 2.007091e+00 3.950105e+00
      vertex   1.262677e+02 3.739142e+00 2.950105e+00
    endloop
  endfacet
  facet normal 8.201128e-17 -8.660254e-01 5.000000e-01
    outer loop
      vertex   1.274517e+02 4.130971e+00 3.628772e+00
      vertex   1.267902e+02 4.214752e+00 3.773886e+00
      vertex   1.273341e+02 3.953818e+00 3.321935e+00
    endloop
  endfacet
  facet normal -4.890367e-16 -8.660254e-01 5.000000e-01
    outer loop
      vertex   1.273341e+02 3.953818e+00 3.321935e+00
      vertex   1.267902e+02 4.214752e+00 3.773886e+00
      vertex   1.267138e+02 4.080546e+00 3.541434e+00
    endloop
  endfacet
  facet normal -8.699126e-17 -8.660254e-01 5.000000e-01
    outer loop
      vertex   1.273341e+02 3.953818e+00 3.321935e+00
      vertex   1.267138e+02 4.080546e+00 3.541434e+00
      vertex   1.271796e+02 3.788026e+00 3.034774e+00
    endloop
  endfacet
  facet normal -5.266152e-16 -8.660254e-01 5.000000e-01
    outer loop
      vertex   1.271796e+02 3.788026e+00 3.034774e+00
      vertex   1.267138e+02 4.080546e+00 3.541434e+00
      vertex   1.266091e+02 3.954306e+00 3.322779e+00
    endloop
  endfacet
  facet normal -2.574171e-16 -8.660254e-01 5.000000e-01
    outer loop
      vertex   1.271796e+02 3.788026e+00 3.034774e+00
      vertex   1.266091e+02 3.954306e+00 3.322779e+00
      vertex   1.269605e+02 3.642093e+00 2.782010e+00
    endloop
  endfacet
  facet normal -5.453733e-16 -8.660254e-01 5.000000e-01
    outer loop
      vertex   1.269605e+02 3.642093e+00 2.782010e+00
      vertex   1.266091e+02 3.954306e+00 3.322779e+00
      vertex   1.264546e+02 3.842161e+00 3.128539e+00
    endloop
  endfacet
  facet normal -5.344946e-16 -8.660254e-01 5.000000e-01
    outer loop
      vertex   1.269605e+02 3.642093e+00 2.782010e+00
      vertex   1.264546e+02 3.842161e+00 3.128539e+00
      vertex   1.267005e+02 3.508780e+00 2.551105e+00
    endloop
  endfacet
  facet normal 2.076285e-15 -8.660254e-01 5.000000e-01
    outer loop
      vertex   1.267005e+02 3.508780e+00 2.551105e+00
      vertex   1.264546e+02 3.842161e+00 3.128539e+00
      vertex   1.262677e+02 3.739142e+00 2.950105e+00
    endloop
  endfacet
  facet normal -2.086689e-16 -8.660254e-01 5.000000e-01
    outer loop
      vertex   1.267005e+02 3.508780e+00 2.551105e+00
      vertex   1.262677e+02 3.739142e+00 2.950105e+00
      vertex   1.263965e+02 3.415988e+00 2.390385e+00
    endloop
  endfacet
  facet normal 4.254334e-16 -8.660254e-01 5.000000e-01
    outer loop
      vertex   1.263965e+02 3.415988e+00 2.390385e+00
      vertex   1.262677e+02 3.739142e+00 2.950105e+00
      vertex   1.260526e+02 3.669784e+00 2.829972e+00
    endloop
  endfacet
  facet normal 9.295036e-16 -8.660254e-01 5.000000e-01
    outer loop
      vertex   1.263965e+02 3.415988e+00 2.390385e+00
      vertex   1.260526e+02 3.669784e+00 2.829972e+00
      vertex   1.260780e+02 3.345370e+00 2.268071e+00
    endloop
  endfacet
  facet normal -1.019178e-15 -8.660254e-01 5.000000e-01
    outer loop
      vertex   1.260780e+02 3.345370e+00 2.268071e+00
      vertex   1.260526e+02 3.669784e+00 2.829972e+00
      vertex   1.258262e+02 3.616781e+00 2.738169e+00
    endloop
  endfacet
  facet normal -6.969343e-16 -8.660254e-01 5.000000e-01
    outer loop
      vertex   1.260780e+02 3.345370e+00 2.268071e+00
      vertex   1.258262e+02 3.616781e+00 2.738169e+00
      vertex   1.257359e+02 3.310370e+00 2.207449e+00
    endloop
  endfacet
  facet normal 1.443829e-15 -8.660254e-01 5.000000e-01
    outer loop
      vertex   1.257359e+02 3.310370e+00 2.207449e+00
      vertex   1.258262e+02 3.616781e+00 2.738169e+00
      vertex   1.255815e+02 3.590240e+00 2.692198e+00
    endloop
  endfacet
  facet normal 9.935464e-16 -8.660254e-01 5.000000e-01
    outer loop
      vertex   1.257359e+02 3.310370e+00 2.207449e+00
      vertex   1.255815e+02 3.590240e+00 2.692198e+00
      vertex   1.253803e+02 3.296055e+00 2.182655e+00
    endloop
  endfacet
  facet normal -8.562257e-16 -8.660254e-01 5.000000e-01
    outer loop
      vertex   1.253803e+02 3.296055e+00 2.182655e+00
      vertex   1.255815e+02 3.590240e+00 2.692198e+00
      vertex   1.253261e+02 3.579156e+00 2.673001e+00
    endloop
  endfacet
  facet normal 1.089701e-15 -8.660254e-01 5.000000e-01
    outer loop
      vertex   1.253803e+02 3.296055e+00 2.182655e+00
      vertex   1.253261e+02 3.579156e+00 2.673001e+00
      vertex   1.250346e+02 3.305154e+00 2.198416e+00
    endloop
  endfacet
  facet normal -1.359510e-15 -8.660254e-01 5.000000e-01
    outer loop
      vertex   1.250346e+02 3.305154e+00 2.198416e+00
      vertex   1.253261e+02 3.579156e+00 2.673001e+00
      vertex   1.251026e+02 3.588431e+00 2.689066e+00
    endloop
  endfacet
  facet normal 2.075495e-15 -8.660254e-01 5.000000e-01
    outer loop
      vertex   1.250346e+02 3.305154e+00 2.198416e+00
      vertex   1.251026e+02 3.588431e+00 2.689066e+00
      vertex   1.248853e+02 3.608733e+00 2.724229e+00
    endloop
  endfacet
  facet normal -1.644059e-15 -8.660254e-01 5.000000e-01
    outer loop
      vertex   1.250346e+02 3.305154e+00 2.198416e+00
      vertex   1.248853e+02 3.608733e+00 2.724229e+00
      vertex   1.246975e+02 3.330789e+00 2.242816e+00
    endloop
  endfacet
  facet normal -6.862886e-16 -8.660254e-01 5.000000e-01
    outer loop
      vertex   1.246975e+02 3.330789e+00 2.242816e+00
      vertex   1.248853e+02 3.608733e+00 2.724229e+00
      vertex   1.246781e+02 3.647409e+00 2.791218e+00
    endloop
  endfacet
  facet normal 3.186593e-16 -8.660254e-01 5.000000e-01
    outer loop
      vertex   1.246975e+02 3.330789e+00 2.242816e+00
      vertex   1.246781e+02 3.647409e+00 2.791218e+00
      vertex   1.243757e+02 3.385868e+00 2.338216e+00
    endloop
  endfacet
  facet normal -3.770404e-16 -8.660254e-01 5.000000e-01
    outer loop
      vertex   1.243757e+02 3.385868e+00 2.338216e+00
      vertex   1.246781e+02 3.647409e+00 2.791218e+00
      vertex   1.244770e+02 3.697107e+00 2.877297e+00
    endloop
  endfacet
  facet normal 7.521715e-16 -8.660254e-01 5.000000e-01
    outer loop
      vertex   1.243757e+02 3.385868e+00 2.338216e+00
      vertex   1.244770e+02 3.697107e+00 2.877297e+00
      vertex   1.240640e+02 3.460205e+00 2.466971e+00
    endloop
  endfacet
  facet normal -1.545900e-15 -8.660254e-01 5.000000e-01
    outer loop
      vertex   1.240640e+02 3.460205e+00 2.466971e+00
      vertex   1.244770e+02 3.697107e+00 2.877297e+00
      vertex   1.242908e+02 3.768760e+00 3.001405e+00
    endloop
  endfacet
  facet normal 4.172292e-16 -8.660254e-01 5.000000e-01
    outer loop
      vertex   1.240640e+02 3.460205e+00 2.466971e+00
      vertex   1.242908e+02 3.768760e+00 3.001405e+00
      vertex   1.238217e+02 3.559382e+00 2.638751e+00
    endloop
  endfacet
  facet normal 3.939135e-15 -8.660254e-01 5.000000e-01
    outer loop
      vertex   1.238217e+02 3.559382e+00 2.638751e+00
      vertex   1.242908e+02 3.768760e+00 3.001405e+00
      vertex   1.241276e+02 3.849931e+00 3.141997e+00
    endloop
  endfacet
  facet normal -2.598423e-16 -8.660254e-01 5.000000e-01
    outer loop
      vertex   1.238217e+02 3.559382e+00 2.638751e+00
      vertex   1.241276e+02 3.849931e+00 3.141997e+00
      vertex   1.236072e+02 3.669869e+00 2.830121e+00
    endloop
  endfacet
  facet normal -1.682274e-15 -8.660254e-01 5.000000e-01
    outer loop
      vertex   1.236072e+02 3.669869e+00 2.830121e+00
      vertex   1.241276e+02 3.849931e+00 3.141997e+00
      vertex   1.240018e+02 3.946482e+00 3.309227e+00
    endloop
  endfacet
  facet normal 5.021713e-16 -8.660254e-01 5.000000e-01
    outer loop
      vertex   1.236072e+02 3.669869e+00 2.830121e+00
      vertex   1.240018e+02 3.946482e+00 3.309227e+00
      vertex   1.234375e+02 3.798597e+00 3.053083e+00
    endloop
  endfacet
  facet normal -2.421140e-16 -8.660254e-01 5.000000e-01
    outer loop
      vertex   1.234375e+02 3.798597e+00 3.053083e+00
      vertex   1.240018e+02 3.946482e+00 3.309227e+00
      vertex   1.238977e+02 4.052007e+00 3.492002e+00
    endloop
  endfacet
  facet normal -5.848768e-16 -8.660254e-01 5.000000e-01
    outer loop
      vertex   1.234375e+02 3.798597e+00 3.053083e+00
      vertex   1.238977e+02 4.052007e+00 3.492002e+00
      vertex   1.232939e+02 3.937952e+00 3.294453e+00
    endloop
  endfacet
  facet normal 1.507434e-15 -8.660254e-01 5.000000e-01
    outer loop
      vertex   1.232939e+02 3.937952e+00 3.294453e+00
      vertex   1.238977e+02 4.052007e+00 3.492002e+00
      vertex   1.238160e+02 4.188388e+00 3.728221e+00
    endloop
  endfacet
  facet normal -1.461130e-15 -8.660254e-01 5.000000e-01
    outer loop
      vertex   1.232939e+02 3.937952e+00 3.294453e+00
      vertex   1.238160e+02 4.188388e+00 3.728221e+00
      vertex   1.231818e+02 4.100933e+00 3.576745e+00
    endloop
  endfacet
  facet normal -2.649041e-15 -8.660254e-01 5.000000e-01
    outer loop
      vertex   1.231818e+02 4.100933e+00 3.576745e+00
      vertex   1.238160e+02 4.188388e+00 3.728221e+00
      vertex   1.237547e+02 4.326501e+00 3.967441e+00
    endloop
  endfacet
  facet normal 2.237489e-16 -8.660254e-01 5.000000e-01
    outer loop
      vertex   1.231818e+02 4.100933e+00 3.576745e+00
      vertex   1.237547e+02 4.326501e+00 3.967441e+00
      vertex   1.230954e+02 4.266444e+00 3.863418e+00
    endloop
  endfacet
  facet normal 2.200169e-16 -8.660254e-01 5.000000e-01
    outer loop
      vertex   1.230954e+02 4.266444e+00 3.863418e+00
      vertex   1.237547e+02 4.326501e+00 3.967441e+00
      vertex   1.237254e+02 4.467330e+00 4.211363e+00
    endloop
  endfacet
  facet normal 1.291159e-15 -8.660254e-01 5.000000e-01
    outer loop
      vertex   1.230954e+02 4.266444e+00 3.863418e+00
      vertex   1.237254e+02 4.467330e+00 4.211363e+00
      vertex   1.230513e+02 4.436108e+00 4.157286e+00
    endloop
  endfacet
  facet normal 1.206345e-15 -8.660254e-01 5.000000e-01
    outer loop
      vertex   1.230513e+02 4.436108e+00 4.157286e+00
      vertex   1.237254e+02 4.467330e+00 4.211363e+00
      vertex   1.237143e+02 4.609708e+00 4.457969e+00
    endloop
  endfacet
  facet normal -2.221132e-16 -8.660254e-01 5.000000e-01
    outer loop
      vertex   1.230513e+02 4.436108e+00 4.157286e+00
      vertex   1.237143e+02 4.609708e+00 4.457969e+00
      vertex   1.230321e+02 4.608230e+00 4.455409e+00
    endloop
  endfacet
  facet normal -2.240829e-16 -8.660254e-01 5.000000e-01
    outer loop
      vertex   1.230321e+02 4.608230e+00 4.455409e+00
      vertex   1.237143e+02 4.609708e+00 4.457969e+00
      vertex   1.237266e+02 4.731722e+00 4.669304e+00
    endloop
  endfacet
  facet normal 4.658130e-16 -8.660254e-01 5.000000e-01
    outer loop
      vertex   1.230321e+02 4.608230e+00 4.455409e+00
      vertex   1.237266e+02 4.731722e+00 4.669304e+00
      vertex   1.230514e+02 4.784512e+00 4.760739e+00
    endloop
  endfacet
  facet normal 3.836362e-16 -8.660254e-01 5.000000e-01
    outer loop
      vertex   1.230514e+02 4.784512e+00 4.760739e+00
      vertex   1.237266e+02 4.731722e+00 4.669304e+00
      vertex   1.237536e+02 4.852523e+00 4.878537e+00
    endloop
  endfacet
  facet normal -2.410372e-16 -8.660254e-01 5.000000e-01
    outer loop
      vertex   1.230514e+02 4.784512e+00 4.760739e+00
      vertex   1.237536e+02 4.852523e+00 4.878537e+00
      vertex   1.230997e+02 4.957521e+00 5.060400e+00
    endloop
  endfacet
  facet normal -2.903921e-16 -8.660254e-01 5.000000e-01
    outer loop
      vertex   1.230997e+02 4.957521e+00 5.060400e+00
      vertex   1.237536e+02 4.852523e+00 4.878537e+00
      vertex   1.238053e+02 4.971296e+00 5.084259e+00
    endloop
  endfacet
  facet normal -2.701711e-16 -8.660254e-01 5.000000e-01
    outer loop
      vertex   1.230997e+02 4.957521e+00 5.060400e+00
      vertex   1.238053e+02 4.971296e+00 5.084259e+00
      vertex   1.231987e+02 5.124836e+00 5.350196e+00
    endloop
  endfacet
  facet normal -2.863913e-15 -8.660254e-01 5.000000e-01
    outer loop
      vertex   1.231987e+02 5.124836e+00 5.350196e+00
      vertex   1.238053e+02 4.971296e+00 5.084259e+00
      vertex   1.238718e+02 5.088850e+00 5.287868e+00
    endloop
  endfacet
  facet normal -2.700444e-15 -8.660254e-01 5.000000e-01
    outer loop
      vertex   1.231987e+02 5.124836e+00 5.350196e+00
      vertex   1.238718e+02 5.088850e+00 5.287868e+00
      vertex   1.233298e+02 5.288554e+00 5.633764e+00
    endloop
  endfacet
  facet normal 4.279700e-16 -8.660254e-01 5.000000e-01
    outer loop
      vertex   1.233298e+02 5.288554e+00 5.633764e+00
      vertex   1.238718e+02 5.088850e+00 5.287868e+00
      vertex   1.239664e+02 5.196801e+00 5.474844e+00
    endloop
  endfacet
  facet normal -5.779252e-16 -8.660254e-01 5.000000e-01
    outer loop
      vertex   1.233298e+02 5.288554e+00 5.633764e+00
      vertex   1.239664e+02 5.196801e+00 5.474844e+00
      vertex   1.234960e+02 5.421264e+00 5.863625e+00
    endloop
  endfacet
  facet normal 2.399307e-15 -8.660254e-01 5.000000e-01
    outer loop
      vertex   1.234960e+02 5.421264e+00 5.863625e+00
      vertex   1.239664e+02 5.196801e+00 5.474844e+00
      vertex   1.240833e+02 5.296601e+00 5.647702e+00
    endloop
  endfacet
  facet normal 1.372134e-15 -8.660254e-01 5.000000e-01
    outer loop
      vertex   1.234960e+02 5.421264e+00 5.863625e+00
      vertex   1.240833e+02 5.296601e+00 5.647702e+00
      vertex   1.236872e+02 5.541887e+00 6.072550e+00
    endloop
  endfacet
  facet normal -3.412919e-15 -8.660254e-01 5.000000e-01
    outer loop
      vertex   1.236872e+02 5.541887e+00 6.072550e+00
      vertex   1.240833e+02 5.296601e+00 5.647702e+00
      vertex   1.242376e+02 5.382676e+00 5.796789e+00
    endloop
  endfacet
  facet normal 2.636777e-15 -8.660254e-01 5.000000e-01
    outer loop
      vertex   1.236872e+02 5.541887e+00 6.072550e+00
      vertex   1.242376e+02 5.382676e+00 5.796789e+00
      vertex   1.239206e+02 5.642115e+00 6.246151e+00
    endloop
  endfacet
  facet normal 5.795597e-16 -8.660254e-01 5.000000e-01
    outer loop
      vertex   1.239206e+02 5.642115e+00 6.246151e+00
      vertex   1.242376e+02 5.382676e+00 5.796789e+00
      vertex   1.244146e+02 5.460429e+00 5.931461e+00
    endloop
  endfacet
  facet normal -5.865424e-15 -8.660254e-01 5.000000e-01
    outer loop
      vertex   1.239206e+02 5.642115e+00 6.246151e+00
      vertex   1.244146e+02 5.460429e+00 5.931461e+00
      vertex   1.241796e+02 5.729948e+00 6.398282e+00
    endloop
  endfacet
  facet normal 1.086557e-15 -8.660254e-01 5.000000e-01
    outer loop
      vertex   1.241796e+02 5.729948e+00 6.398282e+00
      vertex   1.244146e+02 5.460429e+00 5.931461e+00
      vertex   1.244697e+02 5.794639e+00 6.510330e+00
    endloop
  endfacet
  facet normal -2.247024e-15 -8.660254e-01 5.000000e-01
    outer loop
      vertex   1.244697e+02 5.794639e+00 6.510330e+00
      vertex   1.244146e+02 5.460429e+00 5.931461e+00
      vertex   1.246403e+02 5.521458e+00 6.037166e+00
    endloop
  endfacet
  facet normal 3.950424e-15 -8.660254e-01 5.000000e-01
    outer loop
      vertex   1.244697e+02 5.794639e+00 6.510330e+00
      vertex   1.246403e+02 5.521458e+00 6.037166e+00
      vertex   1.248749e+02 5.567426e+00 6.116785e+00
    endloop
  endfacet
  facet normal -9.658344e-15 -8.660254e-01 5.000000e-01
    outer loop
      vertex   1.251234e+02 5.589638e+00 6.155258e+00
      vertex   1.250770e+02 5.870138e+00 6.641098e+00
      vertex   1.248749e+02 5.567426e+00 6.116785e+00
    endloop
  endfacet
  facet normal -2.577154e-15 -8.660254e-01 5.000000e-01
    outer loop
      vertex   1.248749e+02 5.567426e+00 6.116785e+00
      vertex   1.250770e+02 5.870138e+00 6.641098e+00
      vertex   1.247673e+02 5.844548e+00 6.596774e+00
    endloop
  endfacet
  facet normal 4.145691e-15 -8.660254e-01 5.000000e-01
    outer loop
      vertex   1.248749e+02 5.567426e+00 6.116785e+00
      vertex   1.247673e+02 5.844548e+00 6.596774e+00
      vertex   1.244697e+02 5.794639e+00 6.510330e+00
    endloop
  endfacet
  facet normal 7.041554e-15 -8.660254e-01 5.000000e-01
    outer loop
      vertex   1.251234e+02 5.589638e+00 6.155258e+00
      vertex   1.253800e+02 5.598238e+00 6.170153e+00
      vertex   1.250770e+02 5.870138e+00 6.641098e+00
    endloop
  endfacet
  facet normal 2.622755e-16 -8.660254e-01 5.000000e-01
    outer loop
      vertex   1.250770e+02 5.870138e+00 6.641098e+00
      vertex   1.253800e+02 5.598238e+00 6.170153e+00
      vertex   1.253940e+02 5.881317e+00 6.660460e+00
    endloop
  endfacet
  facet normal -1.034495e-17 -8.660254e-01 5.000000e-01
    outer loop
      vertex   1.253940e+02 5.881317e+00 6.660460e+00
      vertex   1.253800e+02 5.598238e+00 6.170153e+00
      vertex   1.256024e+02 5.590369e+00 6.156524e+00
    endloop
  endfacet
  facet normal -5.232843e-15 -8.660254e-01 5.000000e-01
    outer loop
      vertex   1.253940e+02 5.881317e+00 6.660460e+00
      vertex   1.256024e+02 5.590369e+00 6.156524e+00
      vertex   1.257314e+02 5.868776e+00 6.638739e+00
    endloop
  endfacet
  facet normal 1.880571e-15 -8.660254e-01 5.000000e-01
    outer loop
      vertex   1.257314e+02 5.868776e+00 6.638739e+00
      vertex   1.256024e+02 5.590369e+00 6.156524e+00
      vertex   1.258173e+02 5.570227e+00 6.121636e+00
    endloop
  endfacet
  facet normal 4.182696e-15 -8.660254e-01 5.000000e-01
    outer loop
      vertex   1.257314e+02 5.868776e+00 6.638739e+00
      vertex   1.258173e+02 5.570227e+00 6.121636e+00
      vertex   1.260572e+02 5.837552e+00 6.584657e+00
    endloop
  endfacet
  facet normal -1.650921e-15 -8.660254e-01 5.000000e-01
    outer loop
      vertex   1.260572e+02 5.837552e+00 6.584657e+00
      vertex   1.258173e+02 5.570227e+00 6.121636e+00
      vertex   1.260188e+02 5.528651e+00 6.049624e+00
    endloop
  endfacet
  facet normal -3.296653e-15 -8.660254e-01 5.000000e-01
    outer loop
      vertex   1.260572e+02 5.837552e+00 6.584657e+00
      vertex   1.260188e+02 5.528651e+00 6.049624e+00
      vertex   1.263628e+02 5.773915e+00 6.474435e+00
    endloop
  endfacet
  facet normal -1.803321e-15 -8.660254e-01 5.000000e-01
    outer loop
      vertex   1.263628e+02 5.773915e+00 6.474435e+00
      vertex   1.260188e+02 5.528651e+00 6.049624e+00
      vertex   1.262120e+02 5.473472e+00 5.954052e+00
    endloop
  endfacet
  facet normal 2.307987e-15 -8.660254e-01 5.000000e-01
    outer loop
      vertex   1.263628e+02 5.773915e+00 6.474435e+00
      vertex   1.262120e+02 5.473472e+00 5.954052e+00
      vertex   1.266557e+02 5.689900e+00 6.328916e+00
    endloop
  endfacet
  facet normal -2.662741e-15 -8.660254e-01 5.000000e-01
    outer loop
      vertex   1.266557e+02 5.689900e+00 6.328916e+00
      vertex   1.262120e+02 5.473472e+00 5.954052e+00
      vertex   1.263813e+02 5.388216e+00 5.806384e+00
    endloop
  endfacet
  facet normal -1.031632e-15 -8.660254e-01 5.000000e-01
    outer loop
      vertex   1.266557e+02 5.689900e+00 6.328916e+00
      vertex   1.263813e+02 5.388216e+00 5.806384e+00
      vertex   1.268957e+02 5.576340e+00 6.132224e+00
    endloop
  endfacet
  facet normal 2.614178e-15 -8.660254e-01 5.000000e-01
    outer loop
      vertex   1.268957e+02 5.576340e+00 6.132224e+00
      vertex   1.263813e+02 5.388216e+00 5.806384e+00
      vertex   1.265254e+02 5.294731e+00 5.644464e+00
    endloop
  endfacet
  facet normal 7.472229e-16 -8.660254e-01 5.000000e-01
    outer loop
      vertex   1.268957e+02 5.576340e+00 6.132224e+00
      vertex   1.265254e+02 5.294731e+00 5.644464e+00
      vertex   1.271011e+02 5.451157e+00 5.915401e+00
    endloop
  endfacet
  facet normal -7.355283e-16 -8.660254e-01 5.000000e-01
    outer loop
      vertex   1.271011e+02 5.451157e+00 5.915401e+00
      vertex   1.265254e+02 5.294731e+00 5.644464e+00
      vertex   1.266315e+02 5.188814e+00 5.461010e+00
    endloop
  endfacet
  facet normal -9.194565e-16 -8.660254e-01 5.000000e-01
    outer loop
      vertex   1.271011e+02 5.451157e+00 5.915401e+00
      vertex   1.266315e+02 5.188814e+00 5.461010e+00
      vertex   1.272507e+02 5.307264e+00 5.666171e+00
    endloop
  endfacet
  facet normal 3.467877e-16 -8.660254e-01 5.000000e-01
    outer loop
      vertex   1.272507e+02 5.307264e+00 5.666171e+00
      vertex   1.266315e+02 5.188814e+00 5.461010e+00
      vertex   1.267163e+02 5.075964e+00 5.265548e+00
    endloop
  endfacet
  facet normal 3.824366e-16 -8.660254e-01 5.000000e-01
    outer loop
      vertex   1.272507e+02 5.307264e+00 5.666171e+00
      vertex   1.267163e+02 5.075964e+00 5.265548e+00
      vertex   1.273678e+02 5.152486e+00 5.398088e+00
    endloop
  endfacet
  facet normal -1.000000e+00 9.205571e-05 1.594452e-04
    outer loop
      vertex   2.216911e+02 1.537989e+00 3.137596e+00
      vertex   2.216912e+02 1.833009e+00 3.648586e+00
      vertex   2.216911e+02 3.270040e+00 2.137596e+00
    endloop
  endfacet
  facet normal -1.000000e+00 9.205571e-05 1.594452e-04
    outer loop
      vertex   2.216911e+02 3.270040e+00 2.137596e+00
      vertex   2.216912e+02 1.833009e+00 3.648586e+00
      vertex   2.216912e+02 3.565060e+00 2.648586e+00
    endloop
  endfacet
  facet normal -1.841114e-04 -5.000000e-01 -8.660254e-01
    outer loop
      vertex   2.216912e+02 1.833009e+00 3.648586e+00
      vertex   2.186216e+02 1.833292e+00 3.649075e+00
      vertex   2.216912e+02 3.565060e+00 2.648586e+00
    endloop
  endfacet
  facet normal -1.841114e-04 -5.000000e-01 -8.660254e-01
    outer loop
      vertex   2.216912e+02 3.565060e+00 2.648586e+00
      vertex   2.186216e+02 1.833292e+00 3.649075e+00
      vertex   2.186216e+02 3.565343e+00 2.649075e+00
    endloop
  endfacet
  facet normal -1.000000e+00 9.205571e-05 1.594452e-04
    outer loop
      vertex   2.186216e+02 1.833292e+00 3.649075e+00
      vertex   2.186219e+02 2.684247e+00 5.122973e+00
      vertex   2.186216e+02 3.565343e+00 2.649075e+00
    endloop
  endfacet
  facet normal -1.000000e+00 9.205571e-05 1.594452e-04
    outer loop
      vertex   2.186216e+02 3.565343e+00 2.649075e+00
      vertex   2.186219e+02 2.684247e+00 5.122973e+00
      vertex   2.186219e+02 4.416298e+00 4.122973e+00
    endloop
  endfacet
  facet normal 1.841114e-04 5.000000e-01 8.660254e-01
    outer loop
      vertex   2.186219e+02 2.684247e+00 5.122973e+00
      vertex   2.213880e+02 2.683992e+00 5.122532e+00
      vertex   2.186219e+02 4.416298e+00 4.122973e+00
    endloop
  endfacet
  facet normal 1.841114e-04 5.000000e-01 8.660254e-01
    outer loop
      vertex   2.186219e+02 4.416298e+00 4.122973e+00
      vertex   2.213880e+02 2.683992e+00 5.122532e+00
      vertex   2.213880e+02 4.416043e+00 4.122532e+00
    endloop
  endfacet
  facet normal -1.000000e+00 9.205571e-05 1.594452e-04
    outer loop
      vertex   2.213880e+02 2.683992e+00 5.122532e+00
      vertex   2.213881e+02 2.977308e+00 5.630569e+00
      vertex   2.213880e+02 4.416043e+00 4.122532e+00
    endloop
  endfacet
  facet normal -1.000000e+00 9.205571e-05 1.594452e-04
    outer loop
      vertex   2.213880e+02 4.416043e+00 4.122532e+00
      vertex   2.213881e+02 2.977308e+00 5.630569e+00
      vertex   2.213881e+02 4.709358e+00 4.630569e+00
    endloop
  endfacet
  facet normal -1.841114e-04 -5.000000e-01 -8.660254e-01
    outer loop
      vertex   2.213881e+02 2.977308e+00 5.630569e+00
      vertex   2.186220e+02 2.977562e+00 5.631010e+00
      vertex   2.213881e+02 4.709358e+00 4.630569e+00
    endloop
  endfacet
  facet normal -1.841114e-04 -5.000000e-01 -8.660254e-01
    outer loop
      vertex   2.213881e+02 4.709358e+00 4.630569e+00
      vertex   2.186220e+02 2.977562e+00 5.631010e+00
      vertex   2.186220e+02 4.709613e+00 4.631010e+00
    endloop
  endfacet
  facet normal -1.000000e+00 9.205571e-05 1.594452e-04
    outer loop
      vertex   2.186220e+02 2.977562e+00 5.631010e+00
      vertex   2.186223e+02 3.743251e+00 6.957222e+00
      vertex   2.186220e+02 4.709613e+00 4.631010e+00
    endloop
  endfacet
  facet normal -1.000000e+00 9.205571e-05 1.594452e-04
    outer loop
      vertex   2.186220e+02 4.709613e+00 4.631010e+00
      vertex   2.186223e+02 3.743251e+00 6.957222e+00
      vertex   2.186223e+02 5.475302e+00 5.957222e+00
    endloop
  endfacet
  facet normal 1.841114e-04 5.000000e-01 8.660254e-01
    outer loop
      vertex   2.186223e+02 3.743251e+00 6.957222e+00
      vertex   2.215759e+02 3.742979e+00 6.956751e+00
      vertex   2.186223e+02 5.475302e+00 5.957222e+00
    endloop
  endfacet
  facet normal 1.841114e-04 5.000000e-01 8.660254e-01
    outer loop
      vertex   2.186223e+02 5.475302e+00 5.957222e+00
      vertex   2.215759e+02 3.742979e+00 6.956751e+00
      vertex   2.215759e+02 5.475030e+00 5.956751e+00
    endloop
  endfacet
  facet normal -1.000000e+00 9.205571e-05 1.594452e-04
    outer loop
      vertex   2.215759e+02 3.742979e+00 6.956751e+00
      vertex   2.215761e+02 4.038000e+00 7.467741e+00
      vertex   2.215759e+02 5.475030e+00 5.956751e+00
    endloop
  endfacet
  facet normal -1.000000e+00 9.205571e-05 1.594452e-04
    outer loop
      vertex   2.215759e+02 5.475030e+00 5.956751e+00
      vertex   2.215761e+02 4.038000e+00 7.467741e+00
      vertex   2.215761e+02 5.770051e+00 6.467741e+00
    endloop
  endfacet
  facet normal -1.841114e-04 -5.000000e-01 -8.660254e-01
    outer loop
      vertex   2.215761e+02 4.038000e+00 7.467741e+00
      vertex   2.179608e+02 4.038333e+00 7.468318e+00
      vertex   2.215761e+02 5.770051e+00 6.467741e+00
    endloop
  endfacet
  facet normal -1.841114e-04 -5.000000e-01 -8.660254e-01
    outer loop
      vertex   2.215761e+02 5.770051e+00 6.467741e+00
      vertex   2.179608e+02 4.038333e+00 7.468318e+00
      vertex   2.179608e+02 5.770383e+00 6.468318e+00
    endloop
  endfacet
  facet normal 1.000000e+00 -9.205571e-05 -1.594452e-04
    outer loop
      vertex   2.179608e+02 4.038333e+00 7.468318e+00
      vertex   2.179599e+02 1.538333e+00 3.138191e+00
      vertex   2.179608e+02 5.770383e+00 6.468318e+00
    endloop
  endfacet
  facet normal 1.000000e+00 -9.205571e-05 -1.594452e-04
    outer loop
      vertex   2.179608e+02 5.770383e+00 6.468318e+00
      vertex   2.179599e+02 1.538333e+00 3.138191e+00
      vertex   2.179599e+02 3.270383e+00 2.138191e+00
    endloop
  endfacet
  facet normal 1.841114e-04 5.000000e-01 8.660254e-01
    outer loop
      vertex   2.179599e+02 1.538333e+00 3.138191e+00
      vertex   2.216911e+02 1.537989e+00 3.137596e+00
      vertex   2.179599e+02 3.270383e+00 2.138191e+00
    endloop
  endfacet
  facet normal 1.841114e-04 5.000000e-01 8.660254e-01
    outer loop
      vertex   2.179599e+02 3.270383e+00 2.138191e+00
      vertex   2.216911e+02 1.537989e+00 3.137596e+00
      vertex   2.216911e+02 3.270040e+00 2.137596e+00
    endloop
  endfacet
  facet normal 5.480000e-17 -8.660254e-01 5.000000e-01
    outer loop
      vertex   2.216911e+02 3.270040e+00 2.137596e+00
      vertex   2.186216e+02 3.565343e+00 2.649075e+00
      vertex   2.179599e+02 3.270383e+00 2.138191e+00
    endloop
  endfacet
  facet normal 5.549934e-16 -8.660254e-01 5.000000e-01
    outer loop
      vertex   2.179599e+02 3.270383e+00 2.138191e+00
      vertex   2.186216e+02 3.565343e+00 2.649075e+00
      vertex   2.186219e+02 4.416298e+00 4.122973e+00
    endloop
  endfacet
  facet normal -1.095142e-16 -8.660254e-01 5.000000e-01
    outer loop
      vertex   2.179599e+02 3.270383e+00 2.138191e+00
      vertex   2.186219e+02 4.416298e+00 4.122973e+00
      vertex   2.179608e+02 5.770383e+00 6.468318e+00
    endloop
  endfacet
  facet normal 5.450631e-15 -8.660254e-01 5.000000e-01
    outer loop
      vertex   2.179608e+02 5.770383e+00 6.468318e+00
      vertex   2.186219e+02 4.416298e+00 4.122973e+00
      vertex   2.186220e+02 4.709613e+00 4.631010e+00
    endloop
  endfacet
  facet normal 1.530053e-15 -8.660254e-01 5.000000e-01
    outer loop
      vertex   2.179608e+02 5.770383e+00 6.468318e+00
      vertex   2.186220e+02 4.709613e+00 4.631010e+00
      vertex   2.186223e+02 5.475302e+00 5.957222e+00
    endloop
  endfacet
  facet normal -1.917892e-17 -8.660254e-01 5.000000e-01
    outer loop
      vertex   2.216911e+02 3.270040e+00 2.137596e+00
      vertex   2.216912e+02 3.565060e+00 2.648586e+00
      vertex   2.186216e+02 3.565343e+00 2.649075e+00
    endloop
  endfacet
  facet normal 4.340962e-16 -8.660254e-01 5.000000e-01
    outer loop
      vertex   2.186219e+02 4.416298e+00 4.122973e+00
      vertex   2.213880e+02 4.416043e+00 4.122532e+00
      vertex   2.186220e+02 4.709613e+00 4.631010e+00
    endloop
  endfacet
  facet normal -4.798728e-17 -8.660254e-01 5.000000e-01
    outer loop
      vertex   2.186220e+02 4.709613e+00 4.631010e+00
      vertex   2.213880e+02 4.416043e+00 4.122532e+00
      vertex   2.213881e+02 4.709358e+00 4.630569e+00
    endloop
  endfacet
  facet normal -2.016529e-16 -8.660254e-01 5.000000e-01
    outer loop
      vertex   2.215759e+02 5.475030e+00 5.956751e+00
      vertex   2.215761e+02 5.770051e+00 6.467741e+00
      vertex   2.186223e+02 5.475302e+00 5.957222e+00
    endloop
  endfacet
  facet normal 1.377867e-16 -8.660254e-01 5.000000e-01
    outer loop
      vertex   2.186223e+02 5.475302e+00 5.957222e+00
      vertex   2.215761e+02 5.770051e+00 6.467741e+00
      vertex   2.179608e+02 5.770383e+00 6.468318e+00
    endloop
  endfacet
  facet normal -6.814748e-17 -8.660254e-01 5.000000e-01
    outer loop
      vertex   1.726358e+02 1.671732e+00 3.369245e+00
      vertex   1.724791e+02 1.649492e+00 3.330725e+00
      vertex   2.179599e+02 1.538333e+00 3.138191e+00
    endloop
  endfacet
  facet normal -1.572438e-17 -8.660254e-01 5.000000e-01
    outer loop
      vertex   2.179599e+02 1.538333e+00 3.138191e+00
      vertex   1.724791e+02 1.649492e+00 3.330725e+00
      vertex   1.722805e+02 1.630519e+00 3.297862e+00
    endloop
  endfacet
  facet normal 6.083257e-18 -8.660254e-01 5.000000e-01
    outer loop
      vertex   2.179599e+02 1.538333e+00 3.138191e+00
      vertex   1.722805e+02 1.630519e+00 3.297862e+00
      vertex   1.720810e+02 1.616314e+00 3.273259e+00
    endloop
  endfacet
  facet normal -1.291139e-17 -8.660254e-01 5.000000e-01
    outer loop
      vertex   1.720810e+02 1.616314e+00 3.273259e+00
      vertex   1.718797e+02 1.609555e+00 3.261552e+00
      vertex   2.179599e+02 1.538333e+00 3.138191e+00
    endloop
  endfacet
  facet normal -4.951378e-17 -8.660254e-01 5.000000e-01
    outer loop
      vertex   2.179599e+02 1.538333e+00 3.138191e+00
      vertex   1.718797e+02 1.609555e+00 3.261552e+00
      vertex   1.716776e+02 1.607032e+00 3.257182e+00
    endloop
  endfacet
  facet normal -1.527004e-17 -8.660254e-01 5.000000e-01
    outer loop
      vertex   2.179599e+02 1.538333e+00 3.138191e+00
      vertex   1.716776e+02 1.607032e+00 3.257182e+00
      vertex   2.490000e+02 0.000000e+00 4.737206e-01
    endloop
  endfacet
  facet normal 2.189550e-16 -8.660254e-01 5.000000e-01
    outer loop
      vertex   2.490000e+02 0.000000e+00 4.737206e-01
      vertex   1.716776e+02 1.607032e+00 3.257182e+00
      vertex   1.698733e+02 1.607421e+00 3.257855e+00
    endloop
  endfacet
  facet normal -8.841921e-19 -8.660254e-01 5.000000e-01
    outer loop
      vertex   2.490000e+02 0.000000e+00 4.737206e-01
      vertex   1.698733e+02 1.607421e+00 3.257855e+00
      vertex   1.253803e+02 1.564004e+00 3.182655e+00
    endloop
  endfacet
  facet normal 1.137079e-17 -8.660254e-01 5.000000e-01
    outer loop
      vertex   1.253803e+02 1.564004e+00 3.182655e+00
      vertex   1.698733e+02 1.607421e+00 3.257855e+00
      vertex   1.257359e+02 1.578319e+00 3.207449e+00
    endloop
  endfacet
  facet normal 4.426184e-18 -8.660254e-01 5.000000e-01
    outer loop
      vertex   1.257359e+02 1.578319e+00 3.207449e+00
      vertex   1.698733e+02 1.607421e+00 3.257855e+00
      vertex   1.260780e+02 1.613319e+00 3.268071e+00
    endloop
  endfacet
  facet normal 4.930833e-18 -8.660254e-01 5.000000e-01
    outer loop
      vertex   1.260780e+02 1.613319e+00 3.268071e+00
      vertex   1.698733e+02 1.607421e+00 3.257855e+00
      vertex   1.263965e+02 1.683937e+00 3.390385e+00
    endloop
  endfacet
  facet normal 2.044284e-18 -8.660254e-01 5.000000e-01
    outer loop
      vertex   1.263965e+02 1.683937e+00 3.390385e+00
      vertex   1.698733e+02 1.607421e+00 3.257855e+00
      vertex   1.267005e+02 1.776729e+00 3.551105e+00
    endloop
  endfacet
  facet normal 1.722216e-18 -8.660254e-01 5.000000e-01
    outer loop
      vertex   1.267005e+02 1.776729e+00 3.551105e+00
      vertex   1.698733e+02 1.607421e+00 3.257855e+00
      vertex   1.269605e+02 1.910042e+00 3.782010e+00
    endloop
  endfacet
  facet normal 1.073395e-18 -8.660254e-01 5.000000e-01
    outer loop
      vertex   1.269605e+02 1.910042e+00 3.782010e+00
      vertex   1.698733e+02 1.607421e+00 3.257855e+00
      vertex   1.271796e+02 2.055975e+00 4.034774e+00
    endloop
  endfacet
  facet normal 2.932559e-17 -8.660254e-01 5.000000e-01
    outer loop
      vertex   1.271796e+02 2.055975e+00 4.034774e+00
      vertex   1.698733e+02 1.607421e+00 3.257855e+00
      vertex   1.273341e+02 2.221767e+00 4.321935e+00
    endloop
  endfacet
  facet normal 8.037369e-19 -8.660254e-01 5.000000e-01
    outer loop
      vertex   1.273341e+02 2.221767e+00 4.321935e+00
      vertex   1.698733e+02 1.607421e+00 3.257855e+00
      vertex   1.274517e+02 2.398920e+00 4.628772e+00
    endloop
  endfacet
  facet normal 4.447859e-17 -8.660254e-01 5.000000e-01
    outer loop
      vertex   1.274517e+02 2.398920e+00 4.628772e+00
      vertex   1.698733e+02 1.607421e+00 3.257855e+00
      vertex   1.267902e+02 2.482702e+00 4.773886e+00
    endloop
  endfacet
  facet normal -5.664493e-18 -8.660254e-01 5.000000e-01
    outer loop
      vertex   1.267902e+02 2.482702e+00 4.773886e+00
      vertex   1.698733e+02 1.607421e+00 3.257855e+00
      vertex   1.698755e+02 4.107421e+00 7.587982e+00
    endloop
  endfacet
  facet normal -3.050549e-17 -8.660254e-01 5.000000e-01
    outer loop
      vertex   1.267902e+02 2.482702e+00 4.773886e+00
      vertex   1.698755e+02 4.107421e+00 7.587982e+00
      vertex   1.237143e+02 2.877657e+00 5.457969e+00
    endloop
  endfacet
  facet normal -1.464840e-17 -8.660254e-01 5.000000e-01
    outer loop
      vertex   1.237143e+02 2.877657e+00 5.457969e+00
      vertex   1.698755e+02 4.107421e+00 7.587982e+00
      vertex   1.237266e+02 2.999671e+00 5.669304e+00
    endloop
  endfacet
  facet normal -4.051638e-17 -8.660254e-01 5.000000e-01
    outer loop
      vertex   1.237266e+02 2.999671e+00 5.669304e+00
      vertex   1.698755e+02 4.107421e+00 7.587982e+00
      vertex   1.267163e+02 3.343913e+00 6.265548e+00
    endloop
  endfacet
  facet normal 3.750557e-16 -8.660254e-01 5.000000e-01
    outer loop
      vertex   1.237266e+02 2.999671e+00 5.669304e+00
      vertex   1.267163e+02 3.343913e+00 6.265548e+00
      vertex   1.237536e+02 3.120472e+00 5.878537e+00
    endloop
  endfacet
  facet normal 2.040101e-16 -8.660254e-01 5.000000e-01
    outer loop
      vertex   1.237536e+02 3.120472e+00 5.878537e+00
      vertex   1.267163e+02 3.343913e+00 6.265548e+00
      vertex   1.238053e+02 3.239246e+00 6.084259e+00
    endloop
  endfacet
  facet normal 9.704966e-17 -8.660254e-01 5.000000e-01
    outer loop
      vertex   1.238053e+02 3.239246e+00 6.084259e+00
      vertex   1.267163e+02 3.343913e+00 6.265548e+00
      vertex   1.238718e+02 3.356800e+00 6.287868e+00
    endloop
  endfacet
  facet normal 4.139354e-17 -8.660254e-01 5.000000e-01
    outer loop
      vertex   1.238718e+02 3.356800e+00 6.287868e+00
      vertex   1.267163e+02 3.343913e+00 6.265548e+00
      vertex   1.266315e+02 3.456763e+00 6.461010e+00
    endloop
  endfacet
  facet normal -5.903899e-16 -8.660254e-01 5.000000e-01
    outer loop
      vertex   1.238718e+02 3.356800e+00 6.287868e+00
      vertex   1.266315e+02 3.456763e+00 6.461010e+00
      vertex   1.239664e+02 3.464750e+00 6.474844e+00
    endloop
  endfacet
  facet normal -6.126380e-16 -8.660254e-01 5.000000e-01
    outer loop
      vertex   1.239664e+02 3.464750e+00 6.474844e+00
      vertex   1.266315e+02 3.456763e+00 6.461010e+00
      vertex   1.265254e+02 3.562680e+00 6.644464e+00
    endloop
  endfacet
  facet normal 7.715862e-18 -8.660254e-01 5.000000e-01
    outer loop
      vertex   1.239664e+02 3.464750e+00 6.474844e+00
      vertex   1.265254e+02 3.562680e+00 6.644464e+00
      vertex   1.240833e+02 3.564550e+00 6.647702e+00
    endloop
  endfacet
  facet normal 2.373792e-17 -8.660254e-01 5.000000e-01
    outer loop
      vertex   1.240833e+02 3.564550e+00 6.647702e+00
      vertex   1.265254e+02 3.562680e+00 6.644464e+00
      vertex   1.242376e+02 3.650625e+00 6.796789e+00
    endloop
  endfacet
  facet normal 1.068276e-16 -8.660254e-01 5.000000e-01
    outer loop
      vertex   1.242376e+02 3.650625e+00 6.796789e+00
      vertex   1.265254e+02 3.562680e+00 6.644464e+00
      vertex   1.263813e+02 3.656165e+00 6.806384e+00
    endloop
  endfacet
  facet normal 1.272315e-16 -8.660254e-01 5.000000e-01
    outer loop
      vertex   1.242376e+02 3.650625e+00 6.796789e+00
      vertex   1.263813e+02 3.656165e+00 6.806384e+00
      vertex   1.244146e+02 3.728378e+00 6.931461e+00
    endloop
  endfacet
  facet normal 2.097497e-16 -8.660254e-01 5.000000e-01
    outer loop
      vertex   1.244146e+02 3.728378e+00 6.931461e+00
      vertex   1.263813e+02 3.656165e+00 6.806384e+00
      vertex   1.262120e+02 3.741421e+00 6.954052e+00
    endloop
  endfacet
  facet normal 1.504798e-16 -8.660254e-01 5.000000e-01
    outer loop
      vertex   1.244146e+02 3.728378e+00 6.931461e+00
      vertex   1.262120e+02 3.741421e+00 6.954052e+00
      vertex   1.246403e+02 3.789407e+00 7.037166e+00
    endloop
  endfacet
  facet normal 2.495151e-16 -8.660254e-01 5.000000e-01
    outer loop
      vertex   1.246403e+02 3.789407e+00 7.037166e+00
      vertex   1.262120e+02 3.741421e+00 6.954052e+00
      vertex   1.260188e+02 3.796600e+00 7.049624e+00
    endloop
  endfacet
  facet normal 2.949977e-16 -8.660254e-01 5.000000e-01
    outer loop
      vertex   1.246403e+02 3.789407e+00 7.037166e+00
      vertex   1.260188e+02 3.796600e+00 7.049624e+00
      vertex   1.248749e+02 3.835375e+00 7.116785e+00
    endloop
  endfacet
  facet normal -1.081997e-15 -8.660254e-01 5.000000e-01
    outer loop
      vertex   1.248749e+02 3.835375e+00 7.116785e+00
      vertex   1.260188e+02 3.796600e+00 7.049624e+00
      vertex   1.258173e+02 3.838176e+00 7.121636e+00
    endloop
  endfacet
  facet normal -1.012593e-15 -8.660254e-01 5.000000e-01
    outer loop
      vertex   1.248749e+02 3.835375e+00 7.116785e+00
      vertex   1.258173e+02 3.838176e+00 7.121636e+00
      vertex   1.251234e+02 3.857587e+00 7.155258e+00
    endloop
  endfacet
  facet normal 3.194330e-15 -8.660254e-01 5.000000e-01
    outer loop
      vertex   1.251234e+02 3.857587e+00 7.155258e+00
      vertex   1.258173e+02 3.838176e+00 7.121636e+00
      vertex   1.256024e+02 3.858318e+00 7.156524e+00
    endloop
  endfacet
  facet normal 3.286327e-15 -8.660254e-01 5.000000e-01
    outer loop
      vertex   1.251234e+02 3.857587e+00 7.155258e+00
      vertex   1.256024e+02 3.858318e+00 7.156524e+00
      vertex   1.253800e+02 3.866187e+00 7.170153e+00
    endloop
  endfacet
  facet normal 8.618289e-17 -8.660254e-01 5.000000e-01
    outer loop
      vertex   1.715979e+02 4.107049e+00 7.587339e+00
      vertex   2.435000e+02 5.500000e+00 1.000000e+01
      vertex   1.698755e+02 4.107421e+00 7.587982e+00
    endloop
  endfacet
  facet normal -1.556810e-17 -8.660254e-01 5.000000e-01
    outer loop
      vertex   1.698755e+02 4.107421e+00 7.587982e+00
      vertex   2.435000e+02 5.500000e+00 1.000000e+01
      vertex   1.253940e+02 4.149266e+00 7.660460e+00
    endloop
  endfacet
  facet normal -6.328706e-17 -8.660254e-01 5.000000e-01
    outer loop
      vertex   1.698755e+02 4.107421e+00 7.587982e+00
      vertex   1.253940e+02 4.149266e+00 7.660460e+00
      vertex   1.257314e+02 4.136725e+00 7.638739e+00
    endloop
  endfacet
  facet normal 5.260384e-16 -8.660254e-01 5.000000e-01
    outer loop
      vertex   1.715979e+02 4.107049e+00 7.587339e+00
      vertex   1.718218e+02 4.105891e+00 7.585333e+00
      vertex   2.435000e+02 5.500000e+00 1.000000e+01
    endloop
  endfacet
  facet normal 8.130621e-18 -8.660254e-01 5.000000e-01
    outer loop
      vertex   2.435000e+02 5.500000e+00 1.000000e+01
      vertex   1.718218e+02 4.105891e+00 7.585333e+00
      vertex   2.179608e+02 4.038333e+00 7.468318e+00
    endloop
  endfacet
  facet normal 1.154203e-17 -8.660254e-01 5.000000e-01
    outer loop
      vertex   2.435000e+02 5.500000e+00 1.000000e+01
      vertex   2.179608e+02 4.038333e+00 7.468318e+00
      vertex   2.215761e+02 4.038000e+00 7.467741e+00
    endloop
  endfacet
  facet normal -4.924718e-17 -8.660254e-01 5.000000e-01
    outer loop
      vertex   1.718218e+02 4.105891e+00 7.585333e+00
      vertex   1.720450e+02 4.100848e+00 7.576598e+00
      vertex   2.179608e+02 4.038333e+00 7.468318e+00
    endloop
  endfacet
  facet normal 2.167805e-17 -8.660254e-01 5.000000e-01
    outer loop
      vertex   2.179608e+02 4.038333e+00 7.468318e+00
      vertex   1.720450e+02 4.100848e+00 7.576598e+00
      vertex   1.722670e+02 4.088557e+00 7.555309e+00
    endloop
  endfacet
  facet normal -1.323942e-17 -8.660254e-01 5.000000e-01
    outer loop
      vertex   2.179608e+02 4.038333e+00 7.468318e+00
      vertex   1.722670e+02 4.088557e+00 7.555309e+00
      vertex   1.724880e+02 4.071046e+00 7.524979e+00
    endloop
  endfacet
  facet normal -1.190299e-18 -8.660254e-01 5.000000e-01
    outer loop
      vertex   1.724880e+02 4.071046e+00 7.524979e+00
      vertex   1.726863e+02 4.041514e+00 7.473829e+00
      vertex   2.179608e+02 4.038333e+00 7.468318e+00
    endloop
  endfacet
  facet normal -1.061197e-18 -8.660254e-01 5.000000e-01
    outer loop
      vertex   2.179608e+02 4.038333e+00 7.468318e+00
      vertex   1.726863e+02 4.041514e+00 7.473829e+00
      vertex   1.728766e+02 4.003805e+00 7.408514e+00
    endloop
  endfacet
  facet normal -5.665695e-18 -8.660254e-01 5.000000e-01
    outer loop
      vertex   2.179608e+02 4.038333e+00 7.468318e+00
      vertex   1.728766e+02 4.003805e+00 7.408514e+00
      vertex   1.730531e+02 3.952124e+00 7.319000e+00
    endloop
  endfacet
  facet normal 5.733681e-18 -8.660254e-01 5.000000e-01
    outer loop
      vertex   1.730531e+02 3.952124e+00 7.319000e+00
      vertex   1.732211e+02 3.891829e+00 7.214566e+00
      vertex   2.179608e+02 4.038333e+00 7.468318e+00
    endloop
  endfacet
  facet normal 3.309130e-18 -8.660254e-01 5.000000e-01
    outer loop
      vertex   2.179608e+02 4.038333e+00 7.468318e+00
      vertex   1.732211e+02 3.891829e+00 7.214566e+00
      vertex   1.734072e+02 3.798174e+00 7.052351e+00
    endloop
  endfacet
  facet normal 4.211996e-18 -8.660254e-01 5.000000e-01
    outer loop
      vertex   2.179608e+02 4.038333e+00 7.468318e+00
      vertex   1.734072e+02 3.798174e+00 7.052351e+00
      vertex   1.735719e+02 3.697114e+00 6.877310e+00
    endloop
  endfacet
  facet normal 1.093891e-16 -8.660254e-01 5.000000e-01
    outer loop
      vertex   1.735719e+02 3.697114e+00 6.877310e+00
      vertex   1.737017e+02 3.583954e+00 6.681312e+00
      vertex   2.179608e+02 4.038333e+00 7.468318e+00
    endloop
  endfacet
  facet normal -6.969410e-17 -8.660254e-01 5.000000e-01
    outer loop
      vertex   2.179608e+02 4.038333e+00 7.468318e+00
      vertex   1.737017e+02 3.583954e+00 6.681312e+00
      vertex   1.738108e+02 3.463667e+00 6.472967e+00
    endloop
  endfacet
  facet normal -5.692093e-19 -8.660254e-01 5.000000e-01
    outer loop
      vertex   2.179608e+02 4.038333e+00 7.468318e+00
      vertex   1.738108e+02 3.463667e+00 6.472967e+00
      vertex   1.738979e+02 3.318519e+00 6.221565e+00
    endloop
  endfacet
  facet normal 2.922517e-17 -8.660254e-01 5.000000e-01
    outer loop
      vertex   1.738979e+02 3.318519e+00 6.221565e+00
      vertex   1.739637e+02 3.171548e+00 5.967003e+00
      vertex   2.179608e+02 4.038333e+00 7.468318e+00
    endloop
  endfacet
  facet normal -9.304842e-18 -8.660254e-01 5.000000e-01
    outer loop
      vertex   2.179608e+02 4.038333e+00 7.468318e+00
      vertex   1.739637e+02 3.171548e+00 5.967003e+00
      vertex   1.739956e+02 3.021690e+00 5.707441e+00
    endloop
  endfacet
  facet normal -4.948463e-17 -8.660254e-01 5.000000e-01
    outer loop
      vertex   2.179608e+02 4.038333e+00 7.468318e+00
      vertex   1.739956e+02 3.021690e+00 5.707441e+00
      vertex   1.740081e+02 2.870172e+00 5.445005e+00
    endloop
  endfacet
  facet normal 1.246944e-16 -8.660254e-01 5.000000e-01
    outer loop
      vertex   1.740081e+02 2.870172e+00 5.445005e+00
      vertex   1.739998e+02 2.742281e+00 5.223490e+00
      vertex   2.179608e+02 4.038333e+00 7.468318e+00
    endloop
  endfacet
  facet normal -1.531202e-17 -8.660254e-01 5.000000e-01
    outer loop
      vertex   2.179608e+02 4.038333e+00 7.468318e+00
      vertex   1.739998e+02 2.742281e+00 5.223490e+00
      vertex   2.179599e+02 1.538333e+00 3.138191e+00
    endloop
  endfacet
  facet normal 1.536031e-16 -8.660254e-01 5.000000e-01
    outer loop
      vertex   2.179599e+02 1.538333e+00 3.138191e+00
      vertex   1.739998e+02 2.742281e+00 5.223490e+00
      vertex   1.739783e+02 2.615284e+00 5.003526e+00
    endloop
  endfacet
  facet normal -4.186404e-17 -8.660254e-01 5.000000e-01
    outer loop
      vertex   2.179599e+02 1.538333e+00 3.138191e+00
      vertex   1.739783e+02 2.615284e+00 5.003526e+00
      vertex   1.739338e+02 2.489856e+00 4.786278e+00
    endloop
  endfacet
  facet normal 1.577427e-17 -8.660254e-01 5.000000e-01
    outer loop
      vertex   1.739338e+02 2.489856e+00 4.786278e+00
      vertex   1.738747e+02 2.365426e+00 4.570759e+00
      vertex   2.179599e+02 1.538333e+00 3.138191e+00
    endloop
  endfacet
  facet normal -4.028088e-17 -8.660254e-01 5.000000e-01
    outer loop
      vertex   2.179599e+02 1.538333e+00 3.138191e+00
      vertex   1.738747e+02 2.365426e+00 4.570759e+00
      vertex   1.738095e+02 2.269434e+00 4.404495e+00
    endloop
  endfacet
  facet normal 2.727603e-17 -8.660254e-01 5.000000e-01
    outer loop
      vertex   2.179599e+02 1.538333e+00 3.138191e+00
      vertex   1.738095e+02 2.269434e+00 4.404495e+00
      vertex   1.737338e+02 2.175934e+00 4.242549e+00
    endloop
  endfacet
  facet normal 4.693748e-18 -8.660254e-01 5.000000e-01
    outer loop
      vertex   1.737338e+02 2.175934e+00 4.242549e+00
      vertex   1.736395e+02 2.086831e+00 4.088219e+00
      vertex   2.179599e+02 1.538333e+00 3.138191e+00
    endloop
  endfacet
  facet normal -6.001950e-18 -8.660254e-01 5.000000e-01
    outer loop
      vertex   2.179599e+02 1.538333e+00 3.138191e+00
      vertex   1.736395e+02 2.086831e+00 4.088219e+00
      vertex   1.735333e+02 2.000561e+00 3.938794e+00
    endloop
  endfacet
  facet normal -4.754652e-17 -8.660254e-01 5.000000e-01
    outer loop
      vertex   2.179599e+02 1.538333e+00 3.138191e+00
      vertex   1.735333e+02 2.000561e+00 3.938794e+00
      vertex   1.734325e+02 1.936998e+00 3.828700e+00
    endloop
  endfacet
  facet normal 1.573112e-17 -8.660254e-01 5.000000e-01
    outer loop
      vertex   1.734325e+02 1.936998e+00 3.828700e+00
      vertex   1.733246e+02 1.877081e+00 3.724920e+00
      vertex   2.179599e+02 1.538333e+00 3.138191e+00
    endloop
  endfacet
  facet normal 2.697430e-17 -8.660254e-01 5.000000e-01
    outer loop
      vertex   2.179599e+02 1.538333e+00 3.138191e+00
      vertex   1.733246e+02 1.877081e+00 3.724920e+00
      vertex   1.732042e+02 1.823482e+00 3.632085e+00
    endloop
  endfacet
  facet normal -1.034461e-17 -8.660254e-01 5.000000e-01
    outer loop
      vertex   2.179599e+02 1.538333e+00 3.138191e+00
      vertex   1.732042e+02 1.823482e+00 3.632085e+00
      vertex   1.730761e+02 1.773852e+00 3.546122e+00
    endloop
  endfacet
  facet normal 3.907126e-17 -8.660254e-01 5.000000e-01
    outer loop
      vertex   1.730761e+02 1.773852e+00 3.546122e+00
      vertex   1.729345e+02 1.733658e+00 3.476505e+00
      vertex   2.179599e+02 1.538333e+00 3.138191e+00
    endloop
  endfacet
  facet normal -2.896855e-17 -8.660254e-01 5.000000e-01
    outer loop
      vertex   2.179599e+02 1.538333e+00 3.138191e+00
      vertex   1.729345e+02 1.733658e+00 3.476505e+00
      vertex   1.727886e+02 1.698628e+00 3.415830e+00
    endloop
  endfacet
  facet normal 3.376029e-17 -8.660254e-01 5.000000e-01
    outer loop
      vertex   2.179599e+02 1.538333e+00 3.138191e+00
      vertex   1.727886e+02 1.698628e+00 3.415830e+00
      vertex   1.726358e+02 1.671732e+00 3.369245e+00
    endloop
  endfacet
  facet normal -1.211786e-17 -8.660254e-01 5.000000e-01
    outer loop
      vertex   7.814808e+01 1.490580e+00 3.055480e+00
      vertex   1.250346e+02 1.573104e+00 3.198416e+00
      vertex   7.834751e+01 1.509254e+00 3.087825e+00
    endloop
  endfacet
  facet normal -3.305214e-17 -8.660254e-01 5.000000e-01
    outer loop
      vertex   7.834751e+01 1.509254e+00 3.087825e+00
      vertex   1.250346e+02 1.573104e+00 3.198416e+00
      vertex   1.246975e+02 1.598738e+00 3.242816e+00
    endloop
  endfacet
  facet normal 8.730465e-18 -8.660254e-01 5.000000e-01
    outer loop
      vertex   7.834751e+01 1.509254e+00 3.087825e+00
      vertex   1.246975e+02 1.598738e+00 3.242816e+00
      vertex   7.849319e+01 1.531238e+00 3.125902e+00
    endloop
  endfacet
  facet normal -2.247547e-18 -8.660254e-01 5.000000e-01
    outer loop
      vertex   7.849319e+01 1.531238e+00 3.125902e+00
      vertex   1.246975e+02 1.598738e+00 3.242816e+00
      vertex   7.863448e+01 1.557987e+00 3.172233e+00
    endloop
  endfacet
  facet normal 7.337550e-18 -8.660254e-01 5.000000e-01
    outer loop
      vertex   7.863448e+01 1.557987e+00 3.172233e+00
      vertex   1.246975e+02 1.598738e+00 3.242816e+00
      vertex   7.876809e+01 1.593099e+00 3.233048e+00
    endloop
  endfacet
  facet normal 8.011915e-18 -8.660254e-01 5.000000e-01
    outer loop
      vertex   7.876809e+01 1.593099e+00 3.233048e+00
      vertex   1.246975e+02 1.598738e+00 3.242816e+00
      vertex   1.243757e+02 1.653817e+00 3.338216e+00
    endloop
  endfacet
  facet normal -8.656672e-18 -8.660254e-01 5.000000e-01
    outer loop
      vertex   7.876809e+01 1.593099e+00 3.233048e+00
      vertex   1.243757e+02 1.653817e+00 3.338216e+00
      vertex   7.889679e+01 1.633556e+00 3.303122e+00
    endloop
  endfacet
  facet normal -8.686690e-18 -8.660254e-01 5.000000e-01
    outer loop
      vertex   7.889679e+01 1.633556e+00 3.303122e+00
      vertex   1.243757e+02 1.653817e+00 3.338216e+00
      vertex   7.900732e+01 1.683839e+00 3.390215e+00
    endloop
  endfacet
  facet normal -1.088000e-17 -8.660254e-01 5.000000e-01
    outer loop
      vertex   7.900732e+01 1.683839e+00 3.390215e+00
      vertex   1.243757e+02 1.653817e+00 3.338216e+00
      vertex   1.240640e+02 1.728154e+00 3.466971e+00
    endloop
  endfacet
  facet normal -1.045078e-17 -8.660254e-01 5.000000e-01
    outer loop
      vertex   7.900732e+01 1.683839e+00 3.390215e+00
      vertex   1.240640e+02 1.728154e+00 3.466971e+00
      vertex   7.910694e+01 1.738473e+00 3.484844e+00
    endloop
  endfacet
  facet normal -9.491315e-18 -8.660254e-01 5.000000e-01
    outer loop
      vertex   7.910694e+01 1.738473e+00 3.484844e+00
      vertex   1.240640e+02 1.728154e+00 3.466971e+00
      vertex   1.238217e+02 1.827331e+00 3.638751e+00
    endloop
  endfacet
  facet normal -2.520637e-18 -8.660254e-01 5.000000e-01
    outer loop
      vertex   7.910694e+01 1.738473e+00 3.484844e+00
      vertex   1.238217e+02 1.827331e+00 3.638751e+00
      vertex   7.918940e+01 1.799955e+00 3.591335e+00
    endloop
  endfacet
  facet normal -5.983596e-19 -8.660254e-01 5.000000e-01
    outer loop
      vertex   7.918940e+01 1.799955e+00 3.591335e+00
      vertex   1.238217e+02 1.827331e+00 3.638751e+00
      vertex   7.926205e+01 1.865356e+00 3.704612e+00
    endloop
  endfacet
  facet normal 2.115230e-18 -8.660254e-01 5.000000e-01
    outer loop
      vertex   7.926205e+01 1.865356e+00 3.704612e+00
      vertex   1.238217e+02 1.827331e+00 3.638751e+00
      vertex   1.236072e+02 1.937818e+00 3.830121e+00
    endloop
  endfacet
  facet normal 2.727180e-18 -8.660254e-01 5.000000e-01
    outer loop
      vertex   7.926205e+01 1.865356e+00 3.704612e+00
      vertex   1.236072e+02 1.937818e+00 3.830121e+00
      vertex   7.932603e+01 1.944154e+00 3.841094e+00
    endloop
  endfacet
  facet normal 2.906239e-18 -8.660254e-01 5.000000e-01
    outer loop
      vertex   7.932603e+01 1.944154e+00 3.841094e+00
      vertex   1.236072e+02 1.937818e+00 3.830121e+00
      vertex   7.937553e+01 2.024624e+00 3.980473e+00
    endloop
  endfacet
  facet normal 6.464487e-18 -8.660254e-01 5.000000e-01
    outer loop
      vertex   7.937553e+01 2.024624e+00 3.980473e+00
      vertex   1.236072e+02 1.937818e+00 3.830121e+00
      vertex   1.234375e+02 2.066546e+00 4.053083e+00
    endloop
  endfacet
  facet normal 4.809611e-18 -8.660254e-01 5.000000e-01
    outer loop
      vertex   7.937553e+01 2.024624e+00 3.980473e+00
      vertex   1.234375e+02 2.066546e+00 4.053083e+00
      vertex   7.940115e+01 2.107855e+00 4.124632e+00
    endloop
  endfacet
  facet normal -1.506115e-18 -8.660254e-01 5.000000e-01
    outer loop
      vertex   7.940115e+01 2.107855e+00 4.124632e+00
      vertex   1.234375e+02 2.066546e+00 4.053083e+00
      vertex   1.232939e+02 2.205901e+00 4.294453e+00
    endloop
  endfacet
  facet normal -1.563699e-18 -8.660254e-01 5.000000e-01
    outer loop
      vertex   7.940115e+01 2.107855e+00 4.124632e+00
      vertex   1.232939e+02 2.205901e+00 4.294453e+00
      vertex   7.941256e+01 2.192726e+00 4.271634e+00
    endloop
  endfacet
  facet normal -1.255169e-18 -8.660254e-01 5.000000e-01
    outer loop
      vertex   7.941256e+01 2.192726e+00 4.271634e+00
      vertex   1.232939e+02 2.205901e+00 4.294453e+00
      vertex   7.939506e+01 2.294559e+00 4.448013e+00
    endloop
  endfacet
  facet normal 5.888436e-18 -8.660254e-01 5.000000e-01
    outer loop
      vertex   7.939506e+01 2.294559e+00 4.448013e+00
      vertex   1.232939e+02 2.205901e+00 4.294453e+00
      vertex   1.231818e+02 2.368882e+00 4.576745e+00
    endloop
  endfacet
  facet normal -7.534843e-18 -8.660254e-01 5.000000e-01
    outer loop
      vertex   7.939506e+01 2.294559e+00 4.448013e+00
      vertex   1.231818e+02 2.368882e+00 4.576745e+00
      vertex   7.935404e+01 2.392541e+00 4.617723e+00
    endloop
  endfacet
  facet normal -8.565336e-18 -8.660254e-01 5.000000e-01
    outer loop
      vertex   7.935404e+01 2.392541e+00 4.617723e+00
      vertex   1.231818e+02 2.368882e+00 4.576745e+00
      vertex   1.230954e+02 2.534393e+00 4.863418e+00
    endloop
  endfacet
  facet normal -7.199177e-18 -8.660254e-01 5.000000e-01
    outer loop
      vertex   7.935404e+01 2.392541e+00 4.617723e+00
      vertex   1.230954e+02 2.534393e+00 4.863418e+00
      vertex   7.927304e+01 2.483974e+00 4.776090e+00
    endloop
  endfacet
  facet normal 7.560257e-18 -8.660254e-01 5.000000e-01
    outer loop
      vertex   7.927304e+01 2.483974e+00 4.776090e+00
      vertex   1.230954e+02 2.534393e+00 4.863418e+00
      vertex   7.916751e+01 2.571391e+00 4.927500e+00
    endloop
  endfacet
  facet normal 1.374094e-17 -8.660254e-01 5.000000e-01
    outer loop
      vertex   7.916751e+01 2.571391e+00 4.927500e+00
      vertex   1.230954e+02 2.534393e+00 4.863418e+00
      vertex   1.230513e+02 2.704057e+00 5.157286e+00
    endloop
  endfacet
  facet normal -2.408914e-19 -8.660254e-01 5.000000e-01
    outer loop
      vertex   7.916751e+01 2.571391e+00 4.927500e+00
      vertex   1.230513e+02 2.704057e+00 5.157286e+00
      vertex   7.901990e+01 2.647944e+00 5.060095e+00
    endloop
  endfacet
  facet normal 1.044382e-18 -8.660254e-01 5.000000e-01
    outer loop
      vertex   7.901990e+01 2.647944e+00 5.060095e+00
      vertex   1.230513e+02 2.704057e+00 5.157286e+00
      vertex   7.885749e+01 2.713341e+00 5.173365e+00
    endloop
  endfacet
  facet normal -3.099422e-18 -8.660254e-01 5.000000e-01
    outer loop
      vertex   7.885749e+01 2.713341e+00 5.173365e+00
      vertex   1.230513e+02 2.704057e+00 5.157286e+00
      vertex   7.867155e+01 2.760999e+00 5.255911e+00
    endloop
  endfacet
  facet normal 1.405402e-17 -8.660254e-01 5.000000e-01
    outer loop
      vertex   7.867155e+01 2.760999e+00 5.255911e+00
      vertex   1.230513e+02 2.704057e+00 5.157286e+00
      vertex   1.230321e+02 2.876179e+00 5.455409e+00
    endloop
  endfacet
  facet normal -7.757050e-18 -8.660254e-01 5.000000e-01
    outer loop
      vertex   7.867155e+01 2.760999e+00 5.255911e+00
      vertex   1.230321e+02 2.876179e+00 5.455409e+00
      vertex   7.862577e+01 2.842826e+00 5.397639e+00
    endloop
  endfacet
  facet normal 6.294917e-18 -8.660254e-01 5.000000e-01
    outer loop
      vertex   7.862577e+01 2.842826e+00 5.397639e+00
      vertex   1.230321e+02 2.876179e+00 5.455409e+00
      vertex   7.876768e+01 2.893932e+00 5.486157e+00
    endloop
  endfacet
  facet normal 2.054035e-17 -8.660254e-01 5.000000e-01
    outer loop
      vertex   7.876768e+01 2.893932e+00 5.486157e+00
      vertex   1.230321e+02 2.876179e+00 5.455409e+00
      vertex   7.888908e+01 2.956687e+00 5.594853e+00
    endloop
  endfacet
  facet normal -1.695860e-17 -8.660254e-01 5.000000e-01
    outer loop
      vertex   7.888908e+01 2.956687e+00 5.594853e+00
      vertex   1.230321e+02 2.876179e+00 5.455409e+00
      vertex   1.230514e+02 3.052461e+00 5.760739e+00
    endloop
  endfacet
  facet normal 9.725140e-18 -8.660254e-01 5.000000e-01
    outer loop
      vertex   7.888908e+01 2.956687e+00 5.594853e+00
      vertex   1.230514e+02 3.052461e+00 5.760739e+00
      vertex   7.899759e+01 3.026769e+00 5.716238e+00
    endloop
  endfacet
  facet normal 6.561258e-19 -8.660254e-01 5.000000e-01
    outer loop
      vertex   7.899759e+01 3.026769e+00 5.716238e+00
      vertex   1.230514e+02 3.052461e+00 5.760739e+00
      vertex   7.907043e+01 3.098011e+00 5.839633e+00
    endloop
  endfacet
  facet normal -1.942633e-18 -8.660254e-01 5.000000e-01
    outer loop
      vertex   7.907043e+01 3.098011e+00 5.839633e+00
      vertex   1.230514e+02 3.052461e+00 5.760739e+00
      vertex   7.912743e+01 3.171530e+00 5.966972e+00
    endloop
  endfacet
  facet normal -6.332504e-19 -8.660254e-01 5.000000e-01
    outer loop
      vertex   7.912743e+01 3.171530e+00 5.966972e+00
      vertex   1.230514e+02 3.052461e+00 5.760739e+00
      vertex   1.230997e+02 3.225471e+00 6.060400e+00
    endloop
  endfacet
  facet normal 1.275621e-17 -8.660254e-01 5.000000e-01
    outer loop
      vertex   7.912743e+01 3.171530e+00 5.966972e+00
      vertex   1.230997e+02 3.225471e+00 6.060400e+00
      vertex   7.915776e+01 3.248880e+00 6.100946e+00
    endloop
  endfacet
  facet normal 1.909944e-17 -8.660254e-01 5.000000e-01
    outer loop
      vertex   7.915776e+01 3.248880e+00 6.100946e+00
      vertex   1.230997e+02 3.225471e+00 6.060400e+00
      vertex   7.917194e+01 3.328552e+00 6.238941e+00
    endloop
  endfacet
  facet normal 1.307819e-17 -8.660254e-01 5.000000e-01
    outer loop
      vertex   7.917194e+01 3.328552e+00 6.238941e+00
      vertex   1.230997e+02 3.225471e+00 6.060400e+00
      vertex   1.231987e+02 3.392785e+00 6.350196e+00
    endloop
  endfacet
  facet normal 1.858114e-17 -8.660254e-01 5.000000e-01
    outer loop
      vertex   7.917194e+01 3.328552e+00 6.238941e+00
      vertex   1.231987e+02 3.392785e+00 6.350196e+00
      vertex   7.915546e+01 3.415725e+00 6.389929e+00
    endloop
  endfacet
  facet normal 2.260138e-17 -8.660254e-01 5.000000e-01
    outer loop
      vertex   7.915546e+01 3.415725e+00 6.389929e+00
      vertex   1.231987e+02 3.392785e+00 6.350196e+00
      vertex   7.912079e+01 3.500200e+00 6.536245e+00
    endloop
  endfacet
  facet normal -7.101211e-18 -8.660254e-01 5.000000e-01
    outer loop
      vertex   7.912079e+01 3.500200e+00 6.536245e+00
      vertex   1.231987e+02 3.392785e+00 6.350196e+00
      vertex   1.233298e+02 3.556503e+00 6.633764e+00
    endloop
  endfacet
  facet normal -1.510498e-17 -8.660254e-01 5.000000e-01
    outer loop
      vertex   7.912079e+01 3.500200e+00 6.536245e+00
      vertex   1.233298e+02 3.556503e+00 6.633764e+00
      vertex   7.905642e+01 3.580270e+00 6.674929e+00
    endloop
  endfacet
  facet normal -1.741801e-17 -8.660254e-01 5.000000e-01
    outer loop
      vertex   7.905642e+01 3.580270e+00 6.674929e+00
      vertex   1.233298e+02 3.556503e+00 6.633764e+00
      vertex   7.897457e+01 3.657745e+00 6.809122e+00
    endloop
  endfacet
  facet normal 7.697992e-18 -8.660254e-01 5.000000e-01
    outer loop
      vertex   7.897457e+01 3.657745e+00 6.809122e+00
      vertex   1.233298e+02 3.556503e+00 6.633764e+00
      vertex   1.234960e+02 3.689213e+00 6.863625e+00
    endloop
  endfacet
  facet normal 8.000856e-18 -8.660254e-01 5.000000e-01
    outer loop
      vertex   7.897457e+01 3.657745e+00 6.809122e+00
      vertex   1.234960e+02 3.689213e+00 6.863625e+00
      vertex   7.886460e+01 3.730965e+00 6.935942e+00
    endloop
  endfacet
  facet normal -3.015773e-18 -8.660254e-01 5.000000e-01
    outer loop
      vertex   7.886460e+01 3.730965e+00 6.935942e+00
      vertex   1.234960e+02 3.689213e+00 6.863625e+00
      vertex   1.236872e+02 3.809836e+00 7.072550e+00
    endloop
  endfacet
  facet normal 7.280982e-18 -8.660254e-01 5.000000e-01
    outer loop
      vertex   7.886460e+01 3.730965e+00 6.935942e+00
      vertex   1.236872e+02 3.809836e+00 7.072550e+00
      vertex   7.874066e+01 3.796101e+00 7.048761e+00
    endloop
  endfacet
  facet normal 5.908263e-19 -8.660254e-01 5.000000e-01
    outer loop
      vertex   7.874066e+01 3.796101e+00 7.048761e+00
      vertex   1.236872e+02 3.809836e+00 7.072550e+00
      vertex   7.859355e+01 3.847832e+00 7.138361e+00
    endloop
  endfacet
  facet normal -1.224512e-17 -8.660254e-01 5.000000e-01
    outer loop
      vertex   7.859355e+01 3.847832e+00 7.138361e+00
      vertex   1.236872e+02 3.809836e+00 7.072550e+00
      vertex   1.239206e+02 3.910064e+00 7.246151e+00
    endloop
  endfacet
  facet normal -5.120901e-19 -8.660254e-01 5.000000e-01
    outer loop
      vertex   7.859355e+01 3.847832e+00 7.138361e+00
      vertex   1.239206e+02 3.910064e+00 7.246151e+00
      vertex   7.843260e+01 3.891558e+00 7.214097e+00
    endloop
  endfacet
  facet normal -1.079823e-17 -8.660254e-01 5.000000e-01
    outer loop
      vertex   7.843260e+01 3.891558e+00 7.214097e+00
      vertex   1.239206e+02 3.910064e+00 7.246151e+00
      vertex   7.820922e+01 3.927450e+00 7.276263e+00
    endloop
  endfacet
  facet normal -1.084030e-17 -8.660254e-01 5.000000e-01
    outer loop
      vertex   7.820922e+01 3.927450e+00 7.276263e+00
      vertex   1.239206e+02 3.910064e+00 7.246151e+00
      vertex   1.241796e+02 3.997897e+00 7.398282e+00
    endloop
  endfacet
  facet normal 4.447046e-17 -8.660254e-01 5.000000e-01
    outer loop
      vertex   7.820922e+01 3.927450e+00 7.276263e+00
      vertex   1.241796e+02 3.997897e+00 7.398282e+00
      vertex   7.798231e+01 3.953495e+00 7.321375e+00
    endloop
  endfacet
  facet normal 1.669500e-17 -8.660254e-01 5.000000e-01
    outer loop
      vertex   7.798231e+01 3.953495e+00 7.321375e+00
      vertex   1.241796e+02 3.997897e+00 7.398282e+00
      vertex   1.244697e+02 4.062588e+00 7.510330e+00
    endloop
  endfacet
  facet normal 7.551005e-17 -8.660254e-01 5.000000e-01
    outer loop
      vertex   7.798231e+01 3.953495e+00 7.321375e+00
      vertex   1.244697e+02 4.062588e+00 7.510330e+00
      vertex   1.247673e+02 4.112497e+00 7.596774e+00
    endloop
  endfacet
  facet normal 2.976719e-17 -8.660254e-01 5.000000e-01
    outer loop
      vertex   7.814808e+01 1.490580e+00 3.055480e+00
      vertex   7.794759e+01 1.476867e+00 3.031730e+00
      vertex   1.250346e+02 1.573104e+00 3.198416e+00
    endloop
  endfacet
  facet normal 6.560946e-17 -8.660254e-01 5.000000e-01
    outer loop
      vertex   1.250346e+02 1.573104e+00 3.198416e+00
      vertex   7.794759e+01 1.476867e+00 3.031730e+00
      vertex   1.253803e+02 1.564004e+00 3.182655e+00
    endloop
  endfacet
  facet normal -3.081052e-17 -8.660254e-01 5.000000e-01
    outer loop
      vertex   1.253803e+02 1.564004e+00 3.182655e+00
      vertex   7.794759e+01 1.476867e+00 3.031730e+00
      vertex   7.774551e+01 1.470645e+00 3.020953e+00
    endloop
  endfacet
  facet normal 8.603981e-17 -8.660254e-01 5.000000e-01
    outer loop
      vertex   1.253803e+02 1.564004e+00 3.182655e+00
      vertex   7.774551e+01 1.470645e+00 3.020953e+00
      vertex   7.754255e+01 1.468599e+00 3.017408e+00
    endloop
  endfacet
  facet normal 7.727121e-19 -8.660254e-01 5.000000e-01
    outer loop
      vertex   1.253803e+02 1.564004e+00 3.182655e+00
      vertex   7.754255e+01 1.468599e+00 3.017408e+00
      vertex   0.000000e+00 0.000000e+00 4.737206e-01
    endloop
  endfacet
  facet normal -8.539973e-17 -8.660254e-01 5.000000e-01
    outer loop
      vertex   0.000000e+00 0.000000e+00 4.737206e-01
      vertex   7.754255e+01 1.468599e+00 3.017408e+00
      vertex   7.563600e+01 1.469245e+00 3.018528e+00
    endloop
  endfacet
  facet normal 3.531365e-18 -8.660254e-01 5.000000e-01
    outer loop
      vertex   0.000000e+00 0.000000e+00 4.737206e-01
      vertex   7.563600e+01 1.469245e+00 3.018528e+00
      vertex   3.106808e+01 1.510585e+00 3.090130e+00
    endloop
  endfacet
  facet normal 5.226808e-18 -8.660254e-01 5.000000e-01
    outer loop
      vertex   3.106808e+01 1.510585e+00 3.090130e+00
      vertex   7.563600e+01 1.469245e+00 3.018528e+00
      vertex   7.563939e+01 3.969244e+00 7.348654e+00
    endloop
  endfacet
  facet normal -6.300882e-18 -8.660254e-01 5.000000e-01
    outer loop
      vertex   3.106808e+01 1.510585e+00 3.090130e+00
      vertex   7.563939e+01 3.969244e+00 7.348654e+00
      vertex   2.908152e+01 4.022619e+00 7.441101e+00
    endloop
  endfacet
  facet normal 2.304832e-18 -8.660254e-01 5.000000e-01
    outer loop
      vertex   2.908152e+01 4.022619e+00 7.441101e+00
      vertex   7.563939e+01 3.969244e+00 7.348654e+00
      vertex   5.500000e+00 5.500000e+00 1.000000e+01
    endloop
  endfacet
  facet normal 9.482342e-16 -8.660254e-01 5.000000e-01
    outer loop
      vertex   2.908152e+01 4.022619e+00 7.441101e+00
      vertex   5.500000e+00 5.500000e+00 1.000000e+01
      vertex   2.836875e+01 4.026873e+00 7.448469e+00
    endloop
  endfacet
  facet normal -2.823206e-16 -8.660254e-01 5.000000e-01
    outer loop
      vertex   2.836875e+01 4.026873e+00 7.448469e+00
      vertex   5.500000e+00 5.500000e+00 1.000000e+01
      vertex   0.000000e+00 0.000000e+00 4.737206e-01
    endloop
  endfacet
  facet normal -9.242593e-18 -8.660254e-01 5.000000e-01
    outer loop
      vertex   2.836875e+01 4.026873e+00 7.448469e+00
      vertex   0.000000e+00 0.000000e+00 4.737206e-01
      vertex   2.638902e+01 1.538511e+00 3.138499e+00
    endloop
  endfacet
  facet normal 4.025064e-16 -8.660254e-01 5.000000e-01
    outer loop
      vertex   2.638902e+01 1.538511e+00 3.138499e+00
      vertex   0.000000e+00 0.000000e+00 4.737206e-01
      vertex   2.709156e+01 1.534318e+00 3.131237e+00
    endloop
  endfacet
  facet normal -6.038303e-17 -8.660254e-01 5.000000e-01
    outer loop
      vertex   2.709156e+01 1.534318e+00 3.131237e+00
      vertex   0.000000e+00 0.000000e+00 4.737206e-01
      vertex   3.031438e+01 1.515083e+00 3.097921e+00
    endloop
  endfacet
  facet normal -6.437675e-17 -8.660254e-01 5.000000e-01
    outer loop
      vertex   2.709156e+01 1.534318e+00 3.131237e+00
      vertex   3.031438e+01 1.515083e+00 3.097921e+00
      vertex   2.974928e+01 2.275672e+00 4.415300e+00
    endloop
  endfacet
  facet normal -1.282757e-16 -8.660254e-01 5.000000e-01
    outer loop
      vertex   7.563939e+01 3.969244e+00 7.348654e+00
      vertex   7.751524e+01 3.968609e+00 7.347552e+00
      vertex   5.500000e+00 5.500000e+00 1.000000e+01
    endloop
  endfacet
  facet normal -1.105204e-17 -8.660254e-01 5.000000e-01
    outer loop
      vertex   5.500000e+00 5.500000e+00 1.000000e+01
      vertex   7.751524e+01 3.968609e+00 7.347552e+00
      vertex   1.253940e+02 4.149266e+00 7.660460e+00
    endloop
  endfacet
  facet normal -3.231870e-17 -8.660254e-01 5.000000e-01
    outer loop
      vertex   5.500000e+00 5.500000e+00 1.000000e+01
      vertex   1.253940e+02 4.149266e+00 7.660460e+00
      vertex   2.435000e+02 5.500000e+00 1.000000e+01
    endloop
  endfacet
  facet normal 4.673100e-16 -8.660254e-01 5.000000e-01
    outer loop
      vertex   7.751524e+01 3.968609e+00 7.347552e+00
      vertex   7.775021e+01 3.965040e+00 7.341371e+00
      vertex   1.253940e+02 4.149266e+00 7.660460e+00
    endloop
  endfacet
  facet normal -3.814268e-16 -8.660254e-01 5.000000e-01
    outer loop
      vertex   1.253940e+02 4.149266e+00 7.660460e+00
      vertex   7.775021e+01 3.965040e+00 7.341371e+00
      vertex   1.250770e+02 4.138087e+00 7.641098e+00
    endloop
  endfacet
  facet normal -2.162946e-17 -8.660254e-01 5.000000e-01
    outer loop
      vertex   1.250770e+02 4.138087e+00 7.641098e+00
      vertex   7.775021e+01 3.965040e+00 7.341371e+00
      vertex   1.247673e+02 4.112497e+00 7.596774e+00
    endloop
  endfacet
  facet normal -3.438130e-16 -8.660254e-01 5.000000e-01
    outer loop
      vertex   1.247673e+02 4.112497e+00 7.596774e+00
      vertex   7.775021e+01 3.965040e+00 7.341371e+00
      vertex   7.798231e+01 3.953495e+00 7.321375e+00
    endloop
  endfacet
  facet normal -1.082581e-15 -8.660254e-01 5.000000e-01
    outer loop
      vertex   7.862577e+01 2.842826e+00 5.397639e+00
      vertex   7.847204e+01 2.798434e+00 5.320751e+00
      vertex   7.867155e+01 2.760999e+00 5.255911e+00
    endloop
  endfacet
  facet normal 3.461344e-16 -8.660254e-01 5.000000e-01
    outer loop
      vertex   2.765871e+01 2.288149e+00 4.436911e+00
      vertex   2.709156e+01 1.534318e+00 3.131237e+00
      vertex   2.974928e+01 2.275672e+00 4.415300e+00
    endloop
  endfacet
  facet normal -1.038308e-16 -8.660254e-01 5.000000e-01
    outer loop
      vertex   3.106808e+01 1.510585e+00 3.090130e+00
      vertex   3.031438e+01 1.515083e+00 3.097921e+00
      vertex   0.000000e+00 0.000000e+00 4.737206e-01
    endloop
  endfacet
  facet normal -1.195586e-15 -8.660254e-01 5.000000e-01
    outer loop
      vertex   1.253261e+02 1.847105e+00 3.673001e+00
      vertex   1.255815e+02 1.858189e+00 3.692198e+00
      vertex   1.251026e+02 1.856380e+00 3.689066e+00
    endloop
  endfacet
  facet normal -1.049584e-15 -8.660254e-01 5.000000e-01
    outer loop
      vertex   1.251026e+02 1.856380e+00 3.689066e+00
      vertex   1.255815e+02 1.858189e+00 3.692198e+00
      vertex   1.248853e+02 1.876682e+00 3.724229e+00
    endloop
  endfacet
  facet normal -6.334179e-17 -8.660254e-01 5.000000e-01
    outer loop
      vertex   1.248853e+02 1.876682e+00 3.724229e+00
      vertex   1.255815e+02 1.858189e+00 3.692198e+00
      vertex   1.258262e+02 1.884730e+00 3.738169e+00
    endloop
  endfacet
  facet normal -4.487733e-17 -8.660254e-01 5.000000e-01
    outer loop
      vertex   1.248853e+02 1.876682e+00 3.724229e+00
      vertex   1.258262e+02 1.884730e+00 3.738169e+00
      vertex   1.246781e+02 1.915358e+00 3.791218e+00
    endloop
  endfacet
  facet normal -4.129694e-16 -8.660254e-01 5.000000e-01
    outer loop
      vertex   1.246781e+02 1.915358e+00 3.791218e+00
      vertex   1.258262e+02 1.884730e+00 3.738169e+00
      vertex   1.260526e+02 1.937733e+00 3.829972e+00
    endloop
  endfacet
  facet normal -4.524050e-16 -8.660254e-01 5.000000e-01
    outer loop
      vertex   1.246781e+02 1.915358e+00 3.791218e+00
      vertex   1.260526e+02 1.937733e+00 3.829972e+00
      vertex   1.244770e+02 1.965056e+00 3.877297e+00
    endloop
  endfacet
  facet normal -2.087157e-16 -8.660254e-01 5.000000e-01
    outer loop
      vertex   1.244770e+02 1.965056e+00 3.877297e+00
      vertex   1.260526e+02 1.937733e+00 3.829972e+00
      vertex   1.262677e+02 2.007091e+00 3.950105e+00
    endloop
  endfacet
  facet normal -1.707441e-16 -8.660254e-01 5.000000e-01
    outer loop
      vertex   1.244770e+02 1.965056e+00 3.877297e+00
      vertex   1.262677e+02 2.007091e+00 3.950105e+00
      vertex   1.242908e+02 2.036710e+00 4.001405e+00
    endloop
  endfacet
  facet normal -1.936126e-16 -8.660254e-01 5.000000e-01
    outer loop
      vertex   1.242908e+02 2.036710e+00 4.001405e+00
      vertex   1.262677e+02 2.007091e+00 3.950105e+00
      vertex   1.264546e+02 2.110111e+00 4.128539e+00
    endloop
  endfacet
  facet normal -5.396706e-17 -8.660254e-01 5.000000e-01
    outer loop
      vertex   1.242908e+02 2.036710e+00 4.001405e+00
      vertex   1.264546e+02 2.110111e+00 4.128539e+00
      vertex   1.241276e+02 2.117881e+00 4.141997e+00
    endloop
  endfacet
  facet normal -4.181028e-17 -8.660254e-01 5.000000e-01
    outer loop
      vertex   1.241276e+02 2.117881e+00 4.141997e+00
      vertex   1.264546e+02 2.110111e+00 4.128539e+00
      vertex   1.266091e+02 2.222255e+00 4.322779e+00
    endloop
  endfacet
  facet normal -2.344375e-17 -8.660254e-01 5.000000e-01
    outer loop
      vertex   1.241276e+02 2.117881e+00 4.141997e+00
      vertex   1.266091e+02 2.222255e+00 4.322779e+00
      vertex   1.240018e+02 2.214431e+00 4.309227e+00
    endloop
  endfacet
  facet normal -7.596862e-18 -8.660254e-01 5.000000e-01
    outer loop
      vertex   1.240018e+02 2.214431e+00 4.309227e+00
      vertex   1.266091e+02 2.222255e+00 4.322779e+00
      vertex   1.238977e+02 2.319956e+00 4.492002e+00
    endloop
  endfacet
  facet normal 1.985444e-16 -8.660254e-01 5.000000e-01
    outer loop
      vertex   1.238977e+02 2.319956e+00 4.492002e+00
      vertex   1.266091e+02 2.222255e+00 4.322779e+00
      vertex   1.267138e+02 2.348496e+00 4.541434e+00
    endloop
  endfacet
  facet normal 2.234594e-16 -8.660254e-01 5.000000e-01
    outer loop
      vertex   1.238977e+02 2.319956e+00 4.492002e+00
      vertex   1.267138e+02 2.348496e+00 4.541434e+00
      vertex   1.238160e+02 2.456337e+00 4.728221e+00
    endloop
  endfacet
  facet normal 8.656061e-17 -8.660254e-01 5.000000e-01
    outer loop
      vertex   1.238160e+02 2.456337e+00 4.728221e+00
      vertex   1.267138e+02 2.348496e+00 4.541434e+00
      vertex   1.267902e+02 2.482702e+00 4.773886e+00
    endloop
  endfacet
  facet normal 3.881042e-17 -8.660254e-01 5.000000e-01
    outer loop
      vertex   1.238160e+02 2.456337e+00 4.728221e+00
      vertex   1.267902e+02 2.482702e+00 4.773886e+00
      vertex   1.237547e+02 2.594451e+00 4.967441e+00
    endloop
  endfacet
  facet normal -1.848430e-16 -8.660254e-01 5.000000e-01
    outer loop
      vertex   1.237547e+02 2.594451e+00 4.967441e+00
      vertex   1.267902e+02 2.482702e+00 4.773886e+00
      vertex   1.237254e+02 2.735279e+00 5.211363e+00
    endloop
  endfacet
  facet normal 5.415908e-16 -8.660254e-01 5.000000e-01
    outer loop
      vertex   1.237254e+02 2.735279e+00 5.211363e+00
      vertex   1.267902e+02 2.482702e+00 4.773886e+00
      vertex   1.237143e+02 2.877657e+00 5.457969e+00
    endloop
  endfacet
  facet normal -2.199911e-17 -8.660254e-01 5.000000e-01
    outer loop
      vertex   1.257314e+02 4.136725e+00 7.638739e+00
      vertex   1.260572e+02 4.105501e+00 7.584657e+00
      vertex   1.698755e+02 4.107421e+00 7.587982e+00
    endloop
  endfacet
  facet normal -2.178220e-17 -8.660254e-01 5.000000e-01
    outer loop
      vertex   1.698755e+02 4.107421e+00 7.587982e+00
      vertex   1.260572e+02 4.105501e+00 7.584657e+00
      vertex   1.263628e+02 4.041864e+00 7.474435e+00
    endloop
  endfacet
  facet normal -1.218280e-17 -8.660254e-01 5.000000e-01
    outer loop
      vertex   1.698755e+02 4.107421e+00 7.587982e+00
      vertex   1.263628e+02 4.041864e+00 7.474435e+00
      vertex   1.266557e+02 3.957849e+00 7.328916e+00
    endloop
  endfacet
  facet normal 3.462094e-17 -8.660254e-01 5.000000e-01
    outer loop
      vertex   1.266557e+02 3.957849e+00 7.328916e+00
      vertex   1.268957e+02 3.844289e+00 7.132224e+00
      vertex   1.698755e+02 4.107421e+00 7.587982e+00
    endloop
  endfacet
  facet normal -1.068062e-16 -8.660254e-01 5.000000e-01
    outer loop
      vertex   1.698755e+02 4.107421e+00 7.587982e+00
      vertex   1.268957e+02 3.844289e+00 7.132224e+00
      vertex   1.271011e+02 3.719106e+00 6.915401e+00
    endloop
  endfacet
  facet normal 1.706760e-17 -8.660254e-01 5.000000e-01
    outer loop
      vertex   1.698755e+02 4.107421e+00 7.587982e+00
      vertex   1.271011e+02 3.719106e+00 6.915401e+00
      vertex   1.272507e+02 3.575213e+00 6.666171e+00
    endloop
  endfacet
  facet normal 2.279281e-17 -8.660254e-01 5.000000e-01
    outer loop
      vertex   1.272507e+02 3.575213e+00 6.666171e+00
      vertex   1.273678e+02 3.420435e+00 6.398088e+00
      vertex   1.698755e+02 4.107421e+00 7.587982e+00
    endloop
  endfacet
  facet normal 6.059015e-18 -8.660254e-01 5.000000e-01
    outer loop
      vertex   1.698755e+02 4.107421e+00 7.587982e+00
      vertex   1.273678e+02 3.420435e+00 6.398088e+00
      vertex   1.267163e+02 3.343913e+00 6.265548e+00
    endloop
  endfacet
  facet normal 1.425780e-16 -8.660254e-01 5.000000e-01
    outer loop
      vertex   2.216911e+02 1.537989e+00 3.137596e+00
      vertex   2.490000e+02 0.000000e+00 4.737206e-01
      vertex   2.216912e+02 1.833009e+00 3.648586e+00
    endloop
  endfacet
  facet normal 3.254076e-16 -8.660254e-01 5.000000e-01
    outer loop
      vertex   2.216912e+02 1.833009e+00 3.648586e+00
      vertex   2.490000e+02 0.000000e+00 4.737206e-01
      vertex   2.213880e+02 2.683992e+00 5.122532e+00
    endloop
  endfacet
  facet normal -1.464522e-17 -8.660254e-01 5.000000e-01
    outer loop
      vertex   2.216912e+02 1.833009e+00 3.648586e+00
      vertex   2.213880e+02 2.683992e+00 5.122532e+00
      vertex   2.186216e+02 1.833292e+00 3.649075e+00
    endloop
  endfacet
  facet normal 2.960310e-16 -8.660254e-01 5.000000e-01
    outer loop
      vertex   2.186216e+02 1.833292e+00 3.649075e+00
      vertex   2.213880e+02 2.683992e+00 5.122532e+00
      vertex   2.186219e+02 2.684247e+00 5.122973e+00
    endloop
  endfacet
  facet normal 5.445715e-17 -8.660254e-01 5.000000e-01
    outer loop
      vertex   2.216911e+02 1.537989e+00 3.137596e+00
      vertex   2.179599e+02 1.538333e+00 3.138191e+00
      vertex   2.490000e+02 0.000000e+00 4.737206e-01
    endloop
  endfacet
  facet normal 2.556810e-18 -8.660254e-01 5.000000e-01
    outer loop
      vertex   2.215761e+02 4.038000e+00 7.467741e+00
      vertex   2.215759e+02 3.742979e+00 6.956751e+00
      vertex   2.435000e+02 5.500000e+00 1.000000e+01
    endloop
  endfacet
  facet normal 1.230233e-16 -8.660254e-01 5.000000e-01
    outer loop
      vertex   2.435000e+02 5.500000e+00 1.000000e+01
      vertex   2.215759e+02 3.742979e+00 6.956751e+00
      vertex   2.213881e+02 2.977308e+00 5.630569e+00
    endloop
  endfacet
  facet normal 1.332699e-16 -8.660254e-01 5.000000e-01
    outer loop
      vertex   2.435000e+02 5.500000e+00 1.000000e+01
      vertex   2.213881e+02 2.977308e+00 5.630569e+00
      vertex   2.490000e+02 0.000000e+00 4.737206e-01
    endloop
  endfacet
  facet normal 2.219779e-16 -8.660254e-01 5.000000e-01
    outer loop
      vertex   2.490000e+02 0.000000e+00 4.737206e-01
      vertex   2.213881e+02 2.977308e+00 5.630569e+00
      vertex   2.213880e+02 2.683992e+00 5.122532e+00
    endloop
  endfacet
  facet normal 1.888419e-16 -8.660254e-01 5.000000e-01
    outer loop
      vertex   2.186223e+02 3.743251e+00 6.957222e+00
      vertex   2.186220e+02 2.977562e+00 5.631010e+00
      vertex   2.215759e+02 3.742979e+00 6.956751e+00
    endloop
  endfacet
  facet normal 1.295081e-16 -8.660254e-01 5.000000e-01
    outer loop
      vertex   2.215759e+02 3.742979e+00 6.956751e+00
      vertex   2.186220e+02 2.977562e+00 5.631010e+00
      vertex   2.213881e+02 2.977308e+00 5.630569e+00
    endloop
  endfacet
  facet normal 2.452300e-17 -8.660254e-01 5.000000e-01
    outer loop
      vertex   0.000000e+00 0.000000e+00 4.737206e-01
      vertex   2.490000e+02 0.000000e+00 4.737206e-01
      vertex   1.253803e+02 1.564004e+00 3.182655e+00
    endloop
  endfacet
  facet normal -6.753747e-15 -8.660254e-01 5.000000e-01
    outer loop
      vertex   2.870352e+01 3.762237e+00 6.990106e+00
      vertex   2.864609e+01 3.641392e+00 6.780796e+00
      vertex   2.878171e+01 3.630907e+00 6.762637e+00
    endloop
  endfacet
  facet normal -6.261787e-15 -8.660254e-01 5.000000e-01
    outer loop
      vertex   2.878171e+01 3.630907e+00 6.762637e+00
      vertex   2.864609e+01 3.641392e+00 6.780796e+00
      vertex   2.858166e+01 3.521579e+00 6.573275e+00
    endloop
  endfacet
  facet normal 3.954996e-16 -8.660254e-01 5.000000e-01
    outer loop
      vertex   2.878171e+01 3.630907e+00 6.762637e+00
      vertex   2.858166e+01 3.521579e+00 6.573275e+00
      vertex   2.886430e+01 3.500297e+00 6.536412e+00
    endloop
  endfacet
  facet normal 7.006296e-16 -8.660254e-01 5.000000e-01
    outer loop
      vertex   2.886430e+01 3.500297e+00 6.536412e+00
      vertex   2.858166e+01 3.521579e+00 6.573275e+00
      vertex   2.850563e+01 3.403475e+00 6.368713e+00
    endloop
  endfacet
  facet normal -1.070251e-15 -8.660254e-01 5.000000e-01
    outer loop
      vertex   2.886430e+01 3.500297e+00 6.536412e+00
      vertex   2.850563e+01 3.403475e+00 6.368713e+00
      vertex   2.895331e+01 3.370732e+00 6.312000e+00
    endloop
  endfacet
  facet normal -9.036927e-16 -8.660254e-01 5.000000e-01
    outer loop
      vertex   2.895331e+01 3.370732e+00 6.312000e+00
      vertex   2.850563e+01 3.403475e+00 6.368713e+00
      vertex   2.842270e+01 3.286389e+00 6.165914e+00
    endloop
  endfacet
  facet normal -2.152152e-16 -8.660254e-01 5.000000e-01
    outer loop
      vertex   2.895331e+01 3.370732e+00 6.312000e+00
      vertex   2.842270e+01 3.286389e+00 6.165914e+00
      vertex   2.904583e+01 3.241740e+00 6.088578e+00
    endloop
  endfacet
  facet normal -2.604334e-16 -8.660254e-01 5.000000e-01
    outer loop
      vertex   2.904583e+01 3.241740e+00 6.088578e+00
      vertex   2.842270e+01 3.286389e+00 6.165914e+00
      vertex   2.785612e+01 2.556431e+00 4.901588e+00
    endloop
  endfacet
  facet normal 2.081313e-16 -8.660254e-01 5.000000e-01
    outer loop
      vertex   2.904583e+01 3.241740e+00 6.088578e+00
      vertex   2.785612e+01 2.556431e+00 4.901588e+00
      vertex   2.955109e+01 2.546315e+00 4.884067e+00
    endloop
  endfacet
  facet normal 4.681968e-16 -8.660254e-01 5.000000e-01
    outer loop
      vertex   7.630065e+01 3.674000e+00 6.837275e+00
      vertex   7.629963e+01 2.918543e+00 5.528785e+00
      vertex   7.729997e+01 3.673661e+00 6.836688e+00
    endloop
  endfacet
  facet normal 4.685944e-17 -8.660254e-01 5.000000e-01
    outer loop
      vertex   7.729997e+01 3.673661e+00 6.836688e+00
      vertex   7.629963e+01 2.918543e+00 5.528785e+00
      vertex   7.738080e+01 2.918176e+00 5.528150e+00
    endloop
  endfacet
  facet normal 2.536141e-15 -8.660254e-01 5.000000e-01
    outer loop
      vertex   7.729997e+01 3.673661e+00 6.836688e+00
      vertex   7.738080e+01 2.918176e+00 5.528150e+00
      vertex   7.749195e+01 3.673120e+00 6.835751e+00
    endloop
  endfacet
  facet normal -4.271263e-16 -8.660254e-01 5.000000e-01
    outer loop
      vertex   7.749195e+01 3.673120e+00 6.835751e+00
      vertex   7.738080e+01 2.918176e+00 5.528150e+00
      vertex   7.852046e+01 3.289550e+00 6.171388e+00
    endloop
  endfacet
  facet normal 9.707349e-16 -8.660254e-01 5.000000e-01
    outer loop
      vertex   7.749195e+01 3.673120e+00 6.835751e+00
      vertex   7.852046e+01 3.289550e+00 6.171388e+00
      vertex   7.851228e+01 3.347125e+00 6.271112e+00
    endloop
  endfacet
  facet normal 2.270060e-15 -8.660254e-01 5.000000e-01
    outer loop
      vertex   7.738080e+01 2.918176e+00 5.528150e+00
      vertex   7.753996e+01 2.918619e+00 5.528917e+00
      vertex   7.852046e+01 3.289550e+00 6.171388e+00
    endloop
  endfacet
  facet normal 2.338180e-15 -8.660254e-01 5.000000e-01
    outer loop
      vertex   7.852046e+01 3.289550e+00 6.171388e+00
      vertex   7.753996e+01 2.918619e+00 5.528917e+00
      vertex   7.851226e+01 3.231266e+00 6.070438e+00
    endloop
  endfacet
  facet normal -3.365734e-15 -8.660254e-01 5.000000e-01
    outer loop
      vertex   7.851226e+01 3.231266e+00 6.070438e+00
      vertex   7.753996e+01 2.918619e+00 5.528917e+00
      vertex   7.769843e+01 2.922334e+00 5.535351e+00
    endloop
  endfacet
  facet normal -4.601550e-15 -8.660254e-01 5.000000e-01
    outer loop
      vertex   7.851226e+01 3.231266e+00 6.070438e+00
      vertex   7.769843e+01 2.922334e+00 5.535351e+00
      vertex   7.849129e+01 3.174942e+00 5.972882e+00
    endloop
  endfacet
  facet normal 5.237515e-16 -8.660254e-01 5.000000e-01
    outer loop
      vertex   7.849129e+01 3.174942e+00 5.972882e+00
      vertex   7.769843e+01 2.922334e+00 5.535351e+00
      vertex   7.844800e+01 3.122042e+00 5.881255e+00
    endloop
  endfacet
  facet normal -1.933594e-15 -8.660254e-01 5.000000e-01
    outer loop
      vertex   7.844800e+01 3.122042e+00 5.881255e+00
      vertex   7.769843e+01 2.922334e+00 5.535351e+00
      vertex   7.785561e+01 2.932274e+00 5.552568e+00
    endloop
  endfacet
  facet normal 1.358592e-15 -8.660254e-01 5.000000e-01
    outer loop
      vertex   7.844800e+01 3.122042e+00 5.881255e+00
      vertex   7.785561e+01 2.932274e+00 5.552568e+00
      vertex   7.801181e+01 2.946953e+00 5.577993e+00
    endloop
  endfacet
  facet normal -1.469869e-14 -8.660254e-01 5.000000e-01
    outer loop
      vertex   7.801181e+01 2.946953e+00 5.577993e+00
      vertex   7.812086e+01 2.967325e+00 5.613278e+00
      vertex   7.844800e+01 3.122042e+00 5.881255e+00
    endloop
  endfacet
  facet normal 4.180303e-15 -8.660254e-01 5.000000e-01
    outer loop
      vertex   7.844800e+01 3.122042e+00 5.881255e+00
      vertex   7.812086e+01 2.967325e+00 5.613278e+00
      vertex   7.839056e+01 3.071313e+00 5.793391e+00
    endloop
  endfacet
  facet normal 2.783737e-14 -8.660254e-01 5.000000e-01
    outer loop
      vertex   7.839056e+01 3.071313e+00 5.793391e+00
      vertex   7.812086e+01 2.967325e+00 5.613278e+00
      vertex   7.831067e+01 3.029180e+00 5.720414e+00
    endloop
  endfacet
  facet normal 1.617605e-14 -8.660254e-01 5.000000e-01
    outer loop
      vertex   7.831067e+01 3.029180e+00 5.720414e+00
      vertex   7.812086e+01 2.967325e+00 5.613278e+00
      vertex   7.822237e+01 2.993325e+00 5.658311e+00
    endloop
  endfacet
  facet normal 1.737180e-15 -8.660254e-01 5.000000e-01
    outer loop
      vertex   7.851228e+01 3.347125e+00 6.271112e+00
      vertex   7.849258e+01 3.403101e+00 6.368065e+00
      vertex   7.749195e+01 3.673120e+00 6.835751e+00
    endloop
  endfacet
  facet normal -2.981949e-15 -8.660254e-01 5.000000e-01
    outer loop
      vertex   7.749195e+01 3.673120e+00 6.835751e+00
      vertex   7.849258e+01 3.403101e+00 6.368065e+00
      vertex   7.768303e+01 3.668494e+00 6.827738e+00
    endloop
  endfacet
  facet normal -2.643015e-15 -8.660254e-01 5.000000e-01
    outer loop
      vertex   7.768303e+01 3.668494e+00 6.827738e+00
      vertex   7.849258e+01 3.403101e+00 6.368065e+00
      vertex   7.845310e+01 3.456335e+00 6.460269e+00
    endloop
  endfacet
  facet normal -4.750220e-16 -8.660254e-01 5.000000e-01
    outer loop
      vertex   7.768303e+01 3.668494e+00 6.827738e+00
      vertex   7.845310e+01 3.456335e+00 6.460269e+00
      vertex   7.787242e+01 3.656060e+00 6.806202e+00
    endloop
  endfacet
  facet normal 2.771776e-16 -8.660254e-01 5.000000e-01
    outer loop
      vertex   7.787242e+01 3.656060e+00 6.806202e+00
      vertex   7.845310e+01 3.456335e+00 6.460269e+00
      vertex   7.840138e+01 3.507872e+00 6.549532e+00
    endloop
  endfacet
  facet normal 3.308026e-15 -8.660254e-01 5.000000e-01
    outer loop
      vertex   7.787242e+01 3.656060e+00 6.806202e+00
      vertex   7.840138e+01 3.507872e+00 6.549532e+00
      vertex   7.833285e+01 3.551233e+00 6.624636e+00
    endloop
  endfacet
  facet normal -6.172873e-15 -8.660254e-01 5.000000e-01
    outer loop
      vertex   7.833285e+01 3.551233e+00 6.624636e+00
      vertex   7.825516e+01 3.588596e+00 6.689351e+00
      vertex   7.787242e+01 3.656060e+00 6.806202e+00
    endloop
  endfacet
  facet normal -6.155156e-15 -8.660254e-01 5.000000e-01
    outer loop
      vertex   7.787242e+01 3.656060e+00 6.806202e+00
      vertex   7.825516e+01 3.588596e+00 6.689351e+00
      vertex   7.816233e+01 3.616044e+00 6.736893e+00
    endloop
  endfacet
  facet normal 1.784895e-15 -8.660254e-01 5.000000e-01
    outer loop
      vertex   7.787242e+01 3.656060e+00 6.806202e+00
      vertex   7.816233e+01 3.616044e+00 6.736893e+00
      vertex   7.806049e+01 3.637592e+00 6.774214e+00
    endloop
  endfacet
  facet normal -1.532746e-16 -8.660254e-01 5.000000e-01
    outer loop
      vertex   7.629923e+01 2.623523e+00 5.017795e+00
      vertex   7.629806e+01 1.764041e+00 3.529129e+00
      vertex   7.745543e+01 2.623131e+00 5.017116e+00
    endloop
  endfacet
  facet normal -5.450072e-17 -8.660254e-01 5.000000e-01
    outer loop
      vertex   7.745543e+01 2.623131e+00 5.017116e+00
      vertex   7.629806e+01 1.764041e+00 3.529129e+00
      vertex   7.754295e+01 1.763619e+00 3.528398e+00
    endloop
  endfacet
  facet normal -3.441667e-15 -8.660254e-01 5.000000e-01
    outer loop
      vertex   7.745543e+01 2.623131e+00 5.017116e+00
      vertex   7.754295e+01 1.763619e+00 3.528398e+00
      vertex   7.764027e+01 2.621661e+00 5.014571e+00
    endloop
  endfacet
  facet normal 2.120970e-17 -8.660254e-01 5.000000e-01
    outer loop
      vertex   7.764027e+01 2.621661e+00 5.014571e+00
      vertex   7.754295e+01 1.763619e+00 3.528398e+00
      vertex   7.872702e+01 2.192959e+00 4.272036e+00
    endloop
  endfacet
  facet normal 4.592432e-15 -8.660254e-01 5.000000e-01
    outer loop
      vertex   7.764027e+01 2.621661e+00 5.014571e+00
      vertex   7.872702e+01 2.192959e+00 4.272036e+00
      vertex   7.871721e+01 2.257401e+00 4.383653e+00
    endloop
  endfacet
  facet normal 1.289042e-15 -8.660254e-01 5.000000e-01
    outer loop
      vertex   7.872702e+01 2.192959e+00 4.272036e+00
      vertex   7.754295e+01 1.763619e+00 3.528398e+00
      vertex   7.872025e+01 2.137947e+00 4.176753e+00
    endloop
  endfacet
  facet normal -1.469999e-15 -8.660254e-01 5.000000e-01
    outer loop
      vertex   7.872025e+01 2.137947e+00 4.176753e+00
      vertex   7.754295e+01 1.763619e+00 3.528398e+00
      vertex   7.765585e+01 1.763703e+00 3.528543e+00
    endloop
  endfacet
  facet normal 2.387710e-15 -8.660254e-01 5.000000e-01
    outer loop
      vertex   7.872025e+01 2.137947e+00 4.176753e+00
      vertex   7.765585e+01 1.763703e+00 3.528543e+00
      vertex   7.870388e+01 2.084082e+00 4.083456e+00
    endloop
  endfacet
  facet normal -1.374240e-15 -8.660254e-01 5.000000e-01
    outer loop
      vertex   7.870388e+01 2.084082e+00 4.083456e+00
      vertex   7.765585e+01 1.763703e+00 3.528543e+00
      vertex   7.867099e+01 2.032192e+00 3.993581e+00
    endloop
  endfacet
  facet normal 2.720897e-15 -8.660254e-01 5.000000e-01
    outer loop
      vertex   7.867099e+01 2.032192e+00 3.993581e+00
      vertex   7.765585e+01 1.763703e+00 3.528543e+00
      vertex   7.776858e+01 1.765160e+00 3.531067e+00
    endloop
  endfacet
  facet normal -6.969361e-16 -8.660254e-01 5.000000e-01
    outer loop
      vertex   7.867099e+01 2.032192e+00 3.993581e+00
      vertex   7.776858e+01 1.765160e+00 3.531067e+00
      vertex   7.788100e+01 1.769252e+00 3.538154e+00
    endloop
  endfacet
  facet normal 1.231494e-16 -8.660254e-01 5.000000e-01
    outer loop
      vertex   7.799317e+01 1.775404e+00 3.548810e+00
      vertex   7.857693e+01 1.941368e+00 3.836268e+00
      vertex   7.788100e+01 1.769252e+00 3.538154e+00
    endloop
  endfacet
  facet normal 1.384694e-17 -8.660254e-01 5.000000e-01
    outer loop
      vertex   7.788100e+01 1.769252e+00 3.538154e+00
      vertex   7.857693e+01 1.941368e+00 3.836268e+00
      vertex   7.862783e+01 1.981533e+00 3.905836e+00
    endloop
  endfacet
  facet normal 9.855262e-17 -8.660254e-01 5.000000e-01
    outer loop
      vertex   7.788100e+01 1.769252e+00 3.538154e+00
      vertex   7.862783e+01 1.981533e+00 3.905836e+00
      vertex   7.867099e+01 2.032192e+00 3.993581e+00
    endloop
  endfacet
  facet normal 4.986193e-15 -8.660254e-01 5.000000e-01
    outer loop
      vertex   7.799317e+01 1.775404e+00 3.548810e+00
      vertex   7.809312e+01 1.786320e+00 3.567718e+00
      vertex   7.857693e+01 1.941368e+00 3.836268e+00
    endloop
  endfacet
  facet normal -7.163573e-15 -8.660254e-01 5.000000e-01
    outer loop
      vertex   7.857693e+01 1.941368e+00 3.836268e+00
      vertex   7.809312e+01 1.786320e+00 3.567718e+00
      vertex   7.819076e+01 1.800423e+00 3.592144e+00
    endloop
  endfacet
  facet normal -9.664889e-15 -8.660254e-01 5.000000e-01
    outer loop
      vertex   7.857693e+01 1.941368e+00 3.836268e+00
      vertex   7.819076e+01 1.800423e+00 3.592144e+00
      vertex   7.828432e+01 1.820145e+00 3.626305e+00
    endloop
  endfacet
  facet normal 1.379790e-14 -8.660254e-01 5.000000e-01
    outer loop
      vertex   7.837525e+01 1.843487e+00 3.666734e+00
      vertex   7.845088e+01 1.872238e+00 3.716532e+00
      vertex   7.828432e+01 1.820145e+00 3.626305e+00
    endloop
  endfacet
  facet normal 2.696669e-14 -8.660254e-01 5.000000e-01
    outer loop
      vertex   7.828432e+01 1.820145e+00 3.626305e+00
      vertex   7.845088e+01 1.872238e+00 3.716532e+00
      vertex   7.851952e+01 1.904212e+00 3.771913e+00
    endloop
  endfacet
  facet normal -2.258615e-15 -8.660254e-01 5.000000e-01
    outer loop
      vertex   7.828432e+01 1.820145e+00 3.626305e+00
      vertex   7.851952e+01 1.904212e+00 3.771913e+00
      vertex   7.857693e+01 1.941368e+00 3.836268e+00
    endloop
  endfacet
  facet normal -3.814474e-16 -8.660254e-01 5.000000e-01
    outer loop
      vertex   7.871721e+01 2.257401e+00 4.383653e+00
      vertex   7.869357e+01 2.319765e+00 4.491672e+00
      vertex   7.764027e+01 2.621661e+00 5.014571e+00
    endloop
  endfacet
  facet normal -7.907424e-16 -8.660254e-01 5.000000e-01
    outer loop
      vertex   7.764027e+01 2.621661e+00 5.014571e+00
      vertex   7.869357e+01 2.319765e+00 4.491672e+00
      vertex   7.782393e+01 2.615594e+00 5.004062e+00
    endloop
  endfacet
  facet normal 5.472379e-16 -8.660254e-01 5.000000e-01
    outer loop
      vertex   7.782393e+01 2.615594e+00 5.004062e+00
      vertex   7.869357e+01 2.319765e+00 4.491672e+00
      vertex   7.864619e+01 2.378568e+00 4.593520e+00
    endloop
  endfacet
  facet normal 6.569301e-15 -8.660254e-01 5.000000e-01
    outer loop
      vertex   7.782393e+01 2.615594e+00 5.004062e+00
      vertex   7.864619e+01 2.378568e+00 4.593520e+00
      vertex   7.800538e+01 2.600976e+00 4.978743e+00
    endloop
  endfacet
  facet normal -2.855890e-15 -8.660254e-01 5.000000e-01
    outer loop
      vertex   7.800538e+01 2.600976e+00 4.978743e+00
      vertex   7.864619e+01 2.378568e+00 4.593520e+00
      vertex   7.818525e+01 2.580250e+00 4.942845e+00
    endloop
  endfacet
  facet normal 2.503680e-15 -8.660254e-01 5.000000e-01
    outer loop
      vertex   7.818525e+01 2.580250e+00 4.942845e+00
      vertex   7.864619e+01 2.378568e+00 4.593520e+00
      vertex   7.830197e+01 2.555596e+00 4.900143e+00
    endloop
  endfacet
  facet normal 1.801800e-15 -8.660254e-01 5.000000e-01
    outer loop
      vertex   7.830197e+01 2.555596e+00 4.900143e+00
      vertex   7.864619e+01 2.378568e+00 4.593520e+00
      vertex   7.858410e+01 2.435163e+00 4.691546e+00
    endloop
  endfacet
  facet normal 1.478085e-14 -8.660254e-01 5.000000e-01
    outer loop
      vertex   7.830197e+01 2.555596e+00 4.900143e+00
      vertex   7.858410e+01 2.435163e+00 4.691546e+00
      vertex   7.850155e+01 2.483158e+00 4.774677e+00
    endloop
  endfacet
  facet normal -5.618891e-15 -8.660254e-01 5.000000e-01
    outer loop
      vertex   7.850155e+01 2.483158e+00 4.774677e+00
      vertex   7.840952e+01 2.524680e+00 4.846595e+00
      vertex   7.830197e+01 2.555596e+00 4.900143e+00
    endloop
  endfacet
  facet normal 1.000000e+00 0.000000e+00 0.000000e+00
    outer loop
      vertex   8.000000e+00 2.490000e+02 0.000000e+00
      vertex   8.000000e+00 -1.232595e-31 0.000000e+00
      vertex   8.000000e+00 2.490000e+02 -5.000000e+00
    endloop
  endfacet
  facet normal 1.000000e+00 0.000000e+00 0.000000e+00
    outer loop
      vertex   8.000000e+00 2.490000e+02 -5.000000e+00
      vertex   8.000000e+00 -1.232595e-31 0.000000e+00
      vertex   8.000000e+00 0.000000e+00 -5.000000e+00
    endloop
  endfacet
  facet normal 0.000000e+00 0.000000e+00 -1.000000e+00
    outer loop
      vertex   0.000000e+00 2.490000e+02 -5.000000e+00
      vertex   8.000000e+00 2.490000e+02 -5.000000e+00
      vertex   0.000000e+00 0.000000e+00 -5.000000e+00
    endloop
  endfacet
  facet normal 0.000000e+00 0.000000e+00 -1.000000e+00
    outer loop
      vertex   0.000000e+00 0.000000e+00 -5.000000e+00
      vertex   8.000000e+00 2.490000e+02 -5.000000e+00
      vertex   8.000000e+00 0.000000e+00 -5.000000e+00
    endloop
  endfacet
  facet normal 1.000000e+00 0.000000e+00 0.000000e+00
    outer loop
      vertex   2.480000e+02 2.490000e+02 0.000000e+00
      vertex   2.480000e+02 1.972152e-30 0.000000e+00
      vertex   2.480000e+02 2.490000e+02 -5.000000e+00
    endloop
  endfacet
  facet normal 1.000000e+00 0.000000e+00 0.000000e+00
    outer loop
      vertex   2.480000e+02 2.490000e+02 -5.000000e+00
      vertex   2.480000e+02 1.972152e-30 0.000000e+00
      vertex   2.480000e+02 0.000000e+00 -5.000000e+00
    endloop
  endfacet
  facet normal -1.000000e+00 0.000000e+00 0.000000e+00
    outer loop
      vertex   2.400000e+02 0.000000e+00 0.000000e+00
      vertex   2.400000e+02 2.490000e+02 0.000000e+00
      vertex   2.400000e+02 0.000000e+00 -5.000000e+00
    endloop
  endfacet
  facet normal -1.000000e+00 0.000000e+00 0.000000e+00
    outer loop
      vertex   2.400000e+02 0.000000e+00 -5.000000e+00
      vertex   2.400000e+02 2.490000e+02 0.000000e+00
      vertex   2.400000e+02 2.490000e+02 -5.000000e+00
    endloop
  endfacet
  facet normal 0.000000e+00 0.000000e+00 -1.000000e+00
    outer loop
      vertex   2.400000e+02 2.490000e+02 -5.000000e+00
      vertex   2.480000e+02 2.490000e+02 -5.000000e+00
      vertex   2.400000e+02 0.000000e+00 -5.000000e+00
    endloop
  endfacet
  facet normal 0.000000e+00 0.000000e+00 -1.000000e+00
    outer loop
      vertex   2.400000e+02 0.000000e+00 -5.000000e+00
      vertex   2.480000e+02 2.490000e+02 -5.000000e+00
      vertex   2.480000e+02 0.000000e+00 -5.000000e+00
    endloop
  endfacet
  facet normal 0.000000e+00 0.000000e+00 -1.000000e+00
    outer loop
      vertex   8.000000e+00 2.490000e+02 0.000000e+00
      vertex   1.230000e+01 1.071000e+02 0.000000e+00
      vertex   8.000000e+00 -1.232595e-31 0.000000e+00
    endloop
  endfacet
  facet normal 0.000000e+00 0.000000e+00 -1.000000e+00
    outer loop
      vertex   8.000000e+00 -1.232595e-31 0.000000e+00
      vertex   1.230000e+01 1.071000e+02 0.000000e+00
      vertex   1.230000e+01 9.480000e+01 0.000000e+00
    endloop
  endfacet
  facet normal 0.000000e+00 0.000000e+00 -1.000000e+00
    outer loop
      vertex   8.000000e+00 -1.232595e-31 0.000000e+00
      vertex   1.230000e+01 9.480000e+01 0.000000e+00
      vertex   1.230000e+01 5.980000e+01 0.000000e+00
    endloop
  endfacet
  facet normal -0.000000e+00 0.000000e+00 -1.000000e+00
    outer loop
      vertex   2.400000e+02 2.490000e+02 0.000000e+00
      vertex   1.071000e+02 2.367000e+02 0.000000e+00
      vertex   8.000000e+00 2.490000e+02 0.000000e+00
    endloop
  endfacet
  facet normal 0.000000e+00 0.000000e+00 -1.000000e+00
    outer loop
      vertex   8.000000e+00 2.490000e+02 0.000000e+00
      vertex   1.071000e+02 2.367000e+02 0.000000e+00
      vertex   9.480000e+01 2.367000e+02 0.000000e+00
    endloop
  endfacet
  facet normal 0.000000e+00 0.000000e+00 -1.000000e+00
    outer loop
      vertex   8.000000e+00 2.490000e+02 0.000000e+00
      vertex   9.480000e+01 2.367000e+02 0.000000e+00
      vertex   5.980000e+01 2.367000e+02 0.000000e+00
    endloop
  endfacet
  facet normal 0.000000e+00 0.000000e+00 -1.000000e+00
    outer loop
      vertex   2.400000e+02 0.000000e+00 0.000000e+00
      vertex   2.367000e+02 1.071000e+02 0.000000e+00
      vertex   2.400000e+02 2.490000e+02 0.000000e+00
    endloop
  endfacet
  facet normal 0.000000e+00 0.000000e+00 -1.000000e+00
    outer loop
      vertex   2.400000e+02 2.490000e+02 0.000000e+00
      vertex   2.367000e+02 1.071000e+02 0.000000e+00
      vertex   2.367000e+02 1.421000e+02 0.000000e+00
    endloop
  endfacet
  facet normal 0.000000e+00 0.000000e+00 -1.000000e+00
    outer loop
      vertex   2.400000e+02 2.490000e+02 0.000000e+00
      vertex   2.367000e+02 1.421000e+02 0.000000e+00
      vertex   2.367000e+02 1.544000e+02 0.000000e+00
    endloop
  endfacet
  facet normal 0.000000e+00 -0.000000e+00 -1.000000e+00
    outer loop
      vertex   2.367000e+02 1.544000e+02 0.000000e+00
      vertex   2.367000e+02 1.421000e+02 0.000000e+00
      vertex   2.017000e+02 1.421000e+02 0.000000e+00
    endloop
  endfacet
  facet normal -0.000000e+00 0.000000e+00 -1.000000e+00
    outer loop
      vertex   2.367000e+02 1.544000e+02 0.000000e+00
      vertex   2.017000e+02 1.421000e+02 0.000000e+00
      vertex   2.017000e+02 1.544000e+02 0.000000e+00
    endloop
  endfacet
  facet normal 0.000000e+00 -0.000000e+00 -1.000000e+00
    outer loop
      vertex   2.017000e+02 1.544000e+02 0.000000e+00
      vertex   2.017000e+02 1.421000e+02 0.000000e+00
      vertex   1.894000e+02 1.421000e+02 0.000000e+00
    endloop
  endfacet
  facet normal -0.000000e+00 0.000000e+00 -1.000000e+00
    outer loop
      vertex   2.017000e+02 1.544000e+02 0.000000e+00
      vertex   1.894000e+02 1.421000e+02 0.000000e+00
      vertex   1.894000e+02 1.544000e+02 0.000000e+00
    endloop
  endfacet
  facet normal 0.000000e+00 -0.000000e+00 -1.000000e+00
    outer loop
      vertex   1.894000e+02 1.544000e+02 0.000000e+00
      vertex   1.894000e+02 1.421000e+02 0.000000e+00
      vertex   1.544000e+02 1.421000e+02 0.000000e+00
    endloop
  endfacet
  facet normal -0.000000e+00 0.000000e+00 -1.000000e+00
    outer loop
      vertex   1.894000e+02 1.544000e+02 0.000000e+00
      vertex   1.544000e+02 1.421000e+02 0.000000e+00
      vertex   1.544000e+02 1.544000e+02 0.000000e+00
    endloop
  endfacet
  facet normal 0.000000e+00 -0.000000e+00 -1.000000e+00
    outer loop
      vertex   1.544000e+02 1.544000e+02 0.000000e+00
      vertex   1.544000e+02 1.421000e+02 0.000000e+00
      vertex   1.421000e+02 1.421000e+02 0.000000e+00
    endloop
  endfacet
  facet normal -0.000000e+00 0.000000e+00 -1.000000e+00
    outer loop
      vertex   1.544000e+02 1.544000e+02 0.000000e+00
      vertex   1.421000e+02 1.421000e+02 0.000000e+00
      vertex   1.421000e+02 1.544000e+02 0.000000e+00
    endloop
  endfacet
  facet normal 0.000000e+00 -0.000000e+00 -1.000000e+00
    outer loop
      vertex   1.421000e+02 1.544000e+02 0.000000e+00
      vertex   1.421000e+02 1.421000e+02 0.000000e+00
      vertex   1.071000e+02 1.421000e+02 0.000000e+00
    endloop
  endfacet
  facet normal -0.000000e+00 0.000000e+00 -1.000000e+00
    outer loop
      vertex   1.421000e+02 1.544000e+02 0.000000e+00
      vertex   1.071000e+02 1.421000e+02 0.000000e+00
      vertex   1.071000e+02 1.544000e+02 0.000000e+00
    endloop
  endfacet
  facet normal 0.000000e+00 -0.000000e+00 -1.000000e+00
    outer loop
      vertex   1.071000e+02 1.544000e+02 0.000000e+00
      vertex   1.071000e+02 1.421000e+02 0.000000e+00
      vertex   9.480000e+01 1.421000e+02 0.000000e+00
    endloop
  endfacet
  facet normal -0.000000e+00 0.000000e+00 -1.000000e+00
    outer loop
      vertex   1.071000e+02 1.544000e+02 0.000000e+00
      vertex   9.480000e+01 1.421000e+02 0.000000e+00
      vertex   9.480000e+01 1.544000e+02 0.000000e+00
    endloop
  endfacet
  facet normal 0.000000e+00 -0.000000e+00 -1.000000e+00
    outer loop
      vertex   9.480000e+01 1.544000e+02 0.000000e+00
      vertex   9.480000e+01 1.421000e+02 0.000000e+00
      vertex   5.980000e+01 1.421000e+02 0.000000e+00
    endloop
  endfacet
  facet normal -0.000000e+00 0.000000e+00 -1.000000e+00
    outer loop
      vertex   9.480000e+01 1.544000e+02 0.000000e+00
      vertex   5.980000e+01 1.421000e+02 0.000000e+00
      vertex   5.980000e+01 1.544000e+02 0.000000e+00
    endloop
  endfacet
  facet normal 0.000000e+00 -0.000000e+00 -1.000000e+00
    outer loop
      vertex   5.980000e+01 1.544000e+02 0.000000e+00
      vertex   5.980000e+01 1.421000e+02 0.000000e+00
      vertex   4.750000e+01 1.421000e+02 0.000000e+00
    endloop
  endfacet
  facet normal -0.000000e+00 0.000000e+00 -1.000000e+00
    outer loop
      vertex   5.980000e+01 1.544000e+02 0.000000e+00
      vertex   4.750000e+01 1.421000e+02 0.000000e+00
      vertex   4.750000e+01 1.544000e+02 0.000000e+00
    endloop
  endfacet
  facet normal 0.000000e+00 -0.000000e+00 -1.000000e+00
    outer loop
      vertex   4.750000e+01 1.544000e+02 0.000000e+00
      vertex   4.750000e+01 1.421000e+02 0.000000e+00
      vertex   1.230000e+01 1.421000e+02 0.000000e+00
    endloop
  endfacet
  facet normal -0.000000e+00 0.000000e+00 -1.000000e+00
    outer loop
      vertex   4.750000e+01 1.544000e+02 0.000000e+00
      vertex   1.230000e+01 1.421000e+02 0.000000e+00
      vertex   1.230000e+01 1.544000e+02 0.000000e+00
    endloop
  endfacet
  facet normal -0.000000e+00 -0.000000e+00 -1.000000e+00
    outer loop
      vertex   1.230000e+01 1.544000e+02 0.000000e+00
      vertex   1.230000e+01 1.421000e+02 0.000000e+00
      vertex   8.000000e+00 2.490000e+02 0.000000e+00
    endloop
  endfacet
  facet normal 0.000000e+00 0.000000e+00 -1.000000e+00
    outer loop
      vertex   1.230000e+01 1.544000e+02 0.000000e+00
      vertex   8.000000e+00 2.490000e+02 0.000000e+00
      vertex   1.230000e+01 1.894000e+02 0.000000e+00
    endloop
  endfacet
  facet normal 0.000000e+00 0.000000e+00 -1.000000e+00
    outer loop
      vertex   1.230000e+01 1.894000e+02 0.000000e+00
      vertex   8.000000e+00 2.490000e+02 0.000000e+00
      vertex   1.230000e+01 2.017000e+02 0.000000e+00
    endloop
  endfacet
  facet normal 0.000000e+00 0.000000e+00 -1.000000e+00
    outer loop
      vertex   1.230000e+01 1.894000e+02 0.000000e+00
      vertex   1.230000e+01 2.017000e+02 0.000000e+00
      vertex   4.750000e+01 2.017000e+02 0.000000e+00
    endloop
  endfacet
  facet normal 0.000000e+00 0.000000e+00 -1.000000e+00
    outer loop
      vertex   8.000000e+00 -1.232595e-31 0.000000e+00
      vertex   1.071000e+02 1.230000e+01 0.000000e+00
      vertex   2.400000e+02 0.000000e+00 0.000000e+00
    endloop
  endfacet
  facet normal 0.000000e+00 0.000000e+00 -1.000000e+00
    outer loop
      vertex   2.400000e+02 0.000000e+00 0.000000e+00
      vertex   1.071000e+02 1.230000e+01 0.000000e+00
      vertex   1.421000e+02 1.230000e+01 0.000000e+00
    endloop
  endfacet
  facet normal 0.000000e+00 0.000000e+00 -1.000000e+00
    outer loop
      vertex   2.400000e+02 0.000000e+00 0.000000e+00
      vertex   1.421000e+02 1.230000e+01 0.000000e+00
      vertex   1.544000e+02 1.230000e+01 0.000000e+00
    endloop
  endfacet
  facet normal -0.000000e+00 0.000000e+00 -1.000000e+00
    outer loop
      vertex   1.544000e+02 1.230000e+01 0.000000e+00
      vertex   1.421000e+02 1.230000e+01 0.000000e+00
      vertex   1.544000e+02 4.750000e+01 0.000000e+00
    endloop
  endfacet
  facet normal -0.000000e+00 0.000000e+00 -1.000000e+00
    outer loop
      vertex   1.544000e+02 4.750000e+01 0.000000e+00
      vertex   1.421000e+02 1.230000e+01 0.000000e+00
      vertex   1.421000e+02 4.750000e+01 0.000000e+00
    endloop
  endfacet
  facet normal 0.000000e+00 0.000000e+00 -1.000000e+00
    outer loop
      vertex   1.544000e+02 4.750000e+01 0.000000e+00
      vertex   1.421000e+02 4.750000e+01 0.000000e+00
      vertex   1.544000e+02 5.980000e+01 0.000000e+00
    endloop
  endfacet
  facet normal -0.000000e+00 0.000000e+00 -1.000000e+00
    outer loop
      vertex   1.544000e+02 5.980000e+01 0.000000e+00
      vertex   1.421000e+02 4.750000e+01 0.000000e+00
      vertex   1.421000e+02 5.980000e+01 0.000000e+00
    endloop
  endfacet
  facet normal 0.000000e+00 0.000000e+00 -1.000000e+00
    outer loop
      vertex   1.544000e+02 5.980000e+01 0.000000e+00
      vertex   1.421000e+02 5.980000e+01 0.000000e+00
      vertex   1.544000e+02 9.480000e+01 0.000000e+00
    endloop
  endfacet
  facet normal -0.000000e+00 0.000000e+00 -1.000000e+00
    outer loop
      vertex   1.544000e+02 9.480000e+01 0.000000e+00
      vertex   1.421000e+02 5.980000e+01 0.000000e+00
      vertex   1.421000e+02 9.480000e+01 0.000000e+00
    endloop
  endfacet
  facet normal 0.000000e+00 0.000000e+00 -1.000000e+00
    outer loop
      vertex   1.544000e+02 9.480000e+01 0.000000e+00
      vertex   1.421000e+02 9.480000e+01 0.000000e+00
      vertex   1.544000e+02 1.071000e+02 0.000000e+00
    endloop
  endfacet
  facet normal -0.000000e+00 0.000000e+00 -1.000000e+00
    outer loop
      vertex   1.544000e+02 1.071000e+02 0.000000e+00
      vertex   1.421000e+02 9.480000e+01 0.000000e+00
      vertex   1.421000e+02 1.071000e+02 0.000000e+00
    endloop
  endfacet
  facet normal 0.000000e+00 0.000000e+00 -1.000000e+00
    outer loop
      vertex   1.544000e+02 1.071000e+02 0.000000e+00
      vertex   1.421000e+02 1.071000e+02 0.000000e+00
      vertex   1.544000e+02 1.421000e+02 0.000000e+00
    endloop
  endfacet
  facet normal -0.000000e+00 0.000000e+00 -1.000000e+00
    outer loop
      vertex   1.544000e+02 1.421000e+02 0.000000e+00
      vertex   1.421000e+02 1.071000e+02 0.000000e+00
      vertex   1.421000e+02 1.421000e+02 0.000000e+00
    endloop
  endfacet
  facet normal 0.000000e+00 0.000000e+00 -1.000000e+00
    outer loop
      vertex   4.750000e+01 2.367000e+02 0.000000e+00
      vertex   5.980000e+01 2.112263e+02 0.000000e+00
      vertex   4.750000e+01 2.017000e+02 0.000000e+00
    endloop
  endfacet
  facet normal 0.000000e+00 0.000000e+00 -1.000000e+00
    outer loop
      vertex   4.750000e+01 2.017000e+02 0.000000e+00
      vertex   5.980000e+01 2.112263e+02 0.000000e+00
      vertex   6.007350e+01 2.107526e+02 0.000000e+00
    endloop
  endfacet
  facet normal 0.000000e+00 0.000000e+00 -1.000000e+00
    outer loop
      vertex   4.750000e+01 2.017000e+02 0.000000e+00
      vertex   6.007350e+01 2.107526e+02 0.000000e+00
      vertex   6.007350e+01 2.019735e+02 0.000000e+00
    endloop
  endfacet
  facet normal 0.000000e+00 0.000000e+00 -1.000000e+00
    outer loop
      vertex   1.230000e+01 2.367000e+02 0.000000e+00
      vertex   8.000000e+00 2.490000e+02 0.000000e+00
      vertex   4.750000e+01 2.367000e+02 0.000000e+00
    endloop
  endfacet
  facet normal 0.000000e+00 0.000000e+00 -1.000000e+00
    outer loop
      vertex   4.750000e+01 2.367000e+02 0.000000e+00
      vertex   8.000000e+00 2.490000e+02 0.000000e+00
      vertex   5.980000e+01 2.367000e+02 0.000000e+00
    endloop
  endfacet
  facet normal 0.000000e+00 0.000000e+00 -1.000000e+00
    outer loop
      vertex   4.750000e+01 2.367000e+02 0.000000e+00
      vertex   5.980000e+01 2.367000e+02 0.000000e+00
      vertex   5.980000e+01 2.112263e+02 0.000000e+00
    endloop
  endfacet
  facet normal -0.000000e+00 -0.000000e+00 -1.000000e+00
    outer loop
      vertex   1.230000e+01 2.367000e+02 0.000000e+00
      vertex   1.230000e+01 2.017000e+02 0.000000e+00
      vertex   8.000000e+00 2.490000e+02 0.000000e+00
    endloop
  endfacet
  facet normal 0.000000e+00 0.000000e+00 -1.000000e+00
    outer loop
      vertex   2.367000e+02 2.367000e+02 0.000000e+00
      vertex   2.400000e+02 2.490000e+02 0.000000e+00
      vertex   2.367000e+02 2.017000e+02 0.000000e+00
    endloop
  endfacet
  facet normal 0.000000e+00 0.000000e+00 -1.000000e+00
    outer loop
      vertex   2.367000e+02 2.017000e+02 0.000000e+00
      vertex   2.400000e+02 2.490000e+02 0.000000e+00
      vertex   2.367000e+02 1.894000e+02 0.000000e+00
    endloop
  endfacet
  facet normal 0.000000e+00 -0.000000e+00 -1.000000e+00
    outer loop
      vertex   2.367000e+02 2.017000e+02 0.000000e+00
      vertex   2.367000e+02 1.894000e+02 0.000000e+00
      vertex   2.017000e+02 1.894000e+02 0.000000e+00
    endloop
  endfacet
  facet normal 0.000000e+00 0.000000e+00 -1.000000e+00
    outer loop
      vertex   2.367000e+02 2.367000e+02 0.000000e+00
      vertex   2.017000e+02 2.367000e+02 0.000000e+00
      vertex   2.400000e+02 2.490000e+02 0.000000e+00
    endloop
  endfacet
  facet normal 0.000000e+00 0.000000e+00 -1.000000e+00
    outer loop
      vertex   2.400000e+02 2.490000e+02 0.000000e+00
      vertex   2.017000e+02 2.367000e+02 0.000000e+00
      vertex   1.894000e+02 2.367000e+02 0.000000e+00
    endloop
  endfacet
  facet normal 0.000000e+00 0.000000e+00 -1.000000e+00
    outer loop
      vertex   2.400000e+02 2.490000e+02 0.000000e+00
      vertex   1.894000e+02 2.367000e+02 0.000000e+00
      vertex   1.544000e+02 2.367000e+02 0.000000e+00
    endloop
  endfacet
  facet normal 0.000000e+00 0.000000e+00 -1.000000e+00
    outer loop
      vertex   1.894000e+02 2.367000e+02 0.000000e+00
      vertex   2.017000e+02 2.367000e+02 0.000000e+00
      vertex   1.894000e+02 2.017000e+02 0.000000e+00
    endloop
  endfacet
  facet normal 0.000000e+00 0.000000e+00 -1.000000e+00
    outer loop
      vertex   1.894000e+02 2.017000e+02 0.000000e+00
      vertex   2.017000e+02 2.367000e+02 0.000000e+00
      vertex   2.017000e+02 2.017000e+02 0.000000e+00
    endloop
  endfacet
  facet normal 0.000000e+00 0.000000e+00 -1.000000e+00
    outer loop
      vertex   1.894000e+02 2.017000e+02 0.000000e+00
      vertex   2.017000e+02 2.017000e+02 0.000000e+00
      vertex   1.894000e+02 1.894000e+02 0.000000e+00
    endloop
  endfacet
  facet normal 0.000000e+00 0.000000e+00 -1.000000e+00
    outer loop
      vertex   1.894000e+02 1.894000e+02 0.000000e+00
      vertex   2.017000e+02 2.017000e+02 0.000000e+00
      vertex   2.017000e+02 1.894000e+02 0.000000e+00
    endloop
  endfacet
  facet normal 0.000000e+00 0.000000e+00 -1.000000e+00
    outer loop
      vertex   1.894000e+02 1.894000e+02 0.000000e+00
      vertex   2.017000e+02 1.894000e+02 0.000000e+00
      vertex   1.894000e+02 1.544000e+02 0.000000e+00
    endloop
  endfacet
  facet normal 0.000000e+00 0.000000e+00 -1.000000e+00
    outer loop
      vertex   1.894000e+02 1.544000e+02 0.000000e+00
      vertex   2.017000e+02 1.894000e+02 0.000000e+00
      vertex   2.017000e+02 1.544000e+02 0.000000e+00
    endloop
  endfacet
  facet normal 0.000000e+00 0.000000e+00 -1.000000e+00
    outer loop
      vertex   2.017000e+02 2.017000e+02 0.000000e+00
      vertex   2.367000e+02 2.017000e+02 0.000000e+00
      vertex   2.017000e+02 1.894000e+02 0.000000e+00
    endloop
  endfacet
  facet normal -0.000000e+00 -0.000000e+00 -1.000000e+00
    outer loop
      vertex   6.514209e+01 2.019735e+02 0.000000e+00
      vertex   6.530000e+01 2.017000e+02 0.000000e+00
      vertex   6.007350e+01 2.019735e+02 0.000000e+00
    endloop
  endfacet
  facet normal 0.000000e+00 -0.000000e+00 -1.000000e+00
    outer loop
      vertex   6.007350e+01 2.019735e+02 0.000000e+00
      vertex   6.530000e+01 2.017000e+02 0.000000e+00
      vertex   5.980000e+01 1.894000e+02 0.000000e+00
    endloop
  endfacet
  facet normal 0.000000e+00 0.000000e+00 -1.000000e+00
    outer loop
      vertex   6.007350e+01 2.019735e+02 0.000000e+00
      vertex   5.980000e+01 1.894000e+02 0.000000e+00
      vertex   4.750000e+01 2.017000e+02 0.000000e+00
    endloop
  endfacet
  facet normal 0.000000e+00 0.000000e+00 -1.000000e+00
    outer loop
      vertex   4.750000e+01 2.017000e+02 0.000000e+00
      vertex   5.980000e+01 1.894000e+02 0.000000e+00
      vertex   4.750000e+01 1.894000e+02 0.000000e+00
    endloop
  endfacet
  facet normal 0.000000e+00 -0.000000e+00 -1.000000e+00
    outer loop
      vertex   4.750000e+01 2.017000e+02 0.000000e+00
      vertex   4.750000e+01 1.894000e+02 0.000000e+00
      vertex   1.230000e+01 1.894000e+02 0.000000e+00
    endloop
  endfacet
  facet normal 0.000000e+00 0.000000e+00 -1.000000e+00
    outer loop
      vertex   5.980000e+01 1.894000e+02 0.000000e+00
      vertex   6.530000e+01 2.017000e+02 0.000000e+00
      vertex   9.480000e+01 1.894000e+02 0.000000e+00
    endloop
  endfacet
  facet normal 0.000000e+00 0.000000e+00 -1.000000e+00
    outer loop
      vertex   9.480000e+01 1.894000e+02 0.000000e+00
      vertex   6.530000e+01 2.017000e+02 0.000000e+00
      vertex   9.480000e+01 2.017000e+02 0.000000e+00
    endloop
  endfacet
  facet normal 0.000000e+00 0.000000e+00 -1.000000e+00
    outer loop
      vertex   9.480000e+01 1.894000e+02 0.000000e+00
      vertex   9.480000e+01 2.017000e+02 0.000000e+00
      vertex   1.071000e+02 2.017000e+02 0.000000e+00
    endloop
  endfacet
  facet normal 0.000000e+00 0.000000e+00 -1.000000e+00
    outer loop
      vertex   1.071000e+02 2.017000e+02 0.000000e+00
      vertex   9.480000e+01 2.017000e+02 0.000000e+00
      vertex   1.071000e+02 2.367000e+02 0.000000e+00
    endloop
  endfacet
  facet normal -0.000000e+00 0.000000e+00 -1.000000e+00
    outer loop
      vertex   1.071000e+02 2.367000e+02 0.000000e+00
      vertex   9.480000e+01 2.017000e+02 0.000000e+00
      vertex   9.480000e+01 2.367000e+02 0.000000e+00
    endloop
  endfacet
  facet normal 0.000000e+00 0.000000e+00 -1.000000e+00
    outer loop
      vertex   9.480000e+01 1.894000e+02 0.000000e+00
      vertex   1.071000e+02 2.017000e+02 0.000000e+00
      vertex   1.071000e+02 1.894000e+02 0.000000e+00
    endloop
  endfacet
  facet normal 0.000000e+00 0.000000e+00 -1.000000e+00
    outer loop
      vertex   1.071000e+02 1.894000e+02 0.000000e+00
      vertex   1.071000e+02 2.017000e+02 0.000000e+00
      vertex   1.421000e+02 2.017000e+02 0.000000e+00
    endloop
  endfacet
  facet normal 0.000000e+00 0.000000e+00 -1.000000e+00
    outer loop
      vertex   1.071000e+02 1.894000e+02 0.000000e+00
      vertex   1.421000e+02 2.017000e+02 0.000000e+00
      vertex   1.421000e+02 1.894000e+02 0.000000e+00
    endloop
  endfacet
  facet normal 0.000000e+00 0.000000e+00 -1.000000e+00
    outer loop
      vertex   1.421000e+02 1.894000e+02 0.000000e+00
      vertex   1.421000e+02 2.017000e+02 0.000000e+00
      vertex   1.544000e+02 2.017000e+02 0.000000e+00
    endloop
  endfacet
  facet normal 0.000000e+00 0.000000e+00 -1.000000e+00
    outer loop
      vertex   1.421000e+02 1.894000e+02 0.000000e+00
      vertex   1.544000e+02 2.017000e+02 0.000000e+00
      vertex   1.544000e+02 1.894000e+02 0.000000e+00
    endloop
  endfacet
  facet normal 0.000000e+00 0.000000e+00 -1.000000e+00
    outer loop
      vertex   1.544000e+02 1.894000e+02 0.000000e+00
      vertex   1.544000e+02 2.017000e+02 0.000000e+00
      vertex   1.894000e+02 2.017000e+02 0.000000e+00
    endloop
  endfacet
  facet normal 0.000000e+00 0.000000e+00 -1.000000e+00
    outer loop
      vertex   1.544000e+02 1.894000e+02 0.000000e+00
      vertex   1.894000e+02 2.017000e+02 0.000000e+00
      vertex   1.894000e+02 1.894000e+02 0.000000e+00
    endloop
  endfacet
  facet normal 0.000000e+00 0.000000e+00 -1.000000e+00
    outer loop
      vertex   1.544000e+02 2.017000e+02 0.000000e+00
      vertex   1.421000e+02 2.017000e+02 0.000000e+00
      vertex   1.544000e+02 2.367000e+02 0.000000e+00
    endloop
  endfacet
  facet normal -0.000000e+00 0.000000e+00 -1.000000e+00
    outer loop
      vertex   1.544000e+02 2.367000e+02 0.000000e+00
      vertex   1.421000e+02 2.017000e+02 0.000000e+00
      vertex   1.421000e+02 2.367000e+02 0.000000e+00
    endloop
  endfacet
  facet normal 0.000000e+00 0.000000e+00 -1.000000e+00
    outer loop
      vertex   1.544000e+02 2.367000e+02 0.000000e+00
      vertex   1.421000e+02 2.367000e+02 0.000000e+00
      vertex   2.400000e+02 2.490000e+02 0.000000e+00
    endloop
  endfacet
  facet normal 0.000000e+00 0.000000e+00 -1.000000e+00
    outer loop
      vertex   2.400000e+02 2.490000e+02 0.000000e+00
      vertex   1.421000e+02 2.367000e+02 0.000000e+00
      vertex   1.071000e+02 2.367000e+02 0.000000e+00
    endloop
  endfacet
  facet normal 0.000000e+00 0.000000e+00 -1.000000e+00
    outer loop
      vertex   2.367000e+02 1.544000e+02 0.000000e+00
      vertex   2.367000e+02 1.894000e+02 0.000000e+00
      vertex   2.400000e+02 2.490000e+02 0.000000e+00
    endloop
  endfacet
  facet normal 0.000000e+00 0.000000e+00 -1.000000e+00
    outer loop
      vertex   9.480000e+01 1.894000e+02 0.000000e+00
      vertex   1.071000e+02 1.894000e+02 0.000000e+00
      vertex   9.480000e+01 1.544000e+02 0.000000e+00
    endloop
  endfacet
  facet normal 0.000000e+00 0.000000e+00 -1.000000e+00
    outer loop
      vertex   9.480000e+01 1.544000e+02 0.000000e+00
      vertex   1.071000e+02 1.894000e+02 0.000000e+00
      vertex   1.071000e+02 1.544000e+02 0.000000e+00
    endloop
  endfacet
  facet normal 0.000000e+00 0.000000e+00 -1.000000e+00
    outer loop
      vertex   1.544000e+02 1.544000e+02 0.000000e+00
      vertex   1.421000e+02 1.544000e+02 0.000000e+00
      vertex   1.544000e+02 1.894000e+02 0.000000e+00
    endloop
  endfacet
  facet normal -0.000000e+00 0.000000e+00 -1.000000e+00
    outer loop
      vertex   1.544000e+02 1.894000e+02 0.000000e+00
      vertex   1.421000e+02 1.544000e+02 0.000000e+00
      vertex   1.421000e+02 1.894000e+02 0.000000e+00
    endloop
  endfacet
  facet normal 0.000000e+00 0.000000e+00 -1.000000e+00
    outer loop
      vertex   1.421000e+02 4.750000e+01 0.000000e+00
      vertex   1.071000e+02 4.750000e+01 0.000000e+00
      vertex   1.421000e+02 5.980000e+01 0.000000e+00
    endloop
  endfacet
  facet normal -0.000000e+00 0.000000e+00 -1.000000e+00
    outer loop
      vertex   1.421000e+02 5.980000e+01 0.000000e+00
      vertex   1.071000e+02 4.750000e+01 0.000000e+00
      vertex   1.071000e+02 5.980000e+01 0.000000e+00
    endloop
  endfacet
  facet normal 0.000000e+00 -0.000000e+00 -1.000000e+00
    outer loop
      vertex   1.071000e+02 5.980000e+01 0.000000e+00
      vertex   1.071000e+02 4.750000e+01 0.000000e+00
      vertex   9.480000e+01 4.750000e+01 0.000000e+00
    endloop
  endfacet
  facet normal -0.000000e+00 0.000000e+00 -1.000000e+00
    outer loop
      vertex   1.071000e+02 5.980000e+01 0.000000e+00
      vertex   9.480000e+01 4.750000e+01 0.000000e+00
      vertex   9.480000e+01 5.980000e+01 0.000000e+00
    endloop
  endfacet
  facet normal 0.000000e+00 -0.000000e+00 -1.000000e+00
    outer loop
      vertex   9.480000e+01 5.980000e+01 0.000000e+00
      vertex   9.480000e+01 4.750000e+01 0.000000e+00
      vertex   5.980000e+01 4.750000e+01 0.000000e+00
    endloop
  endfacet
  facet normal -0.000000e+00 0.000000e+00 -1.000000e+00
    outer loop
      vertex   9.480000e+01 5.980000e+01 0.000000e+00
      vertex   5.980000e+01 4.750000e+01 0.000000e+00
      vertex   5.980000e+01 5.980000e+01 0.000000e+00
    endloop
  endfacet
  facet normal 0.000000e+00 -0.000000e+00 -1.000000e+00
    outer loop
      vertex   5.980000e+01 5.980000e+01 0.000000e+00
      vertex   5.980000e+01 4.750000e+01 0.000000e+00
      vertex   4.750000e+01 4.750000e+01 0.000000e+00
    endloop
  endfacet
  facet normal -0.000000e+00 0.000000e+00 -1.000000e+00
    outer loop
      vertex   5.980000e+01 5.980000e+01 0.000000e+00
      vertex   4.750000e+01 4.750000e+01 0.000000e+00
      vertex   4.750000e+01 5.980000e+01 0.000000e+00
    endloop
  endfacet
  facet normal 0.000000e+00 -0.000000e+00 -1.000000e+00
    outer loop
      vertex   4.750000e+01 5.980000e+01 0.000000e+00
      vertex   4.750000e+01 4.750000e+01 0.000000e+00
      vertex   1.230000e+01 4.750000e+01 0.000000e+00
    endloop
  endfacet
  facet normal -0.000000e+00 0.000000e+00 -1.000000e+00
    outer loop
      vertex   4.750000e+01 5.980000e+01 0.000000e+00
      vertex   1.230000e+01 4.750000e+01 0.000000e+00
      vertex   1.230000e+01 5.980000e+01 0.000000e+00
    endloop
  endfacet
  facet normal 0.000000e+00 -0.000000e+00 -1.000000e+00
    outer loop
      vertex   1.230000e+01 5.980000e+01 0.000000e+00
      vertex   1.230000e+01 4.750000e+01 0.000000e+00
      vertex   8.000000e+00 -1.232595e-31 0.000000e+00
    endloop
  endfacet
  facet normal 0.000000e+00 0.000000e+00 -1.000000e+00
    outer loop
      vertex   9.480000e+01 4.750000e+01 0.000000e+00
      vertex   1.071000e+02 4.750000e+01 0.000000e+00
      vertex   9.480000e+01 1.230000e+01 0.000000e+00
    endloop
  endfacet
  facet normal 0.000000e+00 0.000000e+00 -1.000000e+00
    outer loop
      vertex   9.480000e+01 1.230000e+01 0.000000e+00
      vertex   1.071000e+02 4.750000e+01 0.000000e+00
      vertex   1.071000e+02 1.230000e+01 0.000000e+00
    endloop
  endfacet
  facet normal 0.000000e+00 -0.000000e+00 -1.000000e+00
    outer loop
      vertex   9.480000e+01 1.230000e+01 0.000000e+00
      vertex   1.071000e+02 1.230000e+01 0.000000e+00
      vertex   8.000000e+00 -1.232595e-31 0.000000e+00
    endloop
  endfacet
  facet normal 0.000000e+00 0.000000e+00 -1.000000e+00
    outer loop
      vertex   1.894000e+02 4.750000e+01 0.000000e+00
      vertex   2.017000e+02 4.750000e+01 0.000000e+00
      vertex   1.894000e+02 1.230000e+01 0.000000e+00
    endloop
  endfacet
  facet normal 0.000000e+00 0.000000e+00 -1.000000e+00
    outer loop
      vertex   1.894000e+02 1.230000e+01 0.000000e+00
      vertex   2.017000e+02 4.750000e+01 0.000000e+00
      vertex   2.017000e+02 1.230000e+01 0.000000e+00
    endloop
  endfacet
  facet normal 0.000000e+00 0.000000e+00 -1.000000e+00
    outer loop
      vertex   1.894000e+02 1.230000e+01 0.000000e+00
      vertex   2.017000e+02 1.230000e+01 0.000000e+00
      vertex   2.400000e+02 0.000000e+00 0.000000e+00
    endloop
  endfacet
  facet normal 0.000000e+00 0.000000e+00 -1.000000e+00
    outer loop
      vertex   2.400000e+02 0.000000e+00 0.000000e+00
      vertex   2.017000e+02 1.230000e+01 0.000000e+00
      vertex   2.367000e+02 1.230000e+01 0.000000e+00
    endloop
  endfacet
  facet normal 0.000000e+00 0.000000e+00 -1.000000e+00
    outer loop
      vertex   2.400000e+02 0.000000e+00 0.000000e+00
      vertex   2.367000e+02 1.230000e+01 0.000000e+00
      vertex   2.367000e+02 4.750000e+01 0.000000e+00
    endloop
  endfacet
  facet normal 0.000000e+00 0.000000e+00 -1.000000e+00
    outer loop
      vertex   1.544000e+02 4.750000e+01 0.000000e+00
      vertex   1.894000e+02 5.980000e+01 0.000000e+00
      vertex   1.894000e+02 4.750000e+01 0.000000e+00
    endloop
  endfacet
  facet normal 0.000000e+00 0.000000e+00 -1.000000e+00
    outer loop
      vertex   1.894000e+02 4.750000e+01 0.000000e+00
      vertex   1.894000e+02 5.980000e+01 0.000000e+00
      vertex   2.017000e+02 5.980000e+01 0.000000e+00
    endloop
  endfacet
  facet normal 0.000000e+00 0.000000e+00 -1.000000e+00
    outer loop
      vertex   1.894000e+02 4.750000e+01 0.000000e+00
      vertex   2.017000e+02 5.980000e+01 0.000000e+00
      vertex   2.017000e+02 4.750000e+01 0.000000e+00
    endloop
  endfacet
  facet normal 0.000000e+00 0.000000e+00 -1.000000e+00
    outer loop
      vertex   2.017000e+02 4.750000e+01 0.000000e+00
      vertex   2.017000e+02 5.980000e+01 0.000000e+00
      vertex   2.367000e+02 5.980000e+01 0.000000e+00
    endloop
  endfacet
  facet normal 0.000000e+00 0.000000e+00 -1.000000e+00
    outer loop
      vertex   2.017000e+02 4.750000e+01 0.000000e+00
      vertex   2.367000e+02 5.980000e+01 0.000000e+00
      vertex   2.367000e+02 4.750000e+01 0.000000e+00
    endloop
  endfacet
  facet normal 0.000000e+00 0.000000e+00 -1.000000e+00
    outer loop
      vertex   2.367000e+02 4.750000e+01 0.000000e+00
      vertex   2.367000e+02 5.980000e+01 0.000000e+00
      vertex   2.400000e+02 0.000000e+00 0.000000e+00
    endloop
  endfacet
  facet normal 0.000000e+00 0.000000e+00 -1.000000e+00
    outer loop
      vertex   1.544000e+02 1.230000e+01 0.000000e+00
      vertex   1.894000e+02 1.230000e+01 0.000000e+00
      vertex   2.400000e+02 0.000000e+00 0.000000e+00
    endloop
  endfacet
  facet normal 0.000000e+00 0.000000e+00 -1.000000e+00
    outer loop
      vertex   1.071000e+02 5.980000e+01 0.000000e+00
      vertex   9.480000e+01 5.980000e+01 0.000000e+00
      vertex   1.071000e+02 9.480000e+01 0.000000e+00
    endloop
  endfacet
  facet normal -0.000000e+00 0.000000e+00 -1.000000e+00
    outer loop
      vertex   1.071000e+02 9.480000e+01 0.000000e+00
      vertex   9.480000e+01 5.980000e+01 0.000000e+00
      vertex   9.480000e+01 9.480000e+01 0.000000e+00
    endloop
  endfacet
  facet normal 0.000000e+00 0.000000e+00 -1.000000e+00
    outer loop
      vertex   1.071000e+02 9.480000e+01 0.000000e+00
      vertex   9.480000e+01 9.480000e+01 0.000000e+00
      vertex   1.071000e+02 1.071000e+02 0.000000e+00
    endloop
  endfacet
  facet normal -0.000000e+00 0.000000e+00 -1.000000e+00
    outer loop
      vertex   1.071000e+02 1.071000e+02 0.000000e+00
      vertex   9.480000e+01 9.480000e+01 0.000000e+00
      vertex   9.480000e+01 1.071000e+02 0.000000e+00
    endloop
  endfacet
  facet normal 0.000000e+00 0.000000e+00 -1.000000e+00
    outer loop
      vertex   1.071000e+02 1.071000e+02 0.000000e+00
      vertex   9.480000e+01 1.071000e+02 0.000000e+00
      vertex   1.071000e+02 1.421000e+02 0.000000e+00
    endloop
  endfacet
  facet normal -0.000000e+00 0.000000e+00 -1.000000e+00
    outer loop
      vertex   1.071000e+02 1.421000e+02 0.000000e+00
      vertex   9.480000e+01 1.071000e+02 0.000000e+00
      vertex   9.480000e+01 1.421000e+02 0.000000e+00
    endloop
  endfacet
  facet normal 0.000000e+00 0.000000e+00 -1.000000e+00
    outer loop
      vertex   1.421000e+02 9.480000e+01 0.000000e+00
      vertex   1.071000e+02 9.480000e+01 0.000000e+00
      vertex   1.421000e+02 1.071000e+02 0.000000e+00
    endloop
  endfacet
  facet normal -0.000000e+00 0.000000e+00 -1.000000e+00
    outer loop
      vertex   1.421000e+02 1.071000e+02 0.000000e+00
      vertex   1.071000e+02 9.480000e+01 0.000000e+00
      vertex   1.071000e+02 1.071000e+02 0.000000e+00
    endloop
  endfacet
  facet normal 0.000000e+00 0.000000e+00 -1.000000e+00
    outer loop
      vertex   1.544000e+02 1.071000e+02 0.000000e+00
      vertex   1.894000e+02 1.071000e+02 0.000000e+00
      vertex   1.544000e+02 9.480000e+01 0.000000e+00
    endloop
  endfacet
  facet normal 0.000000e+00 0.000000e+00 -1.000000e+00
    outer loop
      vertex   1.544000e+02 9.480000e+01 0.000000e+00
      vertex   1.894000e+02 1.071000e+02 0.000000e+00
      vertex   1.894000e+02 9.480000e+01 0.000000e+00
    endloop
  endfacet
  facet normal 0.000000e+00 0.000000e+00 -1.000000e+00
    outer loop
      vertex   1.894000e+02 9.480000e+01 0.000000e+00
      vertex   1.894000e+02 1.071000e+02 0.000000e+00
      vertex   2.017000e+02 1.071000e+02 0.000000e+00
    endloop
  endfacet
  facet normal 0.000000e+00 0.000000e+00 -1.000000e+00
    outer loop
      vertex   1.894000e+02 9.480000e+01 0.000000e+00
      vertex   2.017000e+02 1.071000e+02 0.000000e+00
      vertex   2.017000e+02 9.480000e+01 0.000000e+00
    endloop
  endfacet
  facet normal 0.000000e+00 0.000000e+00 -1.000000e+00
    outer loop
      vertex   2.017000e+02 9.480000e+01 0.000000e+00
      vertex   2.017000e+02 1.071000e+02 0.000000e+00
      vertex   2.367000e+02 1.071000e+02 0.000000e+00
    endloop
  endfacet
  facet normal 0.000000e+00 0.000000e+00 -1.000000e+00
    outer loop
      vertex   2.017000e+02 9.480000e+01 0.000000e+00
      vertex   2.367000e+02 1.071000e+02 0.000000e+00
      vertex   2.367000e+02 9.480000e+01 0.000000e+00
    endloop
  endfacet
  facet normal 0.000000e+00 0.000000e+00 -1.000000e+00
    outer loop
      vertex   2.367000e+02 9.480000e+01 0.000000e+00
      vertex   2.367000e+02 1.071000e+02 0.000000e+00
      vertex   2.400000e+02 0.000000e+00 0.000000e+00
    endloop
  endfacet
  facet normal 0.000000e+00 0.000000e+00 -1.000000e+00
    outer loop
      vertex   2.367000e+02 9.480000e+01 0.000000e+00
      vertex   2.400000e+02 0.000000e+00 0.000000e+00
      vertex   2.367000e+02 5.980000e+01 0.000000e+00
    endloop
  endfacet
  facet normal 0.000000e+00 0.000000e+00 -1.000000e+00
    outer loop
      vertex   2.017000e+02 1.071000e+02 0.000000e+00
      vertex   1.894000e+02 1.071000e+02 0.000000e+00
      vertex   2.017000e+02 1.421000e+02 0.000000e+00
    endloop
  endfacet
  facet normal -0.000000e+00 0.000000e+00 -1.000000e+00
    outer loop
      vertex   2.017000e+02 1.421000e+02 0.000000e+00
      vertex   1.894000e+02 1.071000e+02 0.000000e+00
      vertex   1.894000e+02 1.421000e+02 0.000000e+00
    endloop
  endfacet
  facet normal 0.000000e+00 0.000000e+00 -1.000000e+00
    outer loop
      vertex   1.544000e+02 5.980000e+01 0.000000e+00
      vertex   1.894000e+02 5.980000e+01 0.000000e+00
      vertex   1.544000e+02 4.750000e+01 0.000000e+00
    endloop
  endfacet
  facet normal 0.000000e+00 0.000000e+00 -1.000000e+00
    outer loop
      vertex   2.017000e+02 5.980000e+01 0.000000e+00
      vertex   1.894000e+02 5.980000e+01 0.000000e+00
      vertex   2.017000e+02 9.480000e+01 0.000000e+00
    endloop
  endfacet
  facet normal -0.000000e+00 0.000000e+00 -1.000000e+00
    outer loop
      vertex   2.017000e+02 9.480000e+01 0.000000e+00
      vertex   1.894000e+02 5.980000e+01 0.000000e+00
      vertex   1.894000e+02 9.480000e+01 0.000000e+00
    endloop
  endfacet
  facet normal 0.000000e+00 0.000000e+00 -1.000000e+00
    outer loop
      vertex   4.750000e+01 1.421000e+02 0.000000e+00
      vertex   5.980000e+01 1.421000e+02 0.000000e+00
      vertex   4.750000e+01 1.071000e+02 0.000000e+00
    endloop
  endfacet
  facet normal 0.000000e+00 0.000000e+00 -1.000000e+00
    outer loop
      vertex   4.750000e+01 1.071000e+02 0.000000e+00
      vertex   5.980000e+01 1.421000e+02 0.000000e+00
      vertex   5.980000e+01 1.071000e+02 0.000000e+00
    endloop
  endfacet
  facet normal 0.000000e+00 0.000000e+00 -1.000000e+00
    outer loop
      vertex   4.750000e+01 1.071000e+02 0.000000e+00
      vertex   5.980000e+01 1.071000e+02 0.000000e+00
      vertex   4.750000e+01 9.480000e+01 0.000000e+00
    endloop
  endfacet
  facet normal 0.000000e+00 0.000000e+00 -1.000000e+00
    outer loop
      vertex   4.750000e+01 9.480000e+01 0.000000e+00
      vertex   5.980000e+01 1.071000e+02 0.000000e+00
      vertex   5.980000e+01 9.480000e+01 0.000000e+00
    endloop
  endfacet
  facet normal 0.000000e+00 0.000000e+00 -1.000000e+00
    outer loop
      vertex   4.750000e+01 9.480000e+01 0.000000e+00
      vertex   5.980000e+01 9.480000e+01 0.000000e+00
      vertex   4.750000e+01 5.980000e+01 0.000000e+00
    endloop
  endfacet
  facet normal 0.000000e+00 0.000000e+00 -1.000000e+00
    outer loop
      vertex   4.750000e+01 5.980000e+01 0.000000e+00
      vertex   5.980000e+01 9.480000e+01 0.000000e+00
      vertex   5.980000e+01 5.980000e+01 0.000000e+00
    endloop
  endfacet
  facet normal 0.000000e+00 0.000000e+00 -1.000000e+00
    outer loop
      vertex   5.980000e+01 1.071000e+02 0.000000e+00
      vertex   9.480000e+01 1.071000e+02 0.000000e+00
      vertex   5.980000e+01 9.480000e+01 0.000000e+00
    endloop
  endfacet
  facet normal 0.000000e+00 0.000000e+00 -1.000000e+00
    outer loop
      vertex   5.980000e+01 9.480000e+01 0.000000e+00
      vertex   9.480000e+01 1.071000e+02 0.000000e+00
      vertex   9.480000e+01 9.480000e+01 0.000000e+00
    endloop
  endfacet
  facet normal 0.000000e+00 0.000000e+00 -1.000000e+00
    outer loop
      vertex   4.750000e+01 1.894000e+02 0.000000e+00
      vertex   5.980000e+01 1.894000e+02 0.000000e+00
      vertex   4.750000e+01 1.544000e+02 0.000000e+00
    endloop
  endfacet
  facet normal 0.000000e+00 0.000000e+00 -1.000000e+00
    outer loop
      vertex   4.750000e+01 1.544000e+02 0.000000e+00
      vertex   5.980000e+01 1.894000e+02 0.000000e+00
      vertex   5.980000e+01 1.544000e+02 0.000000e+00
    endloop
  endfacet
  facet normal -0.000000e+00 0.000000e+00 -1.000000e+00
    outer loop
      vertex   1.230000e+01 1.421000e+02 0.000000e+00
      vertex   1.230000e+01 1.071000e+02 0.000000e+00
      vertex   8.000000e+00 2.490000e+02 0.000000e+00
    endloop
  endfacet
  facet normal 0.000000e+00 0.000000e+00 -1.000000e+00
    outer loop
      vertex   1.230000e+01 1.071000e+02 0.000000e+00
      vertex   4.750000e+01 1.071000e+02 0.000000e+00
      vertex   1.230000e+01 9.480000e+01 0.000000e+00
    endloop
  endfacet
  facet normal 0.000000e+00 0.000000e+00 -1.000000e+00
    outer loop
      vertex   1.230000e+01 9.480000e+01 0.000000e+00
      vertex   4.750000e+01 1.071000e+02 0.000000e+00
      vertex   4.750000e+01 9.480000e+01 0.000000e+00
    endloop
  endfacet
  facet normal 0.000000e+00 0.000000e+00 -1.000000e+00
    outer loop
      vertex   4.750000e+01 4.750000e+01 0.000000e+00
      vertex   5.980000e+01 4.750000e+01 0.000000e+00
      vertex   4.750000e+01 1.230000e+01 0.000000e+00
    endloop
  endfacet
  facet normal 0.000000e+00 0.000000e+00 -1.000000e+00
    outer loop
      vertex   4.750000e+01 1.230000e+01 0.000000e+00
      vertex   5.980000e+01 4.750000e+01 0.000000e+00
      vertex   5.980000e+01 1.230000e+01 0.000000e+00
    endloop
  endfacet
  facet normal 0.000000e+00 -0.000000e+00 -1.000000e+00
    outer loop
      vertex   4.750000e+01 1.230000e+01 0.000000e+00
      vertex   5.980000e+01 1.230000e+01 0.000000e+00
      vertex   8.000000e+00 -1.232595e-31 0.000000e+00
    endloop
  endfacet
  facet normal 0.000000e+00 0.000000e+00 -1.000000e+00
    outer loop
      vertex   8.000000e+00 -1.232595e-31 0.000000e+00
      vertex   5.980000e+01 1.230000e+01 0.000000e+00
      vertex   9.480000e+01 1.230000e+01 0.000000e+00
    endloop
  endfacet
  facet normal 0.000000e+00 0.000000e+00 -1.000000e+00
    outer loop
      vertex   1.230000e+01 4.750000e+01 0.000000e+00
      vertex   1.230000e+01 1.230000e+01 0.000000e+00
      vertex   8.000000e+00 -1.232595e-31 0.000000e+00
    endloop
  endfacet
  facet normal 0.000000e+00 0.000000e+00 -1.000000e+00
    outer loop
      vertex   8.000000e+00 -1.232595e-31 0.000000e+00
      vertex   1.230000e+01 1.230000e+01 0.000000e+00
      vertex   4.750000e+01 1.230000e+01 0.000000e+00
    endloop
  endfacet
  facet normal -0.000000e+00 8.660254e-01 5.000000e-01
    outer loop
      vertex   1.489000e+02 1.962000e+02 1.000000e+01
      vertex   1.949000e+02 1.962000e+02 1.000000e+01
      vertex   1.544000e+02 2.017000e+02 4.737206e-01
    endloop
  endfacet
  facet normal -0.000000e+00 8.660254e-01 5.000000e-01
    outer loop
      vertex   1.544000e+02 2.017000e+02 4.737206e-01
      vertex   1.949000e+02 1.962000e+02 1.000000e+01
      vertex   1.894000e+02 2.017000e+02 4.737206e-01
    endloop
  endfacet
  facet normal -0.000000e+00 8.660254e-01 5.000000e-01
    outer loop
      vertex   1.016000e+02 1.962000e+02 1.000000e+01
      vertex   1.476000e+02 1.962000e+02 1.000000e+01
      vertex   1.071000e+02 2.017000e+02 4.737206e-01
    endloop
  endfacet
  facet normal -0.000000e+00 8.660254e-01 5.000000e-01
    outer loop
      vertex   1.071000e+02 2.017000e+02 4.737206e-01
      vertex   1.476000e+02 1.962000e+02 1.000000e+01
      vertex   1.421000e+02 2.017000e+02 4.737206e-01
    endloop
  endfacet
  facet normal 0.000000e+00 8.660254e-01 5.000000e-01
    outer loop
      vertex   2.367000e+02 2.017000e+02 4.737206e-01
      vertex   2.017000e+02 2.017000e+02 4.737206e-01
      vertex   2.422000e+02 1.962000e+02 1.000000e+01
    endloop
  endfacet
  facet normal 0.000000e+00 8.660254e-01 5.000000e-01
    outer loop
      vertex   2.422000e+02 1.962000e+02 1.000000e+01
      vertex   2.017000e+02 2.017000e+02 4.737206e-01
      vertex   1.962000e+02 1.962000e+02 1.000000e+01
    endloop
  endfacet
  facet normal 0.000000e+00 8.660254e-01 5.000000e-01
    outer loop
      vertex   6.514209e+01 2.019735e+02 0.000000e+00
      vertex   6.007350e+01 2.019735e+02 0.000000e+00
      vertex   6.530000e+01 2.017000e+02 4.737206e-01
    endloop
  endfacet
  facet normal 4.752333e-15 8.660254e-01 5.000000e-01
    outer loop
      vertex   6.530000e+01 2.017000e+02 4.737206e-01
      vertex   6.007350e+01 2.019735e+02 0.000000e+00
      vertex   5.430000e+01 1.962000e+02 1.000000e+01
    endloop
  endfacet
  facet normal -1.755293e-18 8.660254e-01 5.000000e-01
    outer loop
      vertex   6.530000e+01 2.017000e+02 4.737206e-01
      vertex   5.430000e+01 1.962000e+02 1.000000e+01
      vertex   1.003000e+02 1.962000e+02 1.000000e+01
    endloop
  endfacet
  facet normal -2.737068e-18 8.660254e-01 5.000000e-01
    outer loop
      vertex   1.003000e+02 1.962000e+02 1.000000e+01
      vertex   9.480000e+01 2.017000e+02 4.737206e-01
      vertex   6.530000e+01 2.017000e+02 4.737206e-01
    endloop
  endfacet
  facet normal 1.734723e-16 8.660254e-01 5.000000e-01
    outer loop
      vertex   4.750000e+01 2.017000e+02 4.737206e-01
      vertex   1.230000e+01 2.017000e+02 4.737206e-01
      vertex   5.300000e+01 1.962000e+02 1.000000e+01
    endloop
  endfacet
  facet normal 0.000000e+00 8.660254e-01 5.000000e-01
    outer loop
      vertex   5.300000e+01 1.962000e+02 1.000000e+01
      vertex   1.230000e+01 2.017000e+02 4.737206e-01
      vertex   6.800000e+00 1.962000e+02 1.000000e+01
    endloop
  endfacet
  facet normal 0.000000e+00 -1.000000e+00 0.000000e+00
    outer loop
      vertex   0.000000e+00 0.000000e+00 4.737206e-01
      vertex   2.400000e+02 0.000000e+00 0.000000e+00
      vertex   2.490000e+02 0.000000e+00 4.737206e-01
    endloop
  endfacet
  facet normal 2.465190e-31 -1.000000e+00 -4.683502e-30
    outer loop
      vertex   2.490000e+02 0.000000e+00 4.737206e-01
      vertex   2.400000e+02 0.000000e+00 0.000000e+00
      vertex   2.480000e+02 1.972152e-30 0.000000e+00
    endloop
  endfacet
  facet normal -1.972152e-30 -1.000000e+00 -0.000000e+00
    outer loop
      vertex   2.490000e+02 0.000000e+00 4.737206e-01
      vertex   2.480000e+02 1.972152e-30 0.000000e+00
      vertex   2.490000e+02 0.000000e+00 0.000000e+00
    endloop
  endfacet
  facet normal 5.312910e-34 -1.000000e+00 2.691668e-31
    outer loop
      vertex   2.400000e+02 0.000000e+00 0.000000e+00
      vertex   0.000000e+00 0.000000e+00 4.737206e-01
      vertex   8.000000e+00 -1.232595e-31 0.000000e+00
    endloop
  endfacet
  facet normal -1.540744e-32 -1.000000e+00 1.000019e-48
    outer loop
      vertex   8.000000e+00 -1.232595e-31 0.000000e+00
      vertex   0.000000e+00 0.000000e+00 4.737206e-01
      vertex   0.000000e+00 0.000000e+00 -5.000000e+00
    endloop
  endfacet
  facet normal 0.000000e+00 -1.000000e+00 -2.465190e-32
    outer loop
      vertex   8.000000e+00 -1.232595e-31 0.000000e+00
      vertex   0.000000e+00 0.000000e+00 -5.000000e+00
      vertex   8.000000e+00 0.000000e+00 -5.000000e+00
    endloop
  endfacet
  facet normal 0.000000e+00 -1.000000e+00 0.000000e+00
    outer loop
      vertex   2.400000e+02 0.000000e+00 -5.000000e+00
      vertex   2.480000e+02 0.000000e+00 -5.000000e+00
      vertex   2.400000e+02 0.000000e+00 0.000000e+00
    endloop
  endfacet
  facet normal 2.465190e-31 -1.000000e+00 3.944305e-31
    outer loop
      vertex   2.400000e+02 0.000000e+00 0.000000e+00
      vertex   2.480000e+02 0.000000e+00 -5.000000e+00
      vertex   2.480000e+02 1.972152e-30 0.000000e+00
    endloop
  endfacet
  facet normal -1.000000e+00 0.000000e+00 0.000000e+00
    outer loop
      vertex   2.367000e+02 1.230000e+01 4.737206e-01
      vertex   2.367000e+02 4.750000e+01 4.737206e-01
      vertex   2.367000e+02 1.230000e+01 0.000000e+00
    endloop
  endfacet
  facet normal -1.000000e+00 0.000000e+00 0.000000e+00
    outer loop
      vertex   2.367000e+02 1.230000e+01 0.000000e+00
      vertex   2.367000e+02 4.750000e+01 4.737206e-01
      vertex   2.367000e+02 4.750000e+01 0.000000e+00
    endloop
  endfacet
  facet normal 5.075305e-17 1.000000e+00 0.000000e+00
    outer loop
      vertex   2.017000e+02 1.230000e+01 4.737206e-01
      vertex   2.367000e+02 1.230000e+01 4.737206e-01
      vertex   2.017000e+02 1.230000e+01 0.000000e+00
    endloop
  endfacet
  facet normal 5.075305e-17 1.000000e+00 0.000000e+00
    outer loop
      vertex   2.017000e+02 1.230000e+01 0.000000e+00
      vertex   2.367000e+02 1.230000e+01 4.737206e-01
      vertex   2.367000e+02 1.230000e+01 0.000000e+00
    endloop
  endfacet
  facet normal -1.000000e+00 0.000000e+00 0.000000e+00
    outer loop
      vertex   4.750000e+01 1.230000e+01 4.737206e-01
      vertex   4.750000e+01 4.750000e+01 4.737206e-01
      vertex   4.750000e+01 1.230000e+01 0.000000e+00
    endloop
  endfacet
  facet normal -1.000000e+00 0.000000e+00 0.000000e+00
    outer loop
      vertex   4.750000e+01 1.230000e+01 0.000000e+00
      vertex   4.750000e+01 4.750000e+01 4.737206e-01
      vertex   4.750000e+01 4.750000e+01 0.000000e+00
    endloop
  endfacet
  facet normal 5.046468e-17 1.000000e+00 0.000000e+00
    outer loop
      vertex   1.230000e+01 1.230000e+01 4.737206e-01
      vertex   4.750000e+01 1.230000e+01 4.737206e-01
      vertex   1.230000e+01 1.230000e+01 0.000000e+00
    endloop
  endfacet
  facet normal 5.046468e-17 1.000000e+00 0.000000e+00
    outer loop
      vertex   1.230000e+01 1.230000e+01 0.000000e+00
      vertex   4.750000e+01 1.230000e+01 4.737206e-01
      vertex   4.750000e+01 1.230000e+01 0.000000e+00
    endloop
  endfacet
  facet normal 1.000000e+00 -5.075305e-17 0.000000e+00
    outer loop
      vertex   1.230000e+01 9.480000e+01 4.737206e-01
      vertex   1.230000e+01 5.980000e+01 4.737206e-01
      vertex   1.230000e+01 9.480000e+01 0.000000e+00
    endloop
  endfacet
  facet normal 1.000000e+00 -5.075305e-17 0.000000e+00
    outer loop
      vertex   1.230000e+01 9.480000e+01 0.000000e+00
      vertex   1.230000e+01 5.980000e+01 4.737206e-01
      vertex   1.230000e+01 5.980000e+01 0.000000e+00
    endloop
  endfacet
  facet normal 0.000000e+00 -1.000000e+00 -0.000000e+00
    outer loop
      vertex   4.750000e+01 9.480000e+01 4.737206e-01
      vertex   1.230000e+01 9.480000e+01 4.737206e-01
      vertex   4.750000e+01 9.480000e+01 0.000000e+00
    endloop
  endfacet
  facet normal 0.000000e+00 -1.000000e+00 0.000000e+00
    outer loop
      vertex   4.750000e+01 9.480000e+01 0.000000e+00
      vertex   1.230000e+01 9.480000e+01 4.737206e-01
      vertex   1.230000e+01 9.480000e+01 0.000000e+00
    endloop
  endfacet
  facet normal -1.000000e+00 0.000000e+00 0.000000e+00
    outer loop
      vertex   9.480000e+01 1.230000e+01 4.737206e-01
      vertex   9.480000e+01 4.750000e+01 4.737206e-01
      vertex   9.480000e+01 1.230000e+01 0.000000e+00
    endloop
  endfacet
  facet normal -1.000000e+00 0.000000e+00 0.000000e+00
    outer loop
      vertex   9.480000e+01 1.230000e+01 0.000000e+00
      vertex   9.480000e+01 4.750000e+01 4.737206e-01
      vertex   9.480000e+01 4.750000e+01 0.000000e+00
    endloop
  endfacet
  facet normal 5.075305e-17 1.000000e+00 0.000000e+00
    outer loop
      vertex   5.980000e+01 1.230000e+01 4.737206e-01
      vertex   9.480000e+01 1.230000e+01 4.737206e-01
      vertex   5.980000e+01 1.230000e+01 0.000000e+00
    endloop
  endfacet
  facet normal 5.075305e-17 1.000000e+00 0.000000e+00
    outer loop
      vertex   5.980000e+01 1.230000e+01 0.000000e+00
      vertex   9.480000e+01 1.230000e+01 4.737206e-01
      vertex   9.480000e+01 1.230000e+01 0.000000e+00
    endloop
  endfacet
  facet normal 1.000000e+00 0.000000e+00 0.000000e+00
    outer loop
      vertex   5.980000e+01 9.480000e+01 4.737206e-01
      vertex   5.980000e+01 5.980000e+01 4.737206e-01
      vertex   5.980000e+01 9.480000e+01 0.000000e+00
    endloop
  endfacet
  facet normal 1.000000e+00 0.000000e+00 0.000000e+00
    outer loop
      vertex   5.980000e+01 9.480000e+01 0.000000e+00
      vertex   5.980000e+01 5.980000e+01 4.737206e-01
      vertex   5.980000e+01 5.980000e+01 0.000000e+00
    endloop
  endfacet
  facet normal -0.000000e+00 -1.000000e+00 -0.000000e+00
    outer loop
      vertex   9.480000e+01 9.480000e+01 4.737206e-01
      vertex   5.980000e+01 9.480000e+01 4.737206e-01
      vertex   9.480000e+01 9.480000e+01 0.000000e+00
    endloop
  endfacet
  facet normal 0.000000e+00 -1.000000e+00 0.000000e+00
    outer loop
      vertex   9.480000e+01 9.480000e+01 0.000000e+00
      vertex   5.980000e+01 9.480000e+01 4.737206e-01
      vertex   5.980000e+01 9.480000e+01 0.000000e+00
    endloop
  endfacet
  facet normal 1.000000e+00 -5.075305e-17 0.000000e+00
    outer loop
      vertex   1.230000e+01 1.894000e+02 4.737206e-01
      vertex   1.230000e+01 1.544000e+02 4.737206e-01
      vertex   1.230000e+01 1.894000e+02 0.000000e+00
    endloop
  endfacet
  facet normal 1.000000e+00 -5.075305e-17 0.000000e+00
    outer loop
      vertex   1.230000e+01 1.894000e+02 0.000000e+00
      vertex   1.230000e+01 1.544000e+02 4.737206e-01
      vertex   1.230000e+01 1.544000e+02 0.000000e+00
    endloop
  endfacet
  facet normal 0.000000e+00 -1.000000e+00 -0.000000e+00
    outer loop
      vertex   4.750000e+01 1.894000e+02 4.737206e-01
      vertex   1.230000e+01 1.894000e+02 4.737206e-01
      vertex   4.750000e+01 1.894000e+02 0.000000e+00
    endloop
  endfacet
  facet normal 0.000000e+00 -1.000000e+00 0.000000e+00
    outer loop
      vertex   4.750000e+01 1.894000e+02 0.000000e+00
      vertex   1.230000e+01 1.894000e+02 4.737206e-01
      vertex   1.230000e+01 1.894000e+02 0.000000e+00
    endloop
  endfacet
  facet normal 0.000000e+00 1.000000e+00 0.000000e+00
    outer loop
      vertex   1.230000e+01 2.017000e+02 4.737206e-01
      vertex   4.750000e+01 2.017000e+02 4.737206e-01
      vertex   1.230000e+01 2.017000e+02 0.000000e+00
    endloop
  endfacet
  facet normal 0.000000e+00 1.000000e+00 0.000000e+00
    outer loop
      vertex   1.230000e+01 2.017000e+02 0.000000e+00
      vertex   4.750000e+01 2.017000e+02 4.737206e-01
      vertex   4.750000e+01 2.017000e+02 0.000000e+00
    endloop
  endfacet
  facet normal 1.000000e+00 -5.075305e-17 0.000000e+00
    outer loop
      vertex   1.230000e+01 1.421000e+02 4.737206e-01
      vertex   1.230000e+01 1.071000e+02 4.737206e-01
      vertex   1.230000e+01 1.421000e+02 0.000000e+00
    endloop
  endfacet
  facet normal 1.000000e+00 -5.075305e-17 0.000000e+00
    outer loop
      vertex   1.230000e+01 1.421000e+02 0.000000e+00
      vertex   1.230000e+01 1.071000e+02 4.737206e-01
      vertex   1.230000e+01 1.071000e+02 0.000000e+00
    endloop
  endfacet
  facet normal 0.000000e+00 -1.000000e+00 -0.000000e+00
    outer loop
      vertex   4.750000e+01 1.421000e+02 4.737206e-01
      vertex   1.230000e+01 1.421000e+02 4.737206e-01
      vertex   4.750000e+01 1.421000e+02 0.000000e+00
    endloop
  endfacet
  facet normal 0.000000e+00 -1.000000e+00 0.000000e+00
    outer loop
      vertex   4.750000e+01 1.421000e+02 0.000000e+00
      vertex   1.230000e+01 1.421000e+02 4.737206e-01
      vertex   1.230000e+01 1.421000e+02 0.000000e+00
    endloop
  endfacet
  facet normal -0.000000e+00 1.000000e+00 0.000000e+00
    outer loop
      vertex   6.530000e+01 2.017000e+02 4.737206e-01
      vertex   9.480000e+01 2.017000e+02 4.737206e-01
      vertex   6.530000e+01 2.017000e+02 0.000000e+00
    endloop
  endfacet
  facet normal 0.000000e+00 1.000000e+00 0.000000e+00
    outer loop
      vertex   6.530000e+01 2.017000e+02 0.000000e+00
      vertex   9.480000e+01 2.017000e+02 4.737206e-01
      vertex   9.480000e+01 2.017000e+02 0.000000e+00
    endloop
  endfacet
  facet normal 1.000000e+00 0.000000e+00 0.000000e+00
    outer loop
      vertex   5.980000e+01 1.894000e+02 4.737206e-01
      vertex   5.980000e+01 1.544000e+02 4.737206e-01
      vertex   5.980000e+01 1.894000e+02 0.000000e+00
    endloop
  endfacet
  facet normal 1.000000e+00 0.000000e+00 0.000000e+00
    outer loop
      vertex   5.980000e+01 1.894000e+02 0.000000e+00
      vertex   5.980000e+01 1.544000e+02 4.737206e-01
      vertex   5.980000e+01 1.544000e+02 0.000000e+00
    endloop
  endfacet
  facet normal -0.000000e+00 -1.000000e+00 -0.000000e+00
    outer loop
      vertex   9.480000e+01 1.894000e+02 4.737206e-01
      vertex   5.980000e+01 1.894000e+02 4.737206e-01
      vertex   9.480000e+01 1.894000e+02 0.000000e+00
    endloop
  endfacet
  facet normal 0.000000e+00 -1.000000e+00 0.000000e+00
    outer loop
      vertex   9.480000e+01 1.894000e+02 0.000000e+00
      vertex   5.980000e+01 1.894000e+02 4.737206e-01
      vertex   5.980000e+01 1.894000e+02 0.000000e+00
    endloop
  endfacet
  facet normal 1.000000e+00 0.000000e+00 0.000000e+00
    outer loop
      vertex   5.980000e+01 1.421000e+02 4.737206e-01
      vertex   5.980000e+01 1.071000e+02 4.737206e-01
      vertex   5.980000e+01 1.421000e+02 0.000000e+00
    endloop
  endfacet
  facet normal 1.000000e+00 0.000000e+00 0.000000e+00
    outer loop
      vertex   5.980000e+01 1.421000e+02 0.000000e+00
      vertex   5.980000e+01 1.071000e+02 4.737206e-01
      vertex   5.980000e+01 1.071000e+02 0.000000e+00
    endloop
  endfacet
  facet normal -0.000000e+00 -1.000000e+00 -0.000000e+00
    outer loop
      vertex   9.480000e+01 1.421000e+02 4.737206e-01
      vertex   5.980000e+01 1.421000e+02 4.737206e-01
      vertex   9.480000e+01 1.421000e+02 0.000000e+00
    endloop
  endfacet
  facet normal 0.000000e+00 -1.000000e+00 0.000000e+00
    outer loop
      vertex   9.480000e+01 1.421000e+02 0.000000e+00
      vertex   5.980000e+01 1.421000e+02 4.737206e-01
      vertex   5.980000e+01 1.421000e+02 0.000000e+00
    endloop
  endfacet
  facet normal 1.000000e+00 0.000000e+00 0.000000e+00
    outer loop
      vertex   2.017000e+02 9.480000e+01 4.737206e-01
      vertex   2.017000e+02 5.980000e+01 4.737206e-01
      vertex   2.017000e+02 9.480000e+01 0.000000e+00
    endloop
  endfacet
  facet normal 1.000000e+00 0.000000e+00 0.000000e+00
    outer loop
      vertex   2.017000e+02 9.480000e+01 0.000000e+00
      vertex   2.017000e+02 5.980000e+01 4.737206e-01
      vertex   2.017000e+02 5.980000e+01 0.000000e+00
    endloop
  endfacet
  facet normal -0.000000e+00 -1.000000e+00 -0.000000e+00
    outer loop
      vertex   2.367000e+02 9.480000e+01 4.737206e-01
      vertex   2.017000e+02 9.480000e+01 4.737206e-01
      vertex   2.367000e+02 9.480000e+01 0.000000e+00
    endloop
  endfacet
  facet normal 0.000000e+00 -1.000000e+00 0.000000e+00
    outer loop
      vertex   2.367000e+02 9.480000e+01 0.000000e+00
      vertex   2.017000e+02 9.480000e+01 4.737206e-01
      vertex   2.017000e+02 9.480000e+01 0.000000e+00
    endloop
  endfacet
  facet normal 1.000000e+00 0.000000e+00 0.000000e+00
    outer loop
      vertex   1.544000e+02 9.480000e+01 4.737206e-01
      vertex   1.544000e+02 5.980000e+01 4.737206e-01
      vertex   1.544000e+02 9.480000e+01 0.000000e+00
    endloop
  endfacet
  facet normal 1.000000e+00 0.000000e+00 0.000000e+00
    outer loop
      vertex   1.544000e+02 9.480000e+01 0.000000e+00
      vertex   1.544000e+02 5.980000e+01 4.737206e-01
      vertex   1.544000e+02 5.980000e+01 0.000000e+00
    endloop
  endfacet
  facet normal -0.000000e+00 -1.000000e+00 -0.000000e+00
    outer loop
      vertex   1.894000e+02 9.480000e+01 4.737206e-01
      vertex   1.544000e+02 9.480000e+01 4.737206e-01
      vertex   1.894000e+02 9.480000e+01 0.000000e+00
    endloop
  endfacet
  facet normal 0.000000e+00 -1.000000e+00 0.000000e+00
    outer loop
      vertex   1.894000e+02 9.480000e+01 0.000000e+00
      vertex   1.544000e+02 9.480000e+01 4.737206e-01
      vertex   1.544000e+02 9.480000e+01 0.000000e+00
    endloop
  endfacet
  facet normal 1.000000e+00 0.000000e+00 0.000000e+00
    outer loop
      vertex   2.017000e+02 1.421000e+02 4.737206e-01
      vertex   2.017000e+02 1.071000e+02 4.737206e-01
      vertex   2.017000e+02 1.421000e+02 0.000000e+00
    endloop
  endfacet
  facet normal 1.000000e+00 0.000000e+00 0.000000e+00
    outer loop
      vertex   2.017000e+02 1.421000e+02 0.000000e+00
      vertex   2.017000e+02 1.071000e+02 4.737206e-01
      vertex   2.017000e+02 1.071000e+02 0.000000e+00
    endloop
  endfacet
  facet normal -0.000000e+00 -1.000000e+00 -0.000000e+00
    outer loop
      vertex   2.367000e+02 1.421000e+02 4.737206e-01
      vertex   2.017000e+02 1.421000e+02 4.737206e-01
      vertex   2.367000e+02 1.421000e+02 0.000000e+00
    endloop
  endfacet
  facet normal 0.000000e+00 -1.000000e+00 0.000000e+00
    outer loop
      vertex   2.367000e+02 1.421000e+02 0.000000e+00
      vertex   2.017000e+02 1.421000e+02 4.737206e-01
      vertex   2.017000e+02 1.421000e+02 0.000000e+00
    endloop
  endfacet
  facet normal 1.000000e+00 0.000000e+00 0.000000e+00
    outer loop
      vertex   1.071000e+02 1.421000e+02 4.737206e-01
      vertex   1.071000e+02 1.071000e+02 4.737206e-01
      vertex   1.071000e+02 1.421000e+02 0.000000e+00
    endloop
  endfacet
  facet normal 1.000000e+00 0.000000e+00 0.000000e+00
    outer loop
      vertex   1.071000e+02 1.421000e+02 0.000000e+00
      vertex   1.071000e+02 1.071000e+02 4.737206e-01
      vertex   1.071000e+02 1.071000e+02 0.000000e+00
    endloop
  endfacet
  facet normal -0.000000e+00 -1.000000e+00 -0.000000e+00
    outer loop
      vertex   1.421000e+02 1.421000e+02 4.737206e-01
      vertex   1.071000e+02 1.421000e+02 4.737206e-01
      vertex   1.421000e+02 1.421000e+02 0.000000e+00
    endloop
  endfacet
  facet normal 0.000000e+00 -1.000000e+00 0.000000e+00
    outer loop
      vertex   1.421000e+02 1.421000e+02 0.000000e+00
      vertex   1.071000e+02 1.421000e+02 4.737206e-01
      vertex   1.071000e+02 1.421000e+02 0.000000e+00
    endloop
  endfacet
  facet normal 1.000000e+00 0.000000e+00 0.000000e+00
    outer loop
      vertex   1.544000e+02 1.421000e+02 4.737206e-01
      vertex   1.544000e+02 1.071000e+02 4.737206e-01
      vertex   1.544000e+02 1.421000e+02 0.000000e+00
    endloop
  endfacet
  facet normal 1.000000e+00 0.000000e+00 0.000000e+00
    outer loop
      vertex   1.544000e+02 1.421000e+02 0.000000e+00
      vertex   1.544000e+02 1.071000e+02 4.737206e-01
      vertex   1.544000e+02 1.071000e+02 0.000000e+00
    endloop
  endfacet
  facet normal -0.000000e+00 -1.000000e+00 -0.000000e+00
    outer loop
      vertex   1.894000e+02 1.421000e+02 4.737206e-01
      vertex   1.544000e+02 1.421000e+02 4.737206e-01
      vertex   1.894000e+02 1.421000e+02 0.000000e+00
    endloop
  endfacet
  facet normal 0.000000e+00 -1.000000e+00 0.000000e+00
    outer loop
      vertex   1.894000e+02 1.421000e+02 0.000000e+00
      vertex   1.544000e+02 1.421000e+02 4.737206e-01
      vertex   1.544000e+02 1.421000e+02 0.000000e+00
    endloop
  endfacet
  facet normal 1.000000e+00 0.000000e+00 0.000000e+00
    outer loop
      vertex   1.071000e+02 9.480000e+01 4.737206e-01
      vertex   1.071000e+02 5.980000e+01 4.737206e-01
      vertex   1.071000e+02 9.480000e+01 0.000000e+00
    endloop
  endfacet
  facet normal 1.000000e+00 0.000000e+00 0.000000e+00
    outer loop
      vertex   1.071000e+02 9.480000e+01 0.000000e+00
      vertex   1.071000e+02 5.980000e+01 4.737206e-01
      vertex   1.071000e+02 5.980000e+01 0.000000e+00
    endloop
  endfacet
  facet normal -0.000000e+00 -1.000000e+00 -0.000000e+00
    outer loop
      vertex   1.421000e+02 9.480000e+01 4.737206e-01
      vertex   1.071000e+02 9.480000e+01 4.737206e-01
      vertex   1.421000e+02 9.480000e+01 0.000000e+00
    endloop
  endfacet
  facet normal 0.000000e+00 -1.000000e+00 0.000000e+00
    outer loop
      vertex   1.421000e+02 9.480000e+01 0.000000e+00
      vertex   1.071000e+02 9.480000e+01 4.737206e-01
      vertex   1.071000e+02 9.480000e+01 0.000000e+00
    endloop
  endfacet
  facet normal -1.000000e+00 0.000000e+00 0.000000e+00
    outer loop
      vertex   1.894000e+02 1.230000e+01 4.737206e-01
      vertex   1.894000e+02 4.750000e+01 4.737206e-01
      vertex   1.894000e+02 1.230000e+01 0.000000e+00
    endloop
  endfacet
  facet normal -1.000000e+00 0.000000e+00 0.000000e+00
    outer loop
      vertex   1.894000e+02 1.230000e+01 0.000000e+00
      vertex   1.894000e+02 4.750000e+01 4.737206e-01
      vertex   1.894000e+02 4.750000e+01 0.000000e+00
    endloop
  endfacet
  facet normal 5.075305e-17 1.000000e+00 0.000000e+00
    outer loop
      vertex   1.544000e+02 1.230000e+01 4.737206e-01
      vertex   1.894000e+02 1.230000e+01 4.737206e-01
      vertex   1.544000e+02 1.230000e+01 0.000000e+00
    endloop
  endfacet
  facet normal 5.075305e-17 1.000000e+00 0.000000e+00
    outer loop
      vertex   1.544000e+02 1.230000e+01 0.000000e+00
      vertex   1.894000e+02 1.230000e+01 4.737206e-01
      vertex   1.894000e+02 1.230000e+01 0.000000e+00
    endloop
  endfacet
  facet normal -1.000000e+00 0.000000e+00 0.000000e+00
    outer loop
      vertex   1.421000e+02 1.230000e+01 4.737206e-01
      vertex   1.421000e+02 4.750000e+01 4.737206e-01
      vertex   1.421000e+02 1.230000e+01 0.000000e+00
    endloop
  endfacet
  facet normal -1.000000e+00 0.000000e+00 0.000000e+00
    outer loop
      vertex   1.421000e+02 1.230000e+01 0.000000e+00
      vertex   1.421000e+02 4.750000e+01 4.737206e-01
      vertex   1.421000e+02 4.750000e+01 0.000000e+00
    endloop
  endfacet
  facet normal 5.075305e-17 1.000000e+00 0.000000e+00
    outer loop
      vertex   1.071000e+02 1.230000e+01 4.737206e-01
      vertex   1.421000e+02 1.230000e+01 4.737206e-01
      vertex   1.071000e+02 1.230000e+01 0.000000e+00
    endloop
  endfacet
  facet normal 5.075305e-17 1.000000e+00 0.000000e+00
    outer loop
      vertex   1.071000e+02 1.230000e+01 0.000000e+00
      vertex   1.421000e+02 1.230000e+01 4.737206e-01
      vertex   1.421000e+02 1.230000e+01 0.000000e+00
    endloop
  endfacet
  facet normal 1.000000e+00 0.000000e+00 0.000000e+00
    outer loop
      vertex   1.544000e+02 1.894000e+02 4.737206e-01
      vertex   1.544000e+02 1.544000e+02 4.737206e-01
      vertex   1.544000e+02 1.894000e+02 0.000000e+00
    endloop
  endfacet
  facet normal 1.000000e+00 0.000000e+00 0.000000e+00
    outer loop
      vertex   1.544000e+02 1.894000e+02 0.000000e+00
      vertex   1.544000e+02 1.544000e+02 4.737206e-01
      vertex   1.544000e+02 1.544000e+02 0.000000e+00
    endloop
  endfacet
  facet normal -0.000000e+00 -1.000000e+00 -0.000000e+00
    outer loop
      vertex   1.894000e+02 1.894000e+02 4.737206e-01
      vertex   1.544000e+02 1.894000e+02 4.737206e-01
      vertex   1.894000e+02 1.894000e+02 0.000000e+00
    endloop
  endfacet
  facet normal 0.000000e+00 -1.000000e+00 0.000000e+00
    outer loop
      vertex   1.894000e+02 1.894000e+02 0.000000e+00
      vertex   1.544000e+02 1.894000e+02 4.737206e-01
      vertex   1.544000e+02 1.894000e+02 0.000000e+00
    endloop
  endfacet
  facet normal 1.000000e+00 0.000000e+00 0.000000e+00
    outer loop
      vertex   1.071000e+02 1.894000e+02 4.737206e-01
      vertex   1.071000e+02 1.544000e+02 4.737206e-01
      vertex   1.071000e+02 1.894000e+02 0.000000e+00
    endloop
  endfacet
  facet normal 1.000000e+00 0.000000e+00 0.000000e+00
    outer loop
      vertex   1.071000e+02 1.894000e+02 0.000000e+00
      vertex   1.071000e+02 1.544000e+02 4.737206e-01
      vertex   1.071000e+02 1.544000e+02 0.000000e+00
    endloop
  endfacet
  facet normal -0.000000e+00 -1.000000e+00 -0.000000e+00
    outer loop
      vertex   1.421000e+02 1.894000e+02 4.737206e-01
      vertex   1.071000e+02 1.894000e+02 4.737206e-01
      vertex   1.421000e+02 1.894000e+02 0.000000e+00
    endloop
  endfacet
  facet normal 0.000000e+00 -1.000000e+00 0.000000e+00
    outer loop
      vertex   1.421000e+02 1.894000e+02 0.000000e+00
      vertex   1.071000e+02 1.894000e+02 4.737206e-01
      vertex   1.071000e+02 1.894000e+02 0.000000e+00
    endloop
  endfacet
  facet normal 1.000000e+00 0.000000e+00 0.000000e+00
    outer loop
      vertex   2.017000e+02 1.894000e+02 4.737206e-01
      vertex   2.017000e+02 1.544000e+02 4.737206e-01
      vertex   2.017000e+02 1.894000e+02 0.000000e+00
    endloop
  endfacet
  facet normal 1.000000e+00 0.000000e+00 0.000000e+00
    outer loop
      vertex   2.017000e+02 1.894000e+02 0.000000e+00
      vertex   2.017000e+02 1.544000e+02 4.737206e-01
      vertex   2.017000e+02 1.544000e+02 0.000000e+00
    endloop
  endfacet
  facet normal -0.000000e+00 -1.000000e+00 -0.000000e+00
    outer loop
      vertex   2.367000e+02 1.894000e+02 4.737206e-01
      vertex   2.017000e+02 1.894000e+02 4.737206e-01
      vertex   2.367000e+02 1.894000e+02 0.000000e+00
    endloop
  endfacet
  facet normal 0.000000e+00 -1.000000e+00 0.000000e+00
    outer loop
      vertex   2.367000e+02 1.894000e+02 0.000000e+00
      vertex   2.017000e+02 1.894000e+02 4.737206e-01
      vertex   2.017000e+02 1.894000e+02 0.000000e+00
    endloop
  endfacet
  facet normal 1.000000e+00 0.000000e+00 0.000000e+00
    outer loop
      vertex   2.017000e+02 4.750000e+01 4.737206e-01
      vertex   2.017000e+02 1.230000e+01 4.737206e-01
      vertex   2.017000e+02 4.750000e+01 0.000000e+00
    endloop
  endfacet
  facet normal 1.000000e+00 0.000000e+00 0.000000e+00
    outer loop
      vertex   2.017000e+02 4.750000e+01 0.000000e+00
      vertex   2.017000e+02 1.230000e+01 4.737206e-01
      vertex   2.017000e+02 1.230000e+01 0.000000e+00
    endloop
  endfacet
  facet normal -0.000000e+00 -1.000000e+00 -0.000000e+00
    outer loop
      vertex   2.367000e+02 4.750000e+01 4.737206e-01
      vertex   2.017000e+02 4.750000e+01 4.737206e-01
      vertex   2.367000e+02 4.750000e+01 0.000000e+00
    endloop
  endfacet
  facet normal 0.000000e+00 -1.000000e+00 0.000000e+00
    outer loop
      vertex   2.367000e+02 4.750000e+01 0.000000e+00
      vertex   2.017000e+02 4.750000e+01 4.737206e-01
      vertex   2.017000e+02 4.750000e+01 0.000000e+00
    endloop
  endfacet
  facet normal 2.220446e-16 -8.660254e-01 5.000000e-01
    outer loop
      vertex   2.017000e+02 4.750000e+01 4.737206e-01
      vertex   2.367000e+02 4.750000e+01 4.737206e-01
      vertex   1.962000e+02 5.300000e+01 1.000000e+01
    endloop
  endfacet
  facet normal 0.000000e+00 -8.660254e-01 5.000000e-01
    outer loop
      vertex   1.962000e+02 5.300000e+01 1.000000e+01
      vertex   2.367000e+02 4.750000e+01 4.737206e-01
      vertex   2.422000e+02 5.300000e+01 1.000000e+01
    endloop
  endfacet
  facet normal -8.660254e-01 0.000000e+00 5.000000e-01
    outer loop
      vertex   2.422000e+02 5.300000e+01 1.000000e+01
      vertex   2.367000e+02 4.750000e+01 4.737206e-01
      vertex   2.422000e+02 6.800000e+00 1.000000e+01
    endloop
  endfacet
  facet normal -8.660254e-01 1.674510e-16 5.000000e-01
    outer loop
      vertex   2.422000e+02 6.800000e+00 1.000000e+01
      vertex   2.367000e+02 4.750000e+01 4.737206e-01
      vertex   2.367000e+02 1.230000e+01 4.737206e-01
    endloop
  endfacet
  facet normal 0.000000e+00 8.660254e-01 5.000000e-01
    outer loop
      vertex   2.422000e+02 6.800000e+00 1.000000e+01
      vertex   2.367000e+02 1.230000e+01 4.737206e-01
      vertex   1.962000e+02 6.800000e+00 1.000000e+01
    endloop
  endfacet
  facet normal -1.358680e-16 8.660254e-01 5.000000e-01
    outer loop
      vertex   1.962000e+02 6.800000e+00 1.000000e+01
      vertex   2.367000e+02 1.230000e+01 4.737206e-01
      vertex   2.017000e+02 1.230000e+01 4.737206e-01
    endloop
  endfacet
  facet normal 8.660254e-01 0.000000e+00 5.000000e-01
    outer loop
      vertex   1.962000e+02 5.300000e+01 1.000000e+01
      vertex   1.962000e+02 6.800000e+00 1.000000e+01
      vertex   2.017000e+02 4.750000e+01 4.737206e-01
    endloop
  endfacet
  facet normal 8.660254e-01 -2.207830e-16 5.000000e-01
    outer loop
      vertex   2.017000e+02 4.750000e+01 4.737206e-01
      vertex   1.962000e+02 6.800000e+00 1.000000e+01
      vertex   2.017000e+02 1.230000e+01 4.737206e-01
    endloop
  endfacet
  facet normal 1.000000e+00 -5.046468e-17 0.000000e+00
    outer loop
      vertex   1.230000e+01 4.750000e+01 4.737206e-01
      vertex   1.230000e+01 1.230000e+01 4.737206e-01
      vertex   1.230000e+01 4.750000e+01 0.000000e+00
    endloop
  endfacet
  facet normal 1.000000e+00 -5.046468e-17 0.000000e+00
    outer loop
      vertex   1.230000e+01 4.750000e+01 0.000000e+00
      vertex   1.230000e+01 1.230000e+01 4.737206e-01
      vertex   1.230000e+01 1.230000e+01 0.000000e+00
    endloop
  endfacet
  facet normal -0.000000e+00 -1.000000e+00 -0.000000e+00
    outer loop
      vertex   4.750000e+01 4.750000e+01 4.737206e-01
      vertex   1.230000e+01 4.750000e+01 4.737206e-01
      vertex   4.750000e+01 4.750000e+01 0.000000e+00
    endloop
  endfacet
  facet normal 0.000000e+00 -1.000000e+00 0.000000e+00
    outer loop
      vertex   4.750000e+01 4.750000e+01 0.000000e+00
      vertex   1.230000e+01 4.750000e+01 4.737206e-01
      vertex   1.230000e+01 4.750000e+01 0.000000e+00
    endloop
  endfacet
  facet normal 1.957550e-15 -8.660254e-01 5.000000e-01
    outer loop
      vertex   3.044428e+01 5.152320e+01 7.442109e+00
      vertex   5.300000e+01 5.300000e+01 1.000000e+01
      vertex   3.004865e+01 5.152415e+01 7.443754e+00
    endloop
  endfacet
  facet normal -1.093748e-18 -8.660254e-01 5.000000e-01
    outer loop
      vertex   3.004865e+01 5.152415e+01 7.443754e+00
      vertex   5.300000e+01 5.300000e+01 1.000000e+01
      vertex   6.800000e+00 5.300000e+01 1.000000e+01
    endloop
  endfacet
  facet normal 2.678575e-15 -8.660254e-01 5.000000e-01
    outer loop
      vertex   3.004865e+01 5.152415e+01 7.443754e+00
      vertex   6.800000e+00 5.300000e+01 1.000000e+01
      vertex   2.993368e+01 5.143190e+01 7.283974e+00
    endloop
  endfacet
  facet normal -2.928756e-15 -8.660254e-01 5.000000e-01
    outer loop
      vertex   2.993368e+01 5.143190e+01 7.283974e+00
      vertex   6.800000e+00 5.300000e+01 1.000000e+01
      vertex   2.980570e+01 5.134493e+01 7.133328e+00
    endloop
  endfacet
  facet normal -2.318343e-15 -8.660254e-01 5.000000e-01
    outer loop
      vertex   2.980570e+01 5.134493e+01 7.133328e+00
      vertex   6.800000e+00 5.300000e+01 1.000000e+01
      vertex   2.965816e+01 5.126587e+01 6.996402e+00
    endloop
  endfacet
  facet normal 2.203752e-15 -8.660254e-01 5.000000e-01
    outer loop
      vertex   2.965816e+01 5.126587e+01 6.996402e+00
      vertex   6.800000e+00 5.300000e+01 1.000000e+01
      vertex   2.949974e+01 5.119122e+01 6.867103e+00
    endloop
  endfacet
  facet normal -2.502804e-15 -8.660254e-01 5.000000e-01
    outer loop
      vertex   2.949974e+01 5.119122e+01 6.867103e+00
      vertex   6.800000e+00 5.300000e+01 1.000000e+01
      vertex   2.928866e+01 5.110706e+01 6.721337e+00
    endloop
  endfacet
  facet normal 5.606116e-16 -8.660254e-01 5.000000e-01
    outer loop
      vertex   2.928866e+01 5.110706e+01 6.721337e+00
      vertex   6.800000e+00 5.300000e+01 1.000000e+01
      vertex   2.859653e+01 5.090007e+01 6.362815e+00
    endloop
  endfacet
  facet normal -4.401788e-13 -8.660254e-01 5.000000e-01
    outer loop
      vertex   2.928866e+01 5.110706e+01 6.721337e+00
      vertex   2.859653e+01 5.090007e+01 6.362815e+00
      vertex   2.883685e+01 5.096164e+01 6.469453e+00
    endloop
  endfacet
  facet normal -3.240834e-16 -8.660254e-01 5.000000e-01
    outer loop
      vertex   3.044428e+01 5.152320e+01 7.442109e+00
      vertex   3.042018e+01 4.901300e+01 3.094310e+00
      vertex   5.300000e+01 5.300000e+01 1.000000e+01
    endloop
  endfacet
  facet normal 2.287137e-16 -8.660254e-01 5.000000e-01
    outer loop
      vertex   5.300000e+01 5.300000e+01 1.000000e+01
      vertex   3.042018e+01 4.901300e+01 3.094310e+00
      vertex   4.750000e+01 4.750000e+01 4.737206e-01
    endloop
  endfacet
  facet normal 0.000000e+00 -8.660254e-01 5.000000e-01
    outer loop
      vertex   4.750000e+01 4.750000e+01 4.737206e-01
      vertex   3.042018e+01 4.901300e+01 3.094310e+00
      vertex   1.230000e+01 4.750000e+01 4.737206e-01
    endloop
  endfacet
  facet normal -9.321055e-16 -8.660254e-01 5.000000e-01
    outer loop
      vertex   1.230000e+01 4.750000e+01 4.737206e-01
      vertex   3.042018e+01 4.901300e+01 3.094310e+00
      vertex   2.980627e+01 4.901447e+01 3.096862e+00
    endloop
  endfacet
  facet normal -6.851640e-16 -8.660254e-01 5.000000e-01
    outer loop
      vertex   1.230000e+01 4.750000e+01 4.737206e-01
      vertex   2.980627e+01 4.901447e+01 3.096862e+00
      vertex   2.859368e+01 5.060335e+01 5.848877e+00
    endloop
  endfacet
  facet normal -4.710751e-14 -8.660254e-01 5.000000e-01
    outer loop
      vertex   2.859368e+01 5.060335e+01 5.848877e+00
      vertex   2.980627e+01 4.901447e+01 3.096862e+00
      vertex   2.876005e+01 5.063758e+01 5.908174e+00
    endloop
  endfacet
  facet normal 3.126220e-14 -8.660254e-01 5.000000e-01
    outer loop
      vertex   2.876005e+01 5.063758e+01 5.908174e+00
      vertex   2.980627e+01 4.901447e+01 3.096862e+00
      vertex   2.892363e+01 5.067473e+01 5.972508e+00
    endloop
  endfacet
  facet normal -1.487627e-14 -8.660254e-01 5.000000e-01
    outer loop
      vertex   2.892363e+01 5.067473e+01 5.972508e+00
      vertex   2.980627e+01 4.901447e+01 3.096862e+00
      vertex   2.908292e+01 5.071631e+01 6.044538e+00
    endloop
  endfacet
  facet normal 1.626410e-14 -8.660254e-01 5.000000e-01
    outer loop
      vertex   2.908292e+01 5.071631e+01 6.044538e+00
      vertex   2.980627e+01 4.901447e+01 3.096862e+00
      vertex   2.923980e+01 5.076039e+01 6.120888e+00
    endloop
  endfacet
  facet normal -1.329931e-14 -8.660254e-01 5.000000e-01
    outer loop
      vertex   2.923980e+01 5.076039e+01 6.120888e+00
      vertex   2.980627e+01 4.901447e+01 3.096862e+00
      vertex   2.939426e+01 5.080729e+01 6.202108e+00
    endloop
  endfacet
  facet normal -6.099491e-14 -8.660254e-01 5.000000e-01
    outer loop
      vertex   2.939426e+01 5.080729e+01 6.202108e+00
      vertex   2.980627e+01 4.901447e+01 3.096862e+00
      vertex   2.954451e+01 5.085709e+01 6.288364e+00
    endloop
  endfacet
  facet normal 5.400894e-14 -8.660254e-01 5.000000e-01
    outer loop
      vertex   2.954451e+01 5.085709e+01 6.288364e+00
      vertex   2.980627e+01 4.901447e+01 3.096862e+00
      vertex   2.968724e+01 5.091207e+01 6.383599e+00
    endloop
  endfacet
  facet normal 1.149226e-14 -8.660254e-01 5.000000e-01
    outer loop
      vertex   2.968724e+01 5.091207e+01 6.383599e+00
      vertex   2.980627e+01 4.901447e+01 3.096862e+00
      vertex   2.982505e+01 5.097045e+01 6.484719e+00
    endloop
  endfacet
  facet normal 2.933949e-16 -8.660254e-01 5.000000e-01
    outer loop
      vertex   1.230000e+01 4.750000e+01 4.737206e-01
      vertex   2.859368e+01 5.060335e+01 5.848877e+00
      vertex   6.800000e+00 5.300000e+01 1.000000e+01
    endloop
  endfacet
  facet normal -8.122342e-18 -8.660254e-01 5.000000e-01
    outer loop
      vertex   6.800000e+00 5.300000e+01 1.000000e+01
      vertex   2.859368e+01 5.060335e+01 5.848877e+00
      vertex   2.859653e+01 5.090007e+01 6.362815e+00
    endloop
  endfacet
  facet normal 3.278357e-14 -8.660254e-01 5.000000e-01
    outer loop
      vertex   2.883685e+01 5.096164e+01 6.469453e+00
      vertex   2.906940e+01 5.102922e+01 6.586509e+00
      vertex   2.928866e+01 5.110706e+01 6.721337e+00
    endloop
  endfacet
  facet normal -8.660254e-01 0.000000e+00 5.000000e-01
    outer loop
      vertex   5.300000e+01 5.300000e+01 1.000000e+01
      vertex   4.750000e+01 4.750000e+01 4.737206e-01
      vertex   5.300000e+01 6.800000e+00 1.000000e+01
    endloop
  endfacet
  facet normal -8.660254e-01 -5.964008e-17 5.000000e-01
    outer loop
      vertex   5.300000e+01 6.800000e+00 1.000000e+01
      vertex   4.750000e+01 4.750000e+01 4.737206e-01
      vertex   4.750000e+01 1.230000e+01 4.737206e-01
    endloop
  endfacet
  facet normal 0.000000e+00 8.660254e-01 5.000000e-01
    outer loop
      vertex   5.300000e+01 6.800000e+00 1.000000e+01
      vertex   4.750000e+01 1.230000e+01 4.737206e-01
      vertex   6.800000e+00 6.800000e+00 1.000000e+01
    endloop
  endfacet
  facet normal 4.153041e-17 8.660254e-01 5.000000e-01
    outer loop
      vertex   6.800000e+00 6.800000e+00 1.000000e+01
      vertex   4.750000e+01 1.230000e+01 4.737206e-01
      vertex   1.230000e+01 1.230000e+01 4.737206e-01
    endloop
  endfacet
  facet normal 8.660254e-01 0.000000e+00 5.000000e-01
    outer loop
      vertex   6.800000e+00 5.300000e+01 1.000000e+01
      vertex   6.800000e+00 6.800000e+00 1.000000e+01
      vertex   1.230000e+01 4.750000e+01 4.737206e-01
    endloop
  endfacet
  facet normal 8.660254e-01 -9.101434e-17 5.000000e-01
    outer loop
      vertex   1.230000e+01 4.750000e+01 4.737206e-01
      vertex   6.800000e+00 6.800000e+00 1.000000e+01
      vertex   1.230000e+01 1.230000e+01 4.737206e-01
    endloop
  endfacet
  facet normal -1.000000e+00 0.000000e+00 0.000000e+00
    outer loop
      vertex   4.750000e+01 5.980000e+01 4.737206e-01
      vertex   4.750000e+01 9.480000e+01 4.737206e-01
      vertex   4.750000e+01 5.980000e+01 0.000000e+00
    endloop
  endfacet
  facet normal -1.000000e+00 0.000000e+00 0.000000e+00
    outer loop
      vertex   4.750000e+01 5.980000e+01 0.000000e+00
      vertex   4.750000e+01 9.480000e+01 4.737206e-01
      vertex   4.750000e+01 9.480000e+01 0.000000e+00
    endloop
  endfacet
  facet normal -0.000000e+00 1.000000e+00 0.000000e+00
    outer loop
      vertex   1.230000e+01 5.980000e+01 4.737206e-01
      vertex   4.750000e+01 5.980000e+01 4.737206e-01
      vertex   1.230000e+01 5.980000e+01 0.000000e+00
    endloop
  endfacet
  facet normal 0.000000e+00 1.000000e+00 0.000000e+00
    outer loop
      vertex   1.230000e+01 5.980000e+01 0.000000e+00
      vertex   4.750000e+01 5.980000e+01 4.737206e-01
      vertex   4.750000e+01 5.980000e+01 0.000000e+00
    endloop
  endfacet
  facet normal -4.731064e-17 8.660254e-01 5.000000e-01
    outer loop
      vertex   4.750000e+01 5.980000e+01 4.737206e-01
      vertex   1.230000e+01 5.980000e+01 4.737206e-01
      vertex   5.300000e+01 5.430000e+01 1.000000e+01
    endloop
  endfacet
  facet normal 0.000000e+00 8.660254e-01 5.000000e-01
    outer loop
      vertex   5.300000e+01 5.430000e+01 1.000000e+01
      vertex   1.230000e+01 5.980000e+01 4.737206e-01
      vertex   6.800000e+00 5.430000e+01 1.000000e+01
    endloop
  endfacet
  facet normal 8.660254e-01 0.000000e+00 5.000000e-01
    outer loop
      vertex   6.800000e+00 1.003000e+02 1.000000e+01
      vertex   6.800000e+00 5.430000e+01 1.000000e+01
      vertex   1.230000e+01 9.480000e+01 4.737206e-01
    endloop
  endfacet
  facet normal 8.660254e-01 1.305102e-16 5.000000e-01
    outer loop
      vertex   1.230000e+01 9.480000e+01 4.737206e-01
      vertex   6.800000e+00 5.430000e+01 1.000000e+01
      vertex   1.230000e+01 5.980000e+01 4.737206e-01
    endloop
  endfacet
  facet normal 2.869019e-15 -8.660254e-01 5.000000e-01
    outer loop
      vertex   2.947671e+01 9.705571e+01 4.380727e+00
      vertex   2.930468e+01 9.697388e+01 4.238995e+00
      vertex   3.149757e+01 9.680795e+01 3.951586e+00
    endloop
  endfacet
  facet normal 5.342082e-15 -8.660254e-01 5.000000e-01
    outer loop
      vertex   3.149757e+01 9.680795e+01 3.951586e+00
      vertex   2.930468e+01 9.697388e+01 4.238995e+00
      vertex   2.923379e+01 9.693491e+01 4.171486e+00
    endloop
  endfacet
  facet normal -3.719850e-14 -8.660254e-01 5.000000e-01
    outer loop
      vertex   3.149757e+01 9.680795e+01 3.951586e+00
      vertex   2.923379e+01 9.693491e+01 4.171486e+00
      vertex   2.916612e+01 9.689467e+01 4.101803e+00
    endloop
  endfacet
  facet normal 4.552142e-15 -8.660254e-01 5.000000e-01
    outer loop
      vertex   2.916612e+01 9.689467e+01 4.101803e+00
      vertex   2.910399e+01 9.685228e+01 4.028368e+00
      vertex   3.149757e+01 9.680795e+01 3.951586e+00
    endloop
  endfacet
  facet normal 4.937574e-15 -8.660254e-01 5.000000e-01
    outer loop
      vertex   3.149757e+01 9.680795e+01 3.951586e+00
      vertex   2.910399e+01 9.685228e+01 4.028368e+00
      vertex   2.904532e+01 9.680853e+01 3.952592e+00
    endloop
  endfacet
  facet normal 8.548679e-16 -8.660254e-01 5.000000e-01
    outer loop
      vertex   3.149729e+01 9.651293e+01 3.440596e+00
      vertex   4.750000e+01 9.480000e+01 4.737206e-01
      vertex   3.149757e+01 9.680795e+01 3.951586e+00
    endloop
  endfacet
  facet normal -6.476515e-16 -8.660254e-01 5.000000e-01
    outer loop
      vertex   3.149757e+01 9.680795e+01 3.951586e+00
      vertex   4.750000e+01 9.480000e+01 4.737206e-01
      vertex   3.118921e+01 9.787330e+01 5.796824e+00
    endloop
  endfacet
  facet normal 1.167996e-13 -8.660254e-01 5.000000e-01
    outer loop
      vertex   3.149757e+01 9.680795e+01 3.951586e+00
      vertex   3.118921e+01 9.787330e+01 5.796824e+00
      vertex   3.107872e+01 9.779969e+01 5.669331e+00
    endloop
  endfacet
  facet normal -2.207830e-16 -8.660254e-01 5.000000e-01
    outer loop
      vertex   4.750000e+01 9.480000e+01 4.737206e-01
      vertex   3.149729e+01 9.651293e+01 3.440596e+00
      vertex   1.230000e+01 9.480000e+01 4.737206e-01
    endloop
  endfacet
  facet normal 2.585277e-15 -8.660254e-01 5.000000e-01
    outer loop
      vertex   1.230000e+01 9.480000e+01 4.737206e-01
      vertex   3.149729e+01 9.651293e+01 3.440596e+00
      vertex   2.819238e+01 9.651371e+01 3.441951e+00
    endloop
  endfacet
  facet normal -3.936170e-14 -8.660254e-01 5.000000e-01
    outer loop
      vertex   1.230000e+01 9.480000e+01 4.737206e-01
      vertex   2.819238e+01 9.651371e+01 3.441951e+00
      vertex   2.819562e+01 9.656824e+01 3.536399e+00
    endloop
  endfacet
  facet normal -4.823558e-15 -8.660254e-01 5.000000e-01
    outer loop
      vertex   2.819562e+01 9.656824e+01 3.536399e+00
      vertex   2.820687e+01 9.662209e+01 3.629675e+00
      vertex   1.230000e+01 9.480000e+01 4.737206e-01
    endloop
  endfacet
  facet normal 1.961545e-16 -8.660254e-01 5.000000e-01
    outer loop
      vertex   1.230000e+01 9.480000e+01 4.737206e-01
      vertex   2.820687e+01 9.662209e+01 3.629675e+00
      vertex   2.823150e+01 9.667481e+01 3.720994e+00
    endloop
  endfacet
  facet normal 5.531195e-14 -8.660254e-01 5.000000e-01
    outer loop
      vertex   1.230000e+01 9.480000e+01 4.737206e-01
      vertex   2.823150e+01 9.667481e+01 3.720994e+00
      vertex   2.826420e+01 9.672686e+01 3.811135e+00
    endloop
  endfacet
  facet normal -1.262643e-14 -8.660254e-01 5.000000e-01
    outer loop
      vertex   2.826420e+01 9.672686e+01 3.811135e+00
      vertex   2.834493e+01 9.681596e+01 3.965473e+00
      vertex   1.230000e+01 9.480000e+01 4.737206e-01
    endloop
  endfacet
  facet normal 2.616280e-14 -8.660254e-01 5.000000e-01
    outer loop
      vertex   1.230000e+01 9.480000e+01 4.737206e-01
      vertex   2.834493e+01 9.681596e+01 3.965473e+00
      vertex   2.843691e+01 9.690169e+01 4.113956e+00
    endloop
  endfacet
  facet normal -5.371503e-14 -8.660254e-01 5.000000e-01
    outer loop
      vertex   1.230000e+01 9.480000e+01 4.737206e-01
      vertex   2.843691e+01 9.690169e+01 4.113956e+00
      vertex   2.854679e+01 9.698204e+01 4.253130e+00
    endloop
  endfacet
  facet normal 3.830290e-16 -8.660254e-01 5.000000e-01
    outer loop
      vertex   1.230000e+01 9.480000e+01 4.737206e-01
      vertex   2.854679e+01 9.698204e+01 4.253130e+00
      vertex   6.800000e+00 1.003000e+02 1.000000e+01
    endloop
  endfacet
  facet normal -2.208069e-14 -8.660254e-01 5.000000e-01
    outer loop
      vertex   6.800000e+00 1.003000e+02 1.000000e+01
      vertex   2.854679e+01 9.698204e+01 4.253130e+00
      vertex   2.866697e+01 9.705930e+01 4.386941e+00
    endloop
  endfacet
  facet normal 1.226450e-15 -8.660254e-01 5.000000e-01
    outer loop
      vertex   6.800000e+00 1.003000e+02 1.000000e+01
      vertex   2.866697e+01 9.705930e+01 4.386941e+00
      vertex   2.831003e+01 9.830086e+01 6.537383e+00
    endloop
  endfacet
  facet normal -5.833383e-14 -8.660254e-01 5.000000e-01
    outer loop
      vertex   2.831003e+01 9.830086e+01 6.537383e+00
      vertex   2.866697e+01 9.705930e+01 4.386941e+00
      vertex   2.885673e+01 9.715999e+01 4.561340e+00
    endloop
  endfacet
  facet normal 7.049843e-14 -8.660254e-01 5.000000e-01
    outer loop
      vertex   2.831003e+01 9.830086e+01 6.537383e+00
      vertex   2.885673e+01 9.715999e+01 4.561340e+00
      vertex   2.905337e+01 9.725705e+01 4.729461e+00
    endloop
  endfacet
  facet normal 1.717300e-14 -8.660254e-01 5.000000e-01
    outer loop
      vertex   2.905337e+01 9.725705e+01 4.729461e+00
      vertex   2.926005e+01 9.734882e+01 4.888410e+00
      vertex   2.831003e+01 9.830086e+01 6.537383e+00
    endloop
  endfacet
  facet normal -6.056407e-14 -8.660254e-01 5.000000e-01
    outer loop
      vertex   2.831003e+01 9.830086e+01 6.537383e+00
      vertex   2.926005e+01 9.734882e+01 4.888410e+00
      vertex   2.947224e+01 9.743769e+01 5.042333e+00
    endloop
  endfacet
  facet normal 1.281855e-14 -8.660254e-01 5.000000e-01
    outer loop
      vertex   2.831003e+01 9.830086e+01 6.537383e+00
      vertex   2.947224e+01 9.743769e+01 5.042333e+00
      vertex   2.976715e+01 9.755989e+01 5.253997e+00
    endloop
  endfacet
  facet normal -7.273175e-15 -8.660254e-01 5.000000e-01
    outer loop
      vertex   2.976715e+01 9.755989e+01 5.253997e+00
      vertex   3.005266e+01 9.768690e+01 5.473978e+00
      vertex   2.831003e+01 9.830086e+01 6.537383e+00
    endloop
  endfacet
  facet normal -3.632684e-14 -8.660254e-01 5.000000e-01
    outer loop
      vertex   2.831003e+01 9.830086e+01 6.537383e+00
      vertex   3.005266e+01 9.768690e+01 5.473978e+00
      vertex   3.032029e+01 9.782303e+01 5.709763e+00
    endloop
  endfacet
  facet normal -1.486629e-14 -8.660254e-01 5.000000e-01
    outer loop
      vertex   2.831003e+01 9.830086e+01 6.537383e+00
      vertex   3.032029e+01 9.782303e+01 5.709763e+00
      vertex   2.894097e+01 9.826831e+01 6.481004e+00
    endloop
  endfacet
  facet normal 6.900405e-15 -8.660254e-01 5.000000e-01
    outer loop
      vertex   2.894097e+01 9.826831e+01 6.481004e+00
      vertex   3.032029e+01 9.782303e+01 5.709763e+00
      vertex   3.057438e+01 9.796608e+01 5.957529e+00
    endloop
  endfacet
  facet normal 2.357642e-15 -8.660254e-01 5.000000e-01
    outer loop
      vertex   2.894097e+01 9.826831e+01 6.481004e+00
      vertex   3.057438e+01 9.796608e+01 5.957529e+00
      vertex   3.068587e+01 9.805119e+01 6.104943e+00
    endloop
  endfacet
  facet normal 8.253330e-15 -8.660254e-01 5.000000e-01
    outer loop
      vertex   3.068587e+01 9.805119e+01 6.104943e+00
      vertex   3.077693e+01 9.814009e+01 6.258930e+00
      vertex   2.894097e+01 9.826831e+01 6.481004e+00
    endloop
  endfacet
  facet normal -1.686354e-15 -8.660254e-01 5.000000e-01
    outer loop
      vertex   2.894097e+01 9.826831e+01 6.481004e+00
      vertex   3.077693e+01 9.814009e+01 6.258930e+00
      vertex   3.083127e+01 9.823581e+01 6.424726e+00
    endloop
  endfacet
  facet normal -6.652585e-16 -8.660254e-01 5.000000e-01
    outer loop
      vertex   2.894097e+01 9.826831e+01 6.481004e+00
      vertex   3.083127e+01 9.823581e+01 6.424726e+00
      vertex   3.086123e+01 9.833606e+01 6.598364e+00
    endloop
  endfacet
  facet normal 2.644842e-16 -8.660254e-01 5.000000e-01
    outer loop
      vertex   2.894097e+01 9.826831e+01 6.481004e+00
      vertex   3.086123e+01 9.833606e+01 6.598364e+00
      vertex   2.895819e+01 9.836994e+01 6.657035e+00
    endloop
  endfacet
  facet normal -3.347618e-15 -8.660254e-01 5.000000e-01
    outer loop
      vertex   2.895819e+01 9.836994e+01 6.657035e+00
      vertex   3.086123e+01 9.833606e+01 6.598364e+00
      vertex   3.084098e+01 9.842252e+01 6.748104e+00
    endloop
  endfacet
  facet normal -6.445096e-15 -8.660254e-01 5.000000e-01
    outer loop
      vertex   2.895819e+01 9.836994e+01 6.657035e+00
      vertex   3.084098e+01 9.842252e+01 6.748104e+00
      vertex   2.900166e+01 9.846658e+01 6.824415e+00
    endloop
  endfacet
  facet normal 6.754671e-15 -8.660254e-01 5.000000e-01
    outer loop
      vertex   2.900166e+01 9.846658e+01 6.824415e+00
      vertex   3.084098e+01 9.842252e+01 6.748104e+00
      vertex   3.079604e+01 9.850369e+01 6.888698e+00
    endloop
  endfacet
  facet normal 1.257037e-14 -8.660254e-01 5.000000e-01
    outer loop
      vertex   2.900166e+01 9.846658e+01 6.824415e+00
      vertex   3.079604e+01 9.850369e+01 6.888698e+00
      vertex   2.909135e+01 9.855441e+01 6.976553e+00
    endloop
  endfacet
  facet normal -3.218541e-15 -8.660254e-01 5.000000e-01
    outer loop
      vertex   2.909135e+01 9.855441e+01 6.976553e+00
      vertex   3.079604e+01 9.850369e+01 6.888698e+00
      vertex   3.070987e+01 9.857604e+01 7.014013e+00
    endloop
  endfacet
  facet normal -6.798743e-15 -8.660254e-01 5.000000e-01
    outer loop
      vertex   2.909135e+01 9.855441e+01 6.976553e+00
      vertex   3.070987e+01 9.857604e+01 7.014013e+00
      vertex   2.921076e+01 9.863659e+01 7.118893e+00
    endloop
  endfacet
  facet normal -2.445826e-15 -8.660254e-01 5.000000e-01
    outer loop
      vertex   2.921076e+01 9.863659e+01 7.118893e+00
      vertex   3.070987e+01 9.857604e+01 7.014013e+00
      vertex   3.059890e+01 9.864308e+01 7.130138e+00
    endloop
  endfacet
  facet normal -2.914338e-15 -8.660254e-01 5.000000e-01
    outer loop
      vertex   2.921076e+01 9.863659e+01 7.118893e+00
      vertex   3.059890e+01 9.864308e+01 7.130138e+00
      vertex   3.044741e+01 9.869845e+01 7.226038e+00
    endloop
  endfacet
  facet normal -1.668123e-14 -8.660254e-01 5.000000e-01
    outer loop
      vertex   2.921076e+01 9.863659e+01 7.118893e+00
      vertex   3.044741e+01 9.869845e+01 7.226038e+00
      vertex   2.936862e+01 9.869514e+01 7.220293e+00
    endloop
  endfacet
  facet normal -1.379125e-14 -8.660254e-01 5.000000e-01
    outer loop
      vertex   2.936862e+01 9.869514e+01 7.220293e+00
      vertex   3.044741e+01 9.869845e+01 7.226038e+00
      vertex   3.028571e+01 9.874044e+01 7.298765e+00
    endloop
  endfacet
  facet normal -3.176857e-14 -8.660254e-01 5.000000e-01
    outer loop
      vertex   2.936862e+01 9.869514e+01 7.220293e+00
      vertex   3.028571e+01 9.874044e+01 7.298765e+00
      vertex   2.953751e+01 9.873938e+01 7.296919e+00
    endloop
  endfacet
  facet normal -3.483990e-14 -8.660254e-01 5.000000e-01
    outer loop
      vertex   2.953751e+01 9.873938e+01 7.296919e+00
      vertex   3.028571e+01 9.874044e+01 7.298765e+00
      vertex   3.010771e+01 9.876110e+01 7.334547e+00
    endloop
  endfacet
  facet normal 6.731966e-14 -8.660254e-01 5.000000e-01
    outer loop
      vertex   2.953751e+01 9.873938e+01 7.296919e+00
      vertex   3.010771e+01 9.876110e+01 7.334547e+00
      vertex   2.972388e+01 9.876093e+01 7.334255e+00
    endloop
  endfacet
  facet normal 6.819191e-14 -8.660254e-01 5.000000e-01
    outer loop
      vertex   2.972388e+01 9.876093e+01 7.334255e+00
      vertex   3.010771e+01 9.876110e+01 7.334547e+00
      vertex   2.992030e+01 9.876944e+01 7.348991e+00
    endloop
  endfacet
  facet normal -6.405251e-15 -8.660254e-01 5.000000e-01
    outer loop
      vertex   2.831003e+01 9.830086e+01 6.537383e+00
      vertex   2.836066e+01 9.845191e+01 6.799021e+00
      vertex   6.800000e+00 1.003000e+02 1.000000e+01
    endloop
  endfacet
  facet normal 4.542852e-15 -8.660254e-01 5.000000e-01
    outer loop
      vertex   6.800000e+00 1.003000e+02 1.000000e+01
      vertex   2.836066e+01 9.845191e+01 6.799021e+00
      vertex   2.844855e+01 9.859421e+01 7.045489e+00
    endloop
  endfacet
  facet normal -4.842847e-15 -8.660254e-01 5.000000e-01
    outer loop
      vertex   6.800000e+00 1.003000e+02 1.000000e+01
      vertex   2.844855e+01 9.859421e+01 7.045489e+00
      vertex   2.860220e+01 9.872105e+01 7.265178e+00
    endloop
  endfacet
  facet normal 1.903570e-16 -8.660254e-01 5.000000e-01
    outer loop
      vertex   2.860220e+01 9.872105e+01 7.265178e+00
      vertex   2.879826e+01 9.883792e+01 7.467599e+00
      vertex   6.800000e+00 1.003000e+02 1.000000e+01
    endloop
  endfacet
  facet normal -2.720508e-15 -8.660254e-01 5.000000e-01
    outer loop
      vertex   6.800000e+00 1.003000e+02 1.000000e+01
      vertex   2.879826e+01 9.883792e+01 7.467599e+00
      vertex   2.905716e+01 9.892118e+01 7.611816e+00
    endloop
  endfacet
  facet normal -1.815403e-14 -8.660254e-01 5.000000e-01
    outer loop
      vertex   6.800000e+00 1.003000e+02 1.000000e+01
      vertex   2.905716e+01 9.892118e+01 7.611816e+00
      vertex   2.933043e+01 9.898333e+01 7.719456e+00
    endloop
  endfacet
  facet normal 7.034771e-15 -8.660254e-01 5.000000e-01
    outer loop
      vertex   2.933043e+01 9.898333e+01 7.719456e+00
      vertex   2.962599e+01 9.901271e+01 7.770349e+00
      vertex   6.800000e+00 1.003000e+02 1.000000e+01
    endloop
  endfacet
  facet normal 2.643986e-14 -8.660254e-01 5.000000e-01
    outer loop
      vertex   6.800000e+00 1.003000e+02 1.000000e+01
      vertex   2.962599e+01 9.901271e+01 7.770349e+00
      vertex   2.993418e+01 9.902353e+01 7.789087e+00
    endloop
  endfacet
  facet normal 0.000000e+00 -8.660254e-01 5.000000e-01
    outer loop
      vertex   6.800000e+00 1.003000e+02 1.000000e+01
      vertex   2.993418e+01 9.902353e+01 7.789087e+00
      vertex   5.300000e+01 1.003000e+02 1.000000e+01
    endloop
  endfacet
  facet normal 2.836168e-14 -8.660254e-01 5.000000e-01
    outer loop
      vertex   5.300000e+01 1.003000e+02 1.000000e+01
      vertex   2.993418e+01 9.902353e+01 7.789087e+00
      vertex   3.024655e+01 9.901150e+01 7.768251e+00
    endloop
  endfacet
  facet normal -1.890526e-15 -8.660254e-01 5.000000e-01
    outer loop
      vertex   5.300000e+01 1.003000e+02 1.000000e+01
      vertex   3.024655e+01 9.901150e+01 7.768251e+00
      vertex   3.054447e+01 9.897963e+01 7.713053e+00
    endloop
  endfacet
  facet normal -7.765564e-15 -8.660254e-01 5.000000e-01
    outer loop
      vertex   3.054447e+01 9.897963e+01 7.713053e+00
      vertex   3.081696e+01 9.891287e+01 7.597421e+00
      vertex   5.300000e+01 1.003000e+02 1.000000e+01
    endloop
  endfacet
  facet normal 4.105404e-15 -8.660254e-01 5.000000e-01
    outer loop
      vertex   5.300000e+01 1.003000e+02 1.000000e+01
      vertex   3.081696e+01 9.891287e+01 7.597421e+00
      vertex   3.107315e+01 9.882374e+01 7.443036e+00
    endloop
  endfacet
  facet normal -9.577990e-15 -8.660254e-01 5.000000e-01
    outer loop
      vertex   5.300000e+01 1.003000e+02 1.000000e+01
      vertex   3.107315e+01 9.882374e+01 7.443036e+00
      vertex   3.125091e+01 9.871559e+01 7.255713e+00
    endloop
  endfacet
  facet normal 3.914517e-15 -8.660254e-01 5.000000e-01
    outer loop
      vertex   3.125091e+01 9.871559e+01 7.255713e+00
      vertex   3.138869e+01 9.859894e+01 7.053680e+00
      vertex   5.300000e+01 1.003000e+02 1.000000e+01
    endloop
  endfacet
  facet normal 8.528044e-15 -8.660254e-01 5.000000e-01
    outer loop
      vertex   5.300000e+01 1.003000e+02 1.000000e+01
      vertex   3.138869e+01 9.859894e+01 7.053680e+00
      vertex   3.146021e+01 9.846822e+01 6.827262e+00
    endloop
  endfacet
  facet normal -4.264556e-15 -8.660254e-01 5.000000e-01
    outer loop
      vertex   5.300000e+01 1.003000e+02 1.000000e+01
      vertex   3.146021e+01 9.846822e+01 6.827262e+00
      vertex   3.149219e+01 9.832909e+01 6.586291e+00
    endloop
  endfacet
  facet normal 1.326612e-14 -8.660254e-01 5.000000e-01
    outer loop
      vertex   3.149219e+01 9.832909e+01 6.586291e+00
      vertex   3.148208e+01 9.825321e+01 6.454848e+00
      vertex   5.300000e+01 1.003000e+02 1.000000e+01
    endloop
  endfacet
  facet normal 1.470565e-15 -8.660254e-01 5.000000e-01
    outer loop
      vertex   5.300000e+01 1.003000e+02 1.000000e+01
      vertex   3.148208e+01 9.825321e+01 6.454848e+00
      vertex   3.146060e+01 9.817850e+01 6.325446e+00
    endloop
  endfacet
  facet normal -5.693715e-14 -8.660254e-01 5.000000e-01
    outer loop
      vertex   5.300000e+01 1.003000e+02 1.000000e+01
      vertex   3.146060e+01 9.817850e+01 6.325446e+00
      vertex   3.142041e+01 9.810572e+01 6.199403e+00
    endloop
  endfacet
  facet normal 4.242926e-14 -8.660254e-01 5.000000e-01
    outer loop
      vertex   3.142041e+01 9.810572e+01 6.199403e+00
      vertex   3.136913e+01 9.803410e+01 6.075351e+00
      vertex   5.300000e+01 1.003000e+02 1.000000e+01
    endloop
  endfacet
  facet normal 8.141462e-15 -8.660254e-01 5.000000e-01
    outer loop
      vertex   5.300000e+01 1.003000e+02 1.000000e+01
      vertex   3.136913e+01 9.803410e+01 6.075351e+00
      vertex   3.128424e+01 9.795202e+01 5.933181e+00
    endloop
  endfacet
  facet normal 7.193206e-15 -8.660254e-01 5.000000e-01
    outer loop
      vertex   5.300000e+01 1.003000e+02 1.000000e+01
      vertex   3.128424e+01 9.795202e+01 5.933181e+00
      vertex   3.118921e+01 9.787330e+01 5.796824e+00
    endloop
  endfacet
  facet normal -2.369387e-14 -8.660254e-01 5.000000e-01
    outer loop
      vertex   3.107872e+01 9.779969e+01 5.669331e+00
      vertex   3.095956e+01 9.772895e+01 5.546806e+00
      vertex   3.149757e+01 9.680795e+01 3.951586e+00
    endloop
  endfacet
  facet normal 5.834711e-14 -8.660254e-01 5.000000e-01
    outer loop
      vertex   3.149757e+01 9.680795e+01 3.951586e+00
      vertex   3.095956e+01 9.772895e+01 5.546806e+00
      vertex   3.073381e+01 9.761341e+01 5.346686e+00
    endloop
  endfacet
  facet normal 1.597359e-15 -8.660254e-01 5.000000e-01
    outer loop
      vertex   3.149757e+01 9.680795e+01 3.951586e+00
      vertex   3.073381e+01 9.761341e+01 5.346686e+00
      vertex   3.050150e+01 9.750136e+01 5.152611e+00
    endloop
  endfacet
  facet normal -5.198857e-14 -8.660254e-01 5.000000e-01
    outer loop
      vertex   3.050150e+01 9.750136e+01 5.152611e+00
      vertex   3.026030e+01 9.739403e+01 4.966707e+00
      vertex   3.149757e+01 9.680795e+01 3.951586e+00
    endloop
  endfacet
  facet normal 1.531697e-14 -8.660254e-01 5.000000e-01
    outer loop
      vertex   3.149757e+01 9.680795e+01 3.951586e+00
      vertex   3.026030e+01 9.739403e+01 4.966707e+00
      vertex   3.001440e+01 9.728920e+01 4.785139e+00
    endloop
  endfacet
  facet normal -2.068976e-15 -8.660254e-01 5.000000e-01
    outer loop
      vertex   3.149757e+01 9.680795e+01 3.951586e+00
      vertex   3.001440e+01 9.728920e+01 4.785139e+00
      vertex   2.983227e+01 9.721298e+01 4.653124e+00
    endloop
  endfacet
  facet normal 2.350676e-14 -8.660254e-01 5.000000e-01
    outer loop
      vertex   2.983227e+01 9.721298e+01 4.653124e+00
      vertex   2.965235e+01 9.713554e+01 4.518990e+00
      vertex   3.149757e+01 9.680795e+01 3.951586e+00
    endloop
  endfacet
  facet normal 7.975413e-15 -8.660254e-01 5.000000e-01
    outer loop
      vertex   3.149757e+01 9.680795e+01 3.951586e+00
      vertex   2.965235e+01 9.713554e+01 4.518990e+00
      vertex   2.947671e+01 9.705571e+01 4.380727e+00
    endloop
  endfacet
  facet normal -1.374600e-16 -8.660254e-01 5.000000e-01
    outer loop
      vertex   4.750000e+01 9.480000e+01 4.737206e-01
      vertex   5.300000e+01 1.003000e+02 1.000000e+01
      vertex   3.118921e+01 9.787330e+01 5.796824e+00
    endloop
  endfacet
  facet normal -8.660254e-01 0.000000e+00 5.000000e-01
    outer loop
      vertex   5.300000e+01 1.003000e+02 1.000000e+01
      vertex   4.750000e+01 9.480000e+01 4.737206e-01
      vertex   5.300000e+01 5.430000e+01 1.000000e+01
    endloop
  endfacet
  facet normal -8.660254e-01 -4.613914e-18 5.000000e-01
    outer loop
      vertex   5.300000e+01 5.430000e+01 1.000000e+01
      vertex   4.750000e+01 9.480000e+01 4.737206e-01
      vertex   4.750000e+01 5.980000e+01 4.737206e-01
    endloop
  endfacet
  facet normal 1.000000e+00 0.000000e+00 0.000000e+00
    outer loop
      vertex   5.980000e+01 4.750000e+01 4.737206e-01
      vertex   5.980000e+01 1.230000e+01 4.737206e-01
      vertex   5.980000e+01 4.750000e+01 0.000000e+00
    endloop
  endfacet
  facet normal 1.000000e+00 0.000000e+00 0.000000e+00
    outer loop
      vertex   5.980000e+01 4.750000e+01 0.000000e+00
      vertex   5.980000e+01 1.230000e+01 4.737206e-01
      vertex   5.980000e+01 1.230000e+01 0.000000e+00
    endloop
  endfacet
  facet normal -0.000000e+00 -1.000000e+00 -0.000000e+00
    outer loop
      vertex   9.480000e+01 4.750000e+01 4.737206e-01
      vertex   5.980000e+01 4.750000e+01 4.737206e-01
      vertex   9.480000e+01 4.750000e+01 0.000000e+00
    endloop
  endfacet
  facet normal 0.000000e+00 -1.000000e+00 0.000000e+00
    outer loop
      vertex   9.480000e+01 4.750000e+01 0.000000e+00
      vertex   5.980000e+01 4.750000e+01 4.737206e-01
      vertex   5.980000e+01 4.750000e+01 0.000000e+00
    endloop
  endfacet
  facet normal 2.220446e-16 -8.660254e-01 5.000000e-01
    outer loop
      vertex   5.980000e+01 4.750000e+01 4.737206e-01
      vertex   9.480000e+01 4.750000e+01 4.737206e-01
      vertex   5.430000e+01 5.300000e+01 1.000000e+01
    endloop
  endfacet
  facet normal 0.000000e+00 -8.660254e-01 5.000000e-01
    outer loop
      vertex   5.430000e+01 5.300000e+01 1.000000e+01
      vertex   9.480000e+01 4.750000e+01 4.737206e-01
      vertex   1.003000e+02 5.300000e+01 1.000000e+01
    endloop
  endfacet
  facet normal -8.660254e-01 0.000000e+00 5.000000e-01
    outer loop
      vertex   1.003000e+02 5.300000e+01 1.000000e+01
      vertex   9.480000e+01 4.750000e+01 4.737206e-01
      vertex   1.003000e+02 6.800000e+00 1.000000e+01
    endloop
  endfacet
  facet normal -8.660254e-01 1.674510e-16 5.000000e-01
    outer loop
      vertex   1.003000e+02 6.800000e+00 1.000000e+01
      vertex   9.480000e+01 4.750000e+01 4.737206e-01
      vertex   9.480000e+01 1.230000e+01 4.737206e-01
    endloop
  endfacet
  facet normal 0.000000e+00 8.660254e-01 5.000000e-01
    outer loop
      vertex   1.003000e+02 6.800000e+00 1.000000e+01
      vertex   9.480000e+01 1.230000e+01 4.737206e-01
      vertex   5.430000e+01 6.800000e+00 1.000000e+01
    endloop
  endfacet
  facet normal 9.252078e-17 8.660254e-01 5.000000e-01
    outer loop
      vertex   5.430000e+01 6.800000e+00 1.000000e+01
      vertex   9.480000e+01 1.230000e+01 4.737206e-01
      vertex   5.980000e+01 1.230000e+01 4.737206e-01
    endloop
  endfacet
  facet normal 8.660254e-01 0.000000e+00 5.000000e-01
    outer loop
      vertex   5.430000e+01 5.300000e+01 1.000000e+01
      vertex   5.430000e+01 6.800000e+00 1.000000e+01
      vertex   5.980000e+01 4.750000e+01 4.737206e-01
    endloop
  endfacet
  facet normal 8.660254e-01 0.000000e+00 5.000000e-01
    outer loop
      vertex   5.980000e+01 4.750000e+01 4.737206e-01
      vertex   5.430000e+01 6.800000e+00 1.000000e+01
      vertex   5.980000e+01 1.230000e+01 4.737206e-01
    endloop
  endfacet
  facet normal -1.000000e+00 0.000000e+00 0.000000e+00
    outer loop
      vertex   9.480000e+01 5.980000e+01 4.737206e-01
      vertex   9.480000e+01 9.480000e+01 4.737206e-01
      vertex   9.480000e+01 5.980000e+01 0.000000e+00
    endloop
  endfacet
  facet normal -1.000000e+00 0.000000e+00 0.000000e+00
    outer loop
      vertex   9.480000e+01 5.980000e+01 0.000000e+00
      vertex   9.480000e+01 9.480000e+01 4.737206e-01
      vertex   9.480000e+01 9.480000e+01 0.000000e+00
    endloop
  endfacet
  facet normal -0.000000e+00 1.000000e+00 0.000000e+00
    outer loop
      vertex   5.980000e+01 5.980000e+01 4.737206e-01
      vertex   9.480000e+01 5.980000e+01 4.737206e-01
      vertex   5.980000e+01 5.980000e+01 0.000000e+00
    endloop
  endfacet
  facet normal 0.000000e+00 1.000000e+00 0.000000e+00
    outer loop
      vertex   5.980000e+01 5.980000e+01 0.000000e+00
      vertex   9.480000e+01 5.980000e+01 4.737206e-01
      vertex   9.480000e+01 5.980000e+01 0.000000e+00
    endloop
  endfacet
  facet normal 0.000000e+00 8.660254e-01 5.000000e-01
    outer loop
      vertex   9.480000e+01 5.980000e+01 4.737206e-01
      vertex   5.980000e+01 5.980000e+01 4.737206e-01
      vertex   1.003000e+02 5.430000e+01 1.000000e+01
    endloop
  endfacet
  facet normal 0.000000e+00 8.660254e-01 5.000000e-01
    outer loop
      vertex   1.003000e+02 5.430000e+01 1.000000e+01
      vertex   5.980000e+01 5.980000e+01 4.737206e-01
      vertex   5.430000e+01 5.430000e+01 1.000000e+01
    endloop
  endfacet
  facet normal 8.660254e-01 0.000000e+00 5.000000e-01
    outer loop
      vertex   5.430000e+01 1.003000e+02 1.000000e+01
      vertex   5.430000e+01 5.430000e+01 1.000000e+01
      vertex   5.980000e+01 9.480000e+01 4.737206e-01
    endloop
  endfacet
  facet normal 8.660254e-01 2.220446e-16 5.000000e-01
    outer loop
      vertex   5.980000e+01 9.480000e+01 4.737206e-01
      vertex   5.430000e+01 5.430000e+01 1.000000e+01
      vertex   5.980000e+01 5.980000e+01 4.737206e-01
    endloop
  endfacet
  facet normal 0.000000e+00 -8.660254e-01 5.000000e-01
    outer loop
      vertex   1.003000e+02 1.003000e+02 1.000000e+01
      vertex   5.430000e+01 1.003000e+02 1.000000e+01
      vertex   9.480000e+01 9.480000e+01 4.737206e-01
    endloop
  endfacet
  facet normal 0.000000e+00 -8.660254e-01 5.000000e-01
    outer loop
      vertex   9.480000e+01 9.480000e+01 4.737206e-01
      vertex   5.430000e+01 1.003000e+02 1.000000e+01
      vertex   5.980000e+01 9.480000e+01 4.737206e-01
    endloop
  endfacet
  facet normal -8.660254e-01 0.000000e+00 5.000000e-01
    outer loop
      vertex   1.003000e+02 1.003000e+02 1.000000e+01
      vertex   9.480000e+01 9.480000e+01 4.737206e-01
      vertex   1.003000e+02 5.430000e+01 1.000000e+01
    endloop
  endfacet
  facet normal -8.660254e-01 2.237748e-16 5.000000e-01
    outer loop
      vertex   1.003000e+02 5.430000e+01 1.000000e+01
      vertex   9.480000e+01 9.480000e+01 4.737206e-01
      vertex   9.480000e+01 5.980000e+01 4.737206e-01
    endloop
  endfacet
  facet normal -1.000000e+00 0.000000e+00 0.000000e+00
    outer loop
      vertex   4.750000e+01 1.544000e+02 4.737206e-01
      vertex   4.750000e+01 1.894000e+02 4.737206e-01
      vertex   4.750000e+01 1.544000e+02 0.000000e+00
    endloop
  endfacet
  facet normal -1.000000e+00 0.000000e+00 0.000000e+00
    outer loop
      vertex   4.750000e+01 1.544000e+02 0.000000e+00
      vertex   4.750000e+01 1.894000e+02 4.737206e-01
      vertex   4.750000e+01 1.894000e+02 0.000000e+00
    endloop
  endfacet
  facet normal 0.000000e+00 1.000000e+00 0.000000e+00
    outer loop
      vertex   1.230000e+01 1.544000e+02 4.737206e-01
      vertex   4.750000e+01 1.544000e+02 4.737206e-01
      vertex   1.230000e+01 1.544000e+02 0.000000e+00
    endloop
  endfacet
  facet normal 0.000000e+00 1.000000e+00 0.000000e+00
    outer loop
      vertex   1.230000e+01 1.544000e+02 0.000000e+00
      vertex   4.750000e+01 1.544000e+02 4.737206e-01
      vertex   4.750000e+01 1.544000e+02 0.000000e+00
    endloop
  endfacet
  facet normal 1.734723e-16 8.660254e-01 5.000000e-01
    outer loop
      vertex   4.750000e+01 1.544000e+02 4.737206e-01
      vertex   1.230000e+01 1.544000e+02 4.737206e-01
      vertex   5.300000e+01 1.489000e+02 1.000000e+01
    endloop
  endfacet
  facet normal 0.000000e+00 8.660254e-01 5.000000e-01
    outer loop
      vertex   5.300000e+01 1.489000e+02 1.000000e+01
      vertex   1.230000e+01 1.544000e+02 4.737206e-01
      vertex   6.800000e+00 1.489000e+02 1.000000e+01
    endloop
  endfacet
  facet normal 8.660254e-01 0.000000e+00 5.000000e-01
    outer loop
      vertex   6.800000e+00 1.949000e+02 1.000000e+01
      vertex   6.800000e+00 1.489000e+02 1.000000e+01
      vertex   1.230000e+01 1.894000e+02 4.737206e-01
    endloop
  endfacet
  facet normal 8.660254e-01 1.305102e-16 5.000000e-01
    outer loop
      vertex   1.230000e+01 1.894000e+02 4.737206e-01
      vertex   6.800000e+00 1.489000e+02 1.000000e+01
      vertex   1.230000e+01 1.544000e+02 4.737206e-01
    endloop
  endfacet
  facet normal -2.466528e-14 -8.660254e-01 5.000000e-01
    outer loop
      vertex   3.035699e+01 1.919026e+02 4.808431e+00
      vertex   3.035706e+01 1.930299e+02 6.760828e+00
      vertex   2.879150e+01 1.919027e+02 4.808475e+00
    endloop
  endfacet
  facet normal -8.660254e-01 0.000000e+00 5.000000e-01
    outer loop
      vertex   5.300000e+01 1.949000e+02 1.000000e+01
      vertex   4.750000e+01 1.894000e+02 4.737206e-01
      vertex   5.300000e+01 1.489000e+02 1.000000e+01
    endloop
  endfacet
  facet normal -8.660254e-01 -2.260818e-16 5.000000e-01
    outer loop
      vertex   5.300000e+01 1.489000e+02 1.000000e+01
      vertex   4.750000e+01 1.894000e+02 4.737206e-01
      vertex   4.750000e+01 1.544000e+02 4.737206e-01
    endloop
  endfacet
  facet normal -1.000000e+00 0.000000e+00 0.000000e+00
    outer loop
      vertex   4.750000e+01 1.071000e+02 4.737206e-01
      vertex   4.750000e+01 1.421000e+02 4.737206e-01
      vertex   4.750000e+01 1.071000e+02 0.000000e+00
    endloop
  endfacet
  facet normal -1.000000e+00 0.000000e+00 0.000000e+00
    outer loop
      vertex   4.750000e+01 1.071000e+02 0.000000e+00
      vertex   4.750000e+01 1.421000e+02 4.737206e-01
      vertex   4.750000e+01 1.421000e+02 0.000000e+00
    endloop
  endfacet
  facet normal 0.000000e+00 1.000000e+00 0.000000e+00
    outer loop
      vertex   1.230000e+01 1.071000e+02 4.737206e-01
      vertex   4.750000e+01 1.071000e+02 4.737206e-01
      vertex   1.230000e+01 1.071000e+02 0.000000e+00
    endloop
  endfacet
  facet normal 0.000000e+00 1.000000e+00 0.000000e+00
    outer loop
      vertex   1.230000e+01 1.071000e+02 0.000000e+00
      vertex   4.750000e+01 1.071000e+02 4.737206e-01
      vertex   4.750000e+01 1.071000e+02 0.000000e+00
    endloop
  endfacet
  facet normal 1.734723e-16 8.660254e-01 5.000000e-01
    outer loop
      vertex   4.750000e+01 1.071000e+02 4.737206e-01
      vertex   1.230000e+01 1.071000e+02 4.737206e-01
      vertex   5.300000e+01 1.016000e+02 1.000000e+01
    endloop
  endfacet
  facet normal 0.000000e+00 8.660254e-01 5.000000e-01
    outer loop
      vertex   5.300000e+01 1.016000e+02 1.000000e+01
      vertex   1.230000e+01 1.071000e+02 4.737206e-01
      vertex   6.800000e+00 1.016000e+02 1.000000e+01
    endloop
  endfacet
  facet normal 8.660254e-01 0.000000e+00 5.000000e-01
    outer loop
      vertex   6.800000e+00 1.476000e+02 1.000000e+01
      vertex   6.800000e+00 1.016000e+02 1.000000e+01
      vertex   1.230000e+01 1.421000e+02 4.737206e-01
    endloop
  endfacet
  facet normal 8.660254e-01 1.305102e-16 5.000000e-01
    outer loop
      vertex   1.230000e+01 1.421000e+02 4.737206e-01
      vertex   6.800000e+00 1.016000e+02 1.000000e+01
      vertex   1.230000e+01 1.071000e+02 4.737206e-01
    endloop
  endfacet
  facet normal 2.396268e-14 -8.660254e-01 5.000000e-01
    outer loop
      vertex   3.090641e+01 1.440367e+02 3.828141e+00
      vertex   3.070531e+01 1.439152e+02 3.617819e+00
      vertex   4.750000e+01 1.421000e+02 4.737206e-01
    endloop
  endfacet
  facet normal -3.294972e-15 -8.660254e-01 5.000000e-01
    outer loop
      vertex   4.750000e+01 1.421000e+02 4.737206e-01
      vertex   3.070531e+01 1.439152e+02 3.617819e+00
      vertex   3.043211e+01 1.438159e+02 3.445759e+00
    endloop
  endfacet
  facet normal -1.807962e-14 -8.660254e-01 5.000000e-01
    outer loop
      vertex   4.750000e+01 1.421000e+02 4.737206e-01
      vertex   3.043211e+01 1.438159e+02 3.445759e+00
      vertex   3.014771e+01 1.437421e+02 3.317985e+00
    endloop
  endfacet
  facet normal 3.623244e-15 -8.660254e-01 5.000000e-01
    outer loop
      vertex   3.014771e+01 1.437421e+02 3.317985e+00
      vertex   2.983104e+01 1.437045e+02 3.252828e+00
      vertex   4.750000e+01 1.421000e+02 4.737206e-01
    endloop
  endfacet
  facet normal 2.363862e-14 -8.660254e-01 5.000000e-01
    outer loop
      vertex   4.750000e+01 1.421000e+02 4.737206e-01
      vertex   2.983104e+01 1.437045e+02 3.252828e+00
      vertex   2.949765e+01 1.436888e+02 3.225652e+00
    endloop
  endfacet
  facet normal -2.207830e-16 -8.660254e-01 5.000000e-01
    outer loop
      vertex   4.750000e+01 1.421000e+02 4.737206e-01
      vertex   2.949765e+01 1.436888e+02 3.225652e+00
      vertex   1.230000e+01 1.421000e+02 4.737206e-01
    endloop
  endfacet
  facet normal -2.004380e-14 -8.660254e-01 5.000000e-01
    outer loop
      vertex   1.230000e+01 1.421000e+02 4.737206e-01
      vertex   2.949765e+01 1.436888e+02 3.225652e+00
      vertex   2.919771e+01 1.437024e+02 3.249168e+00
    endloop
  endfacet
  facet normal 4.778517e-15 -8.660254e-01 5.000000e-01
    outer loop
      vertex   1.230000e+01 1.421000e+02 4.737206e-01
      vertex   2.919771e+01 1.437024e+02 3.249168e+00
      vertex   2.891169e+01 1.437350e+02 3.305625e+00
    endloop
  endfacet
  facet normal -4.170724e-14 -8.660254e-01 5.000000e-01
    outer loop
      vertex   2.891169e+01 1.437350e+02 3.305625e+00
      vertex   2.865322e+01 1.437989e+02 3.416324e+00
      vertex   1.230000e+01 1.421000e+02 4.737206e-01
    endloop
  endfacet
  facet normal 5.000364e-14 -8.660254e-01 5.000000e-01
    outer loop
      vertex   1.230000e+01 1.421000e+02 4.737206e-01
      vertex   2.865322e+01 1.437989e+02 3.416324e+00
      vertex   2.840308e+01 1.438853e+02 3.565939e+00
    endloop
  endfacet
  facet normal -3.140059e-15 -8.660254e-01 5.000000e-01
    outer loop
      vertex   1.230000e+01 1.421000e+02 4.737206e-01
      vertex   2.840308e+01 1.438853e+02 3.565939e+00
      vertex   2.821033e+01 1.439967e+02 3.758904e+00
    endloop
  endfacet
  facet normal -3.129147e-14 -8.660254e-01 5.000000e-01
    outer loop
      vertex   2.821033e+01 1.439967e+02 3.758904e+00
      vertex   2.805840e+01 1.441154e+02 3.964464e+00
      vertex   1.230000e+01 1.421000e+02 4.737206e-01
    endloop
  endfacet
  facet normal 1.816036e-14 -8.660254e-01 5.000000e-01
    outer loop
      vertex   1.230000e+01 1.421000e+02 4.737206e-01
      vertex   2.805840e+01 1.441154e+02 3.964464e+00
      vertex   2.796578e+01 1.442501e+02 4.197790e+00
    endloop
  endfacet
  facet normal 2.549061e-14 -8.660254e-01 5.000000e-01
    outer loop
      vertex   1.230000e+01 1.421000e+02 4.737206e-01
      vertex   2.796578e+01 1.442501e+02 4.197790e+00
      vertex   2.790920e+01 1.443936e+02 4.446419e+00
    endloop
  endfacet
  facet normal 5.010775e-14 -8.660254e-01 5.000000e-01
    outer loop
      vertex   2.852316e+01 1.444344e+02 4.516965e+00
      vertex   2.912065e+01 1.449168e+02 5.352528e+00
      vertex   2.790920e+01 1.443936e+02 4.446419e+00
    endloop
  endfacet
  facet normal 1.457722e-15 -8.660254e-01 5.000000e-01
    outer loop
      vertex   2.790920e+01 1.443936e+02 4.446419e+00
      vertex   2.912065e+01 1.449168e+02 5.352528e+00
      vertex   2.797214e+01 1.455959e+02 6.528744e+00
    endloop
  endfacet
  facet normal 2.542357e-15 -8.660254e-01 5.000000e-01
    outer loop
      vertex   2.790920e+01 1.443936e+02 4.446419e+00
      vertex   2.797214e+01 1.455959e+02 6.528744e+00
      vertex   6.800000e+00 1.476000e+02 1.000000e+01
    endloop
  endfacet
  facet normal 9.643065e-16 -8.660254e-01 5.000000e-01
    outer loop
      vertex   6.800000e+00 1.476000e+02 1.000000e+01
      vertex   2.797214e+01 1.455959e+02 6.528744e+00
      vertex   2.814438e+01 1.458582e+02 6.983125e+00
    endloop
  endfacet
  facet normal 4.985021e-15 -8.660254e-01 5.000000e-01
    outer loop
      vertex   6.800000e+00 1.476000e+02 1.000000e+01
      vertex   2.814438e+01 1.458582e+02 6.983125e+00
      vertex   2.829427e+01 1.459684e+02 7.173934e+00
    endloop
  endfacet
  facet normal 1.199215e-14 -8.660254e-01 5.000000e-01
    outer loop
      vertex   2.864593e+01 1.442294e+02 4.161942e+00
      vertex   3.050958e+01 1.443608e+02 4.389467e+00
      vertex   2.852316e+01 1.444344e+02 4.516965e+00
    endloop
  endfacet
  facet normal 2.158563e-15 -8.660254e-01 5.000000e-01
    outer loop
      vertex   2.852316e+01 1.444344e+02 4.516965e+00
      vertex   3.050958e+01 1.443608e+02 4.389467e+00
      vertex   3.053207e+01 1.444644e+02 4.569008e+00
    endloop
  endfacet
  facet normal 2.006574e-15 -8.660254e-01 5.000000e-01
    outer loop
      vertex   2.852316e+01 1.444344e+02 4.516965e+00
      vertex   3.053207e+01 1.444644e+02 4.569008e+00
      vertex   3.051258e+01 1.445614e+02 4.737006e+00
    endloop
  endfacet
  facet normal 1.766995e-15 -8.660254e-01 5.000000e-01
    outer loop
      vertex   2.888080e+01 1.440574e+02 3.863996e+00
      vertex   3.023146e+01 1.440928e+02 3.925269e+00
      vertex   2.864593e+01 1.442294e+02 4.161942e+00
    endloop
  endfacet
  facet normal -1.100252e-14 -8.660254e-01 5.000000e-01
    outer loop
      vertex   2.864593e+01 1.442294e+02 4.161942e+00
      vertex   3.023146e+01 1.440928e+02 3.925269e+00
      vertex   3.036037e+01 1.441753e+02 4.068276e+00
    endloop
  endfacet
  facet normal 7.908322e-15 -8.660254e-01 5.000000e-01
    outer loop
      vertex   2.864593e+01 1.442294e+02 4.161942e+00
      vertex   3.036037e+01 1.441753e+02 4.068276e+00
      vertex   3.045860e+01 1.442629e+02 4.219976e+00
    endloop
  endfacet
  facet normal -9.685731e-16 -8.660254e-01 5.000000e-01
    outer loop
      vertex   3.023146e+01 1.440928e+02 3.925269e+00
      vertex   2.888080e+01 1.440574e+02 3.863996e+00
      vertex   3.007002e+01 1.440288e+02 3.814563e+00
    endloop
  endfacet
  facet normal -1.218827e-14 -8.660254e-01 5.000000e-01
    outer loop
      vertex   3.007002e+01 1.440288e+02 3.814563e+00
      vertex   2.888080e+01 1.440574e+02 3.863996e+00
      vertex   2.902177e+01 1.440080e+02 3.778433e+00
    endloop
  endfacet
  facet normal -1.840172e-14 -8.660254e-01 5.000000e-01
    outer loop
      vertex   3.007002e+01 1.440288e+02 3.814563e+00
      vertex   2.902177e+01 1.440080e+02 3.778433e+00
      vertex   2.989783e+01 1.439798e+02 3.729567e+00
    endloop
  endfacet
  facet normal -1.616728e-14 -8.660254e-01 5.000000e-01
    outer loop
      vertex   2.989783e+01 1.439798e+02 3.729567e+00
      vertex   2.902177e+01 1.440080e+02 3.778433e+00
      vertex   2.916899e+01 1.439706e+02 3.713738e+00
    endloop
  endfacet
  facet normal -2.640023e-14 -8.660254e-01 5.000000e-01
    outer loop
      vertex   2.989783e+01 1.439798e+02 3.729567e+00
      vertex   2.916899e+01 1.439706e+02 3.713738e+00
      vertex   2.970545e+01 1.439543e+02 3.685381e+00
    endloop
  endfacet
  facet normal -5.747257e-14 -8.660254e-01 5.000000e-01
    outer loop
      vertex   2.970545e+01 1.439543e+02 3.685381e+00
      vertex   2.916899e+01 1.439706e+02 3.713738e+00
      vertex   2.933113e+01 1.439513e+02 3.680303e+00
    endloop
  endfacet
  facet normal -7.024048e-14 -8.660254e-01 5.000000e-01
    outer loop
      vertex   2.970545e+01 1.439543e+02 3.685381e+00
      vertex   2.933113e+01 1.439513e+02 3.680303e+00
      vertex   2.950138e+01 1.439429e+02 3.665751e+00
    endloop
  endfacet
  facet normal 1.166706e-14 -8.660254e-01 5.000000e-01
    outer loop
      vertex   3.045860e+01 1.442629e+02 4.219976e+00
      vertex   3.050958e+01 1.443608e+02 4.389467e+00
      vertex   2.864593e+01 1.442294e+02 4.161942e+00
    endloop
  endfacet
  facet normal 5.836517e-15 -8.660254e-01 5.000000e-01
    outer loop
      vertex   3.051258e+01 1.445614e+02 4.737006e+00
      vertex   3.046651e+01 1.446531e+02 4.895750e+00
      vertex   2.852316e+01 1.444344e+02 4.516965e+00
    endloop
  endfacet
  facet normal -5.587159e-14 -8.660254e-01 5.000000e-01
    outer loop
      vertex   2.852316e+01 1.444344e+02 4.516965e+00
      vertex   3.046651e+01 1.446531e+02 4.895750e+00
      vertex   3.037657e+01 1.447347e+02 5.037205e+00
    endloop
  endfacet
  facet normal 8.297228e-15 -8.660254e-01 5.000000e-01
    outer loop
      vertex   2.852316e+01 1.444344e+02 4.516965e+00
      vertex   3.037657e+01 1.447347e+02 5.037205e+00
      vertex   2.912065e+01 1.449168e+02 5.352528e+00
    endloop
  endfacet
  facet normal -3.379379e-14 -8.660254e-01 5.000000e-01
    outer loop
      vertex   2.912065e+01 1.449168e+02 5.352528e+00
      vertex   3.037657e+01 1.447347e+02 5.037205e+00
      vertex   3.025626e+01 1.448124e+02 5.171717e+00
    endloop
  endfacet
  facet normal 6.219628e-14 -8.660254e-01 5.000000e-01
    outer loop
      vertex   2.912065e+01 1.449168e+02 5.352528e+00
      vertex   3.025626e+01 1.448124e+02 5.171717e+00
      vertex   3.009918e+01 1.448727e+02 5.276144e+00
    endloop
  endfacet
  facet normal 4.668883e-14 -8.660254e-01 5.000000e-01
    outer loop
      vertex   3.009918e+01 1.448727e+02 5.276144e+00
      vertex   2.993422e+01 1.449178e+02 5.354217e+00
      vertex   2.912065e+01 1.449168e+02 5.352528e+00
    endloop
  endfacet
  facet normal 4.801751e-14 -8.660254e-01 5.000000e-01
    outer loop
      vertex   2.912065e+01 1.449168e+02 5.352528e+00
      vertex   2.993422e+01 1.449178e+02 5.354217e+00
      vertex   2.974935e+01 1.449409e+02 5.394295e+00
    endloop
  endfacet
  facet normal 4.087041e-14 -8.660254e-01 5.000000e-01
    outer loop
      vertex   2.912065e+01 1.449168e+02 5.352528e+00
      vertex   2.974935e+01 1.449409e+02 5.394295e+00
      vertex   2.955385e+01 1.449507e+02 5.411360e+00
    endloop
  endfacet
  facet normal -2.057243e-14 -8.660254e-01 5.000000e-01
    outer loop
      vertex   2.912065e+01 1.449168e+02 5.352528e+00
      vertex   2.918921e+01 1.451862e+02 5.819175e+00
      vertex   2.797214e+01 1.455959e+02 6.528744e+00
    endloop
  endfacet
  facet normal 9.086731e-15 -8.660254e-01 5.000000e-01
    outer loop
      vertex   2.797214e+01 1.455959e+02 6.528744e+00
      vertex   2.918921e+01 1.451862e+02 5.819175e+00
      vertex   2.858599e+01 1.455411e+02 6.433882e+00
    endloop
  endfacet
  facet normal 1.436612e-14 -8.660254e-01 5.000000e-01
    outer loop
      vertex   2.858599e+01 1.455411e+02 6.433882e+00
      vertex   2.918921e+01 1.451862e+02 5.819175e+00
      vertex   2.999425e+01 1.452848e+02 5.990039e+00
    endloop
  endfacet
  facet normal -4.020129e-14 -8.660254e-01 5.000000e-01
    outer loop
      vertex   2.858599e+01 1.455411e+02 6.433882e+00
      vertex   2.999425e+01 1.452848e+02 5.990039e+00
      vertex   3.013532e+01 1.453505e+02 6.103722e+00
    endloop
  endfacet
  facet normal 1.057349e-13 -8.660254e-01 5.000000e-01
    outer loop
      vertex   2.928812e+01 1.451828e+02 5.813212e+00
      vertex   2.965650e+01 1.452076e+02 5.856238e+00
      vertex   2.918921e+01 1.451862e+02 5.819175e+00
    endloop
  endfacet
  facet normal -9.934574e-14 -8.660254e-01 5.000000e-01
    outer loop
      vertex   2.918921e+01 1.451862e+02 5.819175e+00
      vertex   2.965650e+01 1.452076e+02 5.856238e+00
      vertex   2.999425e+01 1.452848e+02 5.990039e+00
    endloop
  endfacet
  facet normal 3.320018e-14 -8.660254e-01 5.000000e-01
    outer loop
      vertex   3.013532e+01 1.453505e+02 6.103722e+00
      vertex   3.019310e+01 1.453852e+02 6.163922e+00
      vertex   2.858599e+01 1.455411e+02 6.433882e+00
    endloop
  endfacet
  facet normal -6.161337e-14 -8.660254e-01 5.000000e-01
    outer loop
      vertex   2.858599e+01 1.455411e+02 6.433882e+00
      vertex   3.019310e+01 1.453852e+02 6.163922e+00
      vertex   3.023848e+01 1.454236e+02 6.230353e+00
    endloop
  endfacet
  facet normal 2.116730e-14 -8.660254e-01 5.000000e-01
    outer loop
      vertex   2.858599e+01 1.455411e+02 6.433882e+00
      vertex   3.023848e+01 1.454236e+02 6.230353e+00
      vertex   3.026930e+01 1.454656e+02 6.303151e+00
    endloop
  endfacet
  facet normal -2.039971e-14 -8.660254e-01 5.000000e-01
    outer loop
      vertex   3.026930e+01 1.454656e+02 6.303151e+00
      vertex   3.028837e+01 1.455094e+02 6.378946e+00
      vertex   2.858599e+01 1.455411e+02 6.433882e+00
    endloop
  endfacet
  facet normal -1.385659e-14 -8.660254e-01 5.000000e-01
    outer loop
      vertex   2.858599e+01 1.455411e+02 6.433882e+00
      vertex   3.028837e+01 1.455094e+02 6.378946e+00
      vertex   3.030844e+01 1.456002e+02 6.536299e+00
    endloop
  endfacet
  facet normal -1.315600e-14 -8.660254e-01 5.000000e-01
    outer loop
      vertex   2.858599e+01 1.455411e+02 6.433882e+00
      vertex   3.030844e+01 1.456002e+02 6.536299e+00
      vertex   2.868430e+01 1.457243e+02 6.751260e+00
    endloop
  endfacet
  facet normal 2.218567e-14 -8.660254e-01 5.000000e-01
    outer loop
      vertex   2.868430e+01 1.457243e+02 6.751260e+00
      vertex   3.030844e+01 1.456002e+02 6.536299e+00
      vertex   3.029181e+01 1.456785e+02 6.671883e+00
    endloop
  endfacet
  facet normal -8.191846e-16 -8.660254e-01 5.000000e-01
    outer loop
      vertex   2.868430e+01 1.457243e+02 6.751260e+00
      vertex   3.029181e+01 1.456785e+02 6.671883e+00
      vertex   3.025338e+01 1.457523e+02 6.799692e+00
    endloop
  endfacet
  facet normal -6.738508e-15 -8.660254e-01 5.000000e-01
    outer loop
      vertex   2.868430e+01 1.457243e+02 6.751260e+00
      vertex   3.025338e+01 1.457523e+02 6.799692e+00
      vertex   2.877438e+01 1.458023e+02 6.886303e+00
    endloop
  endfacet
  facet normal -2.959132e-15 -8.660254e-01 5.000000e-01
    outer loop
      vertex   2.877438e+01 1.458023e+02 6.886303e+00
      vertex   3.025338e+01 1.457523e+02 6.799692e+00
      vertex   3.017884e+01 1.458180e+02 6.913486e+00
    endloop
  endfacet
  facet normal 7.286375e-16 -8.660254e-01 5.000000e-01
    outer loop
      vertex   2.877438e+01 1.458023e+02 6.886303e+00
      vertex   3.017884e+01 1.458180e+02 6.913486e+00
      vertex   2.889338e+01 1.458787e+02 7.018543e+00
    endloop
  endfacet
  facet normal 1.184292e-14 -8.660254e-01 5.000000e-01
    outer loop
      vertex   2.889338e+01 1.458787e+02 7.018543e+00
      vertex   3.017884e+01 1.458180e+02 6.913486e+00
      vertex   3.008028e+01 1.458800e+02 7.020833e+00
    endloop
  endfacet
  facet normal 1.075934e-14 -8.660254e-01 5.000000e-01
    outer loop
      vertex   2.889338e+01 1.458787e+02 7.018543e+00
      vertex   3.008028e+01 1.458800e+02 7.020833e+00
      vertex   2.902833e+01 1.459277e+02 7.103467e+00
    endloop
  endfacet
  facet normal -2.901002e-14 -8.660254e-01 5.000000e-01
    outer loop
      vertex   2.902833e+01 1.459277e+02 7.103467e+00
      vertex   3.008028e+01 1.458800e+02 7.020833e+00
      vertex   2.994697e+01 1.459290e+02 7.105783e+00
    endloop
  endfacet
  facet normal -3.024652e-14 -8.660254e-01 5.000000e-01
    outer loop
      vertex   2.902833e+01 1.459277e+02 7.103467e+00
      vertex   2.994697e+01 1.459290e+02 7.105783e+00
      vertex   2.916916e+01 1.459643e+02 7.166930e+00
    endloop
  endfacet
  facet normal -6.079394e-14 -8.660254e-01 5.000000e-01
    outer loop
      vertex   2.916916e+01 1.459643e+02 7.166930e+00
      vertex   2.994697e+01 1.459290e+02 7.105783e+00
      vertex   2.980852e+01 1.459651e+02 7.168307e+00
    endloop
  endfacet
  facet normal -5.876247e-14 -8.660254e-01 5.000000e-01
    outer loop
      vertex   2.916916e+01 1.459643e+02 7.166930e+00
      vertex   2.980852e+01 1.459651e+02 7.168307e+00
      vertex   2.932564e+01 1.459831e+02 7.199421e+00
    endloop
  endfacet
  facet normal -2.108326e-14 -8.660254e-01 5.000000e-01
    outer loop
      vertex   2.932564e+01 1.459831e+02 7.199421e+00
      vertex   2.980852e+01 1.459651e+02 7.168307e+00
      vertex   2.965361e+01 1.459835e+02 7.200080e+00
    endloop
  endfacet
  facet normal -1.895192e-14 -8.660254e-01 5.000000e-01
    outer loop
      vertex   2.932564e+01 1.459831e+02 7.199421e+00
      vertex   2.965361e+01 1.459835e+02 7.200080e+00
      vertex   2.949039e+01 1.459910e+02 7.213154e+00
    endloop
  endfacet
  facet normal -4.532980e-15 -8.660254e-01 5.000000e-01
    outer loop
      vertex   2.829427e+01 1.459684e+02 7.173934e+00
      vertex   2.848435e+01 1.460732e+02 7.355494e+00
      vertex   6.800000e+00 1.476000e+02 1.000000e+01
    endloop
  endfacet
  facet normal -9.991278e-15 -8.660254e-01 5.000000e-01
    outer loop
      vertex   6.800000e+00 1.476000e+02 1.000000e+01
      vertex   2.848435e+01 1.460732e+02 7.355494e+00
      vertex   2.871325e+01 1.461483e+02 7.485655e+00
    endloop
  endfacet
  facet normal 1.160119e-14 -8.660254e-01 5.000000e-01
    outer loop
      vertex   6.800000e+00 1.476000e+02 1.000000e+01
      vertex   2.871325e+01 1.461483e+02 7.485655e+00
      vertex   2.894832e+01 1.462037e+02 7.581624e+00
    endloop
  endfacet
  facet normal -3.729009e-15 -8.660254e-01 5.000000e-01
    outer loop
      vertex   2.894832e+01 1.462037e+02 7.581624e+00
      vertex   2.947707e+01 1.462434e+02 7.650309e+00
      vertex   6.800000e+00 1.476000e+02 1.000000e+01
    endloop
  endfacet
  facet normal 0.000000e+00 -8.660254e-01 5.000000e-01
    outer loop
      vertex   6.800000e+00 1.476000e+02 1.000000e+01
      vertex   2.947707e+01 1.462434e+02 7.650309e+00
      vertex   5.300000e+01 1.476000e+02 1.000000e+01
    endloop
  endfacet
  facet normal 1.740134e-14 -8.660254e-01 5.000000e-01
    outer loop
      vertex   5.300000e+01 1.476000e+02 1.000000e+01
      vertex   2.947707e+01 1.462434e+02 7.650309e+00
      vertex   2.986481e+01 1.462217e+02 7.612781e+00
    endloop
  endfacet
  facet normal -6.323441e-15 -8.660254e-01 5.000000e-01
    outer loop
      vertex   5.300000e+01 1.476000e+02 1.000000e+01
      vertex   2.986481e+01 1.462217e+02 7.612781e+00
      vertex   3.023071e+01 1.461545e+02 7.496295e+00
    endloop
  endfacet
  facet normal 2.449551e-14 -8.660254e-01 5.000000e-01
    outer loop
      vertex   3.023071e+01 1.461545e+02 7.496295e+00
      vertex   3.052812e+01 1.460540e+02 7.322174e+00
      vertex   5.300000e+01 1.476000e+02 1.000000e+01
    endloop
  endfacet
  facet normal -2.828286e-14 -8.660254e-01 5.000000e-01
    outer loop
      vertex   5.300000e+01 1.476000e+02 1.000000e+01
      vertex   3.052812e+01 1.460540e+02 7.322174e+00
      vertex   3.075564e+01 1.459156e+02 7.082483e+00
    endloop
  endfacet
  facet normal -4.491913e-15 -8.660254e-01 5.000000e-01
    outer loop
      vertex   5.300000e+01 1.476000e+02 1.000000e+01
      vertex   3.075564e+01 1.459156e+02 7.082483e+00
      vertex   3.089260e+01 1.457608e+02 6.814340e+00
    endloop
  endfacet
  facet normal 9.093472e-15 -8.660254e-01 5.000000e-01
    outer loop
      vertex   3.089260e+01 1.457608e+02 6.814340e+00
      vertex   3.093940e+01 1.455932e+02 6.524131e+00
      vertex   5.300000e+01 1.476000e+02 1.000000e+01
    endloop
  endfacet
  facet normal 7.448585e-15 -8.660254e-01 5.000000e-01
    outer loop
      vertex   5.300000e+01 1.476000e+02 1.000000e+01
      vertex   3.093940e+01 1.455932e+02 6.524131e+00
      vertex   3.089615e+01 1.454392e+02 6.257406e+00
    endloop
  endfacet
  facet normal -3.317088e-15 -8.660254e-01 5.000000e-01
    outer loop
      vertex   5.300000e+01 1.476000e+02 1.000000e+01
      vertex   3.089615e+01 1.454392e+02 6.257406e+00
      vertex   3.093847e+01 1.448736e+02 5.277669e+00
    endloop
  endfacet
  facet normal 6.213489e-14 -8.660254e-01 5.000000e-01
    outer loop
      vertex   3.093847e+01 1.448736e+02 5.277669e+00
      vertex   3.089615e+01 1.454392e+02 6.257406e+00
      vertex   3.076507e+01 1.452982e+02 6.013238e+00
    endloop
  endfacet
  facet normal -1.238373e-13 -8.660254e-01 5.000000e-01
    outer loop
      vertex   3.093847e+01 1.448736e+02 5.277669e+00
      vertex   3.076507e+01 1.452982e+02 6.013238e+00
      vertex   3.079159e+01 1.449493e+02 5.408897e+00
    endloop
  endfacet
  facet normal 1.142203e-13 -8.660254e-01 5.000000e-01
    outer loop
      vertex   3.079159e+01 1.449493e+02 5.408897e+00
      vertex   3.076507e+01 1.452982e+02 6.013238e+00
      vertex   3.063334e+01 1.450112e+02 5.515995e+00
    endloop
  endfacet
  facet normal -1.364337e-13 -8.660254e-01 5.000000e-01
    outer loop
      vertex   3.063334e+01 1.450112e+02 5.515995e+00
      vertex   3.076507e+01 1.452982e+02 6.013238e+00
      vertex   3.053834e+01 1.451745e+02 5.798833e+00
    endloop
  endfacet
  facet normal 3.770395e-14 -8.660254e-01 5.000000e-01
    outer loop
      vertex   3.063334e+01 1.450112e+02 5.515995e+00
      vertex   3.053834e+01 1.451745e+02 5.798833e+00
      vertex   3.024979e+01 1.450869e+02 5.647267e+00
    endloop
  endfacet
  facet normal 3.789825e-14 -8.660254e-01 5.000000e-01
    outer loop
      vertex   3.093847e+01 1.448736e+02 5.277669e+00
      vertex   3.112824e+01 1.446833e+02 4.948156e+00
      vertex   5.300000e+01 1.476000e+02 1.000000e+01
    endloop
  endfacet
  facet normal -3.554686e-15 -8.660254e-01 5.000000e-01
    outer loop
      vertex   5.300000e+01 1.476000e+02 1.000000e+01
      vertex   3.112824e+01 1.446833e+02 4.948156e+00
      vertex   4.750000e+01 1.421000e+02 4.737206e-01
    endloop
  endfacet
  facet normal 4.757879e-14 -8.660254e-01 5.000000e-01
    outer loop
      vertex   4.750000e+01 1.421000e+02 4.737206e-01
      vertex   3.112824e+01 1.446833e+02 4.948156e+00
      vertex   3.118351e+01 1.444710e+02 4.580458e+00
    endloop
  endfacet
  facet normal -3.018714e-14 -8.660254e-01 5.000000e-01
    outer loop
      vertex   4.750000e+01 1.421000e+02 4.737206e-01
      vertex   3.118351e+01 1.444710e+02 4.580458e+00
      vertex   3.114560e+01 1.443143e+02 4.309063e+00
    endloop
  endfacet
  facet normal 3.457863e-15 -8.660254e-01 5.000000e-01
    outer loop
      vertex   3.114560e+01 1.443143e+02 4.309063e+00
      vertex   3.106312e+01 1.441676e+02 4.054981e+00
      vertex   4.750000e+01 1.421000e+02 4.737206e-01
    endloop
  endfacet
  facet normal 3.237814e-15 -8.660254e-01 5.000000e-01
    outer loop
      vertex   4.750000e+01 1.421000e+02 4.737206e-01
      vertex   3.106312e+01 1.441676e+02 4.054981e+00
      vertex   3.090641e+01 1.440367e+02 3.828141e+00
    endloop
  endfacet
  facet normal -1.314693e-15 -8.660254e-01 5.000000e-01
    outer loop
      vertex   6.800000e+00 1.476000e+02 1.000000e+01
      vertex   1.230000e+01 1.421000e+02 4.737206e-01
      vertex   2.790920e+01 1.443936e+02 4.446419e+00
    endloop
  endfacet
  facet normal -8.660254e-01 0.000000e+00 5.000000e-01
    outer loop
      vertex   5.300000e+01 1.476000e+02 1.000000e+01
      vertex   4.750000e+01 1.421000e+02 4.737206e-01
      vertex   5.300000e+01 1.016000e+02 1.000000e+01
    endloop
  endfacet
  facet normal -8.660254e-01 -2.260818e-16 5.000000e-01
    outer loop
      vertex   5.300000e+01 1.016000e+02 1.000000e+01
      vertex   4.750000e+01 1.421000e+02 4.737206e-01
      vertex   4.750000e+01 1.071000e+02 4.737206e-01
    endloop
  endfacet
  facet normal -1.000000e+00 0.000000e+00 0.000000e+00
    outer loop
      vertex   9.480000e+01 1.544000e+02 4.737206e-01
      vertex   9.480000e+01 1.894000e+02 4.737206e-01
      vertex   9.480000e+01 1.544000e+02 0.000000e+00
    endloop
  endfacet
  facet normal -1.000000e+00 0.000000e+00 0.000000e+00
    outer loop
      vertex   9.480000e+01 1.544000e+02 0.000000e+00
      vertex   9.480000e+01 1.894000e+02 4.737206e-01
      vertex   9.480000e+01 1.894000e+02 0.000000e+00
    endloop
  endfacet
  facet normal 0.000000e+00 1.000000e+00 0.000000e+00
    outer loop
      vertex   5.980000e+01 1.544000e+02 4.737206e-01
      vertex   9.480000e+01 1.544000e+02 4.737206e-01
      vertex   5.980000e+01 1.544000e+02 0.000000e+00
    endloop
  endfacet
  facet normal 0.000000e+00 1.000000e+00 0.000000e+00
    outer loop
      vertex   5.980000e+01 1.544000e+02 0.000000e+00
      vertex   9.480000e+01 1.544000e+02 4.737206e-01
      vertex   9.480000e+01 1.544000e+02 0.000000e+00
    endloop
  endfacet
  facet normal 2.220446e-16 8.660254e-01 5.000000e-01
    outer loop
      vertex   9.480000e+01 1.544000e+02 4.737206e-01
      vertex   5.980000e+01 1.544000e+02 4.737206e-01
      vertex   1.003000e+02 1.489000e+02 1.000000e+01
    endloop
  endfacet
  facet normal 0.000000e+00 8.660254e-01 5.000000e-01
    outer loop
      vertex   1.003000e+02 1.489000e+02 1.000000e+01
      vertex   5.980000e+01 1.544000e+02 4.737206e-01
      vertex   5.430000e+01 1.489000e+02 1.000000e+01
    endloop
  endfacet
  facet normal 8.660254e-01 0.000000e+00 5.000000e-01
    outer loop
      vertex   5.430000e+01 1.949000e+02 1.000000e+01
      vertex   5.430000e+01 1.489000e+02 1.000000e+01
      vertex   5.980000e+01 1.894000e+02 4.737206e-01
    endloop
  endfacet
  facet normal 8.660254e-01 2.220446e-16 5.000000e-01
    outer loop
      vertex   5.980000e+01 1.894000e+02 4.737206e-01
      vertex   5.430000e+01 1.489000e+02 1.000000e+01
      vertex   5.980000e+01 1.544000e+02 4.737206e-01
    endloop
  endfacet
  facet normal 0.000000e+00 -8.660254e-01 5.000000e-01
    outer loop
      vertex   1.003000e+02 1.949000e+02 1.000000e+01
      vertex   5.430000e+01 1.949000e+02 1.000000e+01
      vertex   9.480000e+01 1.894000e+02 4.737206e-01
    endloop
  endfacet
  facet normal 0.000000e+00 -8.660254e-01 5.000000e-01
    outer loop
      vertex   9.480000e+01 1.894000e+02 4.737206e-01
      vertex   5.430000e+01 1.949000e+02 1.000000e+01
      vertex   5.980000e+01 1.894000e+02 4.737206e-01
    endloop
  endfacet
  facet normal -8.660254e-01 0.000000e+00 5.000000e-01
    outer loop
      vertex   1.003000e+02 1.949000e+02 1.000000e+01
      vertex   9.480000e+01 1.894000e+02 4.737206e-01
      vertex   1.003000e+02 1.489000e+02 1.000000e+01
    endloop
  endfacet
  facet normal -8.660254e-01 2.306957e-18 5.000000e-01
    outer loop
      vertex   1.003000e+02 1.489000e+02 1.000000e+01
      vertex   9.480000e+01 1.894000e+02 4.737206e-01
      vertex   9.480000e+01 1.544000e+02 4.737206e-01
    endloop
  endfacet
  facet normal -1.000000e+00 0.000000e+00 0.000000e+00
    outer loop
      vertex   9.480000e+01 1.071000e+02 4.737206e-01
      vertex   9.480000e+01 1.421000e+02 4.737206e-01
      vertex   9.480000e+01 1.071000e+02 0.000000e+00
    endloop
  endfacet
  facet normal -1.000000e+00 0.000000e+00 0.000000e+00
    outer loop
      vertex   9.480000e+01 1.071000e+02 0.000000e+00
      vertex   9.480000e+01 1.421000e+02 4.737206e-01
      vertex   9.480000e+01 1.421000e+02 0.000000e+00
    endloop
  endfacet
  facet normal 0.000000e+00 1.000000e+00 0.000000e+00
    outer loop
      vertex   5.980000e+01 1.071000e+02 4.737206e-01
      vertex   9.480000e+01 1.071000e+02 4.737206e-01
      vertex   5.980000e+01 1.071000e+02 0.000000e+00
    endloop
  endfacet
  facet normal 0.000000e+00 1.000000e+00 0.000000e+00
    outer loop
      vertex   5.980000e+01 1.071000e+02 0.000000e+00
      vertex   9.480000e+01 1.071000e+02 4.737206e-01
      vertex   9.480000e+01 1.071000e+02 0.000000e+00
    endloop
  endfacet
  facet normal 2.220446e-16 8.660254e-01 5.000000e-01
    outer loop
      vertex   9.480000e+01 1.071000e+02 4.737206e-01
      vertex   5.980000e+01 1.071000e+02 4.737206e-01
      vertex   1.003000e+02 1.016000e+02 1.000000e+01
    endloop
  endfacet
  facet normal 0.000000e+00 8.660254e-01 5.000000e-01
    outer loop
      vertex   1.003000e+02 1.016000e+02 1.000000e+01
      vertex   5.980000e+01 1.071000e+02 4.737206e-01
      vertex   5.430000e+01 1.016000e+02 1.000000e+01
    endloop
  endfacet
  facet normal 8.660254e-01 0.000000e+00 5.000000e-01
    outer loop
      vertex   5.430000e+01 1.476000e+02 1.000000e+01
      vertex   5.430000e+01 1.016000e+02 1.000000e+01
      vertex   5.980000e+01 1.421000e+02 4.737206e-01
    endloop
  endfacet
  facet normal 8.660254e-01 2.220446e-16 5.000000e-01
    outer loop
      vertex   5.980000e+01 1.421000e+02 4.737206e-01
      vertex   5.430000e+01 1.016000e+02 1.000000e+01
      vertex   5.980000e+01 1.071000e+02 4.737206e-01
    endloop
  endfacet
  facet normal 0.000000e+00 -8.660254e-01 5.000000e-01
    outer loop
      vertex   1.003000e+02 1.476000e+02 1.000000e+01
      vertex   5.430000e+01 1.476000e+02 1.000000e+01
      vertex   9.480000e+01 1.421000e+02 4.737206e-01
    endloop
  endfacet
  facet normal 0.000000e+00 -8.660254e-01 5.000000e-01
    outer loop
      vertex   9.480000e+01 1.421000e+02 4.737206e-01
      vertex   5.430000e+01 1.476000e+02 1.000000e+01
      vertex   5.980000e+01 1.421000e+02 4.737206e-01
    endloop
  endfacet
  facet normal -8.660254e-01 0.000000e+00 5.000000e-01
    outer loop
      vertex   1.003000e+02 1.476000e+02 1.000000e+01
      vertex   9.480000e+01 1.421000e+02 4.737206e-01
      vertex   1.003000e+02 1.016000e+02 1.000000e+01
    endloop
  endfacet
  facet normal -8.660254e-01 2.306957e-18 5.000000e-01
    outer loop
      vertex   1.003000e+02 1.016000e+02 1.000000e+01
      vertex   9.480000e+01 1.421000e+02 4.737206e-01
      vertex   9.480000e+01 1.071000e+02 4.737206e-01
    endloop
  endfacet
  facet normal -1.000000e+00 0.000000e+00 0.000000e+00
    outer loop
      vertex   2.367000e+02 5.980000e+01 4.737206e-01
      vertex   2.367000e+02 9.480000e+01 4.737206e-01
      vertex   2.367000e+02 5.980000e+01 0.000000e+00
    endloop
  endfacet
  facet normal -1.000000e+00 0.000000e+00 0.000000e+00
    outer loop
      vertex   2.367000e+02 5.980000e+01 0.000000e+00
      vertex   2.367000e+02 9.480000e+01 4.737206e-01
      vertex   2.367000e+02 9.480000e+01 0.000000e+00
    endloop
  endfacet
  facet normal -0.000000e+00 1.000000e+00 0.000000e+00
    outer loop
      vertex   2.017000e+02 5.980000e+01 4.737206e-01
      vertex   2.367000e+02 5.980000e+01 4.737206e-01
      vertex   2.017000e+02 5.980000e+01 0.000000e+00
    endloop
  endfacet
  facet normal 0.000000e+00 1.000000e+00 0.000000e+00
    outer loop
      vertex   2.017000e+02 5.980000e+01 0.000000e+00
      vertex   2.367000e+02 5.980000e+01 4.737206e-01
      vertex   2.367000e+02 5.980000e+01 0.000000e+00
    endloop
  endfacet
  facet normal -2.220446e-16 8.660254e-01 5.000000e-01
    outer loop
      vertex   2.367000e+02 5.980000e+01 4.737206e-01
      vertex   2.017000e+02 5.980000e+01 4.737206e-01
      vertex   2.422000e+02 5.430000e+01 1.000000e+01
    endloop
  endfacet
  facet normal 0.000000e+00 8.660254e-01 5.000000e-01
    outer loop
      vertex   2.422000e+02 5.430000e+01 1.000000e+01
      vertex   2.017000e+02 5.980000e+01 4.737206e-01
      vertex   1.962000e+02 5.430000e+01 1.000000e+01
    endloop
  endfacet
  facet normal 8.660254e-01 0.000000e+00 5.000000e-01
    outer loop
      vertex   1.962000e+02 1.003000e+02 1.000000e+01
      vertex   1.962000e+02 5.430000e+01 1.000000e+01
      vertex   2.017000e+02 9.480000e+01 4.737206e-01
    endloop
  endfacet
  facet normal 8.660254e-01 0.000000e+00 5.000000e-01
    outer loop
      vertex   2.017000e+02 9.480000e+01 4.737206e-01
      vertex   1.962000e+02 5.430000e+01 1.000000e+01
      vertex   2.017000e+02 5.980000e+01 4.737206e-01
    endloop
  endfacet
  facet normal 0.000000e+00 -8.660254e-01 5.000000e-01
    outer loop
      vertex   2.422000e+02 1.003000e+02 1.000000e+01
      vertex   1.962000e+02 1.003000e+02 1.000000e+01
      vertex   2.367000e+02 9.480000e+01 4.737206e-01
    endloop
  endfacet
  facet normal 0.000000e+00 -8.660254e-01 5.000000e-01
    outer loop
      vertex   2.367000e+02 9.480000e+01 4.737206e-01
      vertex   1.962000e+02 1.003000e+02 1.000000e+01
      vertex   2.017000e+02 9.480000e+01 4.737206e-01
    endloop
  endfacet
  facet normal -8.660254e-01 0.000000e+00 5.000000e-01
    outer loop
      vertex   2.422000e+02 1.003000e+02 1.000000e+01
      vertex   2.367000e+02 9.480000e+01 4.737206e-01
      vertex   2.422000e+02 5.430000e+01 1.000000e+01
    endloop
  endfacet
  facet normal -8.660254e-01 2.237748e-16 5.000000e-01
    outer loop
      vertex   2.422000e+02 5.430000e+01 1.000000e+01
      vertex   2.367000e+02 9.480000e+01 4.737206e-01
      vertex   2.367000e+02 5.980000e+01 4.737206e-01
    endloop
  endfacet
  facet normal -1.000000e+00 0.000000e+00 0.000000e+00
    outer loop
      vertex   1.894000e+02 5.980000e+01 4.737206e-01
      vertex   1.894000e+02 9.480000e+01 4.737206e-01
      vertex   1.894000e+02 5.980000e+01 0.000000e+00
    endloop
  endfacet
  facet normal -1.000000e+00 0.000000e+00 0.000000e+00
    outer loop
      vertex   1.894000e+02 5.980000e+01 0.000000e+00
      vertex   1.894000e+02 9.480000e+01 4.737206e-01
      vertex   1.894000e+02 9.480000e+01 0.000000e+00
    endloop
  endfacet
  facet normal -0.000000e+00 1.000000e+00 0.000000e+00
    outer loop
      vertex   1.544000e+02 5.980000e+01 4.737206e-01
      vertex   1.894000e+02 5.980000e+01 4.737206e-01
      vertex   1.544000e+02 5.980000e+01 0.000000e+00
    endloop
  endfacet
  facet normal 0.000000e+00 1.000000e+00 0.000000e+00
    outer loop
      vertex   1.544000e+02 5.980000e+01 0.000000e+00
      vertex   1.894000e+02 5.980000e+01 4.737206e-01
      vertex   1.894000e+02 5.980000e+01 0.000000e+00
    endloop
  endfacet
  facet normal -2.220446e-16 8.660254e-01 5.000000e-01
    outer loop
      vertex   1.894000e+02 5.980000e+01 4.737206e-01
      vertex   1.544000e+02 5.980000e+01 4.737206e-01
      vertex   1.949000e+02 5.430000e+01 1.000000e+01
    endloop
  endfacet
  facet normal 0.000000e+00 8.660254e-01 5.000000e-01
    outer loop
      vertex   1.949000e+02 5.430000e+01 1.000000e+01
      vertex   1.544000e+02 5.980000e+01 4.737206e-01
      vertex   1.489000e+02 5.430000e+01 1.000000e+01
    endloop
  endfacet
  facet normal 8.660254e-01 0.000000e+00 5.000000e-01
    outer loop
      vertex   1.489000e+02 1.003000e+02 1.000000e+01
      vertex   1.489000e+02 5.430000e+01 1.000000e+01
      vertex   1.544000e+02 9.480000e+01 4.737206e-01
    endloop
  endfacet
  facet normal 8.660254e-01 0.000000e+00 5.000000e-01
    outer loop
      vertex   1.544000e+02 9.480000e+01 4.737206e-01
      vertex   1.489000e+02 5.430000e+01 1.000000e+01
      vertex   1.544000e+02 5.980000e+01 4.737206e-01
    endloop
  endfacet
  facet normal 0.000000e+00 -8.660254e-01 5.000000e-01
    outer loop
      vertex   1.949000e+02 1.003000e+02 1.000000e+01
      vertex   1.489000e+02 1.003000e+02 1.000000e+01
      vertex   1.894000e+02 9.480000e+01 4.737206e-01
    endloop
  endfacet
  facet normal 0.000000e+00 -8.660254e-01 5.000000e-01
    outer loop
      vertex   1.894000e+02 9.480000e+01 4.737206e-01
      vertex   1.489000e+02 1.003000e+02 1.000000e+01
      vertex   1.544000e+02 9.480000e+01 4.737206e-01
    endloop
  endfacet
  facet normal -8.660254e-01 0.000000e+00 5.000000e-01
    outer loop
      vertex   1.949000e+02 1.003000e+02 1.000000e+01
      vertex   1.894000e+02 9.480000e+01 4.737206e-01
      vertex   1.949000e+02 5.430000e+01 1.000000e+01
    endloop
  endfacet
  facet normal -8.660254e-01 2.257148e-16 5.000000e-01
    outer loop
      vertex   1.949000e+02 5.430000e+01 1.000000e+01
      vertex   1.894000e+02 9.480000e+01 4.737206e-01
      vertex   1.894000e+02 5.980000e+01 4.737206e-01
    endloop
  endfacet
  facet normal -1.000000e+00 0.000000e+00 0.000000e+00
    outer loop
      vertex   2.367000e+02 1.071000e+02 4.737206e-01
      vertex   2.367000e+02 1.421000e+02 4.737206e-01
      vertex   2.367000e+02 1.071000e+02 0.000000e+00
    endloop
  endfacet
  facet normal -1.000000e+00 0.000000e+00 0.000000e+00
    outer loop
      vertex   2.367000e+02 1.071000e+02 0.000000e+00
      vertex   2.367000e+02 1.421000e+02 4.737206e-01
      vertex   2.367000e+02 1.421000e+02 0.000000e+00
    endloop
  endfacet
  facet normal -0.000000e+00 1.000000e+00 0.000000e+00
    outer loop
      vertex   2.017000e+02 1.071000e+02 4.737206e-01
      vertex   2.367000e+02 1.071000e+02 4.737206e-01
      vertex   2.017000e+02 1.071000e+02 0.000000e+00
    endloop
  endfacet
  facet normal 0.000000e+00 1.000000e+00 0.000000e+00
    outer loop
      vertex   2.017000e+02 1.071000e+02 0.000000e+00
      vertex   2.367000e+02 1.071000e+02 4.737206e-01
      vertex   2.367000e+02 1.071000e+02 0.000000e+00
    endloop
  endfacet
  facet normal 0.000000e+00 8.660254e-01 5.000000e-01
    outer loop
      vertex   2.367000e+02 1.071000e+02 4.737206e-01
      vertex   2.017000e+02 1.071000e+02 4.737206e-01
      vertex   2.422000e+02 1.016000e+02 1.000000e+01
    endloop
  endfacet
  facet normal 0.000000e+00 8.660254e-01 5.000000e-01
    outer loop
      vertex   2.422000e+02 1.016000e+02 1.000000e+01
      vertex   2.017000e+02 1.071000e+02 4.737206e-01
      vertex   1.962000e+02 1.016000e+02 1.000000e+01
    endloop
  endfacet
  facet normal 8.660254e-01 0.000000e+00 5.000000e-01
    outer loop
      vertex   1.962000e+02 1.476000e+02 1.000000e+01
      vertex   1.962000e+02 1.016000e+02 1.000000e+01
      vertex   2.017000e+02 1.421000e+02 4.737206e-01
    endloop
  endfacet
  facet normal 8.660254e-01 0.000000e+00 5.000000e-01
    outer loop
      vertex   2.017000e+02 1.421000e+02 4.737206e-01
      vertex   1.962000e+02 1.016000e+02 1.000000e+01
      vertex   2.017000e+02 1.071000e+02 4.737206e-01
    endloop
  endfacet
  facet normal 0.000000e+00 -8.660254e-01 5.000000e-01
    outer loop
      vertex   2.422000e+02 1.476000e+02 1.000000e+01
      vertex   1.962000e+02 1.476000e+02 1.000000e+01
      vertex   2.367000e+02 1.421000e+02 4.737206e-01
    endloop
  endfacet
  facet normal 0.000000e+00 -8.660254e-01 5.000000e-01
    outer loop
      vertex   2.367000e+02 1.421000e+02 4.737206e-01
      vertex   1.962000e+02 1.476000e+02 1.000000e+01
      vertex   2.017000e+02 1.421000e+02 4.737206e-01
    endloop
  endfacet
  facet normal -8.660254e-01 0.000000e+00 5.000000e-01
    outer loop
      vertex   2.422000e+02 1.476000e+02 1.000000e+01
      vertex   2.367000e+02 1.421000e+02 4.737206e-01
      vertex   2.422000e+02 1.016000e+02 1.000000e+01
    endloop
  endfacet
  facet normal -8.660254e-01 2.306957e-18 5.000000e-01
    outer loop
      vertex   2.422000e+02 1.016000e+02 1.000000e+01
      vertex   2.367000e+02 1.421000e+02 4.737206e-01
      vertex   2.367000e+02 1.071000e+02 4.737206e-01
    endloop
  endfacet
  facet normal -1.000000e+00 0.000000e+00 0.000000e+00
    outer loop
      vertex   1.421000e+02 1.071000e+02 4.737206e-01
      vertex   1.421000e+02 1.421000e+02 4.737206e-01
      vertex   1.421000e+02 1.071000e+02 0.000000e+00
    endloop
  endfacet
  facet normal -1.000000e+00 0.000000e+00 0.000000e+00
    outer loop
      vertex   1.421000e+02 1.071000e+02 0.000000e+00
      vertex   1.421000e+02 1.421000e+02 4.737206e-01
      vertex   1.421000e+02 1.421000e+02 0.000000e+00
    endloop
  endfacet
  facet normal -0.000000e+00 1.000000e+00 0.000000e+00
    outer loop
      vertex   1.071000e+02 1.071000e+02 4.737206e-01
      vertex   1.421000e+02 1.071000e+02 4.737206e-01
      vertex   1.071000e+02 1.071000e+02 0.000000e+00
    endloop
  endfacet
  facet normal 0.000000e+00 1.000000e+00 0.000000e+00
    outer loop
      vertex   1.071000e+02 1.071000e+02 0.000000e+00
      vertex   1.421000e+02 1.071000e+02 4.737206e-01
      vertex   1.421000e+02 1.071000e+02 0.000000e+00
    endloop
  endfacet
  facet normal 0.000000e+00 8.660254e-01 5.000000e-01
    outer loop
      vertex   1.421000e+02 1.071000e+02 4.737206e-01
      vertex   1.071000e+02 1.071000e+02 4.737206e-01
      vertex   1.476000e+02 1.016000e+02 1.000000e+01
    endloop
  endfacet
  facet normal 0.000000e+00 8.660254e-01 5.000000e-01
    outer loop
      vertex   1.476000e+02 1.016000e+02 1.000000e+01
      vertex   1.071000e+02 1.071000e+02 4.737206e-01
      vertex   1.016000e+02 1.016000e+02 1.000000e+01
    endloop
  endfacet
  facet normal 8.660254e-01 0.000000e+00 5.000000e-01
    outer loop
      vertex   1.016000e+02 1.476000e+02 1.000000e+01
      vertex   1.016000e+02 1.016000e+02 1.000000e+01
      vertex   1.071000e+02 1.421000e+02 4.737206e-01
    endloop
  endfacet
  facet normal 8.660254e-01 0.000000e+00 5.000000e-01
    outer loop
      vertex   1.071000e+02 1.421000e+02 4.737206e-01
      vertex   1.016000e+02 1.016000e+02 1.000000e+01
      vertex   1.071000e+02 1.071000e+02 4.737206e-01
    endloop
  endfacet
  facet normal 0.000000e+00 -8.660254e-01 5.000000e-01
    outer loop
      vertex   1.476000e+02 1.476000e+02 1.000000e+01
      vertex   1.016000e+02 1.476000e+02 1.000000e+01
      vertex   1.421000e+02 1.421000e+02 4.737206e-01
    endloop
  endfacet
  facet normal 0.000000e+00 -8.660254e-01 5.000000e-01
    outer loop
      vertex   1.421000e+02 1.421000e+02 4.737206e-01
      vertex   1.016000e+02 1.476000e+02 1.000000e+01
      vertex   1.071000e+02 1.421000e+02 4.737206e-01
    endloop
  endfacet
  facet normal -8.660254e-01 0.000000e+00 5.000000e-01
    outer loop
      vertex   1.476000e+02 1.476000e+02 1.000000e+01
      vertex   1.421000e+02 1.421000e+02 4.737206e-01
      vertex   1.476000e+02 1.016000e+02 1.000000e+01
    endloop
  endfacet
  facet normal -8.660254e-01 2.306957e-18 5.000000e-01
    outer loop
      vertex   1.476000e+02 1.016000e+02 1.000000e+01
      vertex   1.421000e+02 1.421000e+02 4.737206e-01
      vertex   1.421000e+02 1.071000e+02 4.737206e-01
    endloop
  endfacet
  facet normal -1.000000e+00 0.000000e+00 0.000000e+00
    outer loop
      vertex   1.894000e+02 1.071000e+02 4.737206e-01
      vertex   1.894000e+02 1.421000e+02 4.737206e-01
      vertex   1.894000e+02 1.071000e+02 0.000000e+00
    endloop
  endfacet
  facet normal -1.000000e+00 0.000000e+00 0.000000e+00
    outer loop
      vertex   1.894000e+02 1.071000e+02 0.000000e+00
      vertex   1.894000e+02 1.421000e+02 4.737206e-01
      vertex   1.894000e+02 1.421000e+02 0.000000e+00
    endloop
  endfacet
  facet normal -0.000000e+00 1.000000e+00 0.000000e+00
    outer loop
      vertex   1.544000e+02 1.071000e+02 4.737206e-01
      vertex   1.894000e+02 1.071000e+02 4.737206e-01
      vertex   1.544000e+02 1.071000e+02 0.000000e+00
    endloop
  endfacet
  facet normal 0.000000e+00 1.000000e+00 0.000000e+00
    outer loop
      vertex   1.544000e+02 1.071000e+02 0.000000e+00
      vertex   1.894000e+02 1.071000e+02 4.737206e-01
      vertex   1.894000e+02 1.071000e+02 0.000000e+00
    endloop
  endfacet
  facet normal 0.000000e+00 8.660254e-01 5.000000e-01
    outer loop
      vertex   1.894000e+02 1.071000e+02 4.737206e-01
      vertex   1.544000e+02 1.071000e+02 4.737206e-01
      vertex   1.949000e+02 1.016000e+02 1.000000e+01
    endloop
  endfacet
  facet normal 0.000000e+00 8.660254e-01 5.000000e-01
    outer loop
      vertex   1.949000e+02 1.016000e+02 1.000000e+01
      vertex   1.544000e+02 1.071000e+02 4.737206e-01
      vertex   1.489000e+02 1.016000e+02 1.000000e+01
    endloop
  endfacet
  facet normal 8.660254e-01 0.000000e+00 5.000000e-01
    outer loop
      vertex   1.489000e+02 1.476000e+02 1.000000e+01
      vertex   1.489000e+02 1.016000e+02 1.000000e+01
      vertex   1.544000e+02 1.421000e+02 4.737206e-01
    endloop
  endfacet
  facet normal 8.660254e-01 0.000000e+00 5.000000e-01
    outer loop
      vertex   1.544000e+02 1.421000e+02 4.737206e-01
      vertex   1.489000e+02 1.016000e+02 1.000000e+01
      vertex   1.544000e+02 1.071000e+02 4.737206e-01
    endloop
  endfacet
  facet normal 0.000000e+00 -8.660254e-01 5.000000e-01
    outer loop
      vertex   1.949000e+02 1.476000e+02 1.000000e+01
      vertex   1.489000e+02 1.476000e+02 1.000000e+01
      vertex   1.894000e+02 1.421000e+02 4.737206e-01
    endloop
  endfacet
  facet normal 0.000000e+00 -8.660254e-01 5.000000e-01
    outer loop
      vertex   1.894000e+02 1.421000e+02 4.737206e-01
      vertex   1.489000e+02 1.476000e+02 1.000000e+01
      vertex   1.544000e+02 1.421000e+02 4.737206e-01
    endloop
  endfacet
  facet normal -8.660254e-01 0.000000e+00 5.000000e-01
    outer loop
      vertex   1.949000e+02 1.476000e+02 1.000000e+01
      vertex   1.894000e+02 1.421000e+02 4.737206e-01
      vertex   1.949000e+02 1.016000e+02 1.000000e+01
    endloop
  endfacet
  facet normal -8.660254e-01 4.246974e-18 5.000000e-01
    outer loop
      vertex   1.949000e+02 1.016000e+02 1.000000e+01
      vertex   1.894000e+02 1.421000e+02 4.737206e-01
      vertex   1.894000e+02 1.071000e+02 4.737206e-01
    endloop
  endfacet
  facet normal -1.000000e+00 0.000000e+00 0.000000e+00
    outer loop
      vertex   1.421000e+02 5.980000e+01 4.737206e-01
      vertex   1.421000e+02 9.480000e+01 4.737206e-01
      vertex   1.421000e+02 5.980000e+01 0.000000e+00
    endloop
  endfacet
  facet normal -1.000000e+00 0.000000e+00 0.000000e+00
    outer loop
      vertex   1.421000e+02 5.980000e+01 0.000000e+00
      vertex   1.421000e+02 9.480000e+01 4.737206e-01
      vertex   1.421000e+02 9.480000e+01 0.000000e+00
    endloop
  endfacet
  facet normal -0.000000e+00 1.000000e+00 0.000000e+00
    outer loop
      vertex   1.071000e+02 5.980000e+01 4.737206e-01
      vertex   1.421000e+02 5.980000e+01 4.737206e-01
      vertex   1.071000e+02 5.980000e+01 0.000000e+00
    endloop
  endfacet
  facet normal 0.000000e+00 1.000000e+00 0.000000e+00
    outer loop
      vertex   1.071000e+02 5.980000e+01 0.000000e+00
      vertex   1.421000e+02 5.980000e+01 4.737206e-01
      vertex   1.421000e+02 5.980000e+01 0.000000e+00
    endloop
  endfacet
  facet normal -2.220446e-16 8.660254e-01 5.000000e-01
    outer loop
      vertex   1.421000e+02 5.980000e+01 4.737206e-01
      vertex   1.071000e+02 5.980000e+01 4.737206e-01
      vertex   1.476000e+02 5.430000e+01 1.000000e+01
    endloop
  endfacet
  facet normal 0.000000e+00 8.660254e-01 5.000000e-01
    outer loop
      vertex   1.476000e+02 5.430000e+01 1.000000e+01
      vertex   1.071000e+02 5.980000e+01 4.737206e-01
      vertex   1.016000e+02 5.430000e+01 1.000000e+01
    endloop
  endfacet
  facet normal 8.660254e-01 0.000000e+00 5.000000e-01
    outer loop
      vertex   1.016000e+02 1.003000e+02 1.000000e+01
      vertex   1.016000e+02 5.430000e+01 1.000000e+01
      vertex   1.071000e+02 9.480000e+01 4.737206e-01
    endloop
  endfacet
  facet normal 8.660254e-01 0.000000e+00 5.000000e-01
    outer loop
      vertex   1.071000e+02 9.480000e+01 4.737206e-01
      vertex   1.016000e+02 5.430000e+01 1.000000e+01
      vertex   1.071000e+02 5.980000e+01 4.737206e-01
    endloop
  endfacet
  facet normal 0.000000e+00 -8.660254e-01 5.000000e-01
    outer loop
      vertex   1.476000e+02 1.003000e+02 1.000000e+01
      vertex   1.016000e+02 1.003000e+02 1.000000e+01
      vertex   1.421000e+02 9.480000e+01 4.737206e-01
    endloop
  endfacet
  facet normal 0.000000e+00 -8.660254e-01 5.000000e-01
    outer loop
      vertex   1.421000e+02 9.480000e+01 4.737206e-01
      vertex   1.016000e+02 1.003000e+02 1.000000e+01
      vertex   1.071000e+02 9.480000e+01 4.737206e-01
    endloop
  endfacet
  facet normal -8.660254e-01 0.000000e+00 5.000000e-01
    outer loop
      vertex   1.476000e+02 1.003000e+02 1.000000e+01
      vertex   1.421000e+02 9.480000e+01 4.737206e-01
      vertex   1.476000e+02 5.430000e+01 1.000000e+01
    endloop
  endfacet
  facet normal -8.660254e-01 2.237748e-16 5.000000e-01
    outer loop
      vertex   1.476000e+02 5.430000e+01 1.000000e+01
      vertex   1.421000e+02 9.480000e+01 4.737206e-01
      vertex   1.421000e+02 5.980000e+01 4.737206e-01
    endloop
  endfacet
  facet normal 1.000000e+00 0.000000e+00 0.000000e+00
    outer loop
      vertex   1.544000e+02 4.750000e+01 4.737206e-01
      vertex   1.544000e+02 1.230000e+01 4.737206e-01
      vertex   1.544000e+02 4.750000e+01 0.000000e+00
    endloop
  endfacet
  facet normal 1.000000e+00 0.000000e+00 0.000000e+00
    outer loop
      vertex   1.544000e+02 4.750000e+01 0.000000e+00
      vertex   1.544000e+02 1.230000e+01 4.737206e-01
      vertex   1.544000e+02 1.230000e+01 0.000000e+00
    endloop
  endfacet
  facet normal -0.000000e+00 -1.000000e+00 -0.000000e+00
    outer loop
      vertex   1.894000e+02 4.750000e+01 4.737206e-01
      vertex   1.544000e+02 4.750000e+01 4.737206e-01
      vertex   1.894000e+02 4.750000e+01 0.000000e+00
    endloop
  endfacet
  facet normal 0.000000e+00 -1.000000e+00 0.000000e+00
    outer loop
      vertex   1.894000e+02 4.750000e+01 0.000000e+00
      vertex   1.544000e+02 4.750000e+01 4.737206e-01
      vertex   1.544000e+02 4.750000e+01 0.000000e+00
    endloop
  endfacet
  facet normal 2.220446e-16 -8.660254e-01 5.000000e-01
    outer loop
      vertex   1.544000e+02 4.750000e+01 4.737206e-01
      vertex   1.894000e+02 4.750000e+01 4.737206e-01
      vertex   1.489000e+02 5.300000e+01 1.000000e+01
    endloop
  endfacet
  facet normal 0.000000e+00 -8.660254e-01 5.000000e-01
    outer loop
      vertex   1.489000e+02 5.300000e+01 1.000000e+01
      vertex   1.894000e+02 4.750000e+01 4.737206e-01
      vertex   1.949000e+02 5.300000e+01 1.000000e+01
    endloop
  endfacet
  facet normal -8.660254e-01 0.000000e+00 5.000000e-01
    outer loop
      vertex   1.949000e+02 5.300000e+01 1.000000e+01
      vertex   1.894000e+02 4.750000e+01 4.737206e-01
      vertex   1.949000e+02 6.800000e+00 1.000000e+01
    endloop
  endfacet
  facet normal -8.660254e-01 1.693800e-16 5.000000e-01
    outer loop
      vertex   1.949000e+02 6.800000e+00 1.000000e+01
      vertex   1.894000e+02 4.750000e+01 4.737206e-01
      vertex   1.894000e+02 1.230000e+01 4.737206e-01
    endloop
  endfacet
  facet normal 0.000000e+00 8.660254e-01 5.000000e-01
    outer loop
      vertex   1.949000e+02 6.800000e+00 1.000000e+01
      vertex   1.894000e+02 1.230000e+01 4.737206e-01
      vertex   1.489000e+02 6.800000e+00 1.000000e+01
    endloop
  endfacet
  facet normal -1.358680e-16 8.660254e-01 5.000000e-01
    outer loop
      vertex   1.489000e+02 6.800000e+00 1.000000e+01
      vertex   1.894000e+02 1.230000e+01 4.737206e-01
      vertex   1.544000e+02 1.230000e+01 4.737206e-01
    endloop
  endfacet
  facet normal 8.660254e-01 0.000000e+00 5.000000e-01
    outer loop
      vertex   1.489000e+02 5.300000e+01 1.000000e+01
      vertex   1.489000e+02 6.800000e+00 1.000000e+01
      vertex   1.544000e+02 4.750000e+01 4.737206e-01
    endloop
  endfacet
  facet normal 8.660254e-01 -2.207830e-16 5.000000e-01
    outer loop
      vertex   1.544000e+02 4.750000e+01 4.737206e-01
      vertex   1.489000e+02 6.800000e+00 1.000000e+01
      vertex   1.544000e+02 1.230000e+01 4.737206e-01
    endloop
  endfacet
  facet normal 1.000000e+00 0.000000e+00 0.000000e+00
    outer loop
      vertex   1.071000e+02 4.750000e+01 4.737206e-01
      vertex   1.071000e+02 1.230000e+01 4.737206e-01
      vertex   1.071000e+02 4.750000e+01 0.000000e+00
    endloop
  endfacet
  facet normal 1.000000e+00 0.000000e+00 0.000000e+00
    outer loop
      vertex   1.071000e+02 4.750000e+01 0.000000e+00
      vertex   1.071000e+02 1.230000e+01 4.737206e-01
      vertex   1.071000e+02 1.230000e+01 0.000000e+00
    endloop
  endfacet
  facet normal -0.000000e+00 -1.000000e+00 -0.000000e+00
    outer loop
      vertex   1.421000e+02 4.750000e+01 4.737206e-01
      vertex   1.071000e+02 4.750000e+01 4.737206e-01
      vertex   1.421000e+02 4.750000e+01 0.000000e+00
    endloop
  endfacet
  facet normal 0.000000e+00 -1.000000e+00 0.000000e+00
    outer loop
      vertex   1.421000e+02 4.750000e+01 0.000000e+00
      vertex   1.071000e+02 4.750000e+01 4.737206e-01
      vertex   1.071000e+02 4.750000e+01 0.000000e+00
    endloop
  endfacet
  facet normal 2.220446e-16 -8.660254e-01 5.000000e-01
    outer loop
      vertex   1.071000e+02 4.750000e+01 4.737206e-01
      vertex   1.421000e+02 4.750000e+01 4.737206e-01
      vertex   1.016000e+02 5.300000e+01 1.000000e+01
    endloop
  endfacet
  facet normal 0.000000e+00 -8.660254e-01 5.000000e-01
    outer loop
      vertex   1.016000e+02 5.300000e+01 1.000000e+01
      vertex   1.421000e+02 4.750000e+01 4.737206e-01
      vertex   1.476000e+02 5.300000e+01 1.000000e+01
    endloop
  endfacet
  facet normal -8.660254e-01 0.000000e+00 5.000000e-01
    outer loop
      vertex   1.476000e+02 5.300000e+01 1.000000e+01
      vertex   1.421000e+02 4.750000e+01 4.737206e-01
      vertex   1.476000e+02 6.800000e+00 1.000000e+01
    endloop
  endfacet
  facet normal -8.660254e-01 1.674510e-16 5.000000e-01
    outer loop
      vertex   1.476000e+02 6.800000e+00 1.000000e+01
      vertex   1.421000e+02 4.750000e+01 4.737206e-01
      vertex   1.421000e+02 1.230000e+01 4.737206e-01
    endloop
  endfacet
  facet normal 0.000000e+00 8.660254e-01 5.000000e-01
    outer loop
      vertex   1.476000e+02 6.800000e+00 1.000000e+01
      vertex   1.421000e+02 1.230000e+01 4.737206e-01
      vertex   1.016000e+02 6.800000e+00 1.000000e+01
    endloop
  endfacet
  facet normal -1.358680e-16 8.660254e-01 5.000000e-01
    outer loop
      vertex   1.016000e+02 6.800000e+00 1.000000e+01
      vertex   1.421000e+02 1.230000e+01 4.737206e-01
      vertex   1.071000e+02 1.230000e+01 4.737206e-01
    endloop
  endfacet
  facet normal 8.660254e-01 0.000000e+00 5.000000e-01
    outer loop
      vertex   1.016000e+02 5.300000e+01 1.000000e+01
      vertex   1.016000e+02 6.800000e+00 1.000000e+01
      vertex   1.071000e+02 4.750000e+01 4.737206e-01
    endloop
  endfacet
  facet normal 8.660254e-01 -2.207830e-16 5.000000e-01
    outer loop
      vertex   1.071000e+02 4.750000e+01 4.737206e-01
      vertex   1.016000e+02 6.800000e+00 1.000000e+01
      vertex   1.071000e+02 1.230000e+01 4.737206e-01
    endloop
  endfacet
  facet normal -0.000000e+00 1.000000e+00 0.000000e+00
    outer loop
      vertex   1.071000e+02 2.017000e+02 4.737206e-01
      vertex   1.421000e+02 2.017000e+02 4.737206e-01
      vertex   1.071000e+02 2.017000e+02 0.000000e+00
    endloop
  endfacet
  facet normal 0.000000e+00 1.000000e+00 0.000000e+00
    outer loop
      vertex   1.071000e+02 2.017000e+02 0.000000e+00
      vertex   1.421000e+02 2.017000e+02 4.737206e-01
      vertex   1.421000e+02 2.017000e+02 0.000000e+00
    endloop
  endfacet
  facet normal -0.000000e+00 1.000000e+00 0.000000e+00
    outer loop
      vertex   2.017000e+02 2.017000e+02 4.737206e-01
      vertex   2.367000e+02 2.017000e+02 4.737206e-01
      vertex   2.017000e+02 2.017000e+02 0.000000e+00
    endloop
  endfacet
  facet normal 0.000000e+00 1.000000e+00 0.000000e+00
    outer loop
      vertex   2.017000e+02 2.017000e+02 0.000000e+00
      vertex   2.367000e+02 2.017000e+02 4.737206e-01
      vertex   2.367000e+02 2.017000e+02 0.000000e+00
    endloop
  endfacet
  facet normal -1.000000e+00 0.000000e+00 0.000000e+00
    outer loop
      vertex   1.894000e+02 1.544000e+02 4.737206e-01
      vertex   1.894000e+02 1.894000e+02 4.737206e-01
      vertex   1.894000e+02 1.544000e+02 0.000000e+00
    endloop
  endfacet
  facet normal -1.000000e+00 0.000000e+00 0.000000e+00
    outer loop
      vertex   1.894000e+02 1.544000e+02 0.000000e+00
      vertex   1.894000e+02 1.894000e+02 4.737206e-01
      vertex   1.894000e+02 1.894000e+02 0.000000e+00
    endloop
  endfacet
  facet normal -0.000000e+00 1.000000e+00 0.000000e+00
    outer loop
      vertex   1.544000e+02 1.544000e+02 4.737206e-01
      vertex   1.894000e+02 1.544000e+02 4.737206e-01
      vertex   1.544000e+02 1.544000e+02 0.000000e+00
    endloop
  endfacet
  facet normal 0.000000e+00 1.000000e+00 0.000000e+00
    outer loop
      vertex   1.544000e+02 1.544000e+02 0.000000e+00
      vertex   1.894000e+02 1.544000e+02 4.737206e-01
      vertex   1.894000e+02 1.544000e+02 0.000000e+00
    endloop
  endfacet
  facet normal 0.000000e+00 8.660254e-01 5.000000e-01
    outer loop
      vertex   1.894000e+02 1.544000e+02 4.737206e-01
      vertex   1.544000e+02 1.544000e+02 4.737206e-01
      vertex   1.949000e+02 1.489000e+02 1.000000e+01
    endloop
  endfacet
  facet normal 0.000000e+00 8.660254e-01 5.000000e-01
    outer loop
      vertex   1.949000e+02 1.489000e+02 1.000000e+01
      vertex   1.544000e+02 1.544000e+02 4.737206e-01
      vertex   1.489000e+02 1.489000e+02 1.000000e+01
    endloop
  endfacet
  facet normal 8.660254e-01 0.000000e+00 5.000000e-01
    outer loop
      vertex   1.489000e+02 1.949000e+02 1.000000e+01
      vertex   1.489000e+02 1.489000e+02 1.000000e+01
      vertex   1.544000e+02 1.894000e+02 4.737206e-01
    endloop
  endfacet
  facet normal 8.660254e-01 0.000000e+00 5.000000e-01
    outer loop
      vertex   1.544000e+02 1.894000e+02 4.737206e-01
      vertex   1.489000e+02 1.489000e+02 1.000000e+01
      vertex   1.544000e+02 1.544000e+02 4.737206e-01
    endloop
  endfacet
  facet normal 0.000000e+00 -8.660254e-01 5.000000e-01
    outer loop
      vertex   1.949000e+02 1.949000e+02 1.000000e+01
      vertex   1.489000e+02 1.949000e+02 1.000000e+01
      vertex   1.894000e+02 1.894000e+02 4.737206e-01
    endloop
  endfacet
  facet normal 0.000000e+00 -8.660254e-01 5.000000e-01
    outer loop
      vertex   1.894000e+02 1.894000e+02 4.737206e-01
      vertex   1.489000e+02 1.949000e+02 1.000000e+01
      vertex   1.544000e+02 1.894000e+02 4.737206e-01
    endloop
  endfacet
  facet normal -8.660254e-01 0.000000e+00 5.000000e-01
    outer loop
      vertex   1.949000e+02 1.949000e+02 1.000000e+01
      vertex   1.894000e+02 1.894000e+02 4.737206e-01
      vertex   1.949000e+02 1.489000e+02 1.000000e+01
    endloop
  endfacet
  facet normal -8.660254e-01 4.246974e-18 5.000000e-01
    outer loop
      vertex   1.949000e+02 1.489000e+02 1.000000e+01
      vertex   1.894000e+02 1.894000e+02 4.737206e-01
      vertex   1.894000e+02 1.544000e+02 4.737206e-01
    endloop
  endfacet
  facet normal -0.000000e+00 1.000000e+00 0.000000e+00
    outer loop
      vertex   1.544000e+02 2.017000e+02 4.737206e-01
      vertex   1.894000e+02 2.017000e+02 4.737206e-01
      vertex   1.544000e+02 2.017000e+02 0.000000e+00
    endloop
  endfacet
  facet normal 0.000000e+00 1.000000e+00 0.000000e+00
    outer loop
      vertex   1.544000e+02 2.017000e+02 0.000000e+00
      vertex   1.894000e+02 2.017000e+02 4.737206e-01
      vertex   1.894000e+02 2.017000e+02 0.000000e+00
    endloop
  endfacet
  facet normal -1.000000e+00 0.000000e+00 0.000000e+00
    outer loop
      vertex   1.421000e+02 1.544000e+02 4.737206e-01
      vertex   1.421000e+02 1.894000e+02 4.737206e-01
      vertex   1.421000e+02 1.544000e+02 0.000000e+00
    endloop
  endfacet
  facet normal -1.000000e+00 0.000000e+00 0.000000e+00
    outer loop
      vertex   1.421000e+02 1.544000e+02 0.000000e+00
      vertex   1.421000e+02 1.894000e+02 4.737206e-01
      vertex   1.421000e+02 1.894000e+02 0.000000e+00
    endloop
  endfacet
  facet normal -0.000000e+00 1.000000e+00 0.000000e+00
    outer loop
      vertex   1.071000e+02 1.544000e+02 4.737206e-01
      vertex   1.421000e+02 1.544000e+02 4.737206e-01
      vertex   1.071000e+02 1.544000e+02 0.000000e+00
    endloop
  endfacet
  facet normal 0.000000e+00 1.000000e+00 0.000000e+00
    outer loop
      vertex   1.071000e+02 1.544000e+02 0.000000e+00
      vertex   1.421000e+02 1.544000e+02 4.737206e-01
      vertex   1.421000e+02 1.544000e+02 0.000000e+00
    endloop
  endfacet
  facet normal 0.000000e+00 8.660254e-01 5.000000e-01
    outer loop
      vertex   1.421000e+02 1.544000e+02 4.737206e-01
      vertex   1.071000e+02 1.544000e+02 4.737206e-01
      vertex   1.476000e+02 1.489000e+02 1.000000e+01
    endloop
  endfacet
  facet normal 0.000000e+00 8.660254e-01 5.000000e-01
    outer loop
      vertex   1.476000e+02 1.489000e+02 1.000000e+01
      vertex   1.071000e+02 1.544000e+02 4.737206e-01
      vertex   1.016000e+02 1.489000e+02 1.000000e+01
    endloop
  endfacet
  facet normal 8.660254e-01 0.000000e+00 5.000000e-01
    outer loop
      vertex   1.016000e+02 1.949000e+02 1.000000e+01
      vertex   1.016000e+02 1.489000e+02 1.000000e+01
      vertex   1.071000e+02 1.894000e+02 4.737206e-01
    endloop
  endfacet
  facet normal 8.660254e-01 0.000000e+00 5.000000e-01
    outer loop
      vertex   1.071000e+02 1.894000e+02 4.737206e-01
      vertex   1.016000e+02 1.489000e+02 1.000000e+01
      vertex   1.071000e+02 1.544000e+02 4.737206e-01
    endloop
  endfacet
  facet normal 0.000000e+00 -8.660254e-01 5.000000e-01
    outer loop
      vertex   1.476000e+02 1.949000e+02 1.000000e+01
      vertex   1.016000e+02 1.949000e+02 1.000000e+01
      vertex   1.421000e+02 1.894000e+02 4.737206e-01
    endloop
  endfacet
  facet normal 0.000000e+00 -8.660254e-01 5.000000e-01
    outer loop
      vertex   1.421000e+02 1.894000e+02 4.737206e-01
      vertex   1.016000e+02 1.949000e+02 1.000000e+01
      vertex   1.071000e+02 1.894000e+02 4.737206e-01
    endloop
  endfacet
  facet normal -8.660254e-01 0.000000e+00 5.000000e-01
    outer loop
      vertex   1.476000e+02 1.949000e+02 1.000000e+01
      vertex   1.421000e+02 1.894000e+02 4.737206e-01
      vertex   1.476000e+02 1.489000e+02 1.000000e+01
    endloop
  endfacet
  facet normal -8.660254e-01 2.306957e-18 5.000000e-01
    outer loop
      vertex   1.476000e+02 1.489000e+02 1.000000e+01
      vertex   1.421000e+02 1.894000e+02 4.737206e-01
      vertex   1.421000e+02 1.544000e+02 4.737206e-01
    endloop
  endfacet
  facet normal -1.000000e+00 0.000000e+00 0.000000e+00
    outer loop
      vertex   2.367000e+02 1.544000e+02 4.737206e-01
      vertex   2.367000e+02 1.894000e+02 4.737206e-01
      vertex   2.367000e+02 1.544000e+02 0.000000e+00
    endloop
  endfacet
  facet normal -1.000000e+00 0.000000e+00 0.000000e+00
    outer loop
      vertex   2.367000e+02 1.544000e+02 0.000000e+00
      vertex   2.367000e+02 1.894000e+02 4.737206e-01
      vertex   2.367000e+02 1.894000e+02 0.000000e+00
    endloop
  endfacet
  facet normal -0.000000e+00 1.000000e+00 0.000000e+00
    outer loop
      vertex   2.017000e+02 1.544000e+02 4.737206e-01
      vertex   2.367000e+02 1.544000e+02 4.737206e-01
      vertex   2.017000e+02 1.544000e+02 0.000000e+00
    endloop
  endfacet
  facet normal 0.000000e+00 1.000000e+00 0.000000e+00
    outer loop
      vertex   2.017000e+02 1.544000e+02 0.000000e+00
      vertex   2.367000e+02 1.544000e+02 4.737206e-01
      vertex   2.367000e+02 1.544000e+02 0.000000e+00
    endloop
  endfacet
  facet normal 0.000000e+00 8.660254e-01 5.000000e-01
    outer loop
      vertex   2.367000e+02 1.544000e+02 4.737206e-01
      vertex   2.017000e+02 1.544000e+02 4.737206e-01
      vertex   2.422000e+02 1.489000e+02 1.000000e+01
    endloop
  endfacet
  facet normal 0.000000e+00 8.660254e-01 5.000000e-01
    outer loop
      vertex   2.422000e+02 1.489000e+02 1.000000e+01
      vertex   2.017000e+02 1.544000e+02 4.737206e-01
      vertex   1.962000e+02 1.489000e+02 1.000000e+01
    endloop
  endfacet
  facet normal 8.660254e-01 0.000000e+00 5.000000e-01
    outer loop
      vertex   1.962000e+02 1.949000e+02 1.000000e+01
      vertex   1.962000e+02 1.489000e+02 1.000000e+01
      vertex   2.017000e+02 1.894000e+02 4.737206e-01
    endloop
  endfacet
  facet normal 8.660254e-01 0.000000e+00 5.000000e-01
    outer loop
      vertex   2.017000e+02 1.894000e+02 4.737206e-01
      vertex   1.962000e+02 1.489000e+02 1.000000e+01
      vertex   2.017000e+02 1.544000e+02 4.737206e-01
    endloop
  endfacet
  facet normal 0.000000e+00 -8.660254e-01 5.000000e-01
    outer loop
      vertex   2.422000e+02 1.949000e+02 1.000000e+01
      vertex   1.962000e+02 1.949000e+02 1.000000e+01
      vertex   2.367000e+02 1.894000e+02 4.737206e-01
    endloop
  endfacet
  facet normal 0.000000e+00 -8.660254e-01 5.000000e-01
    outer loop
      vertex   2.367000e+02 1.894000e+02 4.737206e-01
      vertex   1.962000e+02 1.949000e+02 1.000000e+01
      vertex   2.017000e+02 1.894000e+02 4.737206e-01
    endloop
  endfacet
  facet normal -8.660254e-01 0.000000e+00 5.000000e-01
    outer loop
      vertex   2.422000e+02 1.949000e+02 1.000000e+01
      vertex   2.367000e+02 1.894000e+02 4.737206e-01
      vertex   2.422000e+02 1.489000e+02 1.000000e+01
    endloop
  endfacet
  facet normal -8.660254e-01 2.306957e-18 5.000000e-01
    outer loop
      vertex   2.422000e+02 1.489000e+02 1.000000e+01
      vertex   2.367000e+02 1.894000e+02 4.737206e-01
      vertex   2.367000e+02 1.544000e+02 4.737206e-01
    endloop
  endfacet
  facet normal -3.774817e-16 -8.660254e-01 5.000000e-01
    outer loop
      vertex   1.705369e+02 3.812258e+00 7.076744e+00
      vertex   1.705353e+02 1.902299e+00 3.768598e+00
      vertex   1.715874e+02 3.812031e+00 7.076352e+00
    endloop
  endfacet
  facet normal -3.616149e-17 -8.660254e-01 5.000000e-01
    outer loop
      vertex   1.715874e+02 3.812031e+00 7.076352e+00
      vertex   1.705353e+02 1.902299e+00 3.768598e+00
      vertex   1.716028e+02 1.902068e+00 3.768200e+00
    endloop
  endfacet
  facet normal 1.335761e-15 -8.660254e-01 5.000000e-01
    outer loop
      vertex   1.715874e+02 3.812031e+00 7.076352e+00
      vertex   1.716028e+02 1.902068e+00 3.768200e+00
      vertex   1.717989e+02 1.903781e+00 3.771166e+00
    endloop
  endfacet
  facet normal 8.534222e-16 -8.660254e-01 5.000000e-01
    outer loop
      vertex   1.715874e+02 3.812031e+00 7.076352e+00
      vertex   1.717989e+02 1.903781e+00 3.771166e+00
      vertex   1.718045e+02 3.810886e+00 7.074368e+00
    endloop
  endfacet
  facet normal -2.578872e-15 -8.660254e-01 5.000000e-01
    outer loop
      vertex   1.718045e+02 3.810886e+00 7.074368e+00
      vertex   1.717989e+02 1.903781e+00 3.771166e+00
      vertex   1.719937e+02 1.910386e+00 3.782606e+00
    endloop
  endfacet
  facet normal 3.634833e-15 -8.660254e-01 5.000000e-01
    outer loop
      vertex   1.718045e+02 3.810886e+00 7.074368e+00
      vertex   1.719937e+02 1.910386e+00 3.782606e+00
      vertex   1.720202e+02 3.804037e+00 7.062507e+00
    endloop
  endfacet
  facet normal 1.235468e-15 -8.660254e-01 5.000000e-01
    outer loop
      vertex   1.720202e+02 3.804037e+00 7.062507e+00
      vertex   1.719937e+02 1.910386e+00 3.782606e+00
      vertex   1.721862e+02 1.926010e+00 3.809668e+00
    endloop
  endfacet
  facet normal 9.886527e-18 -8.660254e-01 5.000000e-01
    outer loop
      vertex   1.720202e+02 3.804037e+00 7.062507e+00
      vertex   1.721862e+02 1.926010e+00 3.809668e+00
      vertex   1.733260e+02 2.875435e+00 5.454121e+00
    endloop
  endfacet
  facet normal 1.943544e-15 -8.660254e-01 5.000000e-01
    outer loop
      vertex   1.733260e+02 2.875435e+00 5.454121e+00
      vertex   1.721862e+02 1.926010e+00 3.809668e+00
      vertex   1.733185e+02 2.752922e+00 5.241922e+00
    endloop
  endfacet
  facet normal -1.299202e-15 -8.660254e-01 5.000000e-01
    outer loop
      vertex   1.733185e+02 2.752922e+00 5.241922e+00
      vertex   1.721862e+02 1.926010e+00 3.809668e+00
      vertex   1.732976e+02 2.631377e+00 5.031400e+00
    endloop
  endfacet
  facet normal -2.248542e-15 -8.660254e-01 5.000000e-01
    outer loop
      vertex   1.732976e+02 2.631377e+00 5.031400e+00
      vertex   1.721862e+02 1.926010e+00 3.809668e+00
      vertex   1.732529e+02 2.511556e+00 4.823862e+00
    endloop
  endfacet
  facet normal -4.923594e-16 -8.660254e-01 5.000000e-01
    outer loop
      vertex   1.732529e+02 2.511556e+00 4.823862e+00
      vertex   1.721862e+02 1.926010e+00 3.809668e+00
      vertex   1.723770e+02 1.947945e+00 3.847661e+00
    endloop
  endfacet
  facet normal -1.776618e-15 -8.660254e-01 5.000000e-01
    outer loop
      vertex   1.732529e+02 2.511556e+00 4.823862e+00
      vertex   1.723770e+02 1.947945e+00 3.847661e+00
      vertex   1.725001e+02 1.971325e+00 3.888155e+00
    endloop
  endfacet
  facet normal -3.516053e-15 -8.660254e-01 5.000000e-01
    outer loop
      vertex   1.725001e+02 1.971325e+00 3.888155e+00
      vertex   1.726177e+02 1.999413e+00 3.936805e+00
      vertex   1.732529e+02 2.511556e+00 4.823862e+00
    endloop
  endfacet
  facet normal 4.001534e-16 -8.660254e-01 5.000000e-01
    outer loop
      vertex   1.732529e+02 2.511556e+00 4.823862e+00
      vertex   1.726177e+02 1.999413e+00 3.936805e+00
      vertex   1.727256e+02 2.035780e+00 3.999795e+00
    endloop
  endfacet
  facet normal -1.416245e-15 -8.660254e-01 5.000000e-01
    outer loop
      vertex   1.732529e+02 2.511556e+00 4.823862e+00
      vertex   1.727256e+02 2.035780e+00 3.999795e+00
      vertex   1.731926e+02 2.392858e+00 4.618273e+00
    endloop
  endfacet
  facet normal 5.712145e-15 -8.660254e-01 5.000000e-01
    outer loop
      vertex   1.731926e+02 2.392858e+00 4.618273e+00
      vertex   1.727256e+02 2.035780e+00 3.999795e+00
      vertex   1.731264e+02 2.306618e+00 4.468901e+00
    endloop
  endfacet
  facet normal 9.545311e-16 -8.660254e-01 5.000000e-01
    outer loop
      vertex   1.731264e+02 2.306618e+00 4.468901e+00
      vertex   1.727256e+02 2.035780e+00 3.999795e+00
      vertex   1.729446e+02 2.148678e+00 4.195340e+00
    endloop
  endfacet
  facet normal 3.992823e-14 -8.660254e-01 5.000000e-01
    outer loop
      vertex   1.731264e+02 2.306618e+00 4.468901e+00
      vertex   1.729446e+02 2.148678e+00 4.195340e+00
      vertex   1.730470e+02 2.224250e+00 4.326234e+00
    endloop
  endfacet
  facet normal 2.282690e-14 -8.660254e-01 5.000000e-01
    outer loop
      vertex   1.727256e+02 2.035780e+00 3.999795e+00
      vertex   1.728274e+02 2.077453e+00 4.071974e+00
      vertex   1.729446e+02 2.148678e+00 4.195340e+00
    endloop
  endfacet
  facet normal -3.358405e-15 -8.660254e-01 5.000000e-01
    outer loop
      vertex   1.720202e+02 3.804037e+00 7.062507e+00
      vertex   1.733260e+02 2.875435e+00 5.454121e+00
      vertex   1.722329e+02 3.786399e+00 7.031956e+00
    endloop
  endfacet
  facet normal 1.085291e-15 -8.660254e-01 5.000000e-01
    outer loop
      vertex   1.722329e+02 3.786399e+00 7.031956e+00
      vertex   1.733260e+02 2.875435e+00 5.454121e+00
      vertex   1.733155e+02 3.032233e+00 5.725701e+00
    endloop
  endfacet
  facet normal 1.654329e-15 -8.660254e-01 5.000000e-01
    outer loop
      vertex   1.722329e+02 3.786399e+00 7.031956e+00
      vertex   1.733155e+02 3.032233e+00 5.725701e+00
      vertex   1.724434e+02 3.760687e+00 6.987422e+00
    endloop
  endfacet
  facet normal -4.214982e-15 -8.660254e-01 5.000000e-01
    outer loop
      vertex   1.724434e+02 3.760687e+00 6.987422e+00
      vertex   1.733155e+02 3.032233e+00 5.725701e+00
      vertex   1.726323e+02 3.708400e+00 6.896857e+00
    endloop
  endfacet
  facet normal 1.190079e-14 -8.660254e-01 5.000000e-01
    outer loop
      vertex   1.726323e+02 3.708400e+00 6.896857e+00
      vertex   1.733155e+02 3.032233e+00 5.725701e+00
      vertex   1.728024e+02 3.645540e+00 6.787981e+00
    endloop
  endfacet
  facet normal -6.758696e-15 -8.660254e-01 5.000000e-01
    outer loop
      vertex   1.728024e+02 3.645540e+00 6.787981e+00
      vertex   1.733155e+02 3.032233e+00 5.725701e+00
      vertex   1.729432e+02 3.566192e+00 6.650546e+00
    endloop
  endfacet
  facet normal -1.695318e-15 -8.660254e-01 5.000000e-01
    outer loop
      vertex   1.729432e+02 3.566192e+00 6.650546e+00
      vertex   1.733155e+02 3.032233e+00 5.725701e+00
      vertex   1.731898e+02 3.333675e+00 6.247816e+00
    endloop
  endfacet
  facet normal 4.282583e-15 -8.660254e-01 5.000000e-01
    outer loop
      vertex   1.729432e+02 3.566192e+00 6.650546e+00
      vertex   1.731898e+02 3.333675e+00 6.247816e+00
      vertex   1.730673e+02 3.477469e+00 6.496874e+00
    endloop
  endfacet
  facet normal -1.601025e-14 -8.660254e-01 5.000000e-01
    outer loop
      vertex   1.733155e+02 3.032233e+00 5.725701e+00
      vertex   1.732777e+02 3.185860e+00 5.991793e+00
      vertex   1.731898e+02 3.333675e+00 6.247816e+00
    endloop
  endfacet
  facet normal 8.660254e-01 5.000000e-01 -1.722310e-17
    outer loop
      vertex   6.514209e+01 2.019735e+02 0.000000e+00
      vertex   6.530000e+01 2.017000e+02 4.737206e-01
      vertex   6.530000e+01 2.017000e+02 0.000000e+00
    endloop
  endfacet
  facet normal 0.000000e+00 -1.000000e+00 -0.000000e+00
    outer loop
      vertex   4.750000e+01 2.367000e+02 4.737206e-01
      vertex   1.230000e+01 2.367000e+02 4.737206e-01
      vertex   4.750000e+01 2.367000e+02 0.000000e+00
    endloop
  endfacet
  facet normal 0.000000e+00 -1.000000e+00 0.000000e+00
    outer loop
      vertex   4.750000e+01 2.367000e+02 0.000000e+00
      vertex   1.230000e+01 2.367000e+02 4.737206e-01
      vertex   1.230000e+01 2.367000e+02 0.000000e+00
    endloop
  endfacet
  facet normal -9.283790e-15 -8.660254e-01 5.000000e-01
    outer loop
      vertex   3.127763e+01 2.388111e+02 4.130315e+00
      vertex   3.110628e+01 2.386755e+02 3.895418e+00
      vertex   4.750000e+01 2.367000e+02 4.737206e-01
    endloop
  endfacet
  facet normal -3.623704e-14 -8.660254e-01 5.000000e-01
    outer loop
      vertex   4.750000e+01 2.367000e+02 4.737206e-01
      vertex   3.110628e+01 2.386755e+02 3.895418e+00
      vertex   3.082678e+01 2.385438e+02 3.667239e+00
    endloop
  endfacet
  facet normal 7.850215e-14 -8.660254e-01 5.000000e-01
    outer loop
      vertex   4.750000e+01 2.367000e+02 4.737206e-01
      vertex   3.082678e+01 2.385438e+02 3.667239e+00
      vertex   3.068105e+01 2.384888e+02 3.572002e+00
    endloop
  endfacet
  facet normal -3.188254e-14 -8.660254e-01 5.000000e-01
    outer loop
      vertex   3.068105e+01 2.384888e+02 3.572002e+00
      vertex   3.052398e+01 2.384448e+02 3.495807e+00
      vertex   4.750000e+01 2.367000e+02 4.737206e-01
    endloop
  endfacet
  facet normal 4.890533e-15 -8.660254e-01 5.000000e-01
    outer loop
      vertex   4.750000e+01 2.367000e+02 4.737206e-01
      vertex   3.052398e+01 2.384448e+02 3.495807e+00
      vertex   3.017212e+01 2.383939e+02 3.407687e+00
    endloop
  endfacet
  facet normal 5.667051e-14 -8.660254e-01 5.000000e-01
    outer loop
      vertex   4.750000e+01 2.367000e+02 4.737206e-01
      vertex   3.017212e+01 2.383939e+02 3.407687e+00
      vertex   2.979302e+01 2.383721e+02 3.369958e+00
    endloop
  endfacet
  facet normal -2.207830e-16 -8.660254e-01 5.000000e-01
    outer loop
      vertex   4.750000e+01 2.367000e+02 4.737206e-01
      vertex   2.979302e+01 2.383721e+02 3.369958e+00
      vertex   1.230000e+01 2.367000e+02 4.737206e-01
    endloop
  endfacet
  facet normal -1.018247e-14 -8.660254e-01 5.000000e-01
    outer loop
      vertex   1.230000e+01 2.367000e+02 4.737206e-01
      vertex   2.979302e+01 2.383721e+02 3.369958e+00
      vertex   2.948866e+01 2.383845e+02 3.391384e+00
    endloop
  endfacet
  facet normal -5.964557e-14 -8.660254e-01 5.000000e-01
    outer loop
      vertex   1.230000e+01 2.367000e+02 4.737206e-01
      vertex   2.948866e+01 2.383845e+02 3.391384e+00
      vertex   2.919758e+01 2.384157e+02 3.445435e+00
    endloop
  endfacet
  facet normal 1.102104e-14 -8.660254e-01 5.000000e-01
    outer loop
      vertex   2.919758e+01 2.384157e+02 3.445435e+00
      vertex   2.893486e+01 2.384778e+02 3.552932e+00
      vertex   1.230000e+01 2.367000e+02 4.737206e-01
    endloop
  endfacet
  facet normal 4.095193e-14 -8.660254e-01 5.000000e-01
    outer loop
      vertex   1.230000e+01 2.367000e+02 4.737206e-01
      vertex   2.893486e+01 2.384778e+02 3.552932e+00
      vertex   2.867784e+01 2.385633e+02 3.701026e+00
    endloop
  endfacet
  facet normal -4.984302e-14 -8.660254e-01 5.000000e-01
    outer loop
      vertex   1.230000e+01 2.367000e+02 4.737206e-01
      vertex   2.867784e+01 2.385633e+02 3.701026e+00
      vertex   2.848454e+01 2.386743e+02 3.893280e+00
    endloop
  endfacet
  facet normal 3.869937e-14 -8.660254e-01 5.000000e-01
    outer loop
      vertex   2.848454e+01 2.386743e+02 3.893280e+00
      vertex   2.833379e+01 2.387921e+02 4.097386e+00
      vertex   1.230000e+01 2.367000e+02 4.737206e-01
    endloop
  endfacet
  facet normal 2.209549e-15 -8.660254e-01 5.000000e-01
    outer loop
      vertex   1.230000e+01 2.367000e+02 4.737206e-01
      vertex   2.833379e+01 2.387921e+02 4.097386e+00
      vertex   2.824230e+01 2.389265e+02 4.330198e+00
    endloop
  endfacet
  facet normal -2.817706e-15 -8.660254e-01 5.000000e-01
    outer loop
      vertex   1.230000e+01 2.367000e+02 4.737206e-01
      vertex   2.824230e+01 2.389265e+02 4.330198e+00
      vertex   2.818697e+01 2.390698e+02 4.578388e+00
    endloop
  endfacet
  facet normal 1.418547e-14 -8.660254e-01 5.000000e-01
    outer loop
      vertex   2.883160e+01 2.390970e+02 4.625500e+00
      vertex   2.887277e+01 2.395592e+02 5.425944e+00
      vertex   2.818697e+01 2.390698e+02 4.578388e+00
    endloop
  endfacet
  facet normal 4.558129e-14 -8.660254e-01 5.000000e-01
    outer loop
      vertex   2.818697e+01 2.390698e+02 4.578388e+00
      vertex   2.887277e+01 2.395592e+02 5.425944e+00
      vertex   2.829639e+01 2.395968e+02 5.491057e+00
    endloop
  endfacet
  facet normal -5.638737e-15 -8.660254e-01 5.000000e-01
    outer loop
      vertex   2.818697e+01 2.390698e+02 4.578388e+00
      vertex   2.829639e+01 2.395968e+02 5.491057e+00
      vertex   6.800000e+00 2.422000e+02 1.000000e+01
    endloop
  endfacet
  facet normal -1.397919e-15 -8.660254e-01 5.000000e-01
    outer loop
      vertex   6.800000e+00 2.422000e+02 1.000000e+01
      vertex   2.829639e+01 2.395968e+02 5.491057e+00
      vertex   2.878138e+01 2.408808e+02 7.715084e+00
    endloop
  endfacet
  facet normal 0.000000e+00 -8.660254e-01 5.000000e-01
    outer loop
      vertex   6.800000e+00 2.422000e+02 1.000000e+01
      vertex   2.878138e+01 2.408808e+02 7.715084e+00
      vertex   5.300000e+01 2.422000e+02 1.000000e+01
    endloop
  endfacet
  facet normal 1.165571e-14 -8.660254e-01 5.000000e-01
    outer loop
      vertex   5.300000e+01 2.422000e+02 1.000000e+01
      vertex   2.878138e+01 2.408808e+02 7.715084e+00
      vertex   3.126773e+01 2.408805e+02 7.714518e+00
    endloop
  endfacet
  facet normal -1.577734e-15 -8.660254e-01 5.000000e-01
    outer loop
      vertex   5.300000e+01 2.422000e+02 1.000000e+01
      vertex   3.126773e+01 2.408805e+02 7.714518e+00
      vertex   3.126758e+01 2.405872e+02 7.206482e+00
    endloop
  endfacet
  facet normal 4.655010e-15 -8.660254e-01 5.000000e-01
    outer loop
      vertex   2.893728e+01 2.389040e+02 4.291187e+00
      vertex   3.078199e+01 2.389974e+02 4.452880e+00
      vertex   2.883160e+01 2.390970e+02 4.625500e+00
    endloop
  endfacet
  facet normal 4.492021e-15 -8.660254e-01 5.000000e-01
    outer loop
      vertex   2.883160e+01 2.390970e+02 4.625500e+00
      vertex   3.078199e+01 2.389974e+02 4.452880e+00
      vertex   3.083168e+01 2.391134e+02 4.653839e+00
    endloop
  endfacet
  facet normal 2.472011e-15 -8.660254e-01 5.000000e-01
    outer loop
      vertex   2.883160e+01 2.390970e+02 4.625500e+00
      vertex   3.083168e+01 2.391134e+02 4.653839e+00
      vertex   3.085077e+01 2.392349e+02 4.864291e+00
    endloop
  endfacet
  facet normal 5.073601e-16 -8.660254e-01 5.000000e-01
    outer loop
      vertex   3.078199e+01 2.389974e+02 4.452880e+00
      vertex   2.893728e+01 2.389040e+02 4.291187e+00
      vertex   3.068233e+01 2.388934e+02 4.272785e+00
    endloop
  endfacet
  facet normal -4.984938e-16 -8.660254e-01 5.000000e-01
    outer loop
      vertex   3.068233e+01 2.388934e+02 4.272785e+00
      vertex   2.893728e+01 2.389040e+02 4.291187e+00
      vertex   2.903441e+01 2.388221e+02 4.149321e+00
    endloop
  endfacet
  facet normal -3.443911e-14 -8.660254e-01 5.000000e-01
    outer loop
      vertex   3.068233e+01 2.388934e+02 4.272785e+00
      vertex   2.903441e+01 2.388221e+02 4.149321e+00
      vertex   3.054358e+01 2.387916e+02 4.096398e+00
    endloop
  endfacet
  facet normal -2.395544e-14 -8.660254e-01 5.000000e-01
    outer loop
      vertex   3.054358e+01 2.387916e+02 4.096398e+00
      vertex   2.903441e+01 2.388221e+02 4.149321e+00
      vertex   2.916224e+01 2.387423e+02 4.011055e+00
    endloop
  endfacet
  facet normal 1.447795e-14 -8.660254e-01 5.000000e-01
    outer loop
      vertex   3.054358e+01 2.387916e+02 4.096398e+00
      vertex   2.916224e+01 2.387423e+02 4.011055e+00
      vertex   3.038106e+01 2.387215e+02 3.975058e+00
    endloop
  endfacet
  facet normal 1.798765e-14 -8.660254e-01 5.000000e-01
    outer loop
      vertex   3.038106e+01 2.387215e+02 3.975058e+00
      vertex   2.916224e+01 2.387423e+02 4.011055e+00
      vertex   2.930512e+01 2.386918e+02 3.923581e+00
    endloop
  endfacet
  facet normal -1.596160e-14 -8.660254e-01 5.000000e-01
    outer loop
      vertex   3.038106e+01 2.387215e+02 3.975058e+00
      vertex   2.930512e+01 2.386918e+02 3.923581e+00
      vertex   3.020492e+01 2.386668e+02 3.880327e+00
    endloop
  endfacet
  facet normal -4.799331e-14 -8.660254e-01 5.000000e-01
    outer loop
      vertex   3.020492e+01 2.386668e+02 3.880327e+00
      vertex   2.930512e+01 2.386918e+02 3.923581e+00
      vertex   2.945501e+01 2.386533e+02 3.856916e+00
    endloop
  endfacet
  facet normal 3.591462e-15 -8.660254e-01 5.000000e-01
    outer loop
      vertex   3.020492e+01 2.386668e+02 3.880327e+00
      vertex   2.945501e+01 2.386533e+02 3.856916e+00
      vertex   3.000662e+01 2.386379e+02 3.830297e+00
    endloop
  endfacet
  facet normal -6.323653e-14 -8.660254e-01 5.000000e-01
    outer loop
      vertex   3.000662e+01 2.386379e+02 3.830297e+00
      vertex   2.945501e+01 2.386533e+02 3.856916e+00
      vertex   2.961988e+01 2.386333e+02 3.822339e+00
    endloop
  endfacet
  facet normal -1.373580e-13 -8.660254e-01 5.000000e-01
    outer loop
      vertex   3.000662e+01 2.386379e+02 3.830297e+00
      vertex   2.961988e+01 2.386333e+02 3.822339e+00
      vertex   2.979315e+01 2.386245e+02 3.807106e+00
    endloop
  endfacet
  facet normal -4.351414e-15 -8.660254e-01 5.000000e-01
    outer loop
      vertex   3.085077e+01 2.392349e+02 4.864291e+00
      vertex   3.083287e+01 2.393493e+02 5.062465e+00
      vertex   2.883160e+01 2.390970e+02 4.625500e+00
    endloop
  endfacet
  facet normal 1.337250e-14 -8.660254e-01 5.000000e-01
    outer loop
      vertex   2.883160e+01 2.390970e+02 4.625500e+00
      vertex   3.083287e+01 2.393493e+02 5.062465e+00
      vertex   2.887277e+01 2.395592e+02 5.425944e+00
    endloop
  endfacet
  facet normal -2.325788e-14 -8.660254e-01 5.000000e-01
    outer loop
      vertex   3.083287e+01 2.393493e+02 5.062465e+00
      vertex   3.078521e+01 2.394582e+02 5.251068e+00
      vertex   2.887277e+01 2.395592e+02 5.425944e+00
    endloop
  endfacet
  facet normal 1.421071e-14 -8.660254e-01 5.000000e-01
    outer loop
      vertex   2.887277e+01 2.395592e+02 5.425944e+00
      vertex   3.078521e+01 2.394582e+02 5.251068e+00
      vertex   3.068902e+01 2.395549e+02 5.418593e+00
    endloop
  endfacet
  facet normal 1.329177e-14 -8.660254e-01 5.000000e-01
    outer loop
      vertex   2.887277e+01 2.395592e+02 5.425944e+00
      vertex   3.068902e+01 2.395549e+02 5.418593e+00
      vertex   3.055426e+01 2.396493e+02 5.582108e+00
    endloop
  endfacet
  facet normal -2.407752e-14 -8.660254e-01 5.000000e-01
    outer loop
      vertex   2.887277e+01 2.395592e+02 5.425944e+00
      vertex   3.055426e+01 2.396493e+02 5.582108e+00
      vertex   2.903826e+01 2.396579e+02 5.597028e+00
    endloop
  endfacet
  facet normal -1.903302e-14 -8.660254e-01 5.000000e-01
    outer loop
      vertex   2.903826e+01 2.396579e+02 5.597028e+00
      vertex   3.055426e+01 2.396493e+02 5.582108e+00
      vertex   3.038212e+01 2.397164e+02 5.698259e+00
    endloop
  endfacet
  facet normal 7.599154e-14 -8.660254e-01 5.000000e-01
    outer loop
      vertex   2.903826e+01 2.396579e+02 5.597028e+00
      vertex   3.038212e+01 2.397164e+02 5.698259e+00
      vertex   2.924803e+01 2.397331e+02 5.727136e+00
    endloop
  endfacet
  facet normal 7.249090e-14 -8.660254e-01 5.000000e-01
    outer loop
      vertex   2.924803e+01 2.397331e+02 5.727136e+00
      vertex   3.038212e+01 2.397164e+02 5.698259e+00
      vertex   3.020203e+01 2.397658e+02 5.783813e+00
    endloop
  endfacet
  facet normal 4.509905e-14 -8.660254e-01 5.000000e-01
    outer loop
      vertex   2.924803e+01 2.397331e+02 5.727136e+00
      vertex   3.020203e+01 2.397658e+02 5.783813e+00
      vertex   2.999873e+01 2.397909e+02 5.827281e+00
    endloop
  endfacet
  facet normal 2.176954e-13 -8.660254e-01 5.000000e-01
    outer loop
      vertex   2.978354e+01 2.398012e+02 5.845163e+00
      vertex   2.950655e+01 2.397849e+02 5.816855e+00
      vertex   2.999873e+01 2.397909e+02 5.827281e+00
    endloop
  endfacet
  facet normal 2.403889e-13 -8.660254e-01 5.000000e-01
    outer loop
      vertex   2.999873e+01 2.397909e+02 5.827281e+00
      vertex   2.950655e+01 2.397849e+02 5.816855e+00
      vertex   2.924803e+01 2.397331e+02 5.727136e+00
    endloop
  endfacet
  facet normal -5.747201e-15 -8.660254e-01 5.000000e-01
    outer loop
      vertex   2.927236e+01 2.405874e+02 7.206936e+00
      vertex   2.994739e+01 2.400723e+02 6.314764e+00
      vertex   3.126758e+01 2.405872e+02 7.206482e+00
    endloop
  endfacet
  facet normal -8.127406e-14 -8.660254e-01 5.000000e-01
    outer loop
      vertex   3.126758e+01 2.405872e+02 7.206482e+00
      vertex   2.994739e+01 2.400723e+02 6.314764e+00
      vertex   3.025617e+01 2.400550e+02 6.284800e+00
    endloop
  endfacet
  facet normal -7.016540e-14 -8.660254e-01 5.000000e-01
    outer loop
      vertex   3.126758e+01 2.405872e+02 7.206482e+00
      vertex   3.025617e+01 2.400550e+02 6.284800e+00
      vertex   3.054729e+01 2.400163e+02 6.217754e+00
    endloop
  endfacet
  facet normal 1.334054e-13 -8.660254e-01 5.000000e-01
    outer loop
      vertex   2.900256e+01 2.399156e+02 6.043238e+00
      vertex   2.945109e+01 2.400311e+02 6.243284e+00
      vertex   2.927236e+01 2.405874e+02 7.206936e+00
    endloop
  endfacet
  facet normal -6.916552e-14 -8.660254e-01 5.000000e-01
    outer loop
      vertex   2.927236e+01 2.405874e+02 7.206936e+00
      vertex   2.945109e+01 2.400311e+02 6.243284e+00
      vertex   2.994739e+01 2.400723e+02 6.314764e+00
    endloop
  endfacet
  facet normal 2.786063e-13 -8.660254e-01 5.000000e-01
    outer loop
      vertex   3.054729e+01 2.400163e+02 6.217754e+00
      vertex   3.080797e+01 2.399420e+02 6.089072e+00
      vertex   3.126758e+01 2.405872e+02 7.206482e+00
    endloop
  endfacet
  facet normal -1.672888e-13 -8.660254e-01 5.000000e-01
    outer loop
      vertex   3.126758e+01 2.405872e+02 7.206482e+00
      vertex   3.080797e+01 2.399420e+02 6.089072e+00
      vertex   3.105232e+01 2.398454e+02 5.921670e+00
    endloop
  endfacet
  facet normal 1.392225e-15 -8.660254e-01 5.000000e-01
    outer loop
      vertex   3.126758e+01 2.405872e+02 7.206482e+00
      vertex   3.105232e+01 2.398454e+02 5.921670e+00
      vertex   5.300000e+01 2.422000e+02 1.000000e+01
    endloop
  endfacet
  facet normal -1.220032e-14 -8.660254e-01 5.000000e-01
    outer loop
      vertex   5.300000e+01 2.422000e+02 1.000000e+01
      vertex   3.105232e+01 2.398454e+02 5.921670e+00
      vertex   3.125009e+01 2.397143e+02 5.694686e+00
    endloop
  endfacet
  facet normal -3.848651e-14 -8.660254e-01 5.000000e-01
    outer loop
      vertex   5.300000e+01 2.422000e+02 1.000000e+01
      vertex   3.125009e+01 2.397143e+02 5.694686e+00
      vertex   3.139658e+01 2.395775e+02 5.457646e+00
    endloop
  endfacet
  facet normal 2.610259e-14 -8.660254e-01 5.000000e-01
    outer loop
      vertex   3.139658e+01 2.395775e+02 5.457646e+00
      vertex   3.147121e+01 2.394241e+02 5.191945e+00
      vertex   5.300000e+01 2.422000e+02 1.000000e+01
    endloop
  endfacet
  facet normal 2.549907e-14 -8.660254e-01 5.000000e-01
    outer loop
      vertex   5.300000e+01 2.422000e+02 1.000000e+01
      vertex   3.147121e+01 2.394241e+02 5.191945e+00
      vertex   3.150222e+01 2.392621e+02 4.911402e+00
    endloop
  endfacet
  facet normal 4.065806e-16 -8.660254e-01 5.000000e-01
    outer loop
      vertex   5.300000e+01 2.422000e+02 1.000000e+01
      vertex   3.150222e+01 2.392621e+02 4.911402e+00
      vertex   4.750000e+01 2.367000e+02 4.737206e-01
    endloop
  endfacet
  facet normal 3.301392e-15 -8.660254e-01 5.000000e-01
    outer loop
      vertex   4.750000e+01 2.367000e+02 4.737206e-01
      vertex   3.150222e+01 2.392621e+02 4.911402e+00
      vertex   3.140683e+01 2.389512e+02 4.372906e+00
    endloop
  endfacet
  facet normal -1.339108e-14 -8.660254e-01 5.000000e-01
    outer loop
      vertex   4.750000e+01 2.367000e+02 4.737206e-01
      vertex   3.140683e+01 2.389512e+02 4.372906e+00
      vertex   3.127763e+01 2.388111e+02 4.130315e+00
    endloop
  endfacet
  facet normal -7.474282e-16 -8.660254e-01 5.000000e-01
    outer loop
      vertex   6.800000e+00 2.422000e+02 1.000000e+01
      vertex   1.230000e+01 2.367000e+02 4.737206e-01
      vertex   2.818697e+01 2.390698e+02 4.578388e+00
    endloop
  endfacet
  facet normal -8.660254e-01 0.000000e+00 5.000000e-01
    outer loop
      vertex   5.300000e+01 2.422000e+02 1.000000e+01
      vertex   4.750000e+01 2.367000e+02 4.737206e-01
      vertex   5.300000e+01 1.962000e+02 1.000000e+01
    endloop
  endfacet
  facet normal -8.660254e-01 -2.260818e-16 5.000000e-01
    outer loop
      vertex   5.300000e+01 1.962000e+02 1.000000e+01
      vertex   4.750000e+01 2.367000e+02 4.737206e-01
      vertex   4.750000e+01 2.017000e+02 4.737206e-01
    endloop
  endfacet
  facet normal 8.660254e-01 0.000000e+00 5.000000e-01
    outer loop
      vertex   6.800000e+00 2.422000e+02 1.000000e+01
      vertex   6.800000e+00 1.962000e+02 1.000000e+01
      vertex   1.230000e+01 2.367000e+02 4.737206e-01
    endloop
  endfacet
  facet normal 8.660254e-01 1.744636e-16 5.000000e-01
    outer loop
      vertex   1.230000e+01 2.367000e+02 4.737206e-01
      vertex   6.800000e+00 1.962000e+02 1.000000e+01
      vertex   1.230000e+01 2.017000e+02 4.737206e-01
    endloop
  endfacet
  facet normal 1.000000e+00 0.000000e+00 0.000000e+00
    outer loop
      vertex   5.980000e+01 2.367000e+02 4.737206e-01
      vertex   5.980000e+01 2.112263e+02 4.737206e-01
      vertex   5.980000e+01 2.367000e+02 0.000000e+00
    endloop
  endfacet
  facet normal 1.000000e+00 0.000000e+00 0.000000e+00
    outer loop
      vertex   5.980000e+01 2.367000e+02 0.000000e+00
      vertex   5.980000e+01 2.112263e+02 4.737206e-01
      vertex   5.980000e+01 2.112263e+02 0.000000e+00
    endloop
  endfacet
  facet normal 8.660254e-01 3.050815e-16 5.000000e-01
    outer loop
      vertex   5.980000e+01 2.367000e+02 4.737206e-01
      vertex   5.430000e+01 2.422000e+02 1.000000e+01
      vertex   5.980000e+01 2.112263e+02 4.737206e-01
    endloop
  endfacet
  facet normal 8.660254e-01 3.510587e-18 5.000000e-01
    outer loop
      vertex   5.980000e+01 2.112263e+02 4.737206e-01
      vertex   5.430000e+01 2.422000e+02 1.000000e+01
      vertex   5.430000e+01 1.962000e+02 1.000000e+01
    endloop
  endfacet
  facet normal 8.660254e-01 -5.325194e-16 5.000000e-01
    outer loop
      vertex   5.980000e+01 2.112263e+02 4.737206e-01
      vertex   5.430000e+01 1.962000e+02 1.000000e+01
      vertex   6.007350e+01 2.019735e+02 0.000000e+00
    endloop
  endfacet
  facet normal 8.660254e-01 7.009274e-16 5.000000e-01
    outer loop
      vertex   6.007350e+01 2.019735e+02 0.000000e+00
      vertex   6.007350e+01 2.107526e+02 0.000000e+00
      vertex   5.980000e+01 2.112263e+02 4.737206e-01
    endloop
  endfacet
  facet normal 8.660254e-01 5.000000e-01 0.000000e+00
    outer loop
      vertex   5.980000e+01 2.112263e+02 4.737206e-01
      vertex   6.007350e+01 2.107526e+02 0.000000e+00
      vertex   5.980000e+01 2.112263e+02 0.000000e+00
    endloop
  endfacet
  facet normal -8.660254e-01 3.231870e-17 5.000000e-01
    outer loop
      vertex   5.500000e+00 5.500000e+00 1.000000e+01
      vertex   5.500000e+00 2.435000e+02 1.000000e+01
      vertex   0.000000e+00 0.000000e+00 4.737206e-01
    endloop
  endfacet
  facet normal -8.660254e-01 0.000000e+00 5.000000e-01
    outer loop
      vertex   0.000000e+00 0.000000e+00 4.737206e-01
      vertex   5.500000e+00 2.435000e+02 1.000000e+01
      vertex   0.000000e+00 2.490000e+02 4.737206e-01
    endloop
  endfacet
  facet normal -1.000000e+00 0.000000e+00 0.000000e+00
    outer loop
      vertex   0.000000e+00 0.000000e+00 4.737206e-01
      vertex   0.000000e+00 2.490000e+02 4.737206e-01
      vertex   0.000000e+00 0.000000e+00 -5.000000e+00
    endloop
  endfacet
  facet normal -1.000000e+00 0.000000e+00 0.000000e+00
    outer loop
      vertex   0.000000e+00 0.000000e+00 -5.000000e+00
      vertex   0.000000e+00 2.490000e+02 4.737206e-01
      vertex   0.000000e+00 2.490000e+02 -5.000000e+00
    endloop
  endfacet
  facet normal 1.000000e+00 0.000000e+00 0.000000e+00
    outer loop
      vertex   1.230000e+01 2.017000e+02 0.000000e+00
      vertex   1.230000e+01 2.367000e+02 0.000000e+00
      vertex   1.230000e+01 2.017000e+02 4.737206e-01
    endloop
  endfacet
  facet normal 1.000000e+00 0.000000e+00 0.000000e+00
    outer loop
      vertex   1.230000e+01 2.017000e+02 4.737206e-01
      vertex   1.230000e+01 2.367000e+02 0.000000e+00
      vertex   1.230000e+01 2.367000e+02 4.737206e-01
    endloop
  endfacet
  facet normal -1.000000e+00 0.000000e+00 0.000000e+00
    outer loop
      vertex   4.750000e+01 2.017000e+02 4.737206e-01
      vertex   4.750000e+01 2.367000e+02 4.737206e-01
      vertex   4.750000e+01 2.017000e+02 0.000000e+00
    endloop
  endfacet
  facet normal -1.000000e+00 0.000000e+00 0.000000e+00
    outer loop
      vertex   4.750000e+01 2.017000e+02 0.000000e+00
      vertex   4.750000e+01 2.367000e+02 4.737206e-01
      vertex   4.750000e+01 2.367000e+02 0.000000e+00
    endloop
  endfacet
  facet normal 0.000000e+00 -1.000000e+00 0.000000e+00
    outer loop
      vertex   5.980000e+01 2.367000e+02 0.000000e+00
      vertex   9.480000e+01 2.367000e+02 0.000000e+00
      vertex   5.980000e+01 2.367000e+02 4.737206e-01
    endloop
  endfacet
  facet normal 0.000000e+00 -1.000000e+00 0.000000e+00
    outer loop
      vertex   5.980000e+01 2.367000e+02 4.737206e-01
      vertex   9.480000e+01 2.367000e+02 0.000000e+00
      vertex   9.480000e+01 2.367000e+02 4.737206e-01
    endloop
  endfacet
  facet normal 0.000000e+00 0.000000e+00 -1.000000e+00
    outer loop
      vertex   2.480000e+02 2.490000e+02 0.000000e+00
      vertex   2.490000e+02 2.490000e+02 0.000000e+00
      vertex   2.480000e+02 1.972152e-30 0.000000e+00
    endloop
  endfacet
  facet normal 0.000000e+00 0.000000e+00 -1.000000e+00
    outer loop
      vertex   2.480000e+02 1.972152e-30 0.000000e+00
      vertex   2.490000e+02 2.490000e+02 0.000000e+00
      vertex   2.490000e+02 0.000000e+00 0.000000e+00
    endloop
  endfacet
  facet normal 0.000000e+00 1.000000e+00 0.000000e+00
    outer loop
      vertex   2.490000e+02 2.490000e+02 4.737206e-01
      vertex   2.400000e+02 2.490000e+02 0.000000e+00
      vertex   0.000000e+00 2.490000e+02 4.737206e-01
    endloop
  endfacet
  facet normal 0.000000e+00 1.000000e+00 0.000000e+00
    outer loop
      vertex   0.000000e+00 2.490000e+02 4.737206e-01
      vertex   2.400000e+02 2.490000e+02 0.000000e+00
      vertex   8.000000e+00 2.490000e+02 0.000000e+00
    endloop
  endfacet
  facet normal 0.000000e+00 1.000000e+00 0.000000e+00
    outer loop
      vertex   0.000000e+00 2.490000e+02 4.737206e-01
      vertex   8.000000e+00 2.490000e+02 0.000000e+00
      vertex   0.000000e+00 2.490000e+02 -5.000000e+00
    endloop
  endfacet
  facet normal 0.000000e+00 1.000000e+00 0.000000e+00
    outer loop
      vertex   0.000000e+00 2.490000e+02 -5.000000e+00
      vertex   8.000000e+00 2.490000e+02 0.000000e+00
      vertex   8.000000e+00 2.490000e+02 -5.000000e+00
    endloop
  endfacet
  facet normal 0.000000e+00 1.000000e+00 -0.000000e+00
    outer loop
      vertex   2.490000e+02 2.490000e+02 0.000000e+00
      vertex   2.480000e+02 2.490000e+02 0.000000e+00
      vertex   2.490000e+02 2.490000e+02 4.737206e-01
    endloop
  endfacet
  facet normal 0.000000e+00 1.000000e+00 0.000000e+00
    outer loop
      vertex   2.490000e+02 2.490000e+02 4.737206e-01
      vertex   2.480000e+02 2.490000e+02 0.000000e+00
      vertex   2.400000e+02 2.490000e+02 0.000000e+00
    endloop
  endfacet
  facet normal 0.000000e+00 1.000000e+00 -0.000000e+00
    outer loop
      vertex   2.480000e+02 2.490000e+02 -5.000000e+00
      vertex   2.400000e+02 2.490000e+02 -5.000000e+00
      vertex   2.480000e+02 2.490000e+02 0.000000e+00
    endloop
  endfacet
  facet normal 0.000000e+00 1.000000e+00 0.000000e+00
    outer loop
      vertex   2.480000e+02 2.490000e+02 0.000000e+00
      vertex   2.400000e+02 2.490000e+02 -5.000000e+00
      vertex   2.400000e+02 2.490000e+02 0.000000e+00
    endloop
  endfacet
  facet normal -1.000000e+00 0.000000e+00 0.000000e+00
    outer loop
      vertex   2.367000e+02 2.017000e+02 4.737206e-01
      vertex   2.367000e+02 2.367000e+02 4.737206e-01
      vertex   2.367000e+02 2.017000e+02 0.000000e+00
    endloop
  endfacet
  facet normal -1.000000e+00 0.000000e+00 0.000000e+00
    outer loop
      vertex   2.367000e+02 2.017000e+02 0.000000e+00
      vertex   2.367000e+02 2.367000e+02 4.737206e-01
      vertex   2.367000e+02 2.367000e+02 0.000000e+00
    endloop
  endfacet
  facet normal -1.000000e+00 0.000000e+00 0.000000e+00
    outer loop
      vertex   1.894000e+02 2.017000e+02 4.737206e-01
      vertex   1.894000e+02 2.367000e+02 4.737206e-01
      vertex   1.894000e+02 2.017000e+02 0.000000e+00
    endloop
  endfacet
  facet normal -1.000000e+00 0.000000e+00 0.000000e+00
    outer loop
      vertex   1.894000e+02 2.017000e+02 0.000000e+00
      vertex   1.894000e+02 2.367000e+02 4.737206e-01
      vertex   1.894000e+02 2.367000e+02 0.000000e+00
    endloop
  endfacet
  facet normal -1.000000e+00 0.000000e+00 0.000000e+00
    outer loop
      vertex   1.421000e+02 2.017000e+02 4.737206e-01
      vertex   1.421000e+02 2.367000e+02 4.737206e-01
      vertex   1.421000e+02 2.017000e+02 0.000000e+00
    endloop
  endfacet
  facet normal -1.000000e+00 0.000000e+00 0.000000e+00
    outer loop
      vertex   1.421000e+02 2.017000e+02 0.000000e+00
      vertex   1.421000e+02 2.367000e+02 4.737206e-01
      vertex   1.421000e+02 2.367000e+02 0.000000e+00
    endloop
  endfacet
  facet normal -1.000000e+00 0.000000e+00 0.000000e+00
    outer loop
      vertex   9.480000e+01 2.017000e+02 4.737206e-01
      vertex   9.480000e+01 2.367000e+02 4.737206e-01
      vertex   9.480000e+01 2.017000e+02 0.000000e+00
    endloop
  endfacet
  facet normal -1.000000e+00 0.000000e+00 0.000000e+00
    outer loop
      vertex   9.480000e+01 2.017000e+02 0.000000e+00
      vertex   9.480000e+01 2.367000e+02 4.737206e-01
      vertex   9.480000e+01 2.367000e+02 0.000000e+00
    endloop
  endfacet
  facet normal -0.000000e+00 8.660254e-01 5.000000e-01
    outer loop
      vertex   5.500000e+00 2.435000e+02 1.000000e+01
      vertex   2.435000e+02 2.435000e+02 1.000000e+01
      vertex   0.000000e+00 2.490000e+02 4.737206e-01
    endloop
  endfacet
  facet normal 2.452300e-17 8.660254e-01 5.000000e-01
    outer loop
      vertex   0.000000e+00 2.490000e+02 4.737206e-01
      vertex   2.435000e+02 2.435000e+02 1.000000e+01
      vertex   2.490000e+02 2.490000e+02 4.737206e-01
    endloop
  endfacet
  facet normal 8.660254e-01 0.000000e+00 5.000000e-01
    outer loop
      vertex   2.490000e+02 2.490000e+02 4.737206e-01
      vertex   2.435000e+02 2.435000e+02 1.000000e+01
      vertex   2.490000e+02 0.000000e+00 4.737206e-01
    endloop
  endfacet
  facet normal 8.660254e-01 -6.245550e-19 5.000000e-01
    outer loop
      vertex   2.490000e+02 0.000000e+00 4.737206e-01
      vertex   2.435000e+02 2.435000e+02 1.000000e+01
      vertex   2.435000e+02 5.500000e+00 1.000000e+01
    endloop
  endfacet
  facet normal 0.000000e+00 0.000000e+00 1.000000e+00
    outer loop
      vertex   5.430000e+01 2.422000e+02 1.000000e+01
      vertex   5.300000e+01 2.422000e+02 1.000000e+01
      vertex   5.430000e+01 1.962000e+02 1.000000e+01
    endloop
  endfacet
  facet normal 0.000000e+00 0.000000e+00 1.000000e+00
    outer loop
      vertex   5.430000e+01 1.962000e+02 1.000000e+01
      vertex   5.300000e+01 2.422000e+02 1.000000e+01
      vertex   5.300000e+01 1.962000e+02 1.000000e+01
    endloop
  endfacet
  facet normal 0.000000e+00 0.000000e+00 1.000000e+00
    outer loop
      vertex   5.430000e+01 1.962000e+02 1.000000e+01
      vertex   5.300000e+01 1.962000e+02 1.000000e+01
      vertex   5.430000e+01 1.949000e+02 1.000000e+01
    endloop
  endfacet
  facet normal 0.000000e+00 0.000000e+00 1.000000e+00
    outer loop
      vertex   5.430000e+01 1.949000e+02 1.000000e+01
      vertex   5.300000e+01 1.962000e+02 1.000000e+01
      vertex   5.300000e+01 1.949000e+02 1.000000e+01
    endloop
  endfacet
  facet normal 0.000000e+00 0.000000e+00 1.000000e+00
    outer loop
      vertex   5.430000e+01 1.949000e+02 1.000000e+01
      vertex   5.300000e+01 1.949000e+02 1.000000e+01
      vertex   5.430000e+01 1.489000e+02 1.000000e+01
    endloop
  endfacet
  facet normal 0.000000e+00 0.000000e+00 1.000000e+00
    outer loop
      vertex   5.430000e+01 1.489000e+02 1.000000e+01
      vertex   5.300000e+01 1.949000e+02 1.000000e+01
      vertex   5.300000e+01 1.489000e+02 1.000000e+01
    endloop
  endfacet
  facet normal 0.000000e+00 0.000000e+00 1.000000e+00
    outer loop
      vertex   5.430000e+01 1.489000e+02 1.000000e+01
      vertex   5.300000e+01 1.489000e+02 1.000000e+01
      vertex   5.430000e+01 1.476000e+02 1.000000e+01
    endloop
  endfacet
  facet normal 0.000000e+00 0.000000e+00 1.000000e+00
    outer loop
      vertex   5.430000e+01 1.476000e+02 1.000000e+01
      vertex   5.300000e+01 1.489000e+02 1.000000e+01
      vertex   5.300000e+01 1.476000e+02 1.000000e+01
    endloop
  endfacet
  facet normal 0.000000e+00 0.000000e+00 1.000000e+00
    outer loop
      vertex   5.430000e+01 1.476000e+02 1.000000e+01
      vertex   5.300000e+01 1.476000e+02 1.000000e+01
      vertex   5.430000e+01 1.016000e+02 1.000000e+01
    endloop
  endfacet
  facet normal 0.000000e+00 0.000000e+00 1.000000e+00
    outer loop
      vertex   5.430000e+01 1.016000e+02 1.000000e+01
      vertex   5.300000e+01 1.476000e+02 1.000000e+01
      vertex   5.300000e+01 1.016000e+02 1.000000e+01
    endloop
  endfacet
  facet normal 0.000000e+00 0.000000e+00 1.000000e+00
    outer loop
      vertex   5.430000e+01 1.016000e+02 1.000000e+01
      vertex   5.300000e+01 1.016000e+02 1.000000e+01
      vertex   5.430000e+01 1.003000e+02 1.000000e+01
    endloop
  endfacet
  facet normal 0.000000e+00 0.000000e+00 1.000000e+00
    outer loop
      vertex   5.430000e+01 1.003000e+02 1.000000e+01
      vertex   5.300000e+01 1.016000e+02 1.000000e+01
      vertex   5.300000e+01 1.003000e+02 1.000000e+01
    endloop
  endfacet
  facet normal 0.000000e+00 0.000000e+00 1.000000e+00
    outer loop
      vertex   5.430000e+01 1.003000e+02 1.000000e+01
      vertex   5.300000e+01 1.003000e+02 1.000000e+01
      vertex   5.430000e+01 5.430000e+01 1.000000e+01
    endloop
  endfacet
  facet normal 0.000000e+00 0.000000e+00 1.000000e+00
    outer loop
      vertex   5.430000e+01 5.430000e+01 1.000000e+01
      vertex   5.300000e+01 1.003000e+02 1.000000e+01
      vertex   5.300000e+01 5.430000e+01 1.000000e+01
    endloop
  endfacet
  facet normal 0.000000e+00 0.000000e+00 1.000000e+00
    outer loop
      vertex   5.430000e+01 5.430000e+01 1.000000e+01
      vertex   5.300000e+01 5.430000e+01 1.000000e+01
      vertex   5.430000e+01 5.300000e+01 1.000000e+01
    endloop
  endfacet
  facet normal 0.000000e+00 0.000000e+00 1.000000e+00
    outer loop
      vertex   5.430000e+01 5.300000e+01 1.000000e+01
      vertex   5.300000e+01 5.430000e+01 1.000000e+01
      vertex   5.300000e+01 5.300000e+01 1.000000e+01
    endloop
  endfacet
  facet normal 0.000000e+00 0.000000e+00 1.000000e+00
    outer loop
      vertex   5.430000e+01 5.300000e+01 1.000000e+01
      vertex   5.300000e+01 5.300000e+01 1.000000e+01
      vertex   5.430000e+01 6.800000e+00 1.000000e+01
    endloop
  endfacet
  facet normal 0.000000e+00 0.000000e+00 1.000000e+00
    outer loop
      vertex   5.430000e+01 6.800000e+00 1.000000e+01
      vertex   5.300000e+01 5.300000e+01 1.000000e+01
      vertex   5.300000e+01 6.800000e+00 1.000000e+01
    endloop
  endfacet
  facet normal 0.000000e+00 0.000000e+00 1.000000e+00
    outer loop
      vertex   5.430000e+01 6.800000e+00 1.000000e+01
      vertex   5.300000e+01 6.800000e+00 1.000000e+01
      vertex   5.500000e+00 5.500000e+00 1.000000e+01
    endloop
  endfacet
  facet normal 0.000000e+00 0.000000e+00 1.000000e+00
    outer loop
      vertex   5.500000e+00 5.500000e+00 1.000000e+01
      vertex   5.300000e+01 6.800000e+00 1.000000e+01
      vertex   6.800000e+00 6.800000e+00 1.000000e+01
    endloop
  endfacet
  facet normal 0.000000e+00 0.000000e+00 1.000000e+00
    outer loop
      vertex   5.500000e+00 5.500000e+00 1.000000e+01
      vertex   6.800000e+00 6.800000e+00 1.000000e+01
      vertex   6.800000e+00 5.300000e+01 1.000000e+01
    endloop
  endfacet
  facet normal 0.000000e+00 -0.000000e+00 1.000000e+00
    outer loop
      vertex   5.300000e+01 2.422000e+02 1.000000e+01
      vertex   5.430000e+01 2.422000e+02 1.000000e+01
      vertex   5.500000e+00 2.435000e+02 1.000000e+01
    endloop
  endfacet
  facet normal 0.000000e+00 0.000000e+00 1.000000e+00
    outer loop
      vertex   5.500000e+00 2.435000e+02 1.000000e+01
      vertex   5.430000e+01 2.422000e+02 1.000000e+01
      vertex   1.003000e+02 2.422000e+02 1.000000e+01
    endloop
  endfacet
  facet normal 0.000000e+00 0.000000e+00 1.000000e+00
    outer loop
      vertex   5.500000e+00 2.435000e+02 1.000000e+01
      vertex   1.003000e+02 2.422000e+02 1.000000e+01
      vertex   1.016000e+02 2.422000e+02 1.000000e+01
    endloop
  endfacet
  facet normal 0.000000e+00 0.000000e+00 1.000000e+00
    outer loop
      vertex   1.016000e+02 2.422000e+02 1.000000e+01
      vertex   1.003000e+02 2.422000e+02 1.000000e+01
      vertex   1.016000e+02 1.962000e+02 1.000000e+01
    endloop
  endfacet
  facet normal 0.000000e+00 0.000000e+00 1.000000e+00
    outer loop
      vertex   1.016000e+02 1.962000e+02 1.000000e+01
      vertex   1.003000e+02 2.422000e+02 1.000000e+01
      vertex   1.003000e+02 1.962000e+02 1.000000e+01
    endloop
  endfacet
  facet normal 0.000000e+00 0.000000e+00 1.000000e+00
    outer loop
      vertex   1.016000e+02 1.962000e+02 1.000000e+01
      vertex   1.003000e+02 1.962000e+02 1.000000e+01
      vertex   1.016000e+02 1.949000e+02 1.000000e+01
    endloop
  endfacet
  facet normal 0.000000e+00 0.000000e+00 1.000000e+00
    outer loop
      vertex   1.016000e+02 1.949000e+02 1.000000e+01
      vertex   1.003000e+02 1.962000e+02 1.000000e+01
      vertex   1.003000e+02 1.949000e+02 1.000000e+01
    endloop
  endfacet
  facet normal 0.000000e+00 0.000000e+00 1.000000e+00
    outer loop
      vertex   1.016000e+02 1.949000e+02 1.000000e+01
      vertex   1.003000e+02 1.949000e+02 1.000000e+01
      vertex   1.016000e+02 1.489000e+02 1.000000e+01
    endloop
  endfacet
  facet normal 0.000000e+00 0.000000e+00 1.000000e+00
    outer loop
      vertex   1.016000e+02 1.489000e+02 1.000000e+01
      vertex   1.003000e+02 1.949000e+02 1.000000e+01
      vertex   1.003000e+02 1.489000e+02 1.000000e+01
    endloop
  endfacet
  facet normal 0.000000e+00 0.000000e+00 1.000000e+00
    outer loop
      vertex   1.016000e+02 1.489000e+02 1.000000e+01
      vertex   1.003000e+02 1.489000e+02 1.000000e+01
      vertex   1.016000e+02 1.476000e+02 1.000000e+01
    endloop
  endfacet
  facet normal 0.000000e+00 0.000000e+00 1.000000e+00
    outer loop
      vertex   1.016000e+02 1.476000e+02 1.000000e+01
      vertex   1.003000e+02 1.489000e+02 1.000000e+01
      vertex   1.003000e+02 1.476000e+02 1.000000e+01
    endloop
  endfacet
  facet normal 0.000000e+00 0.000000e+00 1.000000e+00
    outer loop
      vertex   1.016000e+02 1.476000e+02 1.000000e+01
      vertex   1.003000e+02 1.476000e+02 1.000000e+01
      vertex   1.016000e+02 1.016000e+02 1.000000e+01
    endloop
  endfacet
  facet normal 0.000000e+00 0.000000e+00 1.000000e+00
    outer loop
      vertex   1.016000e+02 1.016000e+02 1.000000e+01
      vertex   1.003000e+02 1.476000e+02 1.000000e+01
      vertex   1.003000e+02 1.016000e+02 1.000000e+01
    endloop
  endfacet
  facet normal 0.000000e+00 0.000000e+00 1.000000e+00
    outer loop
      vertex   1.016000e+02 1.016000e+02 1.000000e+01
      vertex   1.003000e+02 1.016000e+02 1.000000e+01
      vertex   1.016000e+02 1.003000e+02 1.000000e+01
    endloop
  endfacet
  facet normal 0.000000e+00 0.000000e+00 1.000000e+00
    outer loop
      vertex   1.016000e+02 1.003000e+02 1.000000e+01
      vertex   1.003000e+02 1.016000e+02 1.000000e+01
      vertex   1.003000e+02 1.003000e+02 1.000000e+01
    endloop
  endfacet
  facet normal 0.000000e+00 0.000000e+00 1.000000e+00
    outer loop
      vertex   1.016000e+02 1.003000e+02 1.000000e+01
      vertex   1.003000e+02 1.003000e+02 1.000000e+01
      vertex   1.016000e+02 5.430000e+01 1.000000e+01
    endloop
  endfacet
  facet normal 0.000000e+00 0.000000e+00 1.000000e+00
    outer loop
      vertex   1.016000e+02 5.430000e+01 1.000000e+01
      vertex   1.003000e+02 1.003000e+02 1.000000e+01
      vertex   1.003000e+02 5.430000e+01 1.000000e+01
    endloop
  endfacet
  facet normal 0.000000e+00 0.000000e+00 1.000000e+00
    outer loop
      vertex   1.016000e+02 5.430000e+01 1.000000e+01
      vertex   1.003000e+02 5.430000e+01 1.000000e+01
      vertex   1.016000e+02 5.300000e+01 1.000000e+01
    endloop
  endfacet
  facet normal 0.000000e+00 0.000000e+00 1.000000e+00
    outer loop
      vertex   1.016000e+02 5.300000e+01 1.000000e+01
      vertex   1.003000e+02 5.430000e+01 1.000000e+01
      vertex   1.003000e+02 5.300000e+01 1.000000e+01
    endloop
  endfacet
  facet normal 0.000000e+00 0.000000e+00 1.000000e+00
    outer loop
      vertex   1.016000e+02 5.300000e+01 1.000000e+01
      vertex   1.003000e+02 5.300000e+01 1.000000e+01
      vertex   1.016000e+02 6.800000e+00 1.000000e+01
    endloop
  endfacet
  facet normal 0.000000e+00 0.000000e+00 1.000000e+00
    outer loop
      vertex   1.016000e+02 6.800000e+00 1.000000e+01
      vertex   1.003000e+02 5.300000e+01 1.000000e+01
      vertex   1.003000e+02 6.800000e+00 1.000000e+01
    endloop
  endfacet
  facet normal 0.000000e+00 0.000000e+00 1.000000e+00
    outer loop
      vertex   1.016000e+02 6.800000e+00 1.000000e+01
      vertex   1.003000e+02 6.800000e+00 1.000000e+01
      vertex   5.500000e+00 5.500000e+00 1.000000e+01
    endloop
  endfacet
  facet normal 0.000000e+00 0.000000e+00 1.000000e+00
    outer loop
      vertex   5.500000e+00 5.500000e+00 1.000000e+01
      vertex   1.003000e+02 6.800000e+00 1.000000e+01
      vertex   5.430000e+01 6.800000e+00 1.000000e+01
    endloop
  endfacet
  facet normal 0.000000e+00 0.000000e+00 1.000000e+00
    outer loop
      vertex   1.003000e+02 1.962000e+02 1.000000e+01
      vertex   5.430000e+01 1.962000e+02 1.000000e+01
      vertex   1.003000e+02 1.949000e+02 1.000000e+01
    endloop
  endfacet
  facet normal 0.000000e+00 0.000000e+00 1.000000e+00
    outer loop
      vertex   1.003000e+02 1.949000e+02 1.000000e+01
      vertex   5.430000e+01 1.962000e+02 1.000000e+01
      vertex   5.430000e+01 1.949000e+02 1.000000e+01
    endloop
  endfacet
  facet normal 0.000000e+00 0.000000e+00 1.000000e+00
    outer loop
      vertex   5.300000e+01 1.962000e+02 1.000000e+01
      vertex   6.800000e+00 1.962000e+02 1.000000e+01
      vertex   5.300000e+01 1.949000e+02 1.000000e+01
    endloop
  endfacet
  facet normal 0.000000e+00 0.000000e+00 1.000000e+00
    outer loop
      vertex   5.300000e+01 1.949000e+02 1.000000e+01
      vertex   6.800000e+00 1.962000e+02 1.000000e+01
      vertex   6.800000e+00 1.949000e+02 1.000000e+01
    endloop
  endfacet
  facet normal 0.000000e+00 -0.000000e+00 1.000000e+00
    outer loop
      vertex   6.800000e+00 1.949000e+02 1.000000e+01
      vertex   6.800000e+00 1.962000e+02 1.000000e+01
      vertex   5.500000e+00 2.435000e+02 1.000000e+01
    endloop
  endfacet
  facet normal 0.000000e+00 0.000000e+00 1.000000e+00
    outer loop
      vertex   6.800000e+00 1.949000e+02 1.000000e+01
      vertex   5.500000e+00 2.435000e+02 1.000000e+01
      vertex   6.800000e+00 1.489000e+02 1.000000e+01
    endloop
  endfacet
  facet normal 0.000000e+00 0.000000e+00 1.000000e+00
    outer loop
      vertex   6.800000e+00 1.489000e+02 1.000000e+01
      vertex   5.500000e+00 2.435000e+02 1.000000e+01
      vertex   6.800000e+00 1.476000e+02 1.000000e+01
    endloop
  endfacet
  facet normal 0.000000e+00 0.000000e+00 1.000000e+00
    outer loop
      vertex   6.800000e+00 1.489000e+02 1.000000e+01
      vertex   6.800000e+00 1.476000e+02 1.000000e+01
      vertex   5.300000e+01 1.476000e+02 1.000000e+01
    endloop
  endfacet
  facet normal 0.000000e+00 -0.000000e+00 1.000000e+00
    outer loop
      vertex   6.800000e+00 1.962000e+02 1.000000e+01
      vertex   6.800000e+00 2.422000e+02 1.000000e+01
      vertex   5.500000e+00 2.435000e+02 1.000000e+01
    endloop
  endfacet
  facet normal 0.000000e+00 0.000000e+00 1.000000e+00
    outer loop
      vertex   5.500000e+00 2.435000e+02 1.000000e+01
      vertex   6.800000e+00 2.422000e+02 1.000000e+01
      vertex   5.300000e+01 2.422000e+02 1.000000e+01
    endloop
  endfacet
  facet normal 0.000000e+00 0.000000e+00 1.000000e+00
    outer loop
      vertex   6.800000e+00 1.476000e+02 1.000000e+01
      vertex   5.500000e+00 2.435000e+02 1.000000e+01
      vertex   6.800000e+00 1.016000e+02 1.000000e+01
    endloop
  endfacet
  facet normal 0.000000e+00 0.000000e+00 1.000000e+00
    outer loop
      vertex   6.800000e+00 1.016000e+02 1.000000e+01
      vertex   5.500000e+00 2.435000e+02 1.000000e+01
      vertex   5.500000e+00 5.500000e+00 1.000000e+01
    endloop
  endfacet
  facet normal 0.000000e+00 0.000000e+00 1.000000e+00
    outer loop
      vertex   6.800000e+00 1.016000e+02 1.000000e+01
      vertex   5.500000e+00 5.500000e+00 1.000000e+01
      vertex   6.800000e+00 1.003000e+02 1.000000e+01
    endloop
  endfacet
  facet normal 0.000000e+00 0.000000e+00 1.000000e+00
    outer loop
      vertex   6.800000e+00 1.003000e+02 1.000000e+01
      vertex   5.500000e+00 5.500000e+00 1.000000e+01
      vertex   6.800000e+00 5.430000e+01 1.000000e+01
    endloop
  endfacet
  facet normal 0.000000e+00 0.000000e+00 1.000000e+00
    outer loop
      vertex   6.800000e+00 5.430000e+01 1.000000e+01
      vertex   5.500000e+00 5.500000e+00 1.000000e+01
      vertex   6.800000e+00 5.300000e+01 1.000000e+01
    endloop
  endfacet
  facet normal 0.000000e+00 0.000000e+00 1.000000e+00
    outer loop
      vertex   6.800000e+00 5.430000e+01 1.000000e+01
      vertex   6.800000e+00 5.300000e+01 1.000000e+01
      vertex   5.300000e+01 5.300000e+01 1.000000e+01
    endloop
  endfacet
  facet normal -0.000000e+00 0.000000e+00 1.000000e+00
    outer loop
      vertex   5.500000e+00 5.500000e+00 1.000000e+01
      vertex   2.435000e+02 5.500000e+00 1.000000e+01
      vertex   1.016000e+02 6.800000e+00 1.000000e+01
    endloop
  endfacet
  facet normal -0.000000e+00 0.000000e+00 1.000000e+00
    outer loop
      vertex   1.016000e+02 6.800000e+00 1.000000e+01
      vertex   2.435000e+02 5.500000e+00 1.000000e+01
      vertex   1.476000e+02 6.800000e+00 1.000000e+01
    endloop
  endfacet
  facet normal -0.000000e+00 0.000000e+00 1.000000e+00
    outer loop
      vertex   1.476000e+02 6.800000e+00 1.000000e+01
      vertex   2.435000e+02 5.500000e+00 1.000000e+01
      vertex   1.489000e+02 6.800000e+00 1.000000e+01
    endloop
  endfacet
  facet normal 0.000000e+00 0.000000e+00 1.000000e+00
    outer loop
      vertex   1.476000e+02 6.800000e+00 1.000000e+01
      vertex   1.489000e+02 6.800000e+00 1.000000e+01
      vertex   1.476000e+02 5.300000e+01 1.000000e+01
    endloop
  endfacet
  facet normal -0.000000e+00 0.000000e+00 1.000000e+00
    outer loop
      vertex   1.476000e+02 5.300000e+01 1.000000e+01
      vertex   1.489000e+02 6.800000e+00 1.000000e+01
      vertex   1.489000e+02 5.300000e+01 1.000000e+01
    endloop
  endfacet
  facet normal 0.000000e+00 0.000000e+00 1.000000e+00
    outer loop
      vertex   1.476000e+02 5.300000e+01 1.000000e+01
      vertex   1.489000e+02 5.300000e+01 1.000000e+01
      vertex   1.476000e+02 5.430000e+01 1.000000e+01
    endloop
  endfacet
  facet normal -0.000000e+00 0.000000e+00 1.000000e+00
    outer loop
      vertex   1.476000e+02 5.430000e+01 1.000000e+01
      vertex   1.489000e+02 5.300000e+01 1.000000e+01
      vertex   1.489000e+02 5.430000e+01 1.000000e+01
    endloop
  endfacet
  facet normal 0.000000e+00 0.000000e+00 1.000000e+00
    outer loop
      vertex   1.476000e+02 5.430000e+01 1.000000e+01
      vertex   1.489000e+02 5.430000e+01 1.000000e+01
      vertex   1.476000e+02 1.003000e+02 1.000000e+01
    endloop
  endfacet
  facet normal -0.000000e+00 0.000000e+00 1.000000e+00
    outer loop
      vertex   1.476000e+02 1.003000e+02 1.000000e+01
      vertex   1.489000e+02 5.430000e+01 1.000000e+01
      vertex   1.489000e+02 1.003000e+02 1.000000e+01
    endloop
  endfacet
  facet normal 0.000000e+00 0.000000e+00 1.000000e+00
    outer loop
      vertex   1.476000e+02 1.003000e+02 1.000000e+01
      vertex   1.489000e+02 1.003000e+02 1.000000e+01
      vertex   1.476000e+02 1.016000e+02 1.000000e+01
    endloop
  endfacet
  facet normal -0.000000e+00 0.000000e+00 1.000000e+00
    outer loop
      vertex   1.476000e+02 1.016000e+02 1.000000e+01
      vertex   1.489000e+02 1.003000e+02 1.000000e+01
      vertex   1.489000e+02 1.016000e+02 1.000000e+01
    endloop
  endfacet
  facet normal 0.000000e+00 0.000000e+00 1.000000e+00
    outer loop
      vertex   1.476000e+02 1.016000e+02 1.000000e+01
      vertex   1.489000e+02 1.016000e+02 1.000000e+01
      vertex   1.476000e+02 1.476000e+02 1.000000e+01
    endloop
  endfacet
  facet normal -0.000000e+00 0.000000e+00 1.000000e+00
    outer loop
      vertex   1.476000e+02 1.476000e+02 1.000000e+01
      vertex   1.489000e+02 1.016000e+02 1.000000e+01
      vertex   1.489000e+02 1.476000e+02 1.000000e+01
    endloop
  endfacet
  facet normal 0.000000e+00 0.000000e+00 1.000000e+00
    outer loop
      vertex   1.476000e+02 1.476000e+02 1.000000e+01
      vertex   1.489000e+02 1.476000e+02 1.000000e+01
      vertex   1.476000e+02 1.489000e+02 1.000000e+01
    endloop
  endfacet
  facet normal -0.000000e+00 0.000000e+00 1.000000e+00
    outer loop
      vertex   1.476000e+02 1.489000e+02 1.000000e+01
      vertex   1.489000e+02 1.476000e+02 1.000000e+01
      vertex   1.489000e+02 1.489000e+02 1.000000e+01
    endloop
  endfacet
  facet normal 0.000000e+00 0.000000e+00 1.000000e+00
    outer loop
      vertex   1.476000e+02 1.489000e+02 1.000000e+01
      vertex   1.489000e+02 1.489000e+02 1.000000e+01
      vertex   1.476000e+02 1.949000e+02 1.000000e+01
    endloop
  endfacet
  facet normal -0.000000e+00 0.000000e+00 1.000000e+00
    outer loop
      vertex   1.476000e+02 1.949000e+02 1.000000e+01
      vertex   1.489000e+02 1.489000e+02 1.000000e+01
      vertex   1.489000e+02 1.949000e+02 1.000000e+01
    endloop
  endfacet
  facet normal 0.000000e+00 0.000000e+00 1.000000e+00
    outer loop
      vertex   1.476000e+02 1.949000e+02 1.000000e+01
      vertex   1.489000e+02 1.949000e+02 1.000000e+01
      vertex   1.476000e+02 1.962000e+02 1.000000e+01
    endloop
  endfacet
  facet normal -0.000000e+00 0.000000e+00 1.000000e+00
    outer loop
      vertex   1.476000e+02 1.962000e+02 1.000000e+01
      vertex   1.489000e+02 1.949000e+02 1.000000e+01
      vertex   1.489000e+02 1.962000e+02 1.000000e+01
    endloop
  endfacet
  facet normal 0.000000e+00 0.000000e+00 1.000000e+00
    outer loop
      vertex   1.476000e+02 1.962000e+02 1.000000e+01
      vertex   1.489000e+02 1.962000e+02 1.000000e+01
      vertex   1.476000e+02 2.422000e+02 1.000000e+01
    endloop
  endfacet
  facet normal -0.000000e+00 0.000000e+00 1.000000e+00
    outer loop
      vertex   1.476000e+02 2.422000e+02 1.000000e+01
      vertex   1.489000e+02 1.962000e+02 1.000000e+01
      vertex   1.489000e+02 2.422000e+02 1.000000e+01
    endloop
  endfacet
  facet normal 0.000000e+00 0.000000e+00 1.000000e+00
    outer loop
      vertex   1.476000e+02 2.422000e+02 1.000000e+01
      vertex   1.489000e+02 2.422000e+02 1.000000e+01
      vertex   2.435000e+02 2.435000e+02 1.000000e+01
    endloop
  endfacet
  facet normal 0.000000e+00 0.000000e+00 1.000000e+00
    outer loop
      vertex   2.435000e+02 2.435000e+02 1.000000e+01
      vertex   1.489000e+02 2.422000e+02 1.000000e+01
      vertex   1.949000e+02 2.422000e+02 1.000000e+01
    endloop
  endfacet
  facet normal 0.000000e+00 0.000000e+00 1.000000e+00
    outer loop
      vertex   2.435000e+02 2.435000e+02 1.000000e+01
      vertex   1.949000e+02 2.422000e+02 1.000000e+01
      vertex   1.962000e+02 2.422000e+02 1.000000e+01
    endloop
  endfacet
  facet normal 0.000000e+00 0.000000e+00 1.000000e+00
    outer loop
      vertex   1.962000e+02 2.422000e+02 1.000000e+01
      vertex   1.949000e+02 2.422000e+02 1.000000e+01
      vertex   1.962000e+02 1.962000e+02 1.000000e+01
    endloop
  endfacet
  facet normal 0.000000e+00 0.000000e+00 1.000000e+00
    outer loop
      vertex   1.962000e+02 1.962000e+02 1.000000e+01
      vertex   1.949000e+02 2.422000e+02 1.000000e+01
      vertex   1.949000e+02 1.962000e+02 1.000000e+01
    endloop
  endfacet
  facet normal 0.000000e+00 0.000000e+00 1.000000e+00
    outer loop
      vertex   1.962000e+02 1.962000e+02 1.000000e+01
      vertex   1.949000e+02 1.962000e+02 1.000000e+01
      vertex   1.962000e+02 1.949000e+02 1.000000e+01
    endloop
  endfacet
  facet normal 0.000000e+00 0.000000e+00 1.000000e+00
    outer loop
      vertex   1.962000e+02 1.949000e+02 1.000000e+01
      vertex   1.949000e+02 1.962000e+02 1.000000e+01
      vertex   1.949000e+02 1.949000e+02 1.000000e+01
    endloop
  endfacet
  facet normal 0.000000e+00 0.000000e+00 1.000000e+00
    outer loop
      vertex   1.962000e+02 1.949000e+02 1.000000e+01
      vertex   1.949000e+02 1.949000e+02 1.000000e+01
      vertex   1.962000e+02 1.489000e+02 1.000000e+01
    endloop
  endfacet
  facet normal 0.000000e+00 0.000000e+00 1.000000e+00
    outer loop
      vertex   1.962000e+02 1.489000e+02 1.000000e+01
      vertex   1.949000e+02 1.949000e+02 1.000000e+01
      vertex   1.949000e+02 1.489000e+02 1.000000e+01
    endloop
  endfacet
  facet normal 0.000000e+00 0.000000e+00 1.000000e+00
    outer loop
      vertex   1.962000e+02 1.489000e+02 1.000000e+01
      vertex   1.949000e+02 1.489000e+02 1.000000e+01
      vertex   1.962000e+02 1.476000e+02 1.000000e+01
    endloop
  endfacet
  facet normal 0.000000e+00 0.000000e+00 1.000000e+00
    outer loop
      vertex   1.962000e+02 1.476000e+02 1.000000e+01
      vertex   1.949000e+02 1.489000e+02 1.000000e+01
      vertex   1.949000e+02 1.476000e+02 1.000000e+01
    endloop
  endfacet
  facet normal 0.000000e+00 0.000000e+00 1.000000e+00
    outer loop
      vertex   1.962000e+02 1.476000e+02 1.000000e+01
      vertex   1.949000e+02 1.476000e+02 1.000000e+01
      vertex   1.962000e+02 1.016000e+02 1.000000e+01
    endloop
  endfacet
  facet normal 0.000000e+00 0.000000e+00 1.000000e+00
    outer loop
      vertex   1.962000e+02 1.016000e+02 1.000000e+01
      vertex   1.949000e+02 1.476000e+02 1.000000e+01
      vertex   1.949000e+02 1.016000e+02 1.000000e+01
    endloop
  endfacet
  facet normal 0.000000e+00 0.000000e+00 1.000000e+00
    outer loop
      vertex   1.962000e+02 1.016000e+02 1.000000e+01
      vertex   1.949000e+02 1.016000e+02 1.000000e+01
      vertex   1.962000e+02 1.003000e+02 1.000000e+01
    endloop
  endfacet
  facet normal 0.000000e+00 0.000000e+00 1.000000e+00
    outer loop
      vertex   1.962000e+02 1.003000e+02 1.000000e+01
      vertex   1.949000e+02 1.016000e+02 1.000000e+01
      vertex   1.949000e+02 1.003000e+02 1.000000e+01
    endloop
  endfacet
  facet normal 0.000000e+00 0.000000e+00 1.000000e+00
    outer loop
      vertex   1.962000e+02 1.003000e+02 1.000000e+01
      vertex   1.949000e+02 1.003000e+02 1.000000e+01
      vertex   1.962000e+02 5.430000e+01 1.000000e+01
    endloop
  endfacet
  facet normal 0.000000e+00 0.000000e+00 1.000000e+00
    outer loop
      vertex   1.962000e+02 5.430000e+01 1.000000e+01
      vertex   1.949000e+02 1.003000e+02 1.000000e+01
      vertex   1.949000e+02 5.430000e+01 1.000000e+01
    endloop
  endfacet
  facet normal 0.000000e+00 0.000000e+00 1.000000e+00
    outer loop
      vertex   1.962000e+02 5.430000e+01 1.000000e+01
      vertex   1.949000e+02 5.430000e+01 1.000000e+01
      vertex   1.962000e+02 5.300000e+01 1.000000e+01
    endloop
  endfacet
  facet normal 0.000000e+00 0.000000e+00 1.000000e+00
    outer loop
      vertex   1.962000e+02 5.300000e+01 1.000000e+01
      vertex   1.949000e+02 5.430000e+01 1.000000e+01
      vertex   1.949000e+02 5.300000e+01 1.000000e+01
    endloop
  endfacet
  facet normal 0.000000e+00 0.000000e+00 1.000000e+00
    outer loop
      vertex   1.962000e+02 5.300000e+01 1.000000e+01
      vertex   1.949000e+02 5.300000e+01 1.000000e+01
      vertex   1.962000e+02 6.800000e+00 1.000000e+01
    endloop
  endfacet
  facet normal 0.000000e+00 0.000000e+00 1.000000e+00
    outer loop
      vertex   1.962000e+02 6.800000e+00 1.000000e+01
      vertex   1.949000e+02 5.300000e+01 1.000000e+01
      vertex   1.949000e+02 6.800000e+00 1.000000e+01
    endloop
  endfacet
  facet normal 0.000000e+00 0.000000e+00 1.000000e+00
    outer loop
      vertex   1.962000e+02 6.800000e+00 1.000000e+01
      vertex   1.949000e+02 6.800000e+00 1.000000e+01
      vertex   2.435000e+02 5.500000e+00 1.000000e+01
    endloop
  endfacet
  facet normal 0.000000e+00 0.000000e+00 1.000000e+00
    outer loop
      vertex   2.435000e+02 5.500000e+00 1.000000e+01
      vertex   1.949000e+02 6.800000e+00 1.000000e+01
      vertex   1.489000e+02 6.800000e+00 1.000000e+01
    endloop
  endfacet
  facet normal 0.000000e+00 0.000000e+00 1.000000e+00
    outer loop
      vertex   2.435000e+02 2.435000e+02 1.000000e+01
      vertex   2.422000e+02 1.016000e+02 1.000000e+01
      vertex   2.435000e+02 5.500000e+00 1.000000e+01
    endloop
  endfacet
  facet normal 0.000000e+00 0.000000e+00 1.000000e+00
    outer loop
      vertex   2.435000e+02 5.500000e+00 1.000000e+01
      vertex   2.422000e+02 1.016000e+02 1.000000e+01
      vertex   2.422000e+02 1.003000e+02 1.000000e+01
    endloop
  endfacet
  facet normal 0.000000e+00 0.000000e+00 1.000000e+00
    outer loop
      vertex   2.435000e+02 5.500000e+00 1.000000e+01
      vertex   2.422000e+02 1.003000e+02 1.000000e+01
      vertex   2.422000e+02 5.430000e+01 1.000000e+01
    endloop
  endfacet
  facet normal 0.000000e+00 -0.000000e+00 1.000000e+00
    outer loop
      vertex   1.476000e+02 2.422000e+02 1.000000e+01
      vertex   2.435000e+02 2.435000e+02 1.000000e+01
      vertex   1.016000e+02 2.422000e+02 1.000000e+01
    endloop
  endfacet
  facet normal 0.000000e+00 -0.000000e+00 1.000000e+00
    outer loop
      vertex   1.016000e+02 2.422000e+02 1.000000e+01
      vertex   2.435000e+02 2.435000e+02 1.000000e+01
      vertex   5.500000e+00 2.435000e+02 1.000000e+01
    endloop
  endfacet
  facet normal 0.000000e+00 0.000000e+00 1.000000e+00
    outer loop
      vertex   1.476000e+02 1.962000e+02 1.000000e+01
      vertex   1.016000e+02 1.962000e+02 1.000000e+01
      vertex   1.476000e+02 1.949000e+02 1.000000e+01
    endloop
  endfacet
  facet normal 0.000000e+00 0.000000e+00 1.000000e+00
    outer loop
      vertex   1.476000e+02 1.949000e+02 1.000000e+01
      vertex   1.016000e+02 1.962000e+02 1.000000e+01
      vertex   1.016000e+02 1.949000e+02 1.000000e+01
    endloop
  endfacet
  facet normal 0.000000e+00 0.000000e+00 1.000000e+00
    outer loop
      vertex   1.949000e+02 1.962000e+02 1.000000e+01
      vertex   1.489000e+02 1.962000e+02 1.000000e+01
      vertex   1.949000e+02 1.949000e+02 1.000000e+01
    endloop
  endfacet
  facet normal 0.000000e+00 0.000000e+00 1.000000e+00
    outer loop
      vertex   1.949000e+02 1.949000e+02 1.000000e+01
      vertex   1.489000e+02 1.962000e+02 1.000000e+01
      vertex   1.489000e+02 1.949000e+02 1.000000e+01
    endloop
  endfacet
  facet normal 0.000000e+00 0.000000e+00 1.000000e+00
    outer loop
      vertex   2.422000e+02 1.489000e+02 1.000000e+01
      vertex   2.435000e+02 2.435000e+02 1.000000e+01
      vertex   2.422000e+02 1.949000e+02 1.000000e+01
    endloop
  endfacet
  facet normal 0.000000e+00 0.000000e+00 1.000000e+00
    outer loop
      vertex   2.422000e+02 1.949000e+02 1.000000e+01
      vertex   2.435000e+02 2.435000e+02 1.000000e+01
      vertex   2.422000e+02 1.962000e+02 1.000000e+01
    endloop
  endfacet
  facet normal 0.000000e+00 -0.000000e+00 1.000000e+00
    outer loop
      vertex   2.422000e+02 1.949000e+02 1.000000e+01
      vertex   2.422000e+02 1.962000e+02 1.000000e+01
      vertex   1.962000e+02 1.962000e+02 1.000000e+01
    endloop
  endfacet
  facet normal 0.000000e+00 0.000000e+00 1.000000e+00
    outer loop
      vertex   2.435000e+02 2.435000e+02 1.000000e+01
      vertex   2.422000e+02 1.489000e+02 1.000000e+01
      vertex   2.422000e+02 1.476000e+02 1.000000e+01
    endloop
  endfacet
  facet normal 0.000000e+00 -0.000000e+00 1.000000e+00
    outer loop
      vertex   2.422000e+02 1.476000e+02 1.000000e+01
      vertex   2.422000e+02 1.489000e+02 1.000000e+01
      vertex   1.962000e+02 1.489000e+02 1.000000e+01
    endloop
  endfacet
  facet normal 0.000000e+00 0.000000e+00 1.000000e+00
    outer loop
      vertex   2.422000e+02 1.476000e+02 1.000000e+01
      vertex   1.962000e+02 1.489000e+02 1.000000e+01
      vertex   1.962000e+02 1.476000e+02 1.000000e+01
    endloop
  endfacet
  facet normal 0.000000e+00 0.000000e+00 1.000000e+00
    outer loop
      vertex   1.962000e+02 1.949000e+02 1.000000e+01
      vertex   2.422000e+02 1.949000e+02 1.000000e+01
      vertex   1.962000e+02 1.962000e+02 1.000000e+01
    endloop
  endfacet
  facet normal 0.000000e+00 0.000000e+00 1.000000e+00
    outer loop
      vertex   1.016000e+02 5.300000e+01 1.000000e+01
      vertex   1.476000e+02 5.300000e+01 1.000000e+01
      vertex   1.016000e+02 5.430000e+01 1.000000e+01
    endloop
  endfacet
  facet normal -0.000000e+00 0.000000e+00 1.000000e+00
    outer loop
      vertex   1.016000e+02 5.430000e+01 1.000000e+01
      vertex   1.476000e+02 5.300000e+01 1.000000e+01
      vertex   1.476000e+02 5.430000e+01 1.000000e+01
    endloop
  endfacet
  facet normal 0.000000e+00 0.000000e+00 1.000000e+00
    outer loop
      vertex   1.016000e+02 1.003000e+02 1.000000e+01
      vertex   1.476000e+02 1.003000e+02 1.000000e+01
      vertex   1.016000e+02 1.016000e+02 1.000000e+01
    endloop
  endfacet
  facet normal -0.000000e+00 0.000000e+00 1.000000e+00
    outer loop
      vertex   1.016000e+02 1.016000e+02 1.000000e+01
      vertex   1.476000e+02 1.003000e+02 1.000000e+01
      vertex   1.476000e+02 1.016000e+02 1.000000e+01
    endloop
  endfacet
  facet normal 0.000000e+00 0.000000e+00 1.000000e+00
    outer loop
      vertex   1.016000e+02 1.476000e+02 1.000000e+01
      vertex   1.476000e+02 1.476000e+02 1.000000e+01
      vertex   1.016000e+02 1.489000e+02 1.000000e+01
    endloop
  endfacet
  facet normal -0.000000e+00 0.000000e+00 1.000000e+00
    outer loop
      vertex   1.016000e+02 1.489000e+02 1.000000e+01
      vertex   1.476000e+02 1.476000e+02 1.000000e+01
      vertex   1.476000e+02 1.489000e+02 1.000000e+01
    endloop
  endfacet
  facet normal 0.000000e+00 0.000000e+00 1.000000e+00
    outer loop
      vertex   1.949000e+02 5.430000e+01 1.000000e+01
      vertex   1.489000e+02 5.430000e+01 1.000000e+01
      vertex   1.949000e+02 5.300000e+01 1.000000e+01
    endloop
  endfacet
  facet normal 0.000000e+00 0.000000e+00 1.000000e+00
    outer loop
      vertex   1.949000e+02 5.300000e+01 1.000000e+01
      vertex   1.489000e+02 5.430000e+01 1.000000e+01
      vertex   1.489000e+02 5.300000e+01 1.000000e+01
    endloop
  endfacet
  facet normal 0.000000e+00 0.000000e+00 1.000000e+00
    outer loop
      vertex   1.489000e+02 1.003000e+02 1.000000e+01
      vertex   1.949000e+02 1.003000e+02 1.000000e+01
      vertex   1.489000e+02 1.016000e+02 1.000000e+01
    endloop
  endfacet
  facet normal -0.000000e+00 0.000000e+00 1.000000e+00
    outer loop
      vertex   1.489000e+02 1.016000e+02 1.000000e+01
      vertex   1.949000e+02 1.003000e+02 1.000000e+01
      vertex   1.949000e+02 1.016000e+02 1.000000e+01
    endloop
  endfacet
  facet normal 0.000000e+00 0.000000e+00 1.000000e+00
    outer loop
      vertex   1.003000e+02 1.016000e+02 1.000000e+01
      vertex   5.430000e+01 1.016000e+02 1.000000e+01
      vertex   1.003000e+02 1.003000e+02 1.000000e+01
    endloop
  endfacet
  facet normal 0.000000e+00 0.000000e+00 1.000000e+00
    outer loop
      vertex   1.003000e+02 1.003000e+02 1.000000e+01
      vertex   5.430000e+01 1.016000e+02 1.000000e+01
      vertex   5.430000e+01 1.003000e+02 1.000000e+01
    endloop
  endfacet
  facet normal 0.000000e+00 0.000000e+00 1.000000e+00
    outer loop
      vertex   5.430000e+01 1.476000e+02 1.000000e+01
      vertex   1.003000e+02 1.476000e+02 1.000000e+01
      vertex   5.430000e+01 1.489000e+02 1.000000e+01
    endloop
  endfacet
  facet normal -0.000000e+00 0.000000e+00 1.000000e+00
    outer loop
      vertex   5.430000e+01 1.489000e+02 1.000000e+01
      vertex   1.003000e+02 1.476000e+02 1.000000e+01
      vertex   1.003000e+02 1.489000e+02 1.000000e+01
    endloop
  endfacet
  facet normal 0.000000e+00 0.000000e+00 1.000000e+00
    outer loop
      vertex   5.300000e+01 1.016000e+02 1.000000e+01
      vertex   6.800000e+00 1.016000e+02 1.000000e+01
      vertex   5.300000e+01 1.003000e+02 1.000000e+01
    endloop
  endfacet
  facet normal 0.000000e+00 0.000000e+00 1.000000e+00
    outer loop
      vertex   5.300000e+01 1.003000e+02 1.000000e+01
      vertex   6.800000e+00 1.016000e+02 1.000000e+01
      vertex   6.800000e+00 1.003000e+02 1.000000e+01
    endloop
  endfacet
  facet normal 0.000000e+00 0.000000e+00 1.000000e+00
    outer loop
      vertex   1.003000e+02 5.430000e+01 1.000000e+01
      vertex   5.430000e+01 5.430000e+01 1.000000e+01
      vertex   1.003000e+02 5.300000e+01 1.000000e+01
    endloop
  endfacet
  facet normal 0.000000e+00 0.000000e+00 1.000000e+00
    outer loop
      vertex   1.003000e+02 5.300000e+01 1.000000e+01
      vertex   5.430000e+01 5.430000e+01 1.000000e+01
      vertex   5.430000e+01 5.300000e+01 1.000000e+01
    endloop
  endfacet
  facet normal 0.000000e+00 0.000000e+00 1.000000e+00
    outer loop
      vertex   5.300000e+01 5.430000e+01 1.000000e+01
      vertex   6.800000e+00 5.430000e+01 1.000000e+01
      vertex   5.300000e+01 5.300000e+01 1.000000e+01
    endloop
  endfacet
  facet normal 0.000000e+00 0.000000e+00 1.000000e+00
    outer loop
      vertex   1.962000e+02 5.300000e+01 1.000000e+01
      vertex   2.422000e+02 5.300000e+01 1.000000e+01
      vertex   1.962000e+02 5.430000e+01 1.000000e+01
    endloop
  endfacet
  facet normal -0.000000e+00 0.000000e+00 1.000000e+00
    outer loop
      vertex   1.962000e+02 5.430000e+01 1.000000e+01
      vertex   2.422000e+02 5.300000e+01 1.000000e+01
      vertex   2.422000e+02 5.430000e+01 1.000000e+01
    endloop
  endfacet
  facet normal 0.000000e+00 0.000000e+00 1.000000e+00
    outer loop
      vertex   2.422000e+02 5.430000e+01 1.000000e+01
      vertex   2.422000e+02 5.300000e+01 1.000000e+01
      vertex   2.435000e+02 5.500000e+00 1.000000e+01
    endloop
  endfacet
  facet normal 0.000000e+00 0.000000e+00 1.000000e+00
    outer loop
      vertex   2.422000e+02 5.300000e+01 1.000000e+01
      vertex   2.422000e+02 6.800000e+00 1.000000e+01
      vertex   2.435000e+02 5.500000e+00 1.000000e+01
    endloop
  endfacet
  facet normal 0.000000e+00 0.000000e+00 1.000000e+00
    outer loop
      vertex   2.435000e+02 5.500000e+00 1.000000e+01
      vertex   2.422000e+02 6.800000e+00 1.000000e+01
      vertex   1.962000e+02 6.800000e+00 1.000000e+01
    endloop
  endfacet
  facet normal 0.000000e+00 0.000000e+00 1.000000e+00
    outer loop
      vertex   5.300000e+01 1.489000e+02 1.000000e+01
      vertex   6.800000e+00 1.489000e+02 1.000000e+01
      vertex   5.300000e+01 1.476000e+02 1.000000e+01
    endloop
  endfacet
  facet normal 0.000000e+00 0.000000e+00 1.000000e+00
    outer loop
      vertex   1.962000e+02 1.003000e+02 1.000000e+01
      vertex   2.422000e+02 1.003000e+02 1.000000e+01
      vertex   1.962000e+02 1.016000e+02 1.000000e+01
    endloop
  endfacet
  facet normal -0.000000e+00 0.000000e+00 1.000000e+00
    outer loop
      vertex   1.962000e+02 1.016000e+02 1.000000e+01
      vertex   2.422000e+02 1.003000e+02 1.000000e+01
      vertex   2.422000e+02 1.016000e+02 1.000000e+01
    endloop
  endfacet
  facet normal -0.000000e+00 0.000000e+00 1.000000e+00
    outer loop
      vertex   2.422000e+02 1.476000e+02 1.000000e+01
      vertex   2.422000e+02 1.016000e+02 1.000000e+01
      vertex   2.435000e+02 2.435000e+02 1.000000e+01
    endloop
  endfacet
  facet normal 0.000000e+00 0.000000e+00 1.000000e+00
    outer loop
      vertex   1.489000e+02 1.476000e+02 1.000000e+01
      vertex   1.949000e+02 1.476000e+02 1.000000e+01
      vertex   1.489000e+02 1.489000e+02 1.000000e+01
    endloop
  endfacet
  facet normal -0.000000e+00 0.000000e+00 1.000000e+00
    outer loop
      vertex   1.489000e+02 1.489000e+02 1.000000e+01
      vertex   1.949000e+02 1.476000e+02 1.000000e+01
      vertex   1.949000e+02 1.489000e+02 1.000000e+01
    endloop
  endfacet
  facet normal 0.000000e+00 0.000000e+00 1.000000e+00
    outer loop
      vertex   1.962000e+02 2.422000e+02 1.000000e+01
      vertex   2.422000e+02 2.422000e+02 1.000000e+01
      vertex   2.435000e+02 2.435000e+02 1.000000e+01
    endloop
  endfacet
  facet normal 0.000000e+00 0.000000e+00 1.000000e+00
    outer loop
      vertex   2.435000e+02 2.435000e+02 1.000000e+01
      vertex   2.422000e+02 2.422000e+02 1.000000e+01
      vertex   2.422000e+02 1.962000e+02 1.000000e+01
    endloop
  endfacet
  facet normal -8.660254e-01 0.000000e+00 5.000000e-01
    outer loop
      vertex   1.949000e+02 2.422000e+02 1.000000e+01
      vertex   1.894000e+02 2.367000e+02 4.737206e-01
      vertex   1.949000e+02 1.962000e+02 1.000000e+01
    endloop
  endfacet
  facet normal -8.660254e-01 4.246974e-18 5.000000e-01
    outer loop
      vertex   1.949000e+02 1.962000e+02 1.000000e+01
      vertex   1.894000e+02 2.367000e+02 4.737206e-01
      vertex   1.894000e+02 2.017000e+02 4.737206e-01
    endloop
  endfacet
  facet normal 0.000000e+00 -8.660254e-01 5.000000e-01
    outer loop
      vertex   1.949000e+02 2.422000e+02 1.000000e+01
      vertex   1.489000e+02 2.422000e+02 1.000000e+01
      vertex   1.894000e+02 2.367000e+02 4.737206e-01
    endloop
  endfacet
  facet normal 0.000000e+00 -8.660254e-01 5.000000e-01
    outer loop
      vertex   1.894000e+02 2.367000e+02 4.737206e-01
      vertex   1.489000e+02 2.422000e+02 1.000000e+01
      vertex   1.544000e+02 2.367000e+02 4.737206e-01
    endloop
  endfacet
  facet normal 8.660254e-01 0.000000e+00 5.000000e-01
    outer loop
      vertex   1.489000e+02 2.422000e+02 1.000000e+01
      vertex   1.489000e+02 1.962000e+02 1.000000e+01
      vertex   1.544000e+02 2.367000e+02 4.737206e-01
    endloop
  endfacet
  facet normal 8.660254e-01 0.000000e+00 5.000000e-01
    outer loop
      vertex   1.544000e+02 2.367000e+02 4.737206e-01
      vertex   1.489000e+02 1.962000e+02 1.000000e+01
      vertex   1.544000e+02 2.017000e+02 4.737206e-01
    endloop
  endfacet
  facet normal -8.660254e-01 0.000000e+00 5.000000e-01
    outer loop
      vertex   2.422000e+02 2.422000e+02 1.000000e+01
      vertex   2.367000e+02 2.367000e+02 4.737206e-01
      vertex   2.422000e+02 1.962000e+02 1.000000e+01
    endloop
  endfacet
  facet normal -8.660254e-01 2.306957e-18 5.000000e-01
    outer loop
      vertex   2.422000e+02 1.962000e+02 1.000000e+01
      vertex   2.367000e+02 2.367000e+02 4.737206e-01
      vertex   2.367000e+02 2.017000e+02 4.737206e-01
    endloop
  endfacet
  facet normal 0.000000e+00 -8.660254e-01 5.000000e-01
    outer loop
      vertex   2.422000e+02 2.422000e+02 1.000000e+01
      vertex   1.962000e+02 2.422000e+02 1.000000e+01
      vertex   2.367000e+02 2.367000e+02 4.737206e-01
    endloop
  endfacet
  facet normal 0.000000e+00 -8.660254e-01 5.000000e-01
    outer loop
      vertex   2.367000e+02 2.367000e+02 4.737206e-01
      vertex   1.962000e+02 2.422000e+02 1.000000e+01
      vertex   2.017000e+02 2.367000e+02 4.737206e-01
    endloop
  endfacet
  facet normal 8.660254e-01 0.000000e+00 5.000000e-01
    outer loop
      vertex   1.962000e+02 2.422000e+02 1.000000e+01
      vertex   1.962000e+02 1.962000e+02 1.000000e+01
      vertex   2.017000e+02 2.367000e+02 4.737206e-01
    endloop
  endfacet
  facet normal 8.660254e-01 0.000000e+00 5.000000e-01
    outer loop
      vertex   2.017000e+02 2.367000e+02 4.737206e-01
      vertex   1.962000e+02 1.962000e+02 1.000000e+01
      vertex   2.017000e+02 2.017000e+02 4.737206e-01
    endloop
  endfacet
  facet normal -8.660254e-01 0.000000e+00 5.000000e-01
    outer loop
      vertex   1.476000e+02 2.422000e+02 1.000000e+01
      vertex   1.421000e+02 2.367000e+02 4.737206e-01
      vertex   1.476000e+02 1.962000e+02 1.000000e+01
    endloop
  endfacet
  facet normal -8.660254e-01 2.306957e-18 5.000000e-01
    outer loop
      vertex   1.476000e+02 1.962000e+02 1.000000e+01
      vertex   1.421000e+02 2.367000e+02 4.737206e-01
      vertex   1.421000e+02 2.017000e+02 4.737206e-01
    endloop
  endfacet
  facet normal 0.000000e+00 -8.660254e-01 5.000000e-01
    outer loop
      vertex   1.476000e+02 2.422000e+02 1.000000e+01
      vertex   1.016000e+02 2.422000e+02 1.000000e+01
      vertex   1.421000e+02 2.367000e+02 4.737206e-01
    endloop
  endfacet
  facet normal 0.000000e+00 -8.660254e-01 5.000000e-01
    outer loop
      vertex   1.421000e+02 2.367000e+02 4.737206e-01
      vertex   1.016000e+02 2.422000e+02 1.000000e+01
      vertex   1.071000e+02 2.367000e+02 4.737206e-01
    endloop
  endfacet
  facet normal 8.660254e-01 0.000000e+00 5.000000e-01
    outer loop
      vertex   1.016000e+02 2.422000e+02 1.000000e+01
      vertex   1.016000e+02 1.962000e+02 1.000000e+01
      vertex   1.071000e+02 2.367000e+02 4.737206e-01
    endloop
  endfacet
  facet normal 8.660254e-01 0.000000e+00 5.000000e-01
    outer loop
      vertex   1.071000e+02 2.367000e+02 4.737206e-01
      vertex   1.016000e+02 1.962000e+02 1.000000e+01
      vertex   1.071000e+02 2.017000e+02 4.737206e-01
    endloop
  endfacet
  facet normal -8.660254e-01 0.000000e+00 5.000000e-01
    outer loop
      vertex   1.003000e+02 2.422000e+02 1.000000e+01
      vertex   9.480000e+01 2.367000e+02 4.737206e-01
      vertex   1.003000e+02 1.962000e+02 1.000000e+01
    endloop
  endfacet
  facet normal -8.660254e-01 2.306957e-18 5.000000e-01
    outer loop
      vertex   1.003000e+02 1.962000e+02 1.000000e+01
      vertex   9.480000e+01 2.367000e+02 4.737206e-01
      vertex   9.480000e+01 2.017000e+02 4.737206e-01
    endloop
  endfacet
  facet normal 0.000000e+00 -8.660254e-01 5.000000e-01
    outer loop
      vertex   1.003000e+02 2.422000e+02 1.000000e+01
      vertex   5.430000e+01 2.422000e+02 1.000000e+01
      vertex   9.480000e+01 2.367000e+02 4.737206e-01
    endloop
  endfacet
  facet normal 0.000000e+00 -8.660254e-01 5.000000e-01
    outer loop
      vertex   9.480000e+01 2.367000e+02 4.737206e-01
      vertex   5.430000e+01 2.422000e+02 1.000000e+01
      vertex   5.980000e+01 2.367000e+02 4.737206e-01
    endloop
  endfacet
  facet normal -0.000000e+00 -1.000000e+00 -0.000000e+00
    outer loop
      vertex   1.894000e+02 2.367000e+02 4.737206e-01
      vertex   1.544000e+02 2.367000e+02 4.737206e-01
      vertex   1.894000e+02 2.367000e+02 0.000000e+00
    endloop
  endfacet
  facet normal 0.000000e+00 -1.000000e+00 0.000000e+00
    outer loop
      vertex   1.894000e+02 2.367000e+02 0.000000e+00
      vertex   1.544000e+02 2.367000e+02 4.737206e-01
      vertex   1.544000e+02 2.367000e+02 0.000000e+00
    endloop
  endfacet
  facet normal 1.000000e+00 0.000000e+00 0.000000e+00
    outer loop
      vertex   1.544000e+02 2.017000e+02 0.000000e+00
      vertex   1.544000e+02 2.367000e+02 0.000000e+00
      vertex   1.544000e+02 2.017000e+02 4.737206e-01
    endloop
  endfacet
  facet normal 1.000000e+00 -0.000000e+00 0.000000e+00
    outer loop
      vertex   1.544000e+02 2.017000e+02 4.737206e-01
      vertex   1.544000e+02 2.367000e+02 0.000000e+00
      vertex   1.544000e+02 2.367000e+02 4.737206e-01
    endloop
  endfacet
  facet normal -0.000000e+00 -1.000000e+00 -0.000000e+00
    outer loop
      vertex   2.367000e+02 2.367000e+02 4.737206e-01
      vertex   2.017000e+02 2.367000e+02 4.737206e-01
      vertex   2.367000e+02 2.367000e+02 0.000000e+00
    endloop
  endfacet
  facet normal 0.000000e+00 -1.000000e+00 0.000000e+00
    outer loop
      vertex   2.367000e+02 2.367000e+02 0.000000e+00
      vertex   2.017000e+02 2.367000e+02 4.737206e-01
      vertex   2.017000e+02 2.367000e+02 0.000000e+00
    endloop
  endfacet
  facet normal 1.000000e+00 0.000000e+00 0.000000e+00
    outer loop
      vertex   2.017000e+02 2.017000e+02 0.000000e+00
      vertex   2.017000e+02 2.367000e+02 0.000000e+00
      vertex   2.017000e+02 2.017000e+02 4.737206e-01
    endloop
  endfacet
  facet normal 1.000000e+00 -0.000000e+00 0.000000e+00
    outer loop
      vertex   2.017000e+02 2.017000e+02 4.737206e-01
      vertex   2.017000e+02 2.367000e+02 0.000000e+00
      vertex   2.017000e+02 2.367000e+02 4.737206e-01
    endloop
  endfacet
  facet normal -0.000000e+00 -1.000000e+00 -0.000000e+00
    outer loop
      vertex   1.421000e+02 2.367000e+02 4.737206e-01
      vertex   1.071000e+02 2.367000e+02 4.737206e-01
      vertex   1.421000e+02 2.367000e+02 0.000000e+00
    endloop
  endfacet
  facet normal 0.000000e+00 -1.000000e+00 0.000000e+00
    outer loop
      vertex   1.421000e+02 2.367000e+02 0.000000e+00
      vertex   1.071000e+02 2.367000e+02 4.737206e-01
      vertex   1.071000e+02 2.367000e+02 0.000000e+00
    endloop
  endfacet
  facet normal 1.000000e+00 0.000000e+00 0.000000e+00
    outer loop
      vertex   1.071000e+02 2.017000e+02 0.000000e+00
      vertex   1.071000e+02 2.367000e+02 0.000000e+00
      vertex   1.071000e+02 2.017000e+02 4.737206e-01
    endloop
  endfacet
  facet normal 1.000000e+00 -0.000000e+00 0.000000e+00
    outer loop
      vertex   1.071000e+02 2.017000e+02 4.737206e-01
      vertex   1.071000e+02 2.367000e+02 0.000000e+00
      vertex   1.071000e+02 2.367000e+02 4.737206e-01
    endloop
  endfacet
  facet normal 1.000000e+00 0.000000e+00 0.000000e+00
    outer loop
      vertex   2.490000e+02 0.000000e+00 0.000000e+00
      vertex   2.490000e+02 2.490000e+02 0.000000e+00
      vertex   2.490000e+02 0.000000e+00 4.737206e-01
    endloop
  endfacet
  facet normal 1.000000e+00 -0.000000e+00 0.000000e+00
    outer loop
      vertex   2.490000e+02 0.000000e+00 4.737206e-01
      vertex   2.490000e+02 2.490000e+02 0.000000e+00
      vertex   2.490000e+02 2.490000e+02 4.737206e-01
    endloop
  endfacet
endsolid
