<?xml version="1.0" encoding="UTF-8"?>
<COLLADA xmlns="http://www.collada.org/2005/11/COLLADASchema" version="1.4.1">
<!--
# File generated by ImageToStl.com - Free Image and 3D model conversion tools
-->
  <asset>
    <contributor>
      <author>ImageToStl.com</author>
      <authoring_tool>ImageToStl.com</authoring_tool>
    </contributor>
    <created>2025-04-01T10:05:02</created>
    <modified>2025-04-01T10:05:02</modified>
    <up_axis>Z_UP</up_axis>
  </asset>
  <library_effects>
    <effect id="effect_0">
        <profile_COMMON>
          <technique sid="common">
            <phong>
              <diffuse>
                <color>0 0.44314 0.7098 1</color>
              </diffuse>
              <specular>
                <color>0.05 0.05 0.05 1</color>
              </specular>
              <shininess>
                <float>64</float>
              </shininess>
              <transparency>
                <float>1</float>
              </transparency>
            </phong>
          </technique>
        </profile_COMMON>
    </effect>
    <effect id="effect_1">
        <profile_COMMON>
          <technique sid="common">
            <phong>
              <diffuse>
                <color>0.98039 0.51765 0.16863 1</color>
              </diffuse>
              <specular>
                <color>0.05 0.05 0.05 1</color>
              </specular>
              <shininess>
                <float>64</float>
              </shininess>
              <transparency>
                <float>1</float>
              </transparency>
            </phong>
          </technique>
        </profile_COMMON>
    </effect>
    <effect id="effect_2">
        <profile_COMMON>
          <technique sid="common">
            <phong>
              <diffuse>
                <color>0.82353 0.82353 0.78431 1</color>
              </diffuse>
              <specular>
                <color>0.05 0.05 0.05 1</color>
              </specular>
              <shininess>
                <float>64</float>
              </shininess>
              <transparency>
                <float>1</float>
              </transparency>
            </phong>
          </technique>
        </profile_COMMON>
    </effect>
  </library_effects>
  <library_materials>
    <material id="mat_0">
      <instance_effect url="#effect_0"/>
    </material>
    <material id="mat_1">
      <instance_effect url="#effect_1"/>
    </material>
    <material id="mat_2">
      <instance_effect url="#effect_2"/>
    </material>
  </library_materials>
  <library_geometries>
    <geometry id="geometry_ac28e527_d83e_45e7_9844_da129b758253">
      <mesh>
        <source id="pos_0">
          <float_array id="pos_0-array" count="7488">0 -1.9E-07 27.20000076 8.14999962 -1.9E-07 27.20000076 0 -1.9E-07 34.96348953 8.14999962 -1.9E-07 34.96348953 0 1.55399227 34.70880127 8.14999962 1.55399227 34.70880127 0 2.65231705 40.93770981 8.14999962 2.65231705 40.93770981 -0 72.86839294 42.20000076 8.14999962 72.86839294 42.20000076 -0 73.03695679 41.24404907 8.14999962 73.03695679 41.24404907 -0 72.52642822 41.12351608 8.14999962 71.47267914 40.93770981 -0 71.47267914 40.93770981 8.14999962 72.52642822 41.12351608 7.57499981 29.02499962 18.30000114 0.57499999 29.02499962 33.20000076 0.57499999 29.02499962 18.29999924 0 29.02499962 40.5 0 29.02499962 33.20000076 7.57499981 29.02499962 33.20000076 8.14999962 29.02499962 33.20000076 8.14999962 29.02499962 40.5 0.57499999 21.02499962 33.20000076 0.57499999 24.17499924 33.20000076 0 21.02499962 33.20000076 0.57499999 25.875 33.20000076 8.14999962 21.02499962 33.20000076 7.57499981 24.17499924 33.20000076 7.57499981 21.02499962 33.20000076 7.57499981 25.875 33.20000076 8.14999962 31.48605156 40.97228622 8.14999962 31.49671555 40.9621315 0 31.49671555 40.9621315 0 31.48605156 40.97228622 8.14999962 31.4749012 40.98190308 0 31.4749012 40.98190308 8.14999962 31.46329308 40.99096298 0 31.46329308 40.99096298 8.14999962 31.45125389 40.99943924 0 31.45125389 40.99943924 8.14999962 31.43881416 41.0073204 0 31.43881416 41.0073204 8.14999962 31.4260025 41.01457596 0 31.4260025 41.01457596 8.14999962 31.41284943 41.02119827 0 31.41284943 41.02119827 8.14999962 31.39938927 41.02716446 0 31.39938927 41.02716446 8.14999962 31.38565063 41.03246307 0 31.38565063 41.03246307 0 31.37166977 41.03708267 8.14999962 31.37166977 41.03708267 8.14999962 31.35747719 41.041008 0 31.35747719 41.041008 0 31.34311104 41.04423523 8.14999962 31.34311104 41.04423523 8.14999962 31.32860374 41.04675293 0 31.32860374 41.04675293 8.14999962 31.31398964 41.04855728 0 31.31398964 41.04855728 8.14999962 31.29930305 41.04963684 0 31.29930305 41.04963684 8.14999962 31.28458405 41.04999924 0 31.28458405 41.04999924 0 31.26986313 41.04963684 8.14999962 31.26986313 41.04963684 8.14999962 31.25517845 41.04855728 0 31.25517845 41.04855728 0 31.24056435 41.04675293 8.14999962 31.24056435 41.04675293 8.14999962 31.22605705 41.04423523 0 31.22605705 41.04423523 8.14999962 31.211689 41.041008 0 31.211689 41.041008 8.14999962 31.19749832 41.03708267 0 31.19749832 41.03708267 8.14999962 31.18351746 41.03246307 0 31.18351746 41.03246307 8.14999962 31.16977882 41.02716446 0 31.16977882 41.02716446 8.14999962 31.15631676 41.02119827 0 31.15631676 41.02119827 8.14999962 31.14316559 41.01457596 0 31.14316559 41.01457596 8.14999962 31.13035202 41.0073204 0 31.13035202 41.0073204 8.14999962 31.11791229 40.99943924 0 31.11791229 40.99943924 0 31.10587311 40.99096298 8.14999962 31.10587311 40.99096298 8.14999962 31.09426498 40.98190308 0 31.09426498 40.98190308 0 31.08311653 40.97228622 8.14999962 31.08311653 40.97228622 8.14999962 31.07245255 40.9621315 0 31.07245255 40.9621315 8.14999962 31.06229782 40.95146942 0 31.06229782 40.95146942 8.14999962 31.05268097 40.94031906 0 31.05268097 40.94031906 8.14999962 31.04362106 40.92871094 0 31.04362106 40.92871094 8.14999962 31.0351429 40.91667175 0 31.0351429 40.91667175 0 31.02726555 40.90423203 8.14999962 31.02726555 40.90423203 8.14999962 31.02000809 40.89141846 0 31.02000809 40.89141846 8.14999962 31.01338768 40.87826538 0 31.01338768 40.87826538 8.14999962 31.00741959 40.86480331 0 31.00741959 40.86480331 8.14999962 31.00212097 40.85106659 0 31.00212097 40.85106659 8.14999962 30.99750137 40.83708572 0 30.99750137 40.83708572 8.14999962 30.99357414 40.82289505 0 30.99357414 40.82289505 0 30.99034882 40.8085289 8.14999962 30.99034882 40.8085289 8.14999962 30.98783112 40.79401779 0 30.98783112 40.79401779 0 30.98602867 40.77940369 8.14999962 30.98602867 40.77940369 0 30.9849453 40.76472092 8.14999962 30.9849453 40.76472092 8.14999962 30.9845829 40.75 0 30.9845829 40.75 8.14999962 29.74349976 42.20000076 0 29.74349976 42.20000076 0 20.30649948 42.20000076 8.14999962 20.30649948 42.20000076 0 21.02499962 40.5 8.14999962 21.02499962 40.5 7.57499981 21.02499962 18.30000114 0.57499999 21.02499962 18.29999924 0.80000001 39.31843185 41.54999924 0.80000001 39.7735672 42.20000076 0 39.31843185 41.54999924 0 39.7735672 42.20000076 0 32.40884781 40.04999924 8.14999962 32.40884781 40.04999924 0 0.50024801 34.89460373 8.14999962 0.50024801 34.89460373 0 39.875 40.75 0.80000001 39.875 41.54999924 0 39.875 41.54999924 8.14999962 39.875 40.75 8.14999962 39.875 42.20000076 0.80000001 39.875 42.20000076 0 1.08804381 41.24404907 8.14999962 1.08804381 41.24404907 0 1.25660348 42.20000076 8.14999962 1.25660348 42.20000076 8.14999962 31.79999924 40.04999924 0 31.79999924 40.04999924 0 0.54753375 35.16277695 8.14999962 0.54753375 35.16277695 0 37.54115295 40.04999924 8.14999962 38.45328522 40.9621315 0 38.45328522 40.9621315 8.14999962 37.54115295 40.04999924 0.80000001 30.17643166 42.20000076 0.80000001 30.631567 41.54999924 0 30.17643166 42.20000076 0 30.631567 41.54999924 -0 72.57371521 40.85534286 8.14999962 72.57371521 40.85534286 -0 72.57100677 34.70880127 8.14999962 72.57100677 34.70880127 -0 73.62474823 34.89460373 8.14999962 73.62474823 34.89460373 1.52499998 5.02499962 27.86111259 1.52499998 5.02499962 29.5 2.25848866 5.02499962 28.88452911 6.92500019 5.02499962 27.86111259 6.21238804 5.02499962 28.88452911 6.92500019 5.02499962 29.48248291 -0 74.125 34.96348953 8.14999962 74.125 27.20000076 -0 74.125 27.20000076 8.14999962 74.125 34.96348953 0 30.07500076 40.75 8.14999962 30.07500076 40.75 8.14999962 31.79999924 39 0 31.79999924 39 0 38.96541595 40.75 8.14999962 38.96541595 40.75 8.14999962 73.75749207 26.24227333 -0 73.75749207 26.24227333 8.14999962 73.43719482 25.26774406 -0 73.43719482 25.26774406 8.14999962 73.16487122 24.27873421 -0 73.16487122 24.27873421 8.14999962 72.94116974 23.27760696 -0 72.94116974 23.27760696 -0 72.76662445 22.26674843 8.14999962 72.76662445 22.26674843 8.14999962 72.64164734 21.2485733 -0 72.64164734 21.2485733 8.14999962 72.56654358 20.22550964 -0 72.56654358 20.22550964 8.14999962 72.54148865 19.20000076 -0 72.54148865 19.20000076 8.14999962 72.56654358 18.17448997 -0 72.56654358 18.17448997 8.14999962 72.64164734 17.15142632 -0 72.64164734 17.15142632 8.14999962 72.76662445 16.13325119 -0 72.76662445 16.13325119 8.14999962 72.94116974 15.12239361 -0 72.94116974 15.12239361 8.14999962 73.16487122 14.12126541 -0 73.16487122 14.12126541 8.14999962 73.43719482 13.13225651 -0 73.43719482 13.13225651 8.14999962 73.75749207 12.15772629 -0 73.75749207 12.15772629 8.14999962 74.125 11.19999981 -0 74.125 11.19999981 0 1.59857273 41.12351608 8.14999962 1.59857273 41.12351608 0 38.15000153 39 8.14999962 38.15000153 40.04999924 0 38.15000153 40.04999924 8.14999962 38.15000153 39 -0 73.57746887 35.16277695 8.14999962 73.57746887 35.16277695 8.14999962 1.55128706 40.85534286 0 1.55128706 40.85534286 0.80000001 30.07500076 41.54999924 0.80000001 30.07500076 42.20000076 0 38.4639473 40.97228622 8.14999962 38.4639473 40.97228622 8.14999962 38.47509766 40.98190308 0 38.47509766 40.98190308 0 38.48670578 40.99096298 8.14999962 38.48670578 40.99096298 0 38.49874496 40.99943924 8.14999962 38.49874496 40.99943924 0 38.51118469 41.0073204 8.14999962 38.51118469 41.0073204 0 38.52399826 41.01457596 8.14999962 38.52399826 41.01457596 0 38.53715134 41.02119827 8.14999962 38.53715134 41.02119827 0 38.55060959 41.02716446 8.14999962 38.55060959 41.02716446 8.14999962 38.56435013 41.03246307 0 38.56435013 41.03246307 0 38.57833099 41.03708267 8.14999962 38.57833099 41.03708267 0 38.59252167 41.041008 8.14999962 38.59252167 41.041008 0 38.60688782 41.04423523 8.14999962 38.60688782 41.04423523 8.14999962 38.62139893 41.04675293 0 38.62139893 41.04675293 8.14999962 38.63601303 41.04855728 0 38.63601303 41.04855728 8.14999962 38.6506958 41.04963684 0 38.6506958 41.04963684 0 38.66541672 41.04999924 8.14999962 38.66541672 41.04999924 8.14999962 38.68013763 41.04963684 0 38.68013763 41.04963684 8.14999962 38.6948204 41.04855728 0 38.6948204 41.04855728 0 38.70943451 41.04675293 8.14999962 38.70943451 41.04675293 8.14999962 38.7239418 41.04423523 0 38.7239418 41.04423523 0 38.73831177 41.041008 8.14999962 38.73831177 41.041008 0 38.75250244 41.03708267 8.14999962 38.75250244 41.03708267 8.14999962 38.76648331 41.03246307 0 38.76648331 41.03246307 0 38.78022003 41.02716446 8.14999962 38.78022003 41.02716446 0 38.7936821 41.02119827 8.14999962 38.7936821 41.02119827 0 38.80683517 41.01457596 8.14999962 38.80683517 41.01457596 0 38.81964874 41.0073204 8.14999962 38.81964874 41.0073204 0 38.83208847 40.99943924 8.14999962 38.83208847 40.99943924 0 38.84412766 40.99096298 8.14999962 38.84412766 40.99096298 0 38.85573578 40.98190308 8.14999962 38.85573578 40.98190308 0 38.86688232 40.97228622 8.14999962 38.86688232 40.97228622 0 38.87754822 40.9621315 8.14999962 38.87754822 40.9621315 8.14999962 38.88770294 40.95146942 0 38.88770294 40.95146942 0 38.89731979 40.94031906 8.14999962 38.89731979 40.94031906 0 38.9063797 40.92871094 8.14999962 38.9063797 40.92871094 0 38.91485596 40.91667175 8.14999962 38.91485596 40.91667175 8.14999962 38.92273331 40.90423203 0 38.92273331 40.90423203 0 38.92999268 40.89141846 8.14999962 38.92999268 40.89141846 8.14999962 38.93661499 40.87826538 0 38.93661499 40.87826538 0 38.94258118 40.86480331 8.14999962 38.94258118 40.86480331 0 38.94787979 40.85106659 8.14999962 38.94787979 40.85106659 0 38.95249939 40.83708572 8.14999962 38.95249939 40.83708572 8.14999962 38.95642471 40.82289505 0 38.95642471 40.82289505 0 38.95965195 40.8085289 8.14999962 38.95965195 40.8085289 8.14999962 38.96216965 40.79401779 0 38.96216965 40.79401779 0 38.96397018 40.77940369 8.14999962 38.96397018 40.77940369 0 38.96505356 40.76472092 8.14999962 38.96505356 40.76472092 8.14999962 7.77499962 32.09999847 8.14999962 7.82406759 32.10120392 7.69999981 7.77499962 32.09999847 7.69999981 7.82406759 32.10120392 8.14999962 7.87301683 32.10481644 7.69999981 7.87301683 32.10481644 8.14999962 7.92173004 32.11082458 7.69999981 7.92173004 32.11082458 8.14999962 7.97008991 32.1192131 7.69999981 7.97008991 32.1192131 8.14999962 8.01797962 32.12997055 7.69999981 8.01797962 32.12997055 8.14999962 8.06528473 32.14305878 7.69999981 8.06528473 32.14305878 8.14999962 8.11188984 32.1584549 7.69999981 8.11188984 32.1584549 8.14999962 8.15768337 32.17612076 7.69999981 8.15768337 32.17612076 8.14999962 8.2025547 32.19601059 7.69999981 8.2025547 32.19601059 8.14999962 8.24639606 32.21807861 7.69999981 8.24639606 32.21807861 8.14999962 8.28910255 32.24227142 7.69999981 8.28910255 32.24227142 8.14999962 8.33057022 32.2685318 7.69999981 8.33057022 32.2685318 8.14999962 8.37069893 32.29679108 7.69999981 8.37069893 32.29679108 8.14999962 8.40939331 32.32698822 7.69999981 8.40939331 32.32698822 8.14999962 8.44655895 32.35905075 7.69999981 8.44655895 32.35905075 7.69999981 8.48210621 32.39289474 8.14999962 8.48210621 32.39289474 8.14999962 8.51595116 32.42844009 7.69999981 8.51595116 32.42844009 7.69999981 8.54800987 32.46560669 8.14999962 8.54800987 32.46560669 8.14999962 8.57820702 32.50429916 7.69999981 8.57820702 32.50429916 8.14999962 8.60646915 32.54442978 7.69999981 8.60646915 32.54442978 8.14999962 8.63272858 32.58589554 7.69999981 8.63272858 32.58589554 7.69999981 8.65692139 32.62860489 8.14999962 8.65692139 32.62860489 8.14999962 8.67898941 32.67244339 7.69999981 8.67898941 32.67244339 8.14999962 8.69887924 32.71731567 7.69999981 8.69887924 32.71731567 7.69999981 8.71654415 32.76311111 8.14999962 8.71654415 32.76311111 8.14999962 8.73194027 32.80971527 7.69999981 8.73194027 32.80971527 8.14999962 8.74503136 32.85702133 7.69999981 8.74503136 32.85702133 8.14999962 8.75578499 32.90491104 7.69999981 8.75578499 32.90491104 7.69999981 8.76417637 32.95326996 8.14999962 8.76417637 32.95326996 8.14999962 8.77018452 33.00198364 7.69999981 8.77018452 33.00198364 8.14999962 8.77379513 33.05093384 7.69999981 8.77379513 33.05093384 8.14999962 8.77499962 33.09999847 7.69999981 8.77499962 33.09999847 0 30.07500076 41.54999924 8.14999962 30.07500076 42.20000076 1.41727269 10.07872868 29.59039307 1.52499998 10.0265398 29.5 1.52124178 10.18885612 29.78114128 1.63063622 10.29359627 29.96255493 1.74517739 10.39268208 30.13417816 1.86457312 10.48586082 30.29556847 2.07911062 10.63083744 30.54667473 3.6500001 11.07499981 31.31598663 2.18491936 10.69292641 30.65421486 2.29317808 10.75063705 30.75417328 2.39255643 10.79875374 30.83751488 2.48345685 10.83890533 30.90706062 2.57563734 10.8760252 30.97135353 2.66899657 10.91007137 31.03032303 2.7539432 10.93805408 31.07879066 2.83107829 10.96106434 31.11864471 2.90880299 10.98199558 31.1548996 2.98706126 11.00083542 31.18752861 3.06579661 11.01756763 31.21651077 3.14495277 11.03218174 31.2418232 3.21650577 11.04351521 31.26145363 3.28112054 11.05223465 31.27655602 3.34590983 11.05954838 31.28922272 3.41084266 11.06545162 31.29944992 3.47588849 11.06994343 31.30722809 3.54101658 11.07301903 31.31255722 3.59549928 11.07450485 31.31512833 1.52499998 9.77499962 29.06431961 1.9759289 10.56447506 30.43173218 4.44999981 11.07499981 31.31598663 4.62506866 11.07096481 31.30899811 4.5375576 11.07399082 31.3142395 4.71248674 11.06592274 31.30026627 4.79976559 11.05886841 31.28804588 4.88685894 11.04980469 31.2723484 4.97372007 11.0387373 31.25317764 5.06030321 11.02567005 31.23054504 5.1465621 11.01061249 31.20446396 5.23245096 10.99357033 31.17494774 5.31792498 10.97455502 31.14200974 5.40293741 10.95357418 31.10567093 5.4874444 10.93064022 31.06594849 5.57140064 10.90576553 31.0228653 5.65476084 10.87896252 30.97644043 5.73748159 10.85024643 30.9267025 5.81951904 10.81963158 30.8736763 5.90082884 10.78713512 30.81739044 5.98136854 10.75277328 30.75787354 6.06109524 10.71656513 30.69515991 6.65277958 10.37141037 30.09733391 6.92500019 10.01642513 29.48248291 6.75847101 10.293437 29.96228027 6.86140442 10.21185684 29.82097816 6.94591522 10.14038086 29.69717789 7.02830839 10.06647396 29.56916809 6.92500019 9.77499962 29.06431961 6.13996601 10.67852974 30.62928009 6.21793985 10.63868618 30.56027031 6.32043743 10.58278847 30.46345139 6.4336319 10.51617336 30.34807014 6.54445696 10.44568539 30.22598267 0 0 14.20000076 8.14999962 0.30679876 14.88098431 0 0.30679876 14.88098431 8.14999962 0 14.20000076 8.14999962 0.57931912 15.57639503 0 0.57931912 15.57639503 8.14999962 0.81688541 16.28450966 0 0.81688541 16.28450966 8.14999962 1.0189085 17.00357246 0 1.0189085 17.00357246 8.14999962 1.18488765 17.73180008 0 1.18488765 17.73180008 8.14999962 1.31441128 18.46738625 0 1.31441128 18.46738625 8.14999962 1.40715826 19.20850945 0 1.40715826 19.20850945 8.14999962 1.46289849 19.95332909 0 1.46289849 19.95332909 8.14999962 1.48149395 20.70000076 0 1.48149395 20.70000076 8.14999962 1.46289849 21.44667244 0 1.46289849 21.44667244 8.14999962 1.40715814 22.19149208 0 1.40715814 22.19149208 8.14999962 1.31441128 22.93261337 0 1.31441128 22.93261337 8.14999962 1.18488765 23.66820145 0 1.18488765 23.66820145 8.14999962 1.01890838 24.39642906 0 1.01890838 24.39642906 8.14999962 0.81688523 25.11548996 0 0.81688523 25.11548996 8.14999962 0.579319 25.82360458 0 0.579319 25.82360458 8.14999962 0.30679861 26.51901627 0 0.30679861 26.51901627 0.94999999 40.59999847 42.09999847 0.94999999 40.59999847 42.20000076 7.3499999 40.59999847 42.20000076 7.3499999 40.59999847 42.09999847 7.3499999 42.79999924 42.09999847 7.3499999 43.79999924 42.09999847 7.3499999 43.79999924 41.40000153 7.3499999 42.79999924 41.40000153 7.3499999 46.20000076 42.20000076 7.3499999 46.20000076 42.09999847 0.94999999 42.79999924 42.09999847 0.94999999 43.79999924 41.40000153 0.94999999 42.79999924 41.40000153 0.94999999 43.79999924 42.09999847 0.94999999 46.20000076 42.20000076 0.94999999 46.20000076 42.09999847 2.20000005 46.20000076 42.09999847 2.20000005 46.20000076 42.20000076 2.79999995 45.59999847 42.20000076 2.79999995 45.59999847 42.09999847 8.14999962 5.37499952 33.09999847 7.69999981 5.37499952 33.09999847 7.69999981 5.37499952 42.20000076 8.14999962 5.37499952 42.20000076 8.14999962 8.77499962 42.20000076 7.69999981 8.77499962 42.20000076 7.69999981 4.90586281 42.20000076 7.69999981 4.90586281 30.13278389 7.69999981 6.32593203 32.10120392 7.69999981 6.37499952 32.09999847 7.69999981 6.27698231 32.10481644 7.69999981 6.2282691 32.11082458 7.69999981 6.17990923 32.1192131 7.69999981 6.13201952 32.12997055 7.69999981 6.08471489 32.14305878 7.69999981 6.03810978 32.1584549 7.69999981 5.99231625 32.17612076 7.69999981 5.94744444 32.19601059 7.69999981 5.90360308 32.21807861 7.69999981 5.86089706 32.24227142 7.69999981 5.8194294 32.2685318 7.69999981 5.77930021 32.29679108 7.69999981 5.74060631 32.32698822 7.69999981 5.70344067 32.35905075 7.69999981 5.66789293 32.39289474 7.69999981 5.63404846 32.42844009 7.69999981 5.60198927 32.46560669 7.69999981 5.57179213 32.50429916 7.69999981 5.54352999 32.54442978 7.69999981 5.51727104 32.58589554 7.69999981 5.49307823 32.62860489 7.69999981 5.47101021 32.67244339 7.69999981 5.45112038 32.71731567 7.69999981 5.43345547 32.76311111 7.69999981 5.41805935 32.80971527 7.69999981 5.40496826 32.85702133 7.69999981 5.39421463 32.90491104 7.69999981 5.38582325 32.95326996 7.69999981 5.3798151 33.00198364 7.69999981 5.37620401 33.05093384 7.69999981 9.24413681 42.20000076 7.69999981 9.24413681 30.13278389 8.14999962 6.37499952 32.09999847 8.14999962 6.32593203 32.10120392 8.14999962 6.27698231 32.10481644 8.14999962 6.2282691 32.11082458 8.14999962 6.17990923 32.1192131 8.14999962 6.13201952 32.12997055 8.14999962 6.08471489 32.14305878 8.14999962 6.03810978 32.1584549 8.14999962 5.99231625 32.17612076 8.14999962 5.94744444 32.19601059 8.14999962 5.90360308 32.21807861 8.14999962 5.86089706 32.24227142 8.14999962 5.8194294 32.2685318 8.14999962 5.77930021 32.29679108 8.14999962 5.74060631 32.32698822 8.14999962 5.70344067 32.35905075 8.14999962 5.66789293 32.39289474 8.14999962 5.63404846 32.42844009 8.14999962 5.60198927 32.46560669 8.14999962 5.57179213 32.50429916 8.14999962 5.54352999 32.54442978 8.14999962 5.51727104 32.58589554 8.14999962 5.49307823 32.62860489 8.14999962 5.47101021 32.67244339 8.14999962 5.45112038 32.71731567 8.14999962 5.43345547 32.76311111 8.14999962 5.41805935 32.80971527 8.14999962 5.40496826 32.85702133 8.14999962 5.39421463 32.90491104 8.14999962 5.38582325 32.95326996 8.14999962 5.3798151 33.00198364 8.14999962 5.37620401 33.05093384 6.0999999 62.59999847 42.09999847 7.3499999 62.59999847 42.09999847 7.3499999 62.59999847 42.20000076 6.0999999 62.59999847 42.20000076 6.92500019 9.77499962 17.5 1.52499998 9.77499962 17.5 0 0 12.60000038 8.14999962 0 12.60000038 0 3.50177479 12.60000038 8.14999962 3.50177479 12.60000038 5.5 45.59999847 42.09999847 6.0999999 46.20000076 42.09999847 5.5 45.59999847 42.20000076 6.0999999 46.20000076 42.20000076 1.52867961 47.52867889 42.20000076 1.42714667 47.63532257 42.20000076 1.63532317 47.42714691 42.20000076 1.74682009 47.33097076 42.20000076 1.33096862 47.74682236 42.20000076 1.24037743 47.86290359 42.20000076 1.86290205 47.24037933 42.20000076 1.98328924 47.15559006 42.20000076 1.15559113 47.98329163 42.20000076 2.10769176 47.07681274 42.20000076 1.07681417 48.10769272 42.20000076 2.2358098 47.00423813 42.20000076 1.00423622 48.23580933 42.20000076 0.93803215 48.36733627 42.20000076 2.3673346 46.93803406 42.20000076 0.8783614 48.50194931 42.20000076 2.50194979 46.87836075 42.20000076 2.63933039 46.82536697 42.20000076 0.82536781 48.63933182 42.20000076 0.77917898 48.7791481 42.20000076 2.77914596 46.77917862 42.20000076 0.73990625 48.92105865 42.20000076 2.92105937 46.73990631 42.20000076 0.70764416 49.06472778 42.20000076 3.06472898 46.70764542 42.20000076 3.20980859 46.68247223 42.20000076 0.68247044 49.20980835 42.20000076 3.35594869 46.66444778 42.20000076 0.66444582 49.3559494 42.20000076 3.50279689 46.65361404 42.20000076 0.65361363 49.50279617 42.20000076 0.64999998 49.65000153 42.20000076 3.6500001 46.65000153 42.20000076 4.44999981 46.65000153 42.20000076 4.63559389 46.6545372 42.20000076 4.82074451 46.66812897 42.20000076 5.0050106 46.69075012 42.20000076 5.18795204 46.72234344 42.20000076 5.36913204 46.76283264 42.20000076 0.64999998 51.65000153 42.20000076 5.54811811 46.81212616 42.20000076 5.72448301 46.87009811 42.20000076 5.89780617 46.9366188 42.20000076 6.06767368 47.0115242 42.20000076 6.23368025 47.09463501 42.20000076 6.39542913 47.18575287 42.20000076 6.55253506 47.28466415 42.20000076 6.70462227 47.39113235 42.20000076 6.85132837 47.50489807 42.20000076 6.99230289 47.62569427 42.20000076 7.12720919 47.75323486 42.20000076 7.25572538 47.88720703 42.20000076 7.37754536 48.02729797 42.20000076 7.49237728 48.173172 42.20000076 7.59994793 48.32448196 42.20000076 8.14999962 48.95000076 42.20000076 7.69999981 48.48086548 42.20000076 7.69999981 48.95000076 42.20000076 0.68247044 52.09019089 42.20000076 0.94999999 57 42.20000076 0.66444582 51.94405365 42.20000076 0.70764416 52.23527145 42.20000076 0.73990625 52.37894058 42.20000076 0.77917898 52.52085495 42.20000076 0.82536781 52.66067123 42.20000076 0.8783614 52.79804993 42.20000076 0.93803215 52.93266678 42.20000076 1.00423622 53.06418991 42.20000076 1.07681417 53.19231033 42.20000076 1.15559113 53.31671143 42.20000076 1.24037743 53.43709946 42.20000076 1.33096862 53.55318069 42.20000076 1.42714667 53.66467667 42.20000076 1.52867961 53.77132034 42.20000076 1.63532317 53.87285233 42.20000076 1.74682009 53.96903229 42.20000076 1.86290205 54.05962372 42.20000076 1.98328924 54.14440918 42.20000076 2.10769176 54.22318649 42.20000076 2.2358098 54.29576492 42.20000076 2.3673346 54.36196899 42.20000076 2.50194979 54.42163849 42.20000076 2.63933039 54.47463226 42.20000076 2.77914596 54.52082062 42.20000076 2.92105937 54.56009293 42.20000076 3.06472898 54.59235764 42.20000076 3.20980859 54.61753082 42.20000076 3.35594869 54.63555527 42.20000076 3.50279689 54.64638519 42.20000076 3.6500001 54.65000153 42.20000076 4.44999981 54.65000153 42.20000076 8.14999962 52.35000229 42.20000076 7.69999981 52.81913757 42.20000076 7.69999981 52.35000229 42.20000076 7.59994793 52.97551727 42.20000076 7.3499999 57 42.20000076 7.49237728 53.12682724 42.20000076 7.37754536 53.27270126 42.20000076 7.25572538 53.41279221 42.20000076 7.12720919 53.54676819 42.20000076 6.99230289 53.67430496 42.20000076 6.85132837 53.79510117 42.20000076 6.70462227 53.9088707 42.20000076 6.55253506 54.01533508 42.20000076 6.39542913 54.11424637 42.20000076 6.23368025 54.20536804 42.20000076 6.06767368 54.28847885 42.20000076 5.89780617 54.36338425 42.20000076 5.72448301 54.42990112 42.20000076 5.54811811 54.48787689 42.20000076 5.36913204 54.5371666 42.20000076 5.18795204 54.57765579 42.20000076 5.0050106 54.60924911 42.20000076 4.82074451 54.63187027 42.20000076 4.63559389 54.64546585 42.20000076 0.94999999 62.59999847 42.20000076 1.63532317 63.82714844 42.20000076 1.52867961 63.92868042 42.20000076 1.42714667 64.0353241 42.20000076 1.74682009 63.73096848 42.20000076 1.33096862 64.14682007 42.20000076 1.86290205 63.64037704 42.20000076 1.24037743 64.26290131 42.20000076 1.98328936 63.55559158 42.20000076 2.20000005 62.59999847 42.20000076 1.15559113 64.38329315 42.20000076 2.10769176 63.47681427 42.20000076 1.07681417 64.50769043 42.20000076 2.2358098 63.40423584 42.20000076 1.00423622 64.63581085 42.20000076 2.3673346 63.33803177 42.20000076 0.93803215 64.76733398 42.20000076 2.50194979 63.27836227 42.20000076 0.8783614 64.90194702 42.20000076 2.63933039 63.2253685 42.20000076 0.82536781 65.03932953 42.20000076 2.77914596 63.17918015 42.20000076 0.77917898 65.17914581 42.20000076 2.92105937 63.13990784 42.20000076 2.79999995 62 42.20000076 0.73990625 65.32106018 42.20000076 3.06472898 63.10764313 42.20000076 0.70764416 65.46472931 42.20000076 3.20980859 63.08246994 42.20000076 0.6824705 65.60980988 42.20000076 3.35594869 63.0644455 42.20000076 0.66444582 65.75595093 42.20000076 3.50279689 63.05361557 42.20000076 0.65361363 65.90279388 42.20000076 0.65361363 51.79720306 42.20000076 3.6500001 63.04999924 42.20000076 5.5 62 42.20000076 4.44999981 63.04999924 42.20000076 4.63559389 63.05453491 42.20000076 4.82074451 63.06813049 42.20000076 5.0050106 63.09075165 42.20000076 5.18795204 63.12234497 42.20000076 5.36913204 63.16283417 42.20000076 5.54811811 63.21212387 42.20000076 5.72448301 63.27009964 42.20000076 5.89780617 63.33661652 42.20000076 6.06767368 63.41152191 42.20000076 6.23368025 63.49463272 42.20000076 6.39542913 63.58575439 42.20000076 6.55253506 63.68466568 42.20000076 6.70462227 63.79113007 42.20000076 6.85132837 63.9048996 42.20000076 6.99230289 64.0256958 42.20000076 7.12720919 64.15323639 42.20000076 7.25572538 64.28720856 42.20000076 7.37754536 64.4272995 42.20000076 7.49237728 64.57317352 42.20000076 7.59994793 64.72447968 42.20000076 0.65361363 68.19720459 42.20000076 0.64999998 68.05000305 42.20000076 0.66444582 68.34405518 42.20000076 0.6824705 68.4901886 42.20000076 0.70764416 68.63526917 42.20000076 0.73990625 68.77893829 42.20000076 0.77917898 68.92085266 42.20000076 0.82536781 69.06066895 42.20000076 0.8783614 69.19805145 42.20000076 0.93803215 69.33266449 42.20000076 1.00423622 69.46418762 42.20000076 1.07681417 69.59230804 42.20000076 1.15559113 69.71671295 42.20000076 1.24037743 69.83709717 42.20000076 1.33096862 69.95317841 42.20000076 1.42714667 70.06467438 42.20000076 1.52867961 70.17131805 42.20000076 1.63532317 70.27285004 42.20000076 1.74682009 70.36903381 42.20000076 1.86290205 70.45962524 42.20000076 1.98328936 70.54441071 42.20000076 2.10769176 70.6231842 42.20000076 0.64999998 66.05000305 42.20000076 2.2358098 70.69576263 42.20000076 2.3673346 70.76197052 42.20000076 2.50194979 70.82164001 42.20000076 8.14999962 65.34999847 42.20000076 7.69999981 64.880867 42.20000076 7.69999981 65.34999847 42.20000076 2.63933039 70.87463379 42.20000076 2.77914596 70.92082214 42.20000076 2.92105937 70.96009064 42.20000076 3.06472898 70.99235535 42.20000076 3.20980859 71.01753235 42.20000076 3.35594869 71.03555298 42.20000076 3.50279689 71.04638672 42.20000076 3.6500001 71.05000305 42.20000076 4.44999981 71.05000305 42.20000076 8.14999962 68.75 42.20000076 7.69999981 69.2191391 42.20000076 7.69999981 68.75 42.20000076 7.59994793 69.3755188 42.20000076 7.49237728 69.52682495 42.20000076 7.37754536 69.67269897 42.20000076 7.25572538 69.81278992 42.20000076 7.12720919 69.94676971 42.20000076 6.99230289 70.07430267 42.20000076 6.85132837 70.19509888 42.20000076 6.70462227 70.30886841 42.20000076 6.55253506 70.41533661 42.20000076 6.39542913 70.51424408 42.20000076 6.23368025 70.60536957 42.20000076 6.06767368 70.68847656 42.20000076 5.89780617 70.76338196 42.20000076 5.72448301 70.82990265 42.20000076 5.54811811 70.88787842 42.20000076 5.36913204 70.93716431 42.20000076 5.18795204 70.9776535 42.20000076 5.0050106 71.00924683 42.20000076 4.82074451 71.03186798 42.20000076 4.63559389 71.04546356 42.20000076 0.64999998 6.07499981 30.23421288 0.64999998 6.07499981 42.20000076 0.65187716 5.96888876 30.23263741 0.65361363 5.92779684 42.20000076 0.65750635 5.86291075 30.2279129 0.66444582 5.78094816 42.20000076 0.66782147 5.74848557 30.21925735 0.68251032 5.6345396 30.20693207 0.6824705 5.63480806 42.20000076 0.70155126 5.52123976 30.19095612 0.70764416 5.48972893 42.20000076 0.72491646 5.40875196 30.17135048 0.73990625 5.34605932 42.20000076 0.75257158 5.29724121 30.14814377 0.77917898 5.20414543 42.20000076 0.78447604 5.18687105 30.12137413 0.82536781 5.0643301 42.20000076 0.82058316 5.07780361 30.0910759 0.8608399 4.97019815 30.05729675 0.8783614 4.9269495 42.20000076 0.90518725 4.86421347 30.02008438 0.93803215 4.79233456 42.20000076 0.95356017 4.76000452 29.97949409 1.00423622 4.66080952 42.20000076 1.00588763 4.65772438 29.93558693 1.06209302 4.5575223 29.88842583 1.07681417 4.53269148 42.20000076 1.12209392 4.45954609 29.83807755 1.15559113 4.40828896 42.20000076 1.1931057 4.35346842 29.77849197 1.24037743 4.28790188 42.20000076 1.27721906 4.23926783 29.70791245 1.33096862 4.17181969 42.20000076 1.36663616 4.12917089 29.63288307 1.42714667 4.06032276 42.20000076 1.46115696 4.02342319 29.55356979 1.52867961 3.95367932 42.20000076 1.57018673 3.91296911 29.66259956 1.63532317 3.85214639 42.20000076 1.68478286 3.80830121 29.77719688 1.74682009 3.75596833 42.20000076 1.80463874 3.70970011 29.89705276 1.86290205 3.66537714 42.20000076 1.92943358 3.61742949 30.02184677 1.98328936 3.58059096 42.20000076 2.05883336 3.53173637 30.15124702 2.10769176 3.50181389 42.20000076 2.19249153 3.45284986 30.28490448 2.2358098 3.42923594 42.20000076 2.33005071 3.38098145 30.42246437 2.3673346 3.36303186 42.20000076 2.47114277 3.31632328 30.56355667 2.50194979 3.30336118 42.20000076 2.61538982 3.25904846 30.70780373 2.63933039 3.2503674 42.20000076 2.76240587 3.20931005 30.85482025 2.77914596 3.20417857 42.20000076 2.91179752 3.16724157 31.00421143 2.92105937 3.16490602 42.20000076 3.06316471 3.13295531 31.15557861 3.06472898 3.13264394 42.20000076 3.21610284 3.1065433 31.30851555 3.20980859 3.10747004 42.20000076 3.35594869 3.08944559 42.20000076 3.37020206 3.08807611 31.46261597 3.50994825 3.07827044 31.60236168 3.6500001 3.07499957 31.76449394 3.6500001 3.07499957 31.74241447 3.50279689 3.07861328 42.20000076 3.6500001 3.07499957 42.20000076 0.87795931 9.22207832 30.04293251 0.92062783 9.32020187 30.00712776 0.96676832 9.41674042 29.9684124 1.01632214 9.51157188 29.9268322 1.06922615 9.60457706 29.88244057 1.12541306 9.6956358 29.83529282 1.18481147 9.78463268 29.78545189 1.24734581 9.87145519 29.73297882 1.31293654 9.9559927 29.67794228 1.36428058 10.01806068 29.63485909 0.838817 9.1224966 30.07577515 0.80325079 9.0215826 30.10561943 0.7713058 8.91946411 30.13242531 0.74302274 8.81627083 30.15615654 0.71843755 8.71213531 30.17678642 0.69758159 8.60718918 30.19428635 0.68048131 8.50156593 30.20863533 0.66715848 8.39540005 30.2198143 0.65763003 8.28882694 30.22780991 0.6519081 8.18198109 30.2326107 0.64999998 8.07499981 30.23421288 1.55272281 4.10860395 29.47673798 1.64034081 4.19665956 29.40321732 1.72388268 4.28746176 29.33311844 1.94886196 4.57499981 29.1443367 1.80322659 4.38087749 29.26654053 1.8782562 4.4767704 29.20358276 0.94999999 57 42.09999847 7.3499999 57 42.09999847 4.44999981 3.07499957 42.20000076 0.64999998 8.07499981 42.20000076 0.65361363 8.2222023 42.20000076 5.72448301 3.29509854 42.20000076 5.89780617 3.36161709 42.20000076 5.54811811 3.23712444 42.20000076 5.36913204 3.18783331 42.20000076 5.18795204 3.14734268 42.20000076 5.0050106 3.11574936 42.20000076 4.82074451 3.09312868 42.20000076 4.63559389 3.07953453 42.20000076 6.06767368 3.43652153 42.20000076 6.23368025 3.51963305 42.20000076 6.39542913 3.6107533 42.20000076 6.55253506 3.70966458 42.20000076 6.70462227 3.81613088 42.20000076 6.85132837 3.92989826 42.20000076 6.99230289 4.05069494 42.20000076 7.12720919 4.17823267 42.20000076 7.25572538 4.31220722 42.20000076 7.37754536 4.45229864 42.20000076 7.49237728 4.59817266 42.20000076 7.59994793 4.7494812 42.20000076 1.86290205 10.484622 42.20000076 0.94999999 11.52499962 42.20000076 1.74682009 10.39403057 42.20000076 1.63532317 10.29785347 42.20000076 1.52867961 10.19631958 42.20000076 1.42714667 10.08967686 42.20000076 1.33096862 9.97817993 42.20000076 1.24037743 9.86209774 42.20000076 1.15559113 9.74171066 42.20000076 1.07681417 9.61730766 42.20000076 1.00423622 9.4891901 42.20000076 0.93803215 9.35766506 42.20000076 0.8783614 9.22305012 42.20000076 0.82536781 9.08566952 42.20000076 0.77917898 8.94585419 42.20000076 0.73990625 8.80393982 42.20000076 0.70764416 8.66027069 42.20000076 0.6824705 8.51519108 42.20000076 1.98328936 10.56940842 42.20000076 2.20000005 11.52499962 42.20000076 2.77914596 10.94582081 42.20000076 2.63933039 10.8996315 42.20000076 2.50194979 10.84663868 42.20000076 2.3673346 10.78696728 42.20000076 2.2358098 10.72076321 42.20000076 2.10769176 10.64818573 42.20000076 2.92105937 10.98509312 42.20000076 2.79999995 12.125 42.20000076 3.6500001 11.07499981 42.20000076 3.50279689 11.07138634 42.20000076 3.35594869 11.06055355 42.20000076 3.20980859 11.04252911 42.20000076 3.06472898 11.01735592 42.20000076 4.44999981 11.07499981 42.20000076 7.59994793 9.40051842 42.20000076 4.63559389 11.07046509 42.20000076 5.5 12.125 42.20000076 4.82074451 11.05687046 42.20000076 5.0050106 11.03425026 42.20000076 5.18795204 11.00265694 42.20000076 5.36913204 10.96216583 42.20000076 5.54811811 10.91287518 42.20000076 6.0999999 11.52499962 42.20000076 5.72448301 10.85490131 42.20000076 5.89780617 10.78838253 42.20000076 6.06767368 10.71347809 42.20000076 6.23368025 10.63036633 42.20000076 6.39542913 10.53924656 42.20000076 6.55253506 10.44033527 42.20000076 7.3499999 11.52499962 42.20000076 6.70462227 10.33386803 42.20000076 6.85132837 10.22010136 42.20000076 6.99230289 10.0993042 42.20000076 7.12720919 9.97176647 42.20000076 7.25572538 9.8377924 42.20000076 7.37754536 9.6977005 42.20000076 7.49237728 9.55182648 42.20000076 0.94999999 17.125 42.20000076 0.66444582 8.36905098 42.20000076 3.33581853 17.80529594 42.20000076 3.29833984 17.84185219 42.20000076 3.26272964 17.88022995 42.20000076 3.37507296 17.77065277 42.20000076 3.22907686 17.92033577 42.20000076 3.41600537 17.73801041 42.20000076 3.19746518 17.96206856 42.20000076 3.45851398 17.70744896 42.20000076 3.1679728 18.00532722 42.20000076 3.50249314 17.67904472 42.20000076 3.1406734 18.05000114 42.20000076 3.5478332 17.65286827 42.20000076 3.11563468 18.09597969 42.20000076 3.5944221 17.62898254 42.20000076 3.09291887 18.14314842 42.20000076 3.64214349 17.60745049 42.20000076 3.07258248 18.1913929 42.20000076 3.69087887 17.58832359 42.20000076 3.05467629 18.24058914 42.20000076 3.03924465 18.29061699 42.20000076 3.0263257 18.34135246 42.20000076 3.01595187 18.39266968 42.20000076 3.00814891 18.44443893 42.20000076 3.00293612 18.49653435 42.20000076 3.0003264 18.5488224 42.20000076 3.0003264 18.60117722 42.20000076 3.00293612 18.65346718 42.20000076 3.00814891 18.70556068 42.20000076 3.01595187 18.75732994 42.20000076 3.0263257 18.80864716 42.20000076 3.03924465 18.85938263 42.20000076 3.05467629 18.90941048 42.20000076 3.07258248 18.95860863 42.20000076 3.09291887 19.0068512 42.20000076 3.11563468 19.05402184 42.20000076 3.1406734 19.10000038 42.20000076 3.1679728 19.1446743 42.20000076 3.19746518 19.18793106 42.20000076 3.22907686 19.22966385 42.20000076 3.26272964 19.26976967 42.20000076 3.29833984 19.30814934 42.20000076 3.33581853 19.34470558 42.20000076 3.37507296 19.37934685 42.20000076 3.41600537 19.41198921 42.20000076 3.45851398 19.44255066 42.20000076 3.50249314 19.4709549 42.20000076 3.5478332 19.49713326 42.20000076 3.5944221 19.52101707 42.20000076 3.64214349 19.54255104 42.20000076 3.69087887 19.56167793 42.20000076 3.74050713 19.57835197 42.20000076 3.79090476 19.5925312 42.20000076 3.8419466 19.60418129 42.20000076 3.89350557 19.61327362 42.20000076 3.94545364 19.6197834 42.20000076 3.99766183 19.62369537 42.20000076 4.05000019 19.625 42.20000076 4.75216675 17.65286827 42.20000076 7.3499999 17.125 42.20000076 4.79750681 17.67904472 42.20000076 4.84148598 17.70744896 42.20000076 4.88399458 17.73801041 42.20000076 4.92492676 17.77065277 42.20000076 4.96418142 17.80529594 42.20000076 5.00166035 17.84185219 42.20000076 5.03727007 17.88022995 42.20000076 5.07092285 17.92033577 42.20000076 5.10253477 17.96206856 42.20000076 5.13202715 18.00532722 42.20000076 5.15932655 18.05000114 42.20000076 5.18436527 18.09597969 42.20000076 5.20708132 18.14314842 42.20000076 5.22741747 18.1913929 42.20000076 5.24532366 18.24058914 42.20000076 5.26075554 18.29061699 42.20000076 5.27367449 18.34135246 42.20000076 5.28404808 18.39266968 42.20000076 5.29185104 18.44443893 42.20000076 5.29706383 18.49653435 42.20000076 5.29967356 18.5488224 42.20000076 5.29967356 18.60117722 42.20000076 5.29706383 18.65346718 42.20000076 5.29185104 18.70556068 42.20000076 4.60912132 17.58832359 42.20000076 4.65785646 17.60745049 42.20000076 4.70557785 17.62898254 42.20000076 5.28404808 18.75732994 42.20000076 5.27367449 18.80864716 42.20000076 4.25 19.625 42.20000076 5.26075554 18.85938263 42.20000076 5.24532366 18.90941048 42.20000076 5.22741747 18.95860863 42.20000076 5.20708132 19.0068512 42.20000076 5.18436527 19.05402184 42.20000076 5.15932655 19.10000038 42.20000076 5.13202715 19.1446743 42.20000076 5.10253477 19.18793106 42.20000076 5.07092285 19.22966385 42.20000076 5.03727007 19.26976967 42.20000076 5.00166035 19.30814934 42.20000076 4.96418142 19.34470558 42.20000076 4.92492676 19.37934685 42.20000076 4.88399458 19.41198921 42.20000076 4.84148598 19.44255066 42.20000076 4.79750681 19.4709549 42.20000076 4.75216675 19.49713326 42.20000076 4.70557785 19.52101707 42.20000076 4.65785646 19.54255104 42.20000076 4.60912132 19.56167793 42.20000076 4.55949306 19.57835197 42.20000076 4.50909519 19.5925312 42.20000076 4.45805359 19.60418129 42.20000076 4.40649462 19.61327362 42.20000076 4.35454607 19.6197834 42.20000076 4.30233812 19.62369537 42.20000076 4.05000019 17.52499962 42.20000076 3.99766183 17.52630615 42.20000076 3.94545364 17.53021812 42.20000076 3.89350557 17.53672791 42.20000076 3.8419466 17.54581833 42.20000076 3.79090476 17.55746841 42.20000076 3.74050713 17.57164955 42.20000076 4.25 17.52499962 42.20000076 4.30233812 17.52630615 42.20000076 4.35454607 17.53021812 42.20000076 4.40649462 17.53672791 42.20000076 4.45805359 17.54581833 42.20000076 4.50909519 17.55746841 42.20000076 4.55949306 17.57164955 42.20000076 4.44999981 3.07499957 31.76449394 4.44999981 3.07499957 31.74241447 6.52201462 4.57499981 29.1443367 7.18172359 9.91653061 29.69789886 7.06505203 10.0320816 29.60000038 7.60637188 4.75903273 30.05422211 6.90252781 4.12381363 29.46362686 7.08528185 4.13724661 29.61697388 7.18216753 4.2339282 29.6982708 6.98590755 4.04495144 29.53359032 7.1301403 9.46432114 29.6546154 7.29453993 9.79464149 29.79256248 7.40317392 9.66639328 29.88371849 7.5072279 9.531847 29.97102928 7.60628223 9.39109993 30.05414581 7.1301403 8.2600174 29.6546154 7.1301403 7.0557127 29.6546154 7.1301403 5.851408 29.6546154 7.1301403 4.64710379 29.6546154 7.50735664 4.61832714 29.971138 7.40337992 4.48386049 29.88389015 7.29488373 4.35574627 29.7928524 6.83231926 4.64710379 29.40471458 6.59246111 4.47698259 29.20344925 6.66599894 4.38290453 29.26515388 6.74235678 4.29271841 29.32922554 6.82129002 4.20636272 29.39545822 6.56967592 4.64710379 29.18432999 1.25 3.5999999 4 0 0.90000051 4 1.25 0.90000051 4 0 3.5999999 4 4.59910965 3.0779264 31.60993385 4.74823141 3.08672094 31.47748184 4.91922522 3.10408115 31.32570839 5.08972883 3.12923574 31.17454529 5.25956869 3.16223812 31.02420807 5.42857075 3.203161 30.8749218 5.59655857 3.25209999 30.72691536 5.76336908 3.30918121 30.58041191 5.92878246 3.374542 30.43568802 6.09234381 3.44823647 30.29323578 6.23609591 3.52091885 30.16867065 6.34287119 3.57999778 30.07659149 6.44528341 3.64098597 29.98868179 6.58435249 3.73103094 29.87003326 6.72095776 3.82823873 29.75443268 6.85491562 3.93282676 29.64215279 1.25 3.5999999 1.5 8.14999962 1.5 1.5 8.14999962 3.5999999 1.5 1.25 1.5 1.5 8.14999962 1.5 2.42917919 1.25 1.5 2.42917919 1.25 1.53227866 2.45951295 1.25 1.56302607 2.4913981 1.25 1.59216738 2.52475715 1.25 1.61963212 2.55950975 1.25 1.64535367 2.59557176 1.25 1.66926968 2.63285542 1.25 1.69132245 2.67127061 1.25 1.71145833 2.71072435 1.25 1.72962856 2.75112128 1.25 1.74578929 2.79236293 1.25 1.75990117 2.83434987 1.25 1.77193022 2.87698054 1.25 1.78184712 2.92015123 1.25 1.78962803 2.96375751 1.25 1.79525387 3.00769377 1.25 1.7987113 3.0518539 1.25 1.79999173 3.09613037 1.25 1.79909205 3.14041638 1.25 1.79601455 3.18460441 1.25 1.79076672 3.22858739 1.25 1.78336108 3.27225924 1.25 1.77381575 3.31551361 1.25 1.76215374 3.35824585 1.25 1.74840343 3.40035272 1.25 1.73259795 3.44173193 1.25 1.71477568 3.48228335 1.25 1.69497979 3.52190876 1.25 1.6732583 3.5605123 1.25 1.64966369 3.59800029 1.25 1.62425327 3.63428211 1.25 1.59708834 3.66926956 1.25 1.56823492 3.702878 1.25 1.53776288 3.73502636 1.25 1.50574601 3.76563644 1.25 1.47226179 3.7946341 1.25 1.43739152 3.82194901 1.25 0.94428217 3.99890995 1.25 0.98845655 3.99564242 1.25 1.0324167 3.99020553 1.25 1.07605612 3.98261213 1.25 1.11926901 3.97288084 1.25 1.16195083 3.96103525 1.25 1.20399809 3.94710398 1.25 1.245309 3.93112063 1.25 1.28578341 3.91312432 1.25 1.32532346 3.8931582 1.25 1.36383319 3.8712709 1.25 1.40121937 3.84751534 0 0.00113009 3.14507747 0 1E-06 3.10094738 8.14999962 1E-06 3.10094738 8.14999962 0.00116258 3.14572072 0 0.00442174 3.18909931 8.14999962 0.00455018 3.19038105 0 0.00986802 3.23290658 8.14999962 0.01015541 3.23481727 0 0.01745584 3.27639413 8.14999962 0.01796439 3.2789197 0 0.02716694 3.31945753 8.14999962 0.02795777 3.32257915 0 0.03897795 3.3619926 8.14999962 0.04011082 3.36568737 0 0.05286047 3.40389752 8.14999962 0.05439343 3.40813756 0 0.06878109 3.44507146 8.14999962 0.07077023 3.44982457 0 0.0867015 3.48541498 8.14999962 0.08920068 3.49064517 0 0.1065786 3.5248313 8.14999962 0.10963909 3.53049827 0 0.12836456 3.56322551 8.14999962 0.1320349 3.56928539 0 0.15200697 3.60050535 8.14999962 0.1563326 3.60691023 0 0.17744894 3.63658118 8.14999962 0.18247204 3.64327979 0 0.20462927 3.67136574 8.14999962 0.21038847 3.67830372 0 0.23348258 3.70477581 8.14999962 0.24001276 3.71189547 0 0.26393944 3.73673105 8.14999962 0.27127156 3.74397206 0 0.29592654 3.76715422 8.14999962 0.30408743 3.77445364 0 0.32936698 3.79597235 8.14999962 0.33837911 3.80326486 0 0.3641803 3.82311606 8.14999962 0.37406167 3.83033442 0 0.40028271 3.84852004 8.14999962 0.41104677 3.85559535 0 0.43758738 3.872123 8.14999962 0.44924277 3.87898493 0 0.47600454 3.89386868 8.14999962 0.4885551 3.90044522 0 0.51544178 3.91370416 8.14999962 0.52888638 3.91992331 0 0.55580425 3.93158221 8.14999962 0.57013679 3.93737078 0 0.59699476 3.94745946 8.14999962 0.61220407 3.95274448 0 0.63891429 3.96129775 8.14999962 0.65498412 3.96600628 0 0.68146193 3.97306418 8.14999962 0.69837099 3.9771235 0 0.72453535 3.98272991 8.14999962 0.74225718 3.98606825 0 0.76803094 3.99027181 8.14999962 0.78653401 3.99281883 0 0.81184399 3.99567199 8.14999962 0.83109188 3.99735808 0 0.85586917 3.99891734 8.14999962 0.8758204 3.99967504 8.14999962 0.92060876 3.99976397 8.14999962 0.9653461 3.99762464 8.14999962 1.00992167 3.99326229 8.14999962 1.05422497 3.98668766 8.14999962 1.09814632 3.97791696 8.14999962 1.14157689 3.96697211 8.14999962 1.18440926 3.95388031 8.14999962 1.22653735 3.93867373 8.14999962 1.2678566 3.9213903 8.14999962 1.30826497 3.90207243 8.14999962 1.34766209 3.8807683 8.14999962 1.38595068 3.85753036 8.14999962 1.42303574 3.83241653 8.14999962 1.45882559 3.80548882 8.14999962 1.4932313 3.77681398 8.14999962 1.52616799 3.74646282 8.14999962 1.55755389 3.71451092 8.14999962 1.58731127 3.68103695 8.14999962 1.61536646 3.64612412 8.14999962 1.64165008 3.60985851 8.14999962 1.66609704 3.57233047 8.14999962 1.68864667 3.53363276 8.14999962 1.70924306 3.49386096 8.14999962 1.72783542 3.45311379 8.14999962 1.74437761 3.41149211 8.14999962 1.75882864 3.3690989 8.14999962 1.77115273 3.32603931 8.14999962 1.78131938 3.28241992 8.14999962 1.7893033 3.23834896 8.14999962 1.79508495 3.19393516 8.14999962 1.79864979 3.14928865 8.14999962 1.7999891 3.10452032 8.14999962 1.79909956 3.05974078 8.14999962 1.79598343 3.01506066 8.14999962 1.79064822 2.97059107 8.14999962 1.78310728 2.92644215 8.14999962 1.77337933 2.88272285 8.14999962 1.76148844 2.83954167 8.14999962 1.74746394 2.79700541 8.14999962 1.73134065 2.7552197 8.14999962 1.71315861 2.71428776 8.14999962 1.69296265 2.67431116 8.14999962 1.67080295 2.63538885 8.14999962 1.64673424 2.59761691 8.14999962 1.62081623 2.56108928 8.14999962 1.59311306 2.52589631 8.14999962 1.5636934 2.49212527 8.14999962 1.53263009 2.45985961 1.52499998 5.57499981 26.35000038 1.52499998 5.57499981 17.5 8.14999962 3.5999999 10.10000038 0 3.5999999 10.10000038 7.3499999 17.125 42.09999847 7.3499999 14.92500019 42.09999847 7.3499999 13.92500019 42.09999847 7.3499999 14.92500019 41.40000153 7.3499999 13.92500019 41.40000153 7.3499999 11.52499962 42.09999847 0.94999999 14.92500019 42.09999847 0.94999999 17.125 42.09999847 0.94999999 13.92500019 41.40000153 0.94999999 14.92500019 41.40000153 0.94999999 13.92500019 42.09999847 0.94999999 11.52499962 42.09999847 5.5 12.125 42.09999847 2.79999995 12.125 42.09999847 6.0999999 11.52499962 42.09999847 2.20000005 11.52499962 42.09999847 4.05000019 19.625 30.70000076 3.99783158 19.623703 30.70000076 3.94579196 19.61981583 30.70000076 3.89400983 19.61334801 30.70000076 3.84261274 19.60431671 30.70000076 3.79172826 19.59274101 30.70000076 3.74148154 19.57865143 30.70000076 3.69199681 19.5620842 30.70000076 3.64339638 19.54307747 30.70000076 3.5958004 19.52168083 30.70000076 3.54932618 19.49794388 30.70000076 3.50408888 19.47192955 30.70000076 3.46019983 19.44369888 30.70000076 3.41776752 19.41332054 30.70000076 3.3768971 19.38087463 30.70000076 3.33768916 19.34643555 30.70000076 3.30024076 19.31009293 30.70000076 3.26464415 19.27193451 30.70000076 3.23098731 19.23205376 30.70000076 3.19935369 19.19054985 30.70000076 3.16982126 19.14752579 30.70000076 3.14246273 19.10308838 30.70000076 3.11734605 19.05734444 30.70000076 3.09453297 19.01041031 30.70000076 3.07407975 18.96240234 30.70000076 3.05603743 18.91343498 30.70000076 3.0404501 18.8636322 30.70000076 3.02735639 18.81311798 30.70000076 3.01678872 18.76201439 30.70000076 3.00877309 18.71044922 30.70000076 3.00332928 18.65855026 30.70000076 3.00047088 18.60644341 30.70000076 3.00006533 18.58670807 30.80729866 3.00007915 18.56210709 30.91357422 3.00085235 18.53269958 31.0185833 3.00278759 18.49853897 31.1221447 3.0063498 18.45969963 31.22403336 3.01137805 18.42084312 31.3140583 3.01774144 18.38279724 31.39355659 3.02619362 18.3419323 31.47144699 3.03709435 18.29837418 31.5475502 3.05082297 18.2522831 31.62165451 3.06592655 18.20880508 31.68645859 3.08201861 18.16816902 31.74316025 3.10069966 18.12630272 31.79813385 3.11990643 18.08773613 31.84601021 3.13927674 18.05242729 31.88772964 3.16072011 18.016716 31.92803383 3.18433332 17.98076057 31.96683311 3.21024537 17.94467354 32.00410461 3.23556566 17.91228104 32.03622437 3.26002979 17.88330269 32.06394577 3.28608823 17.8546257 32.09048462 3.31376791 17.8263607 32.11581421 3.34304261 17.79865646 32.13986969 3.37395239 17.771595 32.16266251 3.4063952 17.74537849 32.18410492 3.4404068 17.72007561 32.20421982 3.46049929 17.70609856 32.21509171 3.48102021 17.69252586 32.2254982 3.50177598 17.67948341 32.23534775 3.52298784 17.66683769 32.24477005 3.54462886 17.65462112 32.25374985 3.56668091 17.64285088 32.26228714 3.58914113 17.63154411 32.27038574 3.61201 17.62071228 32.27805328 3.63521576 17.61039925 32.28527069 3.65877676 17.60060692 32.29204941 3.68267322 17.59134865 32.29838943 3.70689082 17.5826416 32.3042984 3.73139119 17.57450676 32.30976486 3.75618339 17.56694794 32.31480408 3.78127718 17.55996895 32.31941605 3.80514479 17.55394936 32.32337189 3.83546352 17.54715157 32.32780075 3.85984087 17.54236221 32.33090591 3.88580322 17.53791809 32.33377075 3.91189671 17.53412247 32.33620453 3.93665719 17.53113556 32.33811569 3.96802258 17.52820587 32.33998108 4.00334454 17.52603722 32.341362 4.02666521 17.52525902 32.3418541 4.05000019 17.52499962 32.34201813 4.25 17.52499962 32.34201813 4.29107904 17.52580452 32.34150696 4.33204508 17.52821159 32.33998108 4.35690069 17.53045654 32.33855057 4.38166714 17.53328896 32.33673859 4.41206741 17.5375843 32.33398438 4.43660831 17.54171562 32.33132172 4.4610219 17.54642487 32.32827377 4.49207973 17.55328751 32.32380295 4.5159936 17.55924988 32.31988907 4.54177189 17.56635284 32.31519699 4.56722069 17.57406616 32.31006241 4.59026337 17.58166122 32.30495834 4.61812019 17.59164619 32.29818726 4.64903069 17.60377693 32.28985977 4.67931509 17.61677933 32.28081512 4.70901394 17.63064575 32.27102661 4.73806238 17.64532661 32.26050186 4.76641703 17.66077232 32.24924088 4.79406929 17.67695427 32.23724365 4.82097054 17.69381142 32.22451782 4.84707689 17.71128845 32.21107483 4.87239838 17.72935295 32.19690704 4.89691734 17.74795914 32.18201828 4.92058229 17.76702881 32.16644287 4.94344902 17.78656578 32.15013885 4.96545601 17.80648041 32.13315201 4.98660612 17.82672882 32.11548996 5.00690985 17.84727287 32.09715271 5.02634716 17.86804581 32.07817459 5.04492569 17.88900185 32.05856705 5.06267881 17.91012955 32.03831482 5.07956934 17.93132782 32.01748657 5.09563398 17.95258331 31.99607277 5.11088085 17.97384834 31.97409821 5.12534094 17.99510574 31.95155716 5.14340878 18.02334785 31.92068481 5.16214609 18.05491447 31.88485336 5.17925882 18.08614731 31.84793091 5.19482183 18.11694908 31.80998039 5.20891762 18.14724159 31.77105141 5.22162104 18.17693901 31.73121262 5.23302126 18.20598793 31.69050407 5.24319172 18.23430824 31.64900208 5.25222588 18.26188278 31.60671043 5.26020002 18.28865051 31.56369209 5.26719284 18.31458092 31.5199852 5.2751193 18.34777641 31.46072578 5.28232956 18.3831768 31.39279747 5.2879591 18.41644096 31.32365227 5.29222965 18.44749641 31.25341797 5.29535151 18.47630882 31.18215179 5.29751682 18.50283051 31.10996437 5.29890347 18.52702332 31.03694153 5.29967451 18.54886055 30.96317101 5.29997873 18.56831741 30.888731 5.29994869 18.58536911 30.81370354 5.29977798 18.59659576 30.75697136 5.29952908 18.60644341 30.70000076 5.29667091 18.65855026 30.70000076 5.29122686 18.71044922 30.70000076 5.28321123 18.76201439 30.70000076 5.27264357 18.81311798 30.70000076 5.25955009 18.8636322 30.70000076 5.24396276 18.91343498 30.70000076 5.2259202 18.96240234 30.70000076 5.20546722 19.01041031 30.70000076 5.1826539 19.05734444 30.70000076 5.15753746 19.10308838 30.70000076 5.13017893 19.14752579 30.70000076 5.10064602 19.19054985 30.70000076 5.06901264 19.23205376 30.70000076 5.03535604 19.27193451 30.70000076 4.9997592 19.31009293 30.70000076 4.96231079 19.34643555 30.70000076 4.92310286 19.38087463 30.70000076 4.88223219 19.41332054 30.70000076 4.83980036 19.44369888 30.70000076 4.79591131 19.47192955 30.70000076 4.75067377 19.49794388 30.70000076 4.70419979 19.52168083 30.70000076 4.65660334 19.54307747 30.70000076 4.60800314 19.5620842 30.70000076 4.55851841 19.57865143 30.70000076 4.50827169 19.59274101 30.70000076 4.45738697 19.60431671 30.70000076 4.40599012 19.61334801 30.70000076 4.35420799 19.61981583 30.70000076 4.30216837 19.623703 30.70000076 4.25 19.625 30.70000076 0.57499999 25.875 18.30000114 7.57499981 25.875 18.30000114 0.57499999 24.17499924 18.29999924 7.57499981 24.17499924 18.30000114 6.92500019 5.57499981 26.35000038 6.92500019 5.57499981 17.5 7.3499999 59.20000076 42.09999847 7.3499999 60.20000076 42.09999847 7.3499999 60.20000076 41.40000153 7.3499999 59.20000076 41.40000153 0.94999999 59.20000076 42.09999847 0.94999999 60.20000076 41.40000153 0.94999999 59.20000076 41.40000153 0.94999999 60.20000076 42.09999847 0.94999999 62.59999847 42.09999847 5.5 62 42.09999847 2.79999995 62 42.09999847 2.20000005 62.59999847 42.09999847 7.69999981 52.35000229 33.09999847 8.14999962 52.35000229 33.09999847 7.69999981 51.39906693 32.10120392 7.69999981 52.81913757 30.13278389 7.69999981 51.35000229 32.09999847 7.69999981 51.44801712 32.10481644 7.69999981 51.4967308 32.11082458 7.69999981 51.54508972 32.1192131 7.69999981 51.59297943 32.12997055 7.69999981 51.64028549 32.14305878 7.69999981 51.68688965 32.1584549 7.69999981 51.73268509 32.17612076 7.69999981 51.77755737 32.19601059 7.69999981 51.82139587 32.21807861 7.69999981 51.86410141 32.24227142 7.69999981 51.90557098 32.2685318 7.69999981 51.9457016 32.29679108 7.69999981 51.98439407 32.32698822 7.69999981 52.02156067 32.35905075 7.69999981 52.05710602 32.39289474 7.69999981 52.09095001 32.42844009 7.69999981 52.12301254 32.46560669 7.69999981 52.15320969 32.50429916 7.69999981 52.18146896 32.54442978 7.69999981 52.20772934 32.58589554 7.69999981 52.23192215 32.62860489 7.69999981 52.25399017 32.67244339 7.69999981 52.27388 32.71731567 7.69999981 52.29154587 32.76311111 7.69999981 52.30694199 32.80971527 7.69999981 52.32003021 32.85702133 7.69999981 52.33078384 32.90491104 7.69999981 52.33917618 32.95326996 7.69999981 52.34518433 33.00198364 7.69999981 52.34879684 33.05093384 7.69999981 49.95000076 32.09999847 7.69999981 48.95000076 33.09999847 7.69999981 48.48086548 30.13278389 7.69999981 49.90093231 32.10120392 7.69999981 49.85198212 32.10481644 7.69999981 49.80326843 32.11082458 7.69999981 49.75490952 32.1192131 7.69999981 49.70701981 32.12997055 7.69999981 49.65971756 32.14305878 7.69999981 49.61310959 32.1584549 7.69999981 49.56731796 32.17612076 7.69999981 49.52244568 32.19601059 7.69999981 49.47860336 32.21807861 7.69999981 49.43589783 32.24227142 7.69999981 49.39443207 32.2685318 7.69999981 49.35430145 32.29679108 7.69999981 49.31560898 32.32698822 7.69999981 49.27844238 32.35905075 7.69999981 49.24289322 32.39289474 7.69999981 49.20904922 32.42844009 7.69999981 49.17699051 32.46560669 7.69999981 49.14679337 32.50429916 7.69999981 49.11853027 32.54442978 7.69999981 49.09227371 32.58589554 7.69999981 49.0680809 32.62860489 7.69999981 49.04601288 32.67244339 7.69999981 49.02611923 32.71731567 7.69999981 49.00845718 32.76311111 7.69999981 48.99306107 32.80971527 7.69999981 48.97996902 32.85702133 7.69999981 48.96921539 32.90491104 7.69999981 48.96082306 32.95326996 7.69999981 48.95481491 33.00198364 7.69999981 48.95120621 33.05093384 1.52499998 52.70000076 29.5 1.52499998 52.70000076 27.86111259 2.25848866 52.70000076 28.88452911 6.92500019 52.70000076 27.86111259 6.21238804 52.70000076 28.88452911 6.92500019 52.70000076 29.48248291 1.94886196 53.15000153 29.1443367 6.52201462 53.15000153 29.1443367 7.18172359 47.80846786 29.69789886 6.92500019 47.7085762 29.48248291 7.06505203 47.69291687 29.60000038 7.02830839 47.65852737 29.56916809 7.60637188 52.96596909 30.05422211 7.08528185 53.5877533 29.61697388 6.90252781 53.60118484 29.46362686 7.18216753 53.49107361 29.6982708 6.98590755 53.6800499 29.53359032 7.29453993 47.93035889 29.79256248 7.1301403 48.26067734 29.6546154 7.40317392 48.05860519 29.88371849 7.5072279 48.19315338 29.97102928 7.60628223 48.33390045 30.05414581 7.1301403 49.46498489 29.6546154 7.1301403 50.66928864 29.6546154 7.1301403 51.87359238 29.6546154 7.50735664 53.10667419 29.971138 7.1301403 53.07789612 29.6546154 7.40337992 53.24113846 29.88389015 7.29488373 53.36925507 29.7928524 6.59246111 53.24801636 29.20344925 6.83231926 53.07789612 29.40471458 6.66599894 53.34209442 29.26515388 6.74235678 53.43228149 29.32922554 6.82129002 53.51863861 29.39545822 6.56967592 53.07789612 29.18432999 6.92500019 52.15000153 26.35000038 6.92500019 47.95000076 29.06431961 6.92500019 52.15000153 17.5 6.92500019 47.95000076 17.5 0.64999998 49.65000153 30.23421288 0.6519081 49.54301834 30.2326107 0.65763003 49.43617249 30.22780991 0.66715848 49.32960129 30.2198143 0.68048131 49.22343445 30.20863533 0.69758159 49.1178093 30.19428635 0.71843755 49.01286316 30.17678642 0.74302274 48.90872955 30.15615654 0.7713058 48.80553818 30.13242531 0.80325079 48.70341873 30.10561943 0.838817 48.60250473 30.07577515 0.87795931 48.50292206 30.04293251 0.92062783 48.40480042 30.00712776 0.96676832 48.30825806 29.9684124 1.01632214 48.2134285 29.9268322 1.06922615 48.12042236 29.88244057 1.12541306 48.02936554 29.83529282 1.18481147 47.94036865 29.78545189 1.24734581 47.85354614 29.73297882 1.31293654 47.76900864 29.67794228 1.36428058 47.7069397 29.63485909 1.41727269 47.64627075 29.59039307 1.52124178 47.53614426 29.78114128 1.63063622 47.43140411 29.96255493 1.74517739 47.33231735 30.13417816 1.86457312 47.23913956 30.29556847 1.9759289 47.16052628 30.43173218 2.07911062 47.09416199 30.54667473 2.18491936 47.03207397 30.65421486 2.29317808 46.97436142 30.75417328 2.39255643 46.92624664 30.83751488 2.48345685 46.88609314 30.90706062 2.57563734 46.84897614 30.97135353 2.66899657 46.81492996 31.03032303 2.7539432 46.78694534 31.07879066 2.83107829 46.76393509 31.11864471 2.90880299 46.74300385 31.1548996 2.98706126 46.72416687 31.18752861 3.06579661 46.70743179 31.21651077 3.14495277 46.69281769 31.2418232 3.21650577 46.68148422 31.26145363 3.28112054 46.67276382 31.27655602 3.34590983 46.66545105 31.28922272 3.41084266 46.65954971 31.29944992 3.47588849 46.655056 31.30722809 3.54101658 46.65198135 31.31255722 3.59549928 46.65049744 31.31512833 3.6500001 46.65000153 31.31598663 6.94591522 47.58461761 29.69717789 6.86140442 47.51314163 29.82097816 6.75847101 47.43156433 29.96228027 6.65277958 47.3535881 30.09733391 6.54445696 47.27931595 30.22598267 6.4336319 47.20882797 30.34807014 6.32043743 47.14221191 30.46345139 6.21793985 47.08631516 30.56027031 6.13996601 47.04647064 30.62928009 6.06109524 47.0084343 30.69515991 5.98136854 46.97222519 30.75787354 5.90082884 46.93786621 30.81739044 5.81951904 46.9053688 30.8736763 5.73748159 46.87475204 30.9267025 5.65476084 46.84603882 30.97644043 5.57140064 46.81923294 31.0228653 5.4874444 46.79436111 31.06594849 5.40293741 46.77142715 31.10567093 5.31792498 46.75044632 31.14200974 5.23245096 46.73143005 31.17494774 5.1465621 46.71438599 31.20446396 5.06030321 46.69932938 31.23054504 4.97372007 46.68626404 31.25317764 4.88685894 46.67519379 31.2723484 4.79976559 46.66613007 31.28804588 4.71248674 46.65907669 31.30026627 4.62506866 46.65403366 31.30899811 4.5375576 46.65100861 31.3142395 4.44999981 46.65000153 31.31598663 1.52499998 47.69845963 29.5 1.52499998 47.95000076 29.06431961 1.52499998 47.95000076 17.5 0.64999998 51.65000153 30.23421288 3.6500001 54.65000153 31.76449394 3.50994825 54.64672852 31.60236168 3.6500001 54.65000153 31.74241447 3.37020206 54.63692474 31.46261597 3.21610284 54.61845779 31.30851555 3.06316471 54.59204483 31.15557861 2.91179752 54.55775833 31.00421143 2.76240587 54.51568985 30.85482025 2.61538982 54.46595001 30.70780373 2.47114277 54.40867615 30.56355667 2.33005071 54.34401703 30.42246437 2.19249153 54.27215195 30.28490448 2.05883336 54.19326401 30.15124702 1.92943358 54.10757065 30.02184677 1.80463874 54.01530075 29.89705276 1.68478286 53.91669846 29.77719688 1.57018673 53.81203079 29.66259956 1.46115696 53.70157623 29.55356979 1.36663616 53.59582901 29.63288307 1.27721906 53.48573303 29.70791245 1.1931057 53.37153244 29.77849197 1.12209392 53.26545334 29.83807755 1.06209302 53.16747665 29.88842583 1.00588763 53.067276 29.93558693 0.95356017 52.96499634 29.97949409 0.90518725 52.86078644 30.02008438 0.8608399 52.7548027 30.05729675 0.82058316 52.64719772 30.0910759 0.78447604 52.5381279 30.12137413 0.75257158 52.42775726 30.14814377 0.72491646 52.31624985 30.17135048 0.70155126 52.20376205 30.19095612 0.68251032 52.09046173 30.20693207 0.66782147 51.97651291 30.21925735 0.65750635 51.86209106 30.2279129 0.65187716 51.75611115 30.23263741 1.55272281 53.61639786 29.47673798 1.64034081 53.52833939 29.40321732 1.72388268 53.43753815 29.33311844 1.80322659 53.34412384 29.26654053 1.8782562 53.24822998 29.20358276 1.52499998 52.15000153 17.5 1.52499998 52.15000153 26.35000038 6.85491562 53.79217148 29.64215279 6.72095776 53.89676285 29.75443268 6.58435249 53.99396896 29.87003326 6.44528341 54.08401489 29.98868179 6.34287119 54.14500427 30.07659149 6.23609591 54.20408249 30.16867065 6.09234381 54.27676392 30.29323578 5.92878246 54.35045624 30.43568802 5.76336956 54.41581726 30.58041191 5.59655857 54.47290039 30.72691536 5.42857075 54.52183914 30.8749218 5.25956869 54.56276321 31.02420807 5.08972883 54.59576416 31.17454529 4.91922522 54.62091827 31.32570839 4.74823141 54.63827896 31.47748184 4.59910965 54.64707184 31.60993385 4.44999981 54.65000153 31.74241447 4.44999981 54.65000153 31.76449394 8.14999962 48.95000076 33.09999847 8.14999962 48.95120621 33.05093384 8.14999962 48.95481491 33.00198364 8.14999962 48.96082306 32.95326996 8.14999962 48.96921539 32.90491104 8.14999962 48.97996902 32.85702133 8.14999962 48.99306107 32.80971527 8.14999962 49.00845718 32.76311111 8.14999962 49.02611923 32.71731567 8.14999962 49.04601288 32.67244339 8.14999962 49.0680809 32.62860489 8.14999962 49.09227371 32.58589554 8.14999962 49.11853027 32.54442978 8.14999962 49.14679337 32.50429916 8.14999962 49.17699051 32.46560669 8.14999962 49.20904922 32.42844009 8.14999962 49.24289322 32.39289474 8.14999962 49.27844238 32.35905075 8.14999962 49.31560898 32.32698822 8.14999962 49.35430145 32.29679108 8.14999962 49.39443207 32.2685318 8.14999962 49.43589783 32.24227142 8.14999962 49.47860336 32.21807861 8.14999962 49.52244568 32.19601059 8.14999962 49.56731796 32.17612076 8.14999962 49.61310959 32.1584549 8.14999962 49.65971756 32.14305878 8.14999962 49.70701981 32.12997055 8.14999962 49.75490952 32.1192131 8.14999962 49.80326843 32.11082458 8.14999962 49.85198212 32.10481644 8.14999962 49.90093231 32.10120392 8.14999962 49.95000076 32.09999847 8.14999962 51.35000229 32.09999847 8.14999962 52.34879684 33.05093384 8.14999962 52.34518433 33.00198364 8.14999962 52.33917618 32.95326996 8.14999962 52.33078384 32.90491104 8.14999962 52.32003021 32.85702133 8.14999962 52.30694199 32.80971527 8.14999962 52.29154587 32.76311111 8.14999962 52.27388 32.71731567 8.14999962 52.25399017 32.67244339 8.14999962 52.23192215 32.62860489 8.14999962 52.20772934 32.58589554 8.14999962 52.18146896 32.54442978 8.14999962 52.15320969 32.50429916 8.14999962 52.12301254 32.46560669 8.14999962 52.09095001 32.42844009 8.14999962 52.05710602 32.39289474 8.14999962 52.02156067 32.35905075 8.14999962 51.98439407 32.32698822 8.14999962 51.9457016 32.29679108 8.14999962 51.90557098 32.2685318 8.14999962 51.86410141 32.24227142 8.14999962 51.82139587 32.21807861 8.14999962 51.77755737 32.19601059 8.14999962 51.73268509 32.17612076 8.14999962 51.68688965 32.1584549 8.14999962 51.64028549 32.14305878 8.14999962 51.59297943 32.12997055 8.14999962 51.54508972 32.1192131 8.14999962 51.4967308 32.11082458 8.14999962 51.44801712 32.10481644 8.14999962 51.39906693 32.10120392 7.69999981 68.75 33.09999847 8.14999962 68.75 33.09999847 7.69999981 67.79906464 32.10120392 7.69999981 69.2191391 30.13278389 7.69999981 67.75 32.09999847 7.69999981 67.84801483 32.10481644 7.69999981 67.89672852 32.11082458 7.69999981 67.94509125 32.1192131 7.69999981 67.99298096 32.12997055 7.69999981 68.0402832 32.14305878 7.69999981 68.08689117 32.1584549 7.69999981 68.1326828 32.17612076 7.69999981 68.1775589 32.19601059 7.69999981 68.2213974 32.21807861 7.69999981 68.26410675 32.24227142 7.69999981 68.30557251 32.2685318 7.69999981 68.34570312 32.29679108 7.69999981 68.38439178 32.32698822 7.69999981 68.42156219 32.35905075 7.69999981 68.45710754 32.39289474 7.69999981 68.49095154 32.42844009 7.69999981 68.52301025 32.46560669 7.69999981 68.5532074 32.50429916 7.69999981 68.58146667 32.54442978 7.69999981 68.60772705 32.58589554 7.69999981 68.63191986 32.62860489 7.69999981 68.6539917 32.67244339 7.69999981 68.67388153 32.71731567 7.69999981 68.69154358 32.76311111 7.69999981 68.7069397 32.80971527 7.69999981 68.72003174 32.85702133 7.69999981 68.73078918 32.90491104 7.69999981 68.73917389 32.95326996 7.69999981 68.74518585 33.00198364 7.69999981 68.74879456 33.05093384 7.69999981 66.34999847 32.09999847 7.69999981 65.34999847 33.09999847 7.69999981 64.880867 30.13278389 7.69999981 66.30093384 32.10120392 7.69999981 66.25198364 32.10481644 7.69999981 66.20326996 32.11082458 7.69999981 66.15490723 32.1192131 7.69999981 66.10701752 32.12997055 7.69999981 66.05971527 32.14305878 7.69999981 66.0131073 32.1584549 7.69999981 65.96731567 32.17612076 7.69999981 65.9224472 32.19601059 7.69999981 65.87860107 32.21807861 7.69999981 65.83589935 32.24227142 7.69999981 65.79443359 32.2685318 7.69999981 65.75430298 32.29679108 7.69999981 65.71560669 32.32698822 7.69999981 65.67844391 32.35905075 7.69999981 65.64289093 32.39289474 7.69999981 65.60904694 32.42844009 7.69999981 65.57698822 32.46560669 7.69999981 65.54679108 32.50429916 7.69999981 65.5185318 32.54442978 7.69999981 65.49227142 32.58589554 7.69999981 65.46807861 32.62860489 7.69999981 65.4460144 32.67244339 7.69999981 65.42611694 32.71731567 7.69999981 65.4084549 32.76311111 7.69999981 65.39305878 32.80971527 7.69999981 65.37996674 32.85702133 7.69999981 65.36921692 32.90491104 7.69999981 65.36082458 32.95326996 7.69999981 65.35481262 33.00198364 7.69999981 65.35120392 33.05093384 1.52499998 69.09999847 29.5 1.52499998 69.09999847 27.86111259 2.25848866 69.09999847 28.88452911 6.92500019 69.09999847 27.86111259 6.21238804 69.09999847 28.88452911 6.92500019 69.09999847 29.48248291 1.94886196 69.55000305 29.1443367 6.52201462 69.55000305 29.1443367 7.18172359 64.20846558 29.69789886 6.92500019 64.10857391 29.48248291 7.06505203 64.0929184 29.60000038 7.02830839 64.05852509 29.56916809 7.60637188 69.3659668 30.05422211 7.08528185 69.98775482 29.61697388 6.90252781 70.00118256 29.46362686 7.18216753 69.89107513 29.6982708 6.98590755 70.08004761 29.53359032 7.29453993 64.33036041 29.79256248 7.1301403 64.66067505 29.6546154 7.40317392 64.45861053 29.88371849 7.5072279 64.59315491 29.97102928 7.60628223 64.73390198 30.05414581 7.1301403 65.8649826 29.6546154 7.1301403 67.06929016 29.6546154 7.1301403 68.27359009 29.6546154 7.50735664 69.50667572 29.971138 7.1301403 69.47789764 29.6546154 7.40337992 69.64113617 29.88389015 7.29488373 69.76925659 29.7928524 6.59246111 69.64801788 29.20344925 6.83231926 69.47789764 29.40471458 6.66599894 69.74209595 29.26515388 6.74235678 69.83228302 29.32922554 6.82129002 69.91864014 29.39545822 6.56967592 69.47789764 29.18432999 6.92500019 68.55000305 26.35000038 6.92500019 64.34999847 29.06431961 6.92500019 68.55000305 17.5 6.92500019 64.34999847 17.5 0.64999998 66.05000305 30.23421288 0.6519081 65.94301605 30.2326107 0.65763003 65.83617401 30.22780991 0.66715848 65.729599 30.2198143 0.68048131 65.62343597 30.20863533 0.69758159 65.51781464 30.19428635 0.71843755 65.41286469 30.17678642 0.74302274 65.30873108 30.15615654 0.7713058 65.20553589 30.13242531 0.80325079 65.10341644 30.10561943 0.838817 65.00250244 30.07577515 0.87795931 64.90292358 30.04293251 0.92062783 64.80480194 30.00712776 0.96676832 64.70825958 29.9684124 1.01632214 64.61342621 29.9268322 1.06922615 64.52042389 29.88244057 1.12541306 64.42936707 29.83529282 1.18481147 64.34037018 29.78545189 1.24734581 64.25354767 29.73297882 1.31293654 64.16900635 29.67794228 1.36428058 64.10694122 29.63485909 1.41727269 64.04627228 29.59039307 1.52124178 63.93614578 29.78114128 1.63063622 63.83140564 29.96255493 1.74517739 63.73231888 30.13417816 1.86457312 63.63914108 30.29556847 1.9759289 63.56052399 30.43173218 2.07911062 63.49416351 30.54667473 2.18491936 63.4320755 30.65421486 2.29317808 63.37436295 30.75417328 2.39255643 63.32624817 30.83751488 2.48345685 63.28609467 30.90706062 2.57563734 63.24897385 30.97135353 2.66899657 63.21492767 31.03032303 2.7539432 63.18694687 31.07879066 2.83107829 63.16393661 31.11864471 2.90880299 63.14300537 31.1548996 2.98706126 63.12416458 31.18752861 3.06579661 63.10743332 31.21651077 3.14495277 63.09281921 31.2418232 3.21650577 63.08148575 31.26145363 3.28112054 63.07276535 31.27655602 3.34590983 63.06545258 31.28922272 3.41084266 63.05954742 31.29944992 3.47588849 63.05505753 31.30722809 3.54101658 63.05197906 31.31255722 3.59549928 63.05049515 31.31512833 3.6500001 63.04999924 31.31598663 6.94591522 63.98461914 29.69717789 6.86140442 63.91314316 29.82097816 6.75847101 63.83156204 29.96228027 6.65277958 63.75358963 30.09733391 6.54445696 63.67931366 30.22598267 6.4336319 63.60882568 30.34807014 6.32043743 63.54221344 30.46345139 6.21793985 63.48631287 30.56027031 6.13996601 63.44647217 30.62928009 6.06109524 63.40843582 30.69515991 5.98136854 63.37222672 30.75787354 5.90082884 63.33786392 30.81739044 5.81951904 63.30536652 30.8736763 5.73748159 63.27475357 30.9267025 5.65476084 63.24603653 30.97644043 5.57140064 63.21923447 31.0228653 5.4874444 63.19435883 31.06594849 5.40293741 63.17142487 31.10567093 5.31792498 63.15044403 31.14200974 5.23245096 63.13142776 31.17494774 5.1465621 63.11438751 31.20446396 5.06030321 63.0993309 31.23054504 4.97372007 63.08626175 31.25317764 4.88685894 63.07519531 31.2723484 4.79976559 63.06613159 31.28804588 4.71248674 63.05907822 31.30026627 4.62506866 63.05403519 31.30899811 4.5375576 63.05101013 31.3142395 4.44999981 63.04999924 31.31598663 1.52499998 64.09845734 29.5 1.52499998 64.34999847 29.06431961 1.52499998 64.34999847 17.5 0.64999998 68.05000305 30.23421288 3.6500001 71.05000305 31.76449394 3.50994825 71.04673004 31.60236168 3.6500001 71.05000305 31.74241447 3.37020206 71.03692627 31.46261597 3.21610284 71.01845551 31.30851555 3.06316471 70.99204254 31.15557861 2.91179752 70.95775604 31.00421143 2.76240587 70.91568756 30.85482025 2.61538982 70.86595154 30.70780373 2.47114277 70.80867767 30.56355667 2.33005071 70.74401855 30.42246437 2.19249153 70.67214966 30.28490448 2.05883336 70.59326172 30.15124702 1.92943358 70.50756836 30.02184677 1.80463874 70.41529846 29.89705276 1.68478286 70.31669617 29.77719688 1.57018673 70.2120285 29.66259956 1.46115696 70.10157776 29.55356979 1.36663616 69.99582672 29.63288307 1.27721906 69.88573456 29.70791245 1.1931057 69.77153015 29.77849197 1.12209392 69.66545105 29.83807755 1.06209302 69.56747437 29.88842583 1.00588763 69.46727753 29.93558693 0.95356017 69.36499786 29.97949409 0.90518725 69.26078796 30.02008438 0.8608399 69.15480042 30.05729675 0.82058316 69.04719543 30.0910759 0.78447604 68.93812561 30.12137413 0.75257158 68.82775879 30.14814377 0.72491646 68.71624756 30.17135048 0.70155126 68.60375977 30.19095612 0.68251032 68.49046326 30.20693207 0.66782147 68.37651062 30.21925735 0.65750635 68.26209259 30.2279129 0.65187716 68.15611267 30.23263741 1.55272281 70.01639557 29.47673798 1.64034081 69.9283371 29.40321732 1.72388268 69.83753967 29.33311844 1.80322659 69.74412537 29.26654053 1.8782562 69.64823151 29.20358276 1.52499998 68.55000305 17.5 1.52499998 68.55000305 26.35000038 6.85491562 70.19217682 29.64215279 6.72095776 70.29676056 29.75443268 6.58435249 70.39396667 29.87003326 6.44528341 70.48401642 29.98868179 6.34287119 70.5450058 30.07659149 6.23609591 70.6040802 30.16867065 6.09234381 70.67676544 30.29323578 5.92878246 70.75045776 30.43568802 5.76336908 70.81581879 30.58041191 5.59655857 70.87290192 30.72691536 5.42857075 70.92183685 30.8749218 5.25956869 70.96276093 31.02420807 5.08972883 70.99576569 31.17454529 4.91922522 71.0209198 31.32570839 4.74823141 71.03827667 31.47748184 4.59910965 71.04707336 31.60993385 4.44999981 71.05000305 31.74241447 4.44999981 71.05000305 31.76449394 8.14999962 65.34999847 33.09999847 8.14999962 65.35120392 33.05093384 8.14999962 65.35481262 33.00198364 8.14999962 65.36082458 32.95326996 8.14999962 65.36921692 32.90491104 8.14999962 65.37996674 32.85702133 8.14999962 65.39305878 32.80971527 8.14999962 65.4084549 32.76311111 8.14999962 65.42611694 32.71731567 8.14999962 65.4460144 32.67244339 8.14999962 65.46807861 32.62860489 8.14999962 65.49227142 32.58589554 8.14999962 65.5185318 32.54442978 8.14999962 65.54679108 32.50429916 8.14999962 65.57698822 32.46560669 8.14999962 65.60904694 32.42844009 8.14999962 65.64289093 32.39289474 8.14999962 65.67844391 32.35905075 8.14999962 65.71560669 32.32698822 8.14999962 65.75430298 32.29679108 8.14999962 65.79443359 32.2685318 8.14999962 65.83589935 32.24227142 8.14999962 65.87860107 32.21807861 8.14999962 65.9224472 32.19601059 8.14999962 65.96731567 32.17612076 8.14999962 66.0131073 32.1584549 8.14999962 66.05971527 32.14305878 8.14999962 66.10701752 32.12997055 8.14999962 66.15490723 32.1192131 8.14999962 66.20326996 32.11082458 8.14999962 66.25198364 32.10481644 8.14999962 66.30093384 32.10120392 8.14999962 66.34999847 32.09999847 8.14999962 67.75 32.09999847 8.14999962 68.74879456 33.05093384 8.14999962 68.74518585 33.00198364 8.14999962 68.73917389 32.95326996 8.14999962 68.73078918 32.90491104 8.14999962 68.72003174 32.85702133 8.14999962 68.7069397 32.80971527 8.14999962 68.69154358 32.76311111 8.14999962 68.67388153 32.71731567 8.14999962 68.6539917 32.67244339 8.14999962 68.63191986 32.62860489 8.14999962 68.60772705 32.58589554 8.14999962 68.58146667 32.54442978 8.14999962 68.5532074 32.50429916 8.14999962 68.52301025 32.46560669 8.14999962 68.49095154 32.42844009 8.14999962 68.45710754 32.39289474 8.14999962 68.42156219 32.35905075 8.14999962 68.38439178 32.32698822 8.14999962 68.34570312 32.29679108 8.14999962 68.30557251 32.2685318 8.14999962 68.26410675 32.24227142 8.14999962 68.2213974 32.21807861 8.14999962 68.1775589 32.19601059 8.14999962 68.1326828 32.17612076 8.14999962 68.08689117 32.1584549 8.14999962 68.0402832 32.14305878 8.14999962 67.99298096 32.12997055 8.14999962 67.94509125 32.1192131 8.14999962 67.89672852 32.11082458 8.14999962 67.84801483 32.10481644 8.14999962 67.79906464 32.10120392 8.14999962 74.125 9.19999981 8.14999962 49.38482666 -1E-08 8.14999962 47.3334198 0.36940709 8.14999962 47.58394241 -1E-08 8.14999962 47.1005249 0.75017375 8.14999962 46.88577271 1.14145935 8.14999962 46.68963242 1.54240024 8.14999962 47.22499847 4.9000001 8.14999962 46.51254654 1.95211136 8.14999962 46.35489655 2.36968827 8.14999962 46.21703339 2.794209 8.14999962 46.09926605 3.22473669 8.14999962 46.00185013 3.66032076 8.14999962 45.92499924 4.0999999 8.14999962 45.92499924 4.55166626 8.14999962 47.22499847 6 8.14999962 39.45931244 6.05180979 8.14999962 39.44414139 6.03935862 8.14999962 39.45187759 6.04539776 8.14999962 39.48564148 6.08086014 8.14999962 39.49129486 6.08888578 8.14999962 39.47960281 6.07312155 8.14999962 39.51330948 6.13262224 8.14999962 39.51638794 6.14194298 8.14999962 39.50977707 6.12346315 8.14999962 39.52283478 6.17065382 8.14999962 39.52403641 6.18039656 8.14999962 39.52115631 6.16098213 8.14999962 39.51900482 6.1514039 8.14999962 39.52475739 6.1901865 8.14999962 39.52500153 6.19999981 8.14999962 39.35434723 6.00216484 8.14999962 39.32500076 6 8.14999962 39.34460449 6.00096321 8.14999962 39.33481216 6.0002408 8.14999962 39.50579834 6.11448908 8.14999962 39.50138474 6.10572052 8.14999962 39.49654388 6.09717941 8.14999962 39.47319031 6.06568813 8.14999962 39.46642303 6.05857849 8.14999962 39.43611526 6.03370619 8.14999962 39.42782211 6.0284543 8.14999962 39.41928101 6.02361584 8.14999962 39.41051102 6.01920223 8.14999962 39.40153503 6.01522398 8.14999962 39.39237976 6.01169109 8.14999962 39.38305664 6.00861216 8.14999962 39.37359619 6.00599384 8.14999962 39.36401749 6.00384283 8.14999962 44.93898773 6.19999981 8.14999962 13.42500019 4.69999981 8.14999962 12.52499962 4.62126017 8.14999962 13.42500019 4.14353418 8.14999962 12.26203537 0.2797246 8.14999962 12.06690788 -1E-08 8.14999962 12.44330502 0.5686214 8.14999962 12.61028957 0.86600471 8.14999962 12.76258945 1.17116845 8.14999962 12.89984512 1.48338819 8.14999962 13.02173042 1.80192292 8.14999962 13.12795639 2.12601638 8.14999962 13.21826935 2.45489907 8.14999962 13.29245663 2.7877903 8.14999962 13.35034084 3.12390018 8.14999962 13.39178562 3.46243048 8.14999962 13.41669178 3.8025775 8.14999962 13.87533188 7.93430519 8.14999962 14.10423183 8.54978466 8.14999962 13.9828577 8.24462032 8.14999962 13.78187275 7.61946774 8.14999962 13.70266819 7.30074596 8.14999962 13.63787842 6.97878361 8.14999962 13.58763599 6.65423346 8.14999962 13.55204105 6.32775211 8.14999962 13.53116703 6 8.14999962 14.11338902 8.57297325 8.14999962 14.1213789 8.59658813 8.14999962 14.12818146 8.62057304 8.14999962 14.13378048 8.64486694 8.14999962 14.13816166 8.66940975 8.14999962 14.14131451 8.69414043 8.14999962 14.14322948 8.718997 8.14999962 14.14390373 8.74391842 8.14999962 14.14333534 8.7688427 8.14999962 14.14152431 8.79370785 8.14999962 14.13847733 8.81845188 8.14999962 14.1342001 8.84301281 8.14999962 14.12870312 8.8673296 8.14999962 14.12200165 8.89134312 8.14999962 14.1141119 8.91499233 8.14999962 14.10505295 8.93821907 8.14999962 14.09484673 8.96096516 8.14999962 14.08351994 8.98317432 8.14999962 14.07110023 9.00479126 8.14999962 12.52499962 5.69999981 8.14999962 0 -1E-08 8.14999962 14.05761909 9.0257616 8.14999962 14.04310894 9.04603481 8.14999962 14.02760601 9.06555939 8.14999962 14.01114941 9.08428669 8.14999962 13.20530033 8.98503017 8.14999962 13.19388008 8.96286869 8.14999962 13.18357849 8.94016647 8.14999962 13.04682732 8.59655571 8.14999962 12.92551899 8.24719524 8.14999962 12.81989384 7.89277649 8.14999962 12.73016071 7.53400517 8.14999962 12.65649891 7.17159271 8.14999962 12.59905338 6.80625868 8.14999962 12.55794048 6.43872833 8.14999962 12.53323936 6.06973124 8.14999962 13.50950241 9.22657299 8.14999962 13.48566341 9.21927452 8.14999962 13.46221828 9.21079731 8.14999962 13.4392252 9.20116234 8.14999962 13.41674042 9.19039249 8.14999962 13.39482117 9.17851543 8.14999962 13.3735199 9.16556072 8.14999962 13.35289192 9.15156078 8.14999962 13.33298683 9.136549 8.14999962 13.31385517 9.12056446 8.14999962 13.29554367 9.10364628 8.14999962 13.27809906 9.08583546 8.14999962 13.2615633 9.06717777 8.14999962 13.2459774 9.04771996 8.14999962 13.23138237 9.02750778 8.14999962 13.21781158 9.00659466 8.14999962 13.99377918 9.10216999 8.14999962 13.97553921 9.11916637 8.14999962 13.95647526 9.13523197 8.14999962 13.93663406 9.15032673 8.14999962 13.91606522 9.16441441 8.14999962 13.89482021 9.17745876 8.14999962 13.87295055 9.18942833 8.14999962 13.85051155 9.20029259 8.14999962 13.82755852 9.21002579 8.14999962 13.80414963 9.21860123 8.14999962 13.7803421 9.22600079 8.14999962 13.75619602 9.23220348 8.14999962 13.73176956 9.23719501 8.14999962 13.70712566 9.24096298 8.14999962 13.53367519 9.23267365 8.14999962 13.58278179 9.24122524 8.14999962 13.55812168 9.23756218 8.14999962 13.63249588 9.24484539 8.14999962 13.60759354 9.2436552 8.14999962 13.68232346 9.24349785 8.14999962 13.65742683 9.24479294 -0 74.125 9.19999981 -0 47.3334198 0.36940709 -0 49.38482666 -1E-08 -0 47.58394241 -1E-08 -0 47.1005249 0.75017375 -0 46.88577271 1.14145935 -0 46.68963242 1.54240024 -0 47.22499847 4.9000001 -0 46.51254654 1.95211136 -0 46.35489655 2.36968827 -0 46.21703339 2.794209 -0 46.09926605 3.22473669 -0 46.00185013 3.66032076 -0 45.92499924 4.0999999 -0 45.92499924 4.55166626 -0 47.22499847 6 -0 39.45931244 6.05180979 -0 39.47319031 6.06568813 -0 39.46642303 6.05857849 -0 39.49654388 6.09717941 -0 39.49129486 6.08888578 -0 39.48564148 6.08086014 -0 39.52475739 6.1901865 -0 39.52403641 6.18039656 -0 39.52283478 6.17065382 -0 39.52115631 6.16098213 -0 39.51900482 6.1514039 -0 39.32500076 6 -0 39.52500153 6.19999981 -0 39.51638794 6.14194298 -0 39.51330948 6.13262224 -0 39.50977707 6.12346315 -0 39.50579834 6.11448908 -0 39.50138474 6.10572052 -0 39.47960281 6.07312155 -0 39.45187759 6.04539776 -0 39.44414139 6.03935862 -0 39.43611526 6.03370619 -0 39.42782211 6.0284543 -0 39.41928101 6.02361584 -0 39.41051102 6.01920223 -0 39.40153503 6.01522398 -0 39.39237976 6.01169109 -0 39.38305664 6.00861216 -0 39.37359619 6.00599384 -0 39.36401749 6.00384283 -0 39.35434723 6.00216484 -0 39.34460449 6.00096321 -0 39.33481216 6.0002408 0 12.52499962 4.62126017 0 13.42500019 4.69999981 0 13.42500019 4.14353418 0 12.26203537 0.2797246 0 12.06690788 -1E-08 0 12.44330502 0.5686214 0 12.61028957 0.86600471 0 12.76258945 1.17116845 0 12.89984512 1.48338819 0 13.02173042 1.80192292 0 13.12795639 2.12601638 0 13.21826935 2.45489907 0 13.29245663 2.7877903 0 13.35034084 3.12390018 0 13.39178562 3.46243048 0 13.41669178 3.8025775 0 14.10423183 8.54978466 0 13.87533188 7.93430519 0 13.9828577 8.24462032 0 13.78187275 7.61946774 0 13.70266819 7.30074596 0 13.63787842 6.97878361 0 13.58763599 6.65423346 0 13.55204105 6.32775211 0 13.53116703 6 0 14.11338902 8.57297325 0 14.1213789 8.59658813 0 14.12818146 8.62057304 0 14.13378048 8.64486694 0 14.13816166 8.66940975 0 14.14131451 8.69414043 0 14.14322948 8.718997 0 14.14390373 8.74391842 0 14.14333534 8.7688427 0 14.14152431 8.79370785 0 14.13847733 8.81845188 0 14.1342001 8.84301281 0 14.12870312 8.8673296 0 14.12200165 8.89134312 0 14.1141119 8.91499233 0 14.10505295 8.93821907 0 14.09484673 8.96096516 0 14.08351994 8.98317432 0 14.07110023 9.00479126 0 12.55794048 6.43872833 0 12.53323936 6.06973124 0 12.52499962 5.69999981 0 0 -1E-08 -0 44.93898773 6.19999981 0 14.05761909 9.0257616 0 14.04310894 9.04603481 0 14.02760601 9.06555939 0 14.01114941 9.08428669 0 13.20530033 8.98503017 0 13.19388008 8.96286869 0 13.18357849 8.94016647 0 13.04682732 8.59655571 0 12.92551899 8.24719524 0 12.81989384 7.89277649 0 12.73016071 7.53400517 0 12.65649891 7.17159271 0 12.59905338 6.80625868 0 13.50950241 9.22657299 0 13.48566341 9.21927452 0 13.46221828 9.21079731 0 13.4392252 9.20116234 0 13.41674042 9.19039249 0 13.39482117 9.17851543 0 13.3735199 9.16556072 0 13.35289192 9.15156078 0 13.33298683 9.136549 0 13.31385517 9.12056446 0 13.29554367 9.10364628 0 13.27809906 9.08583546 0 13.2615633 9.06717777 0 13.2459774 9.04771996 0 13.23138237 9.02750778 0 13.21781158 9.00659466 0 13.75619602 9.23220348 0 13.73176956 9.23719501 0 13.70712566 9.24096298 0 13.68232346 9.24349785 0 13.99377918 9.10216999 0 13.97553921 9.11916637 0 13.95647526 9.13523197 0 13.93663406 9.15032673 0 13.91606522 9.16441441 0 13.89482021 9.17745876 0 13.87295055 9.18942833 0 13.85051155 9.20029259 0 13.82755852 9.21002579 0 13.80414963 9.21860123 0 13.7803421 9.22600079 0 13.53367519 9.23267365 0 13.58278179 9.24122524 0 13.55812168 9.23756218 0 13.63249588 9.24484539 0 13.60759354 9.2436552 0 13.65742683 9.24479294</float_array>
          <technique_common>
            <accessor source="#pos_0-array" count="7488" stride="3">
              <param name="X" type="float"/>
              <param name="Y" type="float"/>
              <param name="Z" type="float"/>
            </accessor>
          </technique_common>
        </source>
        <source id="uvs_0">
          <float_array id="uvs_0-array" count="0"></float_array>
          <technique_common>
            <accessor source="#uvs_0-array" count="0" stride="2">
              <param name="S" type="float"/>
              <param name="T" type="float"/>
            </accessor>
          </technique_common>
        </source>
        <vertices id="vert_0">
          <input semantic="POSITION" source="#pos_0"/>
        </vertices>
        <triangles count="4815" material="mat_0">
          <input semantic="VERTEX" source="#vert_0" offset="0"/>
          <p>0 1 2 1 3 2 4 5 6 5 7 6 8 9 10 9 11 10 12 13 14 15 13 12 16 17 18 17 19 20 16 21 17 22 23 21 17 23 19 21 23 17 24 25 26 25 20 26 27 20 25 27 17 20 28 29 30 25 29 27 29 31 27 31 22 21 28 22 31 28 31 29 32 33 34 32 34 35 36 32 35 36 35 37 38 36 37 38 37 39 40 38 39 40 39 41 42 40 41 42 41 43 44 42 43 44 43 45 46 44 45 46 45 47 48 46 47 48 47 49 50 48 49 50 49 51 50 51 52 53 50 52 54 53 52 54 52 55 54 55 56 57 54 56 58 57 56 58 56 59 60 58 59 60 59 61 62 60 61 62 61 63 64 63 65 64 65 66 64 62 63 67 64 66 68 66 69 68 69 70 68 67 66 71 68 70 72 70 73 72 71 70 74 73 75 74 72 73 76 75 77 76 74 75 78 77 79 78 76 77 80 79 81 80 78 79 82 81 83 82 80 81 84 82 83 84 83 85 86 84 85 86 85 87 88 86 87 88 87 89 88 89 90 91 88 90 92 91 90 92 90 93 92 93 94 95 92 94 96 95 94 96 94 97 98 96 97 98 97 99 100 98 99 100 99 101 102 100 101 102 101 103 104 102 103 104 103 105 104 105 106 107 104 106 108 107 106 108 106 109 110 108 109 110 109 111 112 110 111 112 111 113 114 112 113 114 113 115 116 114 115 116 115 117 118 116 117 118 117 119 118 119 120 121 118 120 122 121 120 122 120 123 122 123 124 125 122 124 125 124 126 127 125 126 128 127 126 128 126 129 19 130 131 23 130 19 132 133 134 133 135 134 134 24 26 135 30 134 134 30 24 135 28 30 24 136 137 30 136 24 138 139 140 140 139 141 34 33 142 33 143 142 144 5 4 145 5 144 146 147 148 146 149 147 147 150 151 149 150 147 152 153 154 153 155 154 147 138 148 148 138 140 142 156 157 143 156 142 158 159 144 159 145 144 160 161 162 163 161 160 164 165 166 166 165 167 168 15 12 169 15 168 170 171 172 171 173 172 174 175 176 177 176 178 177 178 179 177 174 176 180 181 182 183 181 180 184 128 129 185 128 184 157 186 187 156 186 157 188 149 146 189 149 188 181 190 182 182 190 191 191 192 193 190 192 191 193 194 195 192 194 193 195 196 197 197 196 198 194 196 195 196 199 198 198 200 201 199 200 198 201 202 203 200 202 201 203 204 205 202 204 203 205 206 207 204 206 205 207 208 209 206 208 207 209 210 211 208 210 209 211 212 213 210 212 211 213 214 215 212 214 213 215 216 217 214 216 215 217 218 219 216 218 217 219 220 221 218 220 219 6 7 222 7 223 222 224 225 226 227 225 224 228 229 180 229 183 180 172 229 228 173 229 172 222 230 231 223 230 222 231 153 152 230 153 231 165 164 232 164 233 232 187 227 224 186 227 187 226 163 160 225 163 226 234 162 161 234 161 235 234 235 236 237 234 236 238 236 239 238 237 236 240 239 241 240 238 239 242 241 243 242 240 241 244 243 245 244 242 243 246 245 247 246 244 245 248 247 249 248 249 250 248 246 247 251 248 250 252 250 253 252 251 250 254 253 255 254 252 253 256 255 257 256 257 258 256 254 255 259 258 260 259 256 258 261 260 262 261 259 260 263 261 262 264 262 265 264 265 266 264 263 262 267 266 268 267 264 266 269 267 268 270 268 271 270 271 272 270 269 268 273 270 272 274 272 275 274 273 272 276 275 277 276 277 278 276 274 275 279 276 278 280 278 281 280 279 278 282 281 283 282 280 281 284 282 283 284 283 285 286 284 285 286 285 287 288 286 287 288 287 289 290 288 289 290 289 291 292 290 291 292 291 293 294 292 293 294 293 295 296 294 295 296 295 297 296 297 298 299 296 298 300 298 301 300 299 298 302 301 303 302 300 301 304 303 305 304 305 306 304 302 303 307 304 306 308 306 309 308 309 310 308 307 306 311 308 310 312 310 313 312 311 310 314 313 315 314 312 313 316 315 317 316 317 318 316 314 315 319 316 318 320 318 321 320 321 322 320 319 318 323 320 322 324 322 325 324 323 322 326 325 327 326 324 325 188 327 189 188 326 327 10 11 168 11 169 168 2 159 158 3 159 2 328 329 330 330 329 331 331 332 333 329 332 331 333 334 335 332 334 333 335 336 337 334 336 335 337 338 339 336 338 337 339 340 341 338 340 339 341 342 343 340 342 341 343 344 345 342 344 343 344 346 345 345 346 347 347 348 349 346 348 347 349 350 351 348 350 349 351 352 353 350 352 351 353 354 355 352 354 353 355 356 357 354 356 355 357 358 359 359 358 360 356 358 357 358 361 360 360 362 363 363 362 364 361 362 360 362 365 364 364 366 367 365 366 364 367 368 369 366 368 367 369 370 371 371 370 372 368 370 369 370 373 372 372 374 375 373 374 372 375 376 377 377 376 378 374 376 375 376 379 378 378 380 381 379 380 378 381 382 383 380 382 381 383 384 385 385 384 386 382 384 383 384 387 386 386 388 389 387 388 386 389 390 391 388 390 389 391 392 393 390 392 391 394 232 184 233 395 232 395 185 232 232 185 184 396 397 398 398 397 399 399 397 400 400 397 401 402 403 404 404 403 405 405 403 406 406 403 407 407 403 408 408 403 409 409 403 410 410 403 411 411 403 412 412 403 413 413 403 414 414 403 415 415 403 416 416 403 417 417 403 418 418 403 419 419 403 420 420 403 421 421 403 422 397 423 401 401 423 424 424 423 402 402 423 403 423 425 403 425 426 427 425 428 426 425 429 428 425 430 429 425 431 430 425 432 431 425 433 432 425 434 433 425 435 434 425 436 435 425 437 436 425 438 437 425 439 438 425 440 439 425 441 440 425 442 441 425 443 442 423 444 425 425 444 443 445 446 447 447 446 448 448 446 449 446 450 449 444 451 452 452 451 453 453 451 454 454 451 455 455 451 456 456 451 445 423 451 444 445 451 446 457 458 459 460 458 457 459 461 462 458 461 459 462 463 464 461 463 462 464 465 466 463 465 464 466 467 468 465 467 466 468 469 470 467 469 468 470 471 472 469 471 470 472 473 474 471 473 472 474 475 476 473 475 474 476 477 478 475 477 476 478 479 480 477 479 478 480 481 482 479 481 480 482 483 484 481 483 482 484 485 486 483 485 484 485 487 486 486 487 488 487 489 488 488 489 490 489 491 490 490 491 492 491 1 492 492 1 0 493 494 495 493 495 496 497 496 495 498 497 495 499 500 497 499 497 498 501 498 495 502 498 501 503 494 493 504 503 505 506 503 504 507 506 508 507 494 506 506 494 503 507 508 509 507 509 510 509 511 510 509 512 511 513 514 515 513 515 516 392 517 518 393 392 518 514 519 515 520 521 522 520 523 521 520 524 523 520 525 524 520 526 525 520 527 526 520 528 527 520 529 528 520 530 529 520 531 530 520 532 531 520 533 532 520 534 533 520 535 534 520 536 535 520 537 536 520 538 537 520 539 538 520 540 539 520 541 540 520 542 541 520 543 542 520 544 543 520 545 544 520 546 545 520 547 546 520 548 547 520 549 548 520 550 549 520 551 550 520 552 551 520 514 552 330 520 522 393 518 553 554 330 331 554 331 333 554 333 335 554 520 330 554 335 337 554 337 339 554 339 341 554 341 343 554 343 345 554 345 347 554 347 349 554 349 351 554 351 353 554 353 355 554 355 357 554 357 359 554 359 360 554 360 363 554 363 364 554 364 367 554 367 369 554 369 371 554 371 372 554 372 375 554 375 377 554 377 378 554 378 381 554 381 383 554 383 385 554 385 386 554 386 389 554 389 391 554 391 393 553 554 393 520 519 514 522 521 555 555 521 556 556 523 557 521 523 556 557 524 558 523 524 557 558 525 559 524 525 558 559 526 560 525 526 559 560 527 561 526 527 560 561 528 562 527 528 561 562 529 563 528 529 562 529 530 563 563 530 564 530 531 564 564 531 565 531 532 565 565 532 566 532 533 566 566 533 567 533 534 567 567 534 568 534 535 568 568 535 569 535 536 569 569 536 570 570 536 571 536 537 571 537 538 571 571 538 572 572 538 573 538 539 573 539 540 573 573 540 574 540 541 574 574 541 575 575 542 576 541 542 575 576 542 577 542 543 577 577 544 578 543 544 577 578 545 579 579 545 580 544 545 578 545 546 580 580 547 581 546 547 580 581 548 582 547 548 581 582 549 583 583 549 584 548 549 582 549 550 584 584 551 585 550 551 584 585 552 586 551 552 585 586 514 513 552 514 586 587 588 589 590 587 589 13 171 14 14 171 170 423 591 451 423 592 591 328 522 555 330 522 328 167 165 394 165 232 394 593 594 457 594 460 457 595 596 593 596 594 593 597 598 599 599 598 600 131 233 166 233 164 166 130 395 233 131 130 233 598 502 501 600 598 501 139 151 141 151 494 141 494 507 141 601 602 507 507 603 601 507 604 603 602 605 507 605 606 507 507 607 604 510 608 507 507 608 607 606 609 507 510 610 608 609 611 507 510 612 610 611 613 507 613 614 507 510 615 612 614 616 507 510 617 615 510 618 617 616 619 507 619 620 507 510 621 618 620 622 507 510 623 621 511 623 510 622 624 507 511 625 623 511 626 625 624 627 507 507 627 141 511 628 626 627 629 141 511 630 628 629 631 141 631 632 141 511 633 630 511 634 633 599 634 511 599 635 634 599 636 635 599 637 636 599 638 637 599 639 638 599 600 639 632 640 141 600 641 639 600 642 641 600 643 642 600 644 643 600 645 644 150 501 495 501 646 600 600 646 645 501 647 646 501 648 647 501 649 648 501 650 649 501 651 650 501 652 651 501 653 652 501 654 653 501 655 654 655 656 657 657 656 658 150 656 501 501 656 655 659 660 661 662 660 659 663 660 662 664 660 663 665 660 664 666 660 665 667 660 666 668 660 667 669 660 668 670 660 669 671 660 670 672 660 671 673 660 672 674 660 673 675 660 674 676 660 675 677 660 676 678 660 677 679 660 678 680 660 679 681 660 680 682 660 681 683 660 682 684 660 683 685 660 684 686 660 685 687 660 686 687 688 660 688 689 660 689 690 660 690 691 660 692 693 694 692 695 693 695 696 697 697 696 698 698 696 699 699 696 700 700 696 701 701 696 702 702 696 703 703 696 704 704 696 705 705 696 706 706 696 707 707 696 708 708 696 709 709 696 710 710 696 711 711 696 712 712 696 713 713 696 714 714 696 715 715 696 691 691 696 660 692 696 695 716 717 718 718 719 716 716 720 717 719 721 716 716 722 720 721 723 716 716 724 722 725 724 716 723 726 716 725 727 724 726 728 716 725 729 727 728 730 716 725 731 729 730 732 716 725 733 731 732 734 716 725 735 733 734 736 716 725 737 735 736 738 716 725 739 737 740 739 725 738 741 716 740 742 739 741 743 716 740 744 742 743 745 716 740 746 744 660 747 661 716 747 660 745 747 716 740 748 746 661 749 750 747 749 661 740 751 748 752 753 740 740 753 751 752 754 753 752 755 754 752 756 755 752 757 756 752 758 757 752 590 758 590 759 758 590 760 759 590 761 760 590 762 761 590 763 762 589 764 590 590 764 763 589 765 764 589 766 765 589 767 766 589 768 767 589 769 768 589 770 769 589 771 770 589 772 771 589 773 772 774 8 775 776 8 774 777 8 776 778 8 777 779 8 778 780 8 779 781 8 780 782 8 781 783 8 782 784 8 783 785 8 784 786 8 785 787 8 786 750 8 640 788 8 787 789 8 788 790 8 789 791 8 790 792 8 791 793 8 792 794 8 793 795 8 794 775 8 796 749 8 750 796 8 749 795 797 8 797 798 8 798 799 8 773 800 801 801 800 802 589 800 773 696 800 589 799 803 8 803 804 8 804 805 8 805 806 8 806 807 8 807 808 8 808 809 8 809 810 8 810 811 8 812 813 814 812 815 813 815 9 816 816 9 817 817 9 818 818 9 819 819 9 820 820 9 821 821 9 822 822 9 823 823 9 824 824 9 825 825 9 826 826 9 827 827 9 828 828 9 829 829 9 830 830 9 831 831 9 832 832 9 833 833 9 834 834 9 811 812 9 815 811 9 8 8 141 640 692 800 696 151 150 495 151 495 494 835 836 837 837 838 839 836 838 837 839 840 841 838 840 839 842 843 844 841 843 842 840 843 841 844 845 846 843 845 844 846 847 848 845 847 846 847 849 848 848 849 850 849 851 850 852 851 853 850 851 852 851 854 853 853 854 855 854 856 855 855 856 857 856 858 857 859 858 860 857 858 859 858 861 860 860 861 862 861 863 862 862 863 864 863 865 864 864 865 866 866 867 868 865 867 866 867 869 868 868 869 870 869 871 870 870 871 872 871 873 872 872 873 874 874 875 876 873 875 874 876 877 878 875 877 876 878 879 880 877 879 878 880 881 882 879 881 880 882 883 884 881 883 882 884 885 886 883 885 884 886 887 888 885 887 886 888 889 890 887 889 888 890 891 892 889 891 890 892 893 894 891 893 892 894 895 896 893 895 894 895 897 896 896 898 899 897 898 896 900 901 902 898 903 899 899 903 900 903 904 900 900 904 901 905 397 906 906 397 907 907 397 908 908 397 909 909 397 910 910 397 911 911 397 912 912 397 913 913 397 914 914 397 396 905 915 397 915 916 397 916 917 397 917 918 397 918 919 397 919 920 397 920 921 397 921 922 397 922 923 397 923 924 397 924 925 397 860 175 859 859 175 857 857 175 855 855 175 853 853 175 852 852 175 850 850 175 848 848 175 846 846 175 844 844 175 842 842 175 841 841 175 839 839 175 837 837 175 835 860 862 175 862 864 175 864 866 175 870 926 868 868 927 866 926 927 868 927 928 866 866 928 175 175 929 176 928 930 175 930 931 175 175 931 929 175 397 925 175 925 835 512 597 511 511 597 599 932 660 696 932 696 933 154 873 871 871 869 154 869 867 154 154 875 873 867 865 154 154 877 875 865 863 154 154 879 877 154 881 879 863 861 154 154 883 881 861 858 154 154 885 883 858 856 154 154 887 885 856 854 154 154 889 887 854 851 154 154 891 889 851 849 154 154 893 891 849 847 154 154 895 893 847 845 154 154 897 895 845 843 154 154 898 897 843 840 154 154 903 898 840 838 154 154 904 903 838 836 154 154 934 904 836 935 154 935 936 154 937 155 938 939 155 937 940 155 939 941 155 940 942 155 941 943 155 942 944 155 943 934 155 944 154 155 934 155 945 938 155 946 945 155 947 946 155 948 947 155 949 948 155 950 949 155 951 950 155 952 951 155 953 952 155 954 953 155 955 954 155 956 955 957 958 959 959 958 960 960 958 961 961 958 962 962 958 963 963 958 964 964 958 965 965 958 966 966 958 967 967 958 968 968 958 969 969 958 970 970 958 971 971 958 972 972 958 973 973 958 974 957 975 958 519 516 515 155 516 956 956 516 519 975 976 958 977 976 978 978 976 979 979 976 980 980 976 981 981 976 982 982 976 975 977 983 976 983 984 976 985 984 986 986 984 987 987 984 988 988 984 989 989 984 983 985 990 984 517 553 518 517 991 553 992 993 990 994 993 992 995 993 994 996 993 995 997 993 996 990 993 984 998 999 997 1000 999 998 1001 999 1000 1002 999 1001 1003 999 1002 1004 999 1003 997 999 993 1005 1006 1004 1007 1006 1005 1008 1006 1007 1009 1006 1008 1010 1006 1009 1011 1006 1010 1012 1006 1011 1013 1006 1012 991 1006 1013 1004 1006 999 517 1006 991 936 132 154 958 132 974 1014 132 958 974 132 1015 1015 132 936 1014 1016 1017 1017 1018 1014 1014 1019 1016 1018 1020 1014 1014 1021 1019 1020 1022 1014 1014 1023 1021 1022 1024 1014 1014 1025 1023 1024 1026 1014 1014 1027 1025 1026 1028 1014 1014 1029 1027 1028 1030 1014 1014 1031 1029 1030 1032 1014 1014 1033 1031 1032 1034 1014 1034 1035 1014 1035 1036 1014 1036 1037 1014 1037 1038 1014 1038 1039 1014 1039 1040 1014 1040 1041 1014 1041 1042 1014 1042 1043 1014 1014 1043 132 1043 1044 132 1044 1045 132 1045 1046 132 1046 1047 132 1047 1048 132 1048 1049 132 1049 1050 132 1050 1051 132 1051 1052 132 1052 1053 132 1053 1054 132 1054 1055 132 1055 1056 132 1056 1057 132 1057 1058 132 1058 1059 132 1059 1060 132 1060 1061 132 1061 1062 132 1062 1063 132 1063 1064 132 1064 1065 132 1065 1066 132 1066 1067 132 1067 1068 132 1068 1069 132 1069 1070 132 1070 1071 132 1071 1072 132 1073 1074 1075 1075 1074 1076 1076 1074 1077 1077 1074 1078 1078 1074 1079 1079 1074 1080 1080 1074 1081 1081 1074 1082 1082 1074 1083 1083 1074 1084 1084 1074 1085 1085 1074 1086 1086 1074 1087 1087 1074 1088 1088 1074 1089 1089 1074 1090 1090 1074 1091 1091 1074 1092 1092 1074 1093 1093 1074 1094 1094 1074 1095 1095 1074 1096 1096 1074 1097 1097 1074 1098 1099 1074 1100 1100 1074 1101 1101 1074 1073 1098 133 1102 1102 133 1103 1104 133 1072 1103 133 1105 1105 133 1106 1106 133 1107 1107 133 1108 1108 133 1109 1109 133 1110 1110 133 1111 1111 133 1112 1112 133 1113 1113 133 1114 1114 133 1115 1115 133 1116 1116 133 1117 1117 133 1118 1118 133 1119 1119 133 1120 1120 133 1121 1121 133 1122 1122 133 1123 1123 133 1124 1124 133 1125 1125 133 1126 1126 133 1127 1127 133 1128 1128 133 1129 1129 133 1130 1130 133 1104 1074 133 1098 1072 133 132 517 133 1006 1006 133 1074 1014 1074 1131 1014 1131 1132 1014 1132 1133 1014 1133 1134 1014 1134 1135 1014 1135 1136 1014 1136 1137 1014 1137 1033 1131 1074 1138 1138 1074 1139 1139 1074 1140 1140 1074 1141 1141 1074 1142 1142 1074 1143 1143 1074 1144 1144 1074 1099 901 904 934 1145 901 934 1146 902 901 1146 901 1145 403 985 422 420 986 419 421 986 420 422 986 421 985 986 422 418 987 417 419 987 418 986 987 419 987 988 417 416 988 415 417 988 416 988 989 415 414 989 413 415 989 414 412 983 411 413 983 412 989 983 413 983 977 411 410 977 409 411 977 410 409 978 408 977 978 409 407 979 406 408 979 407 978 979 408 406 980 405 979 980 406 405 981 404 980 981 405 404 982 402 981 982 404 402 975 424 982 975 402 424 957 401 975 957 424 401 959 400 957 959 401 400 960 399 959 960 400 399 961 398 960 961 399 398 962 396 396 962 914 961 962 398 914 963 913 962 963 914 912 964 911 913 964 912 963 964 913 911 965 910 964 965 911 909 966 908 910 966 909 965 966 910 908 967 907 966 967 908 907 968 906 967 968 907 968 969 906 905 969 915 906 969 905 969 970 915 915 970 916 970 971 916 916 971 917 971 972 917 918 972 919 917 972 918 972 973 919 919 973 920 973 974 920 921 974 922 920 974 921 922 1015 923 974 1015 922 923 936 924 1015 936 923 924 935 925 936 935 924 176 929 178 178 929 1147 835 935 836 835 925 935 446 1148 1149 446 1149 450 179 1150 520 1151 1152 1153 1151 1154 1152 1155 1156 1148 1155 1157 1156 1155 1158 1157 1155 1159 1158 1155 554 1159 1155 1148 446 1160 554 1155 1160 1155 446 1161 520 554 1161 446 179 1161 1160 446 1161 554 1160 1162 1161 179 1162 520 1161 1162 179 520 1163 1164 1150 1163 1165 1164 1163 1166 1165 1163 1153 1166 1163 1150 179 1163 1151 1153 1167 1168 1169 1167 1169 1170 1167 1170 1171 1167 1171 1151 1167 1151 1163 1167 1163 179 1172 178 1147 1172 1147 1168 1172 179 178 1172 1167 179 1172 1168 1167 1173 1174 1175 1176 1174 1173 425 427 990 990 427 992 427 426 992 992 428 994 426 428 992 428 429 994 994 430 995 429 430 994 430 431 995 995 432 996 431 432 995 432 433 996 433 434 996 996 435 997 434 435 996 435 436 997 997 437 998 436 437 997 437 438 998 438 439 998 998 439 1000 439 440 1000 440 441 1000 1000 441 1001 441 442 1001 442 443 1001 1001 443 1002 443 444 1002 444 452 1002 1002 452 1003 452 453 1003 453 454 1003 1003 454 1004 454 455 1004 1004 455 1005 455 456 1005 456 445 1005 1005 445 1007 445 447 1007 1007 447 1008 447 448 1008 448 449 1008 1008 449 1009 449 450 1009 450 1149 1009 1009 1149 1010 1010 1148 1011 1149 1148 1010 1011 1156 1012 1148 1156 1011 1012 1157 1013 1156 1157 1012 1013 1158 991 1157 1158 1013 991 1159 553 1158 1159 991 1159 554 553 1146 1177 902 902 1177 900 900 1178 899 1177 1178 900 899 1179 896 1178 1179 899 896 1180 894 1179 1180 896 894 1181 892 1180 1181 894 892 1182 890 1181 1182 892 890 1183 888 1182 1183 890 888 1184 886 1183 1184 888 886 1185 884 1184 1185 886 884 1186 882 1185 1186 884 882 1187 880 1186 1187 882 880 1188 878 1187 1188 880 878 1189 876 1188 1189 878 1189 1190 876 876 1190 874 1190 1191 874 874 1191 872 1191 1192 872 872 1192 870 1192 1154 870 870 1154 926 1154 1151 926 926 1151 927 1151 1171 927 927 1171 928 1171 1170 928 928 1170 930 930 1169 931 1170 1169 930 931 1168 929 1169 1168 931 1168 1147 929 520 1150 519 519 1150 956 956 1164 955 1150 1164 956 955 1165 954 1164 1165 955 954 1166 953 1165 1166 954 953 1153 952 1166 1153 953 952 1152 951 1153 1152 952 1152 1154 951 951 1192 950 1154 1192 951 950 1191 949 1192 1191 950 949 1190 948 1191 1190 949 948 1189 947 1190 1189 948 947 1188 946 1189 1188 947 1188 1187 946 1187 1186 946 946 1186 945 1186 1185 945 945 1185 938 1185 1184 938 938 1184 937 1184 1183 937 937 1183 939 1183 1182 939 939 1182 940 1182 1181 940 940 1181 941 1181 1180 941 941 1180 942 1180 1179 942 942 1179 943 1179 1178 943 943 1178 944 1178 1177 944 944 1177 934 1177 1145 934 1177 1146 1145 403 990 985 403 425 990 1193 1194 1195 1193 1196 1194 1196 1197 1194 1196 1198 1197 1199 1198 1196 1200 1199 1196 1201 1200 1196 1202 1201 1196 1193 1203 1202 1193 1204 1203 1193 1205 1204 1193 1206 1205 1193 1207 1206 1193 1208 1207 1193 1209 1208 1193 1210 1209 1193 1211 1210 1193 1212 1211 1193 1202 1196 1173 1212 1193 1173 1213 1212 1173 1214 1213 1173 1215 1214 1173 1216 1215 1173 1217 1216 1173 1218 1217 1173 1219 1218 1173 1220 1219 1173 1221 1220 1173 1222 1221 1173 1223 1222 1173 1224 1223 1173 1225 1224 1173 1226 1225 1173 1227 1226 1173 1228 1227 1173 1229 1228 1173 1230 1229 1173 1231 1230 1173 1232 1231 1173 1233 1232 1173 1234 1233 1173 1175 1235 1173 1235 1236 1173 1236 1237 1173 1237 1238 1173 1238 1239 1173 1239 1240 1173 1240 1241 1173 1241 1242 1173 1242 1243 1173 1243 1244 1173 1244 1245 1173 1245 1246 1173 1246 1234 1247 1248 1249 1247 1249 1250 1251 1247 1250 1251 1250 1252 1253 1251 1252 1253 1252 1254 1255 1253 1254 1255 1254 1256 1257 1256 1258 1257 1255 1256 1259 1258 1260 1259 1257 1258 1261 1260 1262 1261 1259 1260 1263 1262 1264 1263 1261 1262 1265 1263 1264 1265 1264 1266 1267 1265 1266 1267 1266 1268 1269 1267 1268 1269 1268 1270 1271 1269 1270 1271 1270 1272 1273 1271 1272 1273 1272 1274 1275 1273 1274 1275 1274 1276 1277 1275 1276 1277 1276 1278 1279 1277 1278 1279 1278 1280 1281 1279 1280 1281 1280 1282 1283 1282 1284 1283 1281 1282 1285 1284 1286 1285 1283 1284 1287 1286 1288 1287 1285 1286 1289 1288 1290 1289 1287 1288 1291 1290 1292 1291 1289 1290 1293 1292 1294 1293 1291 1292 1295 1294 1296 1295 1293 1294 1297 1296 1298 1297 1295 1296 1299 1298 1300 1299 1297 1298 1301 1300 1302 1301 1299 1300 1303 1302 1304 1303 1301 1302 1305 1304 1306 1305 1303 1304 1307 1306 1308 1307 1305 1306 1309 1308 1310 1309 1307 1308 1175 1310 1311 1175 1309 1310 1174 1309 1175 1235 1311 1312 1235 1175 1311 1236 1235 1312 1236 1312 1313 1237 1236 1313 1237 1313 1314 1238 1237 1314 1238 1314 1315 1239 1238 1315 1239 1315 1316 1240 1316 1317 1240 1239 1316 1241 1317 1318 1241 1240 1317 1242 1318 1319 1242 1241 1318 1243 1319 1320 1243 1242 1319 1244 1320 1321 1244 1243 1320 1245 1321 1322 1245 1244 1321 1246 1322 1323 1246 1245 1322 1234 1323 1324 1234 1246 1323 1233 1324 1325 1233 1234 1324 1232 1325 1326 1232 1233 1325 1231 1326 1327 1231 1232 1326 1230 1327 1328 1230 1231 1327 1229 1328 1329 1229 1230 1328 1228 1329 1330 1228 1229 1329 1227 1330 1331 1227 1228 1330 1226 1331 1332 1226 1227 1331 1225 1332 1333 1225 1226 1332 1224 1333 1334 1224 1225 1333 1223 1334 1335 1223 1224 1334 1222 1335 1336 1222 1223 1335 1221 1336 1337 1221 1222 1336 1220 1337 1338 1220 1221 1337 1219 1220 1338 1219 1338 1339 1218 1219 1339 1218 1339 1340 1217 1218 1340 1217 1340 1341 1216 1217 1341 1216 1341 1342 1215 1216 1342 1215 1342 1343 1214 1215 1343 1214 1343 1344 1213 1214 1344 1213 1344 1345 1212 1213 1345 1212 1345 1346 1211 1212 1346 1211 1346 1347 1210 1211 1347 1210 1347 1348 1209 1210 1348 1209 1348 1349 1208 1209 1349 1208 1349 1350 1207 1208 1350 1207 1350 1351 1206 1351 1352 1206 1207 1351 1205 1352 1353 1205 1206 1352 1204 1353 1354 1204 1205 1353 1203 1354 1355 1203 1204 1354 1202 1355 1356 1202 1203 1355 1201 1356 1357 1201 1202 1356 1200 1357 1358 1200 1201 1357 1199 1358 1197 1199 1200 1358 1198 1199 1197 1359 1360 592 423 174 1359 423 175 174 423 1359 592 397 175 423 595 1361 596 595 1362 1361 1363 1364 1074 1364 1365 1074 1366 1367 1364 1364 1367 1365 1365 1006 1074 1365 1368 1006 1014 1369 1370 1369 1371 1372 1369 1373 1371 1373 958 1374 1014 958 1373 1014 1373 1369 1375 1376 984 1375 984 993 1377 999 1368 1368 999 1006 1377 1375 993 1377 993 999 1376 1378 976 1376 976 984 1374 958 1378 1378 958 976 1014 1370 1074 1074 1370 1363 1379 1072 1380 1072 1071 1380 1380 1071 1381 1071 1070 1381 1381 1070 1382 1070 1069 1382 1382 1069 1383 1383 1068 1384 1069 1068 1383 1384 1067 1385 1068 1067 1384 1385 1066 1386 1067 1066 1385 1386 1065 1387 1066 1065 1386 1387 1064 1388 1065 1064 1387 1388 1063 1389 1064 1063 1388 1389 1062 1390 1063 1062 1389 1390 1061 1391 1062 1061 1390 1391 1060 1392 1061 1060 1391 1060 1059 1392 1392 1059 1393 1059 1058 1393 1393 1058 1394 1058 1057 1394 1394 1057 1395 1057 1056 1395 1395 1056 1396 1056 1055 1396 1396 1055 1397 1055 1054 1397 1397 1054 1398 1054 1053 1398 1398 1053 1399 1053 1052 1399 1399 1052 1400 1052 1051 1400 1400 1051 1401 1051 1050 1401 1401 1050 1402 1050 1049 1402 1402 1049 1403 1049 1048 1403 1403 1048 1404 1048 1047 1404 1404 1047 1405 1047 1046 1405 1405 1046 1406 1046 1045 1406 1406 1045 1407 1045 1044 1407 1407 1044 1408 1044 1043 1408 1408 1043 1409 1043 1042 1409 1409 1042 1410 1042 1041 1410 1410 1041 1411 1411 1041 1412 1041 1040 1412 1412 1040 1413 1414 1039 1415 1040 1039 1413 1413 1039 1414 1415 1038 1416 1039 1038 1415 1416 1037 1417 1038 1037 1416 1417 1036 1418 1418 1036 1419 1037 1036 1417 1419 1035 1420 1036 1035 1419 1420 1034 1421 1035 1034 1420 1421 1032 1422 1034 1032 1421 1422 1030 1423 1032 1030 1422 1423 1028 1424 1030 1028 1423 1424 1026 1425 1425 1026 1426 1028 1026 1424 1426 1024 1427 1026 1024 1426 1427 1022 1428 1024 1022 1427 1428 1020 1429 1022 1020 1428 1429 1018 1430 1430 1018 1431 1020 1018 1429 1018 1017 1431 1431 1017 1432 1432 1016 1433 1017 1016 1432 1433 1019 1434 1434 1019 1435 1016 1019 1433 1435 1021 1436 1019 1021 1435 1436 1023 1437 1437 1023 1438 1021 1023 1436 1438 1025 1439 1439 1025 1440 1023 1025 1438 1440 1027 1441 1441 1027 1442 1025 1027 1440 1442 1029 1443 1443 1029 1444 1027 1029 1442 1444 1031 1445 1445 1031 1446 1029 1031 1444 1446 1033 1447 1447 1033 1448 1031 1033 1446 1448 1137 1449 1449 1137 1450 1033 1137 1448 1137 1136 1450 1450 1136 1451 1451 1136 1452 1136 1135 1452 1452 1135 1453 1453 1135 1454 1135 1134 1454 1454 1134 1455 1455 1134 1456 1134 1133 1456 1456 1133 1457 1457 1133 1458 1133 1132 1458 1458 1132 1459 1459 1132 1460 1132 1131 1460 1460 1131 1461 1462 1138 1463 1463 1139 1464 1138 1139 1463 1464 1140 1465 1465 1140 1466 1139 1140 1464 1466 1141 1467 1467 1141 1468 1140 1141 1466 1468 1142 1469 1469 1142 1470 1141 1142 1468 1470 1143 1471 1471 1143 1472 1142 1143 1470 1472 1144 1473 1473 1144 1474 1143 1144 1472 1474 1099 1475 1144 1099 1474 1099 1100 1475 1475 1100 1476 1476 1100 1477 1100 1101 1477 1477 1101 1478 1478 1101 1479 1101 1073 1479 1479 1073 1480 1480 1075 1481 1073 1075 1480 1481 1075 1482 1075 1076 1482 1482 1076 1483 1483 1076 1484 1484 1077 1485 1076 1077 1484 1485 1078 1486 1486 1078 1487 1077 1078 1485 1487 1079 1488 1488 1079 1489 1078 1079 1487 1489 1080 1490 1490 1080 1491 1079 1080 1489 1491 1081 1492 1492 1081 1493 1080 1081 1491 1493 1082 1494 1081 1082 1493 1494 1083 1495 1495 1083 1496 1082 1083 1494 1083 1084 1496 1496 1084 1497 1497 1084 1498 1498 1085 1499 1499 1085 1500 1084 1085 1498 1500 1086 1501 1085 1086 1500 1501 1087 1502 1502 1087 1503 1086 1087 1501 1503 1088 1504 1087 1088 1503 1504 1089 1505 1505 1089 1506 1088 1089 1504 1506 1090 1507 1507 1090 1508 1089 1090 1506 1090 1091 1508 1508 1091 1509 1509 1091 1510 1091 1092 1510 1510 1092 1511 1092 1093 1511 1511 1093 1512 1512 1093 1513 1093 1094 1513 1513 1094 1514 1514 1094 1515 1094 1095 1515 1515 1095 1516 1516 1095 1517 1095 1096 1517 1517 1096 1518 1518 1096 1519 1519 1096 1520 1096 1097 1520 1520 1097 1521 1097 1098 1521 1521 1098 1522 1098 1102 1522 1522 1102 1523 1102 1103 1523 1523 1103 1524 1103 1105 1524 1524 1105 1525 1105 1106 1525 1525 1106 1526 1526 1107 1527 1106 1107 1526 1527 1108 1528 1107 1108 1527 1528 1109 1529 1108 1109 1528 1529 1110 1530 1109 1110 1529 1530 1111 1531 1110 1111 1530 1531 1112 1532 1111 1112 1531 1532 1113 1533 1112 1113 1532 1533 1114 1534 1113 1114 1533 1534 1115 1535 1114 1115 1534 1535 1116 1536 1115 1116 1535 1116 1117 1536 1536 1117 1537 1117 1118 1537 1537 1118 1538 1118 1119 1538 1538 1119 1539 1119 1120 1539 1539 1120 1540 1120 1121 1540 1540 1121 1541 1121 1122 1541 1541 1122 1542 1122 1123 1542 1542 1123 1543 1123 1124 1543 1543 1124 1544 1124 1125 1544 1544 1125 1545 1125 1126 1545 1545 1126 1546 1126 1127 1546 1546 1127 1547 1127 1128 1547 1547 1128 1548 1128 1129 1548 1548 1129 1549 1129 1130 1549 1549 1130 1550 1130 1104 1550 1550 1104 1551 1072 1379 1104 1104 1379 1551 1461 1131 1462 1462 1131 1138 1551 1520 1521 1551 1521 1522 1551 1522 1523 1551 1523 1524 1551 1524 1525 1551 1525 1526 1551 1526 1527 1551 1527 1528 1551 1528 1529 1551 1529 1530 1551 1530 1531 1551 1531 1532 1551 1532 1533 1551 1533 1534 1551 1534 1535 1551 1535 1536 1551 1536 1537 1551 1537 1538 1551 1538 1539 1551 1539 1540 1551 1540 1541 1551 1541 1542 1551 1542 1543 1551 1543 1544 1551 1544 1545 1551 1545 1546 1551 1546 1547 1551 1547 1548 1551 1548 1549 1551 1549 1550 1410 1520 1551 1410 1551 1379 1409 1410 1379 1381 1379 1380 1408 1409 1379 1382 1379 1381 1407 1408 1379 1383 1379 1382 1406 1407 1379 1384 1379 1383 1405 1406 1379 1385 1379 1384 1404 1405 1379 1386 1379 1385 1403 1404 1379 1387 1379 1386 1402 1403 1379 1388 1379 1387 1401 1402 1379 1389 1379 1388 1400 1401 1379 1390 1379 1389 1399 1400 1379 1391 1379 1390 1398 1399 1379 1392 1379 1391 1397 1398 1379 1393 1379 1392 1396 1397 1379 1394 1379 1393 1395 1396 1379 1395 1379 1394 18 17 1552 17 27 1552 1553 27 31 1552 27 1553 21 16 1553 31 21 1553 25 1554 1555 25 1555 29 29 1555 136 30 29 136 1554 25 137 25 24 137 1173 1195 1361 1173 1193 1195 1362 1176 1173 1362 1173 1361 451 1556 177 451 177 179 451 179 446 591 1557 1556 591 1556 451 1558 933 696 1559 1558 696 1560 1561 1558 1560 1558 1559 589 1559 696 588 1559 589 1562 660 932 1563 1562 1564 1565 1562 1563 716 1565 1566 716 660 1565 1565 660 1562 1567 587 752 752 587 590 1568 1567 740 740 1567 752 1569 740 725 1569 1568 740 1566 1569 725 716 1566 725 694 1570 692 1570 1571 692 693 1570 694 1572 1573 1574 1575 1573 1572 1576 1573 1575 1577 1573 1576 1578 1573 1577 1579 1573 1578 1580 1573 1579 1581 1573 1580 1582 1573 1581 1583 1573 1582 1584 1573 1583 1585 1573 1584 1586 1573 1585 1587 1573 1586 1588 1573 1587 1589 1573 1588 1590 1573 1589 1591 1573 1590 1592 1573 1591 1593 1573 1592 1594 1573 1593 1595 1573 1594 1596 1573 1595 1597 1573 1596 1598 1573 1597 1599 1573 1598 1600 1573 1599 1601 1573 1600 1602 1573 1601 1603 1573 1602 1604 1573 1603 1570 1573 1604 1573 1605 1574 658 1606 657 1605 1607 1608 1608 1607 1609 1609 1607 1610 1610 1607 1611 1611 1607 1612 1612 1607 1613 1613 1607 1614 1614 1607 1615 1615 1607 1616 1616 1607 1617 1573 1607 1605 1617 1607 1618 1618 1607 1619 1619 1607 1620 1620 1607 1621 1621 1607 1622 1622 1607 1623 1623 1607 1624 1624 1607 1625 1625 1607 1626 1626 1607 1627 1627 1607 1628 1628 1607 1629 1629 1607 1630 1630 1607 1631 1631 1607 1632 1632 1607 1633 1633 1607 1634 1634 1607 1635 1635 1607 1636 1636 1607 1637 1637 1607 1638 1638 1607 1606 1607 657 1606 693 1573 1570 1639 1640 1641 1641 1642 1643 1643 1642 1644 1640 1642 1641 1645 1641 1643 1645 1643 1646 1647 1648 1649 1649 1648 1650 1651 1644 1573 1652 1653 1654 1655 1653 1652 1656 1657 1647 1658 1657 1656 1659 1657 1658 1660 1657 1659 1607 1657 1660 1647 1657 1648 1607 1661 1657 1657 1661 1648 1573 1662 1607 1648 1662 1644 1661 1662 1648 1607 1662 1661 1662 1663 1644 1573 1663 1662 1644 1663 1573 1664 1665 1651 1666 1665 1664 1667 1665 1666 1654 1665 1667 1651 1665 1644 1653 1665 1654 1668 1669 1670 1670 1669 1671 1671 1669 1672 1672 1669 1653 1653 1669 1665 1665 1669 1644 1643 1673 1646 1646 1673 1668 1644 1673 1643 1669 1673 1644 1668 1673 1669 1674 1675 1642 1642 1675 1644 1644 1675 1648 1676 1677 1674 1674 1677 1675 1678 632 1679 1679 631 1680 632 631 1679 1680 629 1681 631 629 1680 1681 627 1682 1682 627 1683 629 627 1681 627 624 1683 1683 624 1684 624 622 1684 1684 622 1685 1685 622 1686 622 620 1686 1686 620 1687 620 619 1687 1687 619 1688 619 616 1688 1688 616 1689 1689 616 1690 616 614 1690 1690 614 1691 614 613 1691 1691 613 1692 613 611 1692 1692 611 1693 1693 611 1694 611 609 1694 1694 609 1695 609 606 1695 1695 606 1696 1696 606 1697 606 605 1697 1697 605 1698 1698 602 1699 1699 602 1700 605 602 1698 1700 601 1701 602 601 1700 1701 603 1702 601 603 1701 1702 604 1703 603 604 1702 1703 607 1704 604 607 1703 1704 608 1705 607 608 1704 1705 610 1706 608 610 1705 1706 612 1707 610 612 1706 1707 615 1708 612 615 1707 1708 617 1709 1709 617 1710 615 617 1708 1710 618 1711 617 618 1710 618 621 1711 1711 621 1712 1712 621 1713 621 623 1713 1713 623 1714 1714 623 1715 623 625 1715 1715 625 1716 1716 625 1717 625 626 1717 1717 626 1718 1718 626 1719 626 628 1719 1719 628 1720 1720 628 1721 628 630 1721 1721 630 1722 1722 630 1723 1723 630 1724 630 633 1724 1724 633 1725 657 1660 655 1607 1660 657 655 1659 654 1660 1659 655 654 1658 653 1659 1658 654 653 1656 652 1658 1656 653 652 1647 651 1656 1647 652 651 1649 650 1647 1649 651 1649 1650 650 650 1726 649 1650 1726 650 1726 1727 649 649 1728 648 1727 1728 649 648 1729 647 1728 1729 648 1729 1730 647 1730 1731 647 647 1731 646 646 1732 645 1731 1732 646 1732 1733 645 1733 1734 645 645 1734 644 1734 1735 644 644 1736 643 1735 1736 644 1736 1737 643 643 1738 642 1737 1738 643 1738 1739 642 642 1740 641 1739 1740 642 1740 1741 641 641 1742 639 1741 1742 641 1742 1743 639 639 1744 638 1743 1744 639 1744 1745 638 1745 1746 638 638 1747 637 1746 1747 638 1747 1748 637 637 1749 636 1748 1749 637 1749 1750 636 636 1751 635 1750 1751 636 1751 1752 635 635 1753 634 1752 1753 635 1753 1754 634 1755 1699 1700 1755 1700 1701 1755 1701 1702 1755 1702 1703 1725 1705 1706 1725 1706 1707 1725 1707 1708 1725 1708 1709 1725 1709 1710 1725 1710 1711 1725 1711 1712 1725 1712 1713 1725 1713 1714 1725 1714 1715 1725 1715 1716 1725 1716 1717 1725 1717 1718 1725 1718 1719 1725 1719 1720 1725 1720 1721 1725 1721 1722 1725 1722 1723 1725 1723 1724 1756 1755 1703 1756 1703 1704 1756 1704 1705 1756 1705 1725 1754 1756 1725 1752 1754 1753 1751 1754 1752 1750 1754 1751 1749 1754 1750 1748 1754 1749 1747 1754 1748 1746 1754 1747 1745 1754 1746 1744 1754 1745 1743 1754 1744 1742 1754 1743 1741 1754 1742 1740 1754 1741 1739 1754 1740 1738 1754 1739 1737 1754 1738 1736 1754 1737 1735 1756 1754 1735 1754 1736 1648 1729 1728 1648 1728 1727 1648 1727 1726 1650 1648 1726 1675 1735 1734 1675 1734 1733 1675 1733 1732 1675 1732 1731 1675 1731 1730 1675 1730 1729 1675 1756 1735 1675 1729 1648 1677 1756 1675 1757 1756 1677 634 1725 633 1754 1725 634 632 1758 640 1678 1758 632 1759 1760 1761 1759 690 1760 1760 689 1762 690 689 1760 1762 688 1763 689 688 1762 688 687 1763 1763 686 1764 687 686 1763 1764 685 1765 686 685 1764 1765 684 1766 685 684 1765 1766 683 1767 684 683 1766 683 682 1767 1767 682 1768 1768 681 1769 682 681 1768 681 680 1769 1769 680 1770 1770 679 1771 680 679 1770 1771 678 1772 679 678 1771 1772 677 1773 678 677 1772 1773 676 1774 677 676 1773 1774 675 1775 676 675 1774 1775 674 1776 675 674 1775 1776 673 1777 674 673 1776 1777 672 1778 673 672 1777 1778 671 1779 672 671 1778 1779 670 1780 671 670 1779 1780 669 1781 670 669 1780 1781 668 1782 1782 668 1783 669 668 1781 1783 667 1784 668 667 1783 1784 666 1785 667 666 1784 1785 665 1786 1786 665 1787 666 665 1785 1787 664 1788 665 664 1787 1788 663 1789 664 663 1788 1789 662 1790 663 662 1789 1790 659 1791 1791 659 1792 662 659 1790 1792 661 1793 659 661 1792 661 750 1793 1793 750 1794 750 640 1794 1794 640 1758 1755 1689 1690 1755 1690 1691 1755 1691 1692 1755 1692 1693 1755 1693 1694 1755 1694 1695 1755 1695 1696 1755 1696 1697 1755 1697 1698 1755 1698 1699 1688 1689 1755 1687 1688 1755 1686 1687 1755 1685 1686 1755 1684 1685 1755 1683 1684 1755 1682 1683 1755 1681 1682 1755 1680 1681 1755 1679 1680 1755 1678 1679 1755 1639 1781 1782 1639 1782 1783 1639 1783 1784 1639 1784 1785 1639 1785 1786 1639 1786 1787 1639 1787 1788 1639 1788 1789 1639 1789 1790 1639 1790 1791 1639 1791 1792 1639 1792 1793 1639 1793 1794 1639 1794 1758 1780 1781 1639 1779 1780 1639 1778 1779 1639 1795 1776 1777 1796 1777 1778 1796 1795 1777 1797 1796 1778 1797 1778 1639 1645 1639 1641 1798 1797 1639 1799 1798 1639 1799 1639 1645 1755 1639 1678 1678 1639 1758 1800 1801 1757 1640 1756 1801 1639 1756 1640 1801 1756 1757 1639 1755 1756 1646 1668 1645 1645 1668 1799 1799 1670 1798 1668 1670 1799 1798 1671 1797 1670 1671 1798 1797 1672 1796 1671 1672 1797 1796 1653 1795 1672 1653 1796 1795 1655 1776 1653 1655 1795 1776 1802 1775 1655 1802 1776 1775 1803 1774 1802 1803 1775 1774 1804 1773 1803 1804 1774 1773 1805 1772 1804 1805 1773 1772 1806 1771 1805 1806 1772 1771 1807 1770 1806 1807 1771 1807 1808 1770 1770 1808 1769 1808 1809 1769 1769 1809 1768 1809 1810 1768 1768 1810 1767 1810 1811 1767 1767 1811 1766 1811 1812 1766 1766 1812 1765 1812 1813 1765 1813 1764 1765 1813 1814 1764 1814 1763 1764 1814 1815 1763 1815 1762 1763 1815 1816 1762 1816 1760 1762 1816 1817 1760 1817 1761 1760 1817 1818 1761 690 1759 691 1759 1819 691 1761 1818 1759 1759 1818 1819 1819 1817 691 691 1817 715 1818 1817 1819 715 1816 714 1817 1816 715 714 1815 713 1816 1815 714 713 1814 712 1815 1814 713 712 1813 711 1814 1813 712 711 1812 710 1813 1812 711 710 1811 709 1812 1811 710 709 1810 708 1811 1810 709 708 1809 707 1810 1809 708 707 1808 706 1809 1808 707 1808 1807 706 706 1806 705 1807 1806 706 1806 1805 705 705 1805 704 1805 1804 704 704 1804 703 703 1803 702 1804 1803 703 702 1802 701 1803 1802 702 1802 1655 701 701 1652 700 1655 1652 701 700 1654 699 1652 1654 700 699 1667 698 1654 1667 699 698 1666 697 1667 1666 698 697 1664 695 1666 1664 697 695 1651 693 1664 1651 695 1651 1573 693 656 1820 658 1820 1606 658 1820 1821 1606 1606 1821 1638 1638 1822 1637 1821 1822 1638 1637 1823 1636 1822 1823 1637 1636 1824 1635 1823 1824 1636 1635 1825 1634 1824 1825 1635 1634 1826 1633 1825 1826 1634 1633 1827 1632 1826 1827 1633 1827 1828 1632 1632 1828 1631 1828 1829 1631 1631 1829 1630 1829 1830 1630 1630 1830 1629 1830 1831 1629 1629 1831 1628 1831 1832 1628 1628 1832 1627 1627 1833 1626 1832 1833 1627 1625 1834 1624 1626 1834 1625 1833 1834 1626 1834 1835 1624 1624 1836 1623 1835 1836 1624 1623 1837 1622 1836 1837 1623 1622 1838 1621 1837 1838 1622 1621 1839 1620 1838 1839 1621 1620 1840 1619 1839 1840 1620 1618 1841 1617 1619 1841 1618 1840 1841 1619 1841 1842 1617 1616 1843 1615 1617 1843 1616 1842 1843 1617 1843 1844 1615 1615 1845 1614 1844 1845 1615 1613 1846 1612 1614 1846 1613 1845 1846 1614 1612 1847 1611 1846 1847 1612 1847 1848 1611 1611 1849 1610 1848 1849 1611 1609 1850 1608 1610 1850 1609 1849 1850 1610 1608 1851 1605 1850 1851 1608 1851 1852 1605 1574 1605 1853 1853 1605 1852 1570 1604 1571 1571 1604 1854 1854 1603 1855 1604 1603 1854 1855 1602 1856 1603 1602 1855 1856 1601 1857 1602 1601 1856 1857 1600 1858 1601 1600 1857 1858 1599 1859 1600 1599 1858 1859 1598 1860 1599 1598 1859 1598 1597 1860 1860 1597 1861 1597 1596 1861 1861 1596 1862 1596 1595 1862 1862 1595 1863 1595 1594 1863 1863 1594 1864 1594 1593 1864 1864 1593 1865 1865 1592 1866 1593 1592 1865 1866 1591 1867 1592 1591 1866 1867 1590 1868 1591 1590 1867 1868 1589 1869 1590 1589 1868 1869 1588 1870 1589 1588 1869 1870 1587 1871 1588 1587 1870 1872 1586 1873 1871 1586 1872 1587 1586 1871 1586 1585 1873 1873 1584 1874 1585 1584 1873 1874 1583 1875 1584 1583 1874 1875 1582 1876 1583 1582 1875 1876 1581 1877 1582 1581 1876 1877 1580 1878 1581 1580 1877 1878 1579 1879 1580 1579 1878 1880 1578 1881 1879 1578 1880 1579 1578 1879 1578 1577 1881 1882 1576 1883 1881 1576 1882 1577 1576 1881 1883 1575 1884 1576 1575 1883 1575 1572 1884 1884 1574 1853 1572 1574 1884 814 1885 812 1885 1886 812 813 1885 814 1887 1888 1889 1890 1888 1887 1891 1888 1890 1892 1888 1891 1893 1888 1892 1894 1888 1893 1895 1888 1894 1896 1888 1895 1897 1888 1896 1898 1888 1897 1899 1888 1898 1900 1888 1899 1901 1888 1900 1902 1888 1901 1903 1888 1902 1904 1888 1903 1905 1888 1904 1906 1888 1905 1907 1888 1906 1908 1888 1907 1909 1888 1908 1910 1888 1909 1911 1888 1910 1912 1888 1911 1913 1888 1912 1914 1888 1913 1915 1888 1914 1916 1888 1915 1917 1888 1916 1918 1888 1917 1919 1888 1918 1885 1888 1919 1888 1920 1889 802 1921 801 1920 1922 1923 1923 1922 1924 1924 1922 1925 1925 1922 1926 1926 1922 1927 1927 1922 1928 1928 1922 1929 1929 1922 1930 1930 1922 1931 1931 1922 1932 1932 1922 1933 1933 1922 1934 1934 1922 1935 1935 1922 1936 1936 1922 1937 1937 1922 1938 1938 1922 1939 1939 1922 1940 1940 1922 1941 1941 1922 1942 1942 1922 1943 1943 1922 1944 1944 1922 1945 1945 1922 1946 1946 1922 1947 1947 1922 1948 1948 1922 1949 1949 1922 1950 1950 1922 1951 1951 1922 1952 1952 1922 1953 1953 1922 1921 1888 1922 1920 1922 801 1921 813 1888 1885 1954 1955 1956 1956 1957 1958 1958 1957 1959 1955 1957 1956 1960 1956 1958 1960 1958 1961 1962 1963 1964 1964 1963 1965 1966 1959 1888 1967 1968 1969 1970 1968 1967 1971 1972 1962 1973 1972 1971 1974 1972 1973 1975 1972 1974 1922 1972 1975 1962 1972 1963 1922 1976 1972 1972 1976 1963 1888 1977 1922 1963 1977 1959 1976 1977 1963 1922 1977 1976 1977 1978 1959 1888 1978 1977 1959 1978 1888 1979 1980 1966 1981 1980 1979 1982 1980 1981 1969 1980 1982 1966 1980 1959 1968 1980 1969 1983 1984 1985 1985 1984 1986 1986 1984 1987 1987 1984 1968 1968 1984 1980 1980 1984 1959 1958 1988 1961 1961 1988 1983 1959 1988 1958 1984 1988 1959 1983 1988 1984 1989 1990 1957 1957 1990 1959 1959 1990 1963 1991 1992 1989 1989 1992 1990 1993 796 1994 1994 749 1995 796 749 1994 1995 747 1996 749 747 1995 1996 745 1997 1997 745 1998 747 745 1996 745 743 1998 1998 743 1999 743 741 1999 1999 741 2000 2000 741 2001 741 738 2001 2001 738 2002 738 736 2002 2002 736 2003 736 734 2003 2003 734 2004 2004 734 2005 734 732 2005 2005 732 2006 732 730 2006 2006 730 2007 730 728 2007 2007 728 2008 2008 728 2009 728 726 2009 2009 726 2010 726 723 2010 2010 723 2011 2011 723 2012 723 721 2012 2012 721 2013 2013 719 2014 2014 719 2015 721 719 2013 2015 718 2016 719 718 2015 2016 717 2017 718 717 2016 2017 720 2018 717 720 2017 2018 722 2019 720 722 2018 2019 724 2020 722 724 2019 2020 727 2021 724 727 2020 2021 729 2022 727 729 2021 2022 731 2023 729 731 2022 2023 733 2024 2024 733 2025 731 733 2023 2025 735 2026 733 735 2025 735 737 2026 2026 737 2027 2027 737 2028 737 739 2028 2028 739 2029 2029 739 2030 739 742 2030 2030 742 2031 2031 742 2032 742 744 2032 2032 744 2033 2033 744 2034 744 746 2034 2034 746 2035 2035 746 2036 746 748 2036 2036 748 2037 2037 748 2038 2038 748 2039 748 751 2039 2039 751 2040 801 1975 773 1922 1975 801 773 1974 772 1975 1974 773 772 1973 771 1974 1973 772 771 1971 770 1973 1971 771 770 1962 769 1971 1962 770 769 1964 768 1962 1964 769 1964 1965 768 768 2041 767 1965 2041 768 2041 2042 767 767 2043 766 2042 2043 767 766 2044 765 2043 2044 766 2044 2045 765 2045 2046 765 765 2046 764 764 2047 763 2046 2047 764 2047 2048 763 2048 2049 763 763 2049 762 2049 2050 762 762 2051 761 2050 2051 762 2051 2052 761 761 2053 760 2052 2053 761 2053 2054 760 760 2055 759 2054 2055 760 2055 2056 759 759 2057 758 2056 2057 759 2057 2058 758 758 2059 757 2058 2059 758 2059 2060 757 2060 2061 757 757 2062 756 2061 2062 757 2062 2063 756 756 2064 755 2063 2064 756 2064 2065 755 755 2066 754 2065 2066 755 2066 2067 754 754 2068 753 2067 2068 754 2068 2069 753 2070 2014 2015 2070 2015 2016 2070 2016 2017 2070 2017 2018 2040 2020 2021 2040 2021 2022 2040 2022 2023 2040 2023 2024 2040 2024 2025 2040 2025 2026 2040 2026 2027 2040 2027 2028 2040 2028 2029 2040 2029 2030 2040 2030 2031 2040 2031 2032 2040 2032 2033 2040 2033 2034 2040 2034 2035 2040 2035 2036 2040 2036 2037 2040 2037 2038 2040 2038 2039 2071 2070 2018 2071 2018 2019 2071 2019 2020 2071 2020 2040 2069 2071 2040 2067 2069 2068 2066 2069 2067 2065 2069 2066 2064 2069 2065 2063 2069 2064 2062 2069 2063 2061 2069 2062 2060 2069 2061 2059 2069 2060 2058 2069 2059 2057 2069 2058 2056 2069 2057 2055 2069 2056 2054 2069 2055 2053 2069 2054 2052 2069 2053 2051 2069 2052 2050 2071 2069 2050 2069 2051 1963 2044 2043 1963 2043 2042 1963 2042 2041 1965 1963 2041 1990 2050 2049 1990 2049 2048 1990 2048 2047 1990 2047 2046 1990 2046 2045 1990 2045 2044 1990 2071 2050 1990 2044 1963 1992 2071 1990 2072 2071 1992 753 2040 751 2069 2040 753 796 2073 775 1993 2073 796 2074 2075 2076 2074 810 2075 2075 809 2077 810 809 2075 2077 808 2078 809 808 2077 808 807 2078 2078 806 2079 807 806 2078 2079 805 2080 806 805 2079 2080 804 2081 805 804 2080 2081 803 2082 804 803 2081 803 799 2082 2082 799 2083 2083 798 2084 799 798 2083 798 797 2084 2084 797 2085 2085 795 2086 797 795 2085 2086 794 2087 795 794 2086 2087 793 2088 794 793 2087 2088 792 2089 793 792 2088 2089 791 2090 792 791 2089 2090 790 2091 791 790 2090 2091 789 2092 790 789 2091 2092 788 2093 789 788 2092 2093 787 2094 788 787 2093 2094 786 2095 787 786 2094 2095 785 2096 786 785 2095 2096 784 2097 2097 784 2098 785 784 2096 2098 783 2099 784 783 2098 2099 782 2100 783 782 2099 2100 781 2101 2101 781 2102 782 781 2100 2102 780 2103 781 780 2102 2103 779 2104 780 779 2103 2104 778 2105 779 778 2104 2105 777 2106 2106 777 2107 778 777 2105 2107 776 2108 777 776 2107 776 774 2108 2108 774 2109 774 775 2109 2109 775 2073 2070 2004 2005 2070 2005 2006 2070 2006 2007 2070 2007 2008 2070 2008 2009 2070 2009 2010 2070 2010 2011 2070 2011 2012 2070 2012 2013 2070 2013 2014 2003 2004 2070 2002 2003 2070 2001 2002 2070 2000 2001 2070 1999 2000 2070 1998 1999 2070 1997 1998 2070 1996 1997 2070 1995 1996 2070 1994 1995 2070 1993 1994 2070 1954 2096 2097 1954 2097 2098 1954 2098 2099 1954 2099 2100 1954 2100 2101 1954 2101 2102 1954 2102 2103 1954 2103 2104 1954 2104 2105 1954 2105 2106 1954 2106 2107 1954 2107 2108 1954 2108 2109 1954 2109 2073 2095 2096 1954 2094 2095 1954 2093 2094 1954 2110 2091 2092 2111 2092 2093 2111 2110 2092 2112 2111 2093 2112 2093 1954 1960 1954 1956 2113 2112 1954 2114 2113 1954 2114 1954 1960 2070 1954 1993 1993 1954 2073 2115 2116 2072 1955 2071 2116 1954 2071 1955 2116 2071 2072 1954 2070 2071 1961 1983 1960 1960 1983 2114 2114 1985 2113 1983 1985 2114 2113 1986 2112 1985 1986 2113 2112 1987 2111 1986 1987 2112 2111 1968 2110 1987 1968 2111 2110 1970 2091 1968 1970 2110 2091 2117 2090 1970 2117 2091 2090 2118 2089 2117 2118 2090 2089 2119 2088 2118 2119 2089 2088 2120 2087 2119 2120 2088 2087 2121 2086 2120 2121 2087 2086 2122 2085 2121 2122 2086 2122 2123 2085 2085 2123 2084 2123 2124 2084 2084 2124 2083 2124 2125 2083 2083 2125 2082 2125 2126 2082 2082 2126 2081 2126 2127 2081 2081 2127 2080 2127 2128 2080 2128 2079 2080 2128 2129 2079 2129 2078 2079 2129 2130 2078 2130 2077 2078 2130 2131 2077 2131 2075 2077 2131 2132 2075 2132 2076 2075 2132 2133 2076 810 2074 811 2074 2134 811 2076 2133 2074 2074 2133 2134 2134 2132 811 811 2132 834 2133 2132 2134 834 2131 833 2132 2131 834 833 2130 832 2131 2130 833 832 2129 831 2130 2129 832 831 2128 830 2129 2128 831 830 2127 829 2128 2127 830 829 2126 828 2127 2126 829 828 2125 827 2126 2125 828 827 2124 826 2125 2124 827 826 2123 825 2124 2123 826 2123 2122 825 825 2121 824 2122 2121 825 2121 2120 824 824 2120 823 2120 2119 823 823 2119 822 822 2118 821 2119 2118 822 821 2117 820 2118 2117 821 2117 1970 820 820 1967 819 1970 1967 820 819 1969 818 1967 1969 819 818 1982 817 1969 1982 818 817 1981 816 1982 1981 817 816 1979 815 1981 1979 816 815 1966 813 1979 1966 815 1966 1888 813 800 1921 802 2135 1921 800 2135 2136 1921 1921 2136 1953 1953 2137 1952 2136 2137 1953 1952 2138 1951 2137 2138 1952 1951 2139 1950 2138 2139 1951 1950 2140 1949 2139 2140 1950 1949 2141 1948 2140 2141 1949 1948 2142 1947 2141 2142 1948 2142 2143 1947 1947 2143 1946 2143 2144 1946 1946 2144 1945 2144 2145 1945 1945 2145 1944 2145 2146 1944 1944 2146 1943 2146 2147 1943 1943 2147 1942 1942 2148 1941 2147 2148 1942 1941 2149 1940 2148 2149 1941 1940 2150 1939 2149 2150 1940 1939 2151 1938 2150 2151 1939 1938 2152 1937 2151 2152 1938 1937 2153 1936 2152 2153 1937 1936 2154 1935 2153 2154 1936 1934 2155 1933 1935 2155 1934 2154 2155 1935 2155 2156 1933 1932 2157 1931 1933 2157 1932 2156 2157 1933 2157 2158 1931 1931 2159 1930 2158 2159 1931 1929 2160 1928 1930 2160 1929 2159 2160 1930 1928 2161 1927 2160 2161 1928 2161 2162 1927 1927 2163 1926 2162 2163 1927 1926 2164 1925 2163 2164 1926 1924 2165 1923 1925 2165 1924 2164 2165 1925 2165 2166 1923 1923 2167 1920 2166 2167 1923 1889 1920 2168 2168 1920 2167 1885 1919 1886 1886 1919 2169 2169 1918 2170 1919 1918 2169 2170 1917 2171 1918 1917 2170 2171 1916 2172 1917 1916 2171 2172 1915 2173 1916 1915 2172 2173 1914 2174 1915 1914 2173 2174 1913 2175 1914 1913 2174 1913 1912 2175 2176 1912 2177 2175 1912 2176 1912 1911 2177 1911 1910 2177 2178 1910 2179 2177 1910 2178 1910 1909 2179 1909 1908 2179 2179 1908 2180 2180 1907 2181 1908 1907 2180 1907 1906 2181 2181 1906 2182 2182 1905 2183 1906 1905 2182 2183 1904 2184 1905 1904 2183 2184 1903 2185 1904 1903 2184 2185 1902 2186 1903 1902 2185 2186 1901 2187 1902 1901 2186 2187 1900 2188 1901 1900 2187 2188 1899 2189 1900 1899 2188 2189 1898 2190 1899 1898 2189 2190 1897 2191 1898 1897 2190 2191 1896 2192 1897 1896 2191 2192 1895 2193 1896 1895 2192 2193 1894 2194 1895 1894 2193 2194 1893 2195 1894 1893 2194 2195 1892 2196 1893 1892 2195 2196 1891 2197 1892 1891 2196 2198 1890 2199 2197 1890 2198 1891 1890 2197 1890 1887 2199 2199 1889 2168 1887 1889 2199 220 218 2200 218 216 2200 2201 2202 2203 2201 2204 2202 2201 2205 2204 2201 2206 2205 2201 2207 2206 2206 2207 2208 2208 2207 2209 2209 2207 2210 2210 2207 2211 2211 2207 2212 2207 2213 2212 2207 2214 2213 216 2215 2200 206 2215 208 208 2215 210 210 2215 212 212 2215 214 214 2215 216 2200 2215 2201 2201 2215 2207 183 173 181 183 229 173 173 171 181 181 2183 2184 2184 2185 181 181 2182 2183 2185 2186 181 181 2181 2182 2186 2187 181 181 2180 2181 2187 2188 181 181 2179 2180 2188 2189 181 171 2178 181 181 2178 2179 2189 2190 181 171 2177 2178 181 2191 190 2190 2191 181 171 2176 2177 2191 2192 190 171 2175 2176 2192 2193 190 171 2174 2175 2193 2194 190 171 2173 2174 2194 2195 190 171 2172 2173 2195 2196 190 190 2196 192 171 2171 2172 2196 2197 192 171 2170 2171 2197 2198 192 171 2169 2170 2198 2199 192 171 1886 2169 2199 2168 192 192 2168 194 2168 2167 194 194 2167 196 2167 2166 196 2166 2165 196 2165 2164 196 196 2164 199 2164 2163 199 2163 2162 199 199 2161 200 2162 2161 199 2161 2160 200 2160 2159 200 2159 2158 200 200 2158 202 2158 2157 202 2157 2156 202 2216 2217 2218 2219 2220 2221 2222 2223 2224 2225 2226 2227 2227 2226 2228 2229 2230 2226 2231 2232 2233 2233 2232 2234 2223 2232 2224 2226 2232 2228 2230 2232 2226 2228 2232 2223 2224 2232 2235 2235 2232 2236 2236 2232 2237 2237 2232 2220 2221 2232 2238 2216 2232 2217 2238 2232 2239 2220 2232 2221 2239 2232 2216 2217 2232 2240 2240 2232 2241 2241 2232 2242 2242 2232 2243 2243 2232 2244 2244 2232 2245 2245 2232 2246 2246 2232 2247 2247 2232 2248 2248 2232 2231 11 15 169 11 9 15 171 13 1886 9 13 15 13 812 1886 9 812 13 2151 1869 2152 2151 1868 1869 2150 1868 2151 1869 1870 2152 2152 1870 2153 2149 1867 2150 2150 1867 1868 2153 1871 2154 1870 1871 2153 2148 1866 2149 2149 1866 1867 2154 1872 2155 1871 1872 2154 2147 1865 2148 2148 1865 1866 1872 1873 2155 2155 1873 2156 2147 1864 1865 2146 1864 2147 1873 1874 2156 2156 1874 202 2145 1863 2146 2146 1863 1864 202 1875 204 1874 1875 202 2145 1862 1863 2144 1862 2145 1875 1876 204 2144 1861 1862 2143 1861 2144 204 1877 206 1876 1877 204 2143 1860 1861 2142 1860 2143 206 1878 2215 1877 1878 206 2142 1859 1860 2141 1859 2142 1878 1879 2215 2141 1858 1859 2140 1858 2141 1879 1880 2215 2140 1857 1858 2139 1857 2140 1880 1881 2215 2138 1856 2139 2139 1856 1857 1881 1882 2215 2138 1855 1856 2137 1855 2138 1882 1883 2215 2137 1854 1855 2136 1854 2137 1883 1884 2215 2136 1571 1854 2135 1571 2136 1884 1853 2215 1853 1852 2215 1852 1851 2215 1851 1850 2215 1850 1849 2215 1849 1848 2215 2215 1848 2249 1848 1847 2249 1847 1846 2249 1846 1845 2249 1845 1844 2249 1844 1843 2249 1843 1842 2249 2249 1841 2230 1842 1841 2249 1841 1840 2230 1840 1839 2230 1839 1838 2230 1838 1837 2230 1837 1836 2230 2135 692 1571 800 692 2135 2250 2251 2252 2253 2251 2254 2255 2251 2253 2256 2251 2255 2257 2251 2256 2258 2251 2257 2259 2251 2258 2260 2251 2259 2261 2251 2260 2262 2251 2261 2263 2251 2262 2264 2251 2263 2265 2251 2264 2252 2251 2265 2266 2267 2268 2269 2267 2266 2270 2267 2269 2271 2267 2270 2272 2267 2271 2273 2267 2272 2274 2267 2273 2274 2275 2267 2232 2276 2274 2274 2276 2275 2232 2277 2276 2232 2278 2277 2232 2279 2278 2232 2280 2279 2232 2281 2280 2232 2282 2281 2232 2283 2282 2232 2284 2283 2232 2285 2284 2232 2286 2285 2232 2287 2286 2232 2288 2287 2232 2289 2288 2232 2290 2289 2232 2291 2290 2232 2292 2291 2232 2293 2292 2251 1195 2254 2294 1195 2251 1195 2295 2254 1195 1194 2295 1828 227 1829 1827 227 1828 1826 227 1827 1825 227 1826 1824 227 1825 1823 227 1824 1822 227 1823 1821 227 1822 1820 227 1821 1820 149 227 656 149 1820 1357 1356 1358 1355 1354 1356 1354 1352 1356 1353 1352 1354 1356 1351 1358 1352 1351 1356 1351 1350 1358 1350 1348 1358 1349 1348 1350 1348 1347 1358 1346 1345 1347 1345 1343 1347 1344 1343 1345 1342 1341 1343 1341 1340 1343 1340 1339 1343 1343 1338 1347 1339 1338 1343 1347 1338 1358 1337 1336 1338 1336 1335 1338 149 189 227 327 325 189 325 322 189 1335 1332 1338 1333 1332 1334 1334 1332 1335 322 321 189 321 318 189 189 225 227 315 313 317 317 313 318 318 313 189 313 309 189 310 309 313 1331 1330 1332 1338 1330 1358 1332 1330 1338 309 303 189 305 303 306 306 303 309 303 298 189 301 298 303 298 297 189 297 293 189 295 293 297 293 291 189 1328 1327 1329 1329 1327 1330 1330 1327 1358 291 289 189 285 283 287 283 281 287 287 281 289 281 278 289 289 275 189 278 275 289 277 275 278 656 150 149 272 271 275 275 268 189 271 268 275 268 266 189 265 262 266 266 262 189 1324 1323 1325 1325 1323 1326 1326 1323 1327 1327 1323 1358 260 258 262 257 255 258 258 255 262 255 253 262 253 250 262 247 245 249 249 243 250 245 243 249 241 239 243 243 239 250 236 235 239 262 161 189 250 161 262 239 161 250 189 161 225 235 161 239 161 163 225 1322 1321 1323 1323 1320 1358 1321 1320 1323 1320 1319 1358 1319 1317 1358 1318 1317 1319 1315 1314 1316 1314 1312 1316 1317 1312 1358 1313 1312 1314 1316 1312 1317 1312 1311 1358 1194 1249 2295 1197 1249 1194 1197 1250 1249 1358 1250 1197 1310 1308 1311 1250 1256 1252 1252 1256 1254 1304 1302 1306 1306 1302 1308 1308 1302 1311 1358 1258 1250 1250 1258 1256 1358 1260 1258 1296 1294 1298 1298 1294 1300 1294 1292 1300 1311 1290 1358 1300 1290 1302 1302 1290 1311 1292 1290 1300 1260 1270 1262 1262 1270 1264 1264 1270 1266 1266 1270 1268 1288 1286 1290 1290 1286 1358 1270 1274 1272 1270 1276 1274 1284 1282 1286 1270 1278 1276 1358 1280 1260 1260 1280 1270 1282 1280 1286 1286 1280 1358 1270 1280 1278 227 22 1829 1835 22 1836 1834 22 1835 1833 22 1834 1832 22 1833 1831 22 1832 1830 22 1831 2232 22 2293 1829 22 1830 2230 22 2232 2293 22 2296 2296 22 2297 2297 22 2298 2298 22 2299 1836 22 2230 2294 1361 1195 2300 1361 2301 2301 1361 2302 2302 1361 2303 2303 1361 2304 2304 1361 2305 2305 1361 2306 2306 1361 2307 2307 1361 2308 2308 1361 2309 2309 1361 2310 2310 1361 2294 227 186 22 2311 596 2312 2312 596 2313 2313 596 2314 2314 596 2315 2315 596 2316 2316 596 2317 2317 596 2318 2318 596 2319 2319 596 2320 2320 596 2321 2321 596 2322 2322 596 2323 2323 596 2324 2324 596 2325 2325 596 2326 2326 596 2300 2300 596 1361 143 33 156 38 40 36 40 42 36 36 42 32 42 48 32 44 48 42 46 48 44 48 53 32 50 53 48 53 54 32 57 60 54 58 60 57 54 60 32 60 62 32 33 128 156 156 128 186 32 128 33 128 125 127 64 68 62 67 68 64 62 68 32 128 122 125 68 71 32 122 118 121 72 74 71 32 74 128 128 74 122 71 74 32 122 74 118 116 112 114 118 112 116 78 82 76 80 82 78 112 108 110 118 108 112 76 84 74 82 84 76 107 102 104 86 91 84 88 91 86 84 91 74 91 92 74 102 98 100 108 98 107 107 98 102 92 95 74 74 96 118 118 96 108 108 96 98 95 96 74 128 185 186 185 23 186 186 23 22 22 28 2299 2299 28 2327 2327 28 2328 2328 28 2329 2329 28 2330 2330 28 2331 2331 28 2332 2332 28 2333 2333 28 2334 2334 28 2335 2335 28 2336 2336 28 2337 2337 28 2338 2338 28 2339 2339 28 2340 185 130 23 395 130 185 596 460 594 596 458 460 596 461 458 596 463 461 596 465 463 596 467 465 596 469 467 2311 471 596 596 471 469 2341 471 2311 2341 473 471 2342 473 2343 2343 473 2341 2342 475 473 2344 475 2345 2345 475 2342 361 358 28 28 362 361 358 356 28 28 365 362 356 354 28 28 366 365 28 368 366 28 352 2340 354 352 28 2340 350 2346 352 350 2340 28 370 368 2346 348 2347 350 348 2346 28 373 370 2344 346 475 2347 346 2344 348 346 2347 475 346 477 28 374 373 346 344 477 28 376 374 344 342 477 477 342 479 28 379 376 342 340 479 28 380 379 340 338 479 479 338 481 28 382 380 338 336 481 28 384 382 336 334 481 28 387 384 334 332 481 481 332 483 28 388 387 28 390 388 332 329 483 329 328 483 483 328 485 135 392 28 28 392 390 485 555 487 328 555 485 555 556 487 556 557 487 487 558 489 557 558 487 558 559 489 559 560 489 560 561 489 562 491 561 563 491 562 561 491 489 563 564 491 564 565 491 566 1 565 567 1 566 568 1 567 569 1 568 570 1 569 571 1 570 572 1 571 573 1 572 574 1 573 575 1 574 576 1 575 577 1 576 565 1 491 578 5 577 579 5 578 580 5 579 581 5 580 582 5 581 583 5 582 584 5 583 585 5 584 586 5 585 513 5 586 577 5 1 135 517 392 133 517 135 5 145 1 159 3 145 145 3 1 516 7 513 513 7 5 223 153 230 7 155 223 223 155 153 516 155 7 219 221 2348 217 219 2348 2349 2350 2351 2352 2350 2349 2353 2350 2352 2354 2350 2353 2355 2350 2354 2355 2354 2356 2355 2356 2357 2355 2357 2358 2355 2358 2359 2355 2359 2360 2361 2355 2360 2362 2355 2361 2363 207 209 2363 209 211 2363 211 213 2363 213 215 2363 215 217 2363 2350 2355 2363 2348 2350 2363 217 2348 2363 198 201 2363 201 203 2363 203 205 2363 205 207 172 180 182 228 180 172 170 172 182 170 182 191 170 191 193 170 193 195 2364 2365 2366 2367 2368 2369 2370 2371 2372 2370 2372 2373 2370 2373 2374 2375 2376 2370 2375 2374 2377 2375 2377 2378 2375 2378 2379 2375 2379 2380 2375 2380 2381 2375 2381 2367 2375 2369 2382 2375 2365 2364 2375 2382 2365 2375 2364 2383 2375 2383 2384 2375 2384 2385 2375 2385 2386 2375 2386 2387 2375 2387 2388 2375 2388 2389 2375 2389 2390 2375 2390 2391 2375 2367 2369 2375 2391 2392 2375 2392 2393 2375 2393 2394 2375 2394 2395 2375 2395 2396 2375 2370 2374 12 10 168 8 10 12 14 8 12 2397 2398 2399 2397 2400 2401 2397 2402 2400 2397 2403 2402 2397 2404 2403 2397 2405 2404 2397 2406 2405 2397 2407 2406 2397 2408 2407 2397 2409 2408 2397 2410 2409 2397 2411 2410 2397 2412 2411 2397 2399 2412 2413 2414 2415 2413 2416 2414 2413 2417 2416 2413 2418 2417 2413 2419 2418 2413 2420 2419 2413 2421 2420 2422 2421 2413 2423 2375 2421 2423 2421 2422 2424 2375 2423 2425 2375 2424 2426 2375 2425 2427 2375 2426 2428 2375 2427 2429 2375 2428 2430 2375 2429 2431 2375 2430 2432 2375 2431 2433 2375 2432 2434 2375 2433 2435 2375 2434 2436 2375 2435 2437 2375 2436 2438 2375 2437 2439 2375 2438 2440 2375 2439 1176 2397 2401 1176 2441 2442 1176 2442 2443 1176 2443 2397 1176 2401 2444 224 198 2363 224 2363 2445 224 2445 2376 146 198 224 146 170 195 146 14 170 146 195 197 146 197 198 148 14 146 188 146 224 320 323 324 320 324 326 320 326 188 226 188 224 312 320 188 312 314 316 312 316 319 312 319 320 308 312 188 308 311 312 304 308 188 304 307 308 302 304 188 299 302 188 299 300 302 296 299 188 292 294 296 288 290 292 286 292 296 286 288 292 284 286 296 282 284 296 276 296 188 276 279 280 276 280 282 276 282 296 273 274 276 270 273 276 267 269 270 267 270 276 261 263 264 261 264 267 261 267 276 259 276 188 259 261 276 141 8 14 141 14 148 141 148 140 254 256 259 252 259 188 252 254 259 244 246 248 240 242 244 238 240 244 237 238 244 234 237 244 234 248 251 234 251 252 234 244 248 162 234 252 162 188 226 162 252 188 160 162 226 1248 1176 2444 1248 1174 1176 1247 1174 1248 1247 1309 1174 1305 1307 1309 1255 1251 1253 1257 1247 1251 1257 1251 1255 1299 1301 1303 1299 1303 1305 1297 1305 1309 1297 1299 1305 1261 1257 1259 1261 1247 1257 1295 1297 1309 1267 1263 1265 1289 1291 1293 1289 1293 1295 1289 1295 1309 1271 1267 1269 1285 1287 1289 1285 1289 1309 1273 1261 1263 1273 1247 1261 1273 1263 1267 1273 1267 1271 1283 1285 1309 1281 1283 1309 1279 1273 1275 1279 1275 1277 1279 1309 1247 1279 1247 1273 1279 1281 1309 20 2375 2440 20 224 2376 20 2376 2375 20 2440 2446 20 2446 2447 20 2447 2448 20 2448 2449 1362 2450 2451 1362 2451 2452 1362 2452 2453 1362 2453 2454 1362 2454 2455 1362 2455 2456 1362 2456 2457 1362 2457 2458 1362 2458 2441 1362 2441 1176 187 224 20 595 2459 2460 595 2460 2461 595 2461 2462 595 2462 2463 595 2463 2464 595 2464 2465 595 2465 2466 595 2466 2467 595 2467 2468 595 2468 2469 595 2469 2470 595 2470 2471 595 2471 2472 595 2472 2473 595 2473 2474 595 2474 2450 595 2450 1362 34 142 157 43 37 35 43 39 37 43 41 39 45 43 35 55 52 51 59 56 55 129 157 187 129 35 34 129 34 157 124 129 126 69 66 65 123 45 35 123 35 129 123 129 124 123 47 45 123 49 47 123 51 49 73 59 55 73 69 65 73 61 59 73 63 61 73 65 63 73 70 69 75 73 55 77 75 55 115 119 117 115 120 119 115 123 120 115 51 123 79 55 51 79 77 55 113 79 51 113 51 115 109 113 111 85 81 79 85 83 81 87 85 79 105 109 106 105 113 109 103 79 113 103 113 105 90 89 87 90 87 79 99 103 101 94 93 90 97 90 79 97 79 103 97 94 90 97 103 99 184 129 187 19 184 187 19 187 20 394 184 19 166 167 394 26 2475 2476 26 2476 2477 26 2477 2478 26 20 2449 26 2449 2479 26 2479 2480 26 2480 2481 26 2481 2482 26 2482 2483 26 2483 2484 26 2484 2485 26 2485 2486 26 2486 2487 26 2487 2488 26 2488 2489 26 2489 2475 131 394 19 131 166 394 457 595 593 459 595 457 462 595 459 464 595 462 466 595 464 468 595 466 470 595 468 472 2490 2459 472 2459 595 472 595 470 474 2491 2492 474 2492 2490 474 2490 472 476 2493 2494 476 2494 2491 476 2491 474 478 2478 2495 478 2495 2493 478 2493 476 478 26 2478 480 26 478 482 26 480 484 26 482 486 26 484 488 26 486 490 26 488 4 26 490 4 490 492 4 492 0 144 4 0 2 144 0 2 158 144 6 26 4 6 132 134 6 134 26 152 222 231 154 132 6 154 6 222 154 222 152 151 139 147 147 139 138 2295 2401 2254 2444 2401 2295 2267 2413 2415 2268 2415 2414 2268 2267 2415 2266 2414 2416 2266 2268 2414 2269 2416 2417 2269 2266 2416 2270 2417 2418 2270 2269 2417 2271 2418 2419 2271 2270 2418 2272 2419 2420 2272 2271 2419 2273 2420 2421 2273 2272 2420 2274 2273 2421 2253 2254 2401 2253 2401 2400 2255 2400 2402 2255 2253 2400 2256 2402 2403 2256 2255 2402 2257 2403 2404 2257 2256 2403 2258 2404 2405 2258 2257 2404 2259 2405 2406 2259 2258 2405 2260 2406 2407 2260 2259 2406 2261 2407 2408 2261 2260 2407 2262 2408 2409 2262 2261 2408 2263 2409 2410 2263 2262 2409 2264 2410 2411 2264 2263 2410 2265 2411 2412 2265 2264 2411 2252 2412 2399 2252 2265 2412 1248 2444 1249 1249 2444 2295 2413 2267 2422 2267 2275 2422 2275 2276 2422 2422 2276 2423 2423 2276 2424 2276 2277 2424 2277 2278 2424 2424 2278 2425 2425 2278 2426 2278 2279 2426 2279 2280 2426 2426 2280 2427 2427 2280 2428 2280 2281 2428 2281 2282 2428 2428 2282 2429 2429 2282 2430 2282 2283 2430 2430 2283 2431 2283 2284 2431 2284 2285 2431 2431 2285 2432 2432 2286 2433 2285 2286 2432 2433 2287 2434 2286 2287 2433 2434 2288 2435 2287 2288 2434 2435 2289 2436 2288 2289 2435 2436 2290 2437 2437 2290 2438 2289 2290 2436 2290 2291 2438 2438 2291 2439 2291 2292 2439 2439 2292 2440 2292 2293 2440 2440 2293 2446 2293 2296 2446 2296 2297 2446 2446 2297 2447 2447 2297 2448 2297 2298 2448 2298 2299 2448 2448 2299 2449 2299 2327 2449 2449 2327 2479 2327 2328 2479 2479 2328 2480 2480 2328 2481 2328 2329 2481 2481 2329 2482 2329 2330 2482 2330 2331 2482 2482 2331 2483 2483 2331 2484 2331 2332 2484 2332 2333 2484 2484 2333 2485 2333 2334 2485 2485 2334 2486 2486 2334 2487 2334 2335 2487 2335 2336 2487 2487 2336 2488 2336 2337 2488 2488 2337 2489 2337 2338 2489 2489 2338 2475 2338 2339 2475 2475 2339 2476 2476 2340 2477 2477 2340 2478 2339 2340 2476 2340 2346 2478 2478 2347 2495 2495 2347 2493 2346 2347 2478 2493 2344 2494 2347 2344 2493 2344 2345 2494 2494 2342 2491 2345 2342 2494 2342 2343 2491 2491 2343 2492 2492 2343 2490 2343 2341 2490 2490 2311 2459 2459 2311 2460 2341 2311 2490 2311 2312 2460 2460 2313 2461 2312 2313 2460 2461 2314 2462 2313 2314 2461 2462 2315 2463 2314 2315 2462 2463 2316 2464 2315 2316 2463 2464 2317 2465 2316 2317 2464 2465 2318 2466 2317 2318 2465 2466 2319 2467 2318 2319 2466 2467 2320 2468 2319 2320 2467 2468 2321 2469 2320 2321 2468 2469 2322 2470 2321 2322 2469 2470 2323 2471 2322 2323 2470 2471 2324 2472 2323 2324 2471 2472 2325 2473 2324 2325 2472 2473 2326 2474 2325 2326 2473 2474 2300 2450 2450 2300 2451 2326 2300 2474 2300 2301 2451 2451 2302 2452 2301 2302 2451 2200 221 220 2348 221 2200 2302 2303 2452 2452 2303 2453 2453 2304 2454 2454 2304 2455 2303 2304 2453 2304 2305 2455 2455 2306 2456 2305 2306 2455 2456 2307 2457 2306 2307 2456 2457 2308 2458 2307 2308 2457 2458 2309 2441 2308 2309 2458 2441 2310 2442 2309 2310 2441 2442 2294 2443 2310 2294 2442 2350 2200 2201 2350 2348 2200 2251 2443 2294 2397 2443 2251 2203 2350 2201 2351 2350 2203 2252 2398 2250 2399 2398 2252 2351 2203 2202 2349 2202 2204 2349 2351 2202 2352 2204 2205 2352 2349 2204 2353 2205 2206 2353 2352 2205 2354 2206 2208 2354 2353 2206 2356 2208 2209 2356 2354 2208 2357 2209 2210 2357 2356 2209 2358 2210 2211 2358 2357 2210 2359 2211 2212 2359 2358 2211 2360 2212 2213 2360 2359 2212 2361 2360 2213 2214 2361 2213 2362 2361 2214 2207 2362 2214 2355 2362 2207 2215 2355 2207 2363 2355 2215 2249 2363 2215 2445 2363 2249 2230 2445 2249 2376 2445 2230 2376 2230 2229 2370 2376 2229 2371 2229 2226 2371 2226 2225 2371 2370 2229 2372 2371 2225 2373 2225 2227 2373 2227 2228 2373 2372 2225 2374 2228 2223 2374 2373 2228 2377 2374 2223 2378 2223 2222 2378 2377 2223 2379 2222 2224 2379 2224 2235 2379 2378 2222 2380 2379 2235 2380 2235 2236 2381 2380 2236 2367 2381 2236 2367 2236 2237 2367 2237 2220 2368 2367 2220 2368 2220 2219 2369 2368 2219 2382 2369 2219 2382 2219 2221 2365 2382 2221 2365 2221 2238 2365 2238 2239 2366 2365 2239 2366 2239 2216 2364 2366 2216 2383 2364 2216 2383 2216 2218 2384 2383 2218 2384 2218 2217 2385 2384 2217 2385 2217 2240 2386 2240 2241 2386 2385 2240 2387 2241 2242 2387 2386 2241 2388 2242 2243 2388 2387 2242 2389 2243 2244 2389 2388 2243 2390 2244 2245 2390 2389 2244 2391 2245 2246 2391 2390 2245 2392 2246 2247 2392 2391 2246 2393 2247 2248 2393 2392 2247 2394 2248 2231 2394 2393 2248 2395 2231 2233 2395 2394 2231 2396 2233 2234 2396 2395 2233 2375 2396 2234 2375 2234 2232 2421 2232 2274 2421 2375 2232 2250 2397 2251 2398 2397 2250</p>
        </triangles>
      </mesh>
    </geometry>
    <geometry id="geometry_572cf98a_94f8_4158_8c45_772dd04752ea">
      <mesh>
        <source id="pos_1">
          <float_array id="pos_1-array" count="1692">2.79999995 45.59999847 42.09999847 3.28397465 43.79999924 42.09999847 3.30997419 43.84254456 42.09999847 3.33806205 43.88374329 42.09999847 3.36816859 43.92348862 42.09999847 3.40021873 43.96168518 42.09999847 3.43413305 43.99823761 42.09999847 3.46982718 44.03305054 42.09999847 3.5072124 44.06604385 42.09999847 3.54619551 44.09713364 42.09999847 3.58667994 44.12623978 42.09999847 3.62856483 44.15328979 42.09999847 3.67174602 44.17822266 42.09999847 3.71611619 44.2009697 42.09999847 3.76156521 44.22147751 42.09999847 3.80797982 44.23969269 42.09999847 3.85524487 44.25557327 42.09999847 3.90324259 44.2690773 42.09999847 3.95185375 44.28017426 42.09999847 4.00095797 44.2888298 42.09999847 4.05043221 44.2950325 42.09999847 4.10015392 44.29875565 42.09999847 0.94999999 43.79999924 42.09999847 2.20000005 46.20000076 42.09999847 0.94999999 46.20000076 42.09999847 4.1500001 44.29999924 42.09999847 5.5 45.59999847 42.09999847 4.19984579 44.29875565 42.09999847 4.24956799 44.2950325 42.09999847 4.29904222 44.2888298 42.09999847 4.34814596 44.28017426 42.09999847 4.3967576 44.2690773 42.09999847 4.44475508 44.25557327 42.09999847 4.49202013 44.23969269 42.09999847 4.53843498 44.22147751 42.09999847 4.58388376 44.2009697 42.09999847 4.62825394 44.17822266 42.09999847 4.67143536 44.15328979 42.09999847 4.71332026 44.12623978 42.09999847 4.75380421 44.09713364 42.09999847 4.79278755 44.06604385 42.09999847 4.83017254 44.03305054 42.09999847 4.86586666 43.99823761 42.09999847 4.89978123 43.96168518 42.09999847 4.93183136 43.92348862 42.09999847 4.9619379 43.88374329 42.09999847 4.990026 43.84254456 42.09999847 5.01602554 43.79999924 42.09999847 7.3499999 43.79999924 42.09999847 6.0999999 46.20000076 42.09999847 7.3499999 46.20000076 42.09999847 5.01602554 43.79999924 41.40000153 4.990026 43.84254456 41.40000153 4.9619379 43.88374329 41.40000153 4.93183136 43.92348862 41.40000153 4.89978123 43.96168518 41.40000153 4.86586666 43.99823761 41.40000153 4.83017254 44.03305054 41.40000153 4.79278755 44.06604385 41.40000153 4.75380421 44.09713364 41.40000153 4.71332026 44.12623978 41.40000153 4.67143536 44.15328979 41.40000153 4.62825394 44.17822266 41.40000153 4.58388376 44.2009697 41.40000153 4.53843498 44.22147751 41.40000153 4.49202013 44.23969269 41.40000153 4.44475508 44.25557327 41.40000153 4.3967576 44.2690773 41.40000153 4.34814596 44.28017426 41.40000153 4.29904222 44.2888298 41.40000153 4.24956799 44.2950325 41.40000153 4.19984579 44.29875565 41.40000153 4.1500001 44.29999924 41.40000153 4.10015392 44.29875565 41.40000153 4.05043221 44.2950325 41.40000153 4.00095797 44.2888298 41.40000153 3.95185375 44.28017426 41.40000153 3.90324259 44.2690773 41.40000153 3.85524487 44.25557327 41.40000153 3.80797982 44.23969269 41.40000153 3.76156521 44.22147751 41.40000153 3.71611619 44.2009697 41.40000153 3.67174602 44.17822266 41.40000153 3.62856483 44.15328979 41.40000153 3.58667994 44.12623978 41.40000153 3.54619551 44.09713364 41.40000153 3.5072124 44.06604385 41.40000153 3.46982718 44.03305054 41.40000153 3.43413305 43.99823761 41.40000153 3.40021873 43.96168518 41.40000153 3.36816859 43.92348862 41.40000153 3.33806205 43.88374329 41.40000153 3.30997419 43.84254456 41.40000153 3.28397465 43.79999924 41.40000153 3.62856483 42.44670868 41.40000153 3.28397465 42.79999924 41.40000153 3.58667994 42.47376251 41.40000153 3.54619551 42.50286865 41.40000153 3.5072124 42.53395462 41.40000153 3.46982718 42.56694794 41.40000153 3.43413305 42.60176468 41.40000153 3.40021873 42.63831329 41.40000153 3.36816859 42.67650986 41.40000153 3.33806205 42.71625519 41.40000153 3.30997419 42.75745392 41.40000153 0.94999999 42.79999924 41.40000153 0.94999999 43.79999924 41.40000153 3.67174602 42.42177963 41.40000153 3.71611619 42.39903259 41.40000153 3.76156521 42.37852478 41.40000153 3.80797982 42.36030579 41.40000153 3.85524487 42.34442902 41.40000153 3.90324259 42.33092117 41.40000153 3.95185375 42.31982803 41.40000153 4.00095797 42.31116867 41.40000153 4.05043221 42.30496979 41.40000153 4.10015392 42.30124283 41.40000153 4.1500001 42.29999924 41.40000153 4.19984579 42.30124283 41.40000153 4.24956799 42.30496979 41.40000153 4.29904222 42.31116867 41.40000153 4.34814596 42.31982803 41.40000153 4.3967576 42.33092117 41.40000153 4.44475508 42.34442902 41.40000153 4.49202013 42.36030579 41.40000153 4.53843498 42.37852478 41.40000153 4.58388376 42.39903259 41.40000153 4.62825394 42.42177963 41.40000153 4.67143536 42.44670868 41.40000153 4.71332026 42.47376251 41.40000153 4.75380421 42.50286865 41.40000153 4.79278755 42.53395462 41.40000153 4.83017254 42.56694794 41.40000153 4.86586666 42.60176468 41.40000153 4.89978123 42.63831329 41.40000153 4.93183136 42.67650986 41.40000153 4.9619379 42.71625519 41.40000153 4.990026 42.75745392 41.40000153 5.01602554 42.79999924 41.40000153 7.3499999 42.79999924 41.40000153 7.3499999 43.79999924 41.40000153 3.28397465 42.79999924 42.09999847 3.30997419 42.75745392 42.09999847 3.33806205 42.71625519 42.09999847 3.36816859 42.67650986 42.09999847 3.40021873 42.63831329 42.09999847 3.43413305 42.60176468 42.09999847 3.46982718 42.56694794 42.09999847 3.5072124 42.53395462 42.09999847 3.54619551 42.50286865 42.09999847 3.58667994 42.47376251 42.09999847 3.62856483 42.44670868 42.09999847 3.67174602 42.42177963 42.09999847 3.71611619 42.39903259 42.09999847 3.76156521 42.37852478 42.09999847 3.80797982 42.36030579 42.09999847 3.85524487 42.34442902 42.09999847 3.90324259 42.33092117 42.09999847 3.95185375 42.31982803 42.09999847 4.00095797 42.31116867 42.09999847 4.05043221 42.30496979 42.09999847 4.10015392 42.30124283 42.09999847 4.1500001 42.29999924 42.09999847 4.19984579 42.30124283 42.09999847 4.24956799 42.30496979 42.09999847 4.29904222 42.31116867 42.09999847 4.34814596 42.31982803 42.09999847 4.3967576 42.33092117 42.09999847 4.44475508 42.34442902 42.09999847 4.49202013 42.36030579 42.09999847 4.53843498 42.37852478 42.09999847 4.58388376 42.39903259 42.09999847 4.62825394 42.42177963 42.09999847 4.67143536 42.44670868 42.09999847 4.71332026 42.47376251 42.09999847 4.75380421 42.50286865 42.09999847 4.79278755 42.53395462 42.09999847 4.83017254 42.56694794 42.09999847 4.86586666 42.60176468 42.09999847 4.89978123 42.63831329 42.09999847 4.93183136 42.67650986 42.09999847 4.9619379 42.71625519 42.09999847 4.990026 42.75745392 42.09999847 5.01602554 42.79999924 42.09999847 7.3499999 42.79999924 42.09999847 0.94999999 40.59999847 42.09999847 0.94999999 42.79999924 42.09999847 7.3499999 40.59999847 42.09999847 3.46982718 58.96694946 42.09999847 3.43413305 59.00176239 42.09999847 0.94999999 57 42.09999847 3.40021873 59.03831482 42.09999847 3.5072124 58.93395615 42.09999847 3.36816859 59.07651138 42.09999847 0.94999999 59.20000076 42.09999847 3.54619551 58.90286636 42.09999847 3.33806205 59.11625671 42.09999847 3.58667994 58.87376022 42.09999847 3.30997419 59.15745544 42.09999847 3.62856483 58.84671021 42.09999847 3.28397465 59.20000076 42.09999847 3.67174602 58.82177734 42.09999847 3.71611619 58.7990303 42.09999847 3.76156521 58.77852249 42.09999847 3.80797982 58.76030731 42.09999847 3.85524487 58.74442673 42.09999847 3.90324259 58.7309227 42.09999847 3.95185375 58.71982574 42.09999847 4.00095797 58.7111702 42.09999847 4.05043221 58.7049675 42.09999847 4.10015392 58.70124435 42.09999847 4.1500001 58.70000076 42.09999847 7.3499999 57 42.09999847 4.93183136 59.07651138 42.09999847 4.89978123 59.03831482 42.09999847 4.86586666 59.00176239 42.09999847 4.83017254 58.96694946 42.09999847 4.79278755 58.93395615 42.09999847 4.75380421 58.90286636 42.09999847 4.71332026 58.87376022 42.09999847 4.67143536 58.84671021 42.09999847 4.62825394 58.82177734 42.09999847 4.58388376 58.7990303 42.09999847 4.53843498 58.77852249 42.09999847 4.49202013 58.76030731 42.09999847 4.44475508 58.74442673 42.09999847 4.3967576 58.7309227 42.09999847 4.34814596 58.71982574 42.09999847 4.29904222 58.7111702 42.09999847 4.24956799 58.7049675 42.09999847 4.19984579 58.70124435 42.09999847 7.3499999 59.20000076 42.09999847 5.01602554 59.20000076 42.09999847 4.990026 59.15745544 42.09999847 4.9619379 59.11625671 42.09999847 3.28397465 59.20000076 41.40000153 3.30997419 59.15745544 41.40000153 3.33806205 59.11625671 41.40000153 3.36816859 59.07651138 41.40000153 3.40021873 59.03831482 41.40000153 3.43413305 59.00176239 41.40000153 3.46982718 58.96694946 41.40000153 3.5072124 58.93395615 41.40000153 3.54619551 58.90286636 41.40000153 3.58667994 58.87376022 41.40000153 3.62856483 58.84671021 41.40000153 3.67174602 58.82177734 41.40000153 3.71611619 58.7990303 41.40000153 3.76156521 58.77852249 41.40000153 3.80797982 58.76030731 41.40000153 3.85524487 58.74442673 41.40000153 3.90324259 58.7309227 41.40000153 3.95185375 58.71982574 41.40000153 4.00095797 58.7111702 41.40000153 4.05043221 58.7049675 41.40000153 4.10015392 58.70124435 41.40000153 4.1500001 58.70000076 41.40000153 4.19984579 58.70124435 41.40000153 4.24956799 58.7049675 41.40000153 4.29904222 58.7111702 41.40000153 4.34814596 58.71982574 41.40000153 4.3967576 58.7309227 41.40000153 4.44475508 58.74442673 41.40000153 4.49202013 58.76030731 41.40000153 4.53843498 58.77852249 41.40000153 4.58388376 58.7990303 41.40000153 4.62825394 58.82177734 41.40000153 4.67143536 58.84671021 41.40000153 4.71332026 58.87376022 41.40000153 4.75380421 58.90286636 41.40000153 4.79278755 58.93395615 41.40000153 4.83017254 58.96694946 41.40000153 4.86586666 59.00176239 41.40000153 4.89978123 59.03831482 41.40000153 4.93183136 59.07651138 41.40000153 4.9619379 59.11625671 41.40000153 4.990026 59.15745544 41.40000153 5.01602554 59.20000076 41.40000153 0.94999999 59.20000076 41.40000153 0.94999999 60.20000076 41.40000153 3.28397465 60.20000076 41.40000153 3.30997419 60.24254608 41.40000153 3.33806205 60.28374481 41.40000153 3.36816859 60.32349014 41.40000153 3.40021873 60.36168671 41.40000153 3.5072124 60.46604538 41.40000153 3.43413305 60.39823532 41.40000153 3.46982718 60.43305206 41.40000153 3.54619551 60.49713135 41.40000153 3.58667994 60.52623749 41.40000153 3.71611619 60.60096741 41.40000153 3.62856483 60.55329132 41.40000153 3.67174602 60.57822037 41.40000153 3.76156521 60.62147522 41.40000153 3.80797982 60.63969421 41.40000153 3.95185375 60.68017197 41.40000153 3.85524487 60.65557098 41.40000153 3.90324259 60.66907883 41.40000153 4.05043221 60.69503021 41.40000153 4.00095797 60.68883133 41.40000153 4.1500001 60.70000076 41.40000153 4.10015392 60.69875717 41.40000153 4.29904222 60.68883133 41.40000153 4.19984579 60.69875717 41.40000153 4.24956799 60.69503021 41.40000153 4.3967576 60.66907883 41.40000153 4.34814596 60.68017197 41.40000153 4.53843498 60.62147522 41.40000153 4.44475508 60.65557098 41.40000153 4.49202013 60.63969421 41.40000153 4.62825394 60.57822037 41.40000153 4.58388376 60.60096741 41.40000153 4.67143536 60.55329132 41.40000153 5.01602554 60.20000076 41.40000153 4.990026 60.24254608 41.40000153 4.9619379 60.28374481 41.40000153 4.75380421 60.49713135 41.40000153 4.71332026 60.52623749 41.40000153 4.93183136 60.32349014 41.40000153 4.89978123 60.36168671 41.40000153 4.83017254 60.43305206 41.40000153 4.79278755 60.46604538 41.40000153 4.86586666 60.39823532 41.40000153 7.3499999 59.20000076 41.40000153 7.3499999 60.20000076 41.40000153 7.3499999 60.20000076 42.09999847 5.01602554 60.20000076 42.09999847 2.79999995 62 42.09999847 3.28397465 60.20000076 42.09999847 3.30997419 60.24254608 42.09999847 3.33806205 60.28374481 42.09999847 3.36816859 60.32349014 42.09999847 3.40021873 60.36168671 42.09999847 3.43413305 60.39823532 42.09999847 3.46982718 60.43305206 42.09999847 3.5072124 60.46604538 42.09999847 3.54619551 60.49713135 42.09999847 3.58667994 60.52623749 42.09999847 3.62856483 60.55329132 42.09999847 3.67174602 60.57822037 42.09999847 3.71611619 60.60096741 42.09999847 3.76156521 60.62147522 42.09999847 3.80797982 60.63969421 42.09999847 3.85524487 60.65557098 42.09999847 3.90324259 60.66907883 42.09999847 3.95185375 60.68017197 42.09999847 4.00095797 60.68883133 42.09999847 4.05043221 60.69503021 42.09999847 4.10015392 60.69875717 42.09999847 0.94999999 60.20000076 42.09999847 2.20000005 62.59999847 42.09999847 0.94999999 62.59999847 42.09999847 4.1500001 60.70000076 42.09999847 5.5 62 42.09999847 4.19984579 60.69875717 42.09999847 4.24956799 60.69503021 42.09999847 4.29904222 60.68883133 42.09999847 4.34814596 60.68017197 42.09999847 4.3967576 60.66907883 42.09999847 4.44475508 60.65557098 42.09999847 4.49202013 60.63969421 42.09999847 4.53843498 60.62147522 42.09999847 4.58388376 60.60096741 42.09999847 4.62825394 60.57822037 42.09999847 4.67143536 60.55329132 42.09999847 4.71332026 60.52623749 42.09999847 4.75380421 60.49713135 42.09999847 4.79278755 60.46604538 42.09999847 4.83017254 60.43305206 42.09999847 4.86586666 60.39823532 42.09999847 4.89978123 60.36168671 42.09999847 4.93183136 60.32349014 42.09999847 4.9619379 60.28374481 42.09999847 4.990026 60.24254608 42.09999847 6.0999999 62.59999847 42.09999847 7.3499999 62.59999847 42.09999847 3.28397465 13.92500019 42.09999847 2.79999995 12.125 42.09999847 3.30997419 13.88245392 42.09999847 3.33806205 13.84125614 42.09999847 3.36816859 13.80150986 42.09999847 3.40021873 13.76331425 42.09999847 3.43413305 13.72676277 42.09999847 3.46982718 13.69194794 42.09999847 3.5072124 13.65895557 42.09999847 3.54619551 13.6278677 42.09999847 3.58667994 13.5987606 42.09999847 3.62856483 13.57170868 42.09999847 3.67174602 13.54677868 42.09999847 3.71611619 13.52403069 42.09999847 3.76156521 13.50352383 42.09999847 3.80797982 13.48530674 42.09999847 3.85524487 13.46942711 42.09999847 3.90324259 13.45592213 42.09999847 3.95185375 13.44482708 42.09999847 4.00095797 13.43616867 42.09999847 4.05043221 13.42996883 42.09999847 4.10015392 13.42624283 42.09999847 0.94999999 13.92500019 42.09999847 2.20000005 11.52499962 42.09999847 0.94999999 11.52499962 42.09999847 4.1500001 13.42500019 42.09999847 5.5 12.125 42.09999847 4.19984579 13.42624283 42.09999847 4.24956799 13.42996883 42.09999847 4.29904222 13.43616867 42.09999847 4.34814596 13.44482708 42.09999847 4.3967576 13.45592213 42.09999847 4.44475508 13.46942711 42.09999847 4.49202013 13.48530674 42.09999847 4.53843498 13.50352383 42.09999847 4.58388376 13.52403069 42.09999847 4.62825394 13.54677868 42.09999847 4.67143536 13.57170868 42.09999847 4.71332026 13.5987606 42.09999847 4.75380421 13.6278677 42.09999847 4.79278755 13.65895557 42.09999847 4.83017254 13.69194794 42.09999847 4.86586666 13.72676277 42.09999847 4.89978123 13.76331425 42.09999847 4.93183136 13.80150986 42.09999847 4.9619379 13.84125614 42.09999847 4.990026 13.88245392 42.09999847 5.01602554 13.92500019 42.09999847 7.3499999 13.92500019 42.09999847 6.0999999 11.52499962 42.09999847 7.3499999 11.52499962 42.09999847 3.28397465 13.92500019 41.40000153 0.94999999 13.92500019 41.40000153 3.30997419 14.96754646 41.40000153 3.28397465 14.92500019 41.40000153 0.94999999 14.92500019 41.40000153 3.33806205 13.84125614 41.40000153 3.30997419 13.88245392 41.40000153 3.36816859 13.80150986 41.40000153 3.40021873 13.76331425 41.40000153 3.43413305 13.72676277 41.40000153 3.46982718 13.69194794 41.40000153 3.5072124 13.65895557 41.40000153 3.54619551 13.6278677 41.40000153 5.01602554 13.92500019 41.40000153 3.58667994 13.5987606 41.40000153 3.62856483 13.57170868 41.40000153 3.67174602 13.54677868 41.40000153 3.71611619 13.52403069 41.40000153 3.76156521 13.50352383 41.40000153 3.80797982 13.48530674 41.40000153 3.85524487 13.46942711 41.40000153 3.90324259 13.45592213 41.40000153 3.95185375 13.44482708 41.40000153 4.00095797 13.43616867 41.40000153 4.05043221 13.42996883 41.40000153 4.10015392 13.42624283 41.40000153 4.1500001 13.42500019 41.40000153 4.19984579 13.42624283 41.40000153 4.24956799 13.42996883 41.40000153 4.29904222 13.43616867 41.40000153 4.34814596 13.44482708 41.40000153 4.3967576 13.45592213 41.40000153 4.44475508 13.46942711 41.40000153 4.49202013 13.48530674 41.40000153 4.53843498 13.50352383 41.40000153 4.58388376 13.52403069 41.40000153 4.62825394 13.54677868 41.40000153 5.01602554 14.92500019 41.40000153 4.990026 14.96754646 41.40000153 4.9619379 15.00874329 41.40000153 4.93183136 15.04848957 41.40000153 4.89978123 15.08668518 41.40000153 4.86586666 15.12323666 41.40000153 4.83017254 15.15805149 41.40000153 4.79278755 15.19104385 41.40000153 4.75380421 15.22213268 41.40000153 4.71332026 15.25123882 41.40000153 4.67143536 15.27829075 41.40000153 4.62825394 15.3032217 41.40000153 4.58388376 15.32596874 41.40000153 4.53843498 15.3464756 41.40000153 4.49202013 15.36469269 41.40000153 4.44475508 15.38057232 41.40000153 4.3967576 15.3940773 41.40000153 4.34814596 15.40517235 41.40000153 4.29904222 15.41383076 41.40000153 4.24956799 15.42003059 41.40000153 4.19984579 15.4237566 41.40000153 4.1500001 15.42500019 41.40000153 4.10015392 15.4237566 41.40000153 4.05043221 15.42003059 41.40000153 4.00095797 15.41383076 41.40000153 3.95185375 15.40517235 41.40000153 3.90324259 15.3940773 41.40000153 3.85524487 15.38057232 41.40000153 3.80797982 15.36469269 41.40000153 3.76156521 15.3464756 41.40000153 3.71611619 15.32596874 41.40000153 3.67174602 15.3032217 41.40000153 3.62856483 15.27829075 41.40000153 3.58667994 15.25123882 41.40000153 3.54619551 15.22213268 41.40000153 3.5072124 15.19104385 41.40000153 3.46982718 15.15805149 41.40000153 3.43413305 15.12323666 41.40000153 3.40021873 15.08668518 41.40000153 3.36816859 15.04848957 41.40000153 3.33806205 15.00874329 41.40000153 4.67143536 13.57170868 41.40000153 4.71332026 13.5987606 41.40000153 4.9619379 13.84125614 41.40000153 4.990026 13.88245392 41.40000153 4.75380421 13.6278677 41.40000153 4.93183136 13.80150986 41.40000153 4.79278755 13.65895557 41.40000153 4.89978123 13.76331425 41.40000153 4.83017254 13.69194794 41.40000153 4.86586666 13.72676277 41.40000153 7.3499999 14.92500019 41.40000153 7.3499999 13.92500019 41.40000153 7.3499999 14.92500019 42.09999847 5.01602554 14.92500019 42.09999847 3.43413305 15.12323666 42.09999847 3.46982718 15.15805149 42.09999847 0.94999999 17.125 42.09999847 3.40021873 15.08668518 42.09999847 3.5072124 15.19104385 42.09999847 0.94999999 14.92500019 42.09999847 3.36816859 15.04848957 42.09999847 3.54619551 15.22213268 42.09999847 3.33806205 15.00874329 42.09999847 3.58667994 15.25123882 42.09999847 3.30997419 14.96754646 42.09999847 3.62856483 15.27829075 42.09999847 3.28397465 14.92500019 42.09999847 3.67174602 15.3032217 42.09999847 3.71611619 15.32596874 42.09999847 3.76156521 15.3464756 42.09999847 3.80797982 15.36469269 42.09999847 3.85524487 15.38057232 42.09999847 3.90324259 15.3940773 42.09999847 3.95185375 15.40517235 42.09999847 4.00095797 15.41383076 42.09999847 4.05043221 15.42003059 42.09999847 4.10015392 15.4237566 42.09999847 4.1500001 15.42500019 42.09999847 4.93183136 15.04848957 42.09999847 7.3499999 17.125 42.09999847 4.89978123 15.08668518 42.09999847 4.86586666 15.12323666 42.09999847 4.83017254 15.15805149 42.09999847 4.79278755 15.19104385 42.09999847 4.75380421 15.22213268 42.09999847 4.71332026 15.25123882 42.09999847 4.67143536 15.27829075 42.09999847 4.62825394 15.3032217 42.09999847 4.58388376 15.32596874 42.09999847 4.53843498 15.3464756 42.09999847 4.49202013 15.36469269 42.09999847 4.44475508 15.38057232 42.09999847 4.3967576 15.3940773 42.09999847 4.34814596 15.40517235 42.09999847 4.29904222 15.41383076 42.09999847 4.24956799 15.42003059 42.09999847 4.19984579 15.4237566 42.09999847 4.990026 14.96754646 42.09999847 4.9619379 15.00874329 42.09999847</float_array>
          <technique_common>
            <accessor source="#pos_1-array" count="1692" stride="3">
              <param name="X" type="float"/>
              <param name="Y" type="float"/>
              <param name="Z" type="float"/>
            </accessor>
          </technique_common>
        </source>
        <source id="uvs_1">
          <float_array id="uvs_1-array" count="0"></float_array>
          <technique_common>
            <accessor source="#uvs_1-array" count="0" stride="2">
              <param name="S" type="float"/>
              <param name="T" type="float"/>
            </accessor>
          </technique_common>
        </source>
        <vertices id="vert_1">
          <input semantic="POSITION" source="#pos_1"/>
        </vertices>
        <triangles count="1074" material="mat_1">
          <input semantic="VERTEX" source="#vert_1" offset="0"/>
          <p>0 1 2 0 2 3 0 3 4 0 4 5 0 5 6 0 6 7 0 7 8 0 8 9 0 9 10 0 10 11 0 11 12 0 12 13 0 13 14 0 14 15 0 15 16 0 16 17 0 17 18 0 18 19 0 19 20 0 20 21 0 22 1 23 22 0 23 24 22 25 0 21 26 25 27 26 27 28 26 28 29 26 29 30 26 30 31 26 31 32 26 32 33 26 33 34 26 34 35 26 35 36 26 36 37 26 37 38 26 38 39 26 39 40 26 40 41 26 41 42 26 42 43 26 43 44 26 44 45 26 45 46 26 46 47 26 0 25 48 26 47 49 26 48 50 49 48 47 46 51 51 46 52 46 45 52 52 45 53 45 44 53 53 44 54 44 43 54 54 43 55 43 42 55 55 42 56 42 41 56 56 41 57 41 40 57 57 40 58 40 39 58 58 39 59 39 38 59 59 38 60 38 37 60 60 37 61 37 36 61 61 36 62 36 35 62 62 35 63 35 34 63 63 34 64 34 33 64 64 33 65 33 32 65 65 32 66 32 31 66 66 31 67 31 30 67 67 30 68 30 29 68 68 29 69 69 28 70 29 28 69 70 27 71 28 27 70 71 25 72 27 25 71 72 21 73 25 21 72 73 20 74 21 20 73 74 19 75 20 19 74 75 18 76 19 18 75 76 17 77 18 17 76 77 16 78 17 16 77 16 15 78 78 15 79 15 14 79 79 14 80 14 13 80 80 13 81 13 12 81 81 12 82 12 11 82 82 11 83 11 10 83 83 10 84 10 9 84 84 9 85 9 8 85 85 8 86 8 7 86 86 7 87 7 6 87 87 6 88 6 5 88 88 5 89 89 4 90 5 4 89 90 3 91 4 3 90 91 2 92 3 2 91 92 1 93 2 1 92 94 95 96 96 95 97 97 95 98 98 95 99 99 95 100 100 95 101 101 95 102 102 95 103 103 95 104 105 95 106 94 107 95 107 108 95 108 109 95 109 110 95 110 111 95 111 112 95 112 113 95 113 114 95 114 115 95 115 116 95 116 117 95 117 118 95 118 119 95 119 120 95 120 121 95 121 122 95 122 123 95 123 124 95 124 125 95 125 126 95 126 127 95 95 93 106 127 128 95 95 92 93 128 129 95 95 91 92 129 130 95 95 90 91 130 131 95 95 89 90 131 132 95 95 88 89 132 133 95 95 87 88 133 134 95 95 86 87 134 135 95 95 85 86 135 136 95 95 84 85 136 137 95 95 83 84 137 138 95 95 82 83 95 81 82 95 80 81 95 79 80 95 78 79 95 77 78 95 76 77 95 75 76 95 74 75 95 73 74 95 72 73 95 71 72 95 70 71 95 69 70 95 68 69 95 67 68 95 66 67 95 65 66 95 64 65 95 63 64 95 62 63 95 61 62 138 52 95 51 52 138 95 60 61 52 53 95 95 59 60 53 54 95 95 58 59 54 55 95 95 57 58 55 56 95 95 56 57 138 139 51 139 140 51 95 141 104 104 142 103 141 142 104 103 143 102 142 143 103 102 144 101 143 144 102 144 145 101 101 145 100 145 146 100 100 146 99 146 147 99 99 147 98 147 148 98 98 148 97 148 149 97 97 149 96 149 150 96 96 150 94 94 151 107 150 151 94 107 152 108 151 152 107 152 153 108 108 153 109 109 154 110 153 154 109 110 155 111 154 155 110 111 156 112 155 156 111 112 157 113 156 157 112 113 158 114 157 158 113 114 159 115 158 159 114 115 160 116 159 160 115 116 161 117 160 161 116 117 162 118 161 162 117 118 163 119 162 163 118 119 164 120 163 164 119 120 165 121 164 165 120 121 166 122 165 166 121 122 167 123 166 167 122 123 168 124 167 168 123 124 169 125 168 169 124 169 170 125 125 170 126 170 171 126 126 171 127 127 172 128 171 172 127 128 173 129 172 173 128 129 174 130 173 174 129 130 175 131 174 175 130 131 176 132 175 176 131 132 177 133 176 177 132 133 178 134 177 178 133 134 179 135 178 179 134 135 180 136 179 180 135 136 181 137 180 181 136 137 182 138 181 182 137 182 183 138 183 184 139 183 139 138 147 146 185 145 185 146 148 147 185 144 186 185 144 185 145 149 148 185 143 186 144 150 149 185 142 186 143 151 150 185 141 186 142 152 151 185 153 152 185 154 153 185 155 154 185 156 155 185 157 156 185 158 157 185 159 158 185 160 159 185 161 160 185 162 161 185 187 180 179 187 179 178 187 178 177 187 177 176 187 176 175 187 175 174 187 174 173 187 173 172 187 172 171 187 171 170 187 170 169 187 169 168 187 168 167 187 167 166 187 166 165 187 165 164 187 164 163 187 163 162 187 162 185 184 183 182 184 182 181 184 181 180 184 180 187 186 141 95 186 95 105 140 47 51 48 47 140 1 22 106 1 106 93 188 189 190 191 190 189 192 188 190 193 194 190 193 190 191 195 192 190 196 194 193 197 195 190 198 194 196 199 197 190 200 194 198 201 199 190 202 201 190 203 202 190 204 203 190 205 204 190 206 205 190 207 206 190 208 207 190 209 208 190 210 209 190 211 210 190 212 213 214 212 214 215 212 215 216 212 216 217 212 217 218 212 218 219 212 219 220 212 220 221 212 221 222 212 222 223 212 223 224 212 224 225 212 225 226 212 226 227 212 227 228 212 228 229 212 229 230 212 230 211 212 211 190 231 232 233 231 233 234 231 234 213 231 213 212 235 200 236 236 198 237 200 198 236 237 196 238 198 196 237 238 193 239 196 193 238 193 191 239 239 191 240 191 189 240 240 189 241 189 188 241 241 188 242 188 192 242 242 192 243 192 195 243 243 195 244 195 197 244 244 197 245 245 199 246 197 199 245 246 201 247 199 201 246 201 202 247 247 202 248 248 203 249 202 203 248 249 204 250 203 204 249 250 205 251 204 205 250 251 206 252 205 206 251 252 207 253 206 207 252 253 208 254 207 208 253 254 209 255 208 209 254 255 210 256 209 210 255 256 211 257 210 211 256 257 230 258 211 230 257 258 229 259 230 229 258 259 228 260 229 228 259 260 227 261 228 227 260 261 226 262 227 226 261 262 225 263 226 225 262 263 224 264 225 224 263 224 223 264 264 223 265 223 222 265 265 222 266 266 221 267 222 221 266 267 220 268 221 220 267 268 219 269 220 219 268 269 218 270 219 218 269 270 217 271 218 217 270 271 216 272 217 216 271 272 215 273 216 215 272 273 214 274 215 214 273 274 213 275 214 213 274 275 234 276 213 234 275 276 233 277 234 233 276 233 232 277 194 200 235 194 235 278 243 244 242 242 244 241 240 236 239 239 236 238 238 236 237 244 245 241 278 235 279 245 247 241 246 247 245 249 250 248 252 253 251 251 253 250 255 256 254 254 256 253 258 259 257 259 260 257 257 260 256 262 263 261 261 263 260 263 265 260 264 265 263 235 280 279 235 281 280 236 281 235 236 282 281 236 283 282 269 270 268 240 284 236 260 284 256 253 284 250 247 284 241 250 284 248 256 284 253 265 284 260 266 284 265 236 284 283 248 284 247 241 284 240 270 273 268 272 273 271 271 273 270 268 273 267 267 273 266 284 285 286 286 285 287 273 274 266 284 288 285 284 289 288 276 277 275 289 290 291 291 290 292 284 290 289 284 293 290 294 295 296 296 295 297 294 298 295 295 298 299 293 300 294 294 300 298 298 300 301 300 302 303 303 302 304 302 305 306 300 305 302 293 307 300 305 307 308 308 307 309 300 307 305 307 310 311 307 312 310 313 314 277 314 315 277 277 315 275 312 316 317 307 316 312 318 319 315 315 319 275 275 319 274 316 320 321 284 322 293 316 322 320 266 322 284 293 322 307 307 322 316 319 322 274 274 322 266 323 324 277 277 324 313 325 326 313 325 313 324 327 328 329 327 329 330 327 330 331 327 331 332 327 332 333 327 333 334 327 334 335 327 335 336 327 336 337 327 337 338 327 338 339 327 339 340 327 340 341 327 341 342 327 342 343 327 343 344 327 344 345 327 345 346 327 346 347 327 347 348 327 349 328 350 349 327 350 351 349 352 327 348 353 352 354 353 354 355 353 355 356 353 356 357 353 357 358 353 358 359 353 359 360 353 360 361 353 361 362 353 362 363 353 363 364 353 364 365 353 365 366 353 366 367 353 367 368 353 368 369 353 369 370 353 370 371 353 371 372 353 372 373 353 373 326 353 327 352 325 353 326 374 353 325 375 374 325 328 349 279 328 279 280 326 373 313 313 373 314 373 372 314 314 372 315 372 371 315 315 371 318 371 370 318 318 370 319 370 369 319 319 369 322 369 368 322 322 368 320 368 367 320 320 367 321 367 366 321 321 366 316 366 365 316 316 365 317 365 364 317 317 364 312 364 363 312 312 363 310 363 362 310 310 362 311 362 361 311 311 361 307 361 360 307 307 360 309 360 359 309 309 359 308 359 358 308 308 358 305 358 357 305 305 357 306 357 356 306 306 356 302 302 355 304 356 355 302 304 354 303 355 354 304 303 352 300 354 352 303 300 348 301 352 348 300 301 347 298 348 347 301 298 346 299 347 346 298 299 345 295 346 345 299 295 344 297 345 344 295 297 343 296 344 343 297 343 342 296 296 342 294 342 341 294 294 341 293 341 340 293 293 340 290 340 339 290 290 339 292 339 338 292 292 338 291 338 337 291 291 337 289 337 336 289 289 336 288 336 335 288 288 335 285 335 334 285 285 334 287 334 333 287 287 333 286 333 332 286 286 332 284 284 331 283 332 331 284 283 330 282 331 330 283 282 329 281 330 329 282 281 328 280 329 328 281 277 231 323 232 231 277 376 377 378 378 377 379 379 377 380 380 377 381 381 377 382 382 377 383 383 377 384 384 377 385 385 377 386 386 377 387 387 377 388 388 377 389 389 377 390 390 377 391 391 377 392 392 377 393 393 377 394 394 377 395 395 377 396 396 377 397 398 377 376 398 399 377 400 399 398 377 401 397 401 402 403 403 402 404 404 402 405 405 402 406 406 402 407 407 402 408 408 402 409 409 402 410 410 402 411 411 402 412 412 402 413 413 402 414 414 402 415 415 402 416 416 402 417 417 402 418 418 402 419 419 402 420 420 402 421 421 402 422 422 402 423 377 402 401 402 424 423 402 425 424 425 426 424 398 427 428 398 376 427 427 429 430 427 430 431 427 431 428 432 427 433 434 427 432 435 427 434 436 427 435 437 427 436 438 427 437 439 427 438 440 429 427 440 439 441 440 441 442 440 442 443 440 443 444 440 444 445 440 445 446 440 446 447 440 447 448 440 448 449 440 449 450 440 450 451 440 451 452 440 452 453 440 453 454 440 454 455 440 455 456 440 456 457 440 457 458 440 458 459 440 459 460 440 460 461 440 461 462 440 462 463 440 464 465 440 465 466 440 466 467 440 467 468 440 468 469 440 469 470 440 470 471 440 471 472 440 472 473 440 473 474 440 474 475 440 475 476 440 476 477 440 477 478 440 478 479 440 479 480 440 480 481 440 481 482 440 482 483 440 483 484 440 484 485 440 485 486 440 486 487 440 487 488 440 488 489 440 489 490 440 490 491 440 491 492 440 492 493 440 493 494 440 494 495 440 495 496 440 496 497 440 497 498 440 498 499 440 499 500 440 500 501 440 501 502 440 502 503 440 503 504 440 504 429 440 427 439 505 440 463 506 440 505 507 508 440 509 440 506 510 507 440 511 440 509 512 510 440 513 440 511 514 512 440 514 440 513 515 464 440 516 515 440 517 464 515 517 518 464 519 520 521 521 522 519 520 523 521 524 525 521 521 525 522 523 526 521 524 527 525 526 528 521 524 529 527 528 530 521 524 531 529 530 532 521 532 533 521 533 534 521 534 535 521 535 536 521 536 537 521 537 538 521 538 539 521 539 540 521 540 541 521 541 542 521 543 544 545 545 544 546 546 544 547 547 544 548 548 544 549 549 544 550 550 544 551 551 544 552 552 544 553 553 544 554 554 544 555 555 544 556 556 544 557 557 544 558 558 544 559 559 544 560 560 544 561 561 544 542 542 544 521 518 517 562 562 517 563 563 517 543 543 517 544 464 518 465 465 562 466 518 562 465 466 563 467 562 563 466 563 543 467 467 543 468 543 545 468 468 545 469 545 546 469 469 546 470 546 547 470 470 547 471 547 548 471 471 548 472 548 549 472 472 549 473 549 550 473 473 550 474 550 551 474 474 551 475 551 552 475 475 552 476 552 553 476 476 553 477 553 554 477 477 554 478 554 555 478 478 555 479 555 556 479 479 556 480 556 557 480 480 557 481 481 558 482 557 558 481 482 559 483 558 559 482 483 560 484 559 560 483 484 561 485 560 561 484 485 542 486 561 542 485 486 541 487 542 541 486 487 540 488 541 540 487 488 539 489 540 539 488 489 538 490 539 538 489 490 537 491 538 537 490 491 536 492 537 536 491 536 535 492 492 535 493 535 534 493 493 534 494 534 533 494 494 533 495 533 532 495 495 532 496 532 530 496 496 530 497 530 528 497 497 528 498 528 526 498 498 526 499 526 523 499 499 523 500 523 520 500 500 520 501 520 519 501 501 519 502 519 522 502 502 522 503 522 525 503 503 525 504 525 527 504 504 527 429 527 529 429 529 531 429 429 531 430 376 378 427 427 378 433 433 379 432 378 379 433 432 380 434 379 380 432 434 381 435 380 381 434 435 382 436 381 382 435 436 383 437 382 383 436 437 384 438 383 384 437 438 385 439 384 385 438 439 386 441 385 386 439 441 387 442 386 387 441 442 388 443 387 388 442 443 389 444 388 389 443 444 390 445 389 390 444 445 391 446 390 391 445 446 392 447 391 392 446 447 393 448 392 393 447 448 394 449 393 394 448 449 395 450 394 395 449 450 396 451 395 396 450 451 397 452 396 397 451 452 401 453 453 401 454 397 401 452 401 403 454 454 403 455 455 404 456 403 404 455 456 405 457 404 405 456 457 406 458 405 406 457 458 407 459 406 407 458 459 408 460 407 408 459 408 409 460 460 409 461 409 410 461 461 410 462 410 411 462 462 411 463 411 412 463 463 412 505 412 413 505 505 413 506 413 414 506 506 414 509 414 415 509 509 415 511 415 416 511 511 416 513 416 417 513 513 417 514 417 418 514 514 418 512 418 419 512 512 419 510 510 420 507 419 420 510 507 421 508 420 421 507 508 422 440 421 422 508 422 423 440 531 524 430 430 524 431 423 516 440 423 424 516</p>
        </triangles>
      </mesh>
    </geometry>
    <geometry id="geometry_15ffddcd_6762_48ac_a5a2_6faa2a5e1fc4">
      <mesh>
        <source id="pos_2">
          <float_array id="pos_2-array" count="429">6.92500019 9.77499962 17.5 1.52499998 9.77499962 17.5 6.92500019 5.57499981 17.5 1.52499998 5.57499981 17.5 1.52499998 5.57499981 26.35000038 6.92500019 5.57499981 26.35000038 1.52499998 5.02499962 27.86111259 6.92500019 5.02499962 27.86111259 1.52499998 52.15000153 26.35000038 1.52499998 52.15000153 17.5 6.92500019 52.15000153 17.5 6.92500019 52.15000153 26.35000038 1.52499998 52.70000076 27.86111259 6.92500019 52.70000076 27.86111259 1.52499998 47.95000076 17.5 6.92500019 47.95000076 17.5 1.52499998 68.55000305 26.35000038 1.52499998 68.55000305 17.5 6.92500019 68.55000305 17.5 6.92500019 68.55000305 26.35000038 1.52499998 69.09999847 27.86111259 6.92500019 69.09999847 27.86111259 1.52499998 64.34999847 17.5 6.92500019 64.34999847 17.5 0.57499999 29.02499962 18.29999924 7.57499981 25.875 18.30000114 7.57499981 29.02499962 18.30000114 0.57499999 25.875 18.30000114 0.57499999 21.02499962 18.29999924 7.57499981 21.02499962 18.30000114 7.57499981 24.17499924 18.30000114 0.57499999 24.17499924 18.29999924 5.29977798 18.59659576 30.75697136 5.29952908 18.60644341 30.70000076 3.00047088 18.60644341 30.70000076 3.00006533 18.58670807 30.80729866 5.29994869 18.58536911 30.81370354 5.29997873 18.56831741 30.888731 3.00007915 18.56210709 30.91357422 5.29967451 18.54886055 30.96317101 3.00085235 18.53269958 31.0185833 5.29890347 18.52702332 31.03694153 3.00278759 18.49853897 31.1221447 5.29751682 18.50283051 31.10996437 5.29535151 18.47630882 31.18215179 3.0063498 18.45969963 31.22403336 5.29222965 18.44749641 31.25341797 3.01137805 18.42084312 31.3140583 5.2879591 18.41644096 31.32365227 3.01774144 18.38279724 31.39355659 5.28232956 18.3831768 31.39279747 5.2751193 18.34777641 31.46072578 3.02619362 18.3419323 31.47144699 5.26719284 18.31458092 31.5199852 3.03709435 18.29837418 31.5475502 5.26020002 18.28865051 31.56369209 3.05082297 18.2522831 31.62165451 5.25222588 18.26188278 31.60671043 5.24319172 18.23430824 31.64900208 3.06592655 18.20880508 31.68645859 5.23302126 18.20598793 31.69050407 5.22162104 18.17693901 31.73121262 3.08201861 18.16816902 31.74316025 5.20891762 18.14724159 31.77105141 3.10069966 18.12630272 31.79813385 5.19482183 18.11694908 31.80998039 3.11990643 18.08773613 31.84601021 5.17925882 18.08614731 31.84793091 5.16214609 18.05491447 31.88485336 3.13927674 18.05242729 31.88772964 5.14340878 18.02334785 31.92068481 3.16072011 18.016716 31.92803383 5.12534094 17.99510574 31.95155716 3.18433332 17.98076057 31.96683311 5.11088085 17.97384834 31.97409821 5.09563398 17.95258331 31.99607277 3.21024537 17.94467354 32.00410461 5.07956934 17.93132782 32.01748657 3.23556566 17.91228104 32.03622437 5.06267881 17.91012955 32.03831482 5.04492569 17.88900185 32.05856705 3.26002979 17.88330269 32.06394577 5.02634716 17.86804581 32.07817459 3.28608823 17.8546257 32.09048462 5.00690985 17.84727287 32.09715271 3.31376791 17.8263607 32.11581421 4.98660612 17.82672882 32.11548996 4.96545601 17.80648041 32.13315201 3.34304261 17.79865646 32.13986969 4.94344902 17.78656578 32.15013885 3.37395239 17.771595 32.16266251 4.92058229 17.76702881 32.16644287 3.4063952 17.74537849 32.18410492 4.89691734 17.74795914 32.18201828 4.87239838 17.72935295 32.19690704 3.4404068 17.72007561 32.20421982 4.84707689 17.71128845 32.21107483 3.46049929 17.70609856 32.21509171 4.82097054 17.69381142 32.22451782 3.48102021 17.69252586 32.2254982 3.50177598 17.67948341 32.23534775 4.79406929 17.67695427 32.23724365 3.52298784 17.66683769 32.24477005 4.76641703 17.66077232 32.24924088 3.54462886 17.65462112 32.25374985 4.73806238 17.64532661 32.26050186 3.56668091 17.64285088 32.26228714 4.70901394 17.63064575 32.27102661 3.58914113 17.63154411 32.27038574 3.61201 17.62071228 32.27805328 4.67931509 17.61677933 32.28081512 3.63521576 17.61039925 32.28527069 4.64903069 17.60377693 32.28985977 3.65877676 17.60060692 32.29204941 4.61812019 17.59164619 32.29818726 3.68267322 17.59134865 32.29838943 3.70689082 17.5826416 32.3042984 4.59026337 17.58166122 32.30495834 3.73139119 17.57450676 32.30976486 4.56722069 17.57406616 32.31006241 3.75618339 17.56694794 32.31480408 4.05000019 17.52499962 32.34201813 3.91189671 17.53412247 32.33620453 3.93665719 17.53113556 32.33811569 3.96802258 17.52820587 32.33998108 4.00334454 17.52603722 32.341362 4.02666521 17.52525902 32.3418541 4.54177189 17.56635284 32.31519699 3.78127718 17.55996895 32.31941605 4.5159936 17.55924988 32.31988907 3.80514479 17.55394936 32.32337189 4.49207973 17.55328751 32.32380295 3.83546352 17.54715157 32.32780075 4.4610219 17.54642487 32.32827377 3.85984087 17.54236221 32.33090591 4.43660831 17.54171562 32.33132172 3.88580322 17.53791809 32.33377075 4.41206741 17.5375843 32.33398438 4.25 17.52499962 32.34201813 4.38166714 17.53328896 32.33673859 4.35690069 17.53045654 32.33855057 4.33204508 17.52821159 32.33998108 4.29107904 17.52580452 32.34150696</float_array>
          <technique_common>
            <accessor source="#pos_2-array" count="429" stride="3">
              <param name="X" type="float"/>
              <param name="Y" type="float"/>
              <param name="Z" type="float"/>
            </accessor>
          </technique_common>
        </source>
        <source id="uvs_2">
          <float_array id="uvs_2-array" count="0"></float_array>
          <technique_common>
            <accessor source="#uvs_2-array" count="0" stride="2">
              <param name="S" type="float"/>
              <param name="T" type="float"/>
            </accessor>
          </technique_common>
        </source>
        <vertices id="vert_2">
          <input semantic="POSITION" source="#pos_2"/>
        </vertices>
        <triangles count="131" material="mat_2">
          <input semantic="VERTEX" source="#vert_2" offset="0"/>
          <p>0 1 2 1 3 2 3 4 2 2 4 5 5 4 6 7 5 6 8 9 10 8 10 11 8 11 12 11 13 12 14 15 10 9 14 10 16 17 18 16 18 19 16 19 20 19 21 20 17 22 23 17 23 18 24 25 26 24 27 25 28 29 30 31 28 30 32 33 34 32 34 35 36 32 35 37 36 35 37 35 38 39 37 38 39 38 40 41 39 40 41 40 42 43 41 42 44 43 42 44 42 45 46 44 45 46 45 47 48 46 47 48 47 49 50 48 49 51 50 49 51 49 52 53 51 52 53 52 54 55 53 54 55 54 56 57 55 56 58 57 56 58 56 59 60 58 59 61 59 62 61 60 59 63 62 64 63 61 62 65 64 66 65 63 64 67 65 66 68 67 66 68 66 69 70 69 71 70 68 69 72 71 73 72 70 71 74 72 73 75 74 73 75 73 76 77 75 76 77 76 78 79 77 78 80 79 78 80 78 81 82 80 81 82 81 83 84 82 83 84 83 85 86 84 85 87 86 85 87 85 88 89 87 88 89 88 90 91 89 90 91 90 92 93 91 92 94 93 92 94 92 95 96 94 95 96 95 97 98 96 97 98 97 99 98 99 100 101 98 100 101 100 102 103 101 102 103 102 104 105 103 104 105 104 106 107 105 106 107 106 108 107 108 109 110 107 109 110 109 111 112 110 111 112 111 113 114 112 113 114 113 115 114 115 116 117 114 116 117 116 118 119 117 118 119 118 120 121 122 123 121 123 124 121 124 125 121 125 126 127 119 120 127 120 128 129 128 130 129 127 128 131 130 132 131 129 130 133 131 132 133 132 134 135 134 136 135 133 134 137 136 122 137 121 138 137 135 136 137 122 121 139 137 138 140 139 138 141 138 142 141 140 138</p>
        </triangles>
      </mesh>
    </geometry>
  </library_geometries>
  <library_visual_scenes>
    <visual_scene id="DefaultScene">
      <node id="node_428a1dc7_63fb_4ffd_bc47_d38f8e079382" type="NODE">
        <matrix>1 0 0 0 0 1 0 0 0 0 1 0 0 0 0 1</matrix>
        <node id="node_0e874aeb_f723_4cfb_848b_a1677e0cc9d0" type="NODE">
          <matrix>1 0 0 0 0 1 0 0 0 0 1 0 0 0 0 1</matrix>
          <node id="node_0e874aeb_f723_4cfb_848b_a1677e0cc9d0_mesh0" type="NODE">
            <matrix>1 0 0 0 0 1 0 0 0 0 1 0 0 0 0 1</matrix>
            <instance_geometry url="#geometry_ac28e527_d83e_45e7_9844_da129b758253">
              <bind_material>
                <technique_common>
                  <instance_material symbol="mat_0" target="#mat_0"/>
                </technique_common>
              </bind_material>
            </instance_geometry>
          </node>
          <node id="node_0e874aeb_f723_4cfb_848b_a1677e0cc9d0_mesh1" type="NODE">
            <matrix>1 0 0 0 0 1 0 0 0 0 1 0 0 0 0 1</matrix>
            <instance_geometry url="#geometry_572cf98a_94f8_4158_8c45_772dd04752ea">
              <bind_material>
                <technique_common>
                  <instance_material symbol="mat_1" target="#mat_1"/>
                </technique_common>
              </bind_material>
            </instance_geometry>
          </node>
          <node id="node_0e874aeb_f723_4cfb_848b_a1677e0cc9d0_mesh2" type="NODE">
            <matrix>1 0 0 0 0 1 0 0 0 0 1 0 0 0 0 1</matrix>
            <instance_geometry url="#geometry_15ffddcd_6762_48ac_a5a2_6faa2a5e1fc4">
              <bind_material>
                <technique_common>
                  <instance_material symbol="mat_2" target="#mat_2"/>
                </technique_common>
              </bind_material>
            </instance_geometry>
          </node>
        </node>
      </node>
    </visual_scene>
  </library_visual_scenes>
  <scene>
    <instance_visual_scene url="#DefaultScene"/>
  </scene>
</COLLADA>
